Date,Open,High,Low,Close,Adj Close,Volume,Dividends,Stock Splits
2010-09-01 00:00:00-04:00,50.61000061035156,50.84000015258789,50.34000015258789,50.4900016784668,28.378684997558594,1038100,0.0,0.0
2010-09-02 00:00:00-04:00,50.34000015258789,50.58000183105469,50.31999969482422,50.540000915527344,28.406780242919922,458400,0.0,0.0
2010-09-03 00:00:00-04:00,51.20000076293945,51.2599983215332,50.91999816894531,51.2400016784668,28.800235748291016,660800,0.0,0.0
2010-09-07 00:00:00-04:00,51.150001525878906,51.189998626708984,50.939998626708984,51.0099983215332,28.67095375061035,875800,0.0,0.0
2010-09-08 00:00:00-04:00,51.54999923706055,51.88999938964844,51.25,51.279998779296875,28.822711944580078,1167000,0.0,0.0
2010-09-09 00:00:00-04:00,51.52000045776367,51.619998931884766,51.29999923706055,51.43000030517578,28.907014846801758,717700,0.0,0.0
2010-09-10 00:00:00-04:00,51.959999084472656,52.0,51.72999954223633,51.779998779296875,29.103744506835938,851700,0.0,0.0
2010-09-13 00:00:00-04:00,52.029998779296875,52.029998779296875,51.630001068115234,51.84000015258789,29.137470245361328,986200,0.0,0.0
2010-09-14 00:00:00-04:00,52.16999816894531,52.619998931884766,52.040000915527344,52.47999954223633,29.497194290161133,967800,0.0,0.0
2010-09-15 00:00:00-04:00,51.93000030517578,52.470001220703125,51.81999969482422,52.400001525878906,29.452220916748047,941900,0.0,0.0
2010-09-16 00:00:00-04:00,52.41999816894531,52.54999923706055,52.209999084472656,52.439998626708984,29.474700927734375,594600,0.0,0.0
2010-09-17 00:00:00-04:00,52.38999938964844,52.47999954223633,51.939998626708984,52.04999923706055,29.25550079345703,799700,0.0,0.0
2010-09-20 00:00:00-04:00,51.83000183105469,52.36000061035156,51.810001373291016,52.290000915527344,29.39039421081543,946700,0.0,0.0
2010-09-21 00:00:00-04:00,52.119998931884766,52.560001373291016,52.02000045776367,52.349998474121094,29.424121856689453,1087200,0.0,0.0
2010-09-22 00:00:00-04:00,52.380001068115234,52.689998626708984,52.2599983215332,52.369998931884766,29.43536376953125,776300,0.0,0.0
2010-09-23 00:00:00-04:00,51.540000915527344,52.06999969482422,51.470001220703125,51.709999084472656,29.064395904541016,1119600,0.0,0.0
2010-09-24 00:00:00-04:00,52.459999084472656,52.779998779296875,52.369998931884766,52.689998626708984,29.615217208862305,592600,0.0,0.0
2010-09-27 00:00:00-04:00,52.15999984741211,52.20000076293945,51.81999969482422,52.040000915527344,29.249881744384766,647000,0.0,0.0
2010-09-28 00:00:00-04:00,51.86000061035156,52.16999816894531,51.43000030517578,52.02000045776367,29.23863983154297,1229000,0.0,0.0
2010-09-29 00:00:00-04:00,51.29999923706055,51.43000030517578,51.06999969482422,51.220001220703125,28.788986206054688,991200,0.0,0.0
2010-09-30 00:00:00-04:00,51.5,51.7400016784668,50.70000076293945,50.70000076293945,28.496721267700195,1511600,0.0,0.0
2010-10-01 00:00:00-04:00,51.150001525878906,51.27000045776367,50.790000915527344,50.9900016784668,28.65971565246582,1279100,0.0,0.0
2010-10-04 00:00:00-04:00,50.88999938964844,51.130001068115234,50.7599983215332,50.90999984741211,28.614742279052734,831300,0.0,0.0
2010-10-05 00:00:00-04:00,51.36000061035156,51.81999969482422,51.29999923706055,51.650001525878906,29.03067398071289,950300,0.0,0.0
2010-10-06 00:00:00-04:00,51.150001525878906,51.54999923706055,51.13999938964844,51.4900016784668,28.94074249267578,763200,0.0,0.0
2010-10-07 00:00:00-04:00,52.209999084472656,52.25,51.790000915527344,51.900001525878906,29.17119026184082,843400,0.0,0.0
2010-10-08 00:00:00-04:00,52.040000915527344,52.29999923706055,51.88999938964844,52.2400016784668,29.3622989654541,637600,0.0,0.0
2010-10-11 00:00:00-04:00,52.5099983215332,52.599998474121094,52.220001220703125,52.34000015258789,29.418498992919922,521500,0.0,0.0
2010-10-12 00:00:00-04:00,52.279998779296875,52.66999816894531,52.0,52.599998474121094,29.564632415771484,1144900,0.0,0.0
2010-10-13 00:00:00-04:00,52.880001068115234,53.060001373291016,52.7400016784668,52.88999938964844,29.727638244628906,941700,0.0,0.0
2010-10-14 00:00:00-04:00,53.13999938964844,53.439998626708984,53.060001373291016,53.2599983215332,29.935604095458984,1085800,0.0,0.0
2010-10-15 00:00:00-04:00,53.40999984741211,53.459999084472656,52.790000915527344,53.189998626708984,29.896249771118164,877800,0.0,0.0
2010-10-18 00:00:00-04:00,53.22999954223633,53.5,53.150001525878906,53.5,30.07049560546875,658400,0.0,0.0
2010-10-19 00:00:00-04:00,52.09000015258789,52.40999984741211,51.470001220703125,51.75,29.086875915527344,1282600,0.0,0.0
2010-10-20 00:00:00-04:00,52.06999969482422,52.90999984741211,52.04999923706055,52.77000045776367,29.660186767578125,1036300,0.0,0.0
2010-10-21 00:00:00-04:00,52.27000045776367,52.34000015258789,51.65999984741211,52.11000061035156,29.28922462463379,1140500,0.0,0.0
2010-10-22 00:00:00-04:00,51.54999923706055,52.2400016784668,51.4900016784668,52.119998931884766,29.294836044311523,1296000,0.0,0.0
2010-10-25 00:00:00-04:00,52.04999923706055,52.33000183105469,51.90999984741211,52.04999923706055,29.25550079345703,1589800,0.0,0.0
2010-10-26 00:00:00-04:00,51.619998931884766,51.95000076293945,51.560001373291016,51.90999984741211,29.176816940307617,618100,0.0,0.0
2010-10-27 00:00:00-04:00,51.560001373291016,51.720001220703125,50.75,50.93000030517578,28.6259822845459,1499100,0.0,0.0
2010-10-28 00:00:00-04:00,50.13999938964844,50.439998626708984,49.849998474121094,50.43000030517578,28.344959259033203,1940700,0.0,0.0
2010-10-29 00:00:00-04:00,50.13999938964844,50.47999954223633,50.04999923706055,50.459999084472656,28.36181640625,1560300,0.0,0.0
2010-11-01 00:00:00-04:00,49.95000076293945,50.220001220703125,49.66999816894531,49.95000076293945,28.075159072875977,1383300,0.0,0.0
2010-11-02 00:00:00-04:00,50.349998474121094,50.439998626708984,50.11000061035156,50.25,28.243776321411133,932900,0.0,0.0
2010-11-03 00:00:00-04:00,50.189998626708984,50.36000061035156,49.81999969482422,50.34000015258789,28.29436683654785,940600,0.0,0.0
2010-11-04 00:00:00-04:00,50.529998779296875,50.689998626708984,49.81999969482422,50.04999923706055,28.13136863708496,1565700,0.0,0.0
2010-11-05 00:00:00-04:00,50.29999923706055,50.29999923706055,49.869998931884766,50.099998474121094,28.159469604492188,1068100,0.0,0.0
2010-11-08 00:00:00-05:00,49.790000915527344,49.869998931884766,49.63999938964844,49.689998626708984,27.929027557373047,723600,0.0,0.0
2010-11-09 00:00:00-05:00,50.09000015258789,50.220001220703125,49.41999816894531,49.560001373291016,27.855966567993164,808400,0.0,0.0
2010-11-10 00:00:00-05:00,49.459999084472656,49.59000015258789,49.02000045776367,49.58000183105469,27.867197036743164,867100,0.0,0.0
2010-11-11 00:00:00-05:00,49.20000076293945,49.2400016784668,48.88999938964844,49.09000015258789,27.591794967651367,748600,0.0,0.0
2010-11-12 00:00:00-05:00,49.040000915527344,49.29999923706055,48.880001068115234,49.040000915527344,27.563678741455078,824000,0.0,0.0
2010-11-15 00:00:00-05:00,48.560001373291016,48.880001068115234,48.27000045776367,48.45000076293945,27.23206329345703,1313000,0.0,0.0
2010-11-16 00:00:00-05:00,48.709999084472656,48.779998779296875,47.959999084472656,48.18000030517578,27.080310821533203,1710000,0.0,0.0
2010-11-17 00:00:00-05:00,48.560001373291016,48.66999816894531,48.15999984741211,48.25,27.119647979736328,843100,0.0,0.0
2010-11-18 00:00:00-05:00,48.79999923706055,49.2599983215332,48.709999084472656,49.220001220703125,27.664859771728516,1336000,0.0,0.0
2010-11-19 00:00:00-05:00,48.97999954223633,48.97999954223633,48.619998931884766,48.900001525878906,27.484994888305664,1163800,0.0,0.0
2010-11-22 00:00:00-05:00,48.93000030517578,49.060001373291016,48.369998931884766,48.9900016784668,27.535579681396484,847200,0.0,0.0
2010-11-23 00:00:00-05:00,47.97999954223633,48.13999938964844,47.529998779296875,47.63999938964844,26.776792526245117,1865700,0.0,0.0
2010-11-24 00:00:00-05:00,47.900001525878906,48.310001373291016,47.869998931884766,48.310001373291016,27.15338134765625,1045700,0.0,0.0
2010-11-26 00:00:00-05:00,47.869998931884766,48.2400016784668,47.84000015258789,48.0099983215332,26.984758377075195,553900,0.0,0.0
2010-11-29 00:00:00-05:00,47.34000015258789,47.70000076293945,47.09000015258789,47.599998474121094,26.754314422607422,1870800,0.0,0.0
2010-11-30 00:00:00-05:00,46.619998931884766,47.209999084472656,46.619998931884766,46.93000030517578,26.377717971801758,2637300,0.0,0.0
2010-12-01 00:00:00-05:00,47.45000076293945,47.630001068115234,47.310001373291016,47.59000015258789,26.748693466186523,1127800,0.0,0.0
2010-12-02 00:00:00-05:00,47.22999954223633,47.9900016784668,47.220001220703125,47.9900016784668,26.973520278930664,981900,0.0,0.0
2010-12-03 00:00:00-05:00,47.86000061035156,48.279998779296875,47.84000015258789,48.22999954223633,27.108407974243164,834600,0.0,0.0
2010-12-06 00:00:00-05:00,47.75,47.88999938964844,47.540000915527344,47.709999084472656,26.816133499145508,1185900,0.0,0.0
2010-12-07 00:00:00-05:00,48.2400016784668,48.2599983215332,47.84000015258789,47.869998931884766,26.90606689453125,1455500,0.0,0.0
2010-12-08 00:00:00-05:00,48.029998779296875,48.220001220703125,47.83000183105469,48.130001068115234,27.052202224731445,1225400,0.0,0.0
2010-12-09 00:00:00-05:00,47.869998931884766,47.93000030517578,47.5,47.66999816894531,26.79365348815918,1055200,0.0,0.0
2010-12-10 00:00:00-05:00,47.7400016784668,47.900001525878906,47.540000915527344,47.790000915527344,26.86110496520996,814800,0.0,0.0
2010-12-13 00:00:00-05:00,48.11000061035156,48.95000076293945,48.060001373291016,48.779998779296875,27.41754150390625,1371200,0.0,0.0
2010-12-14 00:00:00-05:00,48.779998779296875,49.220001220703125,48.68000030517578,49.15999984741211,27.63112449645996,851500,0.0,0.0
2010-12-15 00:00:00-05:00,48.91999816894531,49.560001373291016,48.91999816894531,49.279998779296875,27.698577880859375,1593600,0.0,0.0
2010-12-16 00:00:00-05:00,49.400001525878906,49.529998779296875,49.099998474121094,49.22999954223633,27.670469284057617,1128900,0.0,0.0
2010-12-17 00:00:00-05:00,46.56999969482422,46.599998474121094,45.5,46.380001068115234,26.068593978881836,5212500,0.0,0.0
2010-12-20 00:00:00-05:00,46.060001373291016,46.130001068115234,45.70000076293945,45.95000076293945,25.8268985748291,1999300,0.0,0.0
2010-12-21 00:00:00-05:00,45.849998474121094,45.93000030517578,45.7400016784668,45.91999816894531,25.81004524230957,1104400,0.0,0.0
2010-12-22 00:00:00-05:00,45.66999816894531,45.79999923706055,45.59000015258789,45.79999923706055,25.742591857910156,584000,0.0,0.0
2010-12-23 00:00:00-05:00,45.95000076293945,46.25,45.91999816894531,46.029998779296875,25.871864318847656,969700,0.0,0.0
2010-12-27 00:00:00-05:00,46.02000045776367,46.08000183105469,45.900001525878906,46.029998779296875,25.871864318847656,514600,0.0,0.0
2010-12-28 00:00:00-05:00,46.029998779296875,46.060001373291016,45.7400016784668,45.939998626708984,25.821279525756836,511700,0.0,0.0
2010-12-29 00:00:00-05:00,45.91999816894531,46.310001373291016,45.90999984741211,46.18000030517578,25.956178665161133,1090800,0.0,0.0
2010-12-30 00:00:00-05:00,46.060001373291016,46.34000015258789,45.83000183105469,46.060001373291016,25.888734817504883,1007900,0.0,0.0
2010-12-31 00:00:00-05:00,46.0099983215332,46.349998474121094,46.0099983215332,46.189998626708984,25.961795806884766,374200,0.0,0.0
2011-01-03 00:00:00-05:00,46.439998626708984,46.779998779296875,46.31999969482422,46.36000061035156,26.057336807250977,714400,0.0,0.0
2011-01-04 00:00:00-05:00,46.79999923706055,46.939998626708984,46.650001525878906,46.81999969482422,26.31590461730957,961200,0.0,0.0
2011-01-05 00:00:00-05:00,46.59000015258789,47.29999923706055,46.540000915527344,47.279998779296875,26.574451446533203,2108800,0.0,0.0
2011-01-06 00:00:00-05:00,47.209999084472656,47.31999969482422,46.9900016784668,47.2400016784668,26.551971435546875,1488400,0.0,0.0
2011-01-07 00:00:00-05:00,46.939998626708984,47.0,46.630001068115234,46.95000076293945,26.388967514038086,1459300,0.0,0.0
2011-01-10 00:00:00-05:00,46.459999084472656,46.540000915527344,46.2599983215332,46.380001068115234,26.068593978881836,1070200,0.0,0.0
2011-01-11 00:00:00-05:00,47.029998779296875,47.15999984741211,46.72999954223633,47.130001068115234,26.49013900756836,1018400,0.0,0.0
2011-01-12 00:00:00-05:00,47.36000061035156,47.70000076293945,47.18000030517578,47.599998474121094,26.754314422607422,938000,0.0,0.0
2011-01-13 00:00:00-05:00,47.79999923706055,47.79999923706055,47.459999084472656,47.599998474121094,26.754314422607422,1104700,0.0,0.0
2011-01-14 00:00:00-05:00,47.40999984741211,47.630001068115234,47.38999938964844,47.52000045776367,26.709341049194336,828000,0.0,0.0
2011-01-18 00:00:00-05:00,47.779998779296875,48.189998626708984,47.7599983215332,48.099998474121094,27.035341262817383,1519600,0.0,0.0
2011-01-19 00:00:00-05:00,48.150001525878906,48.2599983215332,47.560001373291016,47.7599983215332,26.84423828125,969800,0.0,0.0
2011-01-20 00:00:00-05:00,47.09000015258789,47.290000915527344,46.5099983215332,46.88999938964844,26.35524559020996,1296400,0.0,0.0
2011-01-21 00:00:00-05:00,47.5,48.150001525878906,47.369998931884766,48.099998474121094,27.035341262817383,2228800,0.0,0.0
2011-01-24 00:00:00-05:00,48.27000045776367,48.790000915527344,48.2599983215332,48.790000915527344,27.42316436767578,1347300,0.0,0.0
2011-01-25 00:00:00-05:00,47.97999954223633,48.22999954223633,47.849998474121094,48.150001525878906,27.06344223022461,1150500,0.0,0.0
2011-01-26 00:00:00-05:00,48.83000183105469,48.959999084472656,48.560001373291016,48.59000015258789,27.31075096130371,1307100,0.0,0.0
2011-01-27 00:00:00-05:00,49.58000183105469,49.63999938964844,48.189998626708984,48.47999954223633,27.248929977416992,2622900,0.0,0.0
2011-01-28 00:00:00-05:00,48.650001525878906,48.790000915527344,47.95000076293945,48.2599983215332,27.125267028808594,2090400,0.0,0.0
2011-01-31 00:00:00-05:00,48.47999954223633,48.97999954223633,48.369998931884766,48.900001525878906,27.484994888305664,2039500,0.0,0.0
2011-02-01 00:00:00-05:00,49.029998779296875,49.279998779296875,48.880001068115234,49.2400016784668,27.676101684570312,1207000,0.0,0.0
2011-02-02 00:00:00-05:00,47.779998779296875,47.880001068115234,47.58000183105469,47.709999084472656,27.862977981567383,1057200,1.85,0.0
2011-02-03 00:00:00-05:00,48.11000061035156,48.27000045776367,47.7599983215332,47.939998626708984,27.99730110168457,2185100,0.0,0.0
2011-02-04 00:00:00-05:00,47.439998626708984,47.560001373291016,47.20000076293945,47.560001373291016,27.775381088256836,1165100,0.0,0.0
2011-02-07 00:00:00-05:00,47.59000015258789,48.02000045776367,47.560001373291016,48.0,28.032346725463867,1111600,0.0,0.0
2011-02-08 00:00:00-05:00,48.2400016784668,48.83000183105469,48.130001068115234,48.54999923706055,28.353546142578125,4133000,0.0,0.0
2011-02-09 00:00:00-05:00,48.72999954223633,49.040000915527344,48.68000030517578,48.79999923706055,28.49954605102539,1591400,0.0,0.0
2011-02-10 00:00:00-05:00,48.470001220703125,49.04999923706055,48.400001525878906,48.84000015258789,28.522911071777344,1291900,0.0,0.0
2011-02-11 00:00:00-05:00,48.40999984741211,48.66999816894531,48.29999923706055,48.470001220703125,28.306821823120117,856200,0.0,0.0
2011-02-14 00:00:00-05:00,48.34000015258789,48.459999084472656,48.119998931884766,48.369998931884766,28.248422622680664,653200,0.0,0.0
2011-02-15 00:00:00-05:00,48.540000915527344,48.880001068115234,48.470001220703125,48.84000015258789,28.522911071777344,779400,0.0,0.0
2011-02-16 00:00:00-05:00,48.810001373291016,49.2400016784668,48.7599983215332,49.16999816894531,28.71563148498535,1234600,0.0,0.0
2011-02-17 00:00:00-05:00,48.869998931884766,49.2400016784668,48.79999923706055,49.220001220703125,28.744831085205078,742200,0.0,0.0
2011-02-18 00:00:00-05:00,49.2599983215332,49.43000030517578,49.04999923706055,49.380001068115234,28.838279724121094,737900,0.0,0.0
2011-02-22 00:00:00-05:00,48.619998931884766,48.97999954223633,48.33000183105469,48.380001068115234,28.254268646240234,1094900,0.0,0.0
2011-02-23 00:00:00-05:00,48.439998626708984,48.689998626708984,48.189998626708984,48.22999954223633,28.166662216186523,1024600,0.0,0.0
2011-02-24 00:00:00-05:00,47.689998626708984,47.939998626708984,47.470001220703125,47.90999984741211,27.97978401184082,1478200,0.0,0.0
2011-02-25 00:00:00-05:00,47.709999084472656,48.130001068115234,47.4900016784668,48.09000015258789,28.084897994995117,973500,0.0,0.0
2011-02-28 00:00:00-05:00,48.70000076293945,49.18000030517578,48.66999816894531,49.16999816894531,28.71563148498535,1057200,0.0,0.0
2011-03-01 00:00:00-05:00,48.77000045776367,49.0,48.369998931884766,48.43000030517578,28.28346061706543,1375600,0.0,0.0
2011-03-02 00:00:00-05:00,48.150001525878906,48.5099983215332,48.150001525878906,48.5099983215332,28.33018684387207,993000,0.0,0.0
2011-03-03 00:00:00-05:00,48.36000061035156,48.619998931884766,48.22999954223633,48.5,28.3243408203125,735800,0.0,0.0
2011-03-04 00:00:00-05:00,48.88999938964844,49.040000915527344,48.41999816894531,48.81999969482422,28.511219024658203,752700,0.0,0.0
2011-03-07 00:00:00-05:00,48.86000061035156,48.869998931884766,48.20000076293945,48.290000915527344,28.20170783996582,881100,0.0,0.0
2011-03-08 00:00:00-05:00,47.93000030517578,48.130001068115234,47.779998779296875,47.970001220703125,28.014820098876953,929400,0.0,0.0
2011-03-09 00:00:00-05:00,48.33000183105469,48.38999938964844,48.11000061035156,48.25,28.1783447265625,1297800,0.0,0.0
2011-03-10 00:00:00-05:00,47.939998626708984,48.13999938964844,47.79999923706055,47.869998931884766,27.956422805786133,1182100,0.0,0.0
2011-03-11 00:00:00-05:00,47.34000015258789,47.900001525878906,47.25,47.709999084472656,27.862977981567383,1010300,0.0,0.0
2011-03-14 00:00:00-04:00,47.38999938964844,47.38999938964844,47.0099983215332,47.310001373291016,27.629383087158203,1789000,0.0,0.0
2011-03-15 00:00:00-04:00,45.59000015258789,46.529998779296875,45.540000915527344,46.33000183105469,27.057056427001953,2369300,0.0,0.0
2011-03-16 00:00:00-04:00,45.720001220703125,45.90999984741211,44.97999954223633,45.400001525878906,26.513919830322266,4461800,0.0,0.0
2011-03-17 00:00:00-04:00,45.65999984741211,46.150001525878906,45.630001068115234,45.9900016784668,26.858491897583008,2214900,0.0,0.0
2011-03-18 00:00:00-04:00,46.11000061035156,46.2400016784668,45.93000030517578,45.9900016784668,26.858491897583008,2013900,0.0,0.0
2011-03-21 00:00:00-04:00,46.58000183105469,46.79999923706055,46.40999984741211,46.709999084472656,27.278976440429688,850400,0.0,0.0
2011-03-22 00:00:00-04:00,46.959999084472656,47.0,46.630001068115234,46.720001220703125,27.284814834594727,901400,0.0,0.0
2011-03-23 00:00:00-04:00,46.119998931884766,46.2599983215332,45.88999938964844,46.220001220703125,26.99281120300293,1629600,0.0,0.0
2011-03-24 00:00:00-04:00,45.95000076293945,46.290000915527344,45.86000061035156,46.16999816894531,26.96360969543457,780800,0.0,0.0
2011-03-25 00:00:00-04:00,46.02000045776367,46.369998931884766,45.900001525878906,46.13999938964844,26.946088790893555,776400,0.0,0.0
2011-03-28 00:00:00-04:00,46.310001373291016,46.43000030517578,45.79999923706055,45.84000015258789,26.77088737487793,1914400,0.0,0.0
2011-03-29 00:00:00-04:00,45.630001068115234,46.09000015258789,45.61000061035156,45.93000030517578,26.823453903198242,1816000,0.0,0.0
2011-03-30 00:00:00-04:00,46.29999923706055,46.72999954223633,46.25,46.58000183105469,27.20305824279785,1182600,0.0,0.0
2011-03-31 00:00:00-04:00,46.619998931884766,46.709999084472656,46.06999969482422,46.119998931884766,26.93440818786621,1122900,0.0,0.0
2011-04-01 00:00:00-04:00,46.310001373291016,46.720001220703125,46.150001525878906,46.599998474121094,27.214723587036133,925300,0.0,0.0
2011-04-04 00:00:00-04:00,46.97999954223633,47.02000045776367,46.790000915527344,46.900001525878906,27.38994026184082,743300,0.0,0.0
2011-04-05 00:00:00-04:00,47.099998474121094,47.4900016784668,47.09000015258789,47.459999084472656,27.71697235107422,893500,0.0,0.0
2011-04-06 00:00:00-04:00,47.81999969482422,48.029998779296875,47.779998779296875,47.880001068115234,27.962263107299805,1164600,0.0,0.0
2011-04-07 00:00:00-04:00,48.09000015258789,48.29999923706055,47.86000061035156,47.95000076293945,28.003145217895508,1393400,0.0,0.0
2011-04-08 00:00:00-04:00,48.540000915527344,48.54999923706055,48.150001525878906,48.2599983215332,28.184179306030273,915100,0.0,0.0
2011-04-11 00:00:00-04:00,48.650001525878906,48.959999084472656,48.58000183105469,48.66999816894531,28.42362403869629,1208300,0.0,0.0
2011-04-12 00:00:00-04:00,49.0,49.0099983215332,48.59000015258789,48.66999816894531,28.42362403869629,1938100,0.0,0.0
2011-04-13 00:00:00-04:00,49.04999923706055,49.2400016784668,48.91999816894531,49.04999923706055,28.645551681518555,2124800,0.0,0.0
2011-04-14 00:00:00-04:00,48.88999938964844,49.130001068115234,48.79999923706055,49.0,28.616352081298828,1184800,0.0,0.0
2011-04-15 00:00:00-04:00,49.36000061035156,49.5,49.20000076293945,49.34000015258789,28.814903259277344,841100,0.0,0.0
2011-04-18 00:00:00-04:00,48.66999816894531,48.689998626708984,48.0,48.40999984741211,28.271785736083984,924900,0.0,0.0
2011-04-19 00:00:00-04:00,48.61000061035156,48.86000061035156,48.47999954223633,48.81999969482422,28.511219024658203,678300,0.0,0.0
2011-04-20 00:00:00-04:00,49.91999816894531,49.970001220703125,49.61000061035156,49.75,29.054351806640625,1473200,0.0,0.0
2011-04-21 00:00:00-04:00,50.20000076293945,50.33000183105469,49.810001373291016,49.93000030517578,29.159473419189453,1513400,0.0,0.0
2011-04-25 00:00:00-04:00,49.880001068115234,49.91999816894531,49.70000076293945,49.880001068115234,29.130271911621094,711100,0.0,0.0
2011-04-26 00:00:00-04:00,50.189998626708984,50.63999938964844,50.08000183105469,50.630001068115234,29.568283081054688,1300000,0.0,0.0
2011-04-27 00:00:00-04:00,51.13999938964844,51.72999954223633,51.0,51.619998931884766,30.146451950073242,2465800,0.0,0.0
2011-04-28 00:00:00-04:00,49.900001525878906,50.040000915527344,49.400001525878906,49.900001525878906,29.14196014404297,2744900,0.0,0.0
2011-04-29 00:00:00-04:00,49.650001525878906,49.90999984741211,49.560001373291016,49.83000183105469,29.101064682006836,2029500,0.0,0.0
2011-05-02 00:00:00-04:00,50.04999923706055,50.7400016784668,49.90999984741211,50.31999969482422,29.387235641479492,1527800,0.0,0.0
2011-05-03 00:00:00-04:00,50.38999938964844,50.779998779296875,50.349998474121094,50.38999938964844,29.428115844726562,1117700,0.0,0.0
2011-05-04 00:00:00-04:00,51.150001525878906,51.2400016784668,50.66999816894531,50.869998931884766,29.70844078063965,1484200,0.0,0.0
2011-05-05 00:00:00-04:00,50.58000183105469,50.939998626708984,50.2599983215332,50.45000076293945,29.463159561157227,1158600,0.0,0.0
2011-05-06 00:00:00-04:00,50.81999969482422,51.040000915527344,50.380001068115234,50.54999923706055,29.521560668945312,1189200,0.0,0.0
2011-05-09 00:00:00-04:00,50.540000915527344,50.9900016784668,50.470001220703125,50.900001525878906,29.72595977783203,981600,0.0,0.0
2011-05-10 00:00:00-04:00,51.220001220703125,51.470001220703125,51.09000015258789,51.380001068115234,30.006282806396484,979100,0.0,0.0
2011-05-11 00:00:00-04:00,51.619998931884766,51.91999816894531,51.439998626708984,51.88999938964844,30.304126739501953,2171200,0.0,0.0
2011-05-12 00:00:00-04:00,51.720001220703125,52.209999084472656,51.58000183105469,52.119998931884766,30.438451766967773,2253700,0.0,0.0
2011-05-13 00:00:00-04:00,52.08000183105469,52.13999938964844,51.529998779296875,51.79999923706055,30.251571655273438,929800,0.0,0.0
2011-05-16 00:00:00-04:00,51.5099983215332,51.97999954223633,51.47999954223633,51.59000015258789,30.12893295288086,894100,0.0,0.0
2011-05-17 00:00:00-04:00,51.41999816894531,51.58000183105469,51.13999938964844,51.4900016784668,30.070526123046875,1299600,0.0,0.0
2011-05-18 00:00:00-04:00,51.369998931884766,51.869998931884766,51.29999923706055,51.689998626708984,30.18732452392578,994400,0.0,0.0
2011-05-19 00:00:00-04:00,51.650001525878906,52.02000045776367,51.54999923706055,51.9900016784668,30.36253547668457,985500,0.0,0.0
2011-05-20 00:00:00-04:00,51.790000915527344,51.869998931884766,51.459999084472656,51.560001373291016,30.111400604248047,728500,0.0,0.0
2011-05-23 00:00:00-04:00,50.720001220703125,50.7599983215332,50.349998474121094,50.5,29.492359161376953,1169000,0.0,0.0
2011-05-24 00:00:00-04:00,50.599998474121094,50.86000061035156,50.47999954223633,50.75,29.638351440429688,929400,0.0,0.0
2011-05-25 00:00:00-04:00,50.88999938964844,51.43000030517578,50.88999938964844,51.38999938964844,30.012130737304688,1002100,0.0,0.0
2011-05-26 00:00:00-04:00,51.52000045776367,51.75,51.349998474121094,51.66999816894531,30.17564582824707,845100,0.0,0.0
2011-05-27 00:00:00-04:00,51.970001220703125,52.040000915527344,51.83000183105469,51.91999816894531,30.32164764404297,915700,0.0,0.0
2011-05-31 00:00:00-04:00,52.40999984741211,52.540000915527344,52.130001068115234,52.400001525878906,30.601974487304688,1260900,0.0,0.0
2011-06-01 00:00:00-04:00,52.41999816894531,52.459999084472656,51.59000015258789,51.630001068115234,30.15229034423828,1032900,0.0,0.0
2011-06-02 00:00:00-04:00,51.52000045776367,51.599998474121094,50.97999954223633,51.2400016784668,29.924530029296875,1073400,0.0,0.0
2011-06-03 00:00:00-04:00,50.95000076293945,51.36000061035156,50.900001525878906,51.2400016784668,29.924530029296875,807700,0.0,0.0
2011-06-06 00:00:00-04:00,51.66999816894531,51.7400016784668,51.380001068115234,51.43000030517578,30.03548240661621,1019600,0.0,0.0
2011-06-07 00:00:00-04:00,52.13999938964844,52.470001220703125,52.09000015258789,52.119998931884766,30.438451766967773,1145300,0.0,0.0
2011-06-08 00:00:00-04:00,52.18000030517578,52.29999923706055,51.59000015258789,51.65999984741211,30.169801712036133,1497800,0.0,0.0
2011-06-09 00:00:00-04:00,51.959999084472656,52.16999816894531,51.81999969482422,51.939998626708984,30.333322525024414,797800,0.0,0.0
2011-06-10 00:00:00-04:00,51.08000183105469,51.099998474121094,50.209999084472656,50.279998779296875,29.363874435424805,1546200,0.0,0.0
2011-06-13 00:00:00-04:00,50.5099983215332,50.720001220703125,50.40999984741211,50.5099983215332,29.498199462890625,898900,0.0,0.0
2011-06-14 00:00:00-04:00,51.29999923706055,51.599998474121094,51.25,51.369998931884766,30.00044059753418,930300,0.0,0.0
2011-06-15 00:00:00-04:00,50.400001525878906,50.56999969482422,49.880001068115234,49.970001220703125,29.18284034729004,1201900,0.0,0.0
2011-06-16 00:00:00-04:00,48.869998931884766,49.220001220703125,48.709999084472656,48.93000030517578,28.575469970703125,1539500,0.0,0.0
2011-06-17 00:00:00-04:00,49.40999984741211,49.47999954223633,49.15999984741211,49.27000045776367,28.774028778076172,1066800,0.0,0.0
2011-06-20 00:00:00-04:00,49.220001220703125,49.380001068115234,49.09000015258789,49.27000045776367,28.774028778076172,945600,0.0,0.0
2011-06-21 00:00:00-04:00,49.119998931884766,49.349998474121094,49.09000015258789,49.16999816894531,28.71563148498535,1800900,0.0,0.0
2011-06-22 00:00:00-04:00,49.040000915527344,49.619998931884766,49.0099983215332,49.189998626708984,28.727304458618164,1270000,0.0,0.0
2011-06-23 00:00:00-04:00,48.56999969482422,48.939998626708984,48.25,48.88999938964844,28.552108764648438,1945000,0.0,0.0
2011-06-24 00:00:00-04:00,49.13999938964844,49.2599983215332,48.689998626708984,49.0,28.616352081298828,1224100,0.0,0.0
2011-06-27 00:00:00-04:00,48.16999816894531,48.7599983215332,48.16999816894531,48.560001373291016,28.359384536743164,1011200,0.0,0.0
2011-06-28 00:00:00-04:00,48.56999969482422,49.0,48.5099983215332,48.93000030517578,28.575469970703125,1266500,0.0,0.0
2011-06-29 00:00:00-04:00,49.58000183105469,49.79999923706055,49.349998474121094,49.5,28.908353805541992,2018800,0.0,0.0
2011-06-30 00:00:00-04:00,49.459999084472656,50.15999984741211,49.439998626708984,50.06999969482422,29.241241455078125,2390100,0.0,0.0
2011-07-01 00:00:00-04:00,49.90999984741211,50.52000045776367,49.86000061035156,50.45000076293945,29.463159561157227,844000,0.0,0.0
2011-07-05 00:00:00-04:00,50.91999816894531,51.18000030517578,50.79999923706055,51.08000183105469,29.831087112426758,1883800,0.0,0.0
2011-07-06 00:00:00-04:00,50.36000061035156,50.529998779296875,50.20000076293945,50.36000061035156,29.410600662231445,1566300,0.0,0.0
2011-07-07 00:00:00-04:00,50.59000015258789,50.849998474121094,50.459999084472656,50.560001373291016,29.52739715576172,878100,0.0,0.0
2011-07-08 00:00:00-04:00,50.33000183105469,50.65999984741211,50.16999816894531,50.380001068115234,29.422277450561523,839900,0.0,0.0
2011-07-11 00:00:00-04:00,49.61000061035156,49.720001220703125,49.29999923706055,49.650001525878906,28.995954513549805,1286700,0.0,0.0
2011-07-12 00:00:00-04:00,49.11000061035156,49.709999084472656,49.099998474121094,49.34000015258789,28.814903259277344,1169800,0.0,0.0
2011-07-13 00:00:00-04:00,49.16999816894531,49.869998931884766,49.13999938964844,49.650001525878906,28.995954513549805,1470500,0.0,0.0
2011-07-14 00:00:00-04:00,49.7400016784668,50.029998779296875,49.4900016784668,49.61000061035156,28.972593307495117,980600,0.0,0.0
2011-07-15 00:00:00-04:00,49.529998779296875,49.939998626708984,49.47999954223633,49.79999923706055,29.083555221557617,1776800,0.0,0.0
2011-07-18 00:00:00-04:00,49.0,49.06999969482422,48.310001373291016,48.72999954223633,28.458662033081055,1856500,0.0,0.0
2011-07-19 00:00:00-04:00,48.900001525878906,49.040000915527344,48.560001373291016,48.72999954223633,28.458662033081055,2262700,0.0,0.0
2011-07-20 00:00:00-04:00,48.369998931884766,49.81999969482422,48.349998474121094,49.45000076293945,28.879150390625,2275100,0.0,0.0
2011-07-21 00:00:00-04:00,50.790000915527344,50.84000015258789,50.33000183105469,50.47999954223633,29.480684280395508,4319700,0.0,0.0
2011-07-22 00:00:00-04:00,49.93000030517578,50.0,49.470001220703125,49.66999816894531,29.00762176513672,1922700,0.0,0.0
2011-07-25 00:00:00-04:00,49.59000015258789,49.959999084472656,49.4900016784668,49.619998931884766,28.97843360900879,1395600,0.0,0.0
2011-07-26 00:00:00-04:00,49.939998626708984,50.20000076293945,49.7599983215332,49.88999938964844,29.136119842529297,1190500,0.0,0.0
2011-07-27 00:00:00-04:00,49.810001373291016,49.84000015258789,48.810001373291016,48.810001373291016,28.50539207458496,1472600,0.0,0.0
2011-07-28 00:00:00-04:00,48.97999954223633,49.38999938964844,48.84000015258789,49.220001220703125,28.744831085205078,2289200,0.0,0.0
2011-07-29 00:00:00-04:00,48.5099983215332,49.290000915527344,48.380001068115234,48.5099983215332,28.33018684387207,1868300,0.0,0.0
2011-08-01 00:00:00-04:00,49.119998931884766,49.119998931884766,47.900001525878906,48.2599983215332,28.184179306030273,1507100,0.0,0.0
2011-08-02 00:00:00-04:00,47.52000045776367,47.75,47.130001068115234,47.15999984741211,27.541770935058594,2046100,0.0,0.0
2011-08-03 00:00:00-04:00,46.97999954223633,47.130001068115234,46.38999938964844,47.0,27.448331832885742,1972100,0.0,0.0
2011-08-04 00:00:00-04:00,45.22999954223633,45.38999938964844,44.06999969482422,44.119998931884766,26.240964889526367,4039800,0.85,0.0
2011-08-05 00:00:00-04:00,44.5099983215332,44.790000915527344,43.40999984741211,44.189998626708984,26.282594680786133,3464600,0.0,0.0
2011-08-08 00:00:00-04:00,43.25,43.79999923706055,41.54999923706055,41.54999923706055,24.712419509887695,3108500,0.0,0.0
2011-08-09 00:00:00-04:00,42.18000030517578,42.72999954223633,41.279998779296875,42.720001220703125,25.408296585083008,3403000,0.0,0.0
2011-08-10 00:00:00-04:00,42.619998931884766,42.709999084472656,40.88999938964844,40.95000076293945,24.355566024780273,4151400,0.0,0.0
2011-08-11 00:00:00-04:00,41.939998626708984,44.290000915527344,41.77000045776367,44.04999923706055,26.19933319091797,4658200,0.0,0.0
2011-08-12 00:00:00-04:00,44.790000915527344,45.369998931884766,44.43000030517578,45.06999969482422,26.805988311767578,2386300,0.0,0.0
2011-08-15 00:00:00-04:00,45.939998626708984,46.470001220703125,45.90999984741211,46.0,27.359121322631836,3569000,0.0,0.0
2011-08-16 00:00:00-04:00,46.13999938964844,46.66999816894531,46.040000915527344,46.38999938964844,27.591081619262695,2235200,0.0,0.0
2011-08-17 00:00:00-04:00,47.189998626708984,47.619998931884766,46.61000061035156,46.970001220703125,27.93604278564453,1675800,0.0,0.0
2011-08-18 00:00:00-04:00,46.0099983215332,46.0099983215332,44.95000076293945,45.220001220703125,26.895206451416016,3038300,0.0,0.0
2011-08-19 00:00:00-04:00,44.810001373291016,45.70000076293945,44.779998779296875,44.95000076293945,26.734617233276367,2216600,0.0,0.0
2011-08-22 00:00:00-04:00,46.970001220703125,46.97999954223633,45.970001220703125,46.2400016784668,27.501853942871094,2145700,0.0,0.0
2011-08-23 00:00:00-04:00,46.650001525878906,47.150001525878906,46.43000030517578,47.02000045776367,27.965782165527344,2928300,0.0,0.0
2011-08-24 00:00:00-04:00,46.86000061035156,47.439998626708984,46.7400016784668,47.130001068115234,28.031200408935547,1878900,0.0,0.0
2011-08-25 00:00:00-04:00,46.2599983215332,46.529998779296875,45.45000076293945,45.790000915527344,27.234222412109375,1676900,0.0,0.0
2011-08-26 00:00:00-04:00,45.25,46.2599983215332,44.75,45.959999084472656,27.335329055786133,1472100,0.0,0.0
2011-08-29 00:00:00-04:00,46.439998626708984,47.45000076293945,46.439998626708984,46.900001525878906,27.89441680908203,1473400,0.0,0.0
2011-08-30 00:00:00-04:00,46.33000183105469,46.939998626708984,45.970001220703125,46.779998779296875,27.82303810119629,1852500,0.0,0.0
2011-08-31 00:00:00-04:00,47.220001220703125,47.720001220703125,47.08000183105469,47.41999816894531,28.203678131103516,1940700,0.0,0.0
2011-09-01 00:00:00-04:00,47.22999954223633,47.619998931884766,46.61000061035156,46.689998626708984,27.769508361816406,1572500,0.0,0.0
2011-09-02 00:00:00-04:00,45.369998931884766,45.68000030517578,45.08000183105469,45.08000183105469,26.811941146850586,1953900,0.0,0.0
2011-09-06 00:00:00-04:00,44.15999984741211,44.75,43.959999084472656,44.63999938964844,26.550247192382812,1631500,0.0,0.0
2011-09-07 00:00:00-04:00,45.36000061035156,45.869998931884766,45.2599983215332,45.84000015258789,27.263957977294922,1032900,0.0,0.0
2011-09-08 00:00:00-04:00,45.349998474121094,45.880001068115234,45.18000030517578,45.31999969482422,26.954683303833008,1134400,0.0,0.0
2011-09-09 00:00:00-04:00,44.900001525878906,44.900001525878906,44.029998779296875,44.31999969482422,26.359922409057617,1420000,0.0,0.0
2011-09-12 00:00:00-04:00,43.06999969482422,43.84000015258789,43.029998779296875,43.84000015258789,26.074430465698242,1856300,0.0,0.0
2011-09-13 00:00:00-04:00,43.52000045776367,43.95000076293945,43.349998474121094,43.790000915527344,26.044687271118164,1464400,0.0,0.0
2011-09-14 00:00:00-04:00,44.09000015258789,44.54999923706055,43.5,44.18000030517578,26.27665138244629,1439000,0.0,0.0
2011-09-15 00:00:00-04:00,44.61000061035156,44.7400016784668,44.27000045776367,44.52000045776367,26.47886848449707,1301400,0.0,0.0
2011-09-16 00:00:00-04:00,44.79999923706055,45.18000030517578,44.650001525878906,44.90999984741211,26.710826873779297,1277300,0.0,0.0
2011-09-19 00:00:00-04:00,43.7599983215332,44.38999938964844,43.619998931884766,44.25,26.318286895751953,1182700,0.0,0.0
2011-09-20 00:00:00-04:00,44.630001068115234,45.16999816894531,44.369998931884766,44.81999969482422,26.657304763793945,1005600,0.0,0.0
2011-09-21 00:00:00-04:00,44.59000015258789,44.86000061035156,43.86000061035156,43.86000061035156,26.086326599121094,1267500,0.0,0.0
2011-09-22 00:00:00-04:00,42.599998474121094,43.0099983215332,42.34000015258789,42.63999938964844,25.3607177734375,1784600,0.0,0.0
2011-09-23 00:00:00-04:00,42.400001525878906,43.0099983215332,42.36000061035156,42.90999984741211,25.521299362182617,1229900,0.0,0.0
2011-09-26 00:00:00-04:00,43.34000015258789,43.630001068115234,42.810001373291016,43.560001373291016,25.90789222717285,1366200,0.0,0.0
2011-09-27 00:00:00-04:00,44.869998931884766,45.33000183105469,44.650001525878906,44.79999923706055,26.645402908325195,1812300,0.0,0.0
2011-09-28 00:00:00-04:00,45.119998931884766,45.2599983215332,44.18000030517578,44.220001220703125,26.30044174194336,1317000,0.0,0.0
2011-09-29 00:00:00-04:00,45.119998931884766,45.25,44.40999984741211,45.11000061035156,26.82977867126465,1524100,0.0,0.0
2011-09-30 00:00:00-04:00,44.459999084472656,45.25,44.189998626708984,44.36000061035156,26.38370704650879,2326400,0.0,0.0
2011-10-03 00:00:00-04:00,44.150001525878906,44.650001525878906,43.83000183105469,43.86000061035156,26.086326599121094,2104200,0.0,0.0
2011-10-04 00:00:00-04:00,43.630001068115234,44.060001373291016,42.93000030517578,43.9900016784668,26.163639068603516,2100000,0.0,0.0
2011-10-05 00:00:00-04:00,44.099998474121094,44.849998474121094,43.810001373291016,44.75,26.615665435791016,2127600,0.0,0.0
2011-10-06 00:00:00-04:00,44.470001220703125,45.93000030517578,44.31999969482422,45.90999984741211,27.305591583251953,1750800,0.0,0.0
2011-10-07 00:00:00-04:00,46.20000076293945,46.400001525878906,45.709999084472656,45.7599983215332,27.216379165649414,1507100,0.0,0.0
2011-10-10 00:00:00-04:00,46.90999984741211,47.2400016784668,46.81999969482422,47.220001220703125,28.084732055664062,1344700,0.0,0.0
2011-10-11 00:00:00-04:00,46.65999984741211,46.939998626708984,46.529998779296875,46.83000183105469,27.85276985168457,1043400,0.0,0.0
2011-10-12 00:00:00-04:00,47.16999816894531,47.63999938964844,47.11000061035156,47.279998779296875,28.120420455932617,1365500,0.0,0.0
2011-10-13 00:00:00-04:00,46.61000061035156,47.209999084472656,46.52000045776367,46.93000030517578,27.912242889404297,1859200,0.0,0.0
2011-10-14 00:00:00-04:00,47.41999816894531,47.63999938964844,47.29999923706055,47.619998931884766,28.322635650634766,873100,0.0,0.0
2011-10-17 00:00:00-04:00,46.880001068115234,46.9900016784668,46.59000015258789,46.689998626708984,27.769508361816406,1358500,0.0,0.0
2011-10-18 00:00:00-04:00,46.290000915527344,47.349998474121094,46.029998779296875,47.06999969482422,27.99552345275879,994800,0.0,0.0
2011-10-19 00:00:00-04:00,47.18000030517578,47.279998779296875,46.70000076293945,46.79999923706055,27.834930419921875,1079400,0.0,0.0
2011-10-20 00:00:00-04:00,47.22999954223633,47.310001373291016,46.63999938964844,47.04999923706055,27.983619689941406,1007300,0.0,0.0
2011-10-21 00:00:00-04:00,48.20000076293945,48.70000076293945,48.13999938964844,48.560001373291016,28.881711959838867,1366600,0.0,0.0
2011-10-24 00:00:00-04:00,47.720001220703125,48.7599983215332,47.70000076293945,48.599998474121094,28.90549659729004,1129800,0.0,0.0
2011-10-25 00:00:00-04:00,48.16999816894531,48.400001525878906,47.70000076293945,47.83000183105469,28.447540283203125,1254500,0.0,0.0
2011-10-26 00:00:00-04:00,48.68000030517578,48.959999084472656,47.939998626708984,48.810001373291016,29.030410766601562,1253000,0.0,0.0
2011-10-27 00:00:00-04:00,49.459999084472656,49.95000076293945,48.9900016784668,49.88999938964844,29.672754287719727,1819800,0.0,0.0
2011-10-28 00:00:00-04:00,49.27000045776367,49.459999084472656,48.959999084472656,49.27000045776367,29.30399513244629,1494900,0.0,0.0
2011-10-31 00:00:00-04:00,48.68000030517578,48.849998474121094,47.90999984741211,47.90999984741211,28.495119094848633,1602000,0.0,0.0
2011-11-01 00:00:00-04:00,46.65999984741211,47.560001373291016,46.58000183105469,47.04999923706055,27.983619689941406,1632000,0.0,0.0
2011-11-02 00:00:00-04:00,46.900001525878906,47.40999984741211,46.900001525878906,47.25,28.102575302124023,1762000,0.0,0.0
2011-11-03 00:00:00-04:00,47.4900016784668,47.9900016784668,47.04999923706055,47.880001068115234,28.47728157043457,1169100,0.0,0.0
2011-11-04 00:00:00-04:00,47.93000030517578,47.97999954223633,47.36000061035156,47.77000045776367,28.41185760498047,1491600,0.0,0.0
2011-11-07 00:00:00-05:00,47.380001068115234,47.810001373291016,46.91999816894531,47.34000015258789,28.15610122680664,2125000,0.0,0.0
2011-11-08 00:00:00-05:00,46.15999984741211,46.77000045776367,45.81999969482422,46.689998626708984,27.769508361816406,2972400,0.0,0.0
2011-11-09 00:00:00-05:00,45.2400016784668,45.529998779296875,44.75,44.9900016784668,26.758405685424805,1916400,0.0,0.0
2011-11-10 00:00:00-05:00,45.650001525878906,45.72999954223633,45.06999969482422,45.459999084472656,27.037944793701172,891400,0.0,0.0
2011-11-11 00:00:00-05:00,46.130001068115234,46.79999923706055,46.130001068115234,46.560001373291016,27.692190170288086,1047400,0.0,0.0
2011-11-14 00:00:00-05:00,46.38999938964844,46.38999938964844,45.77000045776367,45.939998626708984,27.323427200317383,986900,0.0,0.0
2011-11-15 00:00:00-05:00,46.279998779296875,46.45000076293945,45.869998931884766,46.09000015258789,27.41264533996582,965600,0.0,0.0
2011-11-16 00:00:00-05:00,45.5,45.77000045776367,45.18000030517578,45.22999954223633,26.901159286499023,1217100,0.0,0.0
2011-11-17 00:00:00-05:00,45.43000030517578,45.56999969482422,44.7400016784668,45.04999923706055,26.794097900390625,1090300,0.0,0.0
2011-11-18 00:00:00-05:00,45.38999938964844,45.400001525878906,45.0,45.029998779296875,26.78219985961914,940400,0.0,0.0
2011-11-21 00:00:00-05:00,44.20000076293945,44.33000183105469,43.900001525878906,44.20000076293945,26.28854751586914,1579200,0.0,0.0
2011-11-22 00:00:00-05:00,43.66999816894531,43.93000030517578,43.52000045776367,43.7400016784668,26.01496124267578,1857600,0.0,0.0
2011-11-23 00:00:00-05:00,43.189998626708984,43.310001373291016,42.77000045776367,42.849998474121094,25.485612869262695,1484700,0.0,0.0
2011-11-25 00:00:00-05:00,42.43000030517578,43.04999923706055,42.380001068115234,42.529998779296875,25.2952880859375,851800,0.0,0.0
2011-11-28 00:00:00-05:00,43.81999969482422,43.90999984741211,43.5,43.77000045776367,26.032804489135742,887200,0.0,0.0
2011-11-29 00:00:00-05:00,44.08000183105469,44.61000061035156,43.970001220703125,44.540000915527344,26.490766525268555,1842600,0.0,0.0
2011-11-30 00:00:00-05:00,46.189998626708984,46.290000915527344,45.65999984741211,45.97999954223633,27.347227096557617,2699500,0.0,0.0
2011-12-01 00:00:00-05:00,45.939998626708984,46.02000045776367,45.4900016784668,45.5,27.06173324584961,1204000,0.0,0.0
2011-12-02 00:00:00-05:00,45.56999969482422,45.56999969482422,44.470001220703125,45.20000076293945,26.8833065032959,1636000,0.0,0.0
2011-12-05 00:00:00-05:00,45.7599983215332,45.79999923706055,45.18000030517578,45.439998626708984,27.026050567626953,820700,0.0,0.0
2011-12-06 00:00:00-05:00,45.720001220703125,46.06999969482422,45.68000030517578,45.84000015258789,27.263957977294922,737900,0.0,0.0
2011-12-07 00:00:00-05:00,45.650001525878906,45.91999816894531,45.310001373291016,45.689998626708984,27.174741744995117,4912900,0.0,0.0
2011-12-08 00:00:00-05:00,46.0099983215332,46.06999969482422,45.5,45.599998474121094,27.121213912963867,1582300,0.0,0.0
2011-12-09 00:00:00-05:00,45.849998474121094,46.310001373291016,45.83000183105469,46.189998626708984,27.472122192382812,908200,0.0,0.0
2011-12-12 00:00:00-05:00,46.06999969482422,46.06999969482422,45.36000061035156,45.56999969482422,27.103378295898438,1347900,0.0,0.0
2011-12-13 00:00:00-05:00,45.7599983215332,46.18000030517578,45.43000030517578,45.58000183105469,27.109315872192383,2008400,0.0,0.0
2011-12-14 00:00:00-05:00,45.2599983215332,45.380001068115234,44.849998474121094,45.150001525878906,26.85356330871582,1550400,0.0,0.0
2011-12-15 00:00:00-05:00,45.2400016784668,45.88999938964844,45.18000030517578,45.5,27.06173324584961,1848100,0.0,0.0
2011-12-16 00:00:00-05:00,45.4900016784668,45.59000015258789,44.97999954223633,45.25,26.91304588317871,1679700,0.0,0.0
2011-12-19 00:00:00-05:00,45.599998474121094,45.869998931884766,45.380001068115234,45.43000030517578,27.02010154724121,1015000,0.0,0.0
2011-12-20 00:00:00-05:00,45.130001068115234,45.65999984741211,45.130001068115234,45.5099983215332,27.06768798828125,2836400,0.0,0.0
2011-12-21 00:00:00-05:00,45.310001373291016,45.459999084472656,45.0099983215332,45.43000030517578,27.02010154724121,1329400,0.0,0.0
2011-12-22 00:00:00-05:00,45.380001068115234,45.880001068115234,45.29999923706055,45.86000061035156,27.275848388671875,989600,0.0,0.0
2011-12-23 00:00:00-05:00,46.0,46.29999923706055,45.869998931884766,46.290000915527344,27.531597137451172,855500,0.0,0.0
2011-12-27 00:00:00-05:00,46.099998474121094,46.380001068115234,46.09000015258789,46.34000015258789,27.56133460998535,729500,0.0,0.0
2011-12-28 00:00:00-05:00,46.130001068115234,46.15999984741211,45.619998931884766,45.650001525878906,27.15095329284668,964400,0.0,0.0
2011-12-29 00:00:00-05:00,45.77000045776367,45.93000030517578,45.540000915527344,45.869998931884766,27.281795501708984,580100,0.0,0.0
2011-12-30 00:00:00-05:00,45.84000015258789,46.470001220703125,45.790000915527344,46.290000915527344,27.531597137451172,1069100,0.0,0.0
2012-01-03 00:00:00-05:00,47.04999923706055,47.790000915527344,46.91999816894531,47.720001220703125,28.382112503051758,1746700,0.0,0.0
2012-01-04 00:00:00-05:00,47.459999084472656,47.560001373291016,47.040000915527344,47.470001220703125,28.23342514038086,1626500,0.0,0.0
2012-01-05 00:00:00-05:00,46.47999954223633,46.93000030517578,46.310001373291016,46.849998474121094,27.864669799804688,1303000,0.0,0.0
2012-01-06 00:00:00-05:00,46.630001068115234,47.130001068115234,46.400001525878906,46.970001220703125,27.93604278564453,1004800,0.0,0.0
2012-01-09 00:00:00-05:00,46.709999084472656,46.7599983215332,46.349998474121094,46.56999969482422,27.698135375976562,1485700,0.0,0.0
2012-01-10 00:00:00-05:00,46.68000030517578,46.95000076293945,46.59000015258789,46.7599983215332,27.81113624572754,1203200,0.0,0.0
2012-01-11 00:00:00-05:00,46.54999923706055,46.959999084472656,46.40999984741211,46.79999923706055,27.834930419921875,1300800,0.0,0.0
2012-01-12 00:00:00-05:00,46.95000076293945,47.349998474121094,46.709999084472656,47.27000045776367,28.11446762084961,1195800,0.0,0.0
2012-01-13 00:00:00-05:00,46.5,46.81999969482422,46.25,46.70000076293945,27.775455474853516,1161400,0.0,0.0
2012-01-17 00:00:00-05:00,47.209999084472656,47.81999969482422,47.18000030517578,47.52000045776367,28.26315689086914,1389300,0.0,0.0
2012-01-18 00:00:00-05:00,47.619998931884766,48.22999954223633,47.599998474121094,48.20000076293945,28.6676025390625,1544200,0.0,0.0
2012-01-19 00:00:00-05:00,46.939998626708984,47.68000030517578,46.7599983215332,47.52000045776367,28.26315689086914,1910900,0.0,0.0
2012-01-20 00:00:00-05:00,47.18000030517578,47.41999816894531,47.02000045776367,47.38999938964844,28.18584442138672,863700,0.0,0.0
2012-01-23 00:00:00-05:00,47.56999969482422,47.939998626708984,47.52000045776367,47.720001220703125,28.382112503051758,834800,0.0,0.0
2012-01-24 00:00:00-05:00,47.52000045776367,47.70000076293945,47.439998626708984,47.65999984741211,28.346433639526367,1050100,0.0,0.0
2012-01-25 00:00:00-05:00,47.349998474121094,47.86000061035156,47.150001525878906,47.7599983215332,28.405902862548828,1006500,0.0,0.0
2012-01-26 00:00:00-05:00,47.65999984741211,48.130001068115234,47.47999954223633,47.900001525878906,28.489171981811523,968500,0.0,0.0
2012-01-27 00:00:00-05:00,47.88999938964844,48.099998474121094,47.560001373291016,47.65999984741211,28.346433639526367,851200,0.0,0.0
2012-01-30 00:00:00-05:00,47.68000030517578,48.060001373291016,47.619998931884766,47.86000061035156,28.465375900268555,1823500,0.0,0.0
2012-01-31 00:00:00-05:00,48.439998626708984,48.459999084472656,48.04999923706055,48.150001525878906,28.637859344482422,1182600,0.0,0.0
2012-02-01 00:00:00-05:00,48.459999084472656,49.0,48.43000030517578,48.58000183105469,28.89361000061035,1614100,0.0,0.0
2012-02-02 00:00:00-05:00,47.189998626708984,47.36000061035156,46.970001220703125,47.209999084472656,28.07878303527832,3415100,0.0,0.0
2012-02-03 00:00:00-05:00,47.290000915527344,47.7400016784668,47.16999816894531,47.5,28.251264572143555,1569200,0.0,0.0
2012-02-06 00:00:00-05:00,47.310001373291016,47.630001068115234,47.220001220703125,47.40999984741211,28.197738647460938,1571000,0.0,0.0
2012-02-07 00:00:00-05:00,47.27000045776367,47.72999954223633,47.119998931884766,47.599998474121094,28.310747146606445,1192500,0.0,0.0
2012-02-08 00:00:00-05:00,47.470001220703125,47.91999816894531,47.41999816894531,47.810001373291016,28.435640335083008,999700,0.0,0.0
2012-02-09 00:00:00-05:00,47.77000045776367,47.810001373291016,47.31999969482422,47.4900016784668,28.245317459106445,2402400,0.0,0.0
2012-02-10 00:00:00-05:00,46.959999084472656,47.189998626708984,46.869998931884766,47.15999984741211,28.04904556274414,1267600,0.0,0.0
2012-02-13 00:00:00-05:00,47.5099983215332,47.7599983215332,47.40999984741211,47.63999938964844,28.334531784057617,1176700,0.0,0.0
2012-02-14 00:00:00-05:00,47.369998931884766,47.65999984741211,47.34000015258789,47.59000015258789,28.304798126220703,1652700,0.0,0.0
2012-02-15 00:00:00-05:00,45.68000030517578,45.70000076293945,45.15999984741211,45.220001220703125,28.044321060180664,2159800,1.95,0.0
2012-02-16 00:00:00-05:00,45.060001373291016,45.33000183105469,45.02000045776367,45.09000015258789,27.963695526123047,2060600,0.0,0.0
2012-02-17 00:00:00-05:00,45.130001068115234,45.31999969482422,45.029998779296875,45.18000030517578,28.019512176513672,1183500,0.0,0.0
2012-02-21 00:00:00-05:00,44.97999954223633,45.16999816894531,44.81999969482422,44.869998931884766,27.827259063720703,1772400,0.0,0.0
2012-02-22 00:00:00-05:00,44.529998779296875,44.849998474121094,44.52000045776367,44.63999938964844,27.684621810913086,1518900,0.0,0.0
2012-02-23 00:00:00-05:00,45.029998779296875,45.29999923706055,44.84000015258789,45.25,28.062923431396484,1618800,0.0,0.0
2012-02-24 00:00:00-05:00,45.43000030517578,45.56999969482422,45.34000015258789,45.439998626708984,28.180755615234375,1101000,0.0,0.0
2012-02-27 00:00:00-05:00,44.81999969482422,45.209999084472656,44.81999969482422,45.119998931884766,27.9822998046875,1083600,0.0,0.0
2012-02-28 00:00:00-05:00,44.86000061035156,45.13999938964844,44.7599983215332,45.08000183105469,27.957496643066406,1887200,0.0,0.0
2012-02-29 00:00:00-05:00,44.900001525878906,45.150001525878906,44.720001220703125,44.88999938964844,27.839664459228516,1749600,0.0,0.0
2012-03-01 00:00:00-05:00,45.0,45.369998931884766,44.97999954223633,45.2400016784668,28.056720733642578,1376800,0.0,0.0
2012-03-02 00:00:00-05:00,44.84000015258789,45.08000183105469,44.77000045776367,44.88999938964844,27.839664459228516,1372800,0.0,0.0
2012-03-05 00:00:00-05:00,45.36000061035156,45.59000015258789,45.16999816894531,45.34000015258789,28.118741989135742,1184200,0.0,0.0
2012-03-06 00:00:00-05:00,44.689998626708984,44.72999954223633,44.16999816894531,44.18000030517578,27.39933967590332,1571700,0.0,0.0
2012-03-07 00:00:00-05:00,44.5,44.709999084472656,44.369998931884766,44.630001068115234,27.678409576416016,721200,0.0,0.0
2012-03-08 00:00:00-05:00,44.90999984741211,45.029998779296875,44.70000076293945,44.83000183105469,27.802452087402344,825600,0.0,0.0
2012-03-09 00:00:00-05:00,44.95000076293945,45.189998626708984,44.880001068115234,44.95000076293945,27.87687110900879,707800,0.0,0.0
2012-03-12 00:00:00-04:00,45.15999984741211,45.43000030517578,44.970001220703125,45.22999954223633,28.05052947998047,1402400,0.0,0.0
2012-03-13 00:00:00-04:00,45.150001525878906,45.58000183105469,45.150001525878906,45.54999923706055,28.24897575378418,1504500,0.0,0.0
2012-03-14 00:00:00-04:00,45.20000076293945,45.31999969482422,44.880001068115234,44.939998626708984,27.870668411254883,1253300,0.0,0.0
2012-03-15 00:00:00-04:00,44.72999954223633,44.869998931884766,44.540000915527344,44.7400016784668,27.74663543701172,1170700,0.0,0.0
2012-03-16 00:00:00-04:00,44.88999938964844,45.13999938964844,44.84000015258789,45.11000061035156,27.976097106933594,1090800,0.0,0.0
2012-03-19 00:00:00-04:00,45.08000183105469,45.54999923706055,45.060001373291016,45.380001068115234,28.1435546875,871900,0.0,0.0
2012-03-20 00:00:00-04:00,45.150001525878906,45.720001220703125,45.099998474121094,45.68000030517578,28.329591751098633,1788300,0.0,0.0
2012-03-21 00:00:00-04:00,45.47999954223633,45.72999954223633,45.27000045776367,45.41999816894531,28.168359756469727,2385800,0.0,0.0
2012-03-22 00:00:00-04:00,45.060001373291016,45.36000061035156,45.040000915527344,45.29999923706055,28.09393882751465,2383700,0.0,0.0
2012-03-23 00:00:00-04:00,45.13999938964844,45.27000045776367,44.880001068115234,45.18000030517578,28.019512176513672,1579700,0.0,0.0
2012-03-26 00:00:00-04:00,45.27000045776367,45.689998626708984,45.25,45.650001525878906,28.310997009277344,1259900,0.0,0.0
2012-03-27 00:00:00-04:00,45.2400016784668,45.34000015258789,45.11000061035156,45.27000045776367,28.07532501220703,2737800,0.0,0.0
2012-03-28 00:00:00-04:00,45.029998779296875,45.16999816894531,44.40999984741211,44.66999816894531,27.703218460083008,3269100,0.0,0.0
2012-03-29 00:00:00-04:00,44.31999969482422,44.63999938964844,44.130001068115234,44.5,27.597795486450195,3413500,0.0,0.0
2012-03-30 00:00:00-04:00,44.63999938964844,44.7400016784668,44.45000076293945,44.4900016784668,27.591598510742188,1856700,0.0,0.0
2012-04-02 00:00:00-04:00,44.650001525878906,45.47999954223633,44.619998931884766,45.279998779296875,28.081523895263672,1527800,0.0,0.0
2012-04-03 00:00:00-04:00,45.4900016784668,45.5099983215332,44.86000061035156,45.06999969482422,27.951290130615234,1335700,0.0,0.0
2012-04-04 00:00:00-04:00,44.77000045776367,44.779998779296875,44.130001068115234,44.369998931884766,27.517169952392578,1420200,0.0,0.0
2012-04-05 00:00:00-04:00,44.0099983215332,44.279998779296875,44.0099983215332,44.20000076293945,27.411741256713867,1065300,0.0,0.0
2012-04-09 00:00:00-04:00,44.130001068115234,44.27000045776367,43.95000076293945,44.04999923706055,27.31871795654297,1122100,0.0,0.0
2012-04-10 00:00:00-04:00,44.5,44.689998626708984,43.810001373291016,43.95000076293945,27.256696701049805,2104100,0.0,0.0
2012-04-11 00:00:00-04:00,44.380001068115234,44.70000076293945,44.36000061035156,44.41999816894531,27.548173904418945,3511300,0.0,0.0
2012-04-12 00:00:00-04:00,44.47999954223633,45.09000015258789,44.439998626708984,45.029998779296875,27.926485061645508,2097100,0.0,0.0
2012-04-13 00:00:00-04:00,44.54999923706055,44.630001068115234,44.150001525878906,44.220001220703125,27.42414665222168,1108700,0.0,0.0
2012-04-16 00:00:00-04:00,44.47999954223633,44.720001220703125,44.29999923706055,44.720001220703125,27.73423957824707,1052100,0.0,0.0
2012-04-17 00:00:00-04:00,44.959999084472656,45.400001525878906,44.88999938964844,45.27000045776367,28.07532501220703,1104500,0.0,0.0
2012-04-18 00:00:00-04:00,45.40999984741211,45.5,45.27000045776367,45.380001068115234,28.1435546875,971500,0.0,0.0
2012-04-19 00:00:00-04:00,45.369998931884766,45.52000045776367,45.130001068115234,45.38999938964844,28.149747848510742,1103500,0.0,0.0
2012-04-20 00:00:00-04:00,45.970001220703125,46.349998474121094,45.93000030517578,46.220001220703125,28.66449737548828,2440400,0.0,0.0
2012-04-23 00:00:00-04:00,45.63999938964844,45.650001525878906,45.150001525878906,45.540000915527344,28.242773056030273,1528300,0.0,0.0
2012-04-24 00:00:00-04:00,45.630001068115234,45.9900016784668,45.560001373291016,45.81999969482422,28.416423797607422,1063300,0.0,0.0
2012-04-25 00:00:00-04:00,45.459999084472656,45.95000076293945,45.40999984741211,45.90999984741211,28.472238540649414,1612400,0.0,0.0
2012-04-26 00:00:00-04:00,43.29999923706055,43.56999969482422,43.0,43.36000061035156,26.890790939331055,8290800,0.0,0.0
2012-04-27 00:00:00-04:00,43.41999816894531,43.689998626708984,43.209999084472656,43.54999923706055,27.008630752563477,2224700,0.0,0.0
2012-04-30 00:00:00-04:00,43.72999954223633,44.029998779296875,43.689998626708984,43.900001525878906,27.22569465637207,1810400,0.0,0.0
2012-05-01 00:00:00-04:00,44.11000061035156,44.43000030517578,44.040000915527344,44.290000915527344,27.467557907104492,1725600,0.0,0.0
2012-05-02 00:00:00-04:00,43.83000183105469,44.119998931884766,43.720001220703125,44.09000015258789,27.343515396118164,1587200,0.0,0.0
2012-05-03 00:00:00-04:00,44.189998626708984,44.47999954223633,44.0099983215332,44.400001525878906,27.53577995300293,1616000,0.0,0.0
2012-05-04 00:00:00-04:00,44.459999084472656,44.529998779296875,43.84000015258789,43.900001525878906,27.22569465637207,1116100,0.0,0.0
2012-05-07 00:00:00-04:00,43.7400016784668,44.029998779296875,43.65999984741211,43.959999084472656,27.262889862060547,1405500,0.0,0.0
2012-05-08 00:00:00-04:00,44.119998931884766,44.150001525878906,43.59000015258789,43.9900016784668,27.281497955322266,1250900,0.0,0.0
2012-05-09 00:00:00-04:00,43.150001525878906,43.68000030517578,42.959999084472656,43.439998626708984,26.94040870666504,1490600,0.0,0.0
2012-05-10 00:00:00-04:00,43.58000183105469,43.630001068115234,43.27000045776367,43.34000015258789,26.878400802612305,1078400,0.0,0.0
2012-05-11 00:00:00-04:00,43.15999984741211,43.650001525878906,43.150001525878906,43.45000076293945,26.946611404418945,912200,0.0,0.0
2012-05-14 00:00:00-04:00,42.81999969482422,43.119998931884766,42.70000076293945,42.86000061035156,26.580705642700195,950200,0.0,0.0
2012-05-15 00:00:00-04:00,42.47999954223633,42.709999084472656,42.310001373291016,42.38999938964844,26.28921890258789,1057600,0.0,0.0
2012-05-16 00:00:00-04:00,42.16999816894531,42.380001068115234,42.040000915527344,42.25,26.202402114868164,2412500,0.0,0.0
2012-05-17 00:00:00-04:00,41.869998931884766,42.060001373291016,41.650001525878906,41.650001525878906,25.83029556274414,2948200,0.0,0.0
2012-05-18 00:00:00-04:00,41.630001068115234,41.689998626708984,41.2599983215332,41.459999084472656,25.712461471557617,1305100,0.0,0.0
2012-05-21 00:00:00-04:00,41.75,42.2400016784668,41.720001220703125,42.209999084472656,26.17759132385254,1401900,0.0,0.0
2012-05-22 00:00:00-04:00,41.68000030517578,41.970001220703125,41.4900016784668,41.619998931884766,25.81169319152832,1398400,0.0,0.0
2012-05-23 00:00:00-04:00,41.33000183105469,41.34000015258789,40.7599983215332,41.060001373291016,25.46438980102539,1300000,0.0,0.0
2012-05-24 00:00:00-04:00,41.18000030517578,41.43000030517578,40.970001220703125,41.18000030517578,25.53881072998047,982500,0.0,0.0
2012-05-25 00:00:00-04:00,41.02000045776367,41.36000061035156,41.02000045776367,41.22999954223633,25.56982421875,770500,0.0,0.0
2012-05-29 00:00:00-04:00,41.310001373291016,41.349998474121094,40.970001220703125,41.11000061035156,25.49540138244629,891100,0.0,0.0
2012-05-30 00:00:00-04:00,40.599998474121094,40.68000030517578,40.36000061035156,40.38999938964844,25.04887580871582,1435600,0.0,0.0
2012-05-31 00:00:00-04:00,40.56999969482422,40.650001525878906,40.13999938964844,40.40999984741211,25.061279296875,1198900,0.0,0.0
2012-06-01 00:00:00-04:00,40.0,40.18000030517578,39.72999954223633,40.08000183105469,24.85662269592285,1421300,0.0,0.0
2012-06-04 00:00:00-04:00,40.0,40.150001525878906,39.84000015258789,40.060001373291016,24.84421730041504,778900,0.0,0.0
2012-06-05 00:00:00-04:00,39.790000915527344,40.099998474121094,39.720001220703125,40.029998779296875,24.82560920715332,1058800,0.0,0.0
2012-06-06 00:00:00-04:00,40.349998474121094,40.90999984741211,40.310001373291016,40.900001525878906,25.36516761779785,981200,0.0,0.0
2012-06-07 00:00:00-04:00,41.470001220703125,41.470001220703125,40.959999084472656,40.9900016784668,25.42098045349121,1179400,0.0,0.0
2012-06-08 00:00:00-04:00,40.88999938964844,41.31999969482422,40.86000061035156,41.290000915527344,25.607032775878906,1133600,0.0,0.0
2012-06-11 00:00:00-04:00,41.83000183105469,41.83000183105469,41.02000045776367,41.040000915527344,25.45199203491211,1272300,0.0,0.0
2012-06-12 00:00:00-04:00,41.290000915527344,41.68000030517578,41.04999923706055,41.65999984741211,25.83650016784668,946000,0.0,0.0
2012-06-13 00:00:00-04:00,41.689998626708984,41.970001220703125,41.40999984741211,41.7599983215332,25.898509979248047,1520200,0.0,0.0
2012-06-14 00:00:00-04:00,41.9900016784668,42.189998626708984,41.86000061035156,42.060001373291016,26.084569931030273,975000,0.0,0.0
2012-06-15 00:00:00-04:00,41.81999969482422,41.959999084472656,41.68000030517578,41.790000915527344,25.917118072509766,1143000,0.0,0.0
2012-06-18 00:00:00-04:00,41.619998931884766,42.15999984741211,41.58000183105469,42.15999984741211,26.146583557128906,905200,0.0,0.0
2012-06-19 00:00:00-04:00,42.95000076293945,43.5,42.869998931884766,43.45000076293945,26.946611404418945,2243500,0.0,0.0
2012-06-20 00:00:00-04:00,43.459999084472656,43.72999954223633,43.220001220703125,43.47999954223633,26.9652156829834,1698300,0.0,0.0
2012-06-21 00:00:00-04:00,43.4900016784668,43.63999938964844,42.970001220703125,43.0099983215332,26.673730850219727,1571300,0.0,0.0
2012-06-22 00:00:00-04:00,43.349998474121094,43.40999984741211,43.09000015258789,43.31999969482422,26.865982055664062,810200,0.0,0.0
2012-06-25 00:00:00-04:00,43.02000045776367,43.02000045776367,42.68000030517578,42.709999084472656,26.4876766204834,886100,0.0,0.0
2012-06-26 00:00:00-04:00,43.029998779296875,43.459999084472656,42.93000030517578,43.400001525878906,26.915603637695312,1756400,0.0,0.0
2012-06-27 00:00:00-04:00,43.59000015258789,43.77000045776367,43.290000915527344,43.75,27.13266944885254,1238700,0.0,0.0
2012-06-28 00:00:00-04:00,43.790000915527344,44.38999938964844,43.5,44.38999938964844,27.529571533203125,2557800,0.0,0.0
2012-06-29 00:00:00-04:00,44.970001220703125,45.04999923706055,44.619998931884766,44.75,27.752838134765625,3925000,0.0,0.0
2012-07-02 00:00:00-04:00,44.83000183105469,45.75,44.75,45.66999816894531,28.323402404785156,3942300,0.0,0.0
2012-07-03 00:00:00-04:00,45.72999954223633,46.13999938964844,45.720001220703125,46.13999938964844,28.614879608154297,2647100,0.0,0.0
2012-07-05 00:00:00-04:00,45.560001373291016,45.810001373291016,45.400001525878906,45.68000030517578,28.329591751098633,2414900,0.0,0.0
2012-07-06 00:00:00-04:00,45.209999084472656,45.34000015258789,45.029998779296875,45.279998779296875,28.081523895263672,1651600,0.0,0.0
2012-07-09 00:00:00-04:00,45.38999938964844,45.560001373291016,45.2599983215332,45.529998779296875,28.236576080322266,1198800,0.0,0.0
2012-07-10 00:00:00-04:00,45.40999984741211,45.470001220703125,45.15999984741211,45.310001373291016,28.100133895874023,996300,0.0,0.0
2012-07-11 00:00:00-04:00,45.599998474121094,45.68000030517578,45.36000061035156,45.58000183105469,28.267580032348633,1605400,0.0,0.0
2012-07-12 00:00:00-04:00,44.869998931884766,45.11000061035156,44.709999084472656,45.0099983215332,27.91408348083496,2235400,0.0,0.0
2012-07-13 00:00:00-04:00,45.38999938964844,45.790000915527344,45.31999969482422,45.709999084472656,28.348203659057617,1317500,0.0,0.0
2012-07-16 00:00:00-04:00,45.880001068115234,46.09000015258789,45.709999084472656,45.90999984741211,28.472238540649414,1485200,0.0,0.0
2012-07-17 00:00:00-04:00,46.0099983215332,46.38999938964844,45.900001525878906,46.33000183105469,28.73271942138672,1367600,0.0,0.0
2012-07-18 00:00:00-04:00,46.2599983215332,46.75,46.2400016784668,46.689998626708984,28.955982208251953,1474200,0.0,0.0
2012-07-19 00:00:00-04:00,46.86000061035156,47.43000030517578,46.790000915527344,47.34000015258789,29.35909080505371,2304100,0.0,0.0
2012-07-20 00:00:00-04:00,46.7400016784668,47.0,46.63999938964844,46.849998474121094,29.05520248413086,2097100,0.0,0.0
2012-07-23 00:00:00-04:00,45.75,46.25,45.70000076293945,46.150001525878906,28.62108612060547,2169500,0.0,0.0
2012-07-24 00:00:00-04:00,45.939998626708984,45.970001220703125,45.5,45.790000915527344,28.397825241088867,2804400,0.0,0.0
2012-07-25 00:00:00-04:00,45.189998626708984,45.5,44.93000030517578,45.45000076293945,28.186962127685547,2523400,0.0,0.0
2012-07-26 00:00:00-04:00,45.619998931884766,46.16999816894531,45.540000915527344,45.79999923706055,28.404020309448242,2234300,0.0,0.0
2012-07-27 00:00:00-04:00,46.04999923706055,46.61000061035156,46.040000915527344,46.58000183105469,28.88776206970215,2595700,0.0,0.0
2012-07-30 00:00:00-04:00,46.81999969482422,47.20000076293945,46.720001220703125,47.060001373291016,29.18543815612793,1650600,0.0,0.0
2012-07-31 00:00:00-04:00,46.88999938964844,47.189998626708984,46.79999923706055,46.810001373291016,29.030397415161133,1657800,0.0,0.0
2012-08-01 00:00:00-04:00,47.029998779296875,47.58000183105469,46.91999816894531,47.13999938964844,29.23505401611328,1905200,0.0,0.0
2012-08-02 00:00:00-04:00,47.31999969482422,47.43000030517578,46.7599983215332,47.08000183105469,29.197847366333008,1428300,0.0,0.0
2012-08-03 00:00:00-04:00,48.060001373291016,48.38999938964844,47.970001220703125,48.209999084472656,29.898643493652344,2320500,0.0,0.0
2012-08-06 00:00:00-04:00,47.97999954223633,48.349998474121094,47.97999954223633,48.130001068115234,29.849031448364258,1440200,0.0,0.0
2012-08-07 00:00:00-04:00,48.189998626708984,48.27000045776367,48.060001373291016,48.11000061035156,29.836633682250977,1476200,0.0,0.0
2012-08-08 00:00:00-04:00,47.0099983215332,47.279998779296875,46.86000061035156,47.189998626708984,29.823993682861328,1313900,0.9,0.0
2012-08-09 00:00:00-04:00,46.91999816894531,47.060001373291016,46.790000915527344,46.83000183105469,29.596466064453125,1227300,0.0,0.0
2012-08-10 00:00:00-04:00,46.54999923706055,47.189998626708984,46.4900016784668,47.15999984741211,29.80502700805664,1167000,0.0,0.0
2012-08-13 00:00:00-04:00,46.970001220703125,47.189998626708984,46.90999984741211,47.11000061035156,29.773418426513672,949200,0.0,0.0
2012-08-14 00:00:00-04:00,47.2599983215332,47.459999084472656,47.16999816894531,47.310001373291016,29.899829864501953,1279400,0.0,0.0
2012-08-15 00:00:00-04:00,47.439998626708984,47.70000076293945,47.38999938964844,47.58000183105469,30.070459365844727,1023400,0.0,0.0
2012-08-16 00:00:00-04:00,47.459999084472656,47.81999969482422,47.400001525878906,47.70000076293945,30.146312713623047,1042100,0.0,0.0
2012-08-17 00:00:00-04:00,47.16999816894531,47.36000061035156,46.97999954223633,47.279998779296875,29.88086700439453,1053800,0.0,0.0
2012-08-20 00:00:00-04:00,46.86000061035156,47.18000030517578,46.70000076293945,47.09000015258789,29.76078987121582,1044800,0.0,0.0
2012-08-21 00:00:00-04:00,47.11000061035156,47.34000015258789,46.939998626708984,46.95000076293945,29.672306060791016,1057500,0.0,0.0
2012-08-22 00:00:00-04:00,46.7400016784668,47.04999923706055,46.720001220703125,46.880001068115234,29.628063201904297,932900,0.0,0.0
2012-08-23 00:00:00-04:00,47.06999969482422,47.209999084472656,46.86000061035156,46.9900016784668,29.697587966918945,652100,0.0,0.0
2012-08-24 00:00:00-04:00,47.130001068115234,47.45000076293945,47.060001373291016,47.279998779296875,29.88086700439453,763100,0.0,0.0
2012-08-27 00:00:00-04:00,47.18000030517578,47.2599983215332,47.119998931884766,47.22999954223633,29.849271774291992,1110400,0.0,0.0
2012-08-28 00:00:00-04:00,46.900001525878906,47.15999984741211,46.849998474121094,46.9900016784668,29.697587966918945,1303100,0.0,0.0
2012-08-29 00:00:00-04:00,46.95000076293945,47.11000061035156,46.84000015258789,47.0,29.703903198242188,1280100,0.0,0.0
2012-08-30 00:00:00-04:00,47.20000076293945,47.20000076293945,46.79999923706055,47.0,29.703903198242188,1150900,0.0,0.0
2012-08-31 00:00:00-04:00,47.15999984741211,47.27000045776367,46.56999969482422,46.790000915527344,29.571189880371094,1057000,0.0,0.0
2012-09-04 00:00:00-04:00,46.34000015258789,46.5099983215332,46.09000015258789,46.34000015258789,29.286785125732422,1283600,0.0,0.0
2012-09-05 00:00:00-04:00,46.720001220703125,46.77000045776367,46.459999084472656,46.56999969482422,29.432147979736328,726300,0.0,0.0
2012-09-06 00:00:00-04:00,46.43000030517578,47.06999969482422,46.43000030517578,46.9900016784668,29.697587966918945,1090400,0.0,0.0
2012-09-07 00:00:00-04:00,46.65999984741211,47.0,46.65999984741211,46.790000915527344,29.571189880371094,2305800,0.0,0.0
2012-09-10 00:00:00-04:00,46.459999084472656,46.7400016784668,46.36000061035156,46.54999923706055,29.419511795043945,2678300,0.0,0.0
2012-09-11 00:00:00-04:00,46.75,47.0,46.66999816894531,46.880001068115234,29.628063201904297,1016200,0.0,0.0
2012-09-12 00:00:00-04:00,46.869998931884766,47.02000045776367,46.720001220703125,46.880001068115234,29.628063201904297,1123800,0.0,0.0
2012-09-13 00:00:00-04:00,46.939998626708984,47.54999923706055,46.869998931884766,47.34000015258789,29.91878890991211,1002300,0.0,0.0
2012-09-14 00:00:00-04:00,46.83000183105469,47.130001068115234,46.83000183105469,46.959999084472656,29.678625106811523,1235800,0.0,0.0
2012-09-17 00:00:00-04:00,46.900001525878906,47.060001373291016,46.900001525878906,46.939998626708984,29.665987014770508,1130800,0.0,0.0
2012-09-18 00:00:00-04:00,47.18000030517578,47.5,47.15999984741211,47.439998626708984,29.981985092163086,693200,0.0,0.0
2012-09-19 00:00:00-04:00,47.599998474121094,48.22999954223633,47.560001373291016,48.11000061035156,30.405433654785156,1973100,0.0,0.0
2012-09-20 00:00:00-04:00,47.75,48.04999923706055,47.63999938964844,47.959999084472656,30.310623168945312,1021900,0.0,0.0
2012-09-21 00:00:00-04:00,47.91999816894531,48.08000183105469,47.81999969482422,47.959999084472656,30.310623168945312,1608200,0.0,0.0
2012-09-24 00:00:00-04:00,48.09000015258789,48.22999954223633,47.90999984741211,48.189998626708984,30.455978393554688,767300,0.0,0.0
2012-09-25 00:00:00-04:00,48.25,48.5099983215332,47.97999954223633,48.0099983215332,30.34221839904785,1064600,0.0,0.0
2012-09-26 00:00:00-04:00,47.880001068115234,47.93000030517578,47.689998626708984,47.86000061035156,30.24742317199707,1072100,0.0,0.0
2012-09-27 00:00:00-04:00,48.31999969482422,48.400001525878906,48.0099983215332,48.36000061035156,30.56342315673828,747400,0.0,0.0
2012-09-28 00:00:00-04:00,47.91999816894531,48.02000045776367,47.689998626708984,47.86000061035156,30.24742317199707,1840400,0.0,0.0
2012-10-01 00:00:00-04:00,46.779998779296875,47.540000915527344,46.720001220703125,47.470001220703125,30.000946044921875,3359100,0.0,0.0
2012-10-02 00:00:00-04:00,46.81999969482422,47.2599983215332,46.68000030517578,47.22999954223633,29.849271774291992,3613400,0.0,0.0
2012-10-03 00:00:00-04:00,46.88999938964844,46.9900016784668,46.79999923706055,46.900001525878906,29.640714645385742,2835000,0.0,0.0
2012-10-04 00:00:00-04:00,47.099998474121094,47.459999084472656,47.02000045776367,47.40999984741211,29.963024139404297,1308400,0.0,0.0
2012-10-05 00:00:00-04:00,47.38999938964844,47.40999984741211,47.15999984741211,47.2400016784668,29.855587005615234,1839400,0.0,0.0
2012-10-08 00:00:00-04:00,46.66999816894531,46.91999816894531,46.58000183105469,46.84000015258789,29.602794647216797,2535300,0.0,0.0
2012-10-09 00:00:00-04:00,46.380001068115234,46.47999954223633,46.130001068115234,46.18000030517578,29.185672760009766,1761500,0.0,0.0
2012-10-10 00:00:00-04:00,46.15999984741211,46.16999816894531,45.77000045776367,45.849998474121094,28.977102279663086,1504500,0.0,0.0
2012-10-11 00:00:00-04:00,46.130001068115234,46.2400016784668,45.81999969482422,45.81999969482422,28.958148956298828,867000,0.0,0.0
2012-10-12 00:00:00-04:00,46.15999984741211,46.290000915527344,46.0,46.130001068115234,29.15407371520996,994500,0.0,0.0
2012-10-15 00:00:00-04:00,46.33000183105469,46.5099983215332,46.209999084472656,46.459999084472656,29.36263084411621,705000,0.0,0.0
2012-10-16 00:00:00-04:00,46.9900016784668,47.310001373291016,46.93000030517578,47.27000045776367,29.874540328979492,1068400,0.0,0.0
2012-10-17 00:00:00-04:00,47.27000045776367,47.43000030517578,47.20000076293945,47.33000183105469,29.912464141845703,1036600,0.0,0.0
2012-10-18 00:00:00-04:00,47.5,47.810001373291016,47.470001220703125,47.630001068115234,30.10206413269043,1413400,0.0,0.0
2012-10-19 00:00:00-04:00,47.560001373291016,47.560001373291016,47.029998779296875,47.04999923706055,29.735506057739258,787900,0.0,0.0
2012-10-22 00:00:00-04:00,47.16999816894531,47.209999084472656,46.849998474121094,47.029998779296875,29.722869873046875,730400,0.0,0.0
2012-10-23 00:00:00-04:00,46.38999938964844,46.43000030517578,46.150001525878906,46.290000915527344,29.255186080932617,829000,0.0,0.0
2012-10-24 00:00:00-04:00,46.540000915527344,46.560001373291016,46.06999969482422,46.09000015258789,29.128786087036133,876000,0.0,0.0
2012-10-25 00:00:00-04:00,47.06999969482422,47.09000015258789,46.59000015258789,46.70000076293945,29.514307022094727,1019800,0.0,0.0
2012-10-26 00:00:00-04:00,46.7400016784668,46.970001220703125,46.5099983215332,46.61000061035156,29.457426071166992,728400,0.0,0.0
2012-10-31 00:00:00-04:00,46.900001525878906,46.90999984741211,46.36000061035156,46.400001525878906,29.324708938598633,871300,0.0,0.0
2012-11-01 00:00:00-04:00,46.70000076293945,46.939998626708984,46.630001068115234,46.7400016784668,29.539594650268555,765300,0.0,0.0
2012-11-02 00:00:00-04:00,46.470001220703125,46.65999984741211,46.33000183105469,46.349998474121094,29.29310417175293,770500,0.0,0.0
2012-11-05 00:00:00-05:00,46.369998931884766,46.40999984741211,46.060001373291016,46.209999084472656,29.204627990722656,905500,0.0,0.0
2012-11-06 00:00:00-05:00,46.400001525878906,46.7400016784668,46.349998474121094,46.439998626708984,29.349985122680664,988900,0.0,0.0
2012-11-07 00:00:00-05:00,46.36000061035156,46.36000061035156,45.66999816894531,46.029998779296875,29.090869903564453,1387000,0.0,0.0
2012-11-08 00:00:00-05:00,46.029998779296875,46.150001525878906,45.75,45.75,28.913911819458008,1449300,0.0,0.0
2012-11-09 00:00:00-05:00,45.25,45.7400016784668,45.25,45.439998626708984,28.71798324584961,884000,0.0,0.0
2012-11-12 00:00:00-05:00,45.380001068115234,45.5099983215332,45.2400016784668,45.310001373291016,28.63582420349121,649300,0.0,0.0
2012-11-13 00:00:00-05:00,45.43000030517578,45.810001373291016,45.380001068115234,45.459999084472656,28.730628967285156,808900,0.0,0.0
2012-11-14 00:00:00-05:00,45.5,45.5099983215332,44.9900016784668,45.029998779296875,28.458873748779297,920800,0.0,0.0
2012-11-15 00:00:00-05:00,45.2400016784668,45.369998931884766,44.900001525878906,45.06999969482422,28.48415184020996,1014300,0.0,0.0
2012-11-16 00:00:00-05:00,44.63999938964844,44.72999954223633,44.16999816894531,44.34000015258789,28.022794723510742,1981100,0.0,0.0
2012-11-19 00:00:00-05:00,44.5,44.90999984741211,44.5,44.84000015258789,28.33879280090332,1522500,0.0,0.0
2012-11-20 00:00:00-05:00,44.9900016784668,45.119998931884766,44.869998931884766,45.11000061035156,28.509428024291992,765000,0.0,0.0
2012-11-21 00:00:00-05:00,45.27000045776367,45.40999984741211,45.220001220703125,45.36000061035156,28.66744041442871,546100,0.0,0.0
2012-11-23 00:00:00-05:00,46.02000045776367,46.5,45.93000030517578,46.459999084472656,29.36263084411621,632800,0.0,0.0
2012-11-26 00:00:00-05:00,46.20000076293945,46.34000015258789,46.0099983215332,46.310001373291016,29.2678279876709,608600,0.0,0.0
2012-11-27 00:00:00-05:00,46.310001373291016,46.38999938964844,46.06999969482422,46.099998474121094,29.13511085510254,688700,0.0,0.0
2012-11-28 00:00:00-05:00,46.36000061035156,46.790000915527344,46.25,46.7400016784668,29.539594650268555,849700,0.0,0.0
2012-11-29 00:00:00-05:00,47.279998779296875,47.61000061035156,47.220001220703125,47.54999923706055,30.0515079498291,1351300,0.0,0.0
2012-11-30 00:00:00-05:00,47.4900016784668,47.630001068115234,47.41999816894531,47.540000915527344,30.04517936706543,695900,0.0,0.0
2012-12-03 00:00:00-05:00,47.880001068115234,47.9900016784668,47.70000076293945,47.77000045776367,30.1905517578125,870200,0.0,0.0
2012-12-04 00:00:00-05:00,48.0,48.099998474121094,47.810001373291016,47.869998931884766,30.25374984741211,1512300,0.0,0.0
2012-12-05 00:00:00-05:00,48.099998474121094,48.43000030517578,48.029998779296875,48.22999954223633,30.48126792907715,1278000,0.0,0.0
2012-12-06 00:00:00-05:00,48.36000061035156,48.36000061035156,47.91999816894531,48.209999084472656,30.468624114990234,1231100,0.0,0.0
2012-12-07 00:00:00-05:00,47.83000183105469,48.290000915527344,47.83000183105469,48.20000076293945,30.462303161621094,1187400,0.0,0.0
2012-12-10 00:00:00-05:00,48.290000915527344,48.56999969482422,48.2599983215332,48.349998474121094,30.557100296020508,880500,0.0,0.0
2012-12-11 00:00:00-05:00,48.619998931884766,48.83000183105469,48.599998474121094,48.7599983215332,30.81621742248535,943500,0.0,0.0
2012-12-12 00:00:00-05:00,49.27000045776367,49.27000045776367,48.880001068115234,48.900001525878906,30.904705047607422,1887900,0.0,0.0
2012-12-13 00:00:00-05:00,47.4900016784668,47.7400016784668,47.459999084472656,47.459999084472656,29.994626998901367,2105000,0.0,0.0
2012-12-14 00:00:00-05:00,46.939998626708984,47.650001525878906,46.93000030517578,47.459999084472656,29.994626998901367,2560700,0.0,0.0
2012-12-17 00:00:00-05:00,47.290000915527344,47.599998474121094,47.2599983215332,47.369998931884766,29.937744140625,1207100,0.0,0.0
2012-12-18 00:00:00-05:00,47.84000015258789,48.119998931884766,47.709999084472656,48.0099983215332,30.34221839904785,1218700,0.0,0.0
2012-12-19 00:00:00-05:00,48.09000015258789,48.099998474121094,47.52000045776367,47.529998779296875,30.038862228393555,1237600,0.0,0.0
2012-12-20 00:00:00-05:00,47.75,47.790000915527344,47.54999923706055,47.75,30.177902221679688,1098700,0.0,0.0
2012-12-21 00:00:00-05:00,47.5,47.63999938964844,47.369998931884766,47.470001220703125,30.000946044921875,985800,0.0,0.0
2012-12-24 00:00:00-05:00,47.310001373291016,47.439998626708984,47.06999969482422,47.25,29.861907958984375,371500,0.0,0.0
2012-12-26 00:00:00-05:00,47.290000915527344,47.47999954223633,47.04999923706055,47.16999816894531,29.81133460998535,494700,0.0,0.0
2012-12-27 00:00:00-05:00,47.43000030517578,47.470001220703125,47.0,47.16999816894531,29.81133460998535,1118200,0.0,0.0
2012-12-28 00:00:00-05:00,47.220001220703125,47.33000183105469,46.86000061035156,46.880001068115234,29.628063201904297,999100,0.0,0.0
2012-12-31 00:00:00-05:00,46.75,47.31999969482422,46.720001220703125,47.27000045776367,29.874540328979492,958300,0.0,0.0
2013-01-02 00:00:00-05:00,48.15999984741211,48.2400016784668,47.959999084472656,48.2400016784668,30.48758316040039,1406000,0.0,0.0
2013-01-03 00:00:00-05:00,48.040000915527344,48.22999954223633,47.959999084472656,48.150001525878906,30.43070411682129,970600,0.0,0.0
2013-01-04 00:00:00-05:00,47.91999816894531,48.2400016784668,47.91999816894531,48.150001525878906,30.43070411682129,927400,0.0,0.0
2013-01-07 00:00:00-05:00,47.9900016784668,48.20000076293945,47.95000076293945,48.11000061035156,30.405433654785156,966100,0.0,0.0
2013-01-08 00:00:00-05:00,47.75,48.220001220703125,47.7400016784668,48.150001525878906,30.43070411682129,926900,0.0,0.0
2013-01-09 00:00:00-05:00,47.9900016784668,48.099998474121094,47.7599983215332,47.84000015258789,30.234783172607422,1235900,0.0,0.0
2013-01-10 00:00:00-05:00,48.18000030517578,48.72999954223633,48.150001525878906,48.689998626708984,30.77198028564453,1541400,0.0,0.0
2013-01-11 00:00:00-05:00,48.75,48.83000183105469,48.540000915527344,48.709999084472656,30.78462791442871,1050600,0.0,0.0
2013-01-14 00:00:00-05:00,48.63999938964844,48.849998474121094,48.5099983215332,48.77000045776367,30.822540283203125,1827400,0.0,0.0
2013-01-15 00:00:00-05:00,48.72999954223633,49.099998474121094,48.63999938964844,49.08000183105469,31.018465042114258,1213400,0.0,0.0
2013-01-16 00:00:00-05:00,48.5,48.66999816894531,48.45000076293945,48.529998779296875,30.670862197875977,1373500,0.0,0.0
2013-01-17 00:00:00-05:00,48.91999816894531,49.279998779296875,48.86000061035156,49.130001068115234,31.05005645751953,1109200,0.0,0.0
2013-01-18 00:00:00-05:00,49.06999969482422,49.150001525878906,48.810001373291016,48.9900016784668,30.961585998535156,744500,0.0,0.0
2013-01-22 00:00:00-05:00,48.95000076293945,48.970001220703125,48.689998626708984,48.91999816894531,30.91734504699707,1346900,0.0,0.0
2013-01-23 00:00:00-05:00,48.900001525878906,49.130001068115234,48.720001220703125,48.97999954223633,30.95526123046875,1626700,0.0,0.0
2013-01-24 00:00:00-05:00,49.29999923706055,49.599998474121094,49.220001220703125,49.529998779296875,31.3028564453125,2726500,0.0,0.0
2013-01-25 00:00:00-05:00,49.75,50.02000045776367,49.650001525878906,50.02000045776367,31.61253547668457,1686700,0.0,0.0
2013-01-28 00:00:00-05:00,49.43000030517578,49.459999084472656,49.25,49.25,31.125905990600586,1712200,0.0,0.0
2013-01-29 00:00:00-05:00,49.5,50.13999938964844,49.4900016784668,50.060001373291016,31.63782501220703,1314900,0.0,0.0
2013-01-30 00:00:00-05:00,49.540000915527344,49.90999984741211,49.47999954223633,49.810001373291016,31.479822158813477,1412300,0.0,0.0
2013-01-31 00:00:00-05:00,47.849998474121094,48.560001373291016,47.689998626708984,48.18000030517578,30.449668884277344,4458000,0.0,0.0
2013-02-01 00:00:00-05:00,48.400001525878906,48.52000045776367,48.29999923706055,48.41999816894531,30.601343154907227,4022200,0.0,0.0
2013-02-04 00:00:00-05:00,47.90999984741211,48.15999984741211,47.849998474121094,47.97999954223633,30.32326316833496,2265600,0.0,0.0
2013-02-05 00:00:00-05:00,48.25,48.33000183105469,47.86000061035156,47.93000030517578,30.29166030883789,3021800,0.0,0.0
2013-02-06 00:00:00-05:00,47.90999984741211,48.060001373291016,47.88999938964844,48.0,30.335912704467773,2027600,0.0,0.0
2013-02-07 00:00:00-05:00,47.77000045776367,47.869998931884766,47.34000015258789,47.470001220703125,30.000946044921875,2099600,0.0,0.0
2013-02-08 00:00:00-05:00,47.41999816894531,47.599998474121094,47.34000015258789,47.43000030517578,29.975662231445312,1287100,0.0,0.0
2013-02-11 00:00:00-05:00,47.47999954223633,47.52000045776367,47.310001373291016,47.43000030517578,29.975662231445312,2108900,0.0,0.0
2013-02-12 00:00:00-05:00,47.20000076293945,47.43000030517578,47.150001525878906,47.41999816894531,29.969345092773438,3656600,0.0,0.0
2013-02-13 00:00:00-05:00,46.209999084472656,46.29999923706055,45.779998779296875,45.86000061035156,30.193199157714844,2900700,1.9,0.0
2013-02-14 00:00:00-05:00,45.529998779296875,45.599998474121094,45.29999923706055,45.31999969482422,29.83767318725586,1524400,0.0,0.0
2013-02-15 00:00:00-05:00,45.650001525878906,45.7599983215332,45.43000030517578,45.65999984741211,30.0615177154541,1463700,0.0,0.0
2013-02-19 00:00:00-05:00,45.279998779296875,45.66999816894531,45.27000045776367,45.66999816894531,30.06810188293457,2036600,0.0,0.0
2013-02-20 00:00:00-05:00,45.290000915527344,45.40999984741211,45.150001525878906,45.189998626708984,29.752079010009766,1997700,0.0,0.0
2013-02-21 00:00:00-05:00,44.7400016784668,44.77000045776367,44.459999084472656,44.66999816894531,29.40972137451172,1682600,0.0,0.0
2013-02-22 00:00:00-05:00,44.83000183105469,45.209999084472656,44.75,45.18000030517578,29.745498657226562,1694900,0.0,0.0
2013-02-25 00:00:00-05:00,45.18000030517578,45.349998474121094,44.790000915527344,44.84000015258789,29.521657943725586,3096800,0.0,0.0
2013-02-26 00:00:00-05:00,44.959999084472656,45.060001373291016,44.619998931884766,44.880001068115234,29.54798698425293,2510400,0.0,0.0
2013-02-27 00:00:00-05:00,45.060001373291016,45.7400016784668,45.029998779296875,45.630001068115234,30.04177474975586,1881000,0.0,0.0
2013-02-28 00:00:00-05:00,45.4900016784668,45.810001373291016,45.41999816894531,45.439998626708984,29.916677474975586,1722000,0.0,0.0
2013-03-01 00:00:00-05:00,45.220001220703125,45.5099983215332,45.119998931884766,45.45000076293945,29.923261642456055,1117500,0.0,0.0
2013-03-04 00:00:00-05:00,45.349998474121094,45.75,45.29999923706055,45.689998626708984,30.08127212524414,1220400,0.0,0.0
2013-03-05 00:00:00-05:00,45.97999954223633,46.220001220703125,45.959999084472656,46.02000045776367,30.29853630065918,1237800,0.0,0.0
2013-03-06 00:00:00-05:00,45.95000076293945,46.04999923706055,45.650001525878906,45.7400016784668,30.114187240600586,1486600,0.0,0.0
2013-03-07 00:00:00-05:00,45.66999816894531,45.900001525878906,45.66999816894531,45.79999923706055,30.153688430786133,1250200,0.0,0.0
2013-03-08 00:00:00-05:00,45.2599983215332,45.72999954223633,45.2599983215332,45.650001525878906,30.05493927001953,2237100,0.0,0.0
2013-03-11 00:00:00-04:00,45.45000076293945,45.56999969482422,45.349998474121094,45.540000915527344,29.982513427734375,2107800,0.0,0.0
2013-03-12 00:00:00-04:00,45.70000076293945,45.93000030517578,45.630001068115234,45.900001525878906,30.219526290893555,2194400,0.0,0.0
2013-03-13 00:00:00-04:00,45.65999984741211,45.970001220703125,45.61000061035156,45.849998474121094,30.186607360839844,1375800,0.0,0.0
2013-03-14 00:00:00-04:00,45.959999084472656,46.560001373291016,45.790000915527344,46.52000045776367,30.62772560119629,1877200,0.0,0.0
2013-03-15 00:00:00-04:00,46.4900016784668,46.630001068115234,46.29999923706055,46.459999084472656,30.588218688964844,1061100,0.0,0.0
2013-03-18 00:00:00-04:00,46.08000183105469,46.43000030517578,46.0099983215332,46.18000030517578,30.40387725830078,1458600,0.0,0.0
2013-03-19 00:00:00-04:00,46.459999084472656,46.66999816894531,46.209999084472656,46.36000061035156,30.522375106811523,1694700,0.0,0.0
2013-03-20 00:00:00-04:00,46.540000915527344,46.689998626708984,46.06999969482422,46.18000030517578,30.40387725830078,1728500,0.0,0.0
2013-03-21 00:00:00-04:00,47.279998779296875,47.9900016784668,46.939998626708984,47.95000076293945,31.56920623779297,5382800,0.0,0.0
2013-03-22 00:00:00-04:00,48.83000183105469,49.619998931884766,48.7599983215332,49.150001525878906,32.3592529296875,5024000,0.0,0.0
2013-03-25 00:00:00-04:00,49.25,49.720001220703125,49.13999938964844,49.619998931884766,32.66869354248047,3511900,0.0,0.0
2013-03-26 00:00:00-04:00,49.470001220703125,49.56999969482422,49.290000915527344,49.40999984741211,32.530426025390625,2777600,0.0,0.0
2013-03-27 00:00:00-04:00,48.939998626708984,49.310001373291016,48.81999969482422,49.220001220703125,32.40534973144531,1671100,0.0,0.0
2013-03-28 00:00:00-04:00,49.5099983215332,50.119998931884766,49.470001220703125,49.97999954223633,32.90570831298828,3301800,0.0,0.0
2013-04-01 00:00:00-04:00,49.810001373291016,50.2400016784668,49.7400016784668,50.11000061035156,32.991294860839844,1814300,0.0,0.0
2013-04-02 00:00:00-04:00,50.400001525878906,50.689998626708984,50.220001220703125,50.34000015258789,33.142723083496094,2664300,0.0,0.0
2013-04-03 00:00:00-04:00,50.439998626708984,50.52000045776367,49.83000183105469,49.90999984741211,32.859619140625,1667200,0.0,0.0
2013-04-04 00:00:00-04:00,49.5,50.220001220703125,49.439998626708984,50.130001068115234,33.00446701049805,1551500,0.0,0.0
2013-04-05 00:00:00-04:00,50.119998931884766,50.470001220703125,50.02000045776367,50.43000030517578,33.20198440551758,2841400,0.0,0.0
2013-04-08 00:00:00-04:00,50.540000915527344,50.630001068115234,50.310001373291016,50.52000045776367,33.26123809814453,2992200,0.0,0.0
2013-04-09 00:00:00-04:00,50.65999984741211,50.779998779296875,50.380001068115234,50.58000183105469,33.30073928833008,2375700,0.0,0.0
2013-04-10 00:00:00-04:00,50.79999923706055,51.130001068115234,50.709999084472656,51.0,33.57725143432617,2464700,0.0,0.0
2013-04-11 00:00:00-04:00,50.75,51.34000015258789,50.70000076293945,51.16999816894531,33.68918228149414,2115000,0.0,0.0
2013-04-12 00:00:00-04:00,50.97999954223633,51.34000015258789,50.900001525878906,51.31999969482422,33.787933349609375,2070400,0.0,0.0
2013-04-15 00:00:00-04:00,51.040000915527344,51.38999938964844,50.869998931884766,50.869998931884766,33.49167251586914,2436400,0.0,0.0
2013-04-16 00:00:00-04:00,50.88999938964844,51.15999984741211,50.7400016784668,51.119998931884766,33.65625762939453,1347900,0.0,0.0
2013-04-17 00:00:00-04:00,50.52000045776367,50.849998474121094,50.209999084472656,50.79999923706055,33.445579528808594,4007900,0.0,0.0
2013-04-18 00:00:00-04:00,51.33000183105469,51.369998931884766,50.939998626708984,51.060001373291016,33.61676788330078,2187400,0.0,0.0
2013-04-19 00:00:00-04:00,51.04999923706055,51.27000045776367,50.959999084472656,51.220001220703125,33.72210693359375,1383200,0.0,0.0
2013-04-22 00:00:00-04:00,51.380001068115234,51.56999969482422,51.08000183105469,51.290000915527344,33.768184661865234,1967900,0.0,0.0
2013-04-23 00:00:00-04:00,51.56999969482422,51.939998626708984,51.459999084472656,51.939998626708984,34.19613265991211,1906400,0.0,0.0
2013-04-24 00:00:00-04:00,51.86000061035156,51.88999938964844,51.43000030517578,51.45000076293945,33.8735237121582,2188300,0.0,0.0
2013-04-25 00:00:00-04:00,51.099998474121094,51.47999954223633,51.0,51.119998931884766,33.65625762939453,2699500,0.0,0.0
2013-04-26 00:00:00-04:00,51.119998931884766,51.619998931884766,51.099998474121094,51.54999923706055,33.93937301635742,1491100,0.0,0.0
2013-04-29 00:00:00-04:00,51.95000076293945,52.2400016784668,51.900001525878906,52.16999816894531,34.347564697265625,1392700,0.0,0.0
2013-04-30 00:00:00-04:00,52.08000183105469,52.150001525878906,51.779998779296875,51.91999816894531,34.182960510253906,1044100,0.0,0.0
2013-05-01 00:00:00-04:00,51.959999084472656,52.04999923706055,51.529998779296875,51.59000015258789,33.96570587158203,1171200,0.0,0.0
2013-05-02 00:00:00-04:00,51.34000015258789,51.54999923706055,51.2599983215332,51.43000030517578,33.860355377197266,1097600,0.0,0.0
2013-05-03 00:00:00-04:00,52.09000015258789,52.27000045776367,51.90999984741211,52.029998779296875,34.25538635253906,1638000,0.0,0.0
2013-05-06 00:00:00-04:00,51.90999984741211,51.90999984741211,51.540000915527344,51.619998931884766,33.985450744628906,1096800,0.0,0.0
2013-05-07 00:00:00-04:00,51.400001525878906,51.47999954223633,51.11000061035156,51.41999816894531,33.85377502441406,1314500,0.0,0.0
2013-05-08 00:00:00-04:00,51.47999954223633,51.810001373291016,51.470001220703125,51.66999816894531,34.01837158203125,1610700,0.0,0.0
2013-05-09 00:00:00-04:00,51.47999954223633,51.75,51.400001525878906,51.58000183105469,33.95911407470703,883200,0.0,0.0
2013-05-10 00:00:00-04:00,51.310001373291016,51.54999923706055,51.18000030517578,51.540000915527344,33.93277359008789,1159500,0.0,0.0
2013-05-13 00:00:00-04:00,51.150001525878906,51.43000030517578,51.060001373291016,51.36000061035156,33.81426239013672,1080700,0.0,0.0
2013-05-14 00:00:00-04:00,51.09000015258789,51.310001373291016,50.91999816894531,51.189998626708984,33.70235061645508,2117800,0.0,0.0
2013-05-15 00:00:00-04:00,51.38999938964844,51.810001373291016,51.31999969482422,51.75,34.07103729248047,2423700,0.0,0.0
2013-05-16 00:00:00-04:00,51.83000183105469,52.11000061035156,51.7400016784668,51.83000183105469,34.12371063232422,1348700,0.0,0.0
2013-05-17 00:00:00-04:00,51.38999938964844,51.689998626708984,51.33000183105469,51.560001373291016,33.94594192504883,2736800,0.0,0.0
2013-05-20 00:00:00-04:00,51.52000045776367,51.77000045776367,51.43000030517578,51.5,33.90644836425781,2994200,0.0,0.0
2013-05-21 00:00:00-04:00,51.119998931884766,51.790000915527344,51.0,51.709999084472656,34.04471206665039,1774100,0.0,0.0
2013-05-22 00:00:00-04:00,51.97999954223633,52.720001220703125,51.939998626708984,52.349998474121094,34.466064453125,3135000,0.0,0.0
2013-05-23 00:00:00-04:00,51.90999984741211,52.209999084472656,51.4900016784668,52.08000183105469,34.288307189941406,1637000,0.0,0.0
2013-05-24 00:00:00-04:00,51.689998626708984,52.27000045776367,51.599998474121094,52.16999816894531,34.347564697265625,1324100,0.0,0.0
2013-05-28 00:00:00-04:00,53.20000076293945,53.45000076293945,52.88999938964844,53.0099983215332,34.90059280395508,1621900,0.0,0.0
2013-05-29 00:00:00-04:00,52.43000030517578,52.54999923706055,52.13999938964844,52.279998779296875,34.41997528076172,1322100,0.0,0.0
2013-05-30 00:00:00-04:00,52.119998931884766,52.369998931884766,52.060001373291016,52.15999984741211,34.340972900390625,1328000,0.0,0.0
2013-05-31 00:00:00-04:00,51.779998779296875,51.91999816894531,51.25,51.25,33.74184799194336,2124800,0.0,0.0
2013-06-03 00:00:00-04:00,51.2599983215332,51.72999954223633,51.04999923706055,51.4900016784668,33.899864196777344,1363800,0.0,0.0
2013-06-04 00:00:00-04:00,51.13999938964844,51.5099983215332,50.9900016784668,51.25,33.74184799194336,1531800,0.0,0.0
2013-06-05 00:00:00-04:00,50.86000061035156,51.08000183105469,50.56999969482422,50.79999923706055,33.445579528808594,2272000,0.0,0.0
2013-06-06 00:00:00-04:00,51.18000030517578,51.529998779296875,51.0099983215332,51.4900016784668,33.899864196777344,2091500,0.0,0.0
2013-06-07 00:00:00-04:00,51.16999816894531,51.619998931884766,51.11000061035156,51.45000076293945,33.8735237121582,2463100,0.0,0.0
2013-06-10 00:00:00-04:00,51.79999923706055,51.79999923706055,51.380001068115234,51.400001525878906,33.840606689453125,1985600,0.0,0.0
2013-06-11 00:00:00-04:00,50.83000183105469,51.20000076293945,50.810001373291016,50.939998626708984,33.53775405883789,2472200,0.0,0.0
2013-06-12 00:00:00-04:00,51.790000915527344,51.810001373291016,50.95000076293945,50.97999954223633,33.56409454345703,2546200,0.0,0.0
2013-06-13 00:00:00-04:00,50.81999969482422,51.130001068115234,50.72999954223633,51.06999969482422,33.62334442138672,1924400,0.0,0.0
2013-06-14 00:00:00-04:00,50.619998931884766,50.9900016784668,50.59000015258789,50.79999923706055,33.445579528808594,1510500,0.0,0.0
2013-06-17 00:00:00-04:00,51.189998626708984,51.36000061035156,50.84000015258789,50.970001220703125,33.5575065612793,1903900,0.0,0.0
2013-06-18 00:00:00-04:00,50.72999954223633,51.060001373291016,50.72999954223633,50.97999954223633,33.56409454345703,2112900,0.0,0.0
2013-06-19 00:00:00-04:00,50.88999938964844,50.9900016784668,50.18000030517578,50.189998626708984,33.04397201538086,1171100,0.0,0.0
2013-06-20 00:00:00-04:00,48.9900016784668,49.060001373291016,48.060001373291016,48.279998779296875,31.786466598510742,3626700,0.0,0.0
2013-06-21 00:00:00-04:00,48.5099983215332,48.75,47.88999938964844,48.150001525878906,31.70086669921875,2806900,0.0,0.0
2013-06-24 00:00:00-04:00,46.970001220703125,47.630001068115234,46.869998931884766,47.220001220703125,31.088590621948242,3319400,0.0,0.0
2013-06-25 00:00:00-04:00,47.599998474121094,47.599998474121094,47.15999984741211,47.22999954223633,31.095170974731445,2497500,0.0,0.0
2013-06-26 00:00:00-04:00,47.97999954223633,48.16999816894531,47.779998779296875,47.86000061035156,31.509944915771484,1646500,0.0,0.0
2013-06-27 00:00:00-04:00,48.16999816894531,48.439998626708984,47.40999984741211,47.9900016784668,31.595544815063477,1213900,0.0,0.0
2013-06-28 00:00:00-04:00,47.47999954223633,47.7400016784668,47.29999923706055,47.29999923706055,31.141258239746094,2214600,0.0,0.0
2013-07-01 00:00:00-04:00,47.970001220703125,48.11000061035156,47.75,47.869998931884766,31.51653289794922,2097700,0.0,0.0
2013-07-02 00:00:00-04:00,47.959999084472656,48.209999084472656,47.689998626708984,47.90999984741211,31.542875289916992,1560200,0.0,0.0
2013-07-03 00:00:00-04:00,47.7400016784668,48.02000045776367,47.5099983215332,47.880001068115234,31.523120880126953,1422600,0.0,0.0
2013-07-05 00:00:00-04:00,48.25,48.349998474121094,47.7599983215332,48.040000915527344,31.628459930419922,1184200,0.0,0.0
2013-07-08 00:00:00-04:00,48.380001068115234,48.70000076293945,48.310001373291016,48.63999938964844,32.02347946166992,1724300,0.0,0.0
2013-07-09 00:00:00-04:00,48.599998474121094,48.77000045776367,48.5,48.560001373291016,31.97081184387207,1343600,0.0,0.0
2013-07-10 00:00:00-04:00,48.720001220703125,49.0099983215332,48.619998931884766,48.939998626708984,32.22099304199219,1369100,0.0,0.0
2013-07-11 00:00:00-04:00,49.400001525878906,49.5,49.02000045776367,49.45000076293945,32.55677032470703,1548000,0.0,0.0
2013-07-12 00:00:00-04:00,49.5,49.59000015258789,49.25,49.58000183105469,32.64236068725586,894700,0.0,0.0
2013-07-15 00:00:00-04:00,49.220001220703125,49.599998474121094,49.029998779296875,49.47999954223633,32.57652282714844,1363700,0.0,0.0
2013-07-16 00:00:00-04:00,49.45000076293945,49.75,49.33000183105469,49.72999954223633,32.741119384765625,1392500,0.0,0.0
2013-07-17 00:00:00-04:00,50.08000183105469,50.2400016784668,49.83000183105469,49.869998931884766,32.83328628540039,1872300,0.0,0.0
2013-07-18 00:00:00-04:00,50.189998626708984,50.380001068115234,50.119998931884766,50.25,33.083465576171875,1816900,0.0,0.0
2013-07-19 00:00:00-04:00,49.91999816894531,50.150001525878906,49.81999969482422,50.0,32.918888092041016,1520500,0.0,0.0
2013-07-22 00:00:00-04:00,50.20000076293945,50.5099983215332,50.08000183105469,50.5099983215332,33.2546501159668,1222000,0.0,0.0
2013-07-23 00:00:00-04:00,50.33000183105469,50.86000061035156,50.25,50.86000061035156,33.48508834838867,2430200,0.0,0.0
2013-07-24 00:00:00-04:00,50.810001373291016,50.83000183105469,50.31999969482422,50.54999923706055,33.28098678588867,1853900,0.0,0.0
2013-07-25 00:00:00-04:00,50.18000030517578,50.7599983215332,50.15999984741211,50.7400016784668,33.40607833862305,1579700,0.0,0.0
2013-07-26 00:00:00-04:00,50.2400016784668,50.599998474121094,49.869998931884766,50.54999923706055,33.28098678588867,1219000,0.0,0.0
2013-07-29 00:00:00-04:00,50.33000183105469,50.66999816894531,50.220001220703125,50.54999923706055,33.28098678588867,1097900,0.0,0.0
2013-07-30 00:00:00-04:00,50.66999816894531,50.7400016784668,50.18000030517578,50.349998474121094,33.1493034362793,933600,0.0,0.0
2013-07-31 00:00:00-04:00,50.34000015258789,51.06999969482422,50.34000015258789,50.720001220703125,33.39291000366211,1909700,0.0,0.0
2013-08-01 00:00:00-04:00,50.45000076293945,50.88999938964844,50.29999923706055,50.810001373291016,33.45216369628906,1717100,0.0,0.0
2013-08-02 00:00:00-04:00,50.86000061035156,51.31999969482422,50.86000061035156,51.189998626708984,33.70235061645508,1312600,0.0,0.0
2013-08-05 00:00:00-04:00,50.66999816894531,50.77000045776367,50.470001220703125,50.599998474121094,33.31390380859375,1273400,0.0,0.0
2013-08-06 00:00:00-04:00,50.459999084472656,50.619998931884766,50.31999969482422,50.52000045776367,33.26123809814453,1319100,0.0,0.0
2013-08-07 00:00:00-04:00,50.220001220703125,50.4900016784668,49.939998626708984,50.11000061035156,32.991294860839844,1903100,0.0,0.0
2013-08-08 00:00:00-04:00,50.16999816894531,50.52000045776367,49.95000076293945,50.470001220703125,33.22831726074219,2344900,0.0,0.0
2013-08-09 00:00:00-04:00,50.06999969482422,50.7599983215332,50.06999969482422,50.75,33.412654876708984,1429000,0.0,0.0
2013-08-12 00:00:00-04:00,50.630001068115234,51.02000045776367,50.58000183105469,51.0,33.57725143432617,1883400,0.0,0.0
2013-08-13 00:00:00-04:00,51.290000915527344,51.47999954223633,51.0,51.40999984741211,33.84718322753906,1629300,0.0,0.0
2013-08-14 00:00:00-04:00,50.61000061035156,50.72999954223633,50.16999816894531,50.22999954223633,33.6595573425293,1747700,0.9,0.0
2013-08-15 00:00:00-04:00,49.18000030517578,49.869998931884766,49.15999984741211,49.709999084472656,33.311100006103516,4091000,0.0,0.0
2013-08-16 00:00:00-04:00,49.88999938964844,50.08000183105469,49.63999938964844,49.9900016784668,33.49873352050781,2290800,0.0,0.0
2013-08-19 00:00:00-04:00,49.91999816894531,50.18000030517578,49.81999969482422,49.84000015258789,33.398216247558594,1991400,0.0,0.0
2013-08-20 00:00:00-04:00,50.130001068115234,50.400001525878906,50.08000183105469,50.31999969482422,33.71986770629883,1402700,0.0,0.0
2013-08-21 00:00:00-04:00,50.31999969482422,50.349998474121094,49.849998474121094,49.939998626708984,33.46522521972656,1296500,0.0,0.0
2013-08-22 00:00:00-04:00,50.189998626708984,50.52000045776367,50.15999984741211,50.439998626708984,33.8002815246582,1082200,0.0,0.0
2013-08-23 00:00:00-04:00,50.439998626708984,50.72999954223633,50.36000061035156,50.66999816894531,33.954410552978516,968700,0.0,0.0
2013-08-26 00:00:00-04:00,50.79999923706055,50.849998474121094,50.470001220703125,50.470001220703125,33.82038879394531,768000,0.0,0.0
2013-08-27 00:00:00-04:00,50.5,50.650001525878906,50.130001068115234,50.20000076293945,33.639442443847656,1113300,0.0,0.0
2013-08-28 00:00:00-04:00,49.779998779296875,50.34000015258789,49.7599983215332,50.150001525878906,33.6059455871582,1611800,0.0,0.0
2013-08-29 00:00:00-04:00,49.619998931884766,49.9900016784668,49.619998931884766,49.63999938964844,33.26420211791992,1334000,0.0,0.0
2013-08-30 00:00:00-04:00,49.439998626708984,49.4900016784668,49.099998474121094,49.209999084472656,32.97605514526367,1189000,0.0,0.0
2013-09-03 00:00:00-04:00,49.33000183105469,49.40999984741211,48.880001068115234,48.959999084472656,32.80852508544922,1395500,0.0,0.0
2013-09-04 00:00:00-04:00,48.970001220703125,49.4900016784668,48.95000076293945,49.459999084472656,33.14358139038086,1065200,0.0,0.0
2013-09-05 00:00:00-04:00,49.13999938964844,49.27000045776367,48.97999954223633,49.130001068115234,32.92243576049805,1407000,0.0,0.0
2013-09-06 00:00:00-04:00,49.0099983215332,49.04999923706055,48.529998779296875,48.880001068115234,32.754920959472656,1978300,0.0,0.0
2013-09-09 00:00:00-04:00,48.869998931884766,49.220001220703125,48.81999969482422,49.189998626708984,32.962646484375,1018300,0.0,0.0
2013-09-10 00:00:00-04:00,49.20000076293945,49.619998931884766,49.20000076293945,49.56999969482422,33.21729278564453,1419500,0.0,0.0
2013-09-11 00:00:00-04:00,49.63999938964844,52.34000015258789,49.619998931884766,50.5099983215332,33.84718704223633,2954400,0.0,0.0
2013-09-12 00:00:00-04:00,50.54999923706055,50.79999923706055,50.529998779296875,50.56999969482422,33.88739013671875,1939400,0.0,0.0
2013-09-13 00:00:00-04:00,50.40999984741211,50.75,50.310001373291016,50.650001525878906,33.941001892089844,1328400,0.0,0.0
2013-09-16 00:00:00-04:00,51.849998474121094,51.86000061035156,51.2400016784668,51.310001373291016,34.383277893066406,1781300,0.0,0.0
2013-09-17 00:00:00-04:00,51.349998474121094,51.58000183105469,51.16999816894531,51.27000045776367,34.356468200683594,1471600,0.0,0.0
2013-09-18 00:00:00-04:00,51.38999938964844,52.130001068115234,51.220001220703125,52.08000183105469,34.899261474609375,1365200,0.0,0.0
2013-09-19 00:00:00-04:00,52.33000183105469,52.34000015258789,51.75,51.81999969482422,34.72502517700195,1221200,0.0,0.0
2013-09-20 00:00:00-04:00,52.22999954223633,52.33000183105469,51.900001525878906,51.95000076293945,34.81214904785156,981900,0.0,0.0
2013-09-23 00:00:00-04:00,51.7599983215332,51.79999923706055,51.41999816894531,51.68000030517578,34.631221771240234,1056000,0.0,0.0
2013-09-24 00:00:00-04:00,51.599998474121094,51.72999954223633,51.5099983215332,51.58000183105469,34.564205169677734,998500,0.0,0.0
2013-09-25 00:00:00-04:00,51.720001220703125,51.7599983215332,51.45000076293945,51.5,34.51059341430664,886700,0.0,0.0
2013-09-26 00:00:00-04:00,51.650001525878906,52.0,51.650001525878906,52.0,34.84565734863281,1067800,0.0,0.0
2013-09-27 00:00:00-04:00,51.68000030517578,51.90999984741211,51.599998474121094,51.77000045776367,34.6915283203125,1156900,0.0,0.0
2013-09-30 00:00:00-04:00,51.84000015258789,52.15999984741211,51.790000915527344,51.93000030517578,34.79874038696289,1461100,0.0,0.0
2013-10-01 00:00:00-04:00,52.08000183105469,52.2400016784668,51.7599983215332,51.91999816894531,34.79204177856445,1300900,0.0,0.0
2013-10-02 00:00:00-04:00,51.91999816894531,52.119998931884766,51.720001220703125,52.119998931884766,34.92606735229492,1052900,0.0,0.0
2013-10-03 00:00:00-04:00,52.119998931884766,52.16999816894531,51.65999984741211,51.86000061035156,34.751834869384766,1033400,0.0,0.0
2013-10-04 00:00:00-04:00,51.439998626708984,51.540000915527344,51.20000076293945,51.31999969482422,34.38998031616211,1086100,0.0,0.0
2013-10-07 00:00:00-04:00,50.93000030517578,51.34000015258789,50.93000030517578,51.25,34.34307861328125,1669100,0.0,0.0
2013-10-08 00:00:00-04:00,50.79999923706055,51.029998779296875,50.470001220703125,50.5,33.840484619140625,1625900,0.0,0.0
2013-10-09 00:00:00-04:00,49.97999954223633,50.0099983215332,49.630001068115234,49.720001220703125,33.31780242919922,1613200,0.0,0.0
2013-10-10 00:00:00-04:00,49.9900016784668,50.40999984741211,49.9900016784668,50.380001068115234,33.76007843017578,1205300,0.0,0.0
2013-10-11 00:00:00-04:00,50.619998931884766,51.08000183105469,50.5,50.959999084472656,34.14873123168945,1562400,0.0,0.0
2013-10-14 00:00:00-04:00,50.95000076293945,51.279998779296875,50.869998931884766,51.2400016784668,34.33637619018555,774300,0.0,0.0
2013-10-15 00:00:00-04:00,51.09000015258789,51.11000061035156,50.56999969482422,50.630001068115234,33.9276008605957,1168400,0.0,0.0
2013-10-16 00:00:00-04:00,50.38999938964844,50.58000183105469,50.27000045776367,50.4900016784668,33.833797454833984,1023600,0.0,0.0
2013-10-17 00:00:00-04:00,51.13999938964844,51.34000015258789,50.959999084472656,51.25,34.34307861328125,938200,0.0,0.0
2013-10-18 00:00:00-04:00,51.060001373291016,51.220001220703125,51.0099983215332,51.119998931884766,34.255950927734375,617400,0.0,0.0
2013-10-21 00:00:00-04:00,51.310001373291016,51.439998626708984,51.20000076293945,51.31999969482422,34.38998031616211,594400,0.0,0.0
2013-10-22 00:00:00-04:00,51.47999954223633,51.9900016784668,51.459999084472656,51.88999938964844,34.77193069458008,619800,0.0,0.0
2013-10-23 00:00:00-04:00,51.93000030517578,52.209999084472656,51.91999816894531,52.09000015258789,34.90596008300781,908000,0.0,0.0
2013-10-24 00:00:00-04:00,52.220001220703125,52.380001068115234,51.97999954223633,51.97999954223633,34.83224868774414,1472800,0.0,0.0
2013-10-25 00:00:00-04:00,52.54999923706055,52.7400016784668,52.38999938964844,52.7400016784668,35.34153366088867,1200900,0.0,0.0
2013-10-28 00:00:00-04:00,53.040000915527344,53.630001068115234,52.9900016784668,53.459999084472656,35.82400894165039,1500000,0.0,0.0
2013-10-29 00:00:00-04:00,53.369998931884766,53.54999923706055,53.189998626708984,53.29999923706055,35.7167854309082,675100,0.0,0.0
2013-10-30 00:00:00-04:00,53.58000183105469,53.72999954223633,53.209999084472656,53.56999969482422,35.89772415161133,1982900,0.0,0.0
2013-10-31 00:00:00-04:00,52.5099983215332,53.2599983215332,52.41999816894531,52.86000061035156,35.42194747924805,1648000,0.0,0.0
2013-11-01 00:00:00-04:00,52.7400016784668,52.779998779296875,52.400001525878906,52.689998626708984,35.30803298950195,2033700,0.0,0.0
2013-11-04 00:00:00-05:00,52.689998626708984,52.7400016784668,52.40999984741211,52.72999954223633,35.3348274230957,1197800,0.0,0.0
2013-11-05 00:00:00-05:00,52.560001373291016,53.0,52.47999954223633,52.9900016784668,35.50905990600586,1052700,0.0,0.0
2013-11-06 00:00:00-05:00,53.11000061035156,53.2400016784668,52.9900016784668,53.06999969482422,35.562660217285156,647000,0.0,0.0
2013-11-07 00:00:00-05:00,52.86000061035156,52.91999816894531,52.5,52.56999969482422,35.22761535644531,960600,0.0,0.0
2013-11-08 00:00:00-05:00,52.40999984741211,52.630001068115234,52.34000015258789,52.599998474121094,35.24771499633789,1055300,0.0,0.0
2013-11-11 00:00:00-05:00,52.540000915527344,52.70000076293945,52.08000183105469,52.38999938964844,35.10699462890625,3535800,0.0,0.0
2013-11-12 00:00:00-05:00,52.29999923706055,52.52000045776367,52.09000015258789,52.38999938964844,35.10699462890625,2408600,0.0,0.0
2013-11-13 00:00:00-05:00,52.150001525878906,52.86000061035156,52.13999938964844,52.65999984741211,35.287925720214844,2373500,0.0,0.0
2013-11-14 00:00:00-05:00,52.689998626708984,53.099998474121094,52.689998626708984,52.9900016784668,35.50905990600586,1299600,0.0,0.0
2013-11-15 00:00:00-05:00,53.22999954223633,53.36000061035156,53.099998474121094,53.27000045776367,35.69668960571289,824300,0.0,0.0
2013-11-18 00:00:00-05:00,53.54999923706055,53.61000061035156,53.130001068115234,53.18000030517578,35.636375427246094,1200900,0.0,0.0
2013-11-19 00:00:00-05:00,53.349998474121094,53.45000076293945,53.18000030517578,53.400001525878906,35.7838020324707,923500,0.0,0.0
2013-11-20 00:00:00-05:00,53.5099983215332,53.689998626708984,53.15999984741211,53.310001373291016,35.7234992980957,667100,0.0,0.0
2013-11-21 00:00:00-05:00,54.709999084472656,55.150001525878906,54.68000030517578,54.959999084472656,36.82917022705078,2559200,0.0,0.0
2013-11-22 00:00:00-05:00,55.95000076293945,56.0,55.68000030517578,55.97999954223633,37.51268005371094,2812900,0.0,0.0
2013-11-25 00:00:00-05:00,55.47999954223633,55.59000015258789,55.2400016784668,55.279998779296875,37.04360580444336,1133300,0.0,0.0
2013-11-26 00:00:00-05:00,55.380001068115234,55.720001220703125,55.22999954223633,55.380001068115234,37.11062240600586,1662300,0.0,0.0
2013-11-27 00:00:00-05:00,55.75,55.849998474121094,55.43000030517578,55.529998779296875,37.21113586425781,1514000,0.0,0.0
2013-11-29 00:00:00-05:00,56.90999984741211,57.619998931884766,56.90999984741211,57.189998626708984,38.323509216308594,2330700,0.0,0.0
2013-12-02 00:00:00-05:00,57.36000061035156,57.7400016784668,57.290000915527344,57.310001373291016,38.4039306640625,2787500,0.0,0.0
2013-12-03 00:00:00-05:00,57.52000045776367,57.88999938964844,57.130001068115234,57.349998474121094,38.430728912353516,3976300,0.0,0.0
2013-12-04 00:00:00-05:00,56.83000183105469,57.119998931884766,56.400001525878906,56.72999954223633,38.01527404785156,2090100,0.0,0.0
2013-12-05 00:00:00-05:00,56.7400016784668,56.970001220703125,56.150001525878906,56.220001220703125,37.67350769042969,4506700,0.0,0.0
2013-12-06 00:00:00-05:00,56.84000015258789,57.189998626708984,56.619998931884766,57.119998931884766,38.27661895751953,1552600,0.0,0.0
2013-12-09 00:00:00-05:00,56.7400016784668,56.869998931884766,56.59000015258789,56.72999954223633,38.01527404785156,2631800,0.0,0.0
2013-12-10 00:00:00-05:00,56.540000915527344,56.88999938964844,56.5099983215332,56.7599983215332,38.03536605834961,1249800,0.0,0.0
2013-12-11 00:00:00-05:00,57.02000045776367,57.04999923706055,56.22999954223633,56.29999923706055,37.72712326049805,1185000,0.0,0.0
2013-12-12 00:00:00-05:00,56.43000030517578,56.63999938964844,56.119998931884766,56.470001220703125,37.841033935546875,1837000,0.0,0.0
2013-12-13 00:00:00-05:00,57.27000045776367,57.400001525878906,57.06999969482422,57.33000183105469,38.41733169555664,1732800,0.0,0.0
2013-12-16 00:00:00-05:00,57.630001068115234,57.84000015258789,57.43000030517578,57.599998474121094,38.5982551574707,2312600,0.0,0.0
2013-12-17 00:00:00-05:00,57.869998931884766,57.88999938964844,57.25,57.61000061035156,38.60496139526367,3036300,0.0,0.0
2013-12-18 00:00:00-05:00,58.209999084472656,58.84000015258789,57.869998931884766,58.84000015258789,39.429195404052734,4797800,0.0,0.0
2013-12-19 00:00:00-05:00,59.2599983215332,59.29999923706055,58.56999969482422,58.900001525878906,39.469390869140625,5283100,0.0,0.0
2013-12-20 00:00:00-05:00,59.099998474121094,59.20000076293945,58.290000915527344,58.31999969482422,39.08073425292969,4517100,0.0,0.0
2013-12-23 00:00:00-05:00,58.86000061035156,58.86000061035156,58.529998779296875,58.560001373291016,39.2415657043457,1912000,0.0,0.0
2013-12-24 00:00:00-05:00,58.93000030517578,59.13999938964844,58.7400016784668,58.810001373291016,39.40909194946289,690200,0.0,0.0
2013-12-26 00:00:00-05:00,58.939998626708984,59.119998931884766,58.79999923706055,59.11000061035156,39.61013412475586,711600,0.0,0.0
2013-12-27 00:00:00-05:00,59.400001525878906,59.4900016784668,59.13999938964844,59.2599983215332,39.71064376831055,1165800,0.0,0.0
2013-12-30 00:00:00-05:00,59.380001068115234,59.66999816894531,59.0,59.5,39.87146759033203,2018300,0.0,0.0
2013-12-31 00:00:00-05:00,59.13999938964844,59.43000030517578,59.060001373291016,59.369998931884766,39.78435134887695,622100,0.0,0.0
2014-01-02 00:00:00-05:00,58.56999969482422,58.599998474121094,58.349998474121094,58.56999969482422,39.24826431274414,1013000,0.0,0.0
2014-01-03 00:00:00-05:00,58.810001373291016,59.099998474121094,58.77000045776367,58.86000061035156,39.44260025024414,920700,0.0,0.0
2014-01-06 00:00:00-05:00,58.900001525878906,59.16999816894531,58.7599983215332,58.88999938964844,39.46269989013672,965600,0.0,0.0
2014-01-07 00:00:00-05:00,58.439998626708984,58.63999938964844,58.290000915527344,58.5099983215332,39.20806121826172,1386100,0.0,0.0
2014-01-08 00:00:00-05:00,58.41999816894531,58.84000015258789,58.33000183105469,58.52000045776367,39.21476364135742,2319700,0.0,0.0
2014-01-09 00:00:00-05:00,59.040000915527344,59.41999816894531,58.689998626708984,59.369998931884766,39.78435134887695,1747600,0.0,0.0
2014-01-10 00:00:00-05:00,59.790000915527344,60.59000015258789,59.779998779296875,60.47999954223633,40.528175354003906,2532200,0.0,0.0
2014-01-13 00:00:00-05:00,59.81999969482422,60.189998626708984,59.560001373291016,59.619998931884766,39.95188903808594,1613000,0.0,0.0
2014-01-14 00:00:00-05:00,61.22999954223633,62.349998474121094,61.150001525878906,62.16999816894531,41.6606559753418,4013300,0.0,0.0
2014-01-15 00:00:00-05:00,62.58000183105469,63.040000915527344,62.4900016784668,62.95000076293945,42.18334197998047,2478700,0.0,0.0
2014-01-16 00:00:00-05:00,63.13999938964844,63.619998931884766,63.060001373291016,63.59000015258789,42.61221694946289,2027800,0.0,0.0
2014-01-17 00:00:00-05:00,63.720001220703125,63.77000045776367,63.380001068115234,63.72999954223633,42.70601272583008,2102300,0.0,0.0
2014-01-21 00:00:00-05:00,65.0,65.2699966430664,64.69999694824219,65.0,43.55706024169922,5205000,0.0,0.0
2014-01-22 00:00:00-05:00,64.9000015258789,65.4800033569336,64.88999938964844,65.38999938964844,43.81839370727539,2937600,0.0,0.0
2014-01-23 00:00:00-05:00,65.44999694824219,65.81999969482422,65.22000122070312,65.81999969482422,44.106563568115234,2759900,0.0,0.0
2014-01-24 00:00:00-05:00,65.04000091552734,65.05999755859375,63.91999816894531,64.20999908447266,43.02767562866211,7086200,0.0,0.0
2014-01-27 00:00:00-05:00,64.31999969482422,64.37000274658203,63.5099983215332,63.68000030517578,42.67251968383789,3560900,0.0,0.0
2014-01-28 00:00:00-05:00,63.540000915527344,64.2300033569336,63.5099983215332,64.08999633789062,42.947265625,2237200,0.0,0.0
2014-01-29 00:00:00-05:00,63.38999938964844,63.790000915527344,63.2599983215332,63.459999084472656,42.52509689331055,1142500,0.0,0.0
2014-01-30 00:00:00-05:00,63.849998474121094,64.12999725341797,63.59000015258789,64.04000091552734,42.91375732421875,1750500,0.0,0.0
2014-01-31 00:00:00-05:00,63.16999816894531,63.72999954223633,62.95000076293945,63.5,42.55190658569336,1420400,0.0,0.0
2014-02-03 00:00:00-05:00,63.58000183105469,63.63999938964844,62.66999816894531,62.7400016784668,42.04261779785156,1903200,0.0,0.0
2014-02-04 00:00:00-05:00,62.720001220703125,63.119998931884766,62.59000015258789,62.97999954223633,42.20345687866211,1160400,0.0,0.0
2014-02-05 00:00:00-05:00,63.22999954223633,63.65999984741211,62.869998931884766,63.5,42.55190658569336,2236900,0.0,0.0
2014-02-06 00:00:00-05:00,62.13999938964844,62.650001525878906,61.75,62.599998474121094,41.94879913330078,3389300,0.0,0.0
2014-02-07 00:00:00-05:00,62.91999816894531,63.77000045776367,62.720001220703125,63.7599983215332,42.72612380981445,1774300,0.0,0.0
2014-02-10 00:00:00-05:00,64.0,64.5,63.849998474121094,64.41000366210938,43.16170883178711,1621100,0.0,0.0
2014-02-11 00:00:00-05:00,64.61000061035156,65.66000366210938,64.58000183105469,65.45999908447266,43.865318298339844,1640800,0.0,0.0
2014-02-12 00:00:00-05:00,65.91999816894531,66.44000244140625,65.91999816894531,66.30000305175781,44.428218841552734,1322700,0.0,0.0
2014-02-13 00:00:00-05:00,66.72000122070312,67.55999755859375,66.63999938964844,67.52999877929688,45.252437591552734,2107900,0.0,0.0
2014-02-14 00:00:00-05:00,67.97000122070312,68.0,67.33999633789062,67.4000015258789,45.16532516479492,6046400,0.0,0.0
2014-02-18 00:00:00-05:00,68.01000213623047,68.3499984741211,67.87999725341797,68.1500015258789,45.66790771484375,7507000,0.0,0.0
2014-02-19 00:00:00-05:00,66.05000305175781,66.58000183105469,65.69999694824219,65.77999877929688,45.34392166137695,3681400,1.9,0.0
2014-02-20 00:00:00-05:00,66.41000366210938,66.68000030517578,66.05000305175781,66.62000274658203,45.92295455932617,4526500,0.0,0.0
2014-02-21 00:00:00-05:00,66.97000122070312,67.37999725341797,66.51000213623047,66.61000061035156,45.91606903076172,1458100,0.0,0.0
2014-02-24 00:00:00-05:00,67.2300033569336,68.37999725341797,67.19999694824219,68.05000305175781,46.90869140625,2281000,0.0,0.0
2014-02-25 00:00:00-05:00,68.48999786376953,68.52999877929688,67.68000030517578,67.79000091552734,46.72947311401367,3030000,0.0,0.0
2014-02-26 00:00:00-05:00,67.88999938964844,67.97000122070312,67.5999984741211,67.80000305175781,46.73636245727539,3237100,0.0,0.0
2014-02-27 00:00:00-05:00,68.05999755859375,68.5999984741211,68.0,68.37999725341797,47.13616943359375,2234000,0.0,0.0
2014-02-28 00:00:00-05:00,68.18000030517578,68.76000213623047,67.5999984741211,67.76000213623047,46.708797454833984,3734900,0.0,0.0
2014-03-03 00:00:00-05:00,66.5199966430664,66.91999816894531,66.41999816894531,66.9000015258789,46.11597442626953,1955000,0.0,0.0
2014-03-04 00:00:00-05:00,67.66999816894531,68.2300033569336,67.66999816894531,67.98999786376953,46.86734390258789,2082400,0.0,0.0
2014-03-05 00:00:00-05:00,67.51000213623047,67.83999633789062,67.43000030517578,67.44000244140625,46.48820877075195,1402700,0.0,0.0
2014-03-06 00:00:00-05:00,67.27999877929688,67.41999816894531,66.66000366210938,66.83999633789062,46.074607849121094,1713200,0.0,0.0
2014-03-07 00:00:00-05:00,66.94999694824219,67.0199966430664,66.41000366210938,66.94000244140625,46.1435432434082,1557900,0.0,0.0
2014-03-10 00:00:00-04:00,66.20999908447266,66.63999938964844,66.20999908447266,66.63999938964844,45.936737060546875,1349700,0.0,0.0
2014-03-11 00:00:00-04:00,66.5199966430664,66.91999816894531,66.43000030517578,66.70999908447266,45.98500061035156,1385500,0.0,0.0
2014-03-12 00:00:00-04:00,65.91999816894531,66.72000122070312,65.91000366210938,66.66999816894531,45.957420349121094,1885000,0.0,0.0
2014-03-13 00:00:00-04:00,66.69000244140625,66.87000274658203,65.08000183105469,65.2699966430664,44.99235534667969,2847100,0.0,0.0
2014-03-14 00:00:00-04:00,64.94999694824219,65.56999969482422,64.94000244140625,65.30000305175781,45.013038635253906,3541300,0.0,0.0
2014-03-17 00:00:00-04:00,65.62999725341797,66.22000122070312,65.62999725341797,65.9000015258789,45.426631927490234,1778300,0.0,0.0
2014-03-18 00:00:00-04:00,66.0,66.29000091552734,65.66000366210938,66.16999816894531,45.612762451171875,1934000,0.0,0.0
2014-03-19 00:00:00-04:00,66.3499984741211,66.55000305175781,65.33999633789062,65.75,45.3232421875,1329000,0.0,0.0
2014-03-20 00:00:00-04:00,64.83000183105469,65.16000366210938,64.70999908447266,64.8499984741211,44.702850341796875,1533100,0.0,0.0
2014-03-21 00:00:00-04:00,65.05999755859375,65.2699966430664,64.13999938964844,64.13999938964844,44.21342468261719,3551600,0.0,0.0
2014-03-24 00:00:00-04:00,64.48999786376953,64.5999984741211,63.56999969482422,63.90999984741211,44.05487823486328,1837600,0.0,0.0
2014-03-25 00:00:00-04:00,64.48999786376953,64.80000305175781,64.13999938964844,64.68000030517578,44.58565902709961,1982600,0.0,0.0
2014-03-26 00:00:00-04:00,65.01000213623047,65.30000305175781,64.37999725341797,64.37999725341797,44.37886047363281,1394000,0.0,0.0
2014-03-27 00:00:00-04:00,64.81999969482422,65.12000274658203,64.58000183105469,64.97000122070312,44.785560607910156,967700,0.0,0.0
2014-03-28 00:00:00-04:00,65.41999816894531,65.91000366210938,65.0999984741211,65.19999694824219,44.944114685058594,1398600,0.0,0.0
2014-03-31 00:00:00-04:00,65.01000213623047,65.0999984741211,64.5999984741211,64.87999725341797,44.72352600097656,1411300,0.0,0.0
2014-04-01 00:00:00-04:00,65.2300033569336,65.48999786376953,65.0199966430664,65.37999725341797,45.06818389892578,981100,0.0,0.0
2014-04-02 00:00:00-04:00,65.70999908447266,65.9800033569336,65.48999786376953,65.69000244140625,45.281883239746094,913700,0.0,0.0
2014-04-03 00:00:00-04:00,65.45999908447266,65.5199966430664,64.80999755859375,65.04000091552734,44.833824157714844,921900,0.0,0.0
2014-04-04 00:00:00-04:00,64.94000244140625,65.26000213623047,64.19000244140625,64.41999816894531,44.406436920166016,1337200,0.0,0.0
2014-04-07 00:00:00-04:00,64.12999725341797,64.5,63.689998626708984,64.05000305175781,44.15138626098633,2185200,0.0,0.0
2014-04-08 00:00:00-04:00,63.81999969482422,63.959999084472656,63.5,63.5,43.77226638793945,2050400,0.0,0.0
2014-04-09 00:00:00-04:00,63.7599983215332,64.47000122070312,63.58000183105469,64.45999908447266,44.43401336669922,2332900,0.0,0.0
2014-04-10 00:00:00-04:00,64.62999725341797,64.80999755859375,63.59000015258789,63.63999938964844,43.86875915527344,1696400,0.0,0.0
2014-04-11 00:00:00-04:00,62.7599983215332,63.34000015258789,62.540000915527344,62.599998474121094,43.151859283447266,1569100,0.0,0.0
2014-04-14 00:00:00-04:00,62.83000183105469,62.849998474121094,62.02000045776367,62.45000076293945,43.048458099365234,1703300,0.0,0.0
2014-04-15 00:00:00-04:00,62.650001525878906,62.779998779296875,61.79999923706055,62.52000045776367,43.09671401977539,1584400,0.0,0.0
2014-04-16 00:00:00-04:00,62.97999954223633,63.54999923706055,62.689998626708984,63.529998779296875,43.792938232421875,1902200,0.0,0.0
2014-04-17 00:00:00-04:00,63.63999938964844,63.75,63.25,63.4900016784668,43.76536560058594,1033900,0.0,0.0
2014-04-21 00:00:00-04:00,67.58000183105469,69.6500015258789,66.66000366210938,69.0999984741211,47.632484436035156,11384300,0.0,0.0
2014-04-22 00:00:00-04:00,67.80000305175781,68.33000183105469,66.55000305175781,66.86000061035156,46.08839416503906,6972000,0.0,0.0
2014-04-23 00:00:00-04:00,68.0,68.06999969482422,67.36000061035156,67.77999877929688,46.722572326660156,2359800,0.0,0.0
2014-04-24 00:00:00-04:00,70.63999938964844,70.70999908447266,68.83999633789062,69.01000213623047,47.57044982910156,7482200,0.0,0.0
2014-04-25 00:00:00-04:00,68.54000091552734,68.66000366210938,67.86000061035156,68.66000366210938,47.32918167114258,1979100,0.0,0.0
2014-04-28 00:00:00-04:00,79.69000244140625,79.9000015258789,73.8499984741211,77.01000213623047,53.085060119628906,26584400,0.0,0.0
2014-04-29 00:00:00-04:00,78.2300033569336,78.73999786376953,77.05000305175781,77.11000061035156,53.15400314331055,12397600,0.0,0.0
2014-04-30 00:00:00-04:00,78.69999694824219,79.20999908447266,78.1500015258789,79.05000305175781,54.49129104614258,9776100,0.0,0.0
2014-05-01 00:00:00-04:00,79.30999755859375,82.68000030517578,78.79000091552734,81.08999633789062,55.89752197265625,13060500,0.0,0.0
2014-05-02 00:00:00-04:00,80.75,81.55000305175781,80.7300033569336,81.0199966430664,55.849266052246094,9881700,0.0,0.0
2014-05-05 00:00:00-04:00,79.62000274658203,80.47000122070312,79.3499984741211,79.87000274658203,55.05653381347656,5797300,0.0,0.0
2014-05-06 00:00:00-04:00,79.55000305175781,79.58999633789062,78.87000274658203,79.12000274658203,54.53954315185547,7148600,0.0,0.0
2014-05-07 00:00:00-04:00,78.63999938964844,78.86000061035156,78.20999908447266,78.31999969482422,53.98808288574219,7104100,0.0,0.0
2014-05-08 00:00:00-04:00,79.19000244140625,79.80999755859375,78.54000091552734,78.73999786376953,54.27759552001953,7115000,0.0,0.0
2014-05-09 00:00:00-04:00,78.11000061035156,78.13999938964844,72.79000091552734,77.23999786376953,53.243595123291016,15000400,0.0,0.0
2014-05-12 00:00:00-04:00,78.05999755859375,78.20999908447266,77.58000183105469,77.87000274658203,53.67787551879883,2918800,0.0,0.0
2014-05-13 00:00:00-04:00,79.08000183105469,79.18000030517578,76.83000183105469,78.36000061035156,54.01566696166992,6332200,0.0,0.0
2014-05-14 00:00:00-04:00,78.18000030517578,78.6500015258789,77.7300033569336,78.29000091552734,53.96739959716797,5488100,0.0,0.0
2014-05-15 00:00:00-04:00,78.66999816894531,80.62000274658203,78.47000122070312,80.5199966430664,55.50459671020508,6511200,0.0,0.0
2014-05-16 00:00:00-04:00,80.77999877929688,81.19000244140625,79.6500015258789,80.27999877929688,55.33915328979492,8986600,0.0,0.0
2014-05-19 00:00:00-04:00,71.3499984741211,72.8499984741211,69.77999877929688,70.63999938964844,48.694053649902344,28732900,0.0,0.0
2014-05-20 00:00:00-04:00,72.12000274658203,72.69000244140625,71.25,72.19999694824219,49.769412994384766,12189400,0.0,0.0
2014-05-21 00:00:00-04:00,74.37000274658203,75.23999786376953,72.86000061035156,73.66999816894531,50.782711029052734,10305500,0.0,0.0
2014-05-22 00:00:00-04:00,73.05999755859375,73.66000366210938,71.75,72.16000366210938,49.7418327331543,7670300,0.0,0.0
2014-05-23 00:00:00-04:00,72.37000274658203,73.0,72.16000366210938,72.27999877929688,49.824546813964844,6672800,0.0,0.0
2014-05-27 00:00:00-04:00,71.02999877929688,72.06999969482422,70.7699966430664,72.05000305175781,49.665992736816406,6901400,0.0,0.0
2014-05-28 00:00:00-04:00,71.30000305175781,71.68000030517578,70.80000305175781,71.16000366210938,49.052494049072266,4028300,0.0,0.0
2014-05-29 00:00:00-04:00,72.0999984741211,72.16999816894531,71.11000061035156,71.29000091552734,49.142120361328125,3439400,0.0,0.0
2014-05-30 00:00:00-04:00,72.0,72.5,71.5999984741211,72.19999694824219,49.769412994384766,2801800,0.0,0.0
2014-06-02 00:00:00-04:00,72.73999786376953,73.56999969482422,72.6500015258789,73.37000274658203,50.5759162902832,3603700,0.0,0.0
2014-06-03 00:00:00-04:00,73.33999633789062,73.38999938964844,72.3499984741211,72.76000213623047,50.155426025390625,5142900,0.0,0.0
2014-06-04 00:00:00-04:00,72.88999938964844,73.0999984741211,72.44999694824219,72.6500015258789,50.079593658447266,3100100,0.0,0.0
2014-06-05 00:00:00-04:00,72.41000366210938,72.68000030517578,72.0,72.23999786376953,49.79697799682617,5376000,0.0,0.0
2014-06-06 00:00:00-04:00,72.11000061035156,73.0,72.06999969482422,72.86000061035156,50.224361419677734,2764800,0.0,0.0
2014-06-09 00:00:00-04:00,72.54000091552734,73.1500015258789,72.44999694824219,73.12000274658203,50.40358352661133,2691800,0.0,0.0
2014-06-10 00:00:00-04:00,72.30999755859375,72.94000244140625,72.30999755859375,72.80000305175781,50.1829948425293,4981900,0.0,0.0
2014-06-11 00:00:00-04:00,73.08999633789062,74.69000244140625,73.08999633789062,74.22000122070312,51.16184997558594,6040400,0.0,0.0
2014-06-12 00:00:00-04:00,74.72000122070312,74.75,73.72000122070312,74.04000091552734,51.03776550292969,2643600,0.0,0.0
2014-06-13 00:00:00-04:00,74.25,74.38999938964844,73.87000274658203,74.23999786376953,51.17561721801758,3075200,0.0,0.0
2014-06-16 00:00:00-04:00,73.87000274658203,74.5999984741211,73.58000183105469,73.73999786376953,50.830963134765625,2317900,0.0,0.0
2014-06-17 00:00:00-04:00,73.63999938964844,74.08000183105469,73.58999633789062,73.94000244140625,50.96883010864258,1029100,0.0,0.0
2014-06-18 00:00:00-04:00,74.62999725341797,74.87999725341797,74.33000183105469,74.8499984741211,51.596107482910156,2169500,0.0,0.0
2014-06-19 00:00:00-04:00,75.61000061035156,75.76000213623047,75.18000030517578,75.41000366210938,51.98214340209961,2471500,0.0,0.0
2014-06-20 00:00:00-04:00,76.12000274658203,76.1500015258789,75.37999725341797,75.47000122070312,52.02350616455078,4225500,0.0,0.0
2014-06-23 00:00:00-04:00,74.44000244140625,74.7300033569336,74.2699966430664,74.4000015258789,51.28593063354492,2418800,0.0,0.0
2014-06-24 00:00:00-04:00,73.5199966430664,74.13999938964844,73.51000213623047,73.63999938964844,50.762027740478516,1759600,0.0,0.0
2014-06-25 00:00:00-04:00,73.48999786376953,74.30999755859375,73.48999786376953,74.30999755859375,51.223876953125,2141900,0.0,0.0
2014-06-26 00:00:00-04:00,73.80999755859375,74.33000183105469,73.63999938964844,74.12999725341797,51.099788665771484,1884600,0.0,0.0
2014-06-27 00:00:00-04:00,74.3499984741211,74.5199966430664,74.06999969482422,74.0999984741211,51.0791130065918,1143400,0.0,0.0
2014-06-30 00:00:00-04:00,74.1500015258789,74.56999969482422,73.61000061035156,74.30999755859375,51.223876953125,1651000,0.0,0.0
2014-07-01 00:00:00-04:00,75.30000305175781,75.33000183105469,74.75,74.80000305175781,51.56165313720703,886000,0.0,0.0
2014-07-02 00:00:00-04:00,75.68000030517578,76.33000183105469,75.38999938964844,76.30999755859375,52.60252380371094,2589900,0.0,0.0
2014-07-03 00:00:00-04:00,76.01000213623047,76.01000213623047,75.37000274658203,75.63999938964844,52.14067840576172,1016300,0.0,0.0
2014-07-07 00:00:00-04:00,76.05999755859375,76.56999969482422,75.73999786376953,75.86000061035156,52.29233932495117,1842100,0.0,0.0
2014-07-08 00:00:00-04:00,75.23999786376953,75.26000213623047,74.4000015258789,74.66999816894531,51.4720458984375,1480400,0.0,0.0
2014-07-09 00:00:00-04:00,74.63999938964844,75.08000183105469,74.36000061035156,75.04000091552734,51.72709274291992,2559000,0.0,0.0
2014-07-10 00:00:00-04:00,74.12999725341797,74.77999877929688,74.08000183105469,74.72000122070312,51.506500244140625,1022500,0.0,0.0
2014-07-11 00:00:00-04:00,74.29000091552734,74.6500015258789,74.25,74.51000213623047,51.36174392700195,615500,0.0,0.0
2014-07-14 00:00:00-04:00,74.69000244140625,74.98999786376953,74.56999969482422,74.86000061035156,51.602989196777344,1221300,0.0,0.0
2014-07-15 00:00:00-04:00,75.56999969482422,75.88999938964844,74.97000122070312,75.01000213623047,51.706417083740234,1551000,0.0,0.0
2014-07-16 00:00:00-04:00,75.0199966430664,75.0199966430664,74.37000274658203,74.5199966430664,51.36864471435547,1725500,0.0,0.0
2014-07-17 00:00:00-04:00,73.88999938964844,74.31999969482422,72.9000015258789,72.94000244140625,50.279510498046875,2518900,0.0,0.0
2014-07-18 00:00:00-04:00,74.08000183105469,74.68000030517578,73.70999908447266,74.5199966430664,51.36864471435547,2435800,0.0,0.0
2014-07-21 00:00:00-04:00,74.62999725341797,75.06999969482422,74.48999786376953,75.01000213623047,51.706417083740234,1064200,0.0,0.0
2014-07-22 00:00:00-04:00,75.41000366210938,75.55000305175781,75.05000305175781,75.1500015258789,51.802913665771484,1541100,0.0,0.0
2014-07-23 00:00:00-04:00,75.08999633789062,75.41999816894531,74.91999816894531,74.94000244140625,51.65816116333008,2742900,0.0,0.0
2014-07-24 00:00:00-04:00,74.6500015258789,75.16999816894531,74.48999786376953,74.5199966430664,51.36864471435547,1402500,0.0,0.0
2014-07-25 00:00:00-04:00,74.51000213623047,74.73999786376953,74.23999786376953,74.4800033569336,51.341064453125,1465800,0.0,0.0
2014-07-28 00:00:00-04:00,74.56999969482422,74.58000183105469,73.81999969482422,73.88999938964844,50.934364318847656,1532000,0.0,0.0
2014-07-29 00:00:00-04:00,73.48999786376953,73.56999969482422,73.01000213623047,73.11000061035156,50.39668655395508,3877700,0.0,0.0
2014-07-30 00:00:00-04:00,73.63999938964844,73.75,73.12000274658203,73.19000244140625,50.45182800292969,3356200,0.0,0.0
2014-07-31 00:00:00-04:00,73.69000244140625,73.86000061035156,72.56999969482422,72.79000091552734,50.176109313964844,6207700,0.0,0.0
2014-08-01 00:00:00-04:00,72.63999938964844,73.19000244140625,72.58000183105469,72.58999633789062,50.03824234008789,3679400,0.0,0.0
2014-08-04 00:00:00-04:00,73.4800033569336,73.88999938964844,73.25,73.69000244140625,50.7964973449707,5072900,0.0,0.0
2014-08-05 00:00:00-04:00,73.33999633789062,73.33999633789062,72.4000015258789,72.41000366210938,49.91415786743164,9476700,0.0,0.0
2014-08-06 00:00:00-04:00,69.70999908447266,71.0199966430664,68.69999694824219,70.91000366210938,48.88016128540039,7636300,0.0,0.0
2014-08-07 00:00:00-04:00,70.80999755859375,71.02999877929688,69.91999816894531,70.01000213623047,48.25978469848633,1857200,0.0,0.0
2014-08-08 00:00:00-04:00,69.56999969482422,69.7699966430664,67.4800033569336,68.48999786376953,47.21200180053711,3700800,0.0,0.0
2014-08-11 00:00:00-04:00,70.16999816894531,70.19000244140625,69.25,69.30999755859375,47.77724075317383,2605800,0.0,0.0
2014-08-12 00:00:00-04:00,69.16000366210938,69.55000305175781,69.06999969482422,69.20999908447266,47.70831298828125,1664300,0.0,0.0
2014-08-13 00:00:00-04:00,68.38999938964844,68.80000305175781,68.06999969482422,68.5,47.84101104736328,2320500,0.9,0.0
2014-08-14 00:00:00-04:00,68.25,68.73999786376953,68.0,68.63999938964844,47.93878173828125,2100800,0.0,0.0
2014-08-15 00:00:00-04:00,68.43000030517578,68.61000061035156,68.02999877929688,68.54000091552734,47.868953704833984,2320600,0.0,0.0
2014-08-18 00:00:00-04:00,70.01000213623047,70.3499984741211,69.87999725341797,70.27999877929688,49.08418273925781,2140100,0.0,0.0
2014-08-19 00:00:00-04:00,70.47000122070312,70.69999694824219,70.12999725341797,70.5199966430664,49.25178909301758,1352900,0.0,0.0
2014-08-20 00:00:00-04:00,71.4000015258789,71.41999816894531,70.75,71.0,49.5870361328125,1693500,0.0,0.0
2014-08-21 00:00:00-04:00,72.5999984741211,73.55000305175781,72.44000244140625,73.19000244140625,51.11654281616211,3553100,0.0,0.0
2014-08-22 00:00:00-04:00,73.68000030517578,73.69999694824219,72.86000061035156,73.05000305175781,51.01877975463867,1924500,0.0,0.0
2014-08-25 00:00:00-04:00,73.51000213623047,73.9800033569336,73.37000274658203,73.88999938964844,51.60543441772461,1757400,0.0,0.0
2014-08-26 00:00:00-04:00,73.91999816894531,74.12999725341797,73.55000305175781,73.73999786376953,51.500675201416016,1527500,0.0,0.0
2014-08-27 00:00:00-04:00,73.87000274658203,73.91999816894531,73.33000183105469,73.55000305175781,51.367977142333984,1271700,0.0,0.0
2014-08-28 00:00:00-04:00,73.77999877929688,74.41999816894531,73.76000213623047,74.23999786376953,51.8498649597168,1236600,0.0,0.0
2014-08-29 00:00:00-04:00,75.56999969482422,76.23999786376953,75.36000061035156,76.01000213623047,53.0860710144043,2995600,0.0,0.0
2014-09-02 00:00:00-04:00,73.83000183105469,75.04000091552734,73.3499984741211,74.63999938964844,52.129234313964844,2226300,0.0,0.0
2014-09-03 00:00:00-04:00,75.44999694824219,75.62000274658203,74.9800033569336,75.51000213623047,52.73686218261719,1218000,0.0,0.0
2014-09-04 00:00:00-04:00,74.43000030517578,75.04000091552734,74.20999908447266,74.56999969482422,52.08034896850586,792700,0.0,0.0
2014-09-05 00:00:00-04:00,74.2300033569336,74.73999786376953,74.16000366210938,74.73999786376953,52.1990852355957,1091700,0.0,0.0
2014-09-08 00:00:00-04:00,73.23999786376953,74.08999633789062,73.19999694824219,73.86000061035156,51.58448028564453,1756900,0.0,0.0
2014-09-09 00:00:00-04:00,73.5199966430664,73.81999969482422,73.25,73.58000183105469,51.38892364501953,1191800,0.0,0.0
2014-09-10 00:00:00-04:00,74.0999984741211,74.7699966430664,73.80000305175781,74.69999694824219,52.171142578125,933200,0.0,0.0
2014-09-11 00:00:00-04:00,74.08000183105469,74.08999633789062,73.19000244140625,73.94000244140625,51.640357971191406,1191100,0.0,0.0
2014-09-12 00:00:00-04:00,73.97000122070312,73.97000122070312,72.48999786376953,73.30000305175781,51.193382263183594,1798700,0.0,0.0
2014-09-15 00:00:00-04:00,73.77999877929688,73.95999908447266,73.44000244140625,73.77999877929688,51.52861022949219,745400,0.0,0.0
2014-09-16 00:00:00-04:00,72.75,73.91999816894531,72.6500015258789,73.63999938964844,51.43082809448242,2391200,0.0,0.0
2014-09-17 00:00:00-04:00,73.4000015258789,73.69000244140625,72.94000244140625,73.26000213623047,51.165435791015625,1998700,0.0,0.0
2014-09-18 00:00:00-04:00,74.33000183105469,74.5999984741211,74.0199966430664,74.16000366210938,51.79401779174805,1023700,0.0,0.0
2014-09-19 00:00:00-04:00,74.77999877929688,75.0199966430664,74.5,74.72000122070312,52.18511199951172,1609600,0.0,0.0
2014-09-22 00:00:00-04:00,74.54000091552734,74.94999694824219,74.47000122070312,74.66999816894531,52.15019989013672,1566300,0.0,0.0
2014-09-23 00:00:00-04:00,70.5,74.04000091552734,70.44999694824219,71.12999725341797,49.67782974243164,8250500,0.0,0.0
2014-09-24 00:00:00-04:00,71.81999969482422,72.0999984741211,71.2699966430664,71.66000366210938,50.04798126220703,1639700,0.0,0.0
2014-09-25 00:00:00-04:00,71.93000030517578,71.93000030517578,70.83000183105469,70.98999786376953,49.58005142211914,1192300,0.0,0.0
2014-09-26 00:00:00-04:00,71.70999908447266,72.12999725341797,71.31999969482422,71.95999908447266,50.257511138916016,1765400,0.0,0.0
2014-09-29 00:00:00-04:00,71.41999816894531,72.33999633789062,71.29000091552734,71.94999694824219,50.250518798828125,1087300,0.0,0.0
2014-09-30 00:00:00-04:00,71.73999786376953,72.27999877929688,71.33999633789062,71.44000244140625,49.894325256347656,2912800,0.0,0.0
2014-10-01 00:00:00-04:00,71.2300033569336,71.26000213623047,70.25,70.52999877929688,49.258785247802734,1125200,0.0,0.0
2014-10-02 00:00:00-04:00,70.16999816894531,70.26000213623047,68.91999816894531,69.27999877929688,48.38577651977539,1687700,0.0,0.0
2014-10-03 00:00:00-04:00,69.48999786376953,69.94999694824219,69.38999938964844,69.83999633789062,48.77687454223633,1022100,0.0,0.0
2014-10-06 00:00:00-04:00,70.4800033569336,70.63999938964844,69.38999938964844,69.9800033569336,48.874656677246094,966700,0.0,0.0
2014-10-07 00:00:00-04:00,69.66000366210938,69.7699966430664,69.01000213623047,69.02999877929688,48.21116638183594,1310200,0.0,0.0
2014-10-08 00:00:00-04:00,68.25,69.63999938964844,68.19000244140625,69.41999816894531,48.483543395996094,1300800,0.0,0.0
2014-10-09 00:00:00-04:00,68.62999725341797,68.81999969482422,67.1500015258789,67.1500015258789,46.898155212402344,2668900,0.0,0.0
2014-10-10 00:00:00-04:00,67.47000122070312,69.27999877929688,67.33999633789062,68.41000366210938,47.77815628051758,5632000,0.0,0.0
2014-10-13 00:00:00-04:00,70.11000061035156,70.33999633789062,69.37999725341797,69.44000244140625,48.49751663208008,3107600,0.0,0.0
2014-10-14 00:00:00-04:00,69.62000274658203,70.44000244140625,69.55999755859375,69.80999755859375,48.75592041015625,2677600,0.0,0.0
2014-10-15 00:00:00-04:00,68.52999877929688,68.9800033569336,67.1500015258789,68.41000366210938,47.77815628051758,4363300,0.0,0.0
2014-10-16 00:00:00-04:00,66.47000122070312,68.33000183105469,66.37999725341797,67.55999755859375,47.18449783325195,3884300,0.0,0.0
2014-10-17 00:00:00-04:00,67.22000122070312,67.94000244140625,67.16000366210938,67.80999755859375,47.359107971191406,4173200,0.0,0.0
2014-10-20 00:00:00-04:00,67.0999984741211,68.08000183105469,67.0199966430664,67.94999694824219,47.45687484741211,2032600,0.0,0.0
2014-10-21 00:00:00-04:00,67.81999969482422,69.11000061035156,67.79000091552734,69.0,48.19021224975586,2890300,0.0,0.0
2014-10-22 00:00:00-04:00,68.9000015258789,69.61000061035156,68.76000213623047,68.77999877929688,48.03656768798828,1901800,0.0,0.0
2014-10-23 00:00:00-04:00,69.04000091552734,69.93000030517578,68.94999694824219,69.3499984741211,48.434654235839844,1187800,0.0,0.0
2014-10-24 00:00:00-04:00,69.20999908447266,70.31999969482422,69.16999816894531,70.12000274658203,48.972434997558594,2346500,0.0,0.0
2014-10-27 00:00:00-04:00,70.22000122070312,70.9000015258789,70.19999694824219,70.76000213623047,49.41941833496094,1178500,0.0,0.0
2014-10-28 00:00:00-04:00,71.08000183105469,71.94000244140625,71.04000091552734,71.43000030517578,49.88734817504883,2171300,0.0,0.0
2014-10-29 00:00:00-04:00,71.55000305175781,72.16000366210938,71.2300033569336,71.52999877929688,49.95718765258789,1444700,0.0,0.0
2014-10-30 00:00:00-04:00,72.0199966430664,72.76000213623047,71.9800033569336,72.5999984741211,50.70448303222656,1298800,0.0,0.0
2014-10-31 00:00:00-04:00,72.58999633789062,73.12999725341797,72.30000305175781,72.94000244140625,50.941951751708984,2509600,0.0,0.0
2014-11-03 00:00:00-05:00,72.4800033569336,72.66999816894531,72.13999938964844,72.55999755859375,50.676551818847656,716700,0.0,0.0
2014-11-04 00:00:00-05:00,73.62999725341797,73.69999694824219,73.05000305175781,73.36000061035156,51.23527526855469,1362900,0.0,0.0
2014-11-05 00:00:00-05:00,74.02999877929688,74.05000305175781,73.44999694824219,73.47000122070312,51.31210708618164,1439300,0.0,0.0
2014-11-06 00:00:00-05:00,72.9800033569336,73.38999938964844,72.5199966430664,72.8499984741211,50.879085540771484,1790500,0.0,0.0
2014-11-07 00:00:00-05:00,73.16999816894531,73.20999908447266,72.45999908447266,72.87999725341797,50.90003967285156,2907400,0.0,0.0
2014-11-10 00:00:00-05:00,73.4000015258789,73.48999786376953,72.9800033569336,73.20999908447266,51.13051986694336,1202700,0.0,0.0
2014-11-11 00:00:00-05:00,73.93000030517578,74.36000061035156,73.75,74.19999694824219,51.82194137573242,1241000,0.0,0.0
2014-11-12 00:00:00-05:00,74.12999725341797,74.37000274658203,73.97000122070312,74.26000213623047,51.86384963989258,1570800,0.0,0.0
2014-11-13 00:00:00-05:00,74.41000366210938,74.87999725341797,74.36000061035156,74.52999877929688,52.05241394042969,1189100,0.0,0.0
2014-11-14 00:00:00-05:00,72.7699966430664,73.05000305175781,72.63999938964844,72.8499984741211,50.879085540771484,1189500,0.0,0.0
2014-11-17 00:00:00-05:00,71.72000122070312,72.72000122070312,71.66999816894531,72.5,50.6346435546875,2192300,0.0,0.0
2014-11-18 00:00:00-05:00,72.68000030517578,74.04000091552734,72.68000030517578,73.9800033569336,51.66828536987305,1956100,0.0,0.0
2014-11-19 00:00:00-05:00,74.6500015258789,75.94000244140625,74.33000183105469,75.37999725341797,52.646060943603516,2174600,0.0,0.0
2014-11-20 00:00:00-05:00,74.0199966430664,74.38999938964844,73.69999694824219,74.20999908447266,51.82891845703125,1639100,0.0,0.0
2014-11-21 00:00:00-05:00,74.52999877929688,74.66999816894531,74.11000061035156,74.55999755859375,52.0733642578125,1159400,0.0,0.0
2014-11-24 00:00:00-05:00,74.19000244140625,74.4800033569336,73.87999725341797,74.08000183105469,51.738128662109375,1120700,0.0,0.0
2014-11-25 00:00:00-05:00,73.4800033569336,73.9800033569336,73.41999816894531,73.66000366210938,51.444801330566406,1402000,0.0,0.0
2014-11-26 00:00:00-05:00,73.76000213623047,74.1500015258789,73.6500015258789,73.91000366210938,51.61940002441406,626700,0.0,0.0
2014-11-28 00:00:00-05:00,74.36000061035156,75.06999969482422,74.0999984741211,74.16999816894531,51.80098342895508,922600,0.0,0.0
2014-12-01 00:00:00-05:00,74.36000061035156,74.51000213623047,73.86000061035156,73.93000030517578,51.63336944580078,1418500,0.0,0.0
2014-12-02 00:00:00-05:00,73.23999786376953,73.5199966430664,72.58000183105469,72.61000061035156,50.711463928222656,2228700,0.0,0.0
2014-12-03 00:00:00-05:00,73.33999633789062,73.97000122070312,73.08999633789062,73.81999969482422,51.55655288696289,2185100,0.0,0.0
2014-12-04 00:00:00-05:00,73.88999938964844,74.37000274658203,73.76000213623047,73.94000244140625,51.640357971191406,1207800,0.0,0.0
2014-12-05 00:00:00-05:00,74.3499984741211,74.3499984741211,73.48999786376953,73.72000122070312,51.48670196533203,1061600,0.0,0.0
2014-12-08 00:00:00-05:00,73.62999725341797,73.93000030517578,72.97000122070312,73.12000274658203,51.06766128540039,846900,0.0,0.0
2014-12-09 00:00:00-05:00,72.2300033569336,72.26000213623047,71.43000030517578,72.02999877929688,50.3063850402832,996000,0.0,0.0
2014-12-10 00:00:00-05:00,73.0999984741211,74.6500015258789,72.95999908447266,73.62999725341797,51.423858642578125,7782600,0.0,0.0
2014-12-11 00:00:00-05:00,73.7300033569336,74.1500015258789,73.48999786376953,73.5999984741211,51.402896881103516,3362700,0.0,0.0
2014-12-12 00:00:00-05:00,73.13999938964844,73.37999725341797,71.75,71.80000305175781,50.14575958251953,1913700,0.0,0.0
2014-12-15 00:00:00-05:00,70.43000030517578,70.94999694824219,69.31999969482422,69.73999786376953,48.707035064697266,2829900,0.0,0.0
2014-12-16 00:00:00-05:00,69.77999877929688,71.0,69.55999755859375,69.55999755859375,48.581321716308594,1559400,0.0,0.0
2014-12-17 00:00:00-05:00,69.6500015258789,70.56999969482422,69.5,70.19000244140625,49.02131652832031,2216100,0.0,0.0
2014-12-18 00:00:00-05:00,71.08000183105469,72.1500015258789,70.83000183105469,72.11000061035156,50.362266540527344,1211100,0.0,0.0
2014-12-19 00:00:00-05:00,71.11000061035156,72.05999755859375,70.80000305175781,71.69000244140625,50.06892776489258,1487900,0.0,0.0
2014-12-22 00:00:00-05:00,72.72000122070312,72.7300033569336,71.72000122070312,72.08999633789062,50.34829330444336,1061200,0.0,0.0
2014-12-23 00:00:00-05:00,71.30999755859375,71.4000015258789,69.76000213623047,70.18000030517578,49.01434326171875,1495600,0.0,0.0
2014-12-24 00:00:00-05:00,70.47000122070312,71.05000305175781,70.38999938964844,70.44000244140625,49.1959228515625,810800,0.0,0.0
2014-12-26 00:00:00-05:00,70.69999694824219,71.22000122070312,70.69000244140625,70.91000366210938,49.524169921875,439700,0.0,0.0
2014-12-29 00:00:00-05:00,70.66000366210938,71.08000183105469,70.56999969482422,70.76000213623047,49.41941833496094,1316700,0.0,0.0
2014-12-30 00:00:00-05:00,70.75,71.02999877929688,70.5,70.69000244140625,49.37053680419922,664500,0.0,0.0
2014-12-31 00:00:00-05:00,71.0199966430664,71.48999786376953,70.33000183105469,70.37999725341797,49.154022216796875,552700,0.0,0.0
2015-01-02 00:00:00-05:00,71.06999969482422,71.22000122070312,70.30000305175781,70.4000015258789,49.167991638183594,796700,0.0,0.0
2015-01-05 00:00:00-05:00,70.30999755859375,70.3499984741211,69.3499984741211,69.86000061035156,48.79084777832031,1488400,0.0,0.0
2015-01-06 00:00:00-05:00,69.19000244140625,69.55999755859375,67.62000274658203,68.16000366210938,47.60354995727539,2497800,0.0,0.0
2015-01-07 00:00:00-05:00,67.9000015258789,68.27999877929688,67.45999908447266,68.08999633789062,47.55466079711914,1517700,0.0,0.0
2015-01-08 00:00:00-05:00,68.54000091552734,69.51000213623047,68.48999786376953,69.06999969482422,48.239105224609375,2156100,0.0,0.0
2015-01-09 00:00:00-05:00,69.68000030517578,69.8499984741211,69.2699966430664,69.44000244140625,48.49751663208008,1868600,0.0,0.0
2015-01-12 00:00:00-05:00,70.75,71.0999984741211,70.01000213623047,70.79000091552734,49.440364837646484,1661400,0.0,0.0
2015-01-13 00:00:00-05:00,71.62000274658203,71.87000274658203,70.20999908447266,70.76000213623047,49.41941833496094,1284500,0.0,0.0
2015-01-14 00:00:00-05:00,70.79000091552734,71.55000305175781,70.56999969482422,71.26000213623047,49.76861572265625,1493200,0.0,0.0
2015-01-15 00:00:00-05:00,70.94999694824219,71.87000274658203,70.72000122070312,71.30000305175781,49.79655838012695,1438600,0.0,0.0
2015-01-16 00:00:00-05:00,71.08999633789062,72.12000274658203,70.94999694824219,72.05000305175781,50.320350646972656,1132100,0.0,0.0
2015-01-20 00:00:00-05:00,71.72000122070312,72.04000091552734,71.19000244140625,71.77999877929688,50.13179397583008,1405700,0.0,0.0
2015-01-21 00:00:00-05:00,71.33999633789062,71.38999938964844,70.63999938964844,71.06999969482422,49.63591003417969,1761000,0.0,0.0
2015-01-22 00:00:00-05:00,70.12999725341797,70.73999786376953,70.0199966430664,70.62999725341797,49.32862091064453,1536300,0.0,0.0
2015-01-23 00:00:00-05:00,71.01000213623047,71.36000061035156,70.56999969482422,70.69000244140625,49.37053680419922,1581800,0.0,0.0
2015-01-26 00:00:00-05:00,71.04000091552734,71.08000183105469,70.47000122070312,70.56999969482422,49.286712646484375,3022800,0.0,0.0
2015-01-27 00:00:00-05:00,71.51000213623047,72.22000122070312,71.26000213623047,71.88999938964844,50.20861053466797,4827800,0.0,0.0
2015-01-28 00:00:00-05:00,71.9000015258789,72.08000183105469,70.83000183105469,71.01000213623047,49.59401321411133,1264700,0.0,0.0
2015-01-29 00:00:00-05:00,72.12000274658203,72.20999908447266,71.30000305175781,71.88999938964844,50.20861053466797,1824700,0.0,0.0
2015-01-30 00:00:00-05:00,71.80999755859375,72.16000366210938,70.94000244140625,71.04000091552734,49.614967346191406,1715200,0.0,0.0
2015-02-02 00:00:00-05:00,71.30000305175781,71.33999633789062,69.81999969482422,70.61000061035156,49.31465530395508,1920700,0.0,0.0
2015-02-03 00:00:00-05:00,70.69999694824219,71.19000244140625,70.0199966430664,71.11000061035156,49.663856506347656,1746300,0.0,0.0
2015-02-04 00:00:00-05:00,71.83000183105469,71.88999938964844,70.9800033569336,71.05999755859375,49.628936767578125,3299700,0.0,0.0
2015-02-05 00:00:00-05:00,69.79000091552734,69.9000015258789,68.87999725341797,69.25,48.36481475830078,3743800,0.0,0.0
2015-02-06 00:00:00-05:00,68.2300033569336,68.31999969482422,67.5199966430664,67.69000244140625,47.275299072265625,2953300,0.0,0.0
2015-02-09 00:00:00-05:00,67.37999725341797,68.06999969482422,67.33000183105469,67.72000122070312,47.29624938964844,1683500,0.0,0.0
2015-02-10 00:00:00-05:00,67.7300033569336,68.61000061035156,67.70999908447266,68.25,47.66639709472656,2438100,0.0,0.0
2015-02-11 00:00:00-05:00,67.88999938964844,68.7300033569336,67.86000061035156,68.44000244140625,47.799110412597656,1391300,0.0,0.0
2015-02-12 00:00:00-05:00,69.16000366210938,69.81999969482422,68.9800033569336,69.76000213623047,48.72100067138672,1433500,0.0,0.0
2015-02-13 00:00:00-05:00,69.69999694824219,70.25,69.61000061035156,69.95999908447266,48.860687255859375,2170000,0.0,0.0
2015-02-17 00:00:00-05:00,69.06999969482422,70.18000030517578,69.0,69.61000061035156,48.61625289916992,2492000,0.0,0.0
2015-02-18 00:00:00-05:00,67.30000305175781,67.7699966430664,67.13999938964844,67.55999755859375,48.50853729248047,1803900,1.9,0.0
2015-02-19 00:00:00-05:00,67.69000244140625,68.62000274658203,67.66000366210938,67.94000244140625,48.78138732910156,2106900,0.0,0.0
2015-02-20 00:00:00-05:00,67.5199966430664,68.6500015258789,67.41000366210938,68.58000183105469,49.240909576416016,1170100,0.0,0.0
2015-02-23 00:00:00-05:00,69.0199966430664,69.41999816894531,68.94000244140625,69.30000305175781,49.75788116455078,1033700,0.0,0.0
2015-02-24 00:00:00-05:00,69.38999938964844,69.88999938964844,69.16000366210938,69.31999969482422,49.77223205566406,2076700,0.0,0.0
2015-02-25 00:00:00-05:00,69.19999694824219,69.9800033569336,68.88999938964844,69.66999816894531,50.02353286743164,1927200,0.0,0.0
2015-02-26 00:00:00-05:00,69.0,69.16999816894531,68.68000030517578,69.01000213623047,49.54965591430664,1043600,0.0,0.0
2015-02-27 00:00:00-05:00,68.95999908447266,69.36000061035156,68.80999755859375,68.9000015258789,49.47066879272461,649100,0.0,0.0
2015-03-02 00:00:00-05:00,68.8499984741211,68.93000030517578,68.63999938964844,68.7300033569336,49.348609924316406,769200,0.0,0.0
2015-03-03 00:00:00-05:00,68.63999938964844,68.7300033569336,68.0199966430664,68.27999877929688,49.0255012512207,1101800,0.0,0.0
2015-03-04 00:00:00-05:00,67.66000366210938,67.9800033569336,67.22000122070312,67.79000091552734,48.67369079589844,1323800,0.0,0.0
2015-03-05 00:00:00-05:00,68.05000305175781,68.63999938964844,68.05000305175781,68.18000030517578,48.95370864868164,1079700,0.0,0.0
2015-03-06 00:00:00-05:00,66.93000030517578,67.05000305175781,66.1500015258789,66.2699966430664,47.58230972290039,1356300,0.0,0.0
2015-03-09 00:00:00-04:00,65.93000030517578,66.20999908447266,65.61000061035156,66.16999816894531,47.51051712036133,919900,0.0,0.0
2015-03-10 00:00:00-04:00,65.41999816894531,65.4800033569336,64.5,64.56999969482422,46.3617057800293,1168500,0.0,0.0
2015-03-11 00:00:00-04:00,64.8499984741211,64.9800033569336,64.26000213623047,64.44000244140625,46.268367767333984,947100,0.0,0.0
2015-03-12 00:00:00-04:00,66.4800033569336,67.18000030517578,66.22000122070312,66.8499984741211,47.99875259399414,2040900,0.0,0.0
2015-03-13 00:00:00-04:00,66.73999786376953,67.44999694824219,66.58999633789062,67.3499984741211,48.35775375366211,1443200,0.0,0.0
2015-03-16 00:00:00-04:00,67.7699966430664,68.9800033569336,67.70999908447266,68.72000122070312,49.3414306640625,1577000,0.0,0.0
2015-03-17 00:00:00-04:00,68.11000061035156,68.93000030517578,67.80000305175781,68.7300033569336,49.348609924316406,1203000,0.0,0.0
2015-03-18 00:00:00-04:00,69.0,71.05999755859375,68.94000244140625,70.87000274658203,50.88515090942383,1939400,0.0,0.0
2015-03-19 00:00:00-04:00,70.62000274658203,71.05000305175781,70.30999755859375,70.9000015258789,50.90669250488281,1538800,0.0,0.0
2015-03-20 00:00:00-04:00,72.04000091552734,73.0,71.8499984741211,72.69999694824219,52.19908905029297,2462500,0.0,0.0
2015-03-23 00:00:00-04:00,72.48999786376953,72.5999984741211,71.9800033569336,72.22000122070312,51.85446548461914,777400,0.0,0.0
2015-03-24 00:00:00-04:00,71.94999694824219,72.43000030517578,71.41000366210938,71.44999694824219,51.30160140991211,1616600,0.0,0.0
2015-03-25 00:00:00-04:00,71.72000122070312,71.83000183105469,70.45999908447266,70.51000213623047,50.62666320800781,1256800,0.0,0.0
2015-03-26 00:00:00-04:00,70.27999877929688,70.27999877929688,69.55000305175781,69.7699966430664,50.095333099365234,895800,0.0,0.0
2015-03-27 00:00:00-04:00,70.18000030517578,70.31999969482422,69.58999633789062,70.06999969482422,50.310733795166016,740800,0.0,0.0
2015-03-30 00:00:00-04:00,69.47000122070312,70.16000366210938,69.44999694824219,69.94000244140625,50.21739959716797,842200,0.0,0.0
2015-03-31 00:00:00-04:00,68.23999786376953,69.25,68.23999786376953,68.43000030517578,49.133216857910156,1241200,0.0,0.0
2015-04-01 00:00:00-04:00,68.95999908447266,69.04000091552734,68.43000030517578,68.79000091552734,49.39169692993164,868000,0.0,0.0
2015-04-02 00:00:00-04:00,69.05000305175781,69.47000122070312,68.58000183105469,68.80000305175781,49.39888000488281,1240000,0.0,0.0
2015-04-06 00:00:00-04:00,68.97000122070312,69.69999694824219,68.93000030517578,69.44000244140625,49.8583984375,971400,0.0,0.0
2015-04-07 00:00:00-04:00,69.62999725341797,70.05000305175781,69.5999984741211,69.61000061035156,49.98046112060547,733700,0.0,0.0
2015-04-08 00:00:00-04:00,70.4000015258789,70.44999694824219,69.62000274658203,69.87999725341797,50.17432403564453,892500,0.0,0.0
2015-04-09 00:00:00-04:00,70.3499984741211,70.52999877929688,69.97000122070312,70.16000366210938,50.3753662109375,889100,0.0,0.0
2015-04-10 00:00:00-04:00,68.81999969482422,70.0199966430664,68.80999755859375,69.91000366210938,50.19586181640625,1145800,0.0,0.0
2015-04-13 00:00:00-04:00,69.19999694824219,69.68000030517578,68.76000213623047,68.83999633789062,49.427581787109375,1070500,0.0,0.0
2015-04-14 00:00:00-04:00,70.08000183105469,71.30000305175781,69.95999908447266,71.0199966430664,50.99284362792969,1801400,0.0,0.0
2015-04-15 00:00:00-04:00,72.05999755859375,72.18000030517578,71.5999984741211,71.91000366210938,51.63187026977539,1265800,0.0,0.0
2015-04-16 00:00:00-04:00,72.63999938964844,72.69000244140625,71.80999755859375,72.02999877929688,51.71802520751953,1193700,0.0,0.0
2015-04-17 00:00:00-04:00,71.62000274658203,71.73999786376953,70.86000061035156,71.31999969482422,51.20824432373047,973300,0.0,0.0
2015-04-20 00:00:00-04:00,71.6500015258789,71.80999755859375,71.4000015258789,71.55000305175781,51.373390197753906,555800,0.0,0.0
2015-04-21 00:00:00-04:00,72.33999633789062,72.70999908447266,72.12999725341797,72.69999694824219,52.19908905029297,987100,0.0,0.0
2015-04-22 00:00:00-04:00,73.37000274658203,73.37999725341797,72.9000015258789,73.3499984741211,52.66580581665039,1525000,0.0,0.0
2015-04-23 00:00:00-04:00,72.48999786376953,73.2699966430664,72.31999969482422,73.12999725341797,52.50783157348633,1036100,0.0,0.0
2015-04-24 00:00:00-04:00,71.27999877929688,72.43000030517578,71.05000305175781,71.79000091552734,51.54570770263672,1876900,0.0,0.0
2015-04-27 00:00:00-04:00,71.69000244140625,71.81999969482422,70.66999816894531,70.76000213623047,50.80616760253906,1485900,0.0,0.0
2015-04-28 00:00:00-04:00,69.87000274658203,70.18000030517578,69.30999755859375,69.94999694824219,50.22457504272461,1985300,0.0,0.0
2015-04-29 00:00:00-04:00,69.0999984741211,69.81999969482422,68.62999725341797,68.77999877929688,49.38451385498047,1546900,0.0,0.0
2015-04-30 00:00:00-04:00,68.69999694824219,69.31999969482422,68.2300033569336,68.4800033569336,49.16911315917969,1052400,0.0,0.0
2015-05-01 00:00:00-04:00,68.08999633789062,68.44000244140625,67.38999938964844,67.87999725341797,48.73830032348633,1157700,0.0,0.0
2015-05-04 00:00:00-04:00,68.7300033569336,68.94000244140625,68.5,68.51000213623047,49.1906623840332,910100,0.0,0.0
2015-05-05 00:00:00-04:00,67.95999908447266,68.06999969482422,67.23999786376953,67.33999633789062,48.3505859375,1290600,0.0,0.0
2015-05-06 00:00:00-04:00,67.52999877929688,67.5999984741211,67.04000091552734,67.36000061035156,48.36494445800781,712700,0.0,0.0
2015-05-07 00:00:00-04:00,67.29000091552734,67.5199966430664,66.7699966430664,67.27999877929688,48.307498931884766,903800,0.0,0.0
2015-05-08 00:00:00-04:00,69.66000366210938,70.2699966430664,69.5999984741211,69.91999816894531,50.203041076660156,1762800,0.0,0.0
2015-05-11 00:00:00-04:00,70.55000305175781,70.66999816894531,70.16000366210938,70.16000366210938,50.3753662109375,1251900,0.0,0.0
2015-05-12 00:00:00-04:00,68.95999908447266,69.55999755859375,68.83000183105469,69.0199966430664,49.55682373046875,968200,0.0,0.0
2015-05-13 00:00:00-04:00,69.2699966430664,69.58000183105469,68.91000366210938,69.3499984741211,49.79377365112305,1240400,0.0,0.0
2015-05-14 00:00:00-04:00,69.9000015258789,70.2699966430664,69.54000091552734,70.0999984741211,50.332275390625,843100,0.0,0.0
2015-05-15 00:00:00-04:00,68.94999694824219,69.30999755859375,68.6500015258789,69.29000091552734,49.750694274902344,1268300,0.0,0.0
2015-05-18 00:00:00-04:00,68.80000305175781,69.0199966430664,68.69000244140625,68.73999786376953,49.35578918457031,666800,0.0,0.0
2015-05-19 00:00:00-04:00,68.33000183105469,68.9000015258789,68.27999877929688,68.63999938964844,49.28398895263672,936800,0.0,0.0
2015-05-20 00:00:00-04:00,68.33999633789062,68.83999633789062,68.30999755859375,68.5199966430664,49.19783020019531,870100,0.0,0.0
2015-05-21 00:00:00-04:00,69.80000305175781,69.87000274658203,69.2699966430664,69.86000061035156,50.15995788574219,1418400,0.0,0.0
2015-05-22 00:00:00-04:00,69.68000030517578,69.73999786376953,69.37000274658203,69.44999694824219,49.865570068359375,699600,0.0,0.0
2015-05-26 00:00:00-04:00,68.1500015258789,68.38999938964844,67.36000061035156,67.68000030517578,48.594703674316406,2153700,0.0,0.0
2015-05-27 00:00:00-04:00,68.08999633789062,68.79000091552734,68.05000305175781,68.75,49.36296844482422,973900,0.0,0.0
2015-05-28 00:00:00-04:00,68.94999694824219,68.95999908447266,68.5999984741211,68.9000015258789,49.47066879272461,2313100,0.0,0.0
2015-05-29 00:00:00-04:00,68.06999969482422,68.06999969482422,66.91999816894531,67.55000305175781,48.50135803222656,2120900,0.0,0.0
2015-06-01 00:00:00-04:00,67.37000274658203,67.4800033569336,66.41000366210938,67.04000091552734,48.13518142700195,2156000,0.0,0.0
2015-06-02 00:00:00-04:00,66.87999725341797,67.38999938964844,66.68000030517578,67.0,48.1064567565918,1271100,0.0,0.0
2015-06-03 00:00:00-04:00,67.4000015258789,67.80999755859375,67.30999755859375,67.5999984741211,48.537254333496094,1033800,0.0,0.0
2015-06-04 00:00:00-04:00,66.94999694824219,67.45999908447266,66.5,66.58999633789062,47.81208038330078,1409200,0.0,0.0
2015-06-05 00:00:00-04:00,66.3499984741211,67.08000183105469,66.2300033569336,67.0199966430664,48.12082290649414,801300,0.0,0.0
2015-06-08 00:00:00-04:00,66.45999908447266,66.63999938964844,66.22000122070312,66.22000122070312,47.546417236328125,1084200,0.0,0.0
2015-06-09 00:00:00-04:00,65.86000061035156,65.95999908447266,64.87999725341797,65.37999725341797,46.94328308105469,1932700,0.0,0.0
2015-06-10 00:00:00-04:00,66.33999633789062,66.91000366210938,65.76000213623047,66.4000015258789,47.67565155029297,1303900,0.0,0.0
2015-06-11 00:00:00-04:00,66.62000274658203,66.70999908447266,66.16999816894531,66.43000030517578,47.69719314575195,857200,0.0,0.0
2015-06-12 00:00:00-04:00,65.58000183105469,65.91000366210938,65.33000183105469,65.69000244140625,47.165870666503906,648800,0.0,0.0
2015-06-15 00:00:00-04:00,65.11000061035156,65.16000366210938,64.69000244140625,64.98999786376953,46.66326141357422,1215200,0.0,0.0
2015-06-16 00:00:00-04:00,64.94000244140625,65.51000213623047,64.83000183105469,65.45999908447266,47.000736236572266,900800,0.0,0.0
2015-06-17 00:00:00-04:00,65.68000030517578,66.12000274658203,65.31999969482422,65.95999908447266,47.3597297668457,1277000,0.0,0.0
2015-06-18 00:00:00-04:00,66.33000183105469,67.06999969482422,66.30999755859375,66.86000061035156,48.00593948364258,2260200,0.0,0.0
2015-06-19 00:00:00-04:00,66.56999969482422,66.94000244140625,66.45999908447266,66.69999694824219,47.89105224609375,1991100,0.0,0.0
2015-06-22 00:00:00-04:00,66.94999694824219,67.47000122070312,66.94000244140625,67.19999694824219,48.25005340576172,2148800,0.0,0.0
2015-06-23 00:00:00-04:00,67.33999633789062,67.9000015258789,67.33000183105469,67.58999633789062,48.53007507324219,1450000,0.0,0.0
2015-06-24 00:00:00-04:00,67.01000213623047,67.25,66.5,66.52999877929688,47.76899719238281,757200,0.0,0.0
2015-06-25 00:00:00-04:00,66.19999694824219,66.22000122070312,65.79000091552734,65.86000061035156,47.28793716430664,716700,0.0,0.0
2015-06-26 00:00:00-04:00,65.91000366210938,66.41999816894531,65.79000091552734,66.33000183105469,47.625404357910156,3379900,0.0,0.0
2015-06-29 00:00:00-04:00,64.8499984741211,65.41999816894531,64.33000183105469,64.33999633789062,46.196556091308594,2674900,0.0,0.0
2015-06-30 00:00:00-04:00,64.20999908447266,64.36000061035156,63.220001220703125,63.709999084472656,45.74422073364258,3345500,0.0,0.0
2015-07-01 00:00:00-04:00,64.77999877929688,64.81999969482422,64.37999725341797,64.63999938964844,46.411964416503906,2134500,0.0,0.0
2015-07-02 00:00:00-04:00,65.52999877929688,65.7699966430664,65.23999786376953,65.41000366210938,46.96482467651367,1187600,0.0,0.0
2015-07-06 00:00:00-04:00,64.80999755859375,65.37999725341797,64.7300033569336,65.12000274658203,46.756614685058594,980000,0.0,0.0
2015-07-07 00:00:00-04:00,64.94999694824219,65.72000122070312,64.5999984741211,65.61000061035156,47.108436584472656,3449100,0.0,0.0
2015-07-08 00:00:00-04:00,64.54000091552734,64.6500015258789,64.19999694824219,64.33000183105469,46.18938064575195,1018900,0.0,0.0
2015-07-09 00:00:00-04:00,65.30000305175781,65.43000030517578,64.55000305175781,64.55000305175781,46.34734344482422,924100,0.0,0.0
2015-07-10 00:00:00-04:00,66.38999938964844,66.54000091552734,66.22000122070312,66.44999694824219,47.71155548095703,1013000,0.0,0.0
2015-07-13 00:00:00-04:00,67.33000183105469,67.41000366210938,67.04000091552734,67.18000030517578,48.23569869995117,1491600,0.0,0.0
2015-07-14 00:00:00-04:00,67.69999694824219,67.94000244140625,67.3499984741211,67.83999633789062,48.70958709716797,765500,0.0,0.0
2015-07-15 00:00:00-04:00,67.86000061035156,68.12999725341797,67.68000030517578,67.88999938964844,48.7454833984375,1339500,0.0,0.0
2015-07-16 00:00:00-04:00,67.33000183105469,67.88999938964844,67.33000183105469,67.58000183105469,48.52290344238281,680600,0.0,0.0
2015-07-17 00:00:00-04:00,67.1500015258789,67.69000244140625,67.1500015258789,67.5199966430664,48.479820251464844,2631400,0.0,0.0
2015-07-20 00:00:00-04:00,67.81999969482422,67.9800033569336,67.44000244140625,67.8499984741211,48.716766357421875,663700,0.0,0.0
2015-07-21 00:00:00-04:00,67.77999877929688,67.77999877929688,67.44000244140625,67.63999938964844,48.565982818603516,641300,0.0,0.0
2015-07-22 00:00:00-04:00,67.23999786376953,67.29000091552734,66.91000366210938,67.22000122070312,48.264427185058594,688200,0.0,0.0
2015-07-23 00:00:00-04:00,66.93000030517578,66.9800033569336,66.41999816894531,66.55000305175781,47.783355712890625,634900,0.0,0.0
2015-07-24 00:00:00-04:00,66.3499984741211,66.62999725341797,65.62999725341797,65.76000213623047,47.21613693237305,1971400,0.0,0.0
2015-07-27 00:00:00-04:00,65.36000061035156,65.58000183105469,65.19999694824219,65.41999816894531,46.972007751464844,639150,0.0,2.0
2015-07-28 00:00:00-04:00,65.16000366210938,65.80000305175781,64.69999694824219,65.62000274658203,47.11561584472656,1061950,0.0,0.0
2015-07-29 00:00:00-04:00,65.94000244140625,66.18000030517578,65.54000091552734,66.0199966430664,47.40280532836914,934650,0.0,0.0
2015-07-30 00:00:00-04:00,67.41999816894531,67.83999633789062,66.95999908447266,67.4800033569336,48.45109176635742,1096350,0.0,0.0
2015-07-31 00:00:00-04:00,67.9800033569336,68.04000091552734,67.45999908447266,67.58000183105469,48.52290344238281,527650,0.0,0.0
2015-08-03 00:00:00-04:00,67.69999694824219,68.0999984741211,67.33999633789062,67.87999725341797,48.73830032348633,1299100,0.0,0.0
2015-08-04 00:00:00-04:00,68.44000244140625,68.94000244140625,68.36000061035156,68.68000030517578,49.31271743774414,960700,0.0,0.0
2015-08-05 00:00:00-04:00,68.80000305175781,69.37999725341797,68.5999984741211,69.08000183105469,49.59991455078125,787150,0.0,0.0
2015-08-06 00:00:00-04:00,68.62000274658203,68.91999816894531,68.19999694824219,68.4800033569336,49.16911315917969,1132850,0.0,0.0
2015-08-07 00:00:00-04:00,67.41999816894531,67.5199966430664,66.86000061035156,67.37999725341797,48.37929916381836,1637250,0.0,0.0
2015-08-10 00:00:00-04:00,67.23999786376953,68.33999633789062,67.23999786376953,68.04000091552734,48.85319519042969,592850,0.0,0.0
2015-08-11 00:00:00-04:00,67.66000366210938,68.18000030517578,67.5999984741211,68.0999984741211,48.896263122558594,1039500,0.0,0.0
2015-08-12 00:00:00-04:00,66.54000091552734,66.83999633789062,65.91999816894531,66.76000213623047,48.576107025146484,743000,0.9,0.0
2015-08-13 00:00:00-04:00,67.4000015258789,67.45999908447266,66.76000213623047,66.86000061035156,48.64888000488281,921250,0.0,0.0
2015-08-14 00:00:00-04:00,66.68000030517578,67.05999755859375,66.33999633789062,66.91999816894531,48.692535400390625,614900,0.0,0.0
2015-08-17 00:00:00-04:00,66.5199966430664,67.23999786376953,66.4000015258789,67.22000122070312,48.910823822021484,780000,0.0,0.0
2015-08-18 00:00:00-04:00,67.4800033569336,68.0,67.4000015258789,67.44000244140625,49.0709114074707,706200,0.0,0.0
2015-08-19 00:00:00-04:00,67.08000183105469,67.16000366210938,66.45999908447266,66.69999694824219,48.53245544433594,448150,0.0,0.0
2015-08-20 00:00:00-04:00,65.83999633789062,66.0199966430664,65.0999984741211,65.0999984741211,47.36825180053711,492850,0.0,0.0
2015-08-21 00:00:00-04:00,64.54000091552734,64.86000061035156,63.2400016784668,63.2599983215332,46.0294303894043,862500,0.0,0.0
2015-08-24 00:00:00-04:00,61.34000015258789,62.720001220703125,59.0,61.279998779296875,44.588741302490234,1894350,0.0,0.0
2015-08-25 00:00:00-04:00,62.939998626708984,62.939998626708984,60.540000915527344,60.560001373291016,44.06484603881836,1440500,0.0,0.0
2015-08-26 00:00:00-04:00,62.400001525878906,62.439998626708984,60.720001220703125,62.2599983215332,45.301815032958984,1643600,0.0,0.0
2015-08-27 00:00:00-04:00,62.7599983215332,63.29999923706055,62.439998626708984,63.220001220703125,46.00032424926758,1051750,0.0,0.0
2015-08-28 00:00:00-04:00,62.86000061035156,63.41999816894531,62.79999923706055,63.34000015258789,46.087642669677734,867750,0.0,0.0
2015-08-31 00:00:00-04:00,63.20000076293945,63.34000015258789,62.5,62.560001373291016,45.52009963989258,860350,0.0,0.0
2015-09-01 00:00:00-04:00,61.84000015258789,62.18000030517578,61.08000183105469,61.380001068115234,44.6614990234375,1133450,0.0,0.0
2015-09-02 00:00:00-04:00,63.52000045776367,63.52000045776367,62.68000030517578,63.36000061035156,46.102195739746094,1322650,0.0,0.0
2015-09-03 00:00:00-04:00,65.0,65.31999969482422,64.0999984741211,64.4800033569336,46.91712951660156,1421900,0.0,0.0
2015-09-04 00:00:00-04:00,64.31999969482422,64.41999816894531,62.97999954223633,63.400001525878906,46.13129425048828,996550,0.0,0.0
2015-09-08 00:00:00-04:00,65.63999938964844,65.9800033569336,65.16000366210938,65.86000061035156,47.921260833740234,1175250,0.0,0.0
2015-09-09 00:00:00-04:00,66.5199966430664,66.5199966430664,64.68000030517578,64.80000305175781,47.14997482299805,1266350,0.0,0.0
2015-09-10 00:00:00-04:00,65.86000061035156,67.0999984741211,65.76000213623047,66.55999755859375,48.43058395385742,1782600,0.0,0.0
2015-09-11 00:00:00-04:00,66.22000122070312,66.66000366210938,66.12000274658203,66.5999984741211,48.459686279296875,1009400,0.0,0.0
2015-09-14 00:00:00-04:00,66.45999908447266,66.5,66.0199966430664,66.33999633789062,48.270511627197266,746500,0.0,0.0
2015-09-15 00:00:00-04:00,66.45999908447266,66.9800033569336,66.22000122070312,66.91999816894531,48.692535400390625,1156150,0.0,0.0
2015-09-16 00:00:00-04:00,67.0999984741211,67.45999908447266,66.69999694824219,67.23999786376953,48.92537307739258,1069150,0.0,0.0
2015-09-17 00:00:00-04:00,66.4800033569336,68.08000183105469,66.30000305175781,67.62000274658203,49.201866149902344,1764350,0.0,0.0
2015-09-18 00:00:00-04:00,67.9000015258789,68.94000244140625,67.73999786376953,68.73999786376953,50.01679992675781,3468650,0.0,0.0
2015-09-21 00:00:00-04:00,68.4000015258789,68.5,66.36000061035156,67.08000183105469,48.8089599609375,2397500,0.0,0.0
2015-09-22 00:00:00-04:00,65.26000213623047,65.41999816894531,63.91999816894531,64.41999816894531,46.87347412109375,1858800,0.0,0.0
2015-09-23 00:00:00-04:00,64.66000366210938,64.86000061035156,64.22000122070312,64.5999984741211,47.004451751708984,978350,0.0,0.0
2015-09-24 00:00:00-04:00,64.63999938964844,65.18000030517578,64.18000030517578,64.9000015258789,47.22273254394531,957000,0.0,0.0
2015-09-25 00:00:00-04:00,65.77999877929688,66.0199966430664,64.26000213623047,64.72000122070312,47.091766357421875,1716050,0.0,0.0
2015-09-28 00:00:00-04:00,64.86000061035156,64.86000061035156,62.2599983215332,62.81999969482422,45.70927429199219,2137600,0.0,0.0
2015-09-29 00:00:00-04:00,62.47999954223633,63.29999923706055,62.040000915527344,62.560001373291016,45.52009963989258,1141250,0.0,0.0
2015-09-30 00:00:00-04:00,63.720001220703125,63.959999084472656,63.15999984741211,63.63999938964844,46.30592346191406,909000,0.0,0.0
2015-10-01 00:00:00-04:00,63.68000030517578,63.97999954223633,62.880001068115234,63.58000183105469,46.26226806640625,957150,0.0,0.0
2015-10-02 00:00:00-04:00,62.70000076293945,64.23999786376953,62.47999954223633,64.22000122070312,46.72794723510742,1035700,0.0,0.0
2015-10-05 00:00:00-04:00,64.31999969482422,64.9000015258789,64.31999969482422,64.76000213623047,47.120872497558594,860050,0.0,0.0
2015-10-06 00:00:00-04:00,64.45999908447266,64.76000213623047,63.599998474121094,64.16000366210938,46.68429183959961,1220500,0.0,0.0
2015-10-07 00:00:00-04:00,63.20000076293945,64.31999969482422,62.7599983215332,63.84000015258789,46.451454162597656,1811700,0.0,0.0
2015-10-08 00:00:00-04:00,64.18000030517578,64.83999633789062,63.720001220703125,64.77999877929688,47.135414123535156,2013550,0.0,0.0
2015-10-09 00:00:00-04:00,64.5999984741211,64.83999633789062,64.23999786376953,64.45999908447266,46.902584075927734,1212550,0.0,0.0
2015-10-12 00:00:00-04:00,64.36000061035156,64.4800033569336,63.97999954223633,64.26000213623047,46.757057189941406,1196700,0.0,0.0
2015-10-13 00:00:00-04:00,63.040000915527344,63.540000915527344,62.400001525878906,62.599998474121094,45.54920196533203,1644750,0.0,0.0
2015-10-14 00:00:00-04:00,62.91999816894531,63.279998779296875,62.7599983215332,63.02000045776367,45.85480499267578,833500,0.0,0.0
2015-10-15 00:00:00-04:00,63.599998474121094,64.58000183105469,63.47999954223633,64.4800033569336,46.91712951660156,1257350,0.0,0.0
2015-10-16 00:00:00-04:00,63.58000183105469,64.73999786376953,63.58000183105469,64.69999694824219,47.077213287353516,1195650,0.0,0.0
2015-10-19 00:00:00-04:00,64.5199966430664,64.87999725341797,63.939998626708984,64.4000015258789,46.858917236328125,1814700,0.0,0.0
2015-10-20 00:00:00-04:00,63.060001373291016,63.119998931884766,61.65999984741211,61.86000061035156,45.010765075683594,1489750,0.0,0.0
2015-10-21 00:00:00-04:00,61.779998779296875,61.880001068115234,60.52000045776367,60.939998626708984,44.34134292602539,1624650,0.0,0.0
2015-10-22 00:00:00-04:00,62.0,62.36000061035156,61.31999969482422,62.13999938964844,45.2144889831543,1449750,0.0,0.0
2015-10-23 00:00:00-04:00,62.47999954223633,63.13999938964844,62.34000015258789,62.720001220703125,45.63652038574219,1114500,0.0,0.0
2015-10-26 00:00:00-04:00,62.65999984741211,63.41999816894531,62.540000915527344,62.91999816894531,45.782039642333984,634650,0.0,0.0
2015-10-27 00:00:00-04:00,62.720001220703125,63.08000183105469,62.41999816894531,62.720001220703125,45.63652038574219,1196500,0.0,0.0
2015-10-28 00:00:00-04:00,64.05999755859375,64.4800033569336,63.52000045776367,64.23999786376953,46.74250793457031,1173300,0.0,0.0
2015-10-29 00:00:00-04:00,63.720001220703125,64.5199966430664,63.720001220703125,64.4800033569336,46.91712951660156,1416400,0.0,0.0
2015-10-30 00:00:00-04:00,64.31999969482422,64.41999816894531,63.7599983215332,63.779998779296875,46.40779113769531,1005700,0.0,0.0
2015-11-02 00:00:00-05:00,63.779998779296875,64.68000030517578,63.70000076293945,64.58000183105469,46.989898681640625,1176250,0.0,0.0
2015-11-03 00:00:00-05:00,64.4000015258789,64.80000305175781,63.97999954223633,64.62000274658203,47.01899719238281,1005300,0.0,0.0
2015-11-04 00:00:00-05:00,64.18000030517578,64.54000091552734,63.34000015258789,64.26000213623047,46.757057189941406,1953700,0.0,0.0
2015-11-05 00:00:00-05:00,65.55999755859375,65.55999755859375,64.77999877929688,65.04000091552734,47.324607849121094,1214500,0.0,0.0
2015-11-06 00:00:00-05:00,64.18000030517578,64.26000213623047,63.36000061035156,64.18000030517578,46.6988525390625,1747500,0.0,0.0
2015-11-09 00:00:00-05:00,63.41999816894531,63.47999954223633,62.720001220703125,63.13999938964844,45.94211196899414,1117400,0.0,0.0
2015-11-10 00:00:00-05:00,63.099998474121094,63.52000045776367,62.779998779296875,63.439998626708984,46.160404205322266,989950,0.0,0.0
2015-11-11 00:00:00-05:00,63.84000015258789,64.37999725341797,63.58000183105469,63.68000030517578,46.33502960205078,1109300,0.0,0.0
2015-11-12 00:00:00-05:00,63.68000030517578,63.68000030517578,61.63999938964844,61.70000076293945,44.89434051513672,1299300,0.0,0.0
2015-11-13 00:00:00-05:00,61.47999954223633,62.720001220703125,61.47999954223633,62.58000183105469,45.5346565246582,1537650,0.0,0.0
2015-11-16 00:00:00-05:00,64.12000274658203,65.63999938964844,64.12000274658203,65.55999755859375,47.70296859741211,4252200,0.0,0.0
2015-11-17 00:00:00-05:00,66.4000015258789,67.23999786376953,66.18000030517578,66.9000015258789,48.67798614501953,2835800,0.0,0.0
2015-11-18 00:00:00-05:00,67.0999984741211,67.5,66.95999908447266,67.37999725341797,49.0272331237793,2806450,0.0,0.0
2015-11-19 00:00:00-05:00,68.0999984741211,68.19999694824219,67.58000183105469,68.0199966430664,49.492919921875,3472200,0.0,0.0
2015-11-20 00:00:00-05:00,68.5199966430664,68.69999694824219,68.12000274658203,68.16000366210938,49.59477996826172,2369300,0.0,0.0
2015-11-23 00:00:00-05:00,68.30000305175781,68.66000366210938,67.69999694824219,67.91999816894531,49.42015075683594,1959050,0.0,0.0
2015-11-24 00:00:00-05:00,67.19999694824219,68.0199966430664,67.0999984741211,67.87999725341797,49.39104080200195,2381200,0.0,0.0
2015-11-25 00:00:00-05:00,67.87999725341797,68.5199966430664,67.81999969482422,68.22000122070312,49.6384391784668,1961200,0.0,0.0
2015-11-27 00:00:00-05:00,68.31999969482422,68.4800033569336,68.05999755859375,68.0999984741211,49.55112838745117,626200,0.0,0.0
2015-11-30 00:00:00-05:00,68.37999725341797,68.4800033569336,68.0,68.0999984741211,49.55112838745117,1888000,0.0,0.0
2015-12-01 00:00:00-05:00,68.66000366210938,69.76000213623047,68.33999633789062,69.54000091552734,50.598899841308594,2275200,0.0,0.0
2015-12-02 00:00:00-05:00,69.4800033569336,69.66000366210938,68.4800033569336,68.63999938964844,49.94403839111328,2050400,0.0,0.0
2015-12-03 00:00:00-05:00,68.72000122070312,68.73999786376953,66.95999908447266,67.13999938964844,48.852603912353516,2562000,0.0,0.0
2015-12-04 00:00:00-05:00,67.30000305175781,67.95999908447266,67.27999877929688,67.83999633789062,49.3619384765625,1310700,0.0,0.0
2015-12-07 00:00:00-05:00,68.26000213623047,68.36000061035156,67.5999984741211,67.9800033569336,49.46381378173828,1551650,0.0,0.0
2015-12-08 00:00:00-05:00,67.16000366210938,67.4000015258789,66.69999694824219,67.0999984741211,48.82350540161133,1745050,0.0,0.0
2015-12-09 00:00:00-05:00,67.30000305175781,67.63999938964844,66.58000183105469,66.91999816894531,48.692535400390625,1671500,0.0,0.0
2015-12-10 00:00:00-05:00,66.87999725341797,67.31999969482422,66.63999938964844,66.94000244140625,48.707088470458984,980100,0.0,0.0
2015-12-11 00:00:00-05:00,66.69999694824219,68.5,66.13999938964844,66.5,48.386924743652344,2227700,0.0,0.0
2015-12-14 00:00:00-05:00,66.0,66.18000030517578,65.13999938964844,66.0,48.02311706542969,1733600,0.0,0.0
2015-12-15 00:00:00-05:00,66.45999908447266,67.05999755859375,66.37999725341797,66.5199966430664,48.40147399902344,1391300,0.0,0.0
2015-12-16 00:00:00-05:00,67.0,67.72000122070312,66.54000091552734,67.58000183105469,49.17275619506836,1089350,0.0,0.0
2015-12-17 00:00:00-05:00,66.81999969482422,67.23999786376953,66.45999908447266,66.72000122070312,48.5470085144043,1499750,0.0,0.0
2015-12-18 00:00:00-05:00,65.91999816894531,66.16000366210938,65.58000183105469,65.5999984741211,47.73207473754883,2210600,0.0,0.0
2015-12-21 00:00:00-05:00,66.5999984741211,66.72000122070312,65.55999755859375,65.87999725341797,47.935791015625,1455950,0.0,0.0
2015-12-22 00:00:00-05:00,66.04000091552734,66.55999755859375,65.69999694824219,66.45999908447266,48.357818603515625,1175300,0.0,0.0
2015-12-23 00:00:00-05:00,67.13999938964844,68.13999938964844,67.12000274658203,67.91999816894531,49.42015075683594,1344700,0.0,0.0
2015-12-24 00:00:00-05:00,68.26000213623047,68.5,68.05999755859375,68.26000213623047,49.66755294799805,402950,0.0,0.0
2015-12-28 00:00:00-05:00,67.83999633789062,68.27999877929688,67.73999786376953,68.18000030517578,49.609336853027344,744800,0.0,0.0
2015-12-29 00:00:00-05:00,68.63999938964844,69.12000274658203,68.58000183105469,68.91999816894531,50.147789001464844,916950,0.0,0.0
2015-12-30 00:00:00-05:00,68.87999725341797,69.4800033569336,68.72000122070312,68.9800033569336,50.19143295288086,1619200,0.0,0.0
2015-12-31 00:00:00-05:00,68.5199966430664,68.54000091552734,67.87999725341797,67.9000015258789,49.405601501464844,721600,0.0,0.0
2016-01-04 00:00:00-05:00,67.0,67.0199966430664,66.0999984741211,66.80000305175781,48.60521697998047,1708250,0.0,0.0
2016-01-05 00:00:00-05:00,66.72000122070312,67.87999725341797,66.68000030517578,67.80000305175781,49.33284378051758,1463800,0.0,0.0
2016-01-06 00:00:00-05:00,66.31999969482422,67.0,66.23999786376953,66.68000030517578,48.51790237426758,1657900,0.0,0.0
2016-01-07 00:00:00-05:00,64.81999969482422,65.37999725341797,64.0999984741211,64.27999877929688,46.7716064453125,3520650,0.0,0.0
2016-01-08 00:00:00-05:00,65.08000183105469,65.13999938964844,63.400001525878906,63.540000915527344,46.233184814453125,1540550,0.0,0.0
2016-01-11 00:00:00-05:00,63.619998931884766,63.65999984741211,62.34000015258789,63.08000183105469,45.89846420288086,2056950,0.0,0.0
2016-01-12 00:00:00-05:00,63.13999938964844,63.599998474121094,62.65999984741211,63.400001525878906,46.13129425048828,1478050,0.0,0.0
2016-01-13 00:00:00-05:00,64.36000061035156,64.41999816894531,62.65999984741211,62.900001525878906,45.767494201660156,1763950,0.0,0.0
2016-01-14 00:00:00-05:00,62.70000076293945,63.779998779296875,62.18000030517578,63.619998931884766,46.291378021240234,2118650,0.0,0.0
2016-01-15 00:00:00-05:00,60.7599983215332,61.540000915527344,60.5,61.18000030517578,44.5159797668457,2559600,0.0,0.0
2016-01-19 00:00:00-05:00,62.119998931884766,62.13999938964844,61.119998931884766,61.63999938964844,44.85068130493164,2178950,0.0,0.0
2016-01-20 00:00:00-05:00,60.939998626708984,62.099998474121094,59.91999816894531,61.540000915527344,44.77791976928711,2540600,0.0,0.0
2016-01-21 00:00:00-05:00,61.380001068115234,61.7599983215332,60.400001525878906,61.380001068115234,44.6614990234375,2560400,0.0,0.0
2016-01-22 00:00:00-05:00,63.220001220703125,63.380001068115234,62.619998931884766,62.959999084472656,45.8111457824707,3184650,0.0,0.0
2016-01-25 00:00:00-05:00,63.7400016784668,63.939998626708984,63.060001373291016,63.099998474121094,45.913002014160156,1682350,0.0,0.0
2016-01-26 00:00:00-05:00,63.439998626708984,63.97999954223633,62.65999984741211,63.63999938964844,46.30592346191406,2038250,0.0,0.0
2016-01-27 00:00:00-05:00,64.13999938964844,64.4000015258789,62.84000015258789,63.13999938964844,45.94211196899414,2403750,0.0,0.0
2016-01-28 00:00:00-05:00,64.08000183105469,64.0999984741211,61.939998626708984,62.459999084472656,45.447330474853516,2554400,0.0,0.0
2016-01-29 00:00:00-05:00,63.29999923706055,64.4800033569336,63.099998474121094,64.44000244140625,46.88803482055664,2560650,0.0,0.0
2016-02-01 00:00:00-05:00,64.04000091552734,65.54000091552734,63.880001068115234,65.05999755859375,47.33914566040039,2545800,0.0,0.0
2016-02-02 00:00:00-05:00,65.05999755859375,65.05999755859375,64.30000305175781,64.5999984741211,47.004451751708984,2808600,0.0,0.0
2016-02-03 00:00:00-05:00,65.54000091552734,65.63999938964844,63.959999084472656,64.77999877929688,47.135414123535156,3857700,0.0,0.0
2016-02-04 00:00:00-05:00,60.279998779296875,61.060001373291016,59.84000015258789,60.939998626708984,44.34134292602539,6313800,0.0,0.0
2016-02-05 00:00:00-05:00,60.34000015258789,60.439998626708984,59.619998931884766,60.060001373291016,43.7010383605957,5620100,0.0,0.0
2016-02-08 00:00:00-05:00,58.13999938964844,58.18000030517578,56.58000183105469,57.380001068115234,41.75101089477539,5823250,0.0,0.0
2016-02-09 00:00:00-05:00,56.63999938964844,57.599998474121094,56.599998474121094,57.18000030517578,41.60548400878906,3053950,0.0,0.0
2016-02-10 00:00:00-05:00,57.959999084472656,58.7599983215332,57.880001068115234,58.08000183105469,42.26034164428711,2395050,0.0,0.0
2016-02-11 00:00:00-05:00,59.0,59.0,57.7599983215332,58.29999923706055,42.4204216003418,2425800,0.0,0.0
2016-02-12 00:00:00-05:00,58.36000061035156,59.36000061035156,58.279998779296875,59.31999969482422,43.16259765625,1497850,0.0,0.0
2016-02-16 00:00:00-05:00,59.52000045776367,60.91999816894531,59.31999969482422,60.619998931884766,44.108497619628906,2803250,0.0,0.0
2016-02-17 00:00:00-05:00,59.52000045776367,60.31999969482422,59.15999984741211,60.119998931884766,45.16014099121094,2301000,1.9,0.0
2016-02-18 00:00:00-05:00,59.439998626708984,59.7400016784668,59.2400016784668,59.400001525878906,44.619300842285156,2394550,0.0,0.0
2016-02-19 00:00:00-05:00,58.34000015258789,59.20000076293945,58.34000015258789,59.119998931884766,44.40897750854492,2129300,0.0,0.0
2016-02-22 00:00:00-05:00,58.720001220703125,59.2400016784668,58.70000076293945,59.18000030517578,44.45404815673828,1555650,0.0,0.0
2016-02-23 00:00:00-05:00,58.70000076293945,59.13999938964844,58.540000915527344,58.619998931884766,44.033390045166016,2491800,0.0,0.0
2016-02-24 00:00:00-05:00,57.70000076293945,58.31999969482422,57.34000015258789,58.29999923706055,43.79301834106445,1912150,0.0,0.0
2016-02-25 00:00:00-05:00,58.70000076293945,59.29999923706055,58.400001525878906,59.279998779296875,44.52915954589844,1423600,0.0,0.0
2016-02-26 00:00:00-05:00,59.15999984741211,59.279998779296875,58.68000030517578,58.7400016784668,44.123531341552734,1824650,0.0,0.0
2016-02-29 00:00:00-05:00,57.47999954223633,57.79999923706055,57.13999938964844,57.34000015258789,43.07189178466797,2427150,0.0,0.0
2016-03-01 00:00:00-05:00,57.15999984741211,58.18000030517578,56.939998626708984,58.040000915527344,43.59770965576172,2659150,0.0,0.0
2016-03-02 00:00:00-05:00,57.47999954223633,58.08000183105469,57.279998779296875,58.02000045776367,43.582698822021484,2927250,0.0,0.0
2016-03-03 00:00:00-05:00,56.959999084472656,57.540000915527344,56.720001220703125,57.47999954223633,43.177059173583984,2125900,0.0,0.0
2016-03-04 00:00:00-05:00,57.279998779296875,58.18000030517578,57.20000076293945,57.7400016784668,43.37236785888672,2156050,0.0,0.0
2016-03-07 00:00:00-05:00,57.040000915527344,57.97999954223633,56.880001068115234,57.7400016784668,43.37236785888672,1937600,0.0,0.0
2016-03-08 00:00:00-05:00,57.65999984741211,58.29999923706055,57.619998931884766,57.91999816894531,43.507572174072266,1810400,0.0,0.0
2016-03-09 00:00:00-05:00,58.2599983215332,58.560001373291016,58.13999938964844,58.560001373291016,43.98832321166992,1914150,0.0,0.0
2016-03-10 00:00:00-05:00,58.5,58.79999923706055,57.81999969482422,58.0,43.567665100097656,2662000,0.0,0.0
2016-03-11 00:00:00-05:00,58.34000015258789,59.2599983215332,58.2400016784668,59.13999938964844,44.423988342285156,3680150,0.0,0.0
2016-03-14 00:00:00-04:00,58.65999984741211,58.900001525878906,58.400001525878906,58.70000076293945,44.093482971191406,4370650,0.0,0.0
2016-03-15 00:00:00-04:00,57.47999954223633,57.619998931884766,56.84000015258789,56.91999816894531,42.75640106201172,3607450,0.0,0.0
2016-03-16 00:00:00-04:00,56.5,57.459999084472656,56.36000061035156,57.279998779296875,43.026832580566406,2437800,0.0,0.0
2016-03-17 00:00:00-04:00,57.5,57.84000015258789,57.279998779296875,57.63999938964844,43.297245025634766,3243300,0.0,0.0
2016-03-18 00:00:00-04:00,57.060001373291016,57.279998779296875,56.65999984741211,56.959999084472656,42.78645706176758,2409750,0.0,0.0
2016-03-21 00:00:00-04:00,56.560001373291016,56.939998626708984,56.560001373291016,56.79999923706055,42.66626739501953,1864300,0.0,0.0
2016-03-22 00:00:00-04:00,55.400001525878906,56.5,55.36000061035156,56.34000015258789,42.320735931396484,4108950,0.0,0.0
2016-03-23 00:00:00-04:00,56.31999969482422,56.560001373291016,55.91999816894531,56.02000045776367,42.08035659790039,1967450,0.0,0.0
2016-03-24 00:00:00-04:00,55.63999938964844,56.040000915527344,55.560001373291016,56.0,42.06534194946289,1579700,0.0,0.0
2016-03-28 00:00:00-04:00,56.2599983215332,56.439998626708984,55.86000061035156,55.900001525878906,41.99021530151367,1487700,0.0,0.0
2016-03-29 00:00:00-04:00,56.0,57.220001220703125,55.81999969482422,57.060001373291016,42.861576080322266,1470000,0.0,0.0
2016-03-30 00:00:00-04:00,56.84000015258789,57.20000076293945,56.63999938964844,56.63999938964844,42.546077728271484,1259450,0.0,0.0
2016-03-31 00:00:00-04:00,56.58000183105469,56.900001525878906,56.31999969482422,56.31999969482422,42.30571365356445,1090850,0.0,0.0
2016-04-01 00:00:00-04:00,55.5,56.560001373291016,55.400001525878906,56.439998626708984,42.39584732055664,1567700,0.0,0.0
2016-04-04 00:00:00-04:00,57.58000183105469,57.58000183105469,57.060001373291016,57.119998931884766,42.906639099121094,1912800,0.0,0.0
2016-04-05 00:00:00-04:00,56.63999938964844,56.939998626708984,56.34000015258789,56.58000183105469,42.50101852416992,2537850,0.0,0.0
2016-04-06 00:00:00-04:00,57.81999969482422,59.7400016784668,57.79999923706055,59.58000183105469,44.7545051574707,2596250,0.0,0.0
2016-04-07 00:00:00-04:00,59.18000030517578,59.599998474121094,59.040000915527344,59.2599983215332,44.51413345336914,2244400,0.0,0.0
2016-04-08 00:00:00-04:00,59.20000076293945,59.2599983215332,58.7599983215332,58.900001525878906,44.24371337890625,1475750,0.0,0.0
2016-04-11 00:00:00-04:00,59.040000915527344,59.08000183105469,58.08000183105469,58.18000030517578,43.70287322998047,1541600,0.0,0.0
2016-04-12 00:00:00-04:00,57.97999954223633,58.439998626708984,57.540000915527344,58.34000015258789,43.82307052612305,1625150,0.0,0.0
2016-04-13 00:00:00-04:00,58.779998779296875,59.220001220703125,58.540000915527344,59.08000183105469,44.378929138183594,1386350,0.0,0.0
2016-04-14 00:00:00-04:00,59.18000030517578,59.439998626708984,58.939998626708984,59.279998779296875,44.52915954589844,995600,0.0,0.0
2016-04-15 00:00:00-04:00,59.47999954223633,59.599998474121094,59.18000030517578,59.41999816894531,44.63431930541992,1134000,0.0,0.0
2016-04-18 00:00:00-04:00,59.31999969482422,60.540000915527344,59.31999969482422,60.400001525878906,45.37046813964844,3639850,0.0,0.0
2016-04-19 00:00:00-04:00,60.540000915527344,60.81999969482422,60.2599983215332,60.5,45.44558334350586,2161750,0.0,0.0
2016-04-20 00:00:00-04:00,60.0,60.560001373291016,59.939998626708984,60.34000015258789,45.32539749145508,1759050,0.0,0.0
2016-04-21 00:00:00-04:00,59.900001525878906,60.34000015258789,59.86000061035156,60.2599983215332,45.265296936035156,2044900,0.0,0.0
2016-04-22 00:00:00-04:00,60.18000030517578,60.36000061035156,59.7400016784668,60.20000076293945,45.22023391723633,1140250,0.0,0.0
2016-04-25 00:00:00-04:00,59.939998626708984,60.119998931884766,59.720001220703125,60.02000045776367,45.085025787353516,1349050,0.0,0.0
2016-04-26 00:00:00-04:00,59.380001068115234,59.58000183105469,58.97999954223633,59.20000076293945,44.46907424926758,1902800,0.0,0.0
2016-04-27 00:00:00-04:00,58.7400016784668,59.15999984741211,58.619998931884766,58.84000015258789,44.198646545410156,2403450,0.0,0.0
2016-04-28 00:00:00-04:00,58.439998626708984,59.02000045776367,58.18000030517578,58.540000915527344,43.97329330444336,1853450,0.0,0.0
2016-04-29 00:00:00-04:00,59.459999084472656,59.52000045776367,57.7599983215332,57.91999816894531,43.507572174072266,2376350,0.0,0.0
2016-05-02 00:00:00-04:00,58.220001220703125,58.58000183105469,57.81999969482422,58.560001373291016,43.98832321166992,1303950,0.0,0.0
2016-05-03 00:00:00-04:00,57.619998931884766,58.34000015258789,57.5,57.84000015258789,43.447471618652344,2618800,0.0,0.0
2016-05-04 00:00:00-04:00,56.400001525878906,56.70000076293945,56.15999984741211,56.52000045776367,42.45594787597656,2446000,0.0,0.0
2016-05-05 00:00:00-04:00,56.18000030517578,56.41999816894531,55.880001068115234,56.20000076293945,42.21556854248047,1942300,0.0,0.0
2016-05-06 00:00:00-04:00,55.79999923706055,56.099998474121094,55.47999954223633,55.91999816894531,42.0052375793457,1444800,0.0,0.0
2016-05-09 00:00:00-04:00,57.2599983215332,57.86000061035156,57.119998931884766,57.560001373291016,43.23714828491211,1680600,0.0,0.0
2016-05-10 00:00:00-04:00,57.619998931884766,58.0,57.459999084472656,57.880001068115234,43.47752380371094,1657700,0.0,0.0
2016-05-11 00:00:00-04:00,57.560001373291016,57.86000061035156,57.20000076293945,57.220001220703125,42.981754302978516,1129450,0.0,0.0
2016-05-12 00:00:00-04:00,57.959999084472656,57.959999084472656,56.7400016784668,56.779998779296875,42.6512451171875,1808400,0.0,0.0
2016-05-13 00:00:00-04:00,56.779998779296875,57.400001525878906,56.779998779296875,57.0,42.81650161743164,2368100,0.0,0.0
2016-05-16 00:00:00-04:00,56.84000015258789,57.68000030517578,56.81999969482422,57.58000183105469,43.25217819213867,1836650,0.0,0.0
2016-05-17 00:00:00-04:00,57.79999923706055,57.880001068115234,57.34000015258789,57.58000183105469,43.25217819213867,1190950,0.0,0.0
2016-05-18 00:00:00-04:00,57.599998474121094,57.81999969482422,57.220001220703125,57.70000076293945,43.34231948852539,1887400,0.0,0.0
2016-05-19 00:00:00-04:00,56.97999954223633,57.0,56.220001220703125,56.7599983215332,42.63623046875,1499050,0.0,0.0
2016-05-20 00:00:00-04:00,56.97999954223633,57.65999984741211,56.959999084472656,57.380001068115234,43.10194778442383,1821550,0.0,0.0
2016-05-23 00:00:00-04:00,57.380001068115234,57.63999938964844,57.08000183105469,57.29999923706055,43.041847229003906,1675050,0.0,0.0
2016-05-24 00:00:00-04:00,58.08000183105469,59.060001373291016,58.060001373291016,58.959999084472656,44.288787841796875,1767150,0.0,0.0
2016-05-25 00:00:00-04:00,59.84000015258789,60.18000030517578,59.52000045776367,59.959999084472656,45.039955139160156,2363850,0.0,0.0
2016-05-26 00:00:00-04:00,59.36000061035156,60.18000030517578,59.34000015258789,59.900001525878906,44.9948844909668,2737600,0.0,0.0
2016-05-27 00:00:00-04:00,59.15999984741211,59.81999969482422,59.15999984741211,59.7599983215332,44.88971710205078,2449500,0.0,0.0
2016-05-31 00:00:00-04:00,60.18000030517578,60.400001525878906,59.119998931884766,59.400001525878906,44.619300842285156,2286600,0.0,0.0
2016-06-01 00:00:00-04:00,58.720001220703125,59.119998931884766,58.68000030517578,58.900001525878906,44.24371337890625,2078000,0.0,0.0
2016-06-02 00:00:00-04:00,58.79999923706055,59.47999954223633,58.68000030517578,59.34000015258789,44.57422637939453,1519250,0.0,0.0
2016-06-03 00:00:00-04:00,59.68000030517578,59.79999923706055,59.099998474121094,59.459999084472656,44.664371490478516,1379600,0.0,0.0
2016-06-06 00:00:00-04:00,59.540000915527344,60.060001373291016,59.540000915527344,59.7400016784668,44.874698638916016,1393700,0.0,0.0
2016-06-07 00:00:00-04:00,59.7599983215332,60.0,59.63999938964844,59.70000076293945,44.84465408325195,2005500,0.0,0.0
2016-06-08 00:00:00-04:00,59.81999969482422,59.81999969482422,59.20000076293945,59.279998779296875,44.52915954589844,1843050,0.0,0.0
2016-06-09 00:00:00-04:00,58.400001525878906,58.7400016784668,57.84000015258789,57.91999816894531,43.507572174072266,1814650,0.0,0.0
2016-06-10 00:00:00-04:00,56.34000015258789,56.439998626708984,55.5,55.939998626708984,42.0202522277832,2778250,0.0,0.0
2016-06-13 00:00:00-04:00,55.380001068115234,55.81999969482422,55.119998931884766,55.20000076293945,41.46439743041992,1886300,0.0,0.0
2016-06-14 00:00:00-04:00,54.31999969482422,54.63999938964844,53.97999954223633,54.52000045776367,40.95360565185547,3048100,0.0,0.0
2016-06-15 00:00:00-04:00,55.13999938964844,55.52000045776367,54.599998474121094,54.7400016784668,41.11886215209961,2393800,0.0,0.0
2016-06-16 00:00:00-04:00,54.31999969482422,55.36000061035156,53.939998626708984,55.2599983215332,41.509464263916016,3091300,0.0,0.0
2016-06-17 00:00:00-04:00,55.5,55.5,54.880001068115234,55.15999984741211,41.43435287475586,4299300,0.0,0.0
2016-06-20 00:00:00-04:00,57.779998779296875,57.79999923706055,56.79999923706055,56.84000015258789,42.69632339477539,2589000,0.0,0.0
2016-06-21 00:00:00-04:00,57.5,57.79999923706055,57.13999938964844,57.279998779296875,43.026832580566406,2073450,0.0,0.0
2016-06-22 00:00:00-04:00,57.959999084472656,58.380001068115234,57.279998779296875,57.400001525878906,43.116966247558594,3289850,0.0,0.0
2016-06-23 00:00:00-04:00,58.2400016784668,58.619998931884766,57.599998474121094,58.58000183105469,44.00334930419922,2098500,0.0,0.0
2016-06-24 00:00:00-04:00,55.29999923706055,57.52000045776367,55.220001220703125,55.720001220703125,41.855003356933594,5283650,0.0,0.0
2016-06-27 00:00:00-04:00,55.81999969482422,56.099998474121094,55.13999938964844,55.900001525878906,41.99021530151367,4098700,0.0,0.0
2016-06-28 00:00:00-04:00,56.91999816894531,58.34000015258789,56.779998779296875,58.18000030517578,43.70287322998047,2963900,0.0,0.0
2016-06-29 00:00:00-04:00,59.36000061035156,60.2400016784668,58.81999969482422,59.70000076293945,44.84465408325195,3378700,0.0,0.0
2016-06-30 00:00:00-04:00,59.2599983215332,60.47999954223633,59.18000030517578,60.380001068115234,45.355438232421875,2813750,0.0,0.0
2016-07-01 00:00:00-04:00,60.380001068115234,60.91999816894531,60.2400016784668,60.84000015258789,45.70098114013672,2033350,0.0,0.0
2016-07-05 00:00:00-04:00,59.959999084472656,60.58000183105469,59.959999084472656,60.29999923706055,45.29535675048828,2015900,0.0,0.0
2016-07-06 00:00:00-04:00,59.540000915527344,60.220001220703125,59.36000061035156,60.18000030517578,45.20520782470703,2176050,0.0,0.0
2016-07-07 00:00:00-04:00,60.599998474121094,60.81999969482422,59.959999084472656,60.220001220703125,45.235260009765625,1923200,0.0,0.0
2016-07-08 00:00:00-04:00,59.86000061035156,60.58000183105469,59.79999923706055,60.220001220703125,45.235260009765625,1894150,0.0,0.0
2016-07-11 00:00:00-04:00,59.86000061035156,60.400001525878906,59.70000076293945,59.939998626708984,45.024932861328125,1886850,0.0,0.0
2016-07-12 00:00:00-04:00,59.7400016784668,60.619998931884766,59.65999984741211,60.400001525878906,45.37046813964844,5679650,0.0,0.0
2016-07-13 00:00:00-04:00,60.619998931884766,60.959999084472656,60.29999923706055,60.31999969482422,45.310367584228516,4810350,0.0,0.0
2016-07-14 00:00:00-04:00,60.959999084472656,61.0,60.31999969482422,60.68000030517578,45.58079147338867,4751600,0.0,0.0
2016-07-15 00:00:00-04:00,60.68000030517578,60.91999816894531,60.2400016784668,60.47999954223633,45.43055725097656,3674850,0.0,0.0
2016-07-18 00:00:00-04:00,60.959999084472656,61.2599983215332,60.900001525878906,61.099998474121094,45.89628982543945,2925000,0.0,0.0
2016-07-19 00:00:00-04:00,60.619998931884766,60.880001068115234,60.34000015258789,60.599998474121094,45.52070236206055,3571800,0.0,0.0
2016-07-20 00:00:00-04:00,60.599998474121094,61.459999084472656,60.599998474121094,61.13999938964844,45.926334381103516,2976500,0.0,0.0
2016-07-21 00:00:00-04:00,60.7400016784668,61.2400016784668,60.7400016784668,61.060001373291016,45.86624526977539,4778150,0.0,0.0
2016-07-22 00:00:00-04:00,60.880001068115234,62.459999084472656,60.79999923706055,62.2599983215332,46.767635345458984,6161550,0.0,0.0
2016-07-25 00:00:00-04:00,62.2599983215332,62.560001373291016,61.779998779296875,62.29999923706055,46.79767990112305,4094900,0.0,0.0
2016-07-26 00:00:00-04:00,62.29999923706055,62.400001525878906,61.5,61.81999969482422,46.43711853027344,4167750,0.0,0.0
2016-07-27 00:00:00-04:00,62.099998474121094,63.13999938964844,62.08000183105469,63.08000183105469,47.383602142333984,4711450,0.0,0.0
2016-07-28 00:00:00-04:00,65.08000183105469,68.69999694824219,65.0199966430664,68.58000183105469,51.5150146484375,10000650,0.0,0.0
2016-07-29 00:00:00-04:00,68.0199966430664,68.68000030517578,66.94000244140625,68.27999877929688,51.2896614074707,5753250,0.0,0.0
2016-08-01 00:00:00-04:00,67.31999969482422,68.13999938964844,67.31999969482422,67.68000030517578,50.83895492553711,3302600,0.0,0.0
2016-08-02 00:00:00-04:00,68.0,68.68000030517578,67.66000366210938,68.41999816894531,51.39482116699219,3845750,0.0,0.0
2016-08-03 00:00:00-04:00,67.5199966430664,68.5199966430664,67.5199966430664,68.18000030517578,51.21455001831055,4699950,0.0,0.0
2016-08-04 00:00:00-04:00,68.13999938964844,68.91999816894531,68.05999755859375,68.5999984741211,51.530033111572266,3383250,0.0,0.0
2016-08-05 00:00:00-04:00,69.95999908447266,70.08000183105469,68.36000061035156,68.55999755859375,51.4999885559082,5631300,0.0,0.0
2016-08-08 00:00:00-04:00,68.36000061035156,69.23999786376953,68.30000305175781,69.0,51.830501556396484,3042450,0.0,0.0
2016-08-09 00:00:00-04:00,68.16000366210938,68.55999755859375,68.0999984741211,68.27999877929688,51.2896614074707,2420050,0.0,0.0
2016-08-10 00:00:00-04:00,67.5199966430664,67.5199966430664,67.0,67.0999984741211,51.0765266418457,1655050,0.9,0.0
2016-08-11 00:00:00-04:00,67.37999725341797,67.94000244140625,67.22000122070312,67.62000274658203,51.47235107421875,1784050,0.0,0.0
2016-08-12 00:00:00-04:00,67.13999938964844,67.5,66.76000213623047,67.08000183105469,51.06129455566406,2551250,0.0,0.0
2016-08-15 00:00:00-04:00,67.30000305175781,67.44000244140625,66.83999633789062,66.87999725341797,50.90906524658203,1836450,0.0,0.0
2016-08-16 00:00:00-04:00,67.0,67.44000244140625,66.9000015258789,67.0999984741211,51.0765266418457,1972600,0.0,0.0
2016-08-17 00:00:00-04:00,67.12000274658203,67.4000015258789,66.66000366210938,67.23999786376953,51.18308639526367,1840150,0.0,0.0
2016-08-18 00:00:00-04:00,66.81999969482422,67.37999725341797,66.76000213623047,67.13999938964844,51.10696792602539,1546100,0.0,0.0
2016-08-19 00:00:00-04:00,67.05999755859375,67.13999938964844,66.62000274658203,67.12000274658203,51.09174728393555,1633150,0.0,0.0
2016-08-22 00:00:00-04:00,67.12000274658203,67.9800033569336,67.12000274658203,67.69999694824219,51.533241271972656,3175050,0.0,0.0
2016-08-23 00:00:00-04:00,67.95999908447266,68.13999938964844,67.44000244140625,67.66000366210938,51.502803802490234,2316150,0.0,0.0
2016-08-24 00:00:00-04:00,68.30000305175781,69.0199966430664,66.83999633789062,67.0,51.00040817260742,2716000,0.0,0.0
2016-08-25 00:00:00-04:00,66.5999984741211,67.12000274658203,66.23999786376953,66.45999908447266,50.58935546875,1947450,0.0,0.0
2016-08-26 00:00:00-04:00,66.30000305175781,66.9000015258789,65.55999755859375,66.0999984741211,50.3153190612793,2419550,0.0,0.0
2016-08-29 00:00:00-04:00,66.22000122070312,66.83999633789062,66.0999984741211,66.5999984741211,50.6959228515625,1239200,0.0,0.0
2016-08-30 00:00:00-04:00,66.30000305175781,66.62000274658203,66.13999938964844,66.41999816894531,50.558902740478516,2347100,0.0,0.0
2016-08-31 00:00:00-04:00,65.44000244140625,65.72000122070312,65.22000122070312,65.62000274658203,49.949947357177734,2386800,0.0,0.0
2016-09-01 00:00:00-04:00,64.73999786376953,65.37999725341797,64.72000122070312,65.19999694824219,49.6302490234375,3265500,0.0,0.0
2016-09-02 00:00:00-04:00,66.16000366210938,66.95999908447266,65.91999816894531,66.62000274658203,50.71115493774414,1823400,0.0,0.0
2016-09-06 00:00:00-04:00,66.36000061035156,66.55999755859375,66.08000183105469,66.18000030517578,50.376224517822266,1894550,0.0,0.0
2016-09-07 00:00:00-04:00,66.13999938964844,66.41999816894531,65.91999816894531,66.36000061035156,50.51323699951172,2243700,0.0,0.0
2016-09-08 00:00:00-04:00,65.66000366210938,66.16000366210938,65.63999938964844,66.08000183105469,50.30010223388672,3034700,0.0,0.0
2016-09-09 00:00:00-04:00,65.69999694824219,65.69999694824219,64.37999725341797,64.4000015258789,49.02128219604492,2233550,0.0,0.0
2016-09-12 00:00:00-04:00,65.05999755859375,66.68000030517578,64.94000244140625,66.4800033569336,50.604576110839844,1801750,0.0,0.0
2016-09-13 00:00:00-04:00,65.72000122070312,65.9800033569336,64.95999908447266,65.4800033569336,49.843387603759766,2916850,0.0,0.0
2016-09-14 00:00:00-04:00,65.81999969482422,66.54000091552734,65.66000366210938,66.19999694824219,50.391441345214844,3485850,0.0,0.0
2016-09-15 00:00:00-04:00,66.37999725341797,67.63999938964844,66.0,67.31999969482422,51.243988037109375,3008450,0.0,0.0
2016-09-16 00:00:00-04:00,68.23999786376953,68.30000305175781,67.36000061035156,67.63999938964844,51.48757553100586,2577350,0.0,0.0
2016-09-19 00:00:00-04:00,67.22000122070312,67.4800033569336,66.91999816894531,67.04000091552734,51.03085708618164,1665050,0.0,0.0
2016-09-20 00:00:00-04:00,67.95999908447266,68.12000274658203,67.18000030517578,67.30000305175781,51.2287712097168,1714850,0.0,0.0
2016-09-21 00:00:00-04:00,66.95999908447266,67.55999755859375,66.37999725341797,67.5,51.381004333496094,1970750,0.0,0.0
2016-09-22 00:00:00-04:00,68.45999908447266,68.68000030517578,68.22000122070312,68.55999755859375,52.1878776550293,2273950,0.0,0.0
2016-09-23 00:00:00-04:00,67.9000015258789,68.30000305175781,67.77999877929688,67.94000244140625,51.71593475341797,1897500,0.0,0.0
2016-09-26 00:00:00-04:00,67.33999633789062,67.41999816894531,66.86000061035156,67.0999984741211,51.0765266418457,2121650,0.0,0.0
2016-09-27 00:00:00-04:00,66.0999984741211,67.26000213623047,65.95999908447266,67.22000122070312,51.16787338256836,1838950,0.0,0.0
2016-09-28 00:00:00-04:00,67.9800033569336,68.18000030517578,67.45999908447266,67.63999938964844,51.48757553100586,4259000,0.0,0.0
2016-09-29 00:00:00-04:00,66.87999725341797,66.94000244140625,65.54000091552734,66.0999984741211,50.3153190612793,3484950,0.0,0.0
2016-09-30 00:00:00-04:00,65.81999969482422,66.33999633789062,65.72000122070312,65.72000122070312,50.02607345581055,2278700,0.0,0.0
2016-10-03 00:00:00-04:00,65.72000122070312,66.0999984741211,65.44000244140625,66.0,50.23920440673828,1544300,0.0,0.0
2016-10-04 00:00:00-04:00,65.94000244140625,66.54000091552734,64.68000030517578,65.13999938964844,49.58457565307617,2707700,0.0,0.0
2016-10-05 00:00:00-04:00,65.13999938964844,65.5199966430664,65.0199966430664,65.19999694824219,49.6302490234375,2162650,0.0,0.0
2016-10-06 00:00:00-04:00,64.5999984741211,64.87999725341797,64.33999633789062,64.5199966430664,49.11262893676758,1756950,0.0,0.0
2016-10-07 00:00:00-04:00,64.16000366210938,64.69999694824219,64.0,64.58000183105469,49.15830993652344,2004500,0.0,0.0
2016-10-10 00:00:00-04:00,64.04000091552734,64.4000015258789,64.04000091552734,64.12000274658203,48.80814743041992,1847000,0.0,0.0
2016-10-11 00:00:00-04:00,63.119998931884766,63.380001068115234,62.099998474121094,62.2400016784668,47.3770866394043,2809300,0.0,0.0
2016-10-12 00:00:00-04:00,61.959999084472656,62.15999984741211,61.380001068115234,61.599998474121094,46.88992691040039,1700500,0.0,0.0
2016-10-13 00:00:00-04:00,60.84000015258789,61.91999816894531,60.79999923706055,61.68000030517578,46.9508171081543,1723900,0.0,0.0
2016-10-14 00:00:00-04:00,61.439998626708984,61.68000030517578,61.13999938964844,61.18000030517578,46.570228576660156,2126300,0.0,0.0
2016-10-17 00:00:00-04:00,60.63999938964844,62.20000076293945,60.540000915527344,61.459999084472656,46.78335952758789,4141750,0.0,0.0
2016-10-18 00:00:00-04:00,62.779998779296875,62.81999969482422,62.31999969482422,62.540000915527344,47.6054573059082,1961550,0.0,0.0
2016-10-19 00:00:00-04:00,61.79999923706055,62.040000915527344,61.540000915527344,61.560001373291016,46.859474182128906,1516550,0.0,0.0
2016-10-20 00:00:00-04:00,61.560001373291016,62.279998779296875,61.52000045776367,62.0,47.19440460205078,1502300,0.0,0.0
2016-10-21 00:00:00-04:00,61.36000061035156,61.720001220703125,61.220001220703125,61.439998626708984,46.768131256103516,1340750,0.0,0.0
2016-10-24 00:00:00-04:00,60.47999954223633,60.540000915527344,60.040000915527344,60.15999984741211,45.793792724609375,2066800,0.0,0.0
2016-10-25 00:00:00-04:00,59.79999923706055,60.08000183105469,58.79999923706055,59.58000183105469,45.352298736572266,4468400,0.0,0.0
2016-10-26 00:00:00-04:00,58.900001525878906,59.439998626708984,58.779998779296875,59.18000030517578,45.047821044921875,1901550,0.0,0.0
2016-10-27 00:00:00-04:00,60.0,60.060001373291016,56.0,57.08000183105469,43.44930648803711,10105600,0.0,0.0
2016-10-28 00:00:00-04:00,56.880001068115234,57.540000915527344,56.15999984741211,57.20000076293945,43.5406494140625,6920350,0.0,0.0
2016-10-31 00:00:00-04:00,57.0,57.18000030517578,56.599998474121094,56.63999938964844,43.11437225341797,2276450,0.0,0.0
2016-11-01 00:00:00-04:00,56.5,56.540000915527344,55.63999938964844,55.97999954223633,42.611976623535156,2935300,0.0,0.0
2016-11-02 00:00:00-04:00,56.900001525878906,56.959999084472656,56.2400016784668,56.41999816894531,42.946903228759766,3032950,0.0,0.0
2016-11-03 00:00:00-04:00,56.599998474121094,56.68000030517578,55.31999969482422,55.47999954223633,42.23138427734375,2238650,0.0,0.0
2016-11-04 00:00:00-04:00,55.439998626708984,55.7400016784668,55.2599983215332,55.31999969482422,42.109580993652344,2850200,0.0,0.0
2016-11-07 00:00:00-05:00,55.47999954223633,55.91999816894531,55.47999954223633,55.779998779296875,42.459739685058594,1823600,0.0,0.0
2016-11-08 00:00:00-05:00,56.0,56.20000076293945,55.84000015258789,55.97999954223633,42.611976623535156,2103450,0.0,0.0
2016-11-09 00:00:00-05:00,57.400001525878906,58.31999969482422,56.7400016784668,57.900001525878906,44.073486328125,4600650,0.0,0.0
2016-11-10 00:00:00-05:00,54.79999923706055,56.41999816894531,54.79999923706055,55.36000061035156,42.14003372192383,8653850,0.0,0.0
2016-11-11 00:00:00-05:00,55.220001220703125,56.7400016784668,55.040000915527344,55.959999084472656,42.59675979614258,6061350,0.0,0.0
2016-11-14 00:00:00-05:00,55.13999938964844,55.70000076293945,55.060001373291016,55.29999923706055,42.0943603515625,2719450,0.0,0.0
2016-11-15 00:00:00-05:00,54.86000061035156,55.5,54.720001220703125,55.2599983215332,42.06391525268555,1757350,0.0,0.0
2016-11-16 00:00:00-05:00,54.880001068115234,55.36000061035156,54.7400016784668,54.79999923706055,41.713768005371094,3238300,0.0,0.0
2016-11-17 00:00:00-05:00,54.79999923706055,55.02000045776367,54.65999984741211,54.70000076293945,41.63764190673828,3954150,0.0,0.0
2016-11-18 00:00:00-05:00,54.099998474121094,54.540000915527344,54.0,54.2400016784668,41.28749465942383,3497150,0.0,0.0
2016-11-21 00:00:00-05:00,54.47999954223633,54.81999969482422,54.439998626708984,54.68000030517578,41.62242126464844,2118050,0.0,0.0
2016-11-22 00:00:00-05:00,54.2599983215332,54.31999969482422,52.7599983215332,52.86000061035156,40.23703384399414,6910700,0.0,0.0
2016-11-23 00:00:00-05:00,52.86000061035156,52.86000061035156,51.7599983215332,52.7400016784668,40.145694732666016,6763600,0.0,0.0
2016-11-25 00:00:00-05:00,54.459999084472656,54.459999084472656,53.880001068115234,54.20000076293945,41.257041931152344,4784650,0.0,0.0
2016-11-28 00:00:00-05:00,53.5,53.959999084472656,53.2599983215332,53.459999084472656,40.693763732910156,3184200,0.0,0.0
2016-11-29 00:00:00-05:00,53.68000030517578,53.959999084472656,53.400001525878906,53.41999816894531,40.66331481933594,3186150,0.0,0.0
2016-11-30 00:00:00-05:00,53.279998779296875,53.400001525878906,52.20000076293945,52.279998779296875,39.795536041259766,5300500,0.0,0.0
2016-12-01 00:00:00-05:00,52.41999816894531,52.52000045776367,51.52000045776367,51.619998931884766,39.293148040771484,4500050,0.0,0.0
2016-12-02 00:00:00-05:00,51.880001068115234,52.220001220703125,51.720001220703125,51.779998779296875,39.414939880371094,4418400,0.0,0.0
2016-12-05 00:00:00-05:00,52.060001373291016,52.08000183105469,51.36000061035156,51.63999938964844,39.30837631225586,3976700,0.0,0.0
2016-12-06 00:00:00-05:00,52.040000915527344,52.119998931884766,51.720001220703125,52.02000045776367,39.597625732421875,2575850,0.0,0.0
2016-12-07 00:00:00-05:00,52.119998931884766,52.119998931884766,51.099998474121094,51.70000076293945,39.35404586791992,5802350,0.0,0.0
2016-12-08 00:00:00-05:00,52.2599983215332,52.63999938964844,52.040000915527344,52.540000915527344,39.99345016479492,3606400,0.0,0.0
2016-12-09 00:00:00-05:00,53.41999816894531,54.84000015258789,53.400001525878906,54.31999969482422,41.348388671875,4338650,0.0,0.0
2016-12-12 00:00:00-05:00,53.65999984741211,54.18000030517578,53.58000183105469,53.880001068115234,41.013458251953125,3626900,0.0,0.0
2016-12-13 00:00:00-05:00,54.58000183105469,55.47999954223633,54.459999084472656,55.400001525878906,42.17048645019531,5313550,0.0,0.0
2016-12-14 00:00:00-05:00,55.5,55.560001373291016,54.52000045776367,54.58000183105469,41.54631042480469,5401700,0.0,0.0
2016-12-15 00:00:00-05:00,54.86000061035156,55.58000183105469,54.79999923706055,55.400001525878906,42.17048645019531,6024000,0.0,0.0
2016-12-16 00:00:00-05:00,55.97999954223633,56.02000045776367,55.34000015258789,55.720001220703125,42.4140625,4239500,0.0,0.0
2016-12-19 00:00:00-05:00,54.560001373291016,54.86000061035156,53.84000015258789,53.900001525878906,41.02869415283203,7982400,0.0,0.0
2016-12-20 00:00:00-05:00,54.15999984741211,54.380001068115234,53.84000015258789,54.040000915527344,41.135250091552734,6156350,0.0,0.0
2016-12-21 00:00:00-05:00,54.040000915527344,54.36000061035156,53.84000015258789,54.119998931884766,41.1961555480957,6123050,0.0,0.0
2016-12-22 00:00:00-05:00,54.34000015258789,54.52000045776367,54.119998931884766,54.36000061035156,41.37883377075195,6305300,0.0,0.0
2016-12-23 00:00:00-05:00,54.540000915527344,54.81999969482422,54.34000015258789,54.619998931884766,41.57674789428711,1491850,0.0,0.0
2016-12-27 00:00:00-05:00,54.7599983215332,55.0,54.459999084472656,54.52000045776367,41.50062561035156,1491700,0.0,0.0
2016-12-28 00:00:00-05:00,55.040000915527344,55.08000183105469,54.380001068115234,54.41999816894531,41.42450714111328,2396900,0.0,0.0
2016-12-29 00:00:00-05:00,54.7400016784668,55.13999938964844,54.540000915527344,54.720001220703125,41.652862548828125,2294950,0.0,0.0
2016-12-30 00:00:00-05:00,55.08000183105469,55.119998931884766,54.5,54.63999938964844,41.59196853637695,1862150,0.0,0.0
2017-01-03 00:00:00-05:00,55.060001373291016,55.47999954223633,54.900001525878906,55.41999816894531,42.18570327758789,2565400,0.0,0.0
2017-01-04 00:00:00-05:00,55.41999816894531,56.0,55.41999816894531,55.86000061035156,42.5206298828125,2281250,0.0,0.0
2017-01-05 00:00:00-05:00,56.63999938964844,57.52000045776367,56.5,57.380001068115234,43.67766189575195,2791500,0.0,0.0
2017-01-06 00:00:00-05:00,56.81999969482422,57.099998474121094,56.65999984741211,56.86000061035156,43.28183364868164,3027750,0.0,0.0
2017-01-09 00:00:00-05:00,56.65999984741211,57.15999984741211,56.540000915527344,57.060001373291016,43.43408203125,2079300,0.0,0.0
2017-01-10 00:00:00-05:00,57.439998626708984,57.619998931884766,57.220001220703125,57.5,43.76900863647461,2666100,0.0,0.0
2017-01-11 00:00:00-05:00,56.939998626708984,57.2599983215332,55.939998626708984,56.36000061035156,42.9012336730957,3574850,0.0,0.0
2017-01-12 00:00:00-05:00,56.2400016784668,56.63999938964844,56.040000915527344,56.47999954223633,42.99258041381836,4274500,0.0,0.0
2017-01-13 00:00:00-05:00,56.720001220703125,57.18000030517578,56.400001525878906,57.15999984741211,43.51019287109375,2579900,0.0,0.0
2017-01-17 00:00:00-05:00,57.380001068115234,57.380001068115234,56.7599983215332,56.939998626708984,43.34273147583008,3660300,0.0,0.0
2017-01-18 00:00:00-05:00,57.29999923706055,57.31999969482422,56.86000061035156,57.0,43.388404846191406,3070900,0.0,0.0
2017-01-19 00:00:00-05:00,56.459999084472656,56.619998931884766,55.619998931884766,55.81999969482422,42.49018096923828,1846500,0.0,0.0
2017-01-20 00:00:00-05:00,54.779998779296875,54.84000015258789,53.7400016784668,54.13999938964844,41.21137237548828,5062800,0.0,0.0
2017-01-23 00:00:00-05:00,54.20000076293945,54.29999923706055,53.7400016784668,54.20000076293945,41.257041931152344,2753550,0.0,0.0
2017-01-24 00:00:00-05:00,53.86000061035156,54.2599983215332,53.29999923706055,53.97999954223633,41.089576721191406,4640400,0.0,0.0
2017-01-25 00:00:00-05:00,54.459999084472656,54.779998779296875,54.20000076293945,54.58000183105469,41.54631042480469,2395850,0.0,0.0
2017-01-26 00:00:00-05:00,55.13999938964844,55.15999984741211,53.279998779296875,53.439998626708984,40.678531646728516,5196300,0.0,0.0
2017-01-27 00:00:00-05:00,53.880001068115234,54.15999984741211,53.619998931884766,54.099998474121094,41.18092346191406,3689350,0.0,0.0
2017-01-30 00:00:00-05:00,54.08000183105469,54.20000076293945,53.900001525878906,54.18000030517578,41.241817474365234,3071500,0.0,0.0
2017-01-31 00:00:00-05:00,53.040000915527344,54.5,53.02000045776367,54.459999084472656,41.4549560546875,5320950,0.0,0.0
2017-02-01 00:00:00-05:00,54.459999084472656,55.52000045776367,54.459999084472656,55.52000045776367,42.2618293762207,5006050,0.0,0.0
2017-02-02 00:00:00-05:00,54.02000045776367,55.15999984741211,53.959999084472656,55.119998931884766,41.95735549926758,5599600,0.0,0.0
2017-02-03 00:00:00-05:00,55.099998474121094,55.880001068115234,55.099998474121094,55.84000015258789,42.50541305541992,5394200,0.0,0.0
2017-02-06 00:00:00-05:00,55.41999816894531,56.220001220703125,55.41999816894531,56.18000030517578,42.764217376708984,3150150,0.0,0.0
2017-02-07 00:00:00-05:00,56.380001068115234,56.599998474121094,56.18000030517578,56.52000045776367,43.023033142089844,3170700,0.0,0.0
2017-02-08 00:00:00-05:00,56.34000015258789,57.31999969482422,56.34000015258789,57.2400016784668,43.57109069824219,2554500,0.0,0.0
2017-02-09 00:00:00-05:00,57.2400016784668,58.70000076293945,57.2400016784668,58.599998474121094,44.60631561279297,3632000,0.0,0.0
2017-02-10 00:00:00-05:00,58.47999954223633,59.2599983215332,58.400001525878906,59.060001373291016,44.95646667480469,4350450,0.0,0.0
2017-02-13 00:00:00-05:00,59.20000076293945,59.47999954223633,59.060001373291016,59.279998779296875,45.123939514160156,2741350,0.0,0.0
2017-02-14 00:00:00-05:00,58.7400016784668,59.31999969482422,58.65999984741211,59.18000030517578,45.047821044921875,2739700,0.0,0.0
2017-02-15 00:00:00-05:00,57.099998474121094,57.720001220703125,57.040000915527344,57.68000030517578,45.36240768432617,1879200,1.9,0.0
2017-02-16 00:00:00-05:00,57.47999954223633,57.779998779296875,57.31999969482422,57.52000045776367,45.236572265625,2200250,0.0,0.0
2017-02-17 00:00:00-05:00,58.31999969482422,58.540000915527344,57.880001068115234,58.31999969482422,45.86573791503906,2248050,0.0,0.0
2017-02-21 00:00:00-05:00,57.959999084472656,58.2599983215332,57.7400016784668,58.02000045776367,45.62979507446289,2235900,0.0,0.0
2017-02-22 00:00:00-05:00,57.2400016784668,57.959999084472656,57.220001220703125,57.84000015258789,45.48823928833008,2559500,0.0,0.0
2017-02-23 00:00:00-05:00,58.47999954223633,59.2599983215332,58.439998626708984,59.02000045776367,46.41624450683594,2606500,0.0,0.0
2017-02-24 00:00:00-05:00,58.459999084472656,58.720001220703125,58.400001525878906,58.70000076293945,46.164581298828125,1769800,0.0,0.0
2017-02-27 00:00:00-05:00,58.2400016784668,58.779998779296875,58.220001220703125,58.7400016784668,46.1960334777832,1815700,0.0,0.0
2017-02-28 00:00:00-05:00,58.900001525878906,59.13999938964844,58.36000061035156,58.52000045776367,46.02302169799805,1964800,0.0,0.0
2017-03-01 00:00:00-05:00,58.02000045776367,58.84000015258789,57.900001525878906,58.63999938964844,46.11738967895508,3473500,0.0,0.0
2017-03-02 00:00:00-05:00,58.84000015258789,59.560001373291016,58.7599983215332,59.20000076293945,46.557804107666016,3402450,0.0,0.0
2017-03-03 00:00:00-05:00,59.279998779296875,59.91999816894531,59.20000076293945,59.84000015258789,47.061126708984375,2652000,0.0,0.0
2017-03-06 00:00:00-05:00,59.540000915527344,59.63999938964844,59.20000076293945,59.2400016784668,46.589263916015625,1682850,0.0,0.0
2017-03-07 00:00:00-05:00,58.18000030517578,59.2400016784668,58.060001373291016,59.0,46.400508880615234,1985900,0.0,0.0
2017-03-08 00:00:00-05:00,58.97999954223633,59.119998931884766,58.65999984741211,58.81999969482422,46.25895690917969,2306450,0.0,0.0
2017-03-09 00:00:00-05:00,58.63999938964844,59.15999984741211,58.619998931884766,59.119998931884766,46.49489212036133,1881850,0.0,0.0
2017-03-10 00:00:00-05:00,58.97999954223633,59.15999984741211,58.7400016784668,59.099998474121094,46.47916030883789,1966000,0.0,0.0
2017-03-13 00:00:00-04:00,59.099998474121094,60.2599983215332,59.099998474121094,60.13999938964844,47.29706573486328,1978800,0.0,0.0
2017-03-14 00:00:00-04:00,59.97999954223633,61.08000183105469,59.959999084472656,60.599998474121094,47.6588249206543,3799450,0.0,0.0
2017-03-15 00:00:00-04:00,60.18000030517578,60.540000915527344,60.02000045776367,60.41999816894531,47.51727294921875,2570350,0.0,0.0
2017-03-16 00:00:00-04:00,61.040000915527344,61.18000030517578,60.779998779296875,61.040000915527344,48.00487518310547,1550650,0.0,0.0
2017-03-17 00:00:00-04:00,61.099998474121094,61.79999923706055,61.0,61.380001068115234,48.27226257324219,2179350,0.0,0.0
2017-03-20 00:00:00-04:00,61.439998626708984,61.7599983215332,61.380001068115234,61.400001525878906,48.287994384765625,1721950,0.0,0.0
2017-03-21 00:00:00-04:00,61.63999938964844,61.779998779296875,60.720001220703125,60.7400016784668,47.76893997192383,1960400,0.0,0.0
2017-03-22 00:00:00-04:00,61.13999938964844,62.08000183105469,61.02000045776367,61.959999084472656,48.728397369384766,3067100,0.0,0.0
2017-03-23 00:00:00-04:00,62.31999969482422,63.20000076293945,62.279998779296875,62.599998474121094,49.231727600097656,5634450,0.0,0.0
2017-03-24 00:00:00-04:00,62.380001068115234,62.7599983215332,62.220001220703125,62.619998931884766,49.24745178222656,1991800,0.0,0.0
2017-03-27 00:00:00-04:00,63.29999923706055,63.7599983215332,63.2599983215332,63.599998474121094,50.01818084716797,2258700,0.0,0.0
2017-03-28 00:00:00-04:00,63.15999984741211,63.220001220703125,62.65999984741211,62.65999984741211,49.2789192199707,2287900,0.0,0.0
2017-03-29 00:00:00-04:00,62.41999816894531,62.7400016784668,62.400001525878906,62.58000183105469,49.21601104736328,1740300,0.0,0.0
2017-03-30 00:00:00-04:00,62.7599983215332,62.779998779296875,62.31999969482422,62.34000015258789,49.02725601196289,1134300,0.0,0.0
2017-03-31 00:00:00-04:00,62.31999969482422,62.68000030517578,62.2599983215332,62.279998779296875,48.980064392089844,1371700,0.0,0.0
2017-04-03 00:00:00-04:00,62.099998474121094,62.58000183105469,62.08000183105469,62.279998779296875,48.980064392089844,1405900,0.0,0.0
2017-04-04 00:00:00-04:00,62.560001373291016,62.79999923706055,62.41999816894531,62.560001373291016,49.200279235839844,1428300,0.0,0.0
2017-04-05 00:00:00-04:00,61.65999984741211,61.79999923706055,60.86000061035156,60.91999816894531,47.910491943359375,2677550,0.0,0.0
2017-04-06 00:00:00-04:00,60.599998474121094,61.220001220703125,60.5,60.880001068115234,47.8790397644043,1964000,0.0,0.0
2017-04-07 00:00:00-04:00,60.52000045776367,60.7599983215332,60.279998779296875,60.599998474121094,47.6588249206543,3500300,0.0,0.0
2017-04-10 00:00:00-04:00,59.7599983215332,60.060001373291016,59.65999984741211,59.79999923706055,47.0296745300293,1961600,0.0,0.0
2017-04-11 00:00:00-04:00,60.31999969482422,60.47999954223633,60.0,60.36000061035156,47.47007751464844,1481600,0.0,0.0
2017-04-12 00:00:00-04:00,60.18000030517578,60.41999816894531,60.099998474121094,60.279998779296875,47.40716552734375,1162350,0.0,0.0
2017-04-13 00:00:00-04:00,60.18000030517578,60.459999084472656,60.08000183105469,60.279998779296875,47.40716552734375,1324950,0.0,0.0
2017-04-17 00:00:00-04:00,60.34000015258789,60.68000030517578,60.2400016784668,60.29999923706055,47.42289352416992,1287000,0.0,0.0
2017-04-18 00:00:00-04:00,59.91999816894531,59.97999954223633,59.31999969482422,59.52000045776367,46.80946350097656,2222050,0.0,0.0
2017-04-19 00:00:00-04:00,60.15999984741211,60.15999984741211,59.47999954223633,59.540000915527344,46.825199127197266,1820850,0.0,0.0
2017-04-20 00:00:00-04:00,60.0,60.02000045776367,59.7400016784668,59.79999923706055,47.0296745300293,1589950,0.0,0.0
2017-04-21 00:00:00-04:00,59.63999938964844,59.70000076293945,59.2599983215332,59.52000045776367,46.80946350097656,1022400,0.0,0.0
2017-04-24 00:00:00-04:00,60.400001525878906,60.68000030517578,60.2599983215332,60.47999954223633,47.564453125,1321300,0.0,0.0
2017-04-25 00:00:00-04:00,61.18000030517578,61.2599983215332,60.939998626708984,60.97999954223633,47.95769119262695,1510500,0.0,0.0
2017-04-26 00:00:00-04:00,60.97999954223633,61.47999954223633,60.939998626708984,61.15999984741211,48.099246978759766,2102550,0.0,0.0
2017-04-27 00:00:00-04:00,61.15999984741211,62.13999938964844,61.060001373291016,61.720001220703125,48.53965377807617,2345000,0.0,0.0
2017-04-28 00:00:00-04:00,61.15999984741211,61.29999923706055,60.41999816894531,60.5,47.58019256591797,2465250,0.0,0.0
2017-05-01 00:00:00-04:00,60.63999938964844,61.31999969482422,60.5,60.540000915527344,47.61164474487305,1451000,0.0,0.0
2017-05-02 00:00:00-04:00,60.81999969482422,61.47999954223633,60.47999954223633,61.400001525878906,48.287994384765625,2220700,0.0,0.0
2017-05-03 00:00:00-04:00,61.380001068115234,61.400001525878906,60.84000015258789,61.0,47.97340774536133,1510000,0.0,0.0
2017-05-04 00:00:00-04:00,60.79999923706055,61.36000061035156,60.779998779296875,61.2599983215332,48.17789077758789,1845550,0.0,0.0
2017-05-05 00:00:00-04:00,60.880001068115234,60.91999816894531,60.63999938964844,60.91999816894531,47.910491943359375,1302550,0.0,0.0
2017-05-08 00:00:00-04:00,60.91999816894531,60.91999816894531,60.41999816894531,60.459999084472656,47.548728942871094,1255500,0.0,0.0
2017-05-09 00:00:00-04:00,61.41999816894531,61.97999954223633,61.31999969482422,61.79999923706055,48.60258102416992,2179700,0.0,0.0
2017-05-10 00:00:00-04:00,61.91999816894531,62.220001220703125,61.81999969482422,62.08000183105469,48.82277297973633,1302300,0.0,0.0
2017-05-11 00:00:00-04:00,61.91999816894531,62.36000061035156,61.7599983215332,62.2599983215332,48.96434783935547,1358950,0.0,0.0
2017-05-12 00:00:00-04:00,66.4000015258789,68.16000366210938,66.33999633789062,68.0,53.47855758666992,9666150,0.0,0.0
2017-05-15 00:00:00-04:00,67.94000244140625,68.4800033569336,67.68000030517578,68.41999816894531,53.80887222290039,3007150,0.0,0.0
2017-05-16 00:00:00-04:00,68.5,69.0999984741211,68.22000122070312,68.81999969482422,54.12345504760742,2475750,0.0,0.0
2017-05-17 00:00:00-04:00,68.95999908447266,69.37999725341797,68.33999633789062,68.33999633789062,53.745941162109375,2790500,0.0,0.0
2017-05-18 00:00:00-04:00,68.5199966430664,68.62000274658203,67.62000274658203,68.04000091552734,53.51002502441406,1861900,0.0,0.0
2017-05-19 00:00:00-04:00,68.13999938964844,68.4000015258789,67.62000274658203,67.80000305175781,53.3212776184082,1607950,0.0,0.0
2017-05-22 00:00:00-04:00,67.66000366210938,68.26000213623047,67.63999938964844,67.9000015258789,53.39990997314453,2188500,0.0,0.0
2017-05-23 00:00:00-04:00,67.81999969482422,68.27999877929688,67.73999786376953,68.16000366210938,53.60438919067383,1989450,0.0,0.0
2017-05-24 00:00:00-04:00,68.0199966430664,68.76000213623047,68.0199966430664,68.54000091552734,53.90325164794922,2140550,0.0,0.0
2017-05-25 00:00:00-04:00,68.31999969482422,68.80000305175781,68.27999877929688,68.68000030517578,54.013343811035156,1303050,0.0,0.0
2017-05-26 00:00:00-04:00,68.26000213623047,68.37999725341797,67.62000274658203,67.69999694824219,53.24262237548828,1277650,0.0,0.0
2017-05-30 00:00:00-04:00,67.94000244140625,68.4000015258789,67.80000305175781,68.0199966430664,53.49427795410156,1301550,0.0,0.0
2017-05-31 00:00:00-04:00,68.5,68.95999908447266,68.36000061035156,68.77999877929688,54.091983795166016,1851800,0.0,0.0
2017-06-01 00:00:00-04:00,69.4800033569336,69.87999725341797,69.41999816894531,69.62000274658203,54.75260925292969,2077700,0.0,0.0
2017-06-02 00:00:00-04:00,70.04000091552734,70.37999725341797,69.86000061035156,70.22000122070312,55.2244758605957,2557900,0.0,0.0
2017-06-05 00:00:00-04:00,70.4800033569336,70.54000091552734,69.73999786376953,69.83999633789062,54.92561340332031,2297550,0.0,0.0
2017-06-06 00:00:00-04:00,69.81999969482422,70.30000305175781,69.69999694824219,69.87999725341797,54.95708084106445,1594000,0.0,0.0
2017-06-07 00:00:00-04:00,69.31999969482422,69.80000305175781,69.30000305175781,69.76000213623047,54.86269760131836,2523200,0.0,0.0
2017-06-08 00:00:00-04:00,70.04000091552734,70.0999984741211,69.27999877929688,69.63999938964844,54.76834487915039,1576600,0.0,0.0
2017-06-09 00:00:00-04:00,68.77999877929688,69.18000030517578,68.0199966430664,68.33999633789062,53.745941162109375,3473750,0.0,0.0
2017-06-12 00:00:00-04:00,68.05999755859375,68.19999694824219,67.80000305175781,68.12000274658203,53.572940826416016,1633300,0.0,0.0
2017-06-13 00:00:00-04:00,68.26000213623047,68.58000183105469,67.9000015258789,68.37999725341797,53.77740478515625,1655200,0.0,0.0
2017-06-14 00:00:00-04:00,69.0,69.19999694824219,68.55999755859375,68.72000122070312,54.044795989990234,1369850,0.0,0.0
2017-06-15 00:00:00-04:00,68.08000183105469,68.69999694824219,67.9000015258789,68.22000122070312,53.65156936645508,1647900,0.0,0.0
2017-06-16 00:00:00-04:00,68.5199966430664,69.0999984741211,68.45999908447266,69.08000183105469,54.32793045043945,1255650,0.0,0.0
2017-06-19 00:00:00-04:00,68.87999725341797,69.55999755859375,68.87999725341797,69.27999877929688,54.48522186279297,1975050,0.0,0.0
2017-06-20 00:00:00-04:00,69.30000305175781,69.83999633789062,69.13999938964844,69.44000244140625,54.61104202270508,2582200,0.0,0.0
2017-06-21 00:00:00-04:00,69.26000213623047,69.9800033569336,69.22000122070312,69.76000213623047,54.86269760131836,1819800,0.0,0.0
2017-06-22 00:00:00-04:00,70.0,71.19999694824219,69.95999908447266,70.72000122070312,55.61769104003906,2007650,0.0,0.0
2017-06-23 00:00:00-04:00,70.41999816894531,70.5,69.87999725341797,70.13999938964844,55.161556243896484,1564150,0.0,0.0
2017-06-26 00:00:00-04:00,70.66000366210938,70.66000366210938,69.95999908447266,70.30000305175781,55.287391662597656,1415050,0.0,0.0
2017-06-27 00:00:00-04:00,69.66000366210938,69.80000305175781,69.05999755859375,69.13999938964844,54.3751106262207,1483950,0.0,0.0
2017-06-28 00:00:00-04:00,69.19999694824219,69.33999633789062,68.68000030517578,68.69999694824219,54.02906799316406,1936850,0.0,0.0
2017-06-29 00:00:00-04:00,68.37999725341797,68.41999816894531,67.73999786376953,68.23999786376953,53.66729736328125,1697700,0.0,0.0
2017-06-30 00:00:00-04:00,68.23999786376953,68.44000244140625,67.73999786376953,68.18000030517578,53.620121002197266,1348800,0.0,0.0
2017-07-03 00:00:00-04:00,67.68000030517578,68.05999755859375,67.62000274658203,67.76000213623047,53.28981018066406,851700,0.0,0.0
2017-07-05 00:00:00-04:00,67.31999969482422,68.37999725341797,67.27999877929688,68.31999969482422,53.730224609375,1289350,0.0,0.0
2017-07-06 00:00:00-04:00,67.5199966430664,67.5999984741211,67.0,67.27999877929688,52.912315368652344,1992300,0.0,0.0
2017-07-07 00:00:00-04:00,67.12000274658203,67.69999694824219,67.0999984741211,67.5,53.08533477783203,1409750,0.0,0.0
2017-07-10 00:00:00-04:00,67.41999816894531,67.58000183105469,67.12000274658203,67.26000213623047,52.896583557128906,1265350,0.0,0.0
2017-07-11 00:00:00-04:00,66.30000305175781,66.80000305175781,66.23999786376953,66.4800033569336,52.28315734863281,1793350,0.0,0.0
2017-07-12 00:00:00-04:00,67.63999938964844,68.23999786376953,65.80000305175781,65.83999633789062,51.77982711791992,4969900,0.0,0.0
2017-07-13 00:00:00-04:00,65.83999633789062,66.91999816894531,64.5199966430664,64.77999877929688,50.94619369506836,10588250,0.0,0.0
2017-07-14 00:00:00-04:00,65.80000305175781,69.0,65.45999908447266,67.73999786376953,53.27408218383789,5828300,0.0,0.0
2017-07-17 00:00:00-04:00,67.45999908447266,67.58000183105469,66.5999984741211,66.76000213623047,52.50335693359375,2110450,0.0,0.0
2017-07-18 00:00:00-04:00,66.9000015258789,67.23999786376953,66.72000122070312,67.0199966430664,52.70783996582031,1812200,0.0,0.0
2017-07-19 00:00:00-04:00,67.36000061035156,67.5199966430664,67.0,67.19999694824219,52.849395751953125,2345950,0.0,0.0
2017-07-20 00:00:00-04:00,67.33999633789062,67.95999908447266,67.31999969482422,67.77999877929688,53.305545806884766,1682950,0.0,0.0
2017-07-21 00:00:00-04:00,68.0,68.13999938964844,67.76000213623047,68.0999984741211,53.55720901489258,1801350,0.0,0.0
2017-07-24 00:00:00-04:00,67.26000213623047,67.95999908447266,67.05999755859375,67.69999694824219,53.24262237548828,2058100,0.0,0.0
2017-07-25 00:00:00-04:00,68.0,68.0999984741211,67.26000213623047,67.55999755859375,53.13251876831055,1586900,0.0,0.0
2017-07-26 00:00:00-04:00,67.9000015258789,67.9800033569336,67.41999816894531,67.87999725341797,53.384185791015625,2032850,0.0,0.0
2017-07-27 00:00:00-04:00,57.540000915527344,58.31999969482422,56.86000061035156,57.7599983215332,45.42531967163086,13588450,0.0,0.0
2017-07-28 00:00:00-04:00,58.65999984741211,60.7400016784668,58.63999938964844,60.540000915527344,47.61164474487305,6644400,0.0,0.0
2017-07-31 00:00:00-04:00,61.63999938964844,61.68000030517578,60.36000061035156,60.36000061035156,47.47007751464844,5399200,0.0,0.0
2017-08-01 00:00:00-04:00,60.86000061035156,60.959999084472656,59.7400016784668,59.84000015258789,47.061126708984375,3179050,0.0,0.0
2017-08-02 00:00:00-04:00,60.58000183105469,60.68000030517578,60.15999984741211,60.65999984741211,47.70602798461914,2838000,0.0,0.0
2017-08-03 00:00:00-04:00,60.91999816894531,61.0,60.5,60.68000030517578,47.72175216674805,2154900,0.0,0.0
2017-08-04 00:00:00-04:00,59.900001525878906,60.380001068115234,59.81999969482422,60.34000015258789,47.45436477661133,2594550,0.0,0.0
2017-08-07 00:00:00-04:00,60.13999938964844,60.279998779296875,59.70000076293945,60.119998931884766,47.28133773803711,1784400,0.0,0.0
2017-08-08 00:00:00-04:00,60.060001373291016,60.619998931884766,59.47999954223633,59.5,46.79373550415039,3677200,0.0,0.0
2017-08-09 00:00:00-04:00,59.040000915527344,59.040000915527344,58.540000915527344,58.939998626708984,47.06523513793945,2066050,0.9,0.0
2017-08-10 00:00:00-04:00,58.540000915527344,58.79999923706055,58.060001373291016,58.060001373291016,46.36253356933594,2933450,0.0,0.0
2017-08-11 00:00:00-04:00,57.7599983215332,58.29999923706055,57.720001220703125,58.15999984741211,46.4423828125,1626750,0.0,0.0
2017-08-14 00:00:00-04:00,57.959999084472656,58.380001068115234,57.939998626708984,58.20000076293945,46.47433090209961,1170250,0.0,0.0
2017-08-15 00:00:00-04:00,58.15999984741211,58.380001068115234,58.02000045776367,58.119998931884766,46.410438537597656,1064700,0.0,0.0
2017-08-16 00:00:00-04:00,58.36000061035156,58.459999084472656,58.08000183105469,58.36000061035156,46.60208511352539,1321500,0.0,0.0
2017-08-17 00:00:00-04:00,58.97999954223633,59.119998931884766,58.099998474121094,58.15999984741211,46.4423828125,2306150,0.0,0.0
2017-08-18 00:00:00-04:00,58.18000030517578,58.31999969482422,57.7599983215332,58.2400016784668,46.50627136230469,2092450,0.0,0.0
2017-08-21 00:00:00-04:00,58.099998474121094,58.099998474121094,57.560001373291016,57.91999816894531,46.250736236572266,1618950,0.0,0.0
2017-08-22 00:00:00-04:00,57.7400016784668,58.2599983215332,57.68000030517578,58.13999938964844,46.426414489746094,1734900,0.0,0.0
2017-08-23 00:00:00-04:00,58.47999954223633,58.63999938964844,58.15999984741211,58.279998779296875,46.5382080078125,1221650,0.0,0.0
2017-08-24 00:00:00-04:00,59.08000183105469,59.31999969482422,58.7599983215332,58.939998626708984,47.06523513793945,1483150,0.0,0.0
2017-08-25 00:00:00-04:00,58.86000061035156,59.0,58.400001525878906,58.47999954223633,46.697914123535156,1097200,0.0,0.0
2017-08-28 00:00:00-04:00,58.86000061035156,59.119998931884766,58.779998779296875,58.880001068115234,47.01732635498047,785150,0.0,0.0
2017-08-29 00:00:00-04:00,58.619998931884766,59.08000183105469,58.5,58.91999816894531,47.04926681518555,1002950,0.0,0.0
2017-08-30 00:00:00-04:00,58.560001373291016,58.70000076293945,58.279998779296875,58.5,46.7138786315918,973150,0.0,0.0
2017-08-31 00:00:00-04:00,59.220001220703125,59.7400016784668,59.060001373291016,59.65999984741211,47.64017868041992,2248800,0.0,0.0
2017-09-01 00:00:00-04:00,60.380001068115234,60.58000183105469,60.099998474121094,60.220001220703125,48.08735275268555,1198100,0.0,0.0
2017-09-05 00:00:00-04:00,60.81999969482422,60.900001525878906,59.959999084472656,60.13999938964844,48.02347183227539,2359300,0.0,0.0
2017-09-06 00:00:00-04:00,60.34000015258789,60.939998626708984,60.34000015258789,60.68000030517578,48.45467758178711,4652550,0.0,0.0
2017-09-07 00:00:00-04:00,62.41999816894531,63.939998626708984,62.2400016784668,63.779998779296875,50.930110931396484,5129400,0.0,0.0
2017-09-08 00:00:00-04:00,63.439998626708984,64.83999633789062,63.41999816894531,64.5,51.50505065917969,2633200,0.0,0.0
2017-09-11 00:00:00-04:00,65.45999908447266,66.04000091552734,65.33999633789062,65.9800033569336,52.6868782043457,6055000,0.0,0.0
2017-09-12 00:00:00-04:00,65.87999725341797,66.9800033569336,65.81999969482422,66.83999633789062,53.37360382080078,3776200,0.0,0.0
2017-09-13 00:00:00-04:00,66.05999755859375,66.13999938964844,64.9000015258789,65.30000305175781,52.143882751464844,3292950,0.0,0.0
2017-09-14 00:00:00-04:00,65.05999755859375,65.5,65.0199966430664,65.23999786376953,52.09596252441406,1800300,0.0,0.0
2017-09-15 00:00:00-04:00,65.4000015258789,65.41999816894531,64.9800033569336,65.05999755859375,51.95222854614258,1550350,0.0,0.0
2017-09-18 00:00:00-04:00,64.91999816894531,65.0,64.4800033569336,64.83999633789062,51.77654266357422,2286500,0.0,0.0
2017-09-19 00:00:00-04:00,65.4800033569336,65.66000366210938,65.22000122070312,65.33999633789062,52.17580795288086,2193450,0.0,0.0
2017-09-20 00:00:00-04:00,65.37999725341797,65.9000015258789,65.18000030517578,65.86000061035156,52.59104919433594,4085200,0.0,0.0
2017-09-21 00:00:00-04:00,65.81999969482422,65.9000015258789,65.5199966430664,65.62000274658203,52.39940643310547,1556150,0.0,0.0
2017-09-22 00:00:00-04:00,67.5999984741211,68.13999938964844,67.33999633789062,67.9000015258789,54.22004318237305,5116700,0.0,0.0
2017-09-25 00:00:00-04:00,67.27999877929688,68.04000091552734,67.23999786376953,68.0,54.29990005493164,3091750,0.0,0.0
2017-09-26 00:00:00-04:00,66.94000244140625,67.22000122070312,66.45999908447266,66.69999694824219,53.26181411743164,2546050,0.0,0.0
2017-09-27 00:00:00-04:00,66.12000274658203,67.04000091552734,66.05999755859375,66.62000274658203,53.197933197021484,2197750,0.0,0.0
2017-09-28 00:00:00-04:00,67.13999938964844,67.31999969482422,66.86000061035156,66.95999908447266,53.46942901611328,1326600,0.0,0.0
2017-09-29 00:00:00-04:00,67.23999786376953,67.81999969482422,67.18000030517578,67.76000213623047,54.10826110839844,1235800,0.0,0.0
2017-10-02 00:00:00-04:00,67.69999694824219,68.69999694824219,67.69999694824219,68.54000091552734,54.73112106323242,2572750,0.0,0.0
2017-10-03 00:00:00-04:00,68.16000366210938,68.66000366210938,68.12000274658203,68.5199966430664,54.71514129638672,1969150,0.0,0.0
2017-10-04 00:00:00-04:00,68.54000091552734,68.80000305175781,68.41999816894531,68.69999694824219,54.85886764526367,1110700,0.0,0.0
2017-10-05 00:00:00-04:00,68.12000274658203,68.45999908447266,67.95999908447266,68.45999908447266,54.6672248840332,2362000,0.0,0.0
2017-10-06 00:00:00-04:00,68.04000091552734,68.54000091552734,68.0199966430664,68.5199966430664,54.71514129638672,1486800,0.0,0.0
2017-10-09 00:00:00-04:00,68.76000213623047,69.08000183105469,68.37999725341797,68.95999908447266,55.06648635864258,1276950,0.0,0.0
2017-10-10 00:00:00-04:00,68.81999969482422,69.4800033569336,68.80000305175781,69.26000213623047,55.30603790283203,1842650,0.0,0.0
2017-10-11 00:00:00-04:00,69.18000030517578,69.55999755859375,68.81999969482422,69.18000030517578,55.242164611816406,1385500,0.0,0.0
2017-10-12 00:00:00-04:00,68.9800033569336,69.23999786376953,68.91999816894531,69.05999755859375,55.14634323120117,2535850,0.0,0.0
2017-10-13 00:00:00-04:00,69.4000015258789,69.55999755859375,69.0999984741211,69.22000122070312,55.27410125732422,1432450,0.0,0.0
2017-10-16 00:00:00-04:00,69.81999969482422,69.87999725341797,69.22000122070312,69.30000305175781,55.33799743652344,1744650,0.0,0.0
2017-10-17 00:00:00-04:00,69.16000366210938,69.77999877929688,68.9800033569336,69.55999755859375,55.54560470581055,3222250,0.0,0.0
2017-10-18 00:00:00-04:00,69.31999969482422,69.62000274658203,69.19999694824219,69.30000305175781,55.33799743652344,1891350,0.0,0.0
2017-10-19 00:00:00-04:00,69.26000213623047,69.62000274658203,69.04000091552734,69.41999816894531,55.433807373046875,1221850,0.0,0.0
2017-10-20 00:00:00-04:00,69.54000091552734,69.62000274658203,69.05999755859375,69.23999786376953,55.29008102416992,1151000,0.0,0.0
2017-10-23 00:00:00-04:00,69.13999938964844,69.41999816894531,68.69999694824219,68.77999877929688,54.92274856567383,1287500,0.0,0.0
2017-10-24 00:00:00-04:00,68.26000213623047,68.5,67.68000030517578,68.41999816894531,54.63528823852539,2310750,0.0,0.0
2017-10-25 00:00:00-04:00,68.66000366210938,69.0,67.95999908447266,68.23999786376953,54.49155044555664,1612500,0.0,0.0
2017-10-26 00:00:00-04:00,68.04000091552734,68.0999984741211,66.69999694824219,67.05999755859375,53.549285888671875,1817550,0.0,0.0
2017-10-27 00:00:00-04:00,67.16000366210938,67.33999633789062,66.80000305175781,66.9800033569336,53.48540496826172,1266100,0.0,0.0
2017-10-30 00:00:00-04:00,67.18000030517578,67.80000305175781,67.04000091552734,67.54000091552734,53.932586669921875,1451850,0.0,0.0
2017-10-31 00:00:00-04:00,68.22000122070312,69.0199966430664,67.5199966430664,69.0,55.09843444824219,2515450,0.0,0.0
2017-11-01 00:00:00-04:00,69.0,69.58000183105469,68.95999908447266,69.12000274658203,55.19425964355469,1988100,0.0,0.0
2017-11-02 00:00:00-04:00,68.58000183105469,68.73999786376953,68.05999755859375,68.22000122070312,54.47556686401367,1617200,0.0,0.0
2017-11-03 00:00:00-04:00,68.41999816894531,69.08000183105469,68.36000061035156,68.95999908447266,55.06648635864258,1461900,0.0,0.0
2017-11-06 00:00:00-05:00,68.66000366210938,68.69999694824219,68.23999786376953,68.44000244140625,54.65125274658203,1695300,0.0,0.0
2017-11-07 00:00:00-05:00,67.22000122070312,67.4000015258789,66.76000213623047,67.22000122070312,53.67704772949219,2204750,0.0,0.0
2017-11-08 00:00:00-05:00,66.4800033569336,66.81999969482422,66.13999938964844,66.66000366210938,53.229881286621094,2217400,0.0,0.0
2017-11-09 00:00:00-05:00,66.58000183105469,66.63999938964844,65.86000061035156,66.22000122070312,52.87852478027344,1869300,0.0,0.0
2017-11-10 00:00:00-05:00,65.37999725341797,66.19999694824219,65.22000122070312,65.81999969482422,52.559112548828125,2461200,0.0,0.0
2017-11-13 00:00:00-05:00,65.69999694824219,65.87999725341797,65.5,65.81999969482422,52.559112548828125,1208100,0.0,0.0
2017-11-14 00:00:00-05:00,65.44000244140625,66.5199966430664,65.33999633789062,66.5,53.10211181640625,1457100,0.0,0.0
2017-11-15 00:00:00-05:00,66.77999877929688,66.95999908447266,66.68000030517578,66.77999877929688,53.3256950378418,1105850,0.0,0.0
2017-11-16 00:00:00-05:00,67.18000030517578,67.37999725341797,67.0,67.04000091552734,53.53331756591797,995600,0.0,0.0
2017-11-17 00:00:00-05:00,66.58000183105469,66.9800033569336,66.55999755859375,66.91999816894531,53.437496185302734,1233750,0.0,0.0
2017-11-20 00:00:00-05:00,67.0199966430664,67.16000366210938,66.5999984741211,66.76000213623047,53.309722900390625,947050,0.0,0.0
2017-11-21 00:00:00-05:00,67.0,67.83999633789062,66.9800033569336,67.45999908447266,53.86870574951172,679250,0.0,0.0
2017-11-22 00:00:00-05:00,68.0,68.08000183105469,67.37999725341797,67.66000366210938,54.028404235839844,638600,0.0,0.0
2017-11-24 00:00:00-05:00,67.54000091552734,67.81999969482422,67.27999877929688,67.68000030517578,54.044368743896484,477950,0.0,0.0
2017-11-27 00:00:00-05:00,68.12000274658203,68.16000366210938,67.26000213623047,67.36000061035156,53.78884506225586,822350,0.0,0.0
2017-11-28 00:00:00-05:00,67.05999755859375,67.18000030517578,66.76000213623047,67.04000091552734,53.53331756591797,1676250,0.0,0.0
2017-11-29 00:00:00-05:00,67.12000274658203,67.22000122070312,66.54000091552734,66.63999938964844,53.21390151977539,1797400,0.0,0.0
2017-11-30 00:00:00-05:00,65.86000061035156,66.26000213623047,65.4000015258789,65.73999786376953,52.49523162841797,2157800,0.0,0.0
2017-12-01 00:00:00-05:00,65.5999984741211,66.23999786376953,65.23999786376953,65.69999694824219,52.46328353881836,1653300,0.0,0.0
2017-12-04 00:00:00-05:00,65.91999816894531,66.0,64.31999969482422,64.33999633789062,51.377281188964844,1556800,0.0,0.0
2017-12-05 00:00:00-05:00,64.23999786376953,64.76000213623047,64.19999694824219,64.4000015258789,51.425201416015625,1678150,0.0,0.0
2017-12-06 00:00:00-05:00,64.23999786376953,64.62000274658203,63.97999954223633,64.18000030517578,51.24951934814453,1338000,0.0,0.0
2017-12-07 00:00:00-05:00,64.22000122070312,64.66000366210938,64.13999938964844,64.44000244140625,51.457149505615234,1739950,0.0,0.0
2017-12-08 00:00:00-05:00,64.94000244140625,65.55999755859375,64.77999877929688,65.4800033569336,52.28761672973633,1210600,0.0,0.0
2017-12-11 00:00:00-05:00,65.69999694824219,66.44000244140625,65.5999984741211,66.23999786376953,52.89449691772461,1968950,0.0,0.0
2017-12-12 00:00:00-05:00,66.68000030517578,66.9800033569336,66.55999755859375,66.83999633789062,53.37360382080078,1108400,0.0,0.0
2017-12-13 00:00:00-05:00,66.68000030517578,67.31999969482422,66.5999984741211,67.13999938964844,53.6131591796875,2486450,0.0,0.0
2017-12-14 00:00:00-05:00,67.0,67.19999694824219,66.37999725341797,66.58000183105469,53.16600036621094,1588000,0.0,0.0
2017-12-15 00:00:00-05:00,65.87999725341797,66.30000305175781,65.76000213623047,66.26000213623047,52.91046142578125,1128200,0.0,0.0
2017-12-18 00:00:00-05:00,66.5999984741211,67.0999984741211,66.54000091552734,66.68000030517578,53.24584197998047,828200,0.0,0.0
2017-12-19 00:00:00-05:00,66.45999908447266,66.72000122070312,66.12000274658203,66.30000305175781,52.94240951538086,929000,0.0,0.0
2017-12-20 00:00:00-05:00,66.66000366210938,66.68000030517578,65.87999725341797,66.0199966430664,52.71881866455078,754500,0.0,0.0
2017-12-21 00:00:00-05:00,66.58000183105469,67.04000091552734,66.33999633789062,66.87999725341797,53.40555191040039,2085500,0.0,0.0
2017-12-22 00:00:00-05:00,67.0999984741211,67.4800033569336,66.80000305175781,67.22000122070312,53.67704772949219,1474450,0.0,0.0
2017-12-26 00:00:00-05:00,66.9000015258789,67.69999694824219,66.9000015258789,67.30000305175781,53.74093246459961,856250,0.0,0.0
2017-12-27 00:00:00-05:00,67.55999755859375,67.5999984741211,67.19999694824219,67.44000244140625,53.85272979736328,1283450,0.0,0.0
2017-12-28 00:00:00-05:00,67.95999908447266,68.4000015258789,67.91999816894531,68.22000122070312,54.47556686401367,1222550,0.0,0.0
2017-12-29 00:00:00-05:00,69.54000091552734,69.9000015258789,69.26000213623047,69.4000015258789,55.417842864990234,2048400,0.0,0.0
2018-01-02 00:00:00-05:00,70.4800033569336,70.87999725341797,69.9000015258789,70.76000213623047,56.50385284423828,3053700,0.0,0.0
2018-01-03 00:00:00-05:00,70.44000244140625,71.0199966430664,70.31999969482422,70.9000015258789,56.61563491821289,2097700,0.0,0.0
2018-01-04 00:00:00-05:00,71.0199966430664,71.19999694824219,70.55999755859375,71.0,56.69548034667969,1935450,0.0,0.0
2018-01-05 00:00:00-05:00,71.16000366210938,71.83999633789062,71.0,71.73999786376953,57.28639602661133,1668000,0.0,0.0
2018-01-08 00:00:00-05:00,71.44000244140625,71.54000091552734,70.83999633789062,71.23999786376953,56.88713073730469,913150,0.0,0.0
2018-01-09 00:00:00-05:00,70.95999908447266,71.19999694824219,70.72000122070312,70.94000244140625,56.64757537841797,880550,0.0,0.0
2018-01-10 00:00:00-05:00,70.23999786376953,70.69999694824219,70.0199966430664,70.54000091552734,56.32817077636719,1075050,0.0,0.0
2018-01-11 00:00:00-05:00,70.26000213623047,70.87999725341797,70.16000366210938,70.80000305175781,56.5357780456543,1381200,0.0,0.0
2018-01-12 00:00:00-05:00,71.18000030517578,71.54000091552734,71.04000091552734,71.30000305175781,56.9350471496582,1508850,0.0,0.0
2018-01-16 00:00:00-05:00,70.95999908447266,71.04000091552734,69.95999908447266,69.9800033569336,55.88098907470703,2378250,0.0,0.0
2018-01-17 00:00:00-05:00,70.27999877929688,70.4800033569336,69.9800033569336,70.16000366210938,56.02473068237305,1422300,0.0,0.0
2018-01-18 00:00:00-05:00,70.08000183105469,70.27999877929688,69.83999633789062,70.13999938964844,56.00874710083008,1551250,0.0,0.0
2018-01-19 00:00:00-05:00,71.13999938964844,71.16000366210938,70.68000030517578,70.87999725341797,56.59965515136719,1263550,0.0,0.0
2018-01-22 00:00:00-05:00,71.30000305175781,71.9000015258789,71.23999786376953,71.87999725341797,57.39817810058594,1138550,0.0,0.0
2018-01-23 00:00:00-05:00,72.0999984741211,72.54000091552734,72.0,72.13999938964844,57.60582733154297,1764800,0.0,0.0
2018-01-24 00:00:00-05:00,71.69999694824219,72.0999984741211,71.5,71.72000122070312,57.270423889160156,2709650,0.0,0.0
2018-01-25 00:00:00-05:00,72.9800033569336,73.0199966430664,71.9800033569336,72.30000305175781,57.73358154296875,1789700,0.0,0.0
2018-01-26 00:00:00-05:00,73.33999633789062,73.4000015258789,73.0,73.26000213623047,58.500160217285156,2514400,0.0,0.0
2018-01-29 00:00:00-05:00,72.73999786376953,72.73999786376953,72.27999877929688,72.44000244140625,57.84536361694336,1840350,0.0,0.0
2018-01-30 00:00:00-05:00,72.16000366210938,72.27999877929688,71.22000122070312,71.5,57.094749450683594,1950750,0.0,0.0
2018-01-31 00:00:00-05:00,71.22000122070312,71.22000122070312,69.87999725341797,70.12000274658203,55.9927864074707,2444050,0.0,0.0
2018-02-01 00:00:00-05:00,70.30000305175781,70.77999877929688,69.87999725341797,70.27999877929688,56.12054443359375,1965200,0.0,0.0
2018-02-02 00:00:00-05:00,71.33999633789062,72.58000183105469,70.87999725341797,71.80000305175781,57.334312438964844,3737950,0.0,0.0
2018-02-05 00:00:00-05:00,70.62000274658203,70.66000366210938,67.33999633789062,67.55999755859375,53.94854736328125,4279250,0.0,0.0
2018-02-06 00:00:00-05:00,66.69999694824219,68.73999786376953,66.5,68.5999984741211,54.779014587402344,5280000,0.0,0.0
2018-02-07 00:00:00-05:00,67.23999786376953,68.5,67.18000030517578,67.80000305175781,54.140201568603516,3309800,0.0,0.0
2018-02-08 00:00:00-05:00,68.83999633789062,69.5199966430664,68.0199966430664,68.19999694824219,54.4596061706543,4047700,0.0,0.0
2018-02-09 00:00:00-05:00,67.41999816894531,67.5999984741211,65.69999694824219,67.22000122070312,53.67704772949219,4401700,0.0,0.0
2018-02-12 00:00:00-05:00,67.58000183105469,68.68000030517578,67.58000183105469,68.18000030517578,54.443641662597656,2434400,0.0,0.0
2018-02-13 00:00:00-05:00,68.4000015258789,68.5199966430664,67.95999908447266,68.12000274658203,54.39572525024414,1335550,0.0,0.0
2018-02-14 00:00:00-05:00,67.69999694824219,68.94000244140625,67.63999938964844,68.87999725341797,55.002593994140625,2363800,0.0,0.0
2018-02-15 00:00:00-05:00,67.72000122070312,68.12000274658203,67.16000366210938,68.04000091552734,55.87306213378906,1744650,1.9,0.0
2018-02-16 00:00:00-05:00,67.22000122070312,68.22000122070312,67.22000122070312,67.86000061035156,55.72525405883789,2128500,0.0,0.0
2018-02-20 00:00:00-05:00,67.05999755859375,67.54000091552734,66.95999908447266,67.27999877929688,55.248958587646484,2771250,0.0,0.0
2018-02-21 00:00:00-05:00,67.23999786376953,69.08000183105469,67.19999694824219,67.66000366210938,55.561004638671875,2485850,0.0,0.0
2018-02-22 00:00:00-05:00,67.86000061035156,68.05999755859375,67.18000030517578,67.37999725341797,55.33107376098633,1296550,0.0,0.0
2018-02-23 00:00:00-05:00,67.44000244140625,68.05999755859375,67.16000366210938,68.0199966430664,55.85662078857422,1401950,0.0,0.0
2018-02-26 00:00:00-05:00,68.05999755859375,68.5199966430664,68.0,68.37999725341797,56.15224838256836,1369800,0.0,0.0
2018-02-27 00:00:00-05:00,67.94000244140625,68.0999984741211,67.55999755859375,67.69999694824219,55.59385299682617,991400,0.0,0.0
2018-02-28 00:00:00-05:00,67.80000305175781,67.81999969482422,66.36000061035156,66.37999725341797,54.5098991394043,1796200,0.0,0.0
2018-03-01 00:00:00-05:00,66.68000030517578,66.80000305175781,65.37999725341797,65.94000244140625,54.14858627319336,2342200,0.0,0.0
2018-03-02 00:00:00-05:00,66.16000366210938,66.69999694824219,66.0999984741211,66.31999969482422,54.46062469482422,3380700,0.0,0.0
2018-03-05 00:00:00-05:00,66.76000213623047,67.91999816894531,66.66000366210938,67.80000305175781,55.675968170166016,1944500,0.0,0.0
2018-03-06 00:00:00-05:00,68.19999694824219,68.26000213623047,67.31999969482422,67.55999755859375,55.478885650634766,1536350,0.0,0.0
2018-03-07 00:00:00-05:00,67.18000030517578,67.5199966430664,66.91999816894531,67.41999816894531,55.36393356323242,764350,0.0,0.0
2018-03-08 00:00:00-05:00,67.5999984741211,68.0999984741211,67.37999725341797,67.55999755859375,55.478885650634766,956850,0.0,0.0
2018-03-09 00:00:00-05:00,67.4800033569336,67.76000213623047,67.31999969482422,67.58000183105469,55.49531936645508,1149950,0.0,0.0
2018-03-12 00:00:00-04:00,67.95999908447266,68.0999984741211,67.54000091552734,67.69999694824219,55.59385299682617,1263800,0.0,0.0
2018-03-13 00:00:00-04:00,67.91999816894531,68.22000122070312,67.62000274658203,67.63999938964844,55.544586181640625,2018600,0.0,0.0
2018-03-14 00:00:00-04:00,67.72000122070312,68.19999694824219,67.30000305175781,67.68000030517578,55.577430725097656,1360700,0.0,0.0
2018-03-15 00:00:00-04:00,68.27999877929688,68.37999725341797,67.5,67.63999938964844,55.544586181640625,1096800,0.0,0.0
2018-03-16 00:00:00-04:00,68.27999877929688,69.23999786376953,68.23999786376953,69.18000030517578,56.809207916259766,2159100,0.0,0.0
2018-03-19 00:00:00-04:00,69.66000366210938,69.73999786376953,68.73999786376953,69.13999938964844,56.7763557434082,3126200,0.0,0.0
2018-03-20 00:00:00-04:00,69.33999633789062,69.72000122070312,69.0199966430664,69.54000091552734,57.10482406616211,1747650,0.0,0.0
2018-03-21 00:00:00-04:00,69.5,69.66000366210938,69.16000366210938,69.22000122070312,56.84205627441406,1309700,0.0,0.0
2018-03-22 00:00:00-04:00,68.86000061035156,69.44000244140625,68.80000305175781,68.94000244140625,56.612117767333984,1841850,0.0,0.0
2018-03-23 00:00:00-04:00,68.73999786376953,69.0199966430664,68.22000122070312,68.33999633789062,56.119407653808594,1983550,0.0,0.0
2018-03-26 00:00:00-04:00,69.73999786376953,69.87999725341797,68.58000183105469,69.5199966430664,57.088401794433594,1874800,0.0,0.0
2018-03-27 00:00:00-04:00,69.77999877929688,70.33999633789062,69.27999877929688,69.33999633789062,56.94058609008789,1969000,0.0,0.0
2018-03-28 00:00:00-04:00,70.0199966430664,71.05999755859375,69.9800033569336,70.26000213623047,57.696083068847656,2560850,0.0,0.0
2018-03-29 00:00:00-04:00,69.83999633789062,70.36000061035156,69.54000091552734,69.94000244140625,57.43330764770508,2005000,0.0,0.0
2018-04-02 00:00:00-04:00,69.77999877929688,70.36000061035156,68.95999908447266,69.37999725341797,56.97343826293945,1854600,0.0,0.0
2018-04-03 00:00:00-04:00,70.5199966430664,70.69999694824219,69.86000061035156,70.44000244140625,57.8438835144043,2403050,0.0,0.0
2018-04-04 00:00:00-04:00,69.54000091552734,70.5199966430664,69.44000244140625,70.44000244140625,57.8438835144043,1569400,0.0,0.0
2018-04-05 00:00:00-04:00,70.26000213623047,71.41999816894531,70.22000122070312,70.69999694824219,58.057395935058594,1871200,0.0,0.0
2018-04-06 00:00:00-04:00,71.18000030517578,71.80000305175781,70.4800033569336,70.83999633789062,58.17235565185547,2149350,0.0,0.0
2018-04-09 00:00:00-04:00,71.5199966430664,72.05999755859375,71.30000305175781,71.80000305175781,58.96068572998047,2155200,0.0,0.0
2018-04-10 00:00:00-04:00,72.5999984741211,73.5,72.31999969482422,73.37999725341797,60.25814437866211,3334150,0.0,0.0
2018-04-11 00:00:00-04:00,72.80000305175781,73.19999694824219,72.66000366210938,72.87999725341797,59.84756088256836,2692200,0.0,0.0
2018-04-12 00:00:00-04:00,72.83999633789062,73.12000274658203,72.72000122070312,72.72000122070312,59.716182708740234,1798350,0.0,0.0
2018-04-13 00:00:00-04:00,72.63999938964844,72.76000213623047,72.4000015258789,72.63999938964844,59.65046691894531,1579000,0.0,0.0
2018-04-16 00:00:00-04:00,71.94000244140625,72.05999755859375,70.95999908447266,71.5,58.71434020996094,2192500,0.0,0.0
2018-04-17 00:00:00-04:00,71.5,71.80000305175781,71.4000015258789,71.72000122070312,58.89500427246094,1540200,0.0,0.0
2018-04-18 00:00:00-04:00,71.69999694824219,72.04000091552734,71.5,71.95999908447266,59.09208297729492,1400550,0.0,0.0
2018-04-19 00:00:00-04:00,71.63999938964844,72.08000183105469,70.72000122070312,70.80000305175781,58.139503479003906,4903500,0.0,0.0
2018-04-20 00:00:00-04:00,70.81999969482422,71.0,70.55999755859375,70.68000030517578,58.04098129272461,1244250,0.0,0.0
2018-04-23 00:00:00-04:00,71.16000366210938,71.16000366210938,70.77999877929688,71.04000091552734,58.33659744262695,1416700,0.0,0.0
2018-04-24 00:00:00-04:00,70.73999786376953,70.91999816894531,70.0199966430664,70.23999786376953,57.67964172363281,1810900,0.0,0.0
2018-04-25 00:00:00-04:00,70.36000061035156,70.73999786376953,69.77999877929688,70.58000183105469,57.95884323120117,1675600,0.0,0.0
2018-04-26 00:00:00-04:00,70.76000213623047,71.0,70.4800033569336,70.5999984741211,57.97527313232422,1420600,0.0,0.0
2018-04-27 00:00:00-04:00,70.73999786376953,71.30000305175781,70.55999755859375,71.18000030517578,58.4515495300293,1535400,0.0,0.0
2018-04-30 00:00:00-04:00,71.04000091552734,71.62000274658203,70.94000244140625,71.05999755859375,58.3530158996582,1541400,0.0,0.0
2018-05-01 00:00:00-04:00,71.37999725341797,72.30000305175781,70.9800033569336,72.27999877929688,59.354854583740234,3209500,0.0,0.0
2018-05-02 00:00:00-04:00,71.66000366210938,71.9800033569336,71.0199966430664,71.08000183105469,58.36943817138672,2701700,0.0,0.0
2018-05-03 00:00:00-04:00,71.62000274658203,71.86000061035156,71.04000091552734,71.63999938964844,58.829288482666016,2492550,0.0,0.0
2018-05-04 00:00:00-04:00,71.0199966430664,71.5,70.80000305175781,71.16000366210938,58.43513107299805,2738750,0.0,0.0
2018-05-07 00:00:00-04:00,71.54000091552734,72.18000030517578,71.37999725341797,71.94000244140625,59.07564926147461,1584350,0.0,0.0
2018-05-08 00:00:00-04:00,71.62000274658203,71.91999816894531,70.95999908447266,71.31999969482422,58.5665283203125,2341350,0.0,0.0
2018-05-09 00:00:00-04:00,71.36000061035156,72.69999694824219,71.22000122070312,72.31999969482422,59.38770294189453,1965450,0.0,0.0
2018-05-10 00:00:00-04:00,72.0199966430664,72.36000061035156,71.77999877929688,72.0199966430664,59.1413459777832,1314800,0.0,0.0
2018-05-11 00:00:00-04:00,72.5,73.0,71.9800033569336,72.80000305175781,59.7818717956543,1720500,0.0,0.0
2018-05-14 00:00:00-04:00,72.91999816894531,73.04000091552734,72.66000366210938,72.83999633789062,59.814701080322266,1681200,0.0,0.0
2018-05-15 00:00:00-04:00,72.23999786376953,72.73999786376953,71.91999816894531,72.4800033569336,59.51909255981445,2200700,0.0,0.0
2018-05-16 00:00:00-04:00,72.95999908447266,73.18000030517578,72.68000030517578,73.0,59.94611358642578,1721200,0.0,0.0
2018-05-17 00:00:00-04:00,73.26000213623047,73.4800033569336,72.36000061035156,72.87999725341797,59.84756088256836,2567250,0.0,0.0
2018-05-18 00:00:00-04:00,70.86000061035156,73.33999633789062,70.83999633789062,72.66000366210938,59.666908264160156,2879250,0.0,0.0
2018-05-21 00:00:00-04:00,73.77999877929688,74.0199966430664,73.22000122070312,73.58000183105469,60.422393798828125,4120400,0.0,0.0
2018-05-22 00:00:00-04:00,74.23999786376953,74.5999984741211,73.63999938964844,74.0999984741211,60.849403381347656,3822050,0.0,0.0
2018-05-23 00:00:00-04:00,73.66000366210938,73.81999969482422,73.36000061035156,73.68000030517578,60.5045051574707,2459150,0.0,0.0
2018-05-24 00:00:00-04:00,74.0199966430664,74.16000366210938,73.54000091552734,73.76000213623047,60.5702018737793,1760100,0.0,0.0
2018-05-25 00:00:00-04:00,73.63999938964844,74.30000305175781,73.4800033569336,74.08000183105469,60.83297348022461,2722600,0.0,0.0
2018-05-29 00:00:00-04:00,72.87999725341797,73.08000183105469,72.55999755859375,72.76000213623047,59.749027252197266,1372550,0.0,0.0
2018-05-30 00:00:00-04:00,73.23999786376953,74.18000030517578,73.16000366210938,73.72000122070312,60.537349700927734,1235350,0.0,0.0
2018-05-31 00:00:00-04:00,74.0,74.33999633789062,73.27999877929688,74.05999755859375,60.8165397644043,2950150,0.0,0.0
2018-06-01 00:00:00-04:00,73.44000244140625,73.72000122070312,72.95999908447266,73.62000274658203,60.455238342285156,1365250,0.0,0.0
2018-06-04 00:00:00-04:00,74.04000091552734,74.12000274658203,73.13999938964844,73.5,60.35669708251953,1096700,0.0,0.0
2018-06-05 00:00:00-04:00,73.31999969482422,73.36000061035156,72.76000213623047,72.94000244140625,59.896846771240234,768550,0.0,0.0
2018-06-06 00:00:00-04:00,73.05999755859375,73.45999908447266,72.86000061035156,73.22000122070312,60.12675857543945,1369250,0.0,0.0
2018-06-07 00:00:00-04:00,73.27999877929688,73.31999969482422,72.55999755859375,72.72000122070312,59.716182708740234,1019950,0.0,0.0
2018-06-08 00:00:00-04:00,72.86000061035156,73.08000183105469,72.5999984741211,72.83999633789062,59.814701080322266,1320100,0.0,0.0
2018-06-11 00:00:00-04:00,72.68000030517578,73.16000366210938,72.45999908447266,72.73999786376953,59.732601165771484,800850,0.0,0.0
2018-06-12 00:00:00-04:00,72.58000183105469,72.95999908447266,72.27999877929688,72.31999969482422,59.38770294189453,1188850,0.0,0.0
2018-06-13 00:00:00-04:00,72.81999969482422,72.87999725341797,72.05999755859375,72.36000061035156,59.42055892944336,1238250,0.0,0.0
2018-06-14 00:00:00-04:00,73.37999725341797,73.91999816894531,72.83999633789062,72.95999908447266,59.913265228271484,1435300,0.0,0.0
2018-06-15 00:00:00-04:00,72.9000015258789,73.0199966430664,72.4800033569336,72.81999969482422,59.798301696777344,1036000,0.0,0.0
2018-06-18 00:00:00-04:00,72.16000366210938,72.31999969482422,71.95999908447266,72.19999694824219,59.289154052734375,950350,0.0,0.0
2018-06-19 00:00:00-04:00,71.44000244140625,71.87999725341797,71.26000213623047,71.87999725341797,59.02637481689453,995900,0.0,0.0
2018-06-20 00:00:00-04:00,72.26000213623047,72.33999633789062,71.87999725341797,72.26000213623047,59.338436126708984,865800,0.0,0.0
2018-06-21 00:00:00-04:00,71.22000122070312,71.31999969482422,69.83999633789062,70.30000305175781,57.72892761230469,2674500,0.0,0.0
2018-06-22 00:00:00-04:00,70.05999755859375,70.31999969482422,69.9000015258789,70.12000274658203,57.58111572265625,2686400,0.0,0.0
2018-06-25 00:00:00-04:00,70.5199966430664,70.62000274658203,69.63999938964844,69.94000244140625,57.43330764770508,1409100,0.0,0.0
2018-06-26 00:00:00-04:00,70.36000061035156,70.36000061035156,69.63999938964844,69.76000213623047,57.28547668457031,2516100,0.0,0.0
2018-06-27 00:00:00-04:00,69.55999755859375,69.9800033569336,68.94000244140625,69.0999984741211,56.74351119995117,2588050,0.0,0.0
2018-06-28 00:00:00-04:00,68.86000061035156,69.86000061035156,68.76000213623047,69.80000305175781,57.318336486816406,1470650,0.0,0.0
2018-06-29 00:00:00-04:00,70.4000015258789,70.63999938964844,70.22000122070312,70.22000122070312,57.66322326660156,1727700,0.0,0.0
2018-07-02 00:00:00-04:00,69.04000091552734,69.63999938964844,68.9800033569336,69.63999938964844,57.18694305419922,2059850,0.0,0.0
2018-07-03 00:00:00-04:00,69.66000366210938,69.95999908447266,69.41999816894531,69.5199966430664,57.088401794433594,954800,0.0,0.0
2018-07-05 00:00:00-04:00,68.80000305175781,69.9800033569336,68.80000305175781,69.86000061035156,57.36760330200195,1857850,0.0,0.0
2018-07-06 00:00:00-04:00,69.80000305175781,70.5199966430664,69.66000366210938,70.36000061035156,57.778194427490234,1368050,0.0,0.0
2018-07-09 00:00:00-04:00,70.63999938964844,70.86000061035156,70.30000305175781,70.72000122070312,58.073814392089844,1031250,0.0,0.0
2018-07-10 00:00:00-04:00,71.44000244140625,71.54000091552734,70.94000244140625,71.19999694824219,58.467987060546875,1203900,0.0,0.0
2018-07-11 00:00:00-04:00,70.66000366210938,70.91999816894531,70.5,70.87999725341797,58.205196380615234,1358800,0.0,0.0
2018-07-12 00:00:00-04:00,72.55999755859375,73.9800033569336,72.4800033569336,73.91999816894531,60.70158386230469,4051600,0.0,0.0
2018-07-13 00:00:00-04:00,73.41999816894531,74.36000061035156,73.4000015258789,74.31999969482422,61.030059814453125,2609400,0.0,0.0
2018-07-16 00:00:00-04:00,73.45999908447266,73.69999694824219,73.16000366210938,73.31999969482422,60.20888137817383,1644100,0.0,0.0
2018-07-17 00:00:00-04:00,73.73999786376953,74.45999908447266,73.62000274658203,74.33999633789062,61.04648208618164,1600850,0.0,0.0
2018-07-18 00:00:00-04:00,74.31999969482422,74.73999786376953,73.94000244140625,74.66000366210938,61.30927658081055,1813300,0.0,0.0
2018-07-19 00:00:00-04:00,74.5199966430664,74.69999694824219,73.91999816894531,74.05999755859375,60.8165397644043,1404500,0.0,0.0
2018-07-20 00:00:00-04:00,73.9800033569336,74.73999786376953,73.91999816894531,74.33999633789062,61.04648208618164,1002350,0.0,0.0
2018-07-23 00:00:00-04:00,74.31999969482422,74.62000274658203,74.19999694824219,74.31999969482422,61.030059814453125,869850,0.0,0.0
2018-07-24 00:00:00-04:00,74.37999725341797,75.04000091552734,74.30000305175781,74.83999633789062,61.45708465576172,874350,0.0,0.0
2018-07-25 00:00:00-04:00,74.12000274658203,74.94000244140625,74.0999984741211,74.87999725341797,61.48991775512695,1356100,0.0,0.0
2018-07-26 00:00:00-04:00,75.91999816894531,77.45999908447266,75.80000305175781,76.30000305175781,62.65599822998047,3180650,0.0,0.0
2018-07-27 00:00:00-04:00,76.54000091552734,76.66000366210938,75.81999969482422,76.45999908447266,62.787376403808594,2912300,0.0,0.0
2018-07-30 00:00:00-04:00,76.66000366210938,77.4000015258789,76.62000274658203,76.9800033569336,63.21440887451172,2637450,0.0,0.0
2018-07-31 00:00:00-04:00,77.66000366210938,78.5,77.62000274658203,78.26000213623047,64.2655029296875,3354850,0.0,0.0
2018-08-01 00:00:00-04:00,77.37999725341797,77.73999786376953,77.19999694824219,77.5,63.64141845703125,1930250,0.0,0.0
2018-08-02 00:00:00-04:00,76.36000061035156,77.5199966430664,76.36000061035156,77.4800033569336,63.62498474121094,2278400,0.0,0.0
2018-08-03 00:00:00-04:00,76.72000122070312,77.5199966430664,76.72000122070312,77.31999969482422,63.49361801147461,2047700,0.0,0.0
2018-08-06 00:00:00-04:00,75.87999725341797,76.76000213623047,75.87999725341797,76.55999755859375,62.86951446533203,1639000,0.0,0.0
2018-08-07 00:00:00-04:00,78.4800033569336,78.54000091552734,77.73999786376953,77.73999786376953,63.838497161865234,1985000,0.0,0.0
2018-08-08 00:00:00-04:00,77.95999908447266,78.55999755859375,77.66000366210938,78.5,64.46260070800781,1431750,0.0,0.0
2018-08-09 00:00:00-04:00,79.5,79.5199966430664,78.9800033569336,79.22000122070312,65.8083267211914,3414700,0.9,0.0
2018-08-10 00:00:00-04:00,78.80000305175781,79.44000244140625,78.62000274658203,78.76000213623047,65.42621612548828,2854200,0.0,0.0
2018-08-13 00:00:00-04:00,78.76000213623047,78.87999725341797,77.95999908447266,78.04000091552734,64.8281021118164,1504600,0.0,0.0
2018-08-14 00:00:00-04:00,77.80000305175781,78.23999786376953,77.72000122070312,77.95999908447266,64.76165008544922,2211200,0.0,0.0
2018-08-15 00:00:00-04:00,77.26000213623047,77.27999877929688,76.33999633789062,76.9000015258789,63.881099700927734,3054500,0.0,0.0
2018-08-16 00:00:00-04:00,76.66000366210938,76.81999969482422,75.69999694824219,75.91999816894531,63.0670166015625,3399200,0.0,0.0
2018-08-17 00:00:00-04:00,76.58000183105469,76.76000213623047,76.13999938964844,76.23999786376953,63.33283996582031,4117700,0.0,0.0
2018-08-20 00:00:00-04:00,77.19999694824219,77.87999725341797,77.16000366210938,77.69999694824219,64.54566955566406,3083000,0.0,0.0
2018-08-21 00:00:00-04:00,78.16000366210938,78.16000366210938,77.44000244140625,77.5199966430664,64.39613342285156,2489550,0.0,0.0
2018-08-22 00:00:00-04:00,77.9000015258789,77.9000015258789,77.19999694824219,77.31999969482422,64.22999572753906,1155600,0.0,0.0
2018-08-23 00:00:00-04:00,77.41999816894531,77.41999816894531,76.19999694824219,76.22000122070312,63.31623458862305,1616400,0.0,0.0
2018-08-24 00:00:00-04:00,77.0,77.0199966430664,76.5,76.5999984741211,63.63188552856445,1543550,0.0,0.0
2018-08-27 00:00:00-04:00,77.31999969482422,77.31999969482422,76.63999938964844,77.19999694824219,64.13030242919922,1723900,0.0,0.0
2018-08-28 00:00:00-04:00,77.0999984741211,77.5999984741211,76.9800033569336,77.30000305175781,64.21337890625,1414450,0.0,0.0
2018-08-29 00:00:00-04:00,77.5199966430664,77.69999694824219,77.05999755859375,77.63999938964844,64.49581909179688,1497700,0.0,0.0
2018-08-30 00:00:00-04:00,77.4800033569336,78.0199966430664,77.27999877929688,77.83999633789062,64.66195678710938,1411150,0.0,0.0
2018-08-31 00:00:00-04:00,76.4000015258789,76.83999633789062,76.30000305175781,76.68000030517578,63.6983528137207,1802800,0.0,0.0
2018-09-04 00:00:00-04:00,75.66000366210938,75.9000015258789,75.4000015258789,75.63999938964844,62.83443069458008,1526600,0.0,0.0
2018-09-05 00:00:00-04:00,75.23999786376953,75.54000091552734,74.72000122070312,74.86000061035156,62.18646240234375,1339150,0.0,0.0
2018-09-06 00:00:00-04:00,74.37999725341797,74.5999984741211,73.76000213623047,74.13999938964844,61.588348388671875,1126150,0.0,0.0
2018-09-07 00:00:00-04:00,73.9000015258789,74.4800033569336,73.87999725341797,74.36000061035156,61.771114349365234,1083600,0.0,0.0
2018-09-10 00:00:00-04:00,75.66000366210938,75.9800033569336,75.19999694824219,75.5,62.718109130859375,1536400,0.0,0.0
2018-09-11 00:00:00-04:00,75.73999786376953,76.0,75.31999969482422,75.94000244140625,63.0836296081543,1891900,0.0,0.0
2018-09-12 00:00:00-04:00,75.77999877929688,75.87999725341797,75.41999816894531,75.77999877929688,62.950706481933594,3803550,0.0,0.0
2018-09-13 00:00:00-04:00,75.27999877929688,75.37999725341797,74.55999755859375,75.26000213623047,62.51874923706055,2708000,0.0,0.0
2018-09-14 00:00:00-04:00,74.73999786376953,75.16000366210938,74.54000091552734,74.9000015258789,62.21968460083008,1923900,0.0,0.0
2018-09-17 00:00:00-04:00,74.83999633789062,75.36000061035156,74.73999786376953,75.12000274658203,62.40243911743164,1916950,0.0,0.0
2018-09-18 00:00:00-04:00,74.55999755859375,75.19999694824219,74.55999755859375,74.9800033569336,62.28615188598633,1812700,0.0,0.0
2018-09-19 00:00:00-04:00,74.73999786376953,74.9800033569336,74.4800033569336,74.5999984741211,61.970481872558594,1071300,0.0,0.0
2018-09-20 00:00:00-04:00,74.9000015258789,75.5,74.86000061035156,75.44000244140625,62.66827392578125,919550,0.0,0.0
2018-09-21 00:00:00-04:00,74.91999816894531,75.54000091552734,74.86000061035156,75.36000061035156,62.60181427001953,852600,0.0,0.0
2018-09-24 00:00:00-04:00,75.4000015258789,75.81999969482422,75.4000015258789,75.69999694824219,62.884254455566406,1071650,0.0,0.0
2018-09-25 00:00:00-04:00,76.80000305175781,77.62000274658203,76.76000213623047,77.37999725341797,64.27984619140625,3025750,0.0,0.0
2018-09-26 00:00:00-04:00,78.05999755859375,78.5199966430664,78.0199966430664,78.16000366210938,64.92778778076172,3015950,0.0,0.0
2018-09-27 00:00:00-04:00,78.83999633789062,79.45999908447266,78.69999694824219,79.44000244140625,65.99109649658203,2721200,0.0,0.0
2018-09-28 00:00:00-04:00,79.0,79.4800033569336,78.86000061035156,79.13999938964844,65.74188232421875,1805500,0.0,0.0
2018-10-01 00:00:00-04:00,79.18000030517578,79.5999984741211,78.94000244140625,79.0,65.62557983398438,1271750,0.0,0.0
2018-10-02 00:00:00-04:00,78.9000015258789,79.5,78.5999984741211,79.45999908447266,66.00769805908203,934100,0.0,0.0
2018-10-03 00:00:00-04:00,79.94000244140625,80.31999969482422,79.83999633789062,80.16000366210938,66.58920288085938,3124450,0.0,0.0
2018-10-04 00:00:00-04:00,79.44000244140625,79.77999877929688,78.4000015258789,79.0199966430664,65.64219665527344,2493250,0.0,0.0
2018-10-05 00:00:00-04:00,77.94000244140625,78.68000030517578,77.76000213623047,78.12000274658203,64.89454650878906,1651700,0.0,0.0
2018-10-08 00:00:00-04:00,76.77999877929688,77.0199966430664,76.22000122070312,76.69999694824219,63.71495056152344,1453150,0.0,0.0
2018-10-09 00:00:00-04:00,75.23999786376953,76.77999877929688,75.23999786376953,76.55999755859375,63.598655700683594,1973200,0.0,0.0
2018-10-10 00:00:00-04:00,76.80000305175781,76.95999908447266,76.0999984741211,76.0999984741211,63.21654510498047,1613900,0.0,0.0
2018-10-11 00:00:00-04:00,76.22000122070312,76.26000213623047,74.81999969482422,75.27999877929688,62.53534698486328,3033600,0.0,0.0
2018-10-12 00:00:00-04:00,74.86000061035156,75.0999984741211,73.76000213623047,74.30000305175781,61.72127151489258,1843500,0.0,0.0
2018-10-15 00:00:00-04:00,74.77999877929688,75.19999694824219,74.4800033569336,74.94000244140625,62.25292205810547,1517350,0.0,0.0
2018-10-16 00:00:00-04:00,76.76000213623047,78.33999633789062,76.5999984741211,78.16000366210938,64.92778778076172,3811050,0.0,0.0
2018-10-17 00:00:00-04:00,78.72000122070312,78.86000061035156,77.62000274658203,78.58000183105469,65.27669525146484,2447600,0.0,0.0
2018-10-18 00:00:00-04:00,78.22000122070312,78.4000015258789,77.41999816894531,77.9000015258789,64.71179962158203,2948050,0.0,0.0
2018-10-19 00:00:00-04:00,78.66000366210938,79.0199966430664,78.18000030517578,78.41999816894531,65.14376068115234,1787450,0.0,0.0
2018-10-22 00:00:00-04:00,79.33999633789062,79.44000244140625,78.54000091552734,78.9800033569336,65.60896301269531,2244300,0.0,0.0
2018-10-23 00:00:00-04:00,78.31999969482422,79.5199966430664,78.05999755859375,79.18000030517578,65.77509307861328,2301700,0.0,0.0
2018-10-24 00:00:00-04:00,78.83999633789062,78.83999633789062,75.58000183105469,75.72000122070312,62.90086364746094,2904750,0.0,0.0
2018-10-25 00:00:00-04:00,73.86000061035156,76.13999938964844,73.33999633789062,75.55999755859375,62.76795959472656,2692650,0.0,0.0
2018-10-26 00:00:00-04:00,74.44000244140625,76.26000213623047,73.87999725341797,75.80000305175781,62.967342376708984,1980150,0.0,0.0
2018-10-29 00:00:00-04:00,76.91999816894531,77.0199966430664,75.41999816894531,76.0,63.13347244262695,3890450,0.0,0.0
2018-10-30 00:00:00-04:00,76.18000030517578,77.0999984741211,76.04000091552734,76.9000015258789,63.881099700927734,2442050,0.0,0.0
2018-10-31 00:00:00-04:00,78.73999786376953,78.83999633789062,77.41999816894531,77.55999755859375,64.42936706542969,2319250,0.0,0.0
2018-11-01 00:00:00-04:00,76.94000244140625,77.5199966430664,76.33999633789062,77.0199966430664,63.98078536987305,1426850,0.0,0.0
2018-11-02 00:00:00-04:00,76.45999908447266,76.86000061035156,75.26000213623047,75.69999694824219,62.884254455566406,1684600,0.0,0.0
2018-11-05 00:00:00-05:00,77.44000244140625,78.41999816894531,77.36000061035156,77.9800033569336,64.77826690673828,2064500,0.0,0.0
2018-11-06 00:00:00-05:00,76.73999786376953,76.81999969482422,75.33999633789062,76.72000122070312,63.73158645629883,1389350,0.0,0.0
2018-11-07 00:00:00-05:00,77.69999694824219,78.4800033569336,77.4000015258789,78.41999816894531,65.14376068115234,1975300,0.0,0.0
2018-11-08 00:00:00-05:00,79.94000244140625,82.55999755859375,79.86000061035156,81.30000305175781,67.53619384765625,2737800,0.0,0.0
2018-11-09 00:00:00-05:00,82.0199966430664,82.08000183105469,81.0,81.94000244140625,68.06784057617188,2572350,0.0,0.0
2018-11-12 00:00:00-05:00,82.37999725341797,82.77999877929688,80.5199966430664,81.81999969482422,67.9681625366211,2199050,0.0,0.0
2018-11-13 00:00:00-05:00,83.0199966430664,83.55999755859375,82.69999694824219,82.9800033569336,68.9317855834961,4600350,0.0,0.0
2018-11-14 00:00:00-05:00,83.18000030517578,83.45999908447266,82.55999755859375,82.80000305175781,68.78224182128906,2712500,0.0,0.0
2018-11-15 00:00:00-05:00,82.62000274658203,82.81999969482422,81.5,82.80000305175781,68.78224182128906,3390000,0.0,0.0
2018-11-16 00:00:00-05:00,79.9000015258789,81.41999816894531,79.87999725341797,81.33999633789062,67.56941986083984,3534600,0.0,0.0
2018-11-19 00:00:00-05:00,80.9000015258789,81.87999725341797,80.19999694824219,81.5999984741211,67.785400390625,3083750,0.0,0.0
2018-11-20 00:00:00-05:00,81.19999694824219,81.95999908447266,80.54000091552734,80.68000030517578,67.02116394042969,2165000,0.0,0.0
2018-11-21 00:00:00-05:00,80.36000061035156,80.81999969482422,80.12000274658203,80.45999908447266,66.83840942382812,885500,0.0,0.0
2018-11-23 00:00:00-05:00,79.4800033569336,80.81999969482422,79.4800033569336,80.4000015258789,66.78856658935547,1092700,0.0,0.0
2018-11-26 00:00:00-05:00,80.36000061035156,80.62000274658203,79.80000305175781,80.18000030517578,66.60579681396484,1837000,0.0,0.0
2018-11-27 00:00:00-05:00,79.0,79.83999633789062,78.5,79.80000305175781,66.29015350341797,2917200,0.0,0.0
2018-11-28 00:00:00-05:00,79.5,80.27999877929688,79.23999786376953,80.23999786376953,66.65565490722656,2554500,0.0,0.0
2018-11-29 00:00:00-05:00,79.95999908447266,80.9000015258789,79.77999877929688,80.41999816894531,66.80516815185547,2259500,0.0,0.0
2018-11-30 00:00:00-05:00,79.81999969482422,80.27999877929688,79.33999633789062,79.63999938964844,66.15721893310547,2239450,0.0,0.0
2018-12-03 00:00:00-05:00,79.9000015258789,80.0,78.86000061035156,79.12000274658203,65.72525024414062,3275200,0.0,0.0
2018-12-04 00:00:00-05:00,79.87999725341797,80.69999694824219,79.45999908447266,79.73999786376953,66.24029541015625,2977850,0.0,0.0
2018-12-06 00:00:00-05:00,77.33999633789062,78.0,76.86000061035156,77.73999786376953,64.57889556884766,2804700,0.0,0.0
2018-12-07 00:00:00-05:00,76.9800033569336,77.41999816894531,76.23999786376953,76.36000061035156,63.432518005371094,1912950,0.0,0.0
2018-12-10 00:00:00-05:00,77.72000122070312,77.72000122070312,76.26000213623047,76.81999969482422,63.81464385986328,3407900,0.0,0.0
2018-12-11 00:00:00-05:00,78.27999877929688,78.62000274658203,76.9000015258789,77.31999969482422,64.22999572753906,3266650,0.0,0.0
2018-12-12 00:00:00-05:00,77.81999969482422,78.62000274658203,77.77999877929688,77.81999969482422,64.64535522460938,2489100,0.0,0.0
2018-12-13 00:00:00-05:00,78.5199966430664,79.0,78.05999755859375,78.4800033569336,65.19361877441406,1030200,0.0,0.0
2018-12-14 00:00:00-05:00,78.4000015258789,78.41999816894531,77.81999969482422,78.30000305175781,65.04411315917969,2314200,0.0,0.0
2018-12-17 00:00:00-05:00,78.4000015258789,78.55999755859375,76.33999633789062,76.69999694824219,63.71495056152344,2180300,0.0,0.0
2018-12-18 00:00:00-05:00,76.94000244140625,77.18000030517578,76.13999938964844,76.45999908447266,63.51559066772461,1441050,0.0,0.0
2018-12-19 00:00:00-05:00,76.95999908447266,77.05999755859375,75.30000305175781,75.94000244140625,63.0836296081543,2095750,0.0,0.0
2018-12-20 00:00:00-05:00,77.81999969482422,77.81999969482422,75.72000122070312,76.08000183105469,63.19991683959961,2304300,0.0,0.0
2018-12-21 00:00:00-05:00,75.4000015258789,76.41999816894531,74.9800033569336,75.0199966430664,62.319374084472656,1722850,0.0,0.0
2018-12-24 00:00:00-05:00,75.73999786376953,75.73999786376953,73.69999694824219,73.72000122070312,61.23945999145508,1670650,0.0,0.0
2018-12-26 00:00:00-05:00,73.0999984741211,75.23999786376953,73.0,75.22000122070312,62.48551940917969,2251250,0.0,0.0
2018-12-27 00:00:00-05:00,73.80000305175781,74.5999984741211,72.9800033569336,74.5999984741211,61.970481872558594,3045600,0.0,0.0
2018-12-28 00:00:00-05:00,75.0999984741211,76.19999694824219,75.04000091552734,75.54000091552734,62.751346588134766,1620550,0.0,0.0
2018-12-31 00:00:00-05:00,75.63999938964844,76.27999877929688,75.62000274658203,75.95999908447266,63.100223541259766,812800,0.0,0.0
2019-01-02 00:00:00-05:00,75.44000244140625,76.0,75.18000030517578,75.5999984741211,62.80117416381836,1797000,0.0,0.0
2019-01-03 00:00:00-05:00,76.76000213623047,77.68000030517578,76.62000274658203,76.66000366210938,63.681732177734375,2506750,0.0,0.0
2019-01-04 00:00:00-05:00,77.63999938964844,78.76000213623047,77.36000061035156,78.36000061035156,65.09391784667969,1427000,0.0,0.0
2019-01-07 00:00:00-05:00,78.0,78.27999877929688,77.4000015258789,77.55999755859375,64.42936706542969,2869350,0.0,0.0
2019-01-08 00:00:00-05:00,76.76000213623047,77.16000366210938,76.05999755859375,76.26000213623047,63.349449157714844,2348700,0.0,0.0
2019-01-09 00:00:00-05:00,76.30000305175781,76.73999786376953,75.5999984741211,75.5999984741211,62.80117416381836,3241000,0.0,0.0
2019-01-10 00:00:00-05:00,76.08000183105469,76.76000213623047,75.77999877929688,76.5199966430664,63.5654296875,2404500,0.0,0.0
2019-01-11 00:00:00-05:00,75.33999633789062,75.4800033569336,73.77999877929688,73.9000015258789,61.388980865478516,2700500,0.0,0.0
2019-01-14 00:00:00-05:00,73.08000183105469,73.0999984741211,70.83999633789062,71.0999984741211,59.06303024291992,6937650,0.0,0.0
2019-01-15 00:00:00-05:00,71.86000061035156,72.41999816894531,71.45999908447266,72.22000122070312,59.993408203125,5069400,0.0,0.0
2019-01-16 00:00:00-05:00,71.54000091552734,72.04000091552734,71.26000213623047,71.58000183105469,59.461761474609375,3545750,0.0,0.0
2019-01-17 00:00:00-05:00,71.95999908447266,72.69999694824219,71.9000015258789,72.58000183105469,60.29246520996094,2084150,0.0,0.0
2019-01-18 00:00:00-05:00,73.58000183105469,73.68000030517578,72.63999938964844,73.0999984741211,60.72442626953125,2183250,0.0,0.0
2019-01-22 00:00:00-05:00,72.9800033569336,73.08000183105469,72.0199966430664,72.54000091552734,60.259246826171875,3522050,0.0,0.0
2019-01-23 00:00:00-05:00,74.05999755859375,74.05999755859375,72.91999816894531,73.37999725341797,60.957027435302734,3962650,0.0,0.0
2019-01-24 00:00:00-05:00,72.5199966430664,72.55999755859375,71.37999725341797,71.58000183105469,59.461761474609375,3142700,0.0,0.0
2019-01-25 00:00:00-05:00,71.73999786376953,71.83999633789062,71.16000366210938,71.5,59.39529800415039,3448300,0.0,0.0
2019-01-28 00:00:00-05:00,71.12000274658203,71.26000213623047,70.5999984741211,70.9800033569336,58.96333312988281,1999450,0.0,0.0
2019-01-29 00:00:00-05:00,71.68000030517578,71.77999877929688,71.0999984741211,71.0999984741211,59.06303024291992,2249400,0.0,0.0
2019-01-30 00:00:00-05:00,72.16000366210938,72.33999633789062,71.4000015258789,71.9000015258789,59.72757339477539,2411750,0.0,0.0
2019-01-31 00:00:00-05:00,72.83999633789062,73.37999725341797,72.44000244140625,73.16000366210938,60.77427291870117,2489250,0.0,0.0
2019-02-01 00:00:00-05:00,73.19999694824219,73.76000213623047,73.08000183105469,73.30000305175781,60.89055633544922,1793900,0.0,0.0
2019-02-04 00:00:00-05:00,73.5999984741211,73.63999938964844,73.12000274658203,73.5199966430664,61.073307037353516,1326250,0.0,0.0
2019-02-05 00:00:00-05:00,73.80000305175781,74.5199966430664,73.77999877929688,74.0,61.47207260131836,1140800,0.0,0.0
2019-02-06 00:00:00-05:00,73.95999908447266,74.30000305175781,73.68000030517578,73.73999786376953,61.25608444213867,1541750,0.0,0.0
2019-02-07 00:00:00-05:00,74.5,74.5,73.55999755859375,73.87999725341797,61.37237548828125,1678500,0.0,0.0
2019-02-08 00:00:00-05:00,73.80000305175781,74.41999816894531,73.66000366210938,74.0199966430664,61.48866271972656,1712050,0.0,0.0
2019-02-11 00:00:00-05:00,73.5999984741211,73.73999786376953,73.0999984741211,73.36000061035156,60.940406799316406,1951950,0.0,0.0
2019-02-12 00:00:00-05:00,74.13999938964844,74.62000274658203,73.86000061035156,74.4000015258789,61.80434799194336,1864650,0.0,0.0
2019-02-13 00:00:00-05:00,73.68000030517578,74.33999633789062,73.12000274658203,73.16000366210938,60.77427291870117,2195250,0.0,0.0
2019-02-14 00:00:00-05:00,77.94000244140625,80.30000305175781,77.77999877929688,79.95999908447266,66.42304992675781,6170600,0.0,0.0
2019-02-15 00:00:00-05:00,80.58000183105469,82.0199966430664,80.41999816894531,81.83999633789062,67.98478698730469,3205100,0.0,0.0
2019-02-19 00:00:00-05:00,79.94000244140625,80.9800033569336,79.87999725341797,80.91999816894531,67.22052764892578,4035450,0.0,0.0
2019-02-20 00:00:00-05:00,80.4800033569336,81.72000122070312,80.4800033569336,81.05999755859375,67.33683013916016,3540550,0.0,0.0
2019-02-21 00:00:00-05:00,80.81999969482422,81.0,80.27999877929688,80.86000061035156,67.17068481445312,2895700,0.0,0.0
2019-02-22 00:00:00-05:00,80.87999725341797,81.9800033569336,80.81999969482422,81.87999725341797,68.01800537109375,2978150,0.0,0.0
2019-02-25 00:00:00-05:00,83.0,83.45999908447266,82.66000366210938,83.0,68.94839477539062,2991050,0.0,0.0
2019-02-26 00:00:00-05:00,83.19999694824219,84.27999877929688,83.12000274658203,83.95999908447266,69.74586486816406,2108400,0.0,0.0
2019-02-27 00:00:00-05:00,84.12000274658203,85.16000366210938,84.12000274658203,84.77999877929688,70.42704772949219,2239650,0.0,0.0
2019-02-28 00:00:00-05:00,82.33999633789062,83.30000305175781,82.26000213623047,83.16000366210938,70.66497039794922,2849250,1.9,0.0
2019-03-01 00:00:00-05:00,83.22000122070312,83.5199966430664,82.95999908447266,83.5199966430664,70.97087860107422,2295000,0.0,0.0
2019-03-04 00:00:00-05:00,83.45999908447266,83.62000274658203,82.77999877929688,83.37999725341797,70.85192108154297,1974100,0.0,0.0
2019-03-05 00:00:00-05:00,83.12000274658203,85.22000122070312,83.12000274658203,84.62000274658203,71.90560150146484,2834100,0.0,0.0
2019-03-06 00:00:00-05:00,84.72000122070312,84.77999877929688,83.86000061035156,84.05999755859375,71.42973327636719,1245000,0.0,0.0
2019-03-07 00:00:00-05:00,83.22000122070312,83.54000091552734,82.66000366210938,83.31999969482422,70.80093383789062,2641950,0.0,0.0
2019-03-08 00:00:00-05:00,82.9000015258789,83.5999984741211,82.68000030517578,83.54000091552734,70.98787689208984,2069600,0.0,0.0
2019-03-11 00:00:00-04:00,83.30000305175781,84.66000366210938,83.27999877929688,84.37999725341797,71.70166015625,1750750,0.0,0.0
2019-03-12 00:00:00-04:00,83.27999877929688,83.91999816894531,83.27999877929688,83.69999694824219,71.12381744384766,1981700,0.0,0.0
2019-03-13 00:00:00-04:00,84.16000366210938,84.9800033569336,83.9000015258789,84.9000015258789,72.14354705810547,1486950,0.0,0.0
2019-03-14 00:00:00-04:00,84.55999755859375,85.12000274658203,84.23999786376953,84.54000091552734,71.83763122558594,1853900,0.0,0.0
2019-03-15 00:00:00-04:00,84.55999755859375,85.0199966430664,84.19999694824219,85.0199966430664,72.24549865722656,4496800,0.0,0.0
2019-03-18 00:00:00-04:00,85.04000091552734,85.4800033569336,84.86000061035156,85.16000366210938,72.36446380615234,1538100,0.0,0.0
2019-03-19 00:00:00-04:00,85.77999877929688,86.12000274658203,85.45999908447266,85.73999786376953,72.85731506347656,1604600,0.0,0.0
2019-03-20 00:00:00-04:00,86.13999938964844,86.5999984741211,85.58000183105469,86.04000091552734,73.11224365234375,1878650,0.0,0.0
2019-03-21 00:00:00-04:00,85.81999969482422,86.5999984741211,85.77999877929688,85.9000015258789,72.9932861328125,1217400,0.0,0.0
2019-03-22 00:00:00-04:00,84.9000015258789,85.72000122070312,84.83999633789062,85.18000030517578,72.38146209716797,1945600,0.0,0.0
2019-03-25 00:00:00-04:00,85.19999694824219,85.58000183105469,84.86000061035156,85.0999984741211,72.3134994506836,1485850,0.0,0.0
2019-03-26 00:00:00-04:00,86.04000091552734,86.37999725341797,85.72000122070312,85.87999725341797,72.97628021240234,1553000,0.0,0.0
2019-03-27 00:00:00-04:00,85.19999694824219,85.73999786376953,84.58000183105469,85.30000305175781,72.48343658447266,1591750,0.0,0.0
2019-03-28 00:00:00-04:00,86.30000305175781,86.5199966430664,85.68000030517578,85.95999908447266,73.04426574707031,2327950,0.0,0.0
2019-03-29 00:00:00-04:00,80.76000213623047,82.26000213623047,80.27999877929688,80.86000061035156,68.71055603027344,17391150,0.0,0.0
2019-04-01 00:00:00-04:00,82.87999725341797,83.0999984741211,81.87999725341797,82.54000091552734,70.13813018798828,4207750,0.0,0.0
2019-04-02 00:00:00-04:00,82.4800033569336,83.31999969482422,82.18000030517578,83.18000030517578,70.68196868896484,5441550,0.0,0.0
2019-04-03 00:00:00-04:00,82.4000015258789,82.55999755859375,81.62000274658203,82.18000030517578,69.83222198486328,3160000,0.0,0.0
2019-04-04 00:00:00-04:00,81.58000183105469,82.0,80.95999908447266,81.05999755859375,68.88050079345703,2790300,0.0,0.0
2019-04-05 00:00:00-04:00,81.0,81.68000030517578,80.94000244140625,81.4000015258789,69.1694107055664,2894400,0.0,0.0
2019-04-08 00:00:00-04:00,82.16000366210938,82.16000366210938,81.54000091552734,81.72000122070312,69.44132995605469,1584700,0.0,0.0
2019-04-09 00:00:00-04:00,81.55999755859375,81.68000030517578,81.0199966430664,81.37999725341797,69.15242004394531,2156550,0.0,0.0
2019-04-10 00:00:00-04:00,81.5,81.86000061035156,80.87999725341797,81.08000183105469,68.89750671386719,3309500,0.0,0.0
2019-04-11 00:00:00-04:00,80.63999938964844,80.69999694824219,79.31999969482422,79.68000030517578,67.70784759521484,2257200,0.0,0.0
2019-04-12 00:00:00-04:00,79.23999786376953,80.04000091552734,78.94000244140625,79.04000091552734,67.16401672363281,3744900,0.0,0.0
2019-04-15 00:00:00-04:00,79.5199966430664,79.76000213623047,79.26000213623047,79.62000274658203,67.65687561035156,1503050,0.0,0.0
2019-04-16 00:00:00-04:00,80.19999694824219,80.19999694824219,78.54000091552734,78.5999984741211,66.79011535644531,1667150,0.0,0.0
2019-04-17 00:00:00-04:00,78.63999938964844,78.68000030517578,77.4800033569336,77.54000091552734,65.88938903808594,2204150,0.0,0.0
2019-04-18 00:00:00-04:00,77.54000091552734,77.87999725341797,76.69999694824219,77.5999984741211,65.94037628173828,2715150,0.0,0.0
2019-04-22 00:00:00-04:00,77.55999755859375,77.80000305175781,77.12000274658203,77.5,65.85540771484375,2126750,0.0,0.0
2019-04-23 00:00:00-04:00,77.26000213623047,77.94000244140625,77.26000213623047,77.37999725341797,65.75342559814453,2406100,0.0,0.0
2019-04-24 00:00:00-04:00,77.44000244140625,77.83999633789062,77.16000366210938,77.44000244140625,65.8044204711914,1971000,0.0,0.0
2019-04-25 00:00:00-04:00,76.83999633789062,78.30000305175781,76.80000305175781,78.12000274658203,66.38224792480469,2364550,0.0,0.0
2019-04-26 00:00:00-04:00,75.68000030517578,76.18000030517578,75.31999969482422,75.9800033569336,64.56381225585938,3595200,0.0,0.0
2019-04-29 00:00:00-04:00,77.12000274658203,77.13999938964844,76.19999694824219,76.36000061035156,64.88668823242188,2759300,0.0,0.0
2019-04-30 00:00:00-04:00,76.26000213623047,76.36000061035156,73.66000366210938,75.31999969482422,64.00296020507812,4333200,0.0,0.0
2019-05-01 00:00:00-04:00,75.0199966430664,75.27999877929688,74.5,74.69999694824219,63.476112365722656,2599800,0.0,0.0
2019-05-02 00:00:00-04:00,75.26000213623047,75.68000030517578,74.91999816894531,75.23999786376953,63.93495559692383,5107500,0.0,0.0
2019-05-03 00:00:00-04:00,76.63999938964844,76.83999633789062,76.16000366210938,76.81999969482422,65.27758026123047,1608600,0.0,0.0
2019-05-06 00:00:00-04:00,75.83999633789062,77.45999908447266,75.5,76.69999694824219,65.17560577392578,1770150,0.0,0.0
2019-05-07 00:00:00-04:00,76.72000122070312,76.86000061035156,75.63999938964844,75.95999908447266,64.5467758178711,1415600,0.0,0.0
2019-05-08 00:00:00-04:00,76.94000244140625,77.18000030517578,76.54000091552734,76.5999984741211,65.09062957763672,1596750,0.0,0.0
2019-05-09 00:00:00-04:00,76.94000244140625,77.08000183105469,76.5199966430664,76.94000244140625,65.37955474853516,1789050,0.0,0.0
2019-05-10 00:00:00-04:00,76.12000274658203,76.30000305175781,74.77999877929688,75.30000305175781,63.9859733581543,4257850,0.0,0.0
2019-05-13 00:00:00-04:00,74.58000183105469,74.77999877929688,74.23999786376953,74.55999755859375,63.35715103149414,3828700,0.0,0.0
2019-05-14 00:00:00-04:00,75.55999755859375,76.0,75.27999877929688,75.63999938964844,64.2748794555664,3582400,0.0,0.0
2019-05-15 00:00:00-04:00,75.22000122070312,75.69999694824219,75.16000366210938,75.36000061035156,64.03694152832031,2285000,0.0,0.0
2019-05-16 00:00:00-04:00,75.4800033569336,76.12000274658203,75.31999969482422,75.5999984741211,64.2408676147461,1494350,0.0,0.0
2019-05-17 00:00:00-04:00,75.26000213623047,75.81999969482422,75.16000366210938,75.55999755859375,64.20689392089844,858150,0.0,0.0
2019-05-20 00:00:00-04:00,74.68000030517578,75.30000305175781,74.66000366210938,75.08000183105469,63.79902648925781,1548500,0.0,0.0
2019-05-21 00:00:00-04:00,75.30000305175781,75.9000015258789,75.22000122070312,75.76000213623047,64.3768539428711,1719400,0.0,0.0
2019-05-22 00:00:00-04:00,75.27999877929688,77.30000305175781,75.27999877929688,77.22000122070312,65.61747741699219,1472550,0.0,0.0
2019-05-23 00:00:00-04:00,77.31999969482422,77.76000213623047,76.87999725341797,77.31999969482422,65.70244598388672,2765050,0.0,0.0
2019-05-24 00:00:00-04:00,78.0199966430664,78.63999938964844,77.80000305175781,78.04000091552734,66.31427764892578,1543300,0.0,0.0
2019-05-28 00:00:00-04:00,77.0,77.30000305175781,76.0,76.0199966430664,64.59776306152344,1903900,0.0,0.0
2019-05-29 00:00:00-04:00,75.31999969482422,75.5199966430664,74.87999725341797,75.05999755859375,63.782005310058594,1667100,0.0,0.0
2019-05-30 00:00:00-04:00,75.4800033569336,75.4800033569336,74.66000366210938,75.0199966430664,63.748023986816406,1456450,0.0,0.0
2019-05-31 00:00:00-04:00,74.26000213623047,74.87999725341797,74.23999786376953,74.76000213623047,63.527099609375,1311500,0.0,0.0
2019-06-03 00:00:00-04:00,76.08000183105469,76.26000213623047,75.5199966430664,75.80000305175781,64.41084289550781,1204650,0.0,0.0
2019-06-04 00:00:00-04:00,76.86000061035156,77.31999969482422,76.37999725341797,77.18000030517578,65.58348083496094,1707650,0.0,0.0
2019-06-05 00:00:00-04:00,76.87999725341797,77.12000274658203,76.55999755859375,76.72000122070312,65.1926040649414,1048650,0.0,0.0
2019-06-06 00:00:00-04:00,77.62000274658203,78.27999877929688,77.45999908447266,77.66000366210938,65.99134826660156,1129750,0.0,0.0
2019-06-07 00:00:00-04:00,78.37999725341797,78.54000091552734,77.77999877929688,78.04000091552734,66.31427764892578,1035450,0.0,0.0
2019-06-10 00:00:00-04:00,78.31999969482422,79.44000244140625,78.16000366210938,79.18000030517578,67.28296661376953,1464450,0.0,0.0
2019-06-11 00:00:00-04:00,79.37999725341797,79.4800033569336,78.62000274658203,78.77999877929688,66.94307708740234,1189050,0.0,0.0
2019-06-12 00:00:00-04:00,79.04000091552734,79.9800033569336,79.04000091552734,79.86000061035156,67.86080932617188,1253650,0.0,0.0
2019-06-13 00:00:00-04:00,79.62000274658203,80.0199966430664,79.19999694824219,79.81999969482422,67.82681274414062,1010000,0.0,0.0
2019-06-14 00:00:00-04:00,79.36000061035156,79.91999816894531,79.23999786376953,79.33999633789062,67.41893005371094,738900,0.0,0.0
2019-06-17 00:00:00-04:00,79.12000274658203,80.26000213623047,79.0999984741211,79.95999908447266,67.94577026367188,932100,0.0,0.0
2019-06-18 00:00:00-04:00,81.18000030517578,82.05999755859375,81.0199966430664,81.9000015258789,69.59429168701172,1629250,0.0,0.0
2019-06-19 00:00:00-04:00,82.36000061035156,83.5,82.30000305175781,83.36000061035156,70.83491516113281,1513550,0.0,0.0
2019-06-20 00:00:00-04:00,83.83999633789062,84.16000366210938,83.05999755859375,83.22000122070312,70.7159652709961,1676600,0.0,0.0
2019-06-21 00:00:00-04:00,82.16000366210938,82.83999633789062,81.31999969482422,82.72000122070312,70.29107666015625,1350850,0.0,0.0
2019-06-24 00:00:00-04:00,83.05999755859375,83.27999877929688,82.62000274658203,82.9800033569336,70.51202392578125,970000,0.0,0.0
2019-06-25 00:00:00-04:00,83.26000213623047,83.4000015258789,82.45999908447266,82.80000305175781,70.35906219482422,691050,0.0,0.0
2019-06-26 00:00:00-04:00,82.45999908447266,82.4800033569336,81.5199966430664,81.94000244140625,69.6282730102539,868950,0.0,0.0
2019-06-27 00:00:00-04:00,81.72000122070312,82.33999633789062,81.72000122070312,81.9800033569336,69.66227722167969,841900,0.0,0.0
2019-06-28 00:00:00-04:00,82.9800033569336,82.9800033569336,82.19999694824219,82.55999755859375,70.15513610839844,1152400,0.0,0.0
2019-07-01 00:00:00-04:00,83.30000305175781,83.30000305175781,82.4800033569336,82.62000274658203,70.20610046386719,1516450,0.0,0.0
2019-07-02 00:00:00-04:00,82.69999694824219,83.5199966430664,82.62000274658203,83.41999816894531,70.88589477539062,1260600,0.0,0.0
2019-07-03 00:00:00-04:00,83.91999816894531,84.30000305175781,83.66000366210938,83.9800033569336,71.36177062988281,909500,0.0,0.0
2019-07-05 00:00:00-04:00,83.23999786376953,83.33999633789062,81.80000305175781,81.87999725341797,69.57730102539062,1405850,0.0,0.0
2019-07-08 00:00:00-04:00,81.5,81.72000122070312,81.19999694824219,81.66000366210938,69.39035034179688,1045100,0.0,0.0
2019-07-09 00:00:00-04:00,81.5,81.73999786376953,81.31999969482422,81.4800033569336,69.23739624023438,833950,0.0,0.0
2019-07-10 00:00:00-04:00,82.5,82.81999969482422,82.04000091552734,82.26000213623047,69.90020751953125,811500,0.0,0.0
2019-07-11 00:00:00-04:00,81.83999633789062,81.86000061035156,80.4000015258789,80.9000015258789,68.74454498291016,1171250,0.0,0.0
2019-07-12 00:00:00-04:00,80.69999694824219,80.73999786376953,79.69999694824219,80.41999816894531,68.33665466308594,1614850,0.0,0.0
2019-07-15 00:00:00-04:00,80.5199966430664,80.81999969482422,80.12000274658203,80.44000244140625,68.3536605834961,1001350,0.0,0.0
2019-07-16 00:00:00-04:00,80.72000122070312,80.72000122070312,80.23999786376953,80.4000015258789,68.31966400146484,809850,0.0,0.0
2019-07-17 00:00:00-04:00,80.66000366210938,81.18000030517578,80.5999984741211,80.68000030517578,68.5575942993164,662200,0.0,0.0
2019-07-18 00:00:00-04:00,80.58000183105469,81.4800033569336,80.45999908447266,81.45999908447266,69.22040557861328,1364200,0.0,0.0
2019-07-19 00:00:00-04:00,81.04000091552734,81.18000030517578,80.12000274658203,80.23999786376953,68.18372344970703,1854800,0.0,0.0
2019-07-22 00:00:00-04:00,80.81999969482422,80.95999908447266,80.26000213623047,80.66000366210938,68.54060363769531,2169250,0.0,0.0
2019-07-23 00:00:00-04:00,81.31999969482422,81.77999877929688,80.91999816894531,81.16000366210938,68.96548461914062,2076550,0.0,0.0
2019-07-24 00:00:00-04:00,80.36000061035156,80.80000305175781,79.69999694824219,80.69999694824219,68.5745849609375,2140800,0.0,0.0
2019-07-25 00:00:00-04:00,85.5999984741211,87.05999755859375,84.9800033569336,85.31999969482422,72.50042724609375,5209850,0.0,0.0
2019-07-26 00:00:00-04:00,86.0199966430664,87.08000183105469,85.77999877929688,87.0199966430664,73.94499206542969,2113400,0.0,0.0
2019-07-29 00:00:00-04:00,89.12000274658203,89.4800033569336,88.68000030517578,88.77999877929688,75.44054412841797,3209850,0.0,0.0
2019-07-30 00:00:00-04:00,87.80000305175781,88.12000274658203,87.33999633789062,87.72000122070312,74.53982543945312,1737750,0.0,0.0
2019-07-31 00:00:00-04:00,86.16000366210938,87.58000183105469,85.94000244140625,86.81999969482422,73.77505493164062,1127800,0.0,0.0
2019-08-01 00:00:00-04:00,87.13999938964844,88.37999725341797,87.13999938964844,88.0,74.77774047851562,1343100,0.0,0.0
2019-08-02 00:00:00-04:00,88.80000305175781,88.87999725341797,88.0,88.55999755859375,75.25360107421875,2133750,0.0,0.0
2019-08-05 00:00:00-04:00,87.72000122070312,88.0,86.31999969482422,87.12000274658203,74.02998352050781,1911600,0.0,0.0
2019-08-06 00:00:00-04:00,87.44000244140625,87.94000244140625,86.5199966430664,87.23999786376953,74.13194274902344,1968250,0.0,0.0
2019-08-07 00:00:00-04:00,87.12000274658203,88.16000366210938,86.81999969482422,87.83999633789062,74.64179229736328,2009300,0.0,0.0
2019-08-08 00:00:00-04:00,87.9000015258789,88.72000122070312,87.55999755859375,88.27999877929688,75.792236328125,1184450,0.9,0.0
2019-08-09 00:00:00-04:00,90.5,90.55999755859375,89.16000366210938,89.54000091552734,76.8740005493164,2063650,0.0,0.0
2019-08-12 00:00:00-04:00,89.58000183105469,89.68000030517578,88.30000305175781,88.72000122070312,76.16999816894531,1246400,0.0,0.0
2019-08-13 00:00:00-04:00,89.13999938964844,89.72000122070312,88.80000305175781,89.72000122070312,77.02853393554688,1728750,0.0,0.0
2019-08-14 00:00:00-04:00,88.83999633789062,89.36000061035156,87.5999984741211,87.62000274658203,75.2256088256836,1396700,0.0,0.0
2019-08-15 00:00:00-04:00,88.08000183105469,88.63999938964844,87.91999816894531,88.36000061035156,75.86092376708984,959800,0.0,0.0
2019-08-16 00:00:00-04:00,88.72000122070312,89.0999984741211,87.91999816894531,88.68000030517578,76.1356430053711,747750,0.0,0.0
2019-08-19 00:00:00-04:00,89.13999938964844,89.27999877929688,88.66000366210938,88.83999633789062,76.27302551269531,760500,0.0,0.0
2019-08-20 00:00:00-04:00,89.77999877929688,89.87999725341797,88.95999908447266,89.23999786376953,76.6164321899414,2533950,0.0,0.0
2019-08-21 00:00:00-04:00,90.08000183105469,91.37999725341797,89.95999908447266,90.83999633789062,77.9901123046875,3003600,0.0,0.0
2019-08-22 00:00:00-04:00,91.04000091552734,91.18000030517578,90.33999633789062,90.81999969482422,77.97293853759766,2277550,0.0,0.0
2019-08-23 00:00:00-04:00,90.55999755859375,91.33999633789062,89.0,89.16000366210938,76.54776000976562,1876100,0.0,0.0
2019-08-26 00:00:00-04:00,89.95999908447266,89.95999908447266,88.94000244140625,89.66000366210938,76.9770278930664,1217500,0.0,0.0
2019-08-27 00:00:00-04:00,89.72000122070312,90.22000122070312,89.58000183105469,89.76000213623047,77.06289672851562,1166950,0.0,0.0
2019-08-28 00:00:00-04:00,89.5999984741211,89.83999633789062,89.18000030517578,89.5999984741211,76.9255142211914,1065850,0.0,0.0
2019-08-29 00:00:00-04:00,90.5,91.0199966430664,90.4000015258789,90.83999633789062,77.9901123046875,1346450,0.0,0.0
2019-08-30 00:00:00-04:00,90.26000213623047,90.63999938964844,89.63999938964844,90.05999755859375,77.3204574584961,1206800,0.0,0.0
2019-09-03 00:00:00-04:00,90.31999969482422,90.94000244140625,90.12000274658203,90.54000091552734,77.73253631591797,1131800,0.0,0.0
2019-09-04 00:00:00-04:00,90.83999633789062,91.05999755859375,90.4800033569336,90.68000030517578,77.85275268554688,870900,0.0,0.0
2019-09-05 00:00:00-04:00,89.87999725341797,90.0,89.12000274658203,89.5199966430664,76.85681915283203,805000,0.0,0.0
2019-09-06 00:00:00-04:00,89.72000122070312,90.13999938964844,89.45999908447266,89.4800033569336,76.82250213623047,944350,0.0,0.0
2019-09-09 00:00:00-04:00,87.9800033569336,88.05999755859375,86.73999786376953,87.5999984741211,75.20841979980469,1410950,0.0,0.0
2019-09-10 00:00:00-04:00,84.9000015258789,86.58000183105469,84.37999725341797,86.54000091552734,74.29838562011719,2051350,0.0,0.0
2019-09-11 00:00:00-04:00,85.72000122070312,86.4000015258789,85.69999694824219,86.19999694824219,74.0064697265625,3921750,0.0,0.0
2019-09-12 00:00:00-04:00,85.69999694824219,86.18000030517578,85.45999908447266,85.80000305175781,73.66304779052734,3381750,0.0,0.0
2019-09-13 00:00:00-04:00,85.73999786376953,86.23999786376953,85.44000244140625,85.54000091552734,73.43982696533203,1829450,0.0,0.0
2019-09-16 00:00:00-04:00,86.05999755859375,86.0999984741211,84.87999725341797,85.0199966430664,72.9933853149414,1251100,0.0,0.0
2019-09-17 00:00:00-04:00,86.23999786376953,86.54000091552734,85.68000030517578,86.26000213623047,74.0579833984375,2459250,0.0,0.0
2019-09-18 00:00:00-04:00,86.76000213623047,87.44000244140625,86.69999694824219,87.13999938964844,74.81350708007812,1048100,0.0,0.0
2019-09-19 00:00:00-04:00,89.26000213623047,89.69999694824219,88.86000061035156,89.22000122070312,76.5992660522461,2076850,0.0,0.0
2019-09-20 00:00:00-04:00,90.41999816894531,90.66000366210938,89.91999816894531,90.36000061035156,77.57801818847656,2434100,0.0,0.0
2019-09-23 00:00:00-04:00,90.16000366210938,90.37999725341797,89.12000274658203,89.13999938964844,76.53058624267578,1228500,0.0,0.0
2019-09-24 00:00:00-04:00,90.68000030517578,91.13999938964844,90.04000091552734,90.33999633789062,77.56083679199219,1439200,0.0,0.0
2019-09-25 00:00:00-04:00,90.55999755859375,91.08000183105469,90.0999984741211,90.68000030517578,77.85275268554688,2096800,0.0,0.0
2019-09-26 00:00:00-04:00,91.76000213623047,92.44000244140625,90.73999786376953,90.94000244140625,78.07597351074219,2338750,0.0,0.0
2019-09-27 00:00:00-04:00,90.9800033569336,91.16000366210938,90.23999786376953,90.55999755859375,77.74971008300781,1149750,0.0,0.0
2019-09-30 00:00:00-04:00,89.55999755859375,90.31999969482422,89.05999755859375,89.13999938964844,76.53058624267578,1752550,0.0,0.0
2019-10-01 00:00:00-04:00,88.05999755859375,88.27999877929688,87.0999984741211,87.31999969482422,74.96803283691406,1538950,0.0,0.0
2019-10-02 00:00:00-04:00,85.62000274658203,85.95999908447266,84.5,84.91999816894531,72.90751647949219,1570050,0.0,0.0
2019-10-03 00:00:00-04:00,85.76000213623047,86.5,85.55999755859375,86.33999633789062,74.12665557861328,1000950,0.0,0.0
2019-10-04 00:00:00-04:00,86.72000122070312,87.04000091552734,86.26000213623047,86.62000274658203,74.36705780029297,939200,0.0,0.0
2019-10-07 00:00:00-04:00,86.81999969482422,87.62000274658203,86.76000213623047,86.87999725341797,74.59026336669922,1127150,0.0,0.0
2019-10-08 00:00:00-04:00,86.86000061035156,86.94000244140625,85.80000305175781,86.08000183105469,73.90343475341797,1546500,0.0,0.0
2019-10-09 00:00:00-04:00,86.9800033569336,87.18000030517578,86.72000122070312,86.80000305175781,74.52159881591797,990750,0.0,0.0
2019-10-10 00:00:00-04:00,86.4000015258789,87.5999984741211,86.31999969482422,87.19999694824219,74.8650131225586,3109100,0.0,0.0
2019-10-11 00:00:00-04:00,87.4800033569336,88.31999969482422,87.08000183105469,87.16000366210938,74.83068084716797,1921450,0.0,0.0
2019-10-14 00:00:00-04:00,87.9800033569336,88.58000183105469,87.63999938964844,87.68000030517578,75.27711486816406,1325850,0.0,0.0
2019-10-15 00:00:00-04:00,87.5,88.55999755859375,87.33999633789062,88.41999816894531,75.91243743896484,1115050,0.0,0.0
2019-10-16 00:00:00-04:00,87.9800033569336,88.05999755859375,87.26000213623047,87.58000183105469,75.1912612915039,831500,0.0,0.0
2019-10-17 00:00:00-04:00,88.63999938964844,88.72000122070312,87.94000244140625,88.26000213623047,75.77507019042969,1215750,0.0,0.0
2019-10-18 00:00:00-04:00,88.36000061035156,88.41999816894531,87.36000061035156,87.73999786376953,75.32862854003906,825350,0.0,0.0
2019-10-21 00:00:00-04:00,87.73999786376953,87.80000305175781,87.30000305175781,87.44000244140625,75.07106018066406,1194950,0.0,0.0
2019-10-22 00:00:00-04:00,88.44000244140625,88.94000244140625,87.77999877929688,87.83999633789062,75.41448211669922,1328500,0.0,0.0
2019-10-23 00:00:00-04:00,89.0199966430664,89.4800033569336,88.55999755859375,89.37999725341797,76.73664093017578,1842300,0.0,0.0
2019-10-24 00:00:00-04:00,92.95999908447266,94.62000274658203,92.72000122070312,94.5,81.13236999511719,3001400,0.0,0.0
2019-10-25 00:00:00-04:00,94.83999633789062,95.44000244140625,94.22000122070312,95.33999633789062,81.85355377197266,1334700,0.0,0.0
2019-10-28 00:00:00-04:00,95.37999725341797,98.0,95.18000030517578,95.5,81.99090576171875,2339900,0.0,0.0
2019-10-29 00:00:00-04:00,94.83999633789062,95.62000274658203,94.27999877929688,95.18000030517578,81.71617889404297,1132100,0.0,0.0
2019-10-30 00:00:00-04:00,96.94000244140625,98.0999984741211,96.44000244140625,98.04000091552734,84.171630859375,1875550,0.0,0.0
2019-10-31 00:00:00-04:00,96.73999786376953,98.12000274658203,96.45999908447266,98.05999755859375,84.18879699707031,2834100,0.0,0.0
2019-11-01 00:00:00-04:00,98.41999816894531,98.44000244140625,96.54000091552734,96.77999877929688,83.08985900878906,1402050,0.0,0.0
2019-11-04 00:00:00-05:00,97.04000091552734,97.0999984741211,96.0999984741211,96.22000122070312,82.60909271240234,1162000,0.0,0.0
2019-11-05 00:00:00-05:00,95.4000015258789,95.54000091552734,94.16000366210938,94.4000015258789,81.04653930664062,1819150,0.0,0.0
2019-11-06 00:00:00-05:00,94.37999725341797,94.9000015258789,94.27999877929688,94.68000030517578,81.28691864013672,2012250,0.0,0.0
2019-11-07 00:00:00-05:00,94.19999694824219,94.26000213623047,93.44000244140625,93.5999984741211,80.35968780517578,1571750,0.0,0.0
2019-11-08 00:00:00-05:00,93.04000091552734,95.26000213623047,92.62000274658203,94.5199966430664,81.14955139160156,2667000,0.0,0.0
2019-11-11 00:00:00-05:00,92.80000305175781,93.95999908447266,92.77999877929688,93.76000213623047,80.49705505371094,978650,0.0,0.0
2019-11-12 00:00:00-05:00,93.95999908447266,94.55999755859375,93.86000061035156,94.16000366210938,80.84046936035156,1266750,0.0,0.0
2019-11-13 00:00:00-05:00,95.16000366210938,95.94000244140625,94.9000015258789,95.63999938964844,82.11112976074219,1004700,0.0,0.0
2019-11-14 00:00:00-05:00,94.9000015258789,95.0199966430664,94.22000122070312,94.73999786376953,81.33843231201172,749350,0.0,0.0
2019-11-15 00:00:00-05:00,93.66000366210938,95.05999755859375,93.62000274658203,94.87999725341797,81.4586181640625,1133500,0.0,0.0
2019-11-18 00:00:00-05:00,95.9800033569336,96.30000305175781,95.55999755859375,95.87999725341797,82.31717681884766,930250,0.0,0.0
2019-11-19 00:00:00-05:00,96.04000091552734,96.05999755859375,95.05999755859375,95.33999633789062,81.85355377197266,1052600,0.0,0.0
2019-11-20 00:00:00-05:00,94.23999786376953,94.72000122070312,93.83999633789062,94.0199966430664,80.72026824951172,1132950,0.0,0.0
2019-11-21 00:00:00-05:00,93.54000091552734,95.73999786376953,93.33999633789062,95.22000122070312,81.75053405761719,1197400,0.0,0.0
2019-11-22 00:00:00-05:00,96.62000274658203,96.77999877929688,95.62000274658203,95.94000244140625,82.36868286132812,1004350,0.0,0.0
2019-11-25 00:00:00-05:00,97.55999755859375,97.86000061035156,97.19999694824219,97.54000091552734,83.74234771728516,1323500,0.0,0.0
2019-11-26 00:00:00-05:00,97.45999908447266,97.66000366210938,97.23999786376953,97.5199966430664,83.72518157958984,806600,0.0,0.0
2019-11-27 00:00:00-05:00,96.91999816894531,98.0,96.9000015258789,97.54000091552734,83.74234771728516,1827650,0.0,0.0
2019-11-29 00:00:00-05:00,96.69999694824219,97.22000122070312,96.69999694824219,96.95999908447266,83.24440002441406,722650,0.0,0.0
2019-12-02 00:00:00-05:00,97.33999633789062,97.36000061035156,95.81999969482422,96.76000213623047,83.07268524169922,4275100,0.0,0.0
2019-12-03 00:00:00-05:00,95.08000183105469,95.94000244140625,95.0,95.77999877929688,82.23130798339844,1529250,0.0,0.0
2019-12-04 00:00:00-05:00,95.41999816894531,96.4800033569336,95.26000213623047,96.4000015258789,82.76361846923828,2450500,0.0,0.0
2019-12-05 00:00:00-05:00,96.13999938964844,96.18000030517578,95.0199966430664,95.23999786376953,81.76770782470703,1151200,0.0,0.0
2019-12-06 00:00:00-05:00,95.45999908447266,95.55999755859375,95.12000274658203,95.36000061035156,81.87071228027344,1238700,0.0,0.0
2019-12-09 00:00:00-05:00,95.23999786376953,95.9000015258789,95.05999755859375,95.54000091552734,82.02527618408203,2314050,0.0,0.0
2019-12-10 00:00:00-05:00,94.94000244140625,96.08000183105469,94.9000015258789,95.95999908447266,82.38585662841797,1720700,0.0,0.0
2019-12-11 00:00:00-05:00,96.16000366210938,97.0,96.0999984741211,96.37999725341797,82.74642944335938,1616750,0.0,0.0
2019-12-12 00:00:00-05:00,96.0999984741211,97.0,95.4800033569336,95.83999633789062,82.28280639648438,965000,0.0,0.0
2019-12-13 00:00:00-05:00,96.76000213623047,97.18000030517578,96.4000015258789,96.72000122070312,83.0383529663086,912700,0.0,0.0
2019-12-16 00:00:00-05:00,98.95999908447266,99.19999694824219,98.37999725341797,98.62000274658203,84.6695785522461,1574900,0.0,0.0
2019-12-17 00:00:00-05:00,98.0999984741211,98.27999877929688,97.77999877929688,97.94000244140625,84.08578491210938,702500,0.0,0.0
2019-12-18 00:00:00-05:00,97.94000244140625,98.54000091552734,97.69999694824219,98.4800033569336,84.54938507080078,1682950,0.0,0.0
2019-12-19 00:00:00-05:00,98.5999984741211,100.26000213623047,98.36000061035156,99.94000244140625,85.80286407470703,2188650,0.0,0.0
2019-12-20 00:00:00-05:00,101.08000183105469,102.45999908447266,100.66000366210938,100.91999816894531,86.64423370361328,2357550,0.0,0.0
2019-12-23 00:00:00-05:00,100.80000305175781,100.81999969482422,99.5199966430664,99.77999877929688,85.66548919677734,1594950,0.0,0.0
2019-12-24 00:00:00-05:00,99.58000183105469,99.83999633789062,99.19999694824219,99.73999786376953,85.63114929199219,377900,0.0,0.0
2019-12-26 00:00:00-05:00,99.69999694824219,99.9000015258789,99.54000091552734,99.69999694824219,85.59680938720703,506550,0.0,0.0
2019-12-27 00:00:00-05:00,101.13999938964844,101.31999969482422,100.5999984741211,100.87999725341797,86.6098861694336,818100,0.0,0.0
2019-12-30 00:00:00-05:00,101.66000366210938,101.68000030517578,99.62000274658203,100.0199966430664,85.87152862548828,980150,0.0,0.0
2019-12-31 00:00:00-05:00,99.54000091552734,99.87999725341797,99.36000061035156,99.72000122070312,85.61395263671875,875000,0.0,0.0
2020-01-02 00:00:00-05:00,100.5999984741211,100.9800033569336,100.26000213623047,100.77999877929688,86.52404022216797,1793650,0.0,0.0
2020-01-03 00:00:00-05:00,99.76000213623047,100.76000213623047,99.66000366210938,100.18000030517578,86.0089111328125,604350,0.0,0.0
2020-01-06 00:00:00-05:00,100.08000183105469,100.44000244140625,99.4800033569336,99.76000213623047,85.6483383178711,996150,0.0,0.0
2020-01-07 00:00:00-05:00,100.27999877929688,100.5999984741211,99.73999786376953,100.13999938964844,85.97455596923828,935950,0.0,0.0
2020-01-08 00:00:00-05:00,99.73999786376953,100.33999633789062,99.5,99.9000015258789,85.76852416992188,934500,0.0,0.0
2020-01-09 00:00:00-05:00,100.05999755859375,100.36000061035156,99.66000366210938,100.16000366210938,85.99174499511719,979500,0.0,0.0
2020-01-10 00:00:00-05:00,99.73999786376953,100.19999694824219,99.5999984741211,99.69999694824219,85.59680938720703,936450,0.0,0.0
2020-01-13 00:00:00-05:00,98.95999908447266,99.5,98.83999633789062,99.33999633789062,85.28772735595703,1197950,0.0,0.0
2020-01-14 00:00:00-05:00,99.54000091552734,100.4800033569336,99.27999877929688,100.36000061035156,86.16344451904297,1115400,0.0,0.0
2020-01-15 00:00:00-05:00,101.08000183105469,102.13999938964844,101.05999755859375,101.5999984741211,87.22803497314453,1244700,0.0,0.0
2020-01-16 00:00:00-05:00,101.16000366210938,101.22000122070312,100.44000244140625,101.0199966430664,86.7300796508789,1539150,0.0,0.0
2020-01-17 00:00:00-05:00,102.87999725341797,103.0999984741211,102.31999969482422,102.66000366210938,88.13809967041016,1342950,0.0,0.0
2020-01-21 00:00:00-05:00,100.95999908447266,102.08000183105469,100.95999908447266,101.5999984741211,87.22803497314453,982050,0.0,0.0
2020-01-22 00:00:00-05:00,102.0,102.0,100.66000366210938,100.9000015258789,86.62706756591797,962000,0.0,0.0
2020-01-23 00:00:00-05:00,100.66000366210938,100.69999694824219,99.9800033569336,100.4000015258789,86.19779205322266,780400,0.0,0.0
2020-01-24 00:00:00-05:00,101.04000091552734,101.23999786376953,98.4000015258789,98.55999755859375,84.6180648803711,2233250,0.0,0.0
2020-01-27 00:00:00-05:00,97.81999969482422,98.13999938964844,97.22000122070312,97.80000305175781,83.96558380126953,1132800,0.0,0.0
2020-01-28 00:00:00-05:00,99.0,99.41999816894531,98.62000274658203,99.19999694824219,85.16754150390625,882700,0.0,0.0
2020-01-29 00:00:00-05:00,100.18000030517578,100.22000122070312,99.26000213623047,99.31999969482422,85.27056121826172,2022400,0.0,0.0
2020-01-30 00:00:00-05:00,98.73999786376953,98.77999877929688,97.87999725341797,98.18000030517578,84.29183197021484,2987100,0.0,0.0
2020-01-31 00:00:00-05:00,98.36000061035156,98.36000061035156,96.94000244140625,97.4000015258789,83.62215423583984,2064650,0.0,0.0
2020-02-03 00:00:00-05:00,97.23999786376953,97.86000061035156,96.9000015258789,97.0199966430664,83.29591369628906,995450,0.0,0.0
2020-02-04 00:00:00-05:00,97.5199966430664,98.18000030517578,97.44000244140625,97.5199966430664,83.72518157958984,849400,0.0,0.0
2020-02-05 00:00:00-05:00,98.91999816894531,99.69999694824219,98.45999908447266,99.45999908447266,85.39075469970703,1151500,0.0,0.0
2020-02-06 00:00:00-05:00,99.37999725341797,100.19999694824219,99.0,100.05999755859375,85.9058837890625,1265500,0.0,0.0
2020-02-07 00:00:00-05:00,99.77999877929688,99.83999633789062,98.73999786376953,98.80000305175781,84.8241195678711,997750,0.0,0.0
2020-02-10 00:00:00-05:00,98.9800033569336,99.87999725341797,98.69999694824219,99.81999969482422,85.69983673095703,991600,0.0,0.0
2020-02-11 00:00:00-05:00,99.87999725341797,99.95999908447266,99.08000183105469,99.55999755859375,85.47663116455078,924400,0.0,0.0
2020-02-12 00:00:00-05:00,99.5,99.5999984741211,98.72000122070312,99.16000366210938,85.13320922851562,1241500,0.0,0.0
2020-02-13 00:00:00-05:00,97.62000274658203,99.5,97.55999755859375,98.66000366210938,84.70392608642578,1403750,0.0,0.0
2020-02-14 00:00:00-05:00,96.37999725341797,96.44000244140625,94.80000305175781,95.69999694824219,82.1626205444336,3332700,0.0,0.0
2020-02-18 00:00:00-05:00,97.91999816894531,98.5199966430664,97.18000030517578,98.22000122070312,84.326171875,1963950,0.0,0.0
2020-02-19 00:00:00-05:00,98.72000122070312,99.12000274658203,98.12000274658203,98.62000274658203,84.6695785522461,1634500,0.0,0.0
2020-02-20 00:00:00-05:00,97.76000213623047,98.36000061035156,97.31999969482422,97.87999725341797,84.03424835205078,1500100,0.0,0.0
2020-02-21 00:00:00-05:00,99.76000213623047,100.5,99.36000061035156,100.33999633789062,86.14627838134766,2052900,0.0,0.0
2020-02-24 00:00:00-05:00,96.5,97.4000015258789,95.18000030517578,95.18000030517578,81.71617889404297,2268800,0.0,0.0
2020-02-25 00:00:00-05:00,96.13999938964844,96.19999694824219,93.37999725341797,94.16000366210938,80.84046936035156,2173550,0.0,0.0
2020-02-26 00:00:00-05:00,95.04000091552734,95.95999908447266,94.54000091552734,95.13999938964844,81.68184661865234,1950150,0.0,0.0
2020-02-27 00:00:00-05:00,92.77999877929688,93.0,90.0999984741211,90.13999938964844,78.96612548828125,2027900,1.9,0.0
2020-02-28 00:00:00-05:00,87.37999725341797,88.13999938964844,85.91999816894531,87.5999984741211,76.74098205566406,2828250,0.0,0.0
2020-03-02 00:00:00-05:00,88.9000015258789,91.73999786376953,88.69999694824219,91.73999786376953,80.36779022216797,3067200,0.0,0.0
2020-03-03 00:00:00-05:00,92.95999908447266,93.30000305175781,90.23999786376953,91.04000091552734,79.75455474853516,2123900,0.0,0.0
2020-03-04 00:00:00-05:00,94.55999755859375,97.37999725341797,93.4800033569336,97.19999694824219,85.15094757080078,1668700,0.0,0.0
2020-03-05 00:00:00-05:00,95.16000366210938,97.31999969482422,95.08000183105469,96.76000213623047,84.7655029296875,2878450,0.0,0.0
2020-03-06 00:00:00-05:00,94.5,95.27999877929688,93.45999908447266,95.04000091552734,83.25872039794922,1719550,0.0,0.0
2020-03-09 00:00:00-04:00,91.08000183105469,93.30000305175781,89.9800033569336,90.45999908447266,79.24647521972656,2515600,0.0,0.0
2020-03-10 00:00:00-04:00,91.69999694824219,93.9000015258789,89.95999908447266,93.80000305175781,82.17243194580078,4572400,0.0,0.0
2020-03-11 00:00:00-04:00,91.19999694824219,91.62000274658203,88.19999694824219,89.16000366210938,78.10761260986328,2914700,0.0,0.0
2020-03-12 00:00:00-04:00,82.5999984741211,83.16000366210938,78.94000244140625,81.5199966430664,71.4146728515625,2706450,0.0,0.0
2020-03-13 00:00:00-04:00,83.13999938964844,84.91999816894531,77.16000366210938,84.55999755859375,74.07783508300781,5949000,0.0,0.0
2020-03-16 00:00:00-04:00,73.62000274658203,77.77999877929688,72.30000305175781,75.58000183105469,66.21101379394531,3673400,0.0,0.0
2020-03-17 00:00:00-04:00,78.5,83.0199966430664,77.9000015258789,81.86000061035156,71.71253967285156,2705850,0.0,0.0
2020-03-18 00:00:00-04:00,76.45999908447266,79.83999633789062,76.45999908447266,78.72000122070312,68.9617691040039,2454600,0.0,0.0
2020-03-19 00:00:00-04:00,77.81999969482422,81.77999877929688,76.13999938964844,80.26000213623047,70.31086730957031,4617350,0.0,0.0
2020-03-20 00:00:00-04:00,82.4000015258789,83.95999908447266,78.72000122070312,78.83999633789062,69.06687927246094,5025350,0.0,0.0
2020-03-23 00:00:00-04:00,78.72000122070312,80.22000122070312,76.27999877929688,77.55999755859375,67.94557189941406,2837000,0.0,0.0
2020-03-24 00:00:00-04:00,80.69999694824219,82.0,78.72000122070312,81.77999877929688,71.64244842529297,3064700,0.0,0.0
2020-03-25 00:00:00-04:00,80.30000305175781,82.41999816894531,78.76000213623047,80.76000213623047,70.74888610839844,3287700,0.0,0.0
2020-03-26 00:00:00-04:00,80.80000305175781,84.80000305175781,80.80000305175781,84.72000122070312,74.21800231933594,3371350,0.0,0.0
2020-03-27 00:00:00-04:00,81.55999755859375,86.26000213623047,81.37999725341797,84.94000244140625,74.41073608398438,3391550,0.0,0.0
2020-03-30 00:00:00-04:00,85.5999984741211,89.18000030517578,85.5999984741211,89.05999755859375,78.02000427246094,3492800,0.0,0.0
2020-03-31 00:00:00-04:00,88.0199966430664,90.22000122070312,87.72000122070312,89.31999969482422,78.24776458740234,4205600,0.0,0.0
2020-04-01 00:00:00-04:00,87.5,89.08000183105469,86.87999725341797,87.55999755859375,76.70594024658203,3048850,0.0,0.0
2020-04-02 00:00:00-04:00,86.86000061035156,87.62000274658203,85.5999984741211,87.5199966430664,76.6708984375,2959400,0.0,0.0
2020-04-03 00:00:00-04:00,87.54000091552734,88.30000305175781,87.08000183105469,87.91999816894531,77.02132415771484,1686350,0.0,0.0
2020-04-06 00:00:00-04:00,88.04000091552734,89.33999633789062,87.94000244140625,88.62000274658203,77.63455200195312,2867600,0.0,0.0
2020-04-07 00:00:00-04:00,86.95999908447266,87.68000030517578,85.83999633789062,86.19999694824219,75.51454162597656,2800300,0.0,0.0
2020-04-08 00:00:00-04:00,86.81999969482422,88.22000122070312,85.68000030517578,87.69999694824219,76.82858276367188,1930100,0.0,0.0
2020-04-09 00:00:00-04:00,87.81999969482422,89.95999908447266,87.0,89.31999969482422,78.24776458740234,2814100,0.0,0.0
2020-04-13 00:00:00-04:00,90.81999969482422,95.80000305175781,90.77999877929688,94.72000122070312,82.9783935546875,3277850,0.0,0.0
2020-04-14 00:00:00-04:00,95.27999877929688,97.87999725341797,95.05999755859375,97.36000061035156,85.2911376953125,2554500,0.0,0.0
2020-04-15 00:00:00-04:00,95.33999633789062,96.63999938964844,95.08000183105469,96.05999755859375,84.15226745605469,1450900,0.0,0.0
2020-04-16 00:00:00-04:00,97.0999984741211,98.37999725341797,96.81999969482422,98.26000213623047,86.0795669555664,1609300,0.0,0.0
2020-04-17 00:00:00-04:00,100.4000015258789,100.62000274658203,99.0999984741211,100.05999755859375,87.65643310546875,1674700,0.0,0.0
2020-04-20 00:00:00-04:00,99.63999938964844,101.83999633789062,99.58000183105469,100.87999725341797,88.37478637695312,1708200,0.0,0.0
2020-04-21 00:00:00-04:00,100.18000030517578,101.13999938964844,99.87999725341797,100.13999938964844,87.72650909423828,1772700,0.0,0.0
2020-04-22 00:00:00-04:00,101.27999877929688,101.5,100.62000274658203,100.72000122070312,88.234619140625,1401800,0.0,0.0
2020-04-23 00:00:00-04:00,100.58000183105469,101.91999816894531,100.44000244140625,100.77999877929688,88.28718566894531,1274700,0.0,0.0
2020-04-24 00:00:00-04:00,101.4000015258789,102.5199966430664,101.08000183105469,102.36000061035156,89.67131042480469,1043800,0.0,0.0
2020-04-27 00:00:00-04:00,103.22000122070312,103.68000030517578,102.55999755859375,102.95999908447266,90.19694519042969,1052500,0.0,0.0
2020-04-28 00:00:00-04:00,104.63999938964844,104.63999938964844,101.72000122070312,101.94000244140625,89.30339050292969,2883750,0.0,0.0
2020-04-29 00:00:00-04:00,104.04000091552734,104.04000091552734,101.31999969482422,101.44000244140625,88.86536407470703,1893000,0.0,0.0
2020-04-30 00:00:00-04:00,107.94000244140625,108.0,103.22000122070312,104.55999755859375,91.59860229492188,2931800,0.0,0.0
2020-05-01 00:00:00-04:00,104.05999755859375,104.05999755859375,102.5199966430664,103.72000122070312,90.86273956298828,1603200,0.0,0.0
2020-05-04 00:00:00-04:00,104.44000244140625,104.69999694824219,103.5199966430664,104.69999694824219,91.72125244140625,1426450,0.0,0.0
2020-05-05 00:00:00-04:00,105.26000213623047,107.5999984741211,104.87999725341797,106.94000244140625,93.68358612060547,2289650,0.0,0.0
2020-05-06 00:00:00-04:00,108.12000274658203,109.41999816894531,107.86000061035156,108.08000183105469,94.6822738647461,3302300,0.0,0.0
2020-05-07 00:00:00-04:00,106.9800033569336,107.27999877929688,105.13999938964844,105.4800033569336,92.40455627441406,1313300,0.0,0.0
2020-05-08 00:00:00-04:00,106.19999694824219,107.12000274658203,105.91999816894531,106.58000183105469,93.36820220947266,828850,0.0,0.0
2020-05-11 00:00:00-04:00,106.05999755859375,108.26000213623047,105.9000015258789,107.9000015258789,94.52458190917969,1547650,0.0,0.0
2020-05-12 00:00:00-04:00,108.86000061035156,109.68000030517578,107.80000305175781,108.22000122070312,94.8049087524414,1110750,0.0,0.0
2020-05-13 00:00:00-04:00,109.63999938964844,111.18000030517578,109.18000030517578,110.62000274658203,96.90740966796875,1715600,0.0,0.0
2020-05-14 00:00:00-04:00,107.9800033569336,108.91999816894531,106.4000015258789,107.0,93.73615264892578,2499150,0.0,0.0
2020-05-15 00:00:00-04:00,105.16000366210938,106.81999969482422,105.08000183105469,106.81999969482422,93.57846069335938,1858400,0.0,0.0
2020-05-18 00:00:00-04:00,107.27999877929688,107.9800033569336,106.68000030517578,106.9000015258789,93.64855194091797,2462050,0.0,0.0
2020-05-19 00:00:00-04:00,106.77999877929688,108.13999938964844,106.33999633789062,107.13999938964844,93.85879516601562,1635600,0.0,0.0
2020-05-20 00:00:00-04:00,108.66000366210938,109.5,107.30000305175781,107.55999755859375,94.22672271728516,2019000,0.0,0.0
2020-05-21 00:00:00-04:00,113.9000015258789,114.87999725341797,109.37999725341797,110.55999755859375,96.85484313964844,10214100,0.0,0.0
2020-05-22 00:00:00-04:00,109.41999816894531,111.31999969482422,108.54000091552734,110.44000244140625,96.74972534179688,3015600,0.0,0.0
2020-05-26 00:00:00-04:00,109.04000091552734,109.18000030517578,106.19999694824219,106.22000122070312,93.0528335571289,2813300,0.0,0.0
2020-05-27 00:00:00-04:00,103.9000015258789,104.94000244140625,101.62000274658203,104.94000244140625,91.93150329589844,3505100,0.0,0.0
2020-05-28 00:00:00-04:00,107.23999786376953,108.08000183105469,106.83999633789062,107.0,93.73615264892578,2222900,0.0,0.0
2020-05-29 00:00:00-04:00,110.55999755859375,111.22000122070312,106.33999633789062,109.19999694824219,95.66343688964844,3792850,0.0,0.0
2020-06-01 00:00:00-04:00,108.63999938964844,110.5,107.9000015258789,110.31999969482422,96.64458465576172,2879900,0.0,0.0
2020-06-02 00:00:00-04:00,108.9800033569336,109.4800033569336,108.19999694824219,109.44000244140625,95.8736801147461,2139700,0.0,0.0
2020-06-03 00:00:00-04:00,109.0999984741211,110.58000183105469,108.91999816894531,110.0,96.36427307128906,2732100,0.0,0.0
2020-06-04 00:00:00-04:00,109.18000030517578,110.54000091552734,107.5199966430664,107.73999786376953,94.38441467285156,2241850,0.0,0.0
2020-06-05 00:00:00-04:00,108.68000030517578,109.08000183105469,107.4800033569336,107.69999694824219,94.34937286376953,3046200,0.0,0.0
2020-06-08 00:00:00-04:00,105.62000274658203,106.0,102.76000213623047,105.16000366210938,92.12423706054688,4881300,0.0,0.0
2020-06-09 00:00:00-04:00,105.5999984741211,106.37999725341797,105.36000061035156,105.45999908447266,92.38704681396484,2391150,0.0,0.0
2020-06-10 00:00:00-04:00,107.72000122070312,108.5199966430664,107.23999786376953,107.27999877929688,93.98143005371094,2291300,0.0,0.0
2020-06-11 00:00:00-04:00,107.54000091552734,107.5999984741211,102.86000061035156,103.13999938964844,90.3546371459961,2393500,0.0,0.0
2020-06-12 00:00:00-04:00,104.36000061035156,104.5,101.9000015258789,102.94000244140625,90.17942810058594,2815150,0.0,0.0
2020-06-15 00:00:00-04:00,104.87999725341797,105.9800033569336,103.37999725341797,105.27999877929688,92.22935485839844,2855900,0.0,0.0
2020-06-16 00:00:00-04:00,108.36000061035156,108.41999816894531,107.0,107.16000366210938,93.87631225585938,2767750,0.0,0.0
2020-06-17 00:00:00-04:00,108.23999786376953,108.5,107.54000091552734,107.80000305175781,94.4369888305664,2459550,0.0,0.0
2020-06-18 00:00:00-04:00,105.27999877929688,105.66000366210938,104.55999755859375,105.31999969482422,92.26439666748047,1898050,0.0,0.0
2020-06-19 00:00:00-04:00,105.0,106.4000015258789,104.81999969482422,106.04000091552734,92.89515686035156,3403600,0.0,0.0
2020-06-22 00:00:00-04:00,106.73999786376953,107.05999755859375,106.0,106.83999633789062,93.59596252441406,1687700,0.0,0.0
2020-06-23 00:00:00-04:00,106.33999633789062,110.37999725341797,106.26000213623047,108.5,95.05020141601562,5386000,0.0,0.0
2020-06-24 00:00:00-04:00,105.83999633789062,106.86000061035156,104.0,104.26000213623047,91.33580017089844,3209300,0.0,0.0
2020-06-25 00:00:00-04:00,104.9800033569336,106.23999786376953,104.4000015258789,106.0199966430664,92.87761688232422,2474150,0.0,0.0
2020-06-26 00:00:00-04:00,106.16000366210938,106.95999908447266,105.04000091552734,105.4000015258789,92.33448791503906,3117350,0.0,0.0
2020-06-29 00:00:00-04:00,106.73999786376953,106.77999877929688,105.41999816894531,105.81999969482422,92.7024154663086,2263100,0.0,0.0
2020-06-30 00:00:00-04:00,104.55999755859375,105.83999633789062,104.08000183105469,105.77999877929688,92.66737365722656,2310950,0.0,0.0
2020-07-01 00:00:00-04:00,105.66000366210938,107.36000061035156,104.77999877929688,106.63999938964844,93.42076873779297,2731000,0.0,0.0
2020-07-02 00:00:00-04:00,107.26000213623047,108.13999938964844,106.91999816894531,107.5999984741211,94.26175689697266,2295650,0.0,0.0
2020-07-06 00:00:00-04:00,107.69999694824219,109.0,107.44000244140625,108.19999694824219,94.7873764038086,2590450,0.0,0.0
2020-07-07 00:00:00-04:00,107.0,108.55999755859375,106.86000061035156,106.94000244140625,93.68358612060547,1873750,0.0,0.0
2020-07-08 00:00:00-04:00,107.41999816894531,109.41999816894531,107.23999786376953,108.37999725341797,94.94508361816406,3123900,0.0,0.0
2020-07-09 00:00:00-04:00,109.0,109.9800033569336,107.12000274658203,107.94000244140625,94.55961608886719,2101500,0.0,0.0
2020-07-10 00:00:00-04:00,108.62000274658203,108.81999969482422,106.87999725341797,107.5199966430664,94.19168090820312,2707250,0.0,0.0
2020-07-13 00:00:00-04:00,107.86000061035156,108.5999984741211,106.23999786376953,106.4800033569336,93.28060913085938,2819900,0.0,0.0
2020-07-14 00:00:00-04:00,107.0,108.19999694824219,106.45999908447266,107.95999908447266,94.5771484375,3599800,0.0,0.0
2020-07-15 00:00:00-04:00,112.63999938964844,117.68000030517578,111.73999786376953,116.0,101.62049865722656,9951250,0.0,0.0
2020-07-16 00:00:00-04:00,113.91999816894531,114.86000061035156,112.0999984741211,114.86000061035156,100.62181091308594,6179350,0.0,0.0
2020-07-17 00:00:00-04:00,115.30000305175781,122.91999816894531,115.26000213623047,122.19999694824219,107.05192565917969,12159750,0.0,0.0
2020-07-20 00:00:00-04:00,125.37999725341797,129.8800048828125,115.30000305175781,117.36000061035156,102.8118896484375,28173300,0.0,0.0
2020-07-21 00:00:00-04:00,119.30000305175781,119.30000305175781,115.68000030517578,116.13999938964844,101.74313354492188,7675750,0.0,0.0
2020-07-22 00:00:00-04:00,114.76000213623047,115.77999877929688,112.4800033569336,113.95999908447266,99.83338165283203,4781050,0.0,0.0
2020-07-23 00:00:00-04:00,113.5,113.68000030517578,109.62000274658203,110.33999633789062,96.66212463378906,4329450,0.0,0.0
2020-07-24 00:00:00-04:00,110.62000274658203,112.0,110.12000274658203,111.5999984741211,97.76592254638672,3874000,0.0,0.0
2020-07-27 00:00:00-04:00,112.31999969482422,113.26000213623047,111.94000244140625,113.16000366210938,99.13253784179688,2830100,0.0,0.0
2020-07-28 00:00:00-04:00,113.76000213623047,114.19999694824219,112.5199966430664,112.63999938964844,98.67700958251953,2489550,0.0,0.0
2020-07-29 00:00:00-04:00,114.0999984741211,114.0999984741211,112.18000030517578,113.27999877929688,99.23766326904297,2519450,0.0,0.0
2020-07-30 00:00:00-04:00,114.23999786376953,115.87999725341797,113.5,115.77999877929688,101.42776489257812,4107550,0.0,0.0
2020-07-31 00:00:00-04:00,115.63999938964844,115.9000015258789,110.69999694824219,111.55999755859375,97.73088073730469,3419050,0.0,0.0
2020-08-03 00:00:00-04:00,113.36000061035156,114.9800033569336,113.05999755859375,113.63999938964844,99.55303955078125,2399850,0.0,0.0
2020-08-04 00:00:00-04:00,112.16000366210938,112.58000183105469,111.4800033569336,112.16000366210938,98.25650787353516,2060650,0.0,0.0
2020-08-05 00:00:00-04:00,112.86000061035156,113.13999938964844,111.63999938964844,111.9000015258789,98.02872467041016,1623700,0.0,0.0
2020-08-06 00:00:00-04:00,112.18000030517578,112.4800033569336,111.04000091552734,112.41999816894531,98.4842758178711,1766050,0.0,0.0
2020-08-07 00:00:00-04:00,111.55999755859375,111.72000122070312,109.94000244140625,110.81999969482422,97.08261108398438,1924600,0.0,0.0
2020-08-10 00:00:00-04:00,111.4000015258789,111.44000244140625,110.12000274658203,110.76000213623047,97.0300521850586,1468650,0.0,0.0
2020-08-11 00:00:00-04:00,111.44000244140625,111.4800033569336,110.19999694824219,110.36000061035156,96.67963409423828,1974450,0.0,0.0
2020-08-12 00:00:00-04:00,112.5999984741211,114.36000061035156,112.19999694824219,113.4800033569336,99.41287231445312,2731350,0.0,0.0
2020-08-13 00:00:00-04:00,112.69999694824219,112.86000061035156,111.37999725341797,111.5999984741211,98.54749298095703,1745300,0.9,0.0
2020-08-14 00:00:00-04:00,110.94000244140625,111.19999694824219,110.0999984741211,110.37999725341797,97.47017669677734,1446650,0.0,0.0
2020-08-17 00:00:00-04:00,111.87999725341797,113.30000305175781,111.69999694824219,112.91999816894531,99.71310424804688,1498800,0.0,0.0
2020-08-18 00:00:00-04:00,113.66000366210938,113.73999786376953,112.30000305175781,112.66000366210938,99.48352813720703,2087400,0.0,0.0
2020-08-19 00:00:00-04:00,114.27999877929688,114.69999694824219,112.23999786376953,112.45999908447266,99.30690002441406,1661050,0.0,0.0
2020-08-20 00:00:00-04:00,112.55999755859375,113.08000183105469,111.94000244140625,112.9800033569336,99.76609802246094,1263750,0.0,0.0
2020-08-21 00:00:00-04:00,110.9800033569336,111.54000091552734,110.4800033569336,111.41999816894531,98.3885498046875,1709600,0.0,0.0
2020-08-24 00:00:00-04:00,115.0,115.86000061035156,112.86000061035156,113.5199966430664,100.24292755126953,3689500,0.0,0.0
2020-08-25 00:00:00-04:00,114.33999633789062,114.76000213623047,113.33999633789062,114.0199966430664,100.68445587158203,1699850,0.0,0.0
2020-08-26 00:00:00-04:00,113.86000061035156,114.22000122070312,113.0199966430664,114.0,100.66679382324219,1401200,0.0,0.0
2020-08-27 00:00:00-04:00,114.0,114.0,111.30000305175781,112.22000122070312,99.09497833251953,2097550,0.0,0.0
2020-08-28 00:00:00-04:00,112.37999725341797,112.41999816894531,111.04000091552734,111.37999725341797,98.35323333740234,1625950,0.0,0.0
2020-08-31 00:00:00-04:00,111.5999984741211,112.68000030517578,111.22000122070312,112.0,98.90070343017578,1631300,0.0,0.0
2020-09-01 00:00:00-04:00,111.69999694824219,111.80000305175781,110.23999786376953,110.76000213623047,97.80574798583984,1971550,0.0,0.0
2020-09-02 00:00:00-04:00,110.94000244140625,111.9800033569336,110.54000091552734,111.80000305175781,98.72411346435547,1807100,0.0,0.0
2020-09-03 00:00:00-04:00,110.69999694824219,111.0,107.22000122070312,108.31999969482422,95.651123046875,2561000,0.0,0.0
2020-09-04 00:00:00-04:00,107.58000183105469,108.27999877929688,105.13999938964844,107.16000366210938,94.62679290771484,2305000,0.0,0.0
2020-09-08 00:00:00-04:00,108.27999877929688,109.87999725341797,107.5199966430664,109.41999816894531,96.6224594116211,3367800,0.0,0.0
2020-09-09 00:00:00-04:00,107.66000366210938,109.63999938964844,106.68000030517578,107.27999877929688,94.73275756835938,5708150,0.0,0.0
2020-09-10 00:00:00-04:00,108.31999969482422,108.37999725341797,106.08000183105469,106.13999938964844,93.72608947753906,2203550,0.0,0.0
2020-09-11 00:00:00-04:00,107.9800033569336,108.30000305175781,106.81999969482422,107.45999908447266,94.8917007446289,2313850,0.0,0.0
2020-09-14 00:00:00-04:00,108.45999908447266,108.68000030517578,106.73999786376953,108.04000091552734,95.40388488769531,2480000,0.0,0.0
2020-09-15 00:00:00-04:00,111.05999755859375,111.55999755859375,110.23999786376953,110.55999755859375,97.62914276123047,2150450,0.0,0.0
2020-09-16 00:00:00-04:00,111.44000244140625,111.95999908447266,110.22000122070312,110.26000213623047,97.36422729492188,1974250,0.0,0.0
2020-09-17 00:00:00-04:00,111.4800033569336,112.30000305175781,110.9800033569336,111.87999725341797,98.79474639892578,1995950,0.0,0.0
2020-09-18 00:00:00-04:00,113.5199966430664,113.5999984741211,111.91999816894531,112.9000015258789,99.69544982910156,1465850,0.0,0.0
2020-09-21 00:00:00-04:00,110.18000030517578,111.81999969482422,109.23999786376953,111.81999969482422,98.74176025390625,3396350,0.0,0.0
2020-09-22 00:00:00-04:00,110.58000183105469,111.23999786376953,109.44000244140625,110.87999725341797,97.91170501708984,1939300,0.0,0.0
2020-09-23 00:00:00-04:00,112.44000244140625,113.18000030517578,111.16000366210938,111.31999969482422,98.30023193359375,1461450,0.0,0.0
2020-09-24 00:00:00-04:00,109.87999725341797,110.31999969482422,107.83999633789062,108.33999633789062,95.66876983642578,2061850,0.0,0.0
2020-09-25 00:00:00-04:00,108.4000015258789,111.68000030517578,108.04000091552734,111.0199966430664,98.03534698486328,2477450,0.0,0.0
2020-09-28 00:00:00-04:00,110.13999938964844,110.68000030517578,109.19999694824219,109.5,96.69310760498047,1370700,0.0,0.0
2020-09-29 00:00:00-04:00,109.41999816894531,110.4000015258789,109.41999816894531,110.22000122070312,97.32891082763672,2088750,0.0,0.0
2020-09-30 00:00:00-04:00,110.04000091552734,110.9000015258789,109.22000122070312,109.5999984741211,96.78141021728516,1500700,0.0,0.0
2020-10-01 00:00:00-04:00,110.4000015258789,110.62000274658203,108.44000244140625,108.5999984741211,95.89836883544922,2364100,0.0,0.0
2020-10-02 00:00:00-04:00,108.83999633789062,109.5199966430664,108.26000213623047,108.44000244140625,95.75707244873047,2849550,0.0,0.0
2020-10-05 00:00:00-04:00,108.91999816894531,109.69999694824219,108.36000061035156,108.9800033569336,96.23393249511719,3352150,0.0,0.0
2020-10-06 00:00:00-04:00,108.30000305175781,109.05999755859375,107.36000061035156,107.41999816894531,94.85637664794922,1847500,0.0,0.0
2020-10-07 00:00:00-04:00,107.62000274658203,107.86000061035156,106.66000366210938,107.05999755859375,94.5384750366211,1759350,0.0,0.0
2020-10-08 00:00:00-04:00,107.36000061035156,108.58000183105469,107.16000366210938,108.18000030517578,95.52749633789062,1175650,0.0,0.0
2020-10-09 00:00:00-04:00,108.77999877929688,109.69999694824219,108.63999938964844,109.44000244140625,96.64012145996094,1046000,0.0,0.0
2020-10-12 00:00:00-04:00,110.37999725341797,110.9000015258789,109.94000244140625,110.54000091552734,97.6114730834961,1391750,0.0,0.0
2020-10-13 00:00:00-04:00,109.54000091552734,110.30000305175781,108.9000015258789,108.95999908447266,96.21627044677734,1474900,0.0,0.0
2020-10-14 00:00:00-04:00,108.0,108.12000274658203,105.87999725341797,106.37999725341797,93.93800354003906,2328300,0.0,0.0
2020-10-15 00:00:00-04:00,104.9000015258789,105.54000091552734,104.4800033569336,105.0999984741211,92.80772399902344,1519350,0.0,0.0
2020-10-16 00:00:00-04:00,106.0,107.0,105.66000366210938,106.05999755859375,93.65543365478516,1332750,0.0,0.0
2020-10-19 00:00:00-04:00,106.45999908447266,106.66000366210938,104.5999984741211,104.87999725341797,92.61344909667969,1571850,0.0,0.0
2020-10-20 00:00:00-04:00,105.36000061035156,105.63999938964844,104.30000305175781,104.37999725341797,92.17192840576172,2459550,0.0,0.0
2020-10-21 00:00:00-04:00,104.27999877929688,104.95999908447266,100.94000244140625,103.13999938964844,91.07696533203125,4109900,0.0,0.0
2020-10-22 00:00:00-04:00,104.0199966430664,104.45999908447266,103.26000213623047,103.91999816894531,91.76573944091797,1875500,0.0,0.0
2020-10-23 00:00:00-04:00,104.33999633789062,105.37999725341797,103.55999755859375,104.0,91.83637237548828,2788450,0.0,0.0
2020-10-26 00:00:00-04:00,105.73999786376953,106.72000122070312,105.08000183105469,106.13999938964844,93.72608947753906,3011000,0.0,0.0
2020-10-27 00:00:00-04:00,106.62000274658203,106.9800033569336,104.76000213623047,104.95999908447266,92.6841049194336,1851150,0.0,0.0
2020-10-28 00:00:00-04:00,103.77999877929688,103.9000015258789,101.81999969482422,101.95999908447266,90.03495788574219,2631600,0.0,0.0
2020-10-29 00:00:00-04:00,102.08000183105469,102.9000015258789,100.81999969482422,102.13999938964844,90.19391632080078,1767000,0.0,0.0
2020-10-30 00:00:00-04:00,101.83999633789062,102.4000015258789,99.58000183105469,100.31999969482422,88.5867691040039,2380800,0.0,0.0
2020-11-02 00:00:00-05:00,100.94000244140625,101.44000244140625,100.30000305175781,101.23999786376953,89.39917755126953,2684400,0.0,0.0
2020-11-03 00:00:00-05:00,102.91999816894531,104.13999938964844,102.58000183105469,103.4000015258789,91.30655670166016,2078400,0.0,0.0
2020-11-04 00:00:00-05:00,107.9000015258789,110.73999786376953,107.81999969482422,110.08000183105469,97.20527648925781,3692900,0.0,0.0
2020-11-05 00:00:00-05:00,112.12000274658203,112.76000213623047,110.22000122070312,110.31999969482422,97.41719055175781,3330450,0.0,0.0
2020-11-06 00:00:00-05:00,111.37999725341797,111.91999816894531,110.87999725341797,111.04000091552734,98.05299377441406,1843150,0.0,0.0
2020-11-09 00:00:00-05:00,109.54000091552734,110.23999786376953,107.77999877929688,108.0999984741211,95.45684051513672,2190650,0.0,0.0
2020-11-10 00:00:00-05:00,113.27999877929688,113.69999694824219,111.95999908447266,113.13999938964844,99.90737915039062,2917900,0.0,0.0
2020-11-11 00:00:00-05:00,115.08000183105469,116.16000366210938,114.63999938964844,116.04000091552734,102.46821594238281,2034850,0.0,0.0
2020-11-12 00:00:00-05:00,113.62000274658203,114.73999786376953,112.95999908447266,113.68000030517578,100.38423156738281,1451450,0.0,0.0
2020-11-13 00:00:00-05:00,113.73999786376953,114.83999633789062,113.5199966430664,114.76000213623047,101.33790588378906,1450250,0.0,0.0
2020-11-16 00:00:00-05:00,112.9800033569336,113.54000091552734,112.13999938964844,112.58000183105469,99.41287231445312,2595250,0.0,0.0
2020-11-17 00:00:00-05:00,110.22000122070312,110.83999633789062,109.5,109.91999816894531,97.06398010253906,3225750,0.0,0.0
2020-11-18 00:00:00-05:00,110.66000366210938,110.68000030517578,107.91999816894531,107.9800033569336,95.35088348388672,2366150,0.0,0.0
2020-11-19 00:00:00-05:00,108.5,108.5,107.33999633789062,108.05999755859375,95.4215087890625,3384100,0.0,0.0
2020-11-20 00:00:00-05:00,109.76000213623047,110.83999633789062,109.36000061035156,110.5999984741211,97.6644515991211,2153000,0.0,0.0
2020-11-23 00:00:00-05:00,109.04000091552734,109.41999816894531,106.66000366210938,109.4000015258789,96.60479736328125,6835300,0.0,0.0
2020-11-24 00:00:00-05:00,108.0,108.5999984741211,107.04000091552734,107.13999938964844,94.60913848876953,4170700,0.0,0.0
2020-11-25 00:00:00-05:00,104.68000030517578,106.18000030517578,104.5999984741211,105.19999694824219,92.89603424072266,5830450,0.0,0.0
2020-11-27 00:00:00-05:00,103.16000366210938,105.54000091552734,102.87999725341797,105.22000122070312,92.91368865966797,7391600,0.0,0.0
2020-11-30 00:00:00-05:00,106.5999984741211,106.83999633789062,105.05999755859375,105.87999725341797,93.49649047851562,7362600,0.0,0.0
2020-12-01 00:00:00-05:00,106.12000274658203,106.72000122070312,105.19999694824219,105.95999908447266,93.56713104248047,6650550,0.0,0.0
2020-12-02 00:00:00-05:00,105.77999877929688,107.19999694824219,105.66000366210938,106.77999877929688,94.2912368774414,2476850,0.0,0.0
2020-12-03 00:00:00-05:00,105.73999786376953,105.91999816894531,104.5,105.55999755859375,93.21391296386719,3958550,0.0,0.0
2020-12-04 00:00:00-05:00,107.0999984741211,108.27999877929688,106.83999633789062,107.4800033569336,94.90936279296875,2342700,0.0,0.0
2020-12-07 00:00:00-05:00,108.76000213623047,108.9800033569336,107.66000366210938,108.5199966430664,95.82772827148438,3291450,0.0,0.0
2020-12-08 00:00:00-05:00,107.33999633789062,110.12000274658203,107.23999786376953,109.44000244140625,96.64012145996094,3353800,0.0,0.0
2020-12-09 00:00:00-05:00,109.91999816894531,110.04000091552734,107.62000274658203,108.08000183105469,95.43920135498047,3976200,0.0,0.0
2020-12-10 00:00:00-05:00,107.72000122070312,108.4000015258789,107.33999633789062,107.77999877929688,95.17427062988281,3783400,0.0,0.0
2020-12-11 00:00:00-05:00,107.26000213623047,108.69999694824219,107.26000213623047,108.54000091552734,95.84539031982422,1935000,0.0,0.0
2020-12-14 00:00:00-05:00,101.33999633789062,103.13999938964844,99.77999877929688,100.05999755859375,88.35718536376953,27449300,0.0,0.0
2020-12-15 00:00:00-05:00,101.22000122070312,101.66000366210938,100.18000030517578,101.66000366210938,89.77005767822266,11123700,0.0,0.0
2020-12-16 00:00:00-05:00,103.5999984741211,103.62000274658203,101.63999938964844,101.86000061035156,89.94667053222656,9666750,0.0,0.0
2020-12-17 00:00:00-05:00,102.5199966430664,102.73999786376953,101.0999984741211,101.58000183105469,89.69941711425781,6978600,0.0,0.0
2020-12-18 00:00:00-05:00,101.83999633789062,101.9000015258789,99.9800033569336,100.41999816894531,88.67507934570312,12937600,0.0,0.0
2020-12-21 00:00:00-05:00,98.95999908447266,99.68000030517578,98.12000274658203,99.36000061035156,87.73905944824219,6503600,0.0,0.0
2020-12-22 00:00:00-05:00,98.54000091552734,98.55999755859375,97.0,97.45999908447266,86.061279296875,7110950,0.0,0.0
2020-12-23 00:00:00-05:00,98.22000122070312,98.23999786376953,97.26000213623047,97.54000091552734,86.13191986083984,5655500,0.0,0.0
2020-12-24 00:00:00-05:00,97.80000305175781,97.80000305175781,96.33999633789062,97.04000091552734,85.69039916992188,2465850,0.0,0.0
2020-12-28 00:00:00-05:00,100.45999908447266,100.55999755859375,98.27999877929688,98.76000213623047,87.20923614501953,7740950,0.0,0.0
2020-12-29 00:00:00-05:00,101.31999969482422,101.4000015258789,99.58000183105469,99.80000305175781,88.12760925292969,8654250,0.0,0.0
2020-12-30 00:00:00-05:00,100.91999816894531,101.0999984741211,100.08000183105469,100.36000061035156,88.62210845947266,7174550,0.0,0.0
2020-12-31 00:00:00-05:00,100.0,100.18000030517578,98.23999786376953,99.9800033569336,88.28655242919922,5305000,0.0,0.0
2021-01-04 00:00:00-05:00,101.83999633789062,102.0999984741211,99.77999877929688,101.04000091552734,89.22257232666016,7832900,0.0,0.0
2021-01-05 00:00:00-05:00,100.80000305175781,101.66000366210938,100.04000091552734,101.4000015258789,89.54046630859375,6680950,0.0,0.0
2021-01-06 00:00:00-05:00,101.68000030517578,102.87999725341797,101.31999969482422,101.81999969482422,89.91133880615234,6377450,0.0,0.0
2021-01-07 00:00:00-05:00,101.0999984741211,101.55999755859375,100.12000274658203,100.37999725341797,88.63976287841797,6781300,0.0,0.0
2021-01-08 00:00:00-05:00,101.18000030517578,101.76000213623047,100.63999938964844,101.72000122070312,89.82303619384766,5498000,0.0,0.0
2021-01-11 00:00:00-05:00,101.16000366210938,102.18000030517578,100.81999969482422,101.12000274658203,89.29322052001953,5840150,0.0,0.0
2021-01-12 00:00:00-05:00,101.27999877929688,101.30000305175781,100.19999694824219,100.58000183105469,88.81637573242188,4814400,0.0,0.0
2021-01-13 00:00:00-05:00,101.4800033569336,102.5,101.33999633789062,101.76000213623047,89.85836029052734,5726400,0.0,0.0
2021-01-14 00:00:00-05:00,102.94000244140625,103.5999984741211,102.33999633789062,102.58000183105469,90.58245086669922,5760850,0.0,0.0
2021-01-15 00:00:00-05:00,102.58000183105469,103.12000274658203,102.26000213623047,102.68000030517578,90.67076873779297,4762000,0.0,0.0
2021-01-19 00:00:00-05:00,105.04000091552734,105.31999969482422,104.41999816894531,105.13999938964844,92.84304809570312,6784350,0.0,0.0
2021-01-20 00:00:00-05:00,105.30000305175781,105.30000305175781,103.81999969482422,104.4800033569336,92.26023864746094,6813100,0.0,0.0
2021-01-21 00:00:00-05:00,105.12000274658203,105.4800033569336,104.31999969482422,105.0999984741211,92.80772399902344,8027400,0.0,0.0
2021-01-22 00:00:00-05:00,105.45999908447266,107.08000183105469,105.23999786376953,106.5,94.04398345947266,6686350,0.0,0.0
2021-01-25 00:00:00-05:00,107.45999908447266,108.41999816894531,107.18000030517578,108.0199966430664,95.38619995117188,6871400,0.0,0.0
2021-01-26 00:00:00-05:00,109.04000091552734,109.30000305175781,108.37999725341797,108.87999725341797,96.14561462402344,5807200,0.0,0.0
2021-01-27 00:00:00-05:00,106.73999786376953,106.86000061035156,104.05999755859375,104.19999694824219,92.01296997070312,7275100,0.0,0.0
2021-01-28 00:00:00-05:00,104.23999786376953,105.87999725341797,103.9800033569336,104.08000183105469,91.90701293945312,4187400,0.0,0.0
2021-01-29 00:00:00-05:00,103.45999908447266,104.41999816894531,101.0199966430664,101.19999694824219,89.36384582519531,6346250,0.0,0.0
2021-02-01 00:00:00-05:00,102.5199966430664,102.5999984741211,100.41999816894531,100.80000305175781,89.01065063476562,7295450,0.0,0.0
2021-02-02 00:00:00-05:00,101.04000091552734,101.26000213623047,100.04000091552734,100.12000274658203,88.4101791381836,5674900,0.0,0.0
2021-02-03 00:00:00-05:00,100.31999969482422,100.68000030517578,99.45999908447266,100.0,88.30421447753906,4534850,0.0,0.0
2021-02-04 00:00:00-05:00,100.62000274658203,100.9000015258789,100.08000183105469,100.72000122070312,88.94000244140625,3658850,0.0,0.0
2021-02-05 00:00:00-05:00,99.9000015258789,100.19999694824219,99.30000305175781,99.45999908447266,87.82736206054688,4904700,0.0,0.0
2021-02-08 00:00:00-05:00,100.19999694824219,101.05999755859375,99.5999984741211,100.12000274658203,88.4101791381836,4279550,0.0,0.0
2021-02-09 00:00:00-05:00,100.31999969482422,101.27999877929688,100.08000183105469,100.81999969482422,89.0282974243164,4029050,0.0,0.0
2021-02-10 00:00:00-05:00,101.55999755859375,101.68000030517578,99.5199966430664,99.94000244140625,88.25123596191406,4828300,0.0,0.0
2021-02-11 00:00:00-05:00,100.68000030517578,100.86000061035156,99.19999694824219,100.18000030517578,88.46314239501953,6638000,0.0,0.0
2021-02-12 00:00:00-05:00,101.86000061035156,103.4800033569336,101.5999984741211,103.37999725341797,91.28889465332031,5928200,0.0,0.0
2021-02-16 00:00:00-05:00,102.04000091552734,102.5199966430664,101.19999694824219,101.77999877929688,89.87601470947266,4411650,0.0,0.0
2021-02-17 00:00:00-05:00,102.0999984741211,103.58000183105469,101.69999694824219,102.9000015258789,90.86502075195312,4757000,0.0,0.0
2021-02-18 00:00:00-05:00,102.9800033569336,103.95999908447266,102.81999969482422,103.0,90.95333862304688,4881050,0.0,0.0
2021-02-19 00:00:00-05:00,102.26000213623047,102.31999969482422,101.0999984741211,101.18000030517578,89.34619903564453,3447800,0.0,0.0
2021-02-22 00:00:00-05:00,101.33999633789062,101.62000274658203,100.72000122070312,101.13999938964844,89.31087493896484,5388000,0.0,0.0
2021-02-23 00:00:00-05:00,101.4000015258789,101.54000091552734,98.44000244140625,98.62000274658203,87.08560943603516,7267950,0.0,0.0
2021-02-24 00:00:00-05:00,99.31999969482422,100.63999938964844,99.0199966430664,100.19999694824219,88.48079681396484,6109300,0.0,0.0
2021-02-25 00:00:00-05:00,99.69999694824219,99.73999786376953,97.5,97.81999969482422,88.04875183105469,6397950,1.9,0.0
2021-02-26 00:00:00-05:00,97.69999694824219,97.83999633789062,95.95999908447266,96.76000213623047,87.09465026855469,4275600,0.0,0.0
2021-03-01 00:00:00-05:00,96.91999816894531,97.36000061035156,96.16000366210938,96.18000030517578,86.57257843017578,5692350,0.0,0.0
2021-03-02 00:00:00-05:00,96.80000305175781,96.86000061035156,95.33999633789062,95.45999908447266,85.92449951171875,7178250,0.0,0.0
2021-03-03 00:00:00-05:00,95.27999877929688,95.27999877929688,93.69999694824219,94.31999969482422,84.89837646484375,7015850,0.0,0.0
2021-03-04 00:00:00-05:00,95.18000030517578,95.9000015258789,92.95999908447266,94.45999908447266,85.02440643310547,7998200,0.0,0.0
2021-03-05 00:00:00-05:00,95.13999938964844,96.23999786376953,94.30000305175781,96.12000274658203,86.5185775756836,5587400,0.0,0.0
2021-03-08 00:00:00-05:00,95.5,96.94000244140625,95.31999969482422,96.37999725341797,86.75260162353516,5876500,0.0,0.0
2021-03-09 00:00:00-05:00,98.80000305175781,99.76000213623047,98.13999938964844,98.54000091552734,88.69685363769531,7769550,0.0,0.0
2021-03-10 00:00:00-05:00,100.4000015258789,100.58000183105469,99.4000015258789,99.62000274658203,89.6689682006836,6364350,0.0,0.0
2021-03-11 00:00:00-05:00,97.9000015258789,98.54000091552734,97.18000030517578,97.33999633789062,87.61670684814453,6326950,0.0,0.0
2021-03-12 00:00:00-05:00,96.54000091552734,97.16000366210938,95.76000213623047,96.83999633789062,87.1666488647461,4459900,0.0,0.0
2021-03-15 00:00:00-04:00,97.16000366210938,97.55999755859375,96.26000213623047,97.54000091552734,87.7967300415039,5322700,0.0,0.0
2021-03-16 00:00:00-04:00,99.9000015258789,100.94000244140625,99.72000122070312,100.0999984741211,90.10101318359375,8383900,0.0,0.0
2021-03-17 00:00:00-04:00,99.5999984741211,100.23999786376953,98.18000030517578,100.13999938964844,90.13700866699219,6504050,0.0,0.0
2021-03-18 00:00:00-04:00,98.94000244140625,99.94000244140625,98.55999755859375,98.66000366210938,88.80485534667969,4896100,0.0,0.0
2021-03-19 00:00:00-04:00,98.44000244140625,98.95999908447266,97.77999877929688,98.41999816894531,88.58882141113281,3394400,0.0,0.0
2021-03-22 00:00:00-04:00,99.95999908447266,102.41999816894531,99.73999786376953,102.4000015258789,92.1712646484375,5046000,0.0,0.0
2021-03-23 00:00:00-04:00,99.9000015258789,100.41999816894531,98.31999969482422,98.80000305175781,88.93087005615234,5445900,0.0,0.0
2021-03-24 00:00:00-04:00,98.26000213623047,98.5999984741211,97.5199966430664,97.58000183105469,87.83273315429688,3241300,0.0,0.0
2021-03-25 00:00:00-04:00,97.86000061035156,99.58000183105469,97.62000274658203,99.4000015258789,89.47093963623047,3400100,0.0,0.0
2021-03-26 00:00:00-04:00,99.12000274658203,101.33999633789062,98.95999908447266,101.27999877929688,91.16313171386719,4853750,0.0,0.0
2021-03-29 00:00:00-04:00,101.0999984741211,102.12000274658203,100.95999908447266,101.62000274658203,91.46917724609375,4326200,0.0,0.0
2021-03-30 00:00:00-04:00,100.27999877929688,100.33999633789062,99.37999725341797,99.94000244140625,89.95700073242188,3542400,0.0,0.0
2021-03-31 00:00:00-04:00,100.08000183105469,100.26000213623047,99.4000015258789,99.44000244140625,89.50695037841797,3344150,0.0,0.0
2021-04-01 00:00:00-04:00,99.22000122070312,99.58000183105469,98.66000366210938,99.05999755859375,89.1648941040039,2979300,0.0,0.0
2021-04-05 00:00:00-04:00,98.81999969482422,99.5999984741211,98.80000305175781,99.05999755859375,89.1648941040039,2647000,0.0,0.0
2021-04-06 00:00:00-04:00,98.9000015258789,99.36000061035156,98.31999969482422,98.44000244140625,88.60682678222656,3563900,0.0,0.0
2021-04-07 00:00:00-04:00,98.12000274658203,98.23999786376953,96.5199966430664,96.83999633789062,87.1666488647461,4734550,0.0,0.0
2021-04-08 00:00:00-04:00,99.33999633789062,99.5999984741211,98.86000061035156,99.0,89.11089324951172,5180650,0.0,0.0
2021-04-09 00:00:00-04:00,100.30000305175781,100.31999969482422,99.36000061035156,99.87999725341797,89.90298461914062,3716100,0.0,0.0
2021-04-12 00:00:00-04:00,99.66000366210938,99.83999633789062,98.73999786376953,98.83999633789062,88.96687316894531,3945250,0.0,0.0
2021-04-13 00:00:00-04:00,98.41999816894531,99.19999694824219,97.91999816894531,98.37999725341797,88.55281066894531,3866950,0.0,0.0
2021-04-14 00:00:00-04:00,100.08000183105469,100.63999938964844,99.4800033569336,99.68000030517578,89.72296905517578,5931800,0.0,0.0
2021-04-15 00:00:00-04:00,101.4800033569336,102.58000183105469,101.19999694824219,101.66000366210938,91.50519561767578,6951500,0.0,0.0
2021-04-16 00:00:00-04:00,101.5999984741211,102.0199966430664,101.22000122070312,101.4800033569336,91.3431625366211,11083100,0.0,0.0
2021-04-19 00:00:00-04:00,103.27999877929688,103.62000274658203,102.5,103.26000213623047,92.94535827636719,8060350,0.0,0.0
2021-04-20 00:00:00-04:00,104.18000030517578,104.69999694824219,103.9000015258789,104.54000091552734,94.09750366210938,6971200,0.0,0.0
2021-04-21 00:00:00-04:00,105.83999633789062,106.36000061035156,105.37999725341797,106.22000122070312,95.60968780517578,5715850,0.0,0.0
2021-04-22 00:00:00-04:00,106.13999938964844,106.19999694824219,104.86000061035156,105.41999816894531,94.88959503173828,4718000,0.0,0.0
2021-04-23 00:00:00-04:00,105.4800033569336,105.5199966430664,104.31999969482422,104.5199966430664,94.07949829101562,3281350,0.0,0.0
2021-04-26 00:00:00-04:00,104.9000015258789,104.95999908447266,103.9800033569336,104.73999786376953,94.27751922607422,3225750,0.0,0.0
2021-04-27 00:00:00-04:00,105.5999984741211,105.62000274658203,104.62000274658203,104.73999786376953,94.27751922607422,4171100,0.0,0.0
2021-04-28 00:00:00-04:00,104.72000122070312,105.19999694824219,103.86000061035156,104.16000366210938,93.75546264648438,4072550,0.0,0.0
2021-04-29 00:00:00-04:00,104.5199966430664,104.55999755859375,101.31999969482422,102.73999786376953,92.477294921875,5575450,0.0,0.0
2021-04-30 00:00:00-04:00,106.54000091552734,109.12000274658203,105.87999725341797,106.13999938964844,95.53767395019531,7649000,0.0,0.0
2021-05-03 00:00:00-04:00,106.73999786376953,107.4800033569336,106.23999786376953,107.4000015258789,96.67182159423828,3318350,0.0,0.0
2021-05-04 00:00:00-04:00,106.54000091552734,106.76000213623047,105.4800033569336,105.86000061035156,95.28565216064453,4074850,0.0,0.0
2021-05-05 00:00:00-04:00,106.54000091552734,107.4000015258789,106.16000366210938,107.30000305175781,96.58180236816406,3680250,0.0,0.0
2021-05-06 00:00:00-04:00,106.54000091552734,107.04000091552734,105.94000244140625,106.95999908447266,96.27576446533203,2751200,0.0,0.0
2021-05-07 00:00:00-04:00,107.05999755859375,108.0999984741211,107.05999755859375,107.62000274658203,96.8698501586914,2387950,0.0,0.0
2021-05-10 00:00:00-04:00,109.0999984741211,109.4000015258789,108.33999633789062,108.76000213623047,97.89598083496094,4181000,0.0,0.0
2021-05-11 00:00:00-04:00,106.66000366210938,108.37999725341797,106.66000366210938,108.19999694824219,97.39189910888672,3740050,0.0,0.0
2021-05-12 00:00:00-04:00,109.44000244140625,110.04000091552734,108.76000213623047,109.0,98.11199188232422,4172750,0.0,0.0
2021-05-13 00:00:00-04:00,108.91999816894531,110.44000244140625,108.86000061035156,110.0999984741211,99.10211944580078,3655800,0.0,0.0
2021-05-14 00:00:00-04:00,110.4800033569336,110.76000213623047,110.16000366210938,110.41999816894531,99.3901596069336,2599250,0.0,0.0
2021-05-17 00:00:00-04:00,110.9800033569336,111.76000213623047,110.86000061035156,111.76000213623047,100.59629821777344,2764100,0.0,0.0
2021-05-18 00:00:00-04:00,112.41999816894531,112.73999786376953,111.9800033569336,111.9800033569336,100.7943344116211,3491350,0.0,0.0
2021-05-19 00:00:00-04:00,112.5,112.72000122070312,111.9000015258789,112.68000030517578,101.42439270019531,5173600,0.0,0.0
2021-05-20 00:00:00-04:00,113.94000244140625,115.26000213623047,113.76000213623047,114.87999725341797,103.40464782714844,5086150,0.0,0.0
2021-05-21 00:00:00-04:00,115.16000366210938,115.45999908447266,114.69999694824219,114.80000305175781,103.33263397216797,3626400,0.0,0.0
2021-05-24 00:00:00-04:00,115.0199966430664,115.44000244140625,114.86000061035156,114.94000244140625,103.45866394042969,2162250,0.0,0.0
2021-05-25 00:00:00-04:00,114.66000366210938,114.72000122070312,113.5199966430664,113.81999969482422,102.45052337646484,3702150,0.0,0.0
2021-05-26 00:00:00-04:00,114.0199966430664,114.12000274658203,113.04000091552734,113.08000183105469,101.78443908691406,2031700,0.0,0.0
2021-05-27 00:00:00-04:00,112.41999816894531,114.72000122070312,112.4000015258789,113.77999877929688,102.41452026367188,6182700,0.0,0.0
2021-05-28 00:00:00-04:00,113.5,114.86000061035156,113.4000015258789,113.54000091552734,102.198486328125,2781550,0.0,0.0
2021-06-01 00:00:00-04:00,114.27999877929688,114.31999969482422,112.30000305175781,112.5,101.26237487792969,3378550,0.0,0.0
2021-06-02 00:00:00-04:00,111.76000213623047,112.45999908447266,111.72000122070312,112.19999694824219,100.99234008789062,3038900,0.0,0.0
2021-06-03 00:00:00-04:00,111.55999755859375,112.77999877929688,111.45999908447266,112.5,101.26237487792969,2748850,0.0,0.0
2021-06-04 00:00:00-04:00,113.27999877929688,114.12000274658203,113.13999938964844,113.5999984741211,102.25251007080078,2434400,0.0,0.0
2021-06-07 00:00:00-04:00,113.23999786376953,113.91999816894531,112.69999694824219,112.80000305175781,101.53240966796875,3141300,0.0,0.0
2021-06-08 00:00:00-04:00,113.5999984741211,113.5999984741211,111.83999633789062,112.62000274658203,101.3703842163086,2582350,0.0,0.0
2021-06-09 00:00:00-04:00,113.91999816894531,115.31999969482422,113.72000122070312,115.19999694824219,103.69266510009766,3743250,0.0,0.0
2021-06-10 00:00:00-04:00,116.27999877929688,117.76000213623047,115.9000015258789,117.68000030517578,105.92495727539062,3779150,0.0,0.0
2021-06-11 00:00:00-04:00,118.26000213623047,118.30000305175781,117.05999755859375,117.54000091552734,105.79893493652344,3842200,0.0,0.0
2021-06-14 00:00:00-04:00,117.91999816894531,117.94000244140625,116.63999938964844,117.5199966430664,105.78092193603516,3298350,0.0,0.0
2021-06-15 00:00:00-04:00,117.9800033569336,118.0199966430664,117.16000366210938,117.68000030517578,105.92495727539062,2970200,0.0,0.0
2021-06-16 00:00:00-04:00,117.72000122070312,118.68000030517578,116.55999755859375,116.81999969482422,105.15084838867188,3484200,0.0,0.0
2021-06-17 00:00:00-04:00,116.12000274658203,116.91999816894531,115.73999786376953,116.69999694824219,105.0428466796875,2437500,0.0,0.0
2021-06-18 00:00:00-04:00,115.66000366210938,117.19999694824219,115.13999938964844,116.73999786376953,105.07884216308594,7053650,0.0,0.0
2021-06-21 00:00:00-04:00,116.4000015258789,116.91999816894531,115.95999908447266,116.62000274658203,104.97083282470703,2652550,0.0,0.0
2021-06-22 00:00:00-04:00,116.31999969482422,116.63999938964844,115.37999725341797,115.77999877929688,104.2147445678711,2449950,0.0,0.0
2021-06-23 00:00:00-04:00,117.69999694824219,117.69999694824219,115.76000213623047,115.95999908447266,104.37675476074219,2902400,0.0,0.0
2021-06-24 00:00:00-04:00,116.77999877929688,118.13999938964844,116.66000366210938,116.83999633789062,105.16885375976562,2623950,0.0,0.0
2021-06-25 00:00:00-04:00,118.0999984741211,118.83999633789062,117.62000274658203,118.69999694824219,106.84306335449219,4766250,0.0,0.0
2021-06-28 00:00:00-04:00,119.55999755859375,120.73999786376953,119.45999908447266,120.13999938964844,108.13922119140625,2911150,0.0,0.0
2021-06-29 00:00:00-04:00,120.23999786376953,120.68000030517578,119.81999969482422,120.36000061035156,108.33724212646484,2333650,0.0,0.0
2021-06-30 00:00:00-04:00,120.12000274658203,120.58000183105469,119.44000244140625,119.80000305175781,107.83319854736328,2287750,0.0,0.0
2021-07-01 00:00:00-04:00,119.73999786376953,120.87999725341797,119.41999816894531,120.62000274658203,108.57127380371094,2377350,0.0,0.0
2021-07-02 00:00:00-04:00,120.5199966430664,121.76000213623047,120.13999938964844,121.58000183105469,109.43537139892578,2598650,0.0,0.0
2021-07-06 00:00:00-04:00,120.81999969482422,121.12000274658203,119.73999786376953,119.80000305175781,107.83319854736328,3446800,0.0,0.0
2021-07-07 00:00:00-04:00,119.5199966430664,119.63999938964844,118.5999984741211,119.5199966430664,107.58114624023438,3217350,0.0,0.0
2021-07-08 00:00:00-04:00,118.9000015258789,119.33999633789062,117.66000366210938,118.5199966430664,106.6810531616211,3447500,0.0,0.0
2021-07-09 00:00:00-04:00,118.23999786376953,119.81999969482422,118.13999938964844,119.26000213623047,107.34713745117188,3086800,0.0,0.0
2021-07-12 00:00:00-04:00,120.58000183105469,121.86000061035156,120.45999908447266,121.0,108.9133071899414,5033950,0.0,0.0
2021-07-13 00:00:00-04:00,120.18000030517578,121.31999969482422,120.13999938964844,121.22000122070312,109.11133575439453,4160800,0.0,0.0
2021-07-14 00:00:00-04:00,120.18000030517578,120.36000061035156,119.26000213623047,119.5999984741211,107.65315246582031,11868900,0.0,0.0
2021-07-15 00:00:00-04:00,117.58000183105469,117.72000122070312,113.69999694824219,113.91999816894531,102.54052734375,13527900,0.0,0.0
2021-07-16 00:00:00-04:00,113.58000183105469,114.95999908447266,112.80000305175781,113.58000183105469,102.2344970703125,14321400,0.0,0.0
2021-07-19 00:00:00-04:00,112.87999725341797,113.76000213623047,112.0,112.95999908447266,101.67642211914062,20534050,0.0,0.0
2021-07-20 00:00:00-04:00,114.54000091552734,115.80000305175781,113.5199966430664,115.08000183105469,103.58467102050781,32770100,0.0,0.0
2021-07-21 00:00:00-04:00,115.81999969482422,116.12000274658203,115.05999755859375,115.54000091552734,103.99870300292969,9776550,0.0,0.0
2021-07-22 00:00:00-04:00,116.30000305175781,116.95999908447266,115.76000213623047,115.91999816894531,104.34075164794922,24302450,0.0,0.0
2021-07-23 00:00:00-04:00,116.72000122070312,117.44000244140625,116.04000091552734,116.45999908447266,104.82682800292969,7064900,0.0,0.0
2021-07-26 00:00:00-04:00,115.04000091552734,115.23999786376953,113.5,113.58000183105469,102.2344970703125,9868350,0.0,0.0
2021-07-27 00:00:00-04:00,115.37999725341797,115.37999725341797,113.16000366210938,114.91999816894531,103.44064331054688,7919550,0.0,0.0
2021-07-28 00:00:00-04:00,114.05999755859375,114.86000061035156,113.62000274658203,113.62000274658203,102.2705078125,5399450,0.0,0.0
2021-07-29 00:00:00-04:00,116.0199966430664,117.19999694824219,115.0199966430664,115.27999877929688,103.76469421386719,5300900,0.0,0.0
2021-07-30 00:00:00-04:00,114.9000015258789,115.33999633789062,114.26000213623047,114.4800033569336,103.04460144042969,3668250,0.0,0.0
2021-08-02 00:00:00-04:00,114.0999984741211,115.08000183105469,113.58000183105469,114.76000213623047,103.296630859375,3626500,0.0,0.0
2021-08-03 00:00:00-04:00,115.0199966430664,115.45999908447266,114.81999969482422,115.31999969482422,103.80068969726562,2624550,0.0,0.0
2021-08-04 00:00:00-04:00,115.0,115.5999984741211,114.5999984741211,114.62000274658203,103.17061614990234,3472650,0.0,0.0
2021-08-05 00:00:00-04:00,116.31999969482422,116.86000061035156,115.73999786376953,116.81999969482422,105.15084838867188,4437550,0.0,0.0
2021-08-06 00:00:00-04:00,114.45999908447266,114.55999755859375,112.4800033569336,112.87999725341797,101.60441589355469,3110100,0.0,0.0
2021-08-09 00:00:00-04:00,113.31999969482422,113.66000366210938,112.0,112.72000122070312,101.46040344238281,4826350,0.0,0.0
2021-08-10 00:00:00-04:00,112.76000213623047,113.66000366210938,112.5,112.81999969482422,101.5504150390625,3347200,0.0,0.0
2021-08-11 00:00:00-04:00,113.62000274658203,113.83999633789062,112.95999908447266,113.22000122070312,101.91046142578125,3078400,0.0,0.0
2021-08-12 00:00:00-04:00,114.12000274658203,115.08000183105469,113.41999816894531,114.91999816894531,104.26949310302734,4587350,0.9,0.0
2021-08-13 00:00:00-04:00,115.5999984741211,117.27999877929688,115.4800033569336,116.95999908447266,106.12043762207031,3598700,0.0,0.0
2021-08-16 00:00:00-04:00,116.13999938964844,117.83999633789062,116.0999984741211,117.5,106.61038208007812,3058500,0.0,0.0
2021-08-17 00:00:00-04:00,117.0199966430664,118.86000061035156,116.95999908447266,118.69999694824219,107.69918060302734,3453800,0.0,0.0
2021-08-18 00:00:00-04:00,119.12000274658203,120.37999725341797,118.80000305175781,118.87999725341797,107.86248779296875,4869400,0.0,0.0
2021-08-19 00:00:00-04:00,118.23999786376953,119.58000183105469,118.04000091552734,118.37999725341797,107.40882873535156,2163500,0.0,0.0
2021-08-20 00:00:00-04:00,118.66000366210938,119.19999694824219,118.13999938964844,118.77999877929688,107.77176666259766,1747000,0.0,0.0
2021-08-23 00:00:00-04:00,118.18000030517578,118.69999694824219,117.55999755859375,117.5999984741211,106.70111846923828,3057350,0.0,0.0
2021-08-24 00:00:00-04:00,116.72000122070312,117.13999938964844,115.72000122070312,117.04000091552734,106.1930160522461,2117000,0.0,0.0
2021-08-25 00:00:00-04:00,117.87999725341797,117.9000015258789,116.80000305175781,117.16000366210938,106.30189514160156,2803400,0.0,0.0
2021-08-26 00:00:00-04:00,117.72000122070312,118.12000274658203,116.86000061035156,117.5199966430664,106.6285400390625,1857700,0.0,0.0
2021-08-27 00:00:00-04:00,117.77999877929688,118.45999908447266,116.91999816894531,117.26000213623047,106.39262390136719,2622300,0.0,0.0
2021-08-30 00:00:00-04:00,117.33999633789062,117.62000274658203,117.0199966430664,117.22000122070312,106.3563461303711,1148250,0.0,0.0
2021-08-31 00:00:00-04:00,116.9000015258789,117.62000274658203,116.33999633789062,116.55999755859375,105.75750732421875,2208450,0.0,0.0
2021-09-01 00:00:00-04:00,117.4800033569336,117.83999633789062,116.76000213623047,117.44000244140625,106.55595397949219,2172150,0.0,0.0
2021-09-02 00:00:00-04:00,118.33999633789062,119.23999786376953,118.18000030517578,119.18000030517578,108.13468933105469,1627150,0.0,0.0
2021-09-03 00:00:00-04:00,118.30000305175781,118.4800033569336,117.26000213623047,117.66000366210938,106.75555419921875,2665300,0.0,0.0
2021-09-07 00:00:00-04:00,118.0199966430664,118.04000091552734,116.41999816894531,116.77999877929688,105.95710754394531,2531800,0.0,0.0
2021-09-08 00:00:00-04:00,114.62000274658203,114.81999969482422,113.91999816894531,114.13999938964844,103.56177520751953,1920750,0.0,0.0
2021-09-09 00:00:00-04:00,114.04000091552734,114.5,112.27999877929688,112.58000183105469,102.14636993408203,2815700,0.0,0.0
2021-09-10 00:00:00-04:00,113.62000274658203,113.69999694824219,112.5,112.5199966430664,102.09191131591797,1965400,0.0,0.0
2021-09-13 00:00:00-04:00,113.26000213623047,113.27999877929688,111.5999984741211,111.91999816894531,101.54753875732422,2006500,0.0,0.0
2021-09-14 00:00:00-04:00,112.68000030517578,112.95999908447266,111.4800033569336,111.91999816894531,101.54753875732422,3241500,0.0,0.0
2021-09-15 00:00:00-04:00,113.05999755859375,113.22000122070312,112.26000213623047,112.9000015258789,102.43669891357422,3461500,0.0,0.0
2021-09-16 00:00:00-04:00,112.94000244140625,113.45999908447266,112.0199966430664,113.19999694824219,102.70890045166016,2672350,0.0,0.0
2021-09-17 00:00:00-04:00,112.31999969482422,112.72000122070312,110.26000213623047,111.12000274658203,100.8216781616211,3652200,0.0,0.0
2021-09-20 00:00:00-04:00,112.33999633789062,117.19999694824219,112.16000366210938,117.0,106.1567153930664,8744350,0.0,0.0
2021-09-21 00:00:00-04:00,117.73999786376953,119.0199966430664,117.26000213623047,118.26000213623047,107.29995727539062,4347950,0.0,0.0
2021-09-22 00:00:00-04:00,117.33999633789062,118.16000366210938,116.41999816894531,117.4800033569336,106.59224700927734,3194100,0.0,0.0
2021-09-23 00:00:00-04:00,118.4800033569336,119.5199966430664,118.4800033569336,118.95999908447266,107.93508911132812,2661100,0.0,0.0
2021-09-24 00:00:00-04:00,121.9000015258789,122.5999984741211,120.4800033569336,120.69999694824219,109.51382446289062,5054100,0.0,0.0
2021-09-27 00:00:00-04:00,118.9000015258789,119.08000183105469,117.04000091552734,117.44000244140625,106.55595397949219,2924650,0.0,0.0
2021-09-28 00:00:00-04:00,116.77999877929688,116.77999877929688,114.22000122070312,115.26000213623047,104.57799530029297,3116300,0.0,0.0
2021-09-29 00:00:00-04:00,117.95999908447266,119.72000122070312,117.4800033569336,119.33999633789062,108.27985382080078,4274100,0.0,0.0
2021-09-30 00:00:00-04:00,119.87999725341797,121.0999984741211,119.87999725341797,120.12000274658203,108.9875717163086,3900600,0.0,0.0
2021-10-01 00:00:00-04:00,118.58000183105469,119.9000015258789,117.37999725341797,119.36000061035156,108.2979965209961,3035750,0.0,0.0
2021-10-04 00:00:00-04:00,120.0999984741211,121.0999984741211,119.76000213623047,121.08000183105469,109.85861206054688,3463050,0.0,0.0
2021-10-05 00:00:00-04:00,120.26000213623047,120.9800033569336,119.76000213623047,119.77999877929688,108.67908477783203,2069650,0.0,0.0
2021-10-06 00:00:00-04:00,119.27999877929688,119.81999969482422,118.45999908447266,119.72000122070312,108.6246337890625,3344150,0.0,0.0
2021-10-07 00:00:00-04:00,119.13999938964844,121.27999877929688,119.05999755859375,120.73999786376953,109.55010223388672,1910200,0.0,0.0
2021-10-08 00:00:00-04:00,121.4000015258789,122.22000122070312,120.95999908447266,121.22000122070312,109.98562622070312,1556700,0.0,0.0
2021-10-11 00:00:00-04:00,122.08000183105469,122.68000030517578,121.58000183105469,121.5999984741211,110.33040618896484,1876750,0.0,0.0
2021-10-12 00:00:00-04:00,121.58000183105469,121.69999694824219,120.4000015258789,120.54000091552734,109.36865234375,1373100,0.0,0.0
2021-10-13 00:00:00-04:00,120.0199966430664,121.31999969482422,120.0199966430664,120.9000015258789,109.6952896118164,2226300,0.0,0.0
2021-10-14 00:00:00-04:00,120.77999877929688,121.16000366210938,119.26000213623047,119.33999633789062,108.27985382080078,2794450,0.0,0.0
2021-10-15 00:00:00-04:00,120.54000091552734,121.08000183105469,120.16000366210938,120.44000244140625,109.27792358398438,1756600,0.0,0.0
2021-10-18 00:00:00-04:00,119.55999755859375,119.73999786376953,118.26000213623047,118.58000183105469,107.59029388427734,2114300,0.0,0.0
2021-10-19 00:00:00-04:00,119.12000274658203,120.9800033569336,119.0199966430664,120.33999633789062,109.18717956542969,1702100,0.0,0.0
2021-10-20 00:00:00-04:00,120.58000183105469,121.55999755859375,120.44000244140625,121.26000213623047,110.02192687988281,1490750,0.0,0.0
2021-10-21 00:00:00-04:00,121.0199966430664,122.5,120.9800033569336,122.44000244140625,111.09254455566406,1298750,0.0,0.0
2021-10-22 00:00:00-04:00,123.77999877929688,124.12000274658203,123.36000061035156,123.58000183105469,112.12691497802734,1998700,0.0,0.0
2021-10-25 00:00:00-04:00,123.87999725341797,123.91999816894531,122.66000366210938,123.54000091552734,112.09060668945312,1572350,0.0,0.0
2021-10-26 00:00:00-04:00,123.86000061035156,124.69999694824219,123.58000183105469,124.5199966430664,112.97978210449219,1234850,0.0,0.0
2021-10-27 00:00:00-04:00,125.26000213623047,125.37999725341797,123.22000122070312,123.54000091552734,112.09060668945312,1256750,0.0,0.0
2021-10-28 00:00:00-04:00,124.05999755859375,125.72000122070312,123.9800033569336,124.37999725341797,112.85276794433594,1264950,0.0,0.0
2021-10-29 00:00:00-04:00,124.77999877929688,124.91999816894531,123.91999816894531,124.76000213623047,113.19754791259766,1975650,0.0,0.0
2021-11-01 00:00:00-04:00,124.37999725341797,125.55999755859375,124.0999984741211,124.91999816894531,113.34272003173828,1409900,0.0,0.0
2021-11-02 00:00:00-04:00,125.87999725341797,128.4199981689453,125.27999877929688,127.12000274658203,115.33882904052734,2727600,0.0,0.0
2021-11-03 00:00:00-04:00,127.9000015258789,128.13999938964844,126.87999725341797,127.66000366210938,115.82878112792969,1985050,0.0,0.0
2021-11-04 00:00:00-04:00,127.58000183105469,127.9800033569336,127.0199966430664,127.66000366210938,115.82878112792969,1405950,0.0,0.0
2021-11-05 00:00:00-04:00,125.5999984741211,126.27999877929688,124.45999908447266,126.18000030517578,114.4859390258789,2034250,0.0,0.0
2021-11-08 00:00:00-05:00,127.31999969482422,127.73999786376953,125.94000244140625,125.9800033569336,114.30449676513672,2278500,0.0,0.0
2021-11-09 00:00:00-05:00,125.87999725341797,125.9800033569336,125.16000366210938,125.4000015258789,113.77823638916016,1809100,0.0,0.0
2021-11-10 00:00:00-05:00,126.54000091552734,126.9000015258789,125.94000244140625,126.27999877929688,114.5766830444336,1259550,0.0,0.0
2021-11-11 00:00:00-05:00,126.08000183105469,126.58000183105469,125.69999694824219,125.83999633789062,114.17745208740234,1226000,0.0,0.0
2021-11-12 00:00:00-05:00,120.68000030517578,121.05999755859375,116.94000244140625,117.5999984741211,106.70111846923828,7077900,0.0,0.0
2021-11-15 00:00:00-05:00,119.83999633789062,120.73999786376953,118.37999725341797,119.55999755859375,108.4794692993164,3977850,0.0,0.0
2021-11-16 00:00:00-05:00,115.19999694824219,116.41999816894531,113.87999725341797,115.26000213623047,104.57799530029297,3987250,0.0,0.0
2021-11-17 00:00:00-05:00,116.0,116.68000030517578,115.18000030517578,115.45999908447266,104.75944519042969,2608350,0.0,0.0
2021-11-18 00:00:00-05:00,113.77999877929688,114.16000366210938,112.16000366210938,113.41999816894531,102.90850067138672,3977900,0.0,0.0
2021-11-19 00:00:00-05:00,114.62000274658203,114.94000244140625,113.12000274658203,113.31999969482422,102.8177719116211,2400350,0.0,0.0
2021-11-22 00:00:00-05:00,113.23999786376953,113.72000122070312,112.5,113.0999984741211,102.6181640625,2536750,0.0,0.0
2021-11-23 00:00:00-05:00,112.69999694824219,113.87999725341797,112.45999908447266,113.45999908447266,102.94480895996094,2913600,0.0,0.0
2021-11-24 00:00:00-05:00,112.5999984741211,113.05999755859375,112.30000305175781,112.68000030517578,102.23709869384766,1583000,0.0,0.0
2021-11-26 00:00:00-05:00,114.0,114.16000366210938,112.13999938964844,113.16000366210938,102.67259979248047,2906900,0.0,0.0
2021-11-29 00:00:00-05:00,111.4800033569336,112.44000244140625,111.04000091552734,111.05999755859375,100.76721954345703,3107600,0.0,0.0
2021-11-30 00:00:00-05:00,110.5999984741211,111.5,109.41999816894531,109.66000366210938,99.49697875976562,3493900,0.0,0.0
2021-12-01 00:00:00-05:00,110.80000305175781,111.4800033569336,109.72000122070312,109.76000213623047,99.58771514892578,2451100,0.0,0.0
2021-12-02 00:00:00-05:00,110.08000183105469,110.83999633789062,109.36000061035156,109.58000183105469,99.42439270019531,2679150,0.0,0.0
2021-12-03 00:00:00-05:00,109.08000183105469,109.31999969482422,107.27999877929688,108.45999908447266,98.40819549560547,2875550,0.0,0.0
2021-12-06 00:00:00-05:00,110.5999984741211,111.80000305175781,110.22000122070312,110.81999969482422,100.54948425292969,2607000,0.0,0.0
2021-12-07 00:00:00-05:00,108.30000305175781,109.58000183105469,107.26000213623047,109.5199966430664,99.36994934082031,3350550,0.0,0.0
2021-12-08 00:00:00-05:00,109.72000122070312,110.41999816894531,108.76000213623047,110.26000213623047,100.04136657714844,2007400,0.0,0.0
2021-12-09 00:00:00-05:00,110.55999755859375,111.26000213623047,109.76000213623047,109.91999816894531,99.73287963867188,2412100,0.0,0.0
2021-12-10 00:00:00-05:00,108.33999633789062,108.63999938964844,107.4800033569336,108.04000091552734,98.0271224975586,1980500,0.0,0.0
2021-12-13 00:00:00-05:00,108.58000183105469,109.54000091552734,108.55999755859375,109.16000366210938,99.04332733154297,1844050,0.0,0.0
2021-12-14 00:00:00-05:00,109.05999755859375,109.77999877929688,108.69999694824219,109.0,98.89815521240234,1792850,0.0,0.0
2021-12-15 00:00:00-05:00,109.87999725341797,111.5,109.27999877929688,111.44000244140625,101.11202239990234,2417350,0.0,0.0
2021-12-16 00:00:00-05:00,112.23999786376953,114.37999725341797,112.12000274658203,114.18000030517578,103.59808349609375,3427950,0.0,0.0
2021-12-17 00:00:00-05:00,113.13999938964844,114.0,111.91999816894531,112.04000091552734,101.65641021728516,3006650,0.0,0.0
2021-12-20 00:00:00-05:00,113.12000274658203,113.27999877929688,112.0,113.12000274658203,102.63631439208984,2049350,0.0,0.0
2021-12-21 00:00:00-05:00,113.33999633789062,114.4000015258789,113.0199966430664,113.87999725341797,103.32588195800781,3752600,0.0,0.0
2021-12-22 00:00:00-05:00,113.95999908447266,116.30000305175781,113.5999984741211,116.16000366210938,105.39457702636719,2047650,0.0,0.0
2021-12-23 00:00:00-05:00,115.0,115.81999969482422,114.72000122070312,115.27999877929688,104.59613037109375,1736800,0.0,0.0
2021-12-27 00:00:00-05:00,115.23999786376953,116.13999938964844,115.05999755859375,116.12000274658203,105.35828399658203,1085400,0.0,0.0
2021-12-28 00:00:00-05:00,116.12000274658203,116.9800033569336,116.12000274658203,116.63999938964844,105.8301010131836,1094350,0.0,0.0
2021-12-29 00:00:00-05:00,116.91999816894531,117.37999725341797,116.62000274658203,117.30000305175781,106.42892456054688,1358250,0.0,0.0
2021-12-30 00:00:00-05:00,117.05999755859375,117.76000213623047,116.68000030517578,116.94000244140625,106.10228729248047,1091850,0.0,0.0
2021-12-31 00:00:00-05:00,116.76000213623047,117.4000015258789,116.41999816894531,116.5,105.70307159423828,668550,0.0,0.0
2022-01-03 00:00:00-05:00,116.54000091552734,116.73999786376953,115.5,116.62000274658203,105.81193542480469,1660500,0.0,0.0
2022-01-04 00:00:00-05:00,114.31999969482422,115.4000015258789,114.13999938964844,114.54000091552734,103.92471313476562,2323300,0.0,0.0
2022-01-05 00:00:00-05:00,114.4800033569336,115.45999908447266,113.69999694824219,113.76000213623047,103.21700286865234,2402200,0.0,0.0
2022-01-06 00:00:00-05:00,113.62000274658203,114.08000183105469,112.22000122070312,113.33999633789062,102.83590698242188,3098200,0.0,0.0
2022-01-07 00:00:00-05:00,113.30000305175781,115.0999984741211,113.05999755859375,114.95999908447266,104.30579376220703,2297400,0.0,0.0
2022-01-10 00:00:00-05:00,113.5199966430664,115.83999633789062,112.94000244140625,115.76000213623047,105.03165435791016,2834650,0.0,0.0
2022-01-11 00:00:00-05:00,114.27999877929688,116.22000122070312,114.23999786376953,116.19999694824219,105.43084716796875,2219550,0.0,0.0
2022-01-12 00:00:00-05:00,116.18000030517578,116.91999816894531,116.08000183105469,116.80000305175781,105.97526550292969,1767250,0.0,0.0
2022-01-13 00:00:00-05:00,117.36000061035156,117.37999725341797,116.12000274658203,116.19999694824219,105.43084716796875,1732200,0.0,0.0
2022-01-14 00:00:00-05:00,116.4000015258789,117.9800033569336,116.33999633789062,117.69999694824219,106.7918472290039,2506900,0.0,0.0
2022-01-18 00:00:00-05:00,118.68000030517578,119.95999908447266,117.9800033569336,119.68000030517578,108.5883560180664,2950750,0.0,0.0
2022-01-19 00:00:00-05:00,119.19999694824219,119.69999694824219,118.83999633789062,118.95999908447266,107.93508911132812,1781950,0.0,0.0
2022-01-20 00:00:00-05:00,120.4000015258789,121.23999786376953,119.68000030517578,120.33999633789062,109.18717956542969,3086000,0.0,0.0
2022-01-21 00:00:00-05:00,119.68000030517578,120.54000091552734,118.04000091552734,118.19999694824219,107.2455062866211,2947000,0.0,0.0
2022-01-24 00:00:00-05:00,115.45999908447266,115.54000091552734,111.0,113.94000244140625,103.38031768798828,5211850,0.0,0.0
2022-01-25 00:00:00-05:00,113.0,116.26000213623047,112.87999725341797,115.69999694824219,104.9771957397461,3077900,0.0,0.0
2022-01-26 00:00:00-05:00,115.4000015258789,116.45999908447266,113.62000274658203,114.23999786376953,103.65251922607422,2241650,0.0,0.0
2022-01-27 00:00:00-05:00,116.04000091552734,120.33999633789062,115.86000061035156,119.04000091552734,108.0076675415039,5052350,0.0,0.0
2022-01-28 00:00:00-05:00,117.69999694824219,118.68000030517578,117.0999984741211,118.5999984741211,107.60843658447266,2519350,0.0,0.0
2022-01-31 00:00:00-05:00,116.04000091552734,116.80000305175781,115.62000274658203,116.41999816894531,105.63047790527344,3345100,0.0,0.0
2022-02-01 00:00:00-05:00,114.69999694824219,116.0,114.44000244140625,115.36000061035156,104.6687240600586,6864850,0.0,0.0
2022-02-02 00:00:00-05:00,115.37999725341797,118.30000305175781,115.0199966430664,118.0199966430664,107.08219146728516,4754550,0.0,0.0
2022-02-03 00:00:00-05:00,115.16000366210938,116.04000091552734,114.18000030517578,114.66000366210938,104.0335922241211,3493500,0.0,0.0
2022-02-04 00:00:00-05:00,112.5999984741211,113.31999969482422,111.30000305175781,111.44000244140625,101.11202239990234,5300100,0.0,0.0
2022-02-07 00:00:00-05:00,112.37999725341797,113.5199966430664,112.04000091552734,113.36000061035156,102.85407257080078,3908450,0.0,0.0
2022-02-08 00:00:00-05:00,113.0999984741211,113.37999725341797,112.23999786376953,113.30000305175781,102.79962921142578,3816150,0.0,0.0
2022-02-09 00:00:00-05:00,113.9800033569336,115.0,113.73999786376953,114.4000015258789,103.79769134521484,2785550,0.0,0.0
2022-02-10 00:00:00-05:00,116.31999969482422,120.33999633789062,116.18000030517578,117.19999694824219,106.33819580078125,7270100,0.0,0.0
2022-02-11 00:00:00-05:00,116.16000366210938,117.12000274658203,115.44000244140625,116.08000183105469,105.32199096679688,4519100,0.0,0.0
2022-02-14 00:00:00-05:00,114.5999984741211,115.36000061035156,113.33999633789062,115.08000183105469,104.4146728515625,3267350,0.0,0.0
2022-02-15 00:00:00-05:00,119.18000030517578,120.9000015258789,118.9800033569336,120.5999984741211,109.4230728149414,4177950,0.0,0.0
2022-02-16 00:00:00-05:00,120.94000244140625,122.54000091552734,120.87999725341797,121.68000030517578,110.40299987792969,3780500,0.0,0.0
2022-02-17 00:00:00-05:00,122.04000091552734,122.5199966430664,120.87999725341797,121.9800033569336,110.6751937866211,3991550,0.0,0.0
2022-02-18 00:00:00-05:00,120.73999786376953,121.26000213623047,119.12000274658203,119.72000122070312,108.6246337890625,17490850,0.0,0.0
2022-02-22 00:00:00-05:00,123.5999984741211,123.81999969482422,121.0999984741211,121.62000274658203,110.34856414794922,4977200,0.0,0.0
2022-02-23 00:00:00-05:00,123.36000061035156,123.36000061035156,120.86000061035156,121.08000183105469,109.85861206054688,4257500,0.0,0.0
2022-02-24 00:00:00-05:00,115.4800033569336,116.4800033569336,114.0999984741211,116.26000213623047,107.2299575805664,4713500,1.97,0.0
2022-02-25 00:00:00-05:00,118.62000274658203,121.31999969482422,118.44000244140625,121.16000366210938,111.74937438964844,3234050,0.0,0.0
2022-02-28 00:00:00-05:00,121.63999938964844,122.04000091552734,120.22000122070312,121.76000213623047,112.30278015136719,3679450,0.0,0.0
2022-03-01 00:00:00-05:00,124.45999908447266,125.27999877929688,121.80000305175781,122.68000030517578,113.15130615234375,4120300,0.0,0.0
2022-03-02 00:00:00-05:00,123.81999969482422,124.9800033569336,122.9800033569336,124.0,114.3687973022461,3608650,0.0,0.0
2022-03-03 00:00:00-05:00,120.5,121.58000183105469,118.4000015258789,120.13999938964844,110.80859375,3210550,0.0,0.0
2022-03-04 00:00:00-05:00,115.86000061035156,117.16000366210938,114.23999786376953,114.94000244140625,106.01249694824219,4642100,0.0,0.0
2022-03-07 00:00:00-05:00,114.41999816894531,114.94000244140625,112.77999877929688,113.0,104.2231674194336,4840650,0.0,0.0
2022-03-08 00:00:00-05:00,113.81999969482422,116.94000244140625,112.72000122070312,115.37999725341797,106.4183120727539,5116600,0.0,0.0
2022-03-09 00:00:00-05:00,117.4000015258789,121.19999694824219,116.95999908447266,120.86000061035156,111.4726791381836,4628400,0.0,0.0
2022-03-10 00:00:00-05:00,119.91999816894531,122.0199966430664,119.66000366210938,121.80000305175781,112.33967590332031,3333800,0.0,0.0
2022-03-11 00:00:00-05:00,121.0999984741211,121.80000305175781,120.4800033569336,120.5999984741211,111.23287200927734,3171000,0.0,0.0
2022-03-14 00:00:00-04:00,123.12000274658203,123.13999938964844,120.54000091552734,120.77999877929688,111.39888763427734,4669600,0.0,0.0
2022-03-15 00:00:00-04:00,121.72000122070312,123.18000030517578,121.05999755859375,122.73999786376953,113.20664978027344,2928200,0.0,0.0
2022-03-16 00:00:00-04:00,123.80000305175781,124.0,122.22000122070312,123.91999816894531,114.29500579833984,3477600,0.0,0.0
2022-03-17 00:00:00-04:00,124.22000122070312,127.81999969482422,124.12000274658203,127.33999633789062,117.44935607910156,4334400,0.0,0.0
2022-03-18 00:00:00-04:00,125.58000183105469,126.86000061035156,125.0999984741211,126.45999908447266,116.6377182006836,3523300,0.0,0.0
2022-03-21 00:00:00-04:00,126.41999816894531,128.25999450683594,126.41999816894531,126.95999908447266,117.098876953125,2321200,0.0,0.0
2022-03-22 00:00:00-04:00,127.0999984741211,127.62000274658203,126.33999633789062,127.31999969482422,117.43092346191406,2104500,0.0,0.0
2022-03-23 00:00:00-04:00,126.68000030517578,129.02000427246094,126.68000030517578,128.63999938964844,118.64839172363281,3762700,0.0,0.0
2022-03-24 00:00:00-04:00,128.60000610351562,132.1199951171875,128.05999755859375,132.0399932861328,121.7843017578125,7603050,0.0,0.0
2022-03-25 00:00:00-04:00,129.9600067138672,131.47999572753906,129.72000122070312,130.25999450683594,120.14257049560547,4682800,0.0,0.0
2022-03-28 00:00:00-04:00,130.25999450683594,131.17999267578125,129.44000244140625,130.75999450683594,120.6037368774414,3179350,0.0,0.0
2022-03-29 00:00:00-04:00,132.10000610351562,133.1999969482422,130.97999572753906,131.89999389648438,121.6551742553711,2386550,0.0,0.0
2022-03-30 00:00:00-04:00,132.4600067138672,134.44000244140625,132.3800048828125,134.24000549316406,123.81344604492188,3401850,0.0,0.0
2022-03-31 00:00:00-04:00,134.55999755859375,135.10000610351562,132.5399932861328,132.67999267578125,122.37460327148438,3070600,0.0,0.0
2022-04-01 00:00:00-04:00,131.4600067138672,133.77999877929688,131.33999633789062,133.6199951171875,123.24158477783203,1914900,0.0,0.0
2022-04-04 00:00:00-04:00,132.89999389648438,133.82000732421875,132.74000549316406,133.33999633789062,122.98332977294922,2039250,0.0,0.0
2022-04-05 00:00:00-04:00,133.86000061035156,136.25999450683594,133.82000732421875,134.10000610351562,123.6843032836914,3476500,0.0,0.0
2022-04-06 00:00:00-04:00,136.0,138.55999755859375,135.5800018310547,138.13999938964844,127.4105224609375,2798350,0.0,0.0
2022-04-07 00:00:00-04:00,138.6199951171875,142.27999877929688,138.60000610351562,142.02000427246094,130.98919677734375,4154850,0.0,0.0
2022-04-08 00:00:00-04:00,141.24000549316406,143.39999389648438,141.24000549316406,142.27999877929688,131.2289581298828,4541000,0.0,0.0
2022-04-11 00:00:00-04:00,141.97999572753906,142.55999755859375,140.32000732421875,141.25999450683594,130.2881622314453,3794550,0.0,0.0
2022-04-12 00:00:00-04:00,137.97999572753906,138.5800018310547,136.0399932861328,137.22000122070312,126.56197357177734,3708450,0.0,0.0
2022-04-13 00:00:00-04:00,137.16000366210938,138.32000732421875,136.82000732421875,137.94000244140625,127.22603607177734,3152300,0.0,0.0
2022-04-14 00:00:00-04:00,138.13999938964844,138.77999877929688,137.55999755859375,138.10000610351562,127.37361907958984,1972800,0.0,0.0
2022-04-18 00:00:00-04:00,138.0,138.27999877929688,136.9199981689453,137.22000122070312,126.56197357177734,1546900,0.0,0.0
2022-04-19 00:00:00-04:00,137.13999938964844,138.0399932861328,135.22000122070312,136.55999755859375,125.95323944091797,3051400,0.0,0.0
2022-04-20 00:00:00-04:00,136.52000427246094,138.3800048828125,135.9199981689453,137.6999969482422,127.00469970703125,3102500,0.0,0.0
2022-04-21 00:00:00-04:00,137.83999633789062,138.17999267578125,134.72000122070312,134.77999877929688,124.31148529052734,4651150,0.0,0.0
2022-04-22 00:00:00-04:00,133.60000610351562,133.75999450683594,131.60000610351562,131.72000122070312,121.48918151855469,4253900,0.0,0.0
2022-04-25 00:00:00-04:00,129.94000244140625,132.0800018310547,129.6199951171875,131.9199981689453,121.67362976074219,3573950,0.0,0.0
2022-04-26 00:00:00-04:00,131.8800048828125,132.5800018310547,129.97999572753906,130.1199951171875,120.013427734375,4420850,0.0,0.0
2022-04-27 00:00:00-04:00,132.63999938964844,133.4199981689453,131.36000061035156,132.3800048828125,122.097900390625,4535850,0.0,0.0
2022-04-28 00:00:00-04:00,131.4199981689453,134.44000244140625,130.9199981689453,134.44000244140625,123.99790954589844,4471900,0.0,0.0
2022-04-29 00:00:00-04:00,132.4600067138672,135.60000610351562,132.25999450683594,132.8000030517578,122.48529052734375,5390900,0.0,0.0
2022-05-02 00:00:00-04:00,131.9199981689453,133.0399932861328,131.24000549316406,132.86000061035156,122.54061889648438,2797250,0.0,0.0
2022-05-03 00:00:00-04:00,132.97999572753906,134.5399932861328,132.97999572753906,134.33999633789062,123.9056625366211,3636850,0.0,0.0
2022-05-04 00:00:00-04:00,133.22000122070312,133.89999389648438,130.8800048828125,133.5,123.13092041015625,4037350,0.0,0.0
2022-05-05 00:00:00-04:00,131.47999572753906,132.0,128.86000061035156,129.89999389648438,119.8105239868164,4007700,0.0,0.0
2022-05-06 00:00:00-04:00,126.86000061035156,129.33999633789062,126.4000015258789,128.72000122070312,118.72218322753906,4331800,0.0,0.0
2022-05-09 00:00:00-04:00,126.5199966430664,127.16000366210938,124.68000030517578,125.16000366210938,115.4386978149414,4098550,0.0,0.0
2022-05-10 00:00:00-04:00,126.0199966430664,128.27999877929688,125.9800033569336,127.27999877929688,117.39402770996094,3024150,0.0,0.0
2022-05-11 00:00:00-04:00,123.73999786376953,125.5999984741211,122.66000366210938,122.86000061035156,113.31732940673828,5243250,0.0,0.0
2022-05-12 00:00:00-04:00,121.0199966430664,123.26000213623047,120.68000030517578,122.9000015258789,113.35423278808594,4400200,0.0,0.0
2022-05-13 00:00:00-04:00,125.04000091552734,126.62000274658203,124.62000274658203,126.27999877929688,116.47171020507812,2915650,0.0,0.0
2022-05-16 00:00:00-04:00,126.69999694824219,129.60000610351562,126.69999694824219,128.97999572753906,118.96197509765625,2802050,0.0,0.0
2022-05-17 00:00:00-04:00,131.0800018310547,131.63999938964844,130.3800048828125,131.27999877929688,121.08333587646484,3223850,0.0,0.0
2022-05-18 00:00:00-04:00,128.44000244140625,129.0800018310547,126.41999816894531,126.63999938964844,116.80374145507812,4385050,0.0,0.0
2022-05-19 00:00:00-04:00,126.66000366210938,129.5800018310547,126.30000305175781,129.0800018310547,119.05422973632812,3221700,0.0,0.0
2022-05-20 00:00:00-04:00,130.9600067138672,132.72000122070312,129.9600067138672,132.4199981689453,122.1347885131836,3584600,0.0,0.0
2022-05-23 00:00:00-04:00,132.9199981689453,134.63999938964844,132.5800018310547,132.82000732421875,122.50373840332031,3240600,0.0,0.0
2022-05-24 00:00:00-04:00,133.47999572753906,133.94000244140625,132.6199951171875,133.3000030517578,122.94644927978516,3067250,0.0,0.0
2022-05-25 00:00:00-04:00,132.89999389648438,134.0800018310547,132.63999938964844,133.6199951171875,123.24158477783203,1930100,0.0,0.0
2022-05-26 00:00:00-04:00,133.4600067138672,134.33999633789062,133.02000427246094,133.39999389648438,123.0386734008789,3108700,0.0,0.0
2022-05-27 00:00:00-04:00,133.60000610351562,134.8000030517578,133.25999450683594,134.8000030517578,124.32994842529297,2715150,0.0,0.0
2022-05-31 00:00:00-04:00,131.77999877929688,133.52000427246094,131.3800048828125,132.9600067138672,122.63287353515625,2885850,0.0,0.0
2022-06-01 00:00:00-04:00,133.0399932861328,133.3800048828125,131.0,132.24000549316406,121.96879577636719,2640700,0.0,0.0
2022-06-02 00:00:00-04:00,132.89999389648438,133.9600067138672,131.22000122070312,133.94000244140625,123.5367431640625,1928500,0.0,0.0
2022-06-03 00:00:00-04:00,132.24000549316406,133.32000732421875,131.05999755859375,131.39999389648438,121.19401550292969,2791100,0.0,0.0
2022-06-06 00:00:00-04:00,128.44000244140625,129.44000244140625,126.66000366210938,127.04000091552734,117.17266845703125,5117050,0.0,0.0
2022-06-07 00:00:00-04:00,127.72000122070312,131.27999877929688,127.72000122070312,131.16000366210938,120.9726791381836,3039450,0.0,0.0
2022-06-08 00:00:00-04:00,129.24000549316406,130.75999450683594,129.17999267578125,129.44000244140625,119.38626861572266,2519000,0.0,0.0
2022-06-09 00:00:00-04:00,128.44000244140625,128.63999938964844,125.31999969482422,125.4000015258789,115.66004180908203,2704950,0.0,0.0
2022-06-10 00:00:00-04:00,122.58000183105469,124.27999877929688,122.27999877929688,123.58000183105469,113.98141479492188,3476950,0.0,0.0
2022-06-13 00:00:00-04:00,120.86000061035156,121.33999633789062,119.83999633789062,120.0199966430664,110.69790649414062,3471500,0.0,0.0
2022-06-14 00:00:00-04:00,116.86000061035156,119.55999755859375,116.81999969482422,118.5199966430664,109.3144302368164,7496400,0.0,0.0
2022-06-15 00:00:00-04:00,120.9000015258789,121.76000213623047,119.19999694824219,121.13999938964844,111.73092651367188,3835300,0.0,0.0
2022-06-16 00:00:00-04:00,121.72000122070312,122.62000274658203,119.9000015258789,121.72000122070312,112.26587677001953,5464300,0.0,0.0
2022-06-17 00:00:00-04:00,122.41999816894531,123.19999694824219,121.5999984741211,122.18000030517578,112.69013977050781,4186000,0.0,0.0
2022-06-21 00:00:00-04:00,124.81999969482422,126.05999755859375,124.13999938964844,125.66000366210938,115.89985656738281,2783700,0.0,0.0
2022-06-22 00:00:00-04:00,125.86000061035156,128.3000030517578,125.81999969482422,127.0999984741211,117.2280044555664,2658150,0.0,0.0
2022-06-23 00:00:00-04:00,127.37999725341797,129.05999755859375,127.04000091552734,128.89999389648438,118.88819122314453,2190400,0.0,0.0
2022-06-24 00:00:00-04:00,132.9199981689453,133.86000061035156,131.5,133.8000030517578,123.40763854980469,2821650,0.0,0.0
2022-06-27 00:00:00-04:00,132.52000427246094,134.13999938964844,131.72000122070312,133.02000427246094,122.68818664550781,2319050,0.0,0.0
2022-06-28 00:00:00-04:00,132.89999389648438,133.22000122070312,131.16000366210938,131.86000061035156,121.61830139160156,3675900,0.0,0.0
2022-06-29 00:00:00-04:00,133.1999969482422,135.10000610351562,133.0800018310547,134.0399932861328,123.62895965576172,2932350,0.0,0.0
2022-06-30 00:00:00-04:00,131.27999877929688,132.83999633789062,130.3800048828125,132.13999938964844,121.87654113769531,2365650,0.0,0.0
2022-07-01 00:00:00-04:00,128.1999969482422,131.94000244140625,128.13999938964844,131.89999389648438,121.6551742553711,4428750,0.0,0.0
2022-07-05 00:00:00-04:00,129.4600067138672,131.05999755859375,129.13999938964844,131.02000427246094,120.84355163574219,4672200,0.0,0.0
2022-07-06 00:00:00-04:00,132.24000549316406,133.27999877929688,131.1999969482422,132.97999572753906,122.65129852294922,3506050,0.0,0.0
2022-07-07 00:00:00-04:00,133.5399932861328,134.13999938964844,132.75999450683594,133.83999633789062,123.44451141357422,3200500,0.0,0.0
2022-07-08 00:00:00-04:00,132.0,134.47999572753906,131.8800048828125,133.9600067138672,123.55519104003906,3057450,0.0,0.0
2022-07-11 00:00:00-04:00,132.25999450683594,135.10000610351562,132.25999450683594,133.47999572753906,123.1124496459961,3565500,0.0,0.0
2022-07-12 00:00:00-04:00,134.3800048828125,135.0,133.1999969482422,133.44000244140625,123.07557678222656,3366100,0.0,0.0
2022-07-13 00:00:00-04:00,131.0800018310547,133.47999572753906,131.05999755859375,132.60000610351562,122.30081939697266,2843700,0.0,0.0
2022-07-14 00:00:00-04:00,128.97999572753906,130.1999969482422,128.22000122070312,130.16000366210938,120.05035400390625,2975250,0.0,0.0
2022-07-15 00:00:00-04:00,130.94000244140625,134.77999877929688,130.94000244140625,134.72000122070312,124.25613403320312,4223050,0.0,0.0
2022-07-18 00:00:00-04:00,135.8800048828125,136.33999633789062,132.24000549316406,132.74000549316406,122.42994689941406,3322050,0.0,0.0
2022-07-19 00:00:00-04:00,135.6999969482422,136.77999877929688,134.86000061035156,136.32000732421875,125.73189544677734,2544000,0.0,0.0
2022-07-20 00:00:00-04:00,133.75999450683594,133.9600067138672,131.16000366210938,131.5800018310547,121.36005401611328,2492100,0.0,0.0
2022-07-21 00:00:00-04:00,127.95999908447266,130.94000244140625,127.80000305175781,130.72000122070312,120.56682586669922,2137200,0.0,0.0
2022-07-22 00:00:00-04:00,130.33999633789062,131.47999572753906,130.0,130.5,120.36392211914062,1812900,0.0,0.0
2022-07-25 00:00:00-04:00,132.3800048828125,132.8800048828125,131.5800018310547,132.32000732421875,122.0425796508789,2130900,0.0,0.0
2022-07-26 00:00:00-04:00,133.13999938964844,134.60000610351562,132.75999450683594,133.44000244140625,123.07557678222656,2037450,0.0,0.0
2022-07-27 00:00:00-04:00,134.10000610351562,135.36000061035156,133.0399932861328,134.97999572753906,124.49595642089844,2029250,0.0,0.0
2022-07-28 00:00:00-04:00,133.60000610351562,134.27999877929688,131.8000030517578,133.44000244140625,123.07557678222656,3121150,0.0,0.0
2022-07-29 00:00:00-04:00,133.94000244140625,134.55999755859375,131.55999755859375,132.4600067138672,122.17169189453125,3399000,0.0,0.0
2022-08-01 00:00:00-04:00,133.0399932861328,133.74000549316406,131.16000366210938,131.3000030517578,121.1017837524414,2887850,0.0,0.0
2022-08-02 00:00:00-04:00,133.22000122070312,133.8800048828125,130.4199981689453,130.52000427246094,120.38238525390625,3241550,0.0,0.0
2022-08-03 00:00:00-04:00,131.10000610351562,131.1999969482422,129.39999389648438,130.63999938964844,120.49305725097656,3659250,0.0,0.0
2022-08-04 00:00:00-04:00,132.1199951171875,132.5800018310547,130.60000610351562,132.5800018310547,122.28237915039062,2707300,0.0,0.0
2022-08-05 00:00:00-04:00,131.74000549316406,132.5800018310547,131.44000244140625,132.05999755859375,121.8027572631836,3168000,0.0,0.0
2022-08-08 00:00:00-04:00,131.36000061035156,132.0,129.5800018310547,130.24000549316406,120.1241226196289,1744950,0.0,0.0
2022-08-09 00:00:00-04:00,131.83999633789062,132.86000061035156,131.5399932861328,131.77999877929688,121.54450225830078,2231950,0.0,0.0
2022-08-10 00:00:00-04:00,134.1199951171875,134.16000366210938,131.86000061035156,132.60000610351562,122.30081939697266,2832500,0.0,0.0
2022-08-11 00:00:00-04:00,130.10000610351562,130.10000610351562,128.52000427246094,129.3000030517578,120.0994644165039,3606900,0.93,0.0
2022-08-12 00:00:00-04:00,129.4199981689453,134.3800048828125,129.3800048828125,133.27999877929688,123.79625701904297,5691950,0.0,0.0
2022-08-15 00:00:00-04:00,134.5,134.8000030517578,132.97999572753906,133.6199951171875,124.11205291748047,2335400,0.0,0.0
2022-08-16 00:00:00-04:00,133.0800018310547,134.27999877929688,132.39999389648438,133.47999572753906,123.98201751708984,2217250,0.0,0.0
2022-08-17 00:00:00-04:00,134.10000610351562,134.72000122070312,132.66000366210938,132.83999633789062,123.38755798339844,2670200,0.0,0.0
2022-08-18 00:00:00-04:00,133.52000427246094,133.72000122070312,132.25999450683594,133.0,123.53617095947266,2633300,0.0,0.0
2022-08-19 00:00:00-04:00,134.0399932861328,134.6999969482422,133.13999938964844,134.33999633789062,124.78082275390625,2366150,0.0,0.0
2022-08-22 00:00:00-04:00,135.0,136.5,134.22000122070312,134.47999572753906,124.91085815429688,2780600,0.0,0.0
2022-08-23 00:00:00-04:00,133.74000549316406,133.74000549316406,132.17999267578125,132.86000061035156,123.40613555908203,2949650,0.0,0.0
2022-08-24 00:00:00-04:00,133.0,135.39999389648438,132.4199981689453,135.27999877929688,125.65394592285156,2057700,0.0,0.0
2022-08-25 00:00:00-04:00,136.0,136.52000427246094,135.0,136.52000427246094,126.80572509765625,1795350,0.0,0.0
2022-08-26 00:00:00-04:00,136.1999969482422,136.52000427246094,132.6199951171875,132.63999938964844,123.20178985595703,2022400,0.0,0.0
2022-08-29 00:00:00-04:00,132.63999938964844,132.66000366210938,131.0800018310547,131.66000366210938,122.29151916503906,1492550,0.0,0.0
2022-08-30 00:00:00-04:00,131.16000366210938,131.25999450683594,126.54000091552734,126.76000213623047,117.74020385742188,5748450,0.0,0.0
2022-08-31 00:00:00-04:00,125.44000244140625,126.62000274658203,124.31999969482422,124.76000213623047,115.88251495361328,6347000,0.0,0.0
2022-09-01 00:00:00-04:00,122.77999877929688,123.66000366210938,121.83999633789062,123.58000183105469,114.7864761352539,6530050,0.0,0.0
2022-09-02 00:00:00-04:00,122.58000183105469,123.63999938964844,120.83999633789062,121.37999725341797,112.74300384521484,5654400,0.0,0.0
2022-09-06 00:00:00-04:00,121.58000183105469,122.5199966430664,120.4800033569336,120.81999969482422,112.22286987304688,5181000,0.0,0.0
2022-09-07 00:00:00-04:00,118.12000274658203,120.08000183105469,116.73999786376953,119.63999938964844,111.12682342529297,6019050,0.0,0.0
2022-09-08 00:00:00-04:00,119.08000183105469,121.27999877929688,118.54000091552734,120.63999938964844,112.05567932128906,3531800,0.0,0.0
2022-09-09 00:00:00-04:00,122.36000061035156,122.36000061035156,121.37999725341797,121.69999694824219,113.04024505615234,2217450,0.0,0.0
2022-09-12 00:00:00-04:00,123.30000305175781,124.36000061035156,123.05999755859375,123.5,114.7121810913086,1817100,0.0,0.0
2022-09-13 00:00:00-04:00,120.77999877929688,121.0199966430664,117.72000122070312,117.9800033569336,109.58495330810547,3316100,0.0,0.0
2022-09-14 00:00:00-04:00,118.16000366210938,118.81999969482422,116.95999908447266,117.44000244140625,109.0833740234375,2542950,0.0,0.0
2022-09-15 00:00:00-04:00,117.22000122070312,117.31999969482422,115.87999725341797,116.27999877929688,108.00591278076172,3349650,0.0,0.0
2022-09-16 00:00:00-04:00,117.0,117.5199966430664,115.16000366210938,116.0999984741211,107.8387222290039,3508950,0.0,0.0
2022-09-19 00:00:00-04:00,115.94000244140625,116.05999755859375,114.45999908447266,115.9800033569336,107.7272720336914,1815150,0.0,0.0
2022-09-20 00:00:00-04:00,114.63999938964844,115.27999877929688,113.76000213623047,114.80000305175781,106.6312255859375,2130300,0.0,0.0
2022-09-21 00:00:00-04:00,114.68000030517578,114.83999633789062,112.72000122070312,112.87999725341797,104.84785461425781,2971700,0.0,0.0
2022-09-22 00:00:00-04:00,112.31999969482422,113.0999984741211,111.58000183105469,112.62000274658203,104.6063461303711,3775750,0.0,0.0
2022-09-23 00:00:00-04:00,110.04000091552734,110.86000061035156,108.66000366210938,109.16000366210938,101.3925552368164,4802350,0.0,0.0
2022-09-26 00:00:00-04:00,107.5,108.0199966430664,105.30000305175781,106.04000091552734,98.49456787109375,4968750,0.0,0.0
2022-09-27 00:00:00-04:00,106.83999633789062,108.0199966430664,106.27999877929688,106.4800033569336,98.90325927734375,3924000,0.0,0.0
2022-09-28 00:00:00-04:00,106.5199966430664,109.87999725341797,106.4800033569336,109.37999725341797,101.59688568115234,3917600,0.0,0.0
2022-09-29 00:00:00-04:00,109.4800033569336,110.08000183105469,108.23999786376953,109.81999969482422,102.00558471679688,3222300,0.0,0.0
2022-09-30 00:00:00-04:00,110.41999816894531,111.44000244140625,109.5199966430664,109.68000030517578,101.87554168701172,3771500,0.0,0.0
2022-10-03 00:00:00-04:00,110.13999938964844,111.33999633789062,109.66000366210938,111.0999984741211,103.19450378417969,3034950,0.0,0.0
2022-10-04 00:00:00-04:00,112.68000030517578,114.23999786376953,112.23999786376953,114.08000183105469,105.96246337890625,3707300,0.0,0.0
2022-10-05 00:00:00-04:00,112.0999984741211,113.81999969482422,111.9800033569336,113.45999908447266,105.3865737915039,4628500,0.0,0.0
2022-10-06 00:00:00-04:00,110.68000030517578,111.27999877929688,109.4000015258789,109.81999969482422,102.00558471679688,4457800,0.0,0.0
2022-10-07 00:00:00-04:00,111.5199966430664,112.4000015258789,110.41999816894531,110.80000305175781,102.91585540771484,4108100,0.0,0.0
2022-10-10 00:00:00-04:00,109.76000213623047,109.95999908447266,108.33999633789062,108.41999816894531,100.70520782470703,3110750,0.0,0.0
2022-10-11 00:00:00-04:00,108.68000030517578,112.80000305175781,108.26000213623047,110.5999984741211,102.73008728027344,5089650,0.0,0.0
2022-10-12 00:00:00-04:00,109.86000061035156,110.9000015258789,109.41999816894531,110.13999938964844,102.30281829833984,3083250,0.0,0.0
2022-10-13 00:00:00-04:00,108.36000061035156,111.95999908447266,107.9800033569336,111.05999755859375,103.15735626220703,3268300,0.0,0.0
2022-10-14 00:00:00-04:00,112.41999816894531,113.0,109.63999938964844,109.94000244140625,102.1170425415039,3733200,0.0,0.0
2022-10-17 00:00:00-04:00,113.0199966430664,113.4800033569336,112.22000122070312,112.36000061035156,104.36485290527344,2343150,0.0,0.0
2022-10-18 00:00:00-04:00,113.12000274658203,113.18000030517578,111.26000213623047,111.94000244140625,103.97473907470703,2238900,0.0,0.0
2022-10-19 00:00:00-04:00,111.87999725341797,112.0199966430664,108.69999694824219,109.0199966430664,101.26251220703125,3120450,0.0,0.0
2022-10-20 00:00:00-04:00,107.33999633789062,109.55999755859375,107.04000091552734,108.69999694824219,100.96528625488281,2899400,0.0,0.0
2022-10-21 00:00:00-04:00,107.9800033569336,110.13999938964844,107.55999755859375,109.94000244140625,102.1170425415039,2009050,0.0,0.0
2022-10-24 00:00:00-04:00,110.12000274658203,111.36000061035156,110.0,110.36000061035156,102.50716400146484,2247250,0.0,0.0
2022-10-25 00:00:00-04:00,111.44000244140625,112.44000244140625,111.0,111.80000305175781,103.8447036743164,2921100,0.0,0.0
2022-10-26 00:00:00-04:00,115.0199966430664,116.66000366210938,114.83999633789062,115.91999816894531,107.6715316772461,3816100,0.0,0.0
2022-10-27 00:00:00-04:00,115.36000061035156,116.0199966430664,114.81999969482422,115.22000122070312,107.0213394165039,1741450,0.0,0.0
2022-10-28 00:00:00-04:00,116.80000305175781,117.69999694824219,116.0,117.41999816894531,109.0647964477539,2588800,0.0,0.0
2022-10-31 00:00:00-04:00,116.73999786376953,118.68000030517578,116.72000122070312,117.62000274658203,109.25056457519531,3056800,0.0,0.0
2022-11-01 00:00:00-04:00,119.80000305175781,120.04000091552734,117.91999816894531,119.69999694824219,111.18256378173828,2694450,0.0,0.0
2022-11-02 00:00:00-04:00,120.5999984741211,122.5999984741211,119.37999725341797,119.4000015258789,110.90391540527344,3027900,0.0,0.0
2022-11-03 00:00:00-04:00,117.83999633789062,120.18000030517578,117.72000122070312,119.86000061035156,111.33118438720703,2276150,0.0,0.0
2022-11-04 00:00:00-04:00,120.72000122070312,122.27999877929688,120.27999877929688,121.9800033569336,113.30033111572266,2696350,0.0,0.0
2022-11-07 00:00:00-05:00,122.12000274658203,122.72000122070312,121.5999984741211,122.19999694824219,113.5046615600586,2585700,0.0,0.0
2022-11-08 00:00:00-05:00,122.44000244140625,123.62000274658203,121.95999908447266,122.66000366210938,113.93193817138672,2539050,0.0,0.0
2022-11-09 00:00:00-05:00,122.62000274658203,123.77999877929688,121.91999816894531,122.0999984741211,113.41178894042969,2784950,0.0,0.0
2022-11-10 00:00:00-05:00,130.74000549316406,131.83999633789062,128.3800048828125,130.17999267578125,120.91683197021484,5808250,0.0,0.0
2022-11-11 00:00:00-05:00,127.54000091552734,127.87999725341797,123.87999725341797,125.54000091552734,116.60700225830078,4262050,0.0,0.0
2022-11-14 00:00:00-05:00,127.91999816894531,129.0399932861328,127.08000183105469,127.81999969482422,118.72476196289062,2554800,0.0,0.0
2022-11-15 00:00:00-05:00,129.16000366210938,129.6199951171875,126.0999984741211,127.9000015258789,118.799072265625,3833150,0.0,0.0
2022-11-16 00:00:00-05:00,128.24000549316406,128.60000610351562,126.94000244140625,127.5999984741211,118.52041625976562,1865250,0.0,0.0
2022-11-17 00:00:00-05:00,126.77999877929688,128.39999389648438,126.5,128.1199951171875,119.00341033935547,3044800,0.0,0.0
2022-11-18 00:00:00-05:00,130.4199981689453,130.5800018310547,129.1199951171875,130.13999938964844,120.87968444824219,3059200,0.0,0.0
2022-11-21 00:00:00-05:00,131.02000427246094,131.47999572753906,130.25999450683594,130.86000061035156,121.54846954345703,2102650,0.0,0.0
2022-11-22 00:00:00-05:00,130.44000244140625,132.17999267578125,130.39999389648438,132.0,122.60733032226562,2085000,0.0,0.0
2022-11-23 00:00:00-05:00,132.5399932861328,132.86000061035156,131.5800018310547,132.24000549316406,122.83026885986328,1661600,0.0,0.0
2022-11-25 00:00:00-05:00,131.86000061035156,132.67999267578125,131.44000244140625,132.33999633789062,122.92312622070312,930650,0.0,0.0
2022-11-28 00:00:00-05:00,132.5,133.8000030517578,132.32000732421875,132.4199981689453,122.9974365234375,1446050,0.0,0.0
2022-11-29 00:00:00-05:00,132.6999969482422,132.9199981689453,131.75999450683594,132.16000366210938,122.75593566894531,1682500,0.0,0.0
2022-11-30 00:00:00-05:00,134.67999267578125,135.97999572753906,132.77999877929688,135.94000244140625,126.2669906616211,2819350,0.0,0.0
2022-12-01 00:00:00-05:00,137.0,137.60000610351562,136.55999755859375,136.67999267578125,126.95433044433594,1978900,0.0,0.0
2022-12-02 00:00:00-05:00,136.36000061035156,137.44000244140625,136.0800018310547,136.94000244140625,127.19584655761719,1779700,0.0,0.0
2022-12-05 00:00:00-05:00,137.1999969482422,137.94000244140625,136.5800018310547,136.83999633789062,127.10295104980469,2079700,0.0,0.0
2022-12-06 00:00:00-05:00,136.17999267578125,138.33999633789062,135.6199951171875,137.1199951171875,127.3630142211914,3567550,0.0,0.0
2022-12-07 00:00:00-05:00,137.74000549316406,138.6199951171875,136.75999450683594,137.6999969482422,127.9017333984375,2183600,0.0,0.0
2022-12-08 00:00:00-05:00,137.8800048828125,138.94000244140625,137.66000366210938,138.33999633789062,128.49620056152344,1457800,0.0,0.0
2022-12-09 00:00:00-05:00,139.44000244140625,140.0,138.83999633789062,139.10000610351562,129.2021484375,2244300,0.0,0.0
2022-12-12 00:00:00-05:00,139.0399932861328,139.3800048828125,138.33999633789062,138.55999755859375,128.70054626464844,2073350,0.0,0.0
2022-12-13 00:00:00-05:00,140.47999572753906,141.4199981689453,138.75999450683594,139.16000366210938,129.25784301757812,2593950,0.0,0.0
2022-12-14 00:00:00-05:00,140.22000122070312,141.67999267578125,139.36000061035156,140.8800048828125,130.85546875,2178250,0.0,0.0
2022-12-15 00:00:00-05:00,140.05999755859375,140.22000122070312,138.47999572753906,139.47999572753906,129.55506896972656,2334700,0.0,0.0
2022-12-16 00:00:00-05:00,135.9199981689453,136.52000427246094,135.32000732421875,135.8800048828125,126.21125030517578,3195650,0.0,0.0
2022-12-19 00:00:00-05:00,135.77999877929688,135.8000030517578,134.3800048828125,134.94000244140625,125.33814239501953,1887450,0.0,0.0
2022-12-20 00:00:00-05:00,134.74000549316406,135.60000610351562,134.27999877929688,135.44000244140625,125.80255126953125,1243250,0.0,0.0
2022-12-21 00:00:00-05:00,134.60000610351562,136.33999633789062,134.32000732421875,135.8000030517578,126.13694763183594,1427600,0.0,0.0
2022-12-22 00:00:00-05:00,135.74000549316406,136.17999267578125,134.8800048828125,136.16000366210938,126.4713134765625,1246400,0.0,0.0
2022-12-23 00:00:00-05:00,135.17999267578125,135.97999572753906,134.9199981689453,135.9600067138672,126.28556823730469,1161300,0.0,0.0
2022-12-27 00:00:00-05:00,137.0,137.10000610351562,135.44000244140625,135.86000061035156,126.19266510009766,1044500,0.0,0.0
2022-12-28 00:00:00-05:00,135.67999267578125,136.55999755859375,135.02000427246094,135.1199951171875,125.50533294677734,1149700,0.0,0.0
2022-12-29 00:00:00-05:00,136.32000732421875,136.94000244140625,136.05999755859375,136.1999969482422,126.50847625732422,1289500,0.0,0.0
2022-12-30 00:00:00-05:00,135.5800018310547,136.10000610351562,134.25999450683594,135.60000610351562,125.95118713378906,1802700,0.0,0.0
2023-01-03 00:00:00-05:00,137.3000030517578,138.86000061035156,137.1999969482422,138.66000366210938,128.7934112548828,1736950,0.0,0.0
2023-01-04 00:00:00-05:00,140.97999572753906,141.17999267578125,138.24000549316406,139.0,129.10923767089844,2468150,0.0,0.0
2023-01-05 00:00:00-05:00,138.32000732421875,140.60000610351562,137.77999877929688,139.6199951171875,129.68511962890625,2510100,0.0,0.0
2023-01-06 00:00:00-05:00,139.6999969482422,142.3800048828125,139.22000122070312,141.60000610351562,131.5242462158203,3670750,0.0,0.0
2023-01-09 00:00:00-05:00,142.10000610351562,143.32000732421875,141.44000244140625,141.8000030517578,131.70999145507812,3293200,0.0,0.0
2023-01-10 00:00:00-05:00,143.36000061035156,144.24000549316406,142.83999633789062,143.1999969482422,133.01036071777344,2400200,0.0,0.0
2023-01-11 00:00:00-05:00,142.72000122070312,142.9199981689453,140.8800048828125,140.89999389648438,130.8740234375,2930700,0.0,0.0
2023-01-12 00:00:00-05:00,139.63999938964844,140.74000549316406,136.86000061035156,140.16000366210938,130.18670654296875,3374850,0.0,0.0
2023-01-13 00:00:00-05:00,141.94000244140625,143.05999755859375,141.52000427246094,142.16000366210938,132.04437255859375,2018400,0.0,0.0
2023-01-17 00:00:00-05:00,143.24000549316406,143.27999877929688,141.27999877929688,141.47999572753906,131.4127655029297,1996100,0.0,0.0
2023-01-18 00:00:00-05:00,143.39999389648438,143.8800048828125,141.66000366210938,141.77999877929688,131.69143676757812,3280800,0.0,0.0
2023-01-19 00:00:00-05:00,141.16000366210938,141.9199981689453,140.5399932861328,140.97999572753906,130.9483642578125,3638600,0.0,0.0
2023-01-20 00:00:00-05:00,139.02000427246094,139.25999450683594,137.16000366210938,138.3000030517578,128.4590301513672,4874050,0.0,0.0
2023-01-23 00:00:00-05:00,137.4199981689453,138.1999969482422,135.1199951171875,135.22000122070312,125.59822082519531,3929050,0.0,0.0
2023-01-24 00:00:00-05:00,132.3000030517578,132.74000549316406,131.0399932861328,132.55999755859375,123.12750244140625,5433600,0.0,0.0
2023-01-25 00:00:00-05:00,131.67999267578125,133.82000732421875,131.67999267578125,133.25999450683594,123.77767181396484,2657100,0.0,0.0
2023-01-26 00:00:00-05:00,133.6999969482422,133.6999969482422,131.27999877929688,131.97999572753906,122.58875274658203,2729200,0.0,0.0
2023-01-27 00:00:00-05:00,130.8000030517578,131.55999755859375,130.3800048828125,131.05999755859375,121.73421478271484,1588100,0.0,0.0
2023-01-30 00:00:00-05:00,132.75999450683594,132.83999633789062,131.44000244140625,131.67999267578125,122.31010437011719,2585100,0.0,0.0
2023-01-31 00:00:00-05:00,130.0800018310547,130.75999450683594,129.6999969482422,130.74000549316406,121.43699645996094,2886350,0.0,0.0
2023-02-01 00:00:00-05:00,128.8800048828125,128.94000244140625,125.63999938964844,127.12000274658203,118.07457733154297,4769000,0.0,0.0
2023-02-02 00:00:00-05:00,126.72000122070312,126.77999877929688,125.04000091552734,126.30000305175781,117.31294250488281,4397050,0.0,0.0
2023-02-03 00:00:00-05:00,127.30000305175781,128.17999267578125,126.4000015258789,126.87999725341797,117.85164642333984,2415850,0.0,0.0
2023-02-06 00:00:00-05:00,127.16000366210938,127.69999694824219,126.41999816894531,127.04000091552734,118.0002670288086,2348700,0.0,0.0
2023-02-07 00:00:00-05:00,126.5199966430664,128.8000030517578,126.37999725341797,128.5800018310547,119.43070220947266,2325100,0.0,0.0
2023-02-08 00:00:00-05:00,130.5399932861328,130.55999755859375,128.39999389648438,128.72000122070312,119.56072998046875,2518400,0.0,0.0
2023-02-09 00:00:00-05:00,136.6199951171875,137.17999267578125,134.55999755859375,134.83999633789062,125.24525451660156,4184000,0.0,0.0
2023-02-10 00:00:00-05:00,137.22000122070312,138.0,136.4199981689453,137.75999450683594,127.95745849609375,2959100,0.0,0.0
2023-02-13 00:00:00-05:00,137.05999755859375,139.5399932861328,137.0,139.4199981689453,129.49937438964844,2501800,0.0,0.0
2023-02-14 00:00:00-05:00,139.83999633789062,141.16000366210938,139.60000610351562,140.67999267578125,130.66969299316406,2481500,0.0,0.0
2023-02-15 00:00:00-05:00,138.8800048828125,139.66000366210938,138.5399932861328,139.3800048828125,129.4622039794922,2172650,0.0,0.0
2023-02-16 00:00:00-05:00,135.67999267578125,137.33999633789062,135.36000061035156,135.89999389648438,126.22982788085938,2387200,0.0,0.0
2023-02-17 00:00:00-05:00,136.47999572753906,138.47999572753906,136.16000366210938,137.94000244140625,128.12464904785156,1776550,0.0,0.0
2023-02-21 00:00:00-05:00,140.5399932861328,140.5399932861328,138.82000732421875,139.17999267578125,129.27639770507812,2676900,0.0,0.0
2023-02-22 00:00:00-05:00,139.24000549316406,139.3000030517578,137.44000244140625,137.6999969482422,127.9017333984375,1807000,0.0,0.0
2023-02-23 00:00:00-05:00,135.1999969482422,135.77999877929688,134.1999969482422,134.8000030517578,127.02538299560547,1828950,1.97,0.0
2023-02-24 00:00:00-05:00,133.47999572753906,133.6999969482422,132.16000366210938,132.74000549316406,125.08419799804688,2265000,0.0,0.0
2023-02-27 00:00:00-05:00,133.8000030517578,134.13999938964844,133.05999755859375,133.60000610351562,125.89457702636719,1841300,0.0,0.0
2023-02-28 00:00:00-05:00,131.39999389648438,132.16000366210938,130.25999450683594,130.36000061035156,122.8414535522461,2142550,0.0,0.0
2023-03-01 00:00:00-05:00,130.32000732421875,130.66000366210938,129.4199981689453,130.4199981689453,122.89799499511719,1710950,0.0,0.0
2023-03-02 00:00:00-05:00,128.55999755859375,130.27999877929688,128.5,130.1999969482422,122.69068145751953,1676850,0.0,0.0
2023-03-03 00:00:00-05:00,129.39999389648438,130.44000244140625,129.16000366210938,130.39999389648438,122.87914276123047,1886150,0.0,0.0
2023-03-06 00:00:00-05:00,129.0800018310547,129.83999633789062,128.77999877929688,129.1199951171875,121.6729736328125,1750600,0.0,0.0
2023-03-07 00:00:00-05:00,130.27999877929688,130.63999938964844,128.1999969482422,128.5800018310547,121.16413116455078,1651800,0.0,0.0
2023-03-08 00:00:00-05:00,128.86000061035156,129.02000427246094,127.54000091552734,128.24000549316406,120.84373474121094,1578650,0.0,0.0
2023-03-09 00:00:00-05:00,129.94000244140625,130.02000427246094,127.94000244140625,128.1999969482422,120.8060302734375,1476050,0.0,0.0
2023-03-10 00:00:00-05:00,127.86000061035156,129.67999267578125,127.83999633789062,128.3800048828125,120.97566223144531,2869300,0.0,0.0
2023-03-13 00:00:00-04:00,129.9600067138672,131.60000610351562,129.5800018310547,130.36000061035156,122.8414535522461,4083350,0.0,0.0
2023-03-14 00:00:00-04:00,129.5800018310547,130.25999450683594,128.94000244140625,130.17999267578125,122.67184448242188,2448250,0.0,0.0
2023-03-15 00:00:00-04:00,129.25999450683594,129.4600067138672,127.77999877929688,129.16000366210938,121.7106704711914,2633350,0.0,0.0
2023-03-16 00:00:00-04:00,129.6199951171875,132.0399932861328,128.82000732421875,131.9600067138672,124.34918975830078,2294600,0.0,0.0
2023-03-17 00:00:00-04:00,131.16000366210938,131.67999267578125,130.66000366210938,131.22000122070312,123.65186309814453,2701400,0.0,0.0
2023-03-20 00:00:00-04:00,131.83999633789062,133.5399932861328,131.5800018310547,133.47999572753906,125.78150177001953,1995800,0.0,0.0
2023-03-21 00:00:00-04:00,133.1199951171875,134.1199951171875,132.82000732421875,133.97999572753906,126.252685546875,1744800,0.0,0.0
2023-03-22 00:00:00-04:00,133.44000244140625,134.75999450683594,133.10000610351562,133.13999938964844,125.46112823486328,2084000,0.0,0.0
2023-03-23 00:00:00-04:00,135.22000122070312,135.67999267578125,133.83999633789062,134.52000427246094,126.76154327392578,2155850,0.0,0.0
2023-03-24 00:00:00-04:00,135.4600067138672,136.0,134.16000366210938,135.82000732421875,127.98656463623047,2007350,0.0,0.0
2023-03-27 00:00:00-04:00,137.8000030517578,138.5399932861328,137.22000122070312,137.4600067138672,129.53196716308594,2876400,0.0,0.0
2023-03-28 00:00:00-04:00,138.3000030517578,138.39999389648438,136.72000122070312,137.1999969482422,129.2869415283203,2066400,0.0,0.0
2023-03-29 00:00:00-04:00,137.67999267578125,137.72000122070312,136.6199951171875,137.27999877929688,129.3623504638672,2165150,0.0,0.0
2023-03-30 00:00:00-04:00,138.10000610351562,138.44000244140625,137.25999450683594,138.39999389648438,130.4177703857422,2324050,0.0,0.0
2023-03-31 00:00:00-04:00,139.75999450683594,139.86000061035156,138.47999572753906,138.82000732421875,130.8135223388672,1750150,0.0,0.0
2023-04-03 00:00:00-04:00,139.05999755859375,139.89999389648438,138.72000122070312,139.82000732421875,131.755859375,2374600,0.0,0.0
2023-04-04 00:00:00-04:00,139.9600067138672,141.13999938964844,139.6199951171875,140.5,132.39662170410156,2191700,0.0,0.0
2023-04-05 00:00:00-04:00,144.0,144.9600067138672,143.60000610351562,144.10000610351562,135.78900146484375,2936600,0.0,0.0
2023-04-06 00:00:00-04:00,144.82000732421875,145.5800018310547,144.3800048828125,144.67999267578125,136.33555603027344,2170050,0.0,0.0
2023-04-10 00:00:00-04:00,144.39999389648438,144.39999389648438,142.33999633789062,144.13999938964844,135.8267059326172,1389050,0.0,0.0
2023-04-11 00:00:00-04:00,144.8000030517578,145.0,144.13999938964844,144.36000061035156,136.03399658203125,1465600,0.0,0.0
2023-04-12 00:00:00-04:00,147.1999969482422,148.24000549316406,146.52000427246094,147.52000427246094,139.01174926757812,2160200,0.0,0.0
2023-04-13 00:00:00-04:00,148.10000610351562,149.66000366210938,148.0399932861328,149.5399932861328,140.91525268554688,1897100,0.0,0.0
2023-04-14 00:00:00-04:00,148.66000366210938,148.94000244140625,147.13999938964844,147.72000122070312,139.20022583007812,1990700,0.0,0.0
2023-04-17 00:00:00-04:00,147.52000427246094,147.63999938964844,146.02000427246094,147.25999450683594,138.76673889160156,2204350,0.0,0.0
2023-04-18 00:00:00-04:00,150.72000122070312,151.66000366210938,148.94000244140625,150.0399932861328,141.3863983154297,3782850,0.0,0.0
2023-04-19 00:00:00-04:00,149.10000610351562,149.8000030517578,148.82000732421875,149.67999267578125,141.0471649169922,2244150,0.0,0.0
2023-04-20 00:00:00-04:00,149.75999450683594,149.9199981689453,148.72000122070312,149.05999755859375,140.4629364013672,1956850,0.0,0.0
2023-04-21 00:00:00-04:00,151.22000122070312,151.82000732421875,150.66000366210938,151.1999969482422,142.47950744628906,2550100,0.0,0.0
2023-04-24 00:00:00-04:00,151.3800048828125,151.66000366210938,150.6999969482422,151.6199951171875,142.87527465820312,1547950,0.0,0.0
2023-04-25 00:00:00-04:00,153.0,153.1199951171875,151.32000732421875,151.32000732421875,142.59259033203125,2236200,0.0,0.0
2023-04-26 00:00:00-04:00,150.4600067138672,150.4600067138672,146.89999389648438,147.3000030517578,138.80445861816406,2561350,0.0,0.0
2023-04-27 00:00:00-04:00,147.10000610351562,147.9199981689453,146.27999877929688,147.55999755859375,139.0494384765625,2348500,0.0,0.0
2023-04-28 00:00:00-04:00,146.0399932861328,147.52000427246094,145.66000366210938,146.44000244140625,137.99404907226562,2127350,0.0,0.0
2023-05-01 00:00:00-04:00,146.6999969482422,147.5399932861328,145.74000549316406,147.0,138.52175903320312,1303450,0.0,0.0
2023-05-02 00:00:00-04:00,145.9600067138672,147.55999755859375,145.9600067138672,147.39999389648438,138.89865112304688,1831500,0.0,0.0
2023-05-03 00:00:00-04:00,148.5,149.9600067138672,148.16000366210938,149.17999267578125,140.57601928710938,1777550,0.0,0.0
2023-05-04 00:00:00-04:00,148.94000244140625,149.24000549316406,148.25999450683594,148.75999450683594,140.1802215576172,1523700,0.0,0.0
2023-05-05 00:00:00-04:00,148.72000122070312,150.97999572753906,148.25999450683594,150.5399932861328,141.85755920410156,1703950,0.0,0.0
2023-05-08 00:00:00-04:00,150.5800018310547,151.24000549316406,150.0399932861328,150.66000366210938,141.97064208984375,1063100,0.0,0.0
2023-05-09 00:00:00-04:00,149.44000244140625,150.6199951171875,149.44000244140625,150.16000366210938,141.49949645996094,1378050,0.0,0.0
2023-05-10 00:00:00-04:00,149.36000061035156,150.1199951171875,148.60000610351562,149.74000549316406,141.10372924804688,1641850,0.0,0.0
2023-05-11 00:00:00-04:00,149.25999450683594,149.6199951171875,148.47999572753906,149.4600067138672,140.83987426757812,1117050,0.0,0.0
2023-05-12 00:00:00-04:00,149.89999389648438,151.1199951171875,149.0800018310547,149.4600067138672,140.83987426757812,1250750,0.0,0.0
2023-05-15 00:00:00-04:00,150.3800048828125,150.44000244140625,149.5800018310547,149.97999572753906,141.32986450195312,1221250,0.0,0.0
2023-05-16 00:00:00-04:00,150.63999938964844,151.32000732421875,150.05999755859375,150.55999755859375,141.87640380859375,1381650,0.0,0.0
2023-05-17 00:00:00-04:00,150.66000366210938,150.6999969482422,147.89999389648438,149.39999389648438,140.7833251953125,1784700,0.0,0.0
2023-05-18 00:00:00-04:00,149.82000732421875,150.3000030517578,147.77999877929688,148.4199981689453,139.8598175048828,2072450,0.0,0.0
2023-05-19 00:00:00-04:00,148.72000122070312,150.60000610351562,148.5399932861328,149.5800018310547,140.9529571533203,1585450,0.0,0.0
2023-05-22 00:00:00-04:00,149.5800018310547,150.63999938964844,148.6199951171875,148.89999389648438,140.31216430664062,1491650,0.0,0.0
2023-05-23 00:00:00-04:00,150.33999633789062,150.33999633789062,148.02000427246094,148.13999938964844,139.5959930419922,1995700,0.0,0.0
2023-05-24 00:00:00-04:00,145.83999633789062,146.1999969482422,144.74000549316406,144.8000030517578,136.44862365722656,3200400,0.0,0.0
2023-05-25 00:00:00-04:00,144.0800018310547,144.36000061035156,142.8800048828125,143.5800018310547,135.29901123046875,2195150,0.0,0.0
2023-05-26 00:00:00-04:00,145.10000610351562,145.8000030517578,144.6199951171875,145.0399932861328,136.67478942871094,1740250,0.0,0.0
2023-05-30 00:00:00-04:00,145.67999267578125,145.72000122070312,142.4600067138672,142.86000061035156,134.6205291748047,2035700,0.0,0.0
2023-05-31 00:00:00-04:00,144.67999267578125,146.47999572753906,143.5,146.16000366210938,137.73020935058594,2409700,0.0,0.0
2023-06-01 00:00:00-04:00,144.55999755859375,146.25999450683594,143.77999877929688,145.67999267578125,137.2778778076172,1649350,0.0,0.0
2023-06-02 00:00:00-04:00,145.83999633789062,146.83999633789062,145.13999938964844,145.17999267578125,136.8067169189453,4020350,0.0,0.0
2023-06-05 00:00:00-04:00,145.74000549316406,146.8800048828125,145.1199951171875,146.39999389648438,137.9563446044922,2222300,0.0,0.0
2023-06-06 00:00:00-04:00,147.55999755859375,147.9600067138672,146.05999755859375,146.8000030517578,138.33328247070312,2358250,0.0,0.0
2023-06-07 00:00:00-04:00,147.77999877929688,147.77999877929688,145.60000610351562,146.6199951171875,138.16366577148438,2738600,0.0,0.0
2023-06-08 00:00:00-04:00,146.27999877929688,148.94000244140625,146.05999755859375,148.5,139.93524169921875,1792400,0.0,0.0
2023-06-09 00:00:00-04:00,147.86000061035156,148.5800018310547,147.1199951171875,148.1199951171875,139.57713317871094,1898900,0.0,0.0
2023-06-12 00:00:00-04:00,147.27999877929688,148.10000610351562,146.8800048828125,147.6999969482422,139.18136596679688,3475450,0.0,0.0
2023-06-13 00:00:00-04:00,147.89999389648438,148.9600067138672,147.63999938964844,148.25999450683594,139.7090606689453,2554200,0.0,0.0
2023-06-14 00:00:00-04:00,147.5,147.9199981689453,145.0399932861328,145.5399932861328,137.1459503173828,1910450,0.0,0.0
2023-06-15 00:00:00-04:00,148.0,149.47999572753906,147.16000366210938,149.24000549316406,140.632568359375,2225250,0.0,0.0
2023-06-16 00:00:00-04:00,150.83999633789062,151.5,150.36000061035156,150.44000244140625,141.7633514404297,2449900,0.0,0.0
2023-06-20 00:00:00-04:00,149.0,149.25999450683594,147.8800048828125,147.89999389648438,139.3698272705078,1775800,0.0,0.0
2023-06-21 00:00:00-04:00,146.8800048828125,147.75999450683594,146.22000122070312,146.75999450683594,138.2955780029297,2200100,0.0,0.0
2023-06-22 00:00:00-04:00,146.47999572753906,148.22000122070312,146.36000061035156,147.89999389648438,139.3698272705078,2686050,0.0,0.0
2023-06-23 00:00:00-04:00,145.1999969482422,146.63999938964844,144.0,144.24000549316406,135.92092895507812,2961000,0.0,0.0
2023-06-26 00:00:00-04:00,144.6199951171875,144.66000366210938,142.77999877929688,143.4600067138672,135.18592834472656,2069750,0.0,0.0
2023-06-27 00:00:00-04:00,143.16000366210938,143.75999450683594,142.1999969482422,143.33999633789062,135.07284545898438,1793950,0.0,0.0
2023-06-28 00:00:00-04:00,142.9199981689453,143.10000610351562,141.67999267578125,141.9199981689453,133.7347412109375,1699400,0.0,0.0
2023-06-29 00:00:00-04:00,140.74000549316406,142.0,140.25999450683594,141.6999969482422,133.52743530273438,1657700,0.0,0.0
2023-06-30 00:00:00-04:00,143.52000427246094,143.8000030517578,142.94000244140625,143.13999938964844,134.88438415527344,2389150,0.0,0.0
2023-07-03 00:00:00-04:00,134.17999267578125,134.6199951171875,130.25999450683594,130.5,122.97339630126953,8174900,0.0,0.0
2023-07-05 00:00:00-04:00,133.72000122070312,135.3000030517578,133.02000427246094,134.1199951171875,126.38457489013672,6772400,0.0,0.0
2023-07-06 00:00:00-04:00,132.3000030517578,132.55999755859375,130.63999938964844,130.82000732421875,123.27494049072266,3011500,0.0,0.0
2023-07-07 00:00:00-04:00,130.66000366210938,131.02000427246094,129.10000610351562,129.6999969482422,122.21952056884766,2605700,0.0,0.0
2023-07-10 00:00:00-04:00,129.94000244140625,130.97999572753906,129.75999450683594,130.3800048828125,122.86032104492188,2201950,0.0,0.0
2023-07-11 00:00:00-04:00,130.02000427246094,130.33999633789062,129.4600067138672,129.72000122070312,122.23837280273438,3239200,0.0,0.0
2023-07-12 00:00:00-04:00,131.25999450683594,133.44000244140625,131.05999755859375,132.94000244140625,125.27267456054688,4373250,0.0,0.0
2023-07-13 00:00:00-04:00,134.89999389648438,135.60000610351562,134.6999969482422,135.4199981689453,127.60962677001953,3534300,0.0,0.0
2023-07-14 00:00:00-04:00,137.83999633789062,137.83999633789062,134.5,134.75999450683594,126.98767852783203,3778550,0.0,0.0
2023-07-17 00:00:00-04:00,133.66000366210938,134.3000030517578,133.17999267578125,134.10000610351562,126.36576843261719,1736150,0.0,0.0
2023-07-18 00:00:00-04:00,133.8800048828125,134.6199951171875,133.16000366210938,133.5399932861328,125.83804321289062,4457200,0.0,0.0
2023-07-19 00:00:00-04:00,135.5399932861328,136.55999755859375,135.10000610351562,135.10000610351562,127.30809020996094,4218700,0.0,0.0
2023-07-20 00:00:00-04:00,136.83999633789062,137.75999450683594,136.8000030517578,137.1199951171875,129.21157836914062,3567050,0.0,0.0
2023-07-21 00:00:00-04:00,137.22000122070312,139.3000030517578,137.22000122070312,138.67999267578125,130.68161010742188,4387300,0.0,0.0
2023-07-24 00:00:00-04:00,137.9199981689453,138.4600067138672,137.5800018310547,137.83999633789062,129.89004516601562,1804100,0.0,0.0
2023-07-25 00:00:00-04:00,136.3800048828125,138.52000427246094,136.32000732421875,138.39999389648438,130.4177703857422,2107000,0.0,0.0
2023-07-26 00:00:00-04:00,136.9199981689453,139.0800018310547,136.5399932861328,138.75999450683594,130.75697326660156,2339400,0.0,0.0
2023-07-27 00:00:00-04:00,137.4600067138672,138.22000122070312,136.22000122070312,136.27999877929688,128.42002868652344,2628700,0.0,0.0
2023-07-28 00:00:00-04:00,142.77999877929688,143.74000549316406,141.8800048828125,142.66000366210938,134.4320526123047,3810500,0.0,0.0
2023-07-31 00:00:00-04:00,143.4199981689453,144.13999938964844,142.63999938964844,143.39999389648438,135.1293487548828,1918500,0.0,0.0
2023-08-01 00:00:00-04:00,142.66000366210938,143.3800048828125,142.5399932861328,142.89999389648438,134.658203125,1937850,0.0,0.0
2023-08-02 00:00:00-04:00,140.66000366210938,141.9199981689453,140.32000732421875,140.94000244140625,132.81124877929688,2685150,0.0,0.0
2023-08-03 00:00:00-04:00,137.24000549316406,139.55999755859375,137.1999969482422,139.33999633789062,131.3035430908203,3099500,0.0,0.0
2023-08-04 00:00:00-04:00,138.39999389648438,139.82000732421875,138.36000061035156,138.8000030517578,130.79466247558594,2031950,0.0,0.0
2023-08-07 00:00:00-04:00,139.0,139.97999572753906,138.5800018310547,139.86000061035156,131.79354858398438,2435000,0.0,0.0
2023-08-08 00:00:00-04:00,139.44000244140625,141.25999450683594,139.3800048828125,140.9600067138672,132.8301239013672,2721150,0.0,0.0
2023-08-09 00:00:00-04:00,141.77999877929688,143.1199951171875,141.66000366210938,142.55999755859375,134.33782958984375,2162100,0.0,0.0
2023-08-10 00:00:00-04:00,142.0800018310547,143.02000427246094,140.66000366210938,140.67999267578125,133.43673706054688,1938300,0.93,0.0
2023-08-11 00:00:00-04:00,139.39999389648438,141.16000366210938,139.0800018310547,140.74000549316406,133.49365234375,1774850,0.0,0.0
2023-08-14 00:00:00-04:00,140.05999755859375,141.82000732421875,139.8800048828125,141.67999267578125,134.38525390625,1921550,0.0,0.0
2023-08-15 00:00:00-04:00,139.8800048828125,140.24000549316406,138.67999267578125,139.02000427246094,131.86221313476562,2121900,0.0,0.0
2023-08-16 00:00:00-04:00,137.89999389648438,140.05999755859375,137.83999633789062,139.4199981689453,132.2416229248047,2785700,0.0,0.0
2023-08-17 00:00:00-04:00,138.47999572753906,139.5399932861328,138.24000549316406,138.24000549316406,131.1223602294922,3216150,0.0,0.0
2023-08-18 00:00:00-04:00,136.74000549316406,137.55999755859375,136.1999969482422,136.9199981689453,129.8703155517578,3812350,0.0,0.0
2023-08-21 00:00:00-04:00,137.9600067138672,138.27999877929688,137.0399932861328,137.75999450683594,130.6670684814453,2041200,0.0,0.0
2023-08-22 00:00:00-04:00,137.6199951171875,137.94000244140625,136.77999877929688,137.5399932861328,130.45840454101562,2105750,0.0,0.0
2023-08-23 00:00:00-04:00,137.32000732421875,138.4199981689453,136.77999877929688,138.1999969482422,131.0844268798828,2096550,0.0,0.0
2023-08-24 00:00:00-04:00,137.66000366210938,138.3000030517578,135.77999877929688,135.77999877929688,128.7890167236328,1934050,0.0,0.0
2023-08-25 00:00:00-04:00,136.0800018310547,136.89999389648438,134.52000427246094,136.5,129.47193908691406,1870450,0.0,0.0
2023-08-28 00:00:00-04:00,137.22000122070312,137.5,136.6199951171875,137.27999877929688,130.2117919921875,985400,0.0,0.0
2023-08-29 00:00:00-04:00,136.74000549316406,138.33999633789062,136.67999267578125,138.27999877929688,131.16030883789062,1385200,0.0,0.0
2023-08-30 00:00:00-04:00,138.9199981689453,139.16000366210938,137.5800018310547,137.72000122070312,130.62913513183594,1490400,0.0,0.0
2023-08-31 00:00:00-04:00,137.97999572753906,137.97999572753906,135.52000427246094,135.63999938964844,128.65621948242188,2173900,0.0,0.0
2023-09-01 00:00:00-04:00,136.8000030517578,137.02000427246094,135.75999450683594,136.27999877929688,129.26329040527344,1287500,0.0,0.0
2023-09-05 00:00:00-04:00,136.6999969482422,136.72000122070312,135.16000366210938,135.27999877929688,128.31475830078125,1283200,0.0,0.0
2023-09-06 00:00:00-04:00,134.55999755859375,134.67999267578125,133.22000122070312,134.0,127.10067749023438,2508200,0.0,0.0
2023-09-07 00:00:00-04:00,134.67999267578125,136.52000427246094,134.5800018310547,136.0,128.99769592285156,1454200,0.0,0.0
2023-09-08 00:00:00-04:00,136.66000366210938,137.0,136.1199951171875,136.44000244140625,129.4150390625,2186050,0.0,0.0
2023-09-11 00:00:00-04:00,131.9199981689453,133.25999450683594,131.44000244140625,133.1999969482422,126.34185028076172,3214250,0.0,0.0
2023-09-12 00:00:00-04:00,134.32000732421875,135.22000122070312,133.97999572753906,134.67999267578125,127.74565124511719,2183400,0.0,0.0
2023-09-13 00:00:00-04:00,134.3800048828125,134.82000732421875,132.86000061035156,132.89999389648438,126.05728149414062,2385950,0.0,0.0
2023-09-14 00:00:00-04:00,133.72000122070312,136.0800018310547,133.55999755859375,135.55999755859375,128.58035278320312,2412750,0.0,0.0
2023-09-15 00:00:00-04:00,137.27999877929688,137.8000030517578,136.39999389648438,136.5399932861328,129.5098876953125,2591150,0.0,0.0
2023-09-18 00:00:00-04:00,135.5,135.72000122070312,132.97999572753906,133.25999450683594,126.39877319335938,1927800,0.0,0.0
2023-09-19 00:00:00-04:00,132.36000061035156,133.36000061035156,131.63999938964844,133.33999633789062,126.47463989257812,2012900,0.0,0.0
2023-09-20 00:00:00-04:00,135.94000244140625,137.0,135.5399932861328,135.9199981689453,128.9217987060547,2997850,0.0,0.0
2023-09-21 00:00:00-04:00,136.17999267578125,136.22000122070312,134.0399932861328,134.0399932861328,127.13860321044922,2317450,0.0,0.0
2023-09-22 00:00:00-04:00,136.74000549316406,137.02000427246094,135.47999572753906,135.66000366210938,128.67520141601562,2638500,0.0,0.0
2023-09-25 00:00:00-04:00,136.55999755859375,138.5,135.8800048828125,137.8800048828125,130.78091430664062,2116950,0.0,0.0
2023-09-26 00:00:00-04:00,137.9199981689453,138.36000061035156,136.16000366210938,136.44000244140625,129.4150390625,2108050,0.0,0.0
2023-09-27 00:00:00-04:00,137.3000030517578,137.44000244140625,134.8000030517578,135.8800048828125,128.8838653564453,1923100,0.0,0.0
2023-09-28 00:00:00-04:00,134.55999755859375,135.6999969482422,133.4199981689453,134.83999633789062,127.89741516113281,2223850,0.0,0.0
2023-09-29 00:00:00-04:00,137.55999755859375,137.55999755859375,135.16000366210938,135.44000244140625,128.46652221679688,1845650,0.0,0.0
2023-10-02 00:00:00-04:00,133.83999633789062,133.94000244140625,132.5,133.4600067138672,126.5884780883789,1945850,0.0,0.0
2023-10-03 00:00:00-04:00,133.6999969482422,133.74000549316406,131.9600067138672,132.52000427246094,125.69686889648438,2069600,0.0,0.0
2023-10-04 00:00:00-04:00,133.0800018310547,133.47999572753906,132.0800018310547,133.24000549316406,126.37980651855469,1948300,0.0,0.0
2023-10-05 00:00:00-04:00,133.27999877929688,134.27999877929688,132.77999877929688,133.75999450683594,126.87301635742188,1200550,0.0,0.0
2023-10-06 00:00:00-04:00,134.0800018310547,135.1199951171875,132.8800048828125,134.83999633789062,127.89741516113281,1538650,0.0,0.0
2023-10-09 00:00:00-04:00,133.5,134.5399932861328,132.8000030517578,134.0800018310547,127.17655944824219,1509100,0.0,0.0
2023-10-10 00:00:00-04:00,134.9600067138672,136.1999969482422,134.4199981689453,136.02000427246094,129.0166473388672,1910450,0.0,0.0
2023-10-11 00:00:00-04:00,135.60000610351562,136.05999755859375,134.47999572753906,136.02000427246094,129.0166473388672,2206450,0.0,0.0
2023-10-12 00:00:00-04:00,136.83999633789062,137.32000732421875,135.74000549316406,136.22000122070312,129.20635986328125,1921000,0.0,0.0
2023-10-13 00:00:00-04:00,135.4199981689453,136.25999450683594,133.9199981689453,134.66000366210938,127.72669982910156,1928900,0.0,0.0
2023-10-16 00:00:00-04:00,133.22000122070312,135.8800048828125,133.0800018310547,135.63999938964844,128.65621948242188,4392850,0.0,0.0
2023-10-17 00:00:00-04:00,136.55999755859375,141.8800048828125,127.12000274658203,138.55999755859375,131.42588806152344,11531450,0.0,0.0
2023-10-18 00:00:00-04:00,133.60000610351562,134.44000244140625,129.94000244140625,130.47999572753906,123.76189422607422,6688650,0.0,0.0
2023-10-19 00:00:00-04:00,129.75999450683594,130.36000061035156,128.16000366210938,128.83999633789062,122.20634460449219,4404900,0.0,0.0
2023-10-20 00:00:00-04:00,127.83999633789062,129.0,127.66000366210938,127.66000366210938,121.08710479736328,2913000,0.0,0.0
2023-10-23 00:00:00-04:00,125.66000366210938,126.9800033569336,124.44000244140625,126.0999984741211,119.607421875,4509000,0.0,0.0
2023-10-24 00:00:00-04:00,126.58000183105469,129.5,126.58000183105469,129.13999938964844,122.49089813232422,3656150,0.0,0.0
2023-10-25 00:00:00-04:00,129.32000732421875,129.94000244140625,128.02000427246094,128.4199981689453,121.80796813964844,2323850,0.0,0.0
2023-10-26 00:00:00-04:00,128.16000366210938,128.82000732421875,126.63999938964844,126.81999969482422,120.29034423828125,2691100,0.0,0.0
2023-10-27 00:00:00-04:00,126.30000305175781,126.45999908447266,123.45999908447266,123.77999877929688,117.40687561035156,2648300,0.0,0.0
2023-10-30 00:00:00-04:00,125.5999984741211,126.08000183105469,124.86000061035156,125.87999725341797,119.39874267578125,2520250,0.0,0.0
2023-10-31 00:00:00-04:00,125.9800033569336,126.5,125.22000122070312,126.45999908447266,119.94889068603516,2569900,0.0,0.0
2023-11-01 00:00:00-04:00,126.5,127.9800033569336,126.5,127.55999755859375,120.99224853515625,2285300,0.0,0.0
2023-11-02 00:00:00-04:00,128.4199981689453,128.8800048828125,127.5,128.36000061035156,121.75106048583984,2531050,0.0,0.0
2023-11-03 00:00:00-04:00,127.72000122070312,128.6199951171875,126.94000244140625,127.91999816894531,121.33370971679688,2179500,0.0,0.0
2023-11-06 00:00:00-05:00,128.82000732421875,129.05999755859375,128.02000427246094,128.10000610351562,121.50445556640625,2087600,0.0,0.0
2023-11-07 00:00:00-05:00,127.33999633789062,127.91999816894531,127.04000091552734,127.22000122070312,120.66976165771484,2149050,0.0,0.0
2023-11-08 00:00:00-05:00,127.54000091552734,128.36000061035156,126.16000366210938,127.05999755859375,120.51798248291016,5532150,0.0,0.0
2023-11-09 00:00:00-05:00,130.52000427246094,131.16000366210938,128.1199951171875,128.17999267578125,121.580322265625,3485850,0.0,0.0
2023-11-10 00:00:00-05:00,126.4800033569336,126.76000213623047,123.73999786376953,126.33999633789062,119.8350601196289,3467150,0.0,0.0
2023-11-13 00:00:00-05:00,126.41999816894531,127.77999877929688,125.30000305175781,127.4000015258789,120.84048461914062,3411750,0.0,0.0
2023-11-14 00:00:00-05:00,128.27999877929688,129.5,127.91999816894531,128.4600067138672,121.84591674804688,2408200,0.0,0.0
2023-11-15 00:00:00-05:00,126.9800033569336,127.5199966430664,126.16000366210938,126.26000213623047,119.75918579101562,3119900,0.0,0.0
2023-11-16 00:00:00-05:00,126.83999633789062,127.73999786376953,126.62000274658203,127.5999984741211,121.03018188476562,2864950,0.0,0.0
2023-11-17 00:00:00-05:00,128.55999755859375,128.83999633789062,128.02000427246094,128.25999450683594,121.65619659423828,1983650,0.0,0.0
2023-11-20 00:00:00-05:00,126.4800033569336,127.77999877929688,126.31999969482422,127.58000183105469,121.01122283935547,2744250,0.0,0.0
2023-11-21 00:00:00-05:00,128.10000610351562,128.86000061035156,128.05999755859375,128.55999755859375,121.94075012207031,1827750,0.0,0.0
2023-11-22 00:00:00-05:00,127.41999816894531,127.83999633789062,126.55999755859375,127.22000122070312,120.66976165771484,2418400,0.0,0.0
2023-11-24 00:00:00-05:00,128.66000366210938,129.47999572753906,128.5,129.0,122.35810089111328,1069700,0.0,0.0
2023-11-27 00:00:00-05:00,127.80000305175781,127.9800033569336,126.72000122070312,127.31999969482422,120.76460266113281,2170300,0.0,0.0
2023-11-28 00:00:00-05:00,126.4000015258789,127.05999755859375,126.18000030517578,126.5999984741211,120.08168029785156,2881400,0.0,0.0
2023-11-29 00:00:00-05:00,128.27999877929688,128.66000366210938,127.41999816894531,128.24000549316406,121.63725280761719,4246600,0.0,0.0
2023-11-30 00:00:00-05:00,127.94000244140625,129.8000030517578,127.58000183105469,129.17999267578125,122.52882385253906,4995750,0.0,0.0
2023-12-01 00:00:00-05:00,129.17999267578125,130.1199951171875,128.72000122070312,129.5800018310547,122.90824890136719,1808100,0.0,0.0
2023-12-04 00:00:00-05:00,129.74000549316406,130.22000122070312,129.22000122070312,130.0399932861328,123.34455108642578,1670150,0.0,0.0
2023-12-05 00:00:00-05:00,128.4600067138672,128.8800048828125,127.83999633789062,128.02000427246094,121.4285659790039,1996800,0.0,0.0
2023-12-06 00:00:00-05:00,128.9600067138672,129.0399932861328,127.05999755859375,127.18000030517578,120.6318130493164,2138850,0.0,0.0
2023-12-07 00:00:00-05:00,127.63999938964844,127.63999938964844,126.13999938964844,127.0199966430664,120.48005676269531,3097100,0.0,0.0
2023-12-08 00:00:00-05:00,127.31999969482422,127.37999725341797,126.05999755859375,126.5,119.98682403564453,2293400,0.0,0.0
2023-12-11 00:00:00-05:00,127.08000183105469,127.36000061035156,126.27999877929688,127.0,120.46109771728516,2475800,0.0,0.0
2023-12-12 00:00:00-05:00,128.9600067138672,129.0399932861328,127.31999969482422,127.95999908447266,121.37165069580078,2136150,0.0,0.0
2023-12-13 00:00:00-05:00,131.44000244140625,131.8000030517578,129.82000732421875,131.8000030517578,125.01394653320312,2915550,0.0,0.0
2023-12-14 00:00:00-05:00,133.39999389648438,133.75999450683594,132.13999938964844,132.6999969482422,125.86759948730469,3877350,0.0,0.0
2023-12-15 00:00:00-05:00,129.74000549316406,130.10000610351562,128.97999572753906,129.60000610351562,122.92721557617188,4498800,0.0,0.0
2023-12-18 00:00:00-05:00,130.94000244140625,132.36000061035156,130.63999938964844,131.89999389648438,125.10877990722656,3155400,0.0,0.0
2023-12-19 00:00:00-05:00,131.24000549316406,132.5399932861328,131.16000366210938,131.8000030517578,125.01394653320312,2779850,0.0,0.0
2023-12-20 00:00:00-05:00,133.3800048828125,133.66000366210938,131.55999755859375,131.55999755859375,124.78629302978516,2575050,0.0,0.0
2023-12-21 00:00:00-05:00,133.4600067138672,133.75999450683594,132.05999755859375,132.60000610351562,125.77275848388672,2778050,0.0,0.0
2023-12-22 00:00:00-05:00,134.0,134.24000549316406,132.33999633789062,132.5800018310547,125.75379180908203,1744450,0.0,0.0
2023-12-26 00:00:00-05:00,133.0,133.27999877929688,132.44000244140625,133.0,126.15215301513672,1313800,0.0,0.0
2023-12-27 00:00:00-05:00,135.1199951171875,135.16000366210938,134.13999938964844,134.6999969482422,127.7646255493164,1905100,0.0,0.0
2023-12-28 00:00:00-05:00,135.10000610351562,135.47999572753906,134.5800018310547,134.60000610351562,127.66976928710938,1422750,0.0,0.0
2023-12-29 00:00:00-05:00,134.75999450683594,135.0399932861328,134.0800018310547,134.6999969482422,127.7646255493164,1677350,0.0,0.0
2024-01-02 00:00:00-05:00,133.67999267578125,137.22000122070312,133.63999938964844,136.8000030517578,129.75653076171875,3751500,0.0,0.0
2024-01-03 00:00:00-05:00,135.4600067138672,137.3800048828125,134.9600067138672,136.63999938964844,129.604736328125,2718500,0.0,0.0
2024-01-04 00:00:00-05:00,137.4199981689453,138.6999969482422,137.33999633789062,137.55999755859375,130.4773712158203,2393000,0.0,0.0
2024-01-05 00:00:00-05:00,136.6199951171875,137.82000732421875,136.1999969482422,136.75999450683594,129.7185516357422,2505950,0.0,0.0
2024-01-08 00:00:00-05:00,137.13999938964844,138.5,136.66000366210938,138.4199981689453,131.2930908203125,2125400,0.0,0.0
2024-01-09 00:00:00-05:00,138.55999755859375,139.1199951171875,137.77999877929688,137.82000732421875,130.7239990234375,2043700,0.0,0.0
2024-01-10 00:00:00-05:00,138.16000366210938,139.22000122070312,137.9600067138672,139.13999938964844,131.9760284423828,3625550,0.0,0.0
2024-01-11 00:00:00-05:00,139.66000366210938,139.82000732421875,137.5800018310547,138.36000061035156,131.23617553710938,2306200,0.0,0.0
2024-01-12 00:00:00-05:00,138.6999969482422,139.1999969482422,138.36000061035156,138.83999633789062,131.69146728515625,1732700,0.0,0.0
2024-01-16 00:00:00-05:00,134.1199951171875,135.36000061035156,133.8000030517578,134.5399932861328,127.61286163330078,2809150,0.0,0.0
2024-01-17 00:00:00-05:00,132.10000610351562,132.94000244140625,131.4199981689453,132.5,125.67790222167969,4182600,0.0,0.0
2024-01-18 00:00:00-05:00,131.82000732421875,133.5800018310547,131.47999572753906,133.0399932861328,126.19009399414062,3585500,0.0,0.0
2024-01-19 00:00:00-05:00,133.77999877929688,133.89999389648438,132.83999633789062,133.0800018310547,126.22804260253906,3541000,0.0,0.0
2024-01-22 00:00:00-05:00,135.47999572753906,135.66000366210938,133.3800048828125,134.27999877929688,127.36624908447266,5080150,0.0,0.0
2024-01-23 00:00:00-05:00,132.5800018310547,133.63999938964844,131.83999633789062,133.5,126.62641906738281,2492100,0.0,0.0
2024-01-24 00:00:00-05:00,133.4600067138672,133.86000061035156,132.74000549316406,133.1999969482422,126.34185028076172,2842300,0.0,0.0
2024-01-25 00:00:00-05:00,133.02000427246094,134.0399932861328,132.67999267578125,134.0399932861328,127.13860321044922,2245750,0.0,0.0
2024-01-26 00:00:00-05:00,135.47999572753906,135.6199951171875,133.94000244140625,134.1999969482422,127.29036712646484,2510800,0.0,0.0
2024-01-29 00:00:00-05:00,134.52000427246094,134.6199951171875,133.86000061035156,134.3800048828125,127.46111297607422,2472400,0.0,0.0
2024-01-30 00:00:00-05:00,134.6999969482422,134.72000122070312,133.8800048828125,134.39999389648438,127.48007202148438,2324700,0.0,0.0
2024-01-31 00:00:00-05:00,135.5,135.66000366210938,133.10000610351562,133.27999877929688,126.4177474975586,2286350,0.0,0.0
2024-02-01 00:00:00-05:00,132.4199981689453,133.8800048828125,132.0,133.6999969482422,126.81610870361328,2236050,0.0,0.0
2024-02-02 00:00:00-05:00,131.94000244140625,132.1999969482422,131.16000366210938,131.27999877929688,124.52070617675781,3372750,0.0,0.0
2024-02-05 00:00:00-05:00,130.27999877929688,131.27999877929688,130.0399932861328,130.27999877929688,123.57220458984375,5424700,0.0,0.0
2024-02-06 00:00:00-05:00,131.6999969482422,134.16000366210938,131.16000366210938,134.0800018310547,127.17655944824219,2783300,0.0,0.0
2024-02-07 00:00:00-05:00,133.5399932861328,133.8000030517578,132.97999572753906,133.10000610351562,126.24702453613281,3294400,0.0,0.0
2024-02-08 00:00:00-05:00,124.04000091552734,127.80000305175781,123.4000015258789,127.04000091552734,120.4990234375,14464500,0.0,0.0
2024-02-09 00:00:00-05:00,125.41999816894531,126.73999786376953,124.16000366210938,124.5199966430664,118.10877227783203,6867200,0.0,0.0
2024-02-12 00:00:00-05:00,122.31999969482422,122.87999725341797,120.94000244140625,122.81999969482422,116.49629974365234,6033250,0.0,0.0
2024-02-13 00:00:00-05:00,122.5,123.4000015258789,121.5199966430664,122.05999755859375,115.77542877197266,4136150,0.0,0.0
2024-02-14 00:00:00-05:00,122.4000015258789,123.54000091552734,122.12000274658203,123.31999969482422,116.9705581665039,6101850,0.0,0.0
2024-02-15 00:00:00-05:00,123.54000091552734,125.72000122070312,123.54000091552734,125.68000030517578,119.20904541015625,3820850,0.0,0.0
2024-02-16 00:00:00-05:00,127.68000030517578,129.05999755859375,127.19999694824219,128.5399932861328,121.92178344726562,3824050,0.0,0.0
2024-02-20 00:00:00-05:00,132.10000610351562,132.13999938964844,129.16000366210938,130.0800018310547,123.38249969482422,3219250,0.0,0.0
2024-02-21 00:00:00-05:00,128.75999450683594,130.17999267578125,128.44000244140625,130.17999267578125,123.47734832763672,2700800,0.0,0.0
2024-02-22 00:00:00-05:00,126.5199966430664,129.16000366210938,126.5199966430664,128.25999450683594,123.52550506591797,4861500,1.97,0.0
2024-02-23 00:00:00-05:00,129.9199981689453,131.86000061035156,129.89999389648438,131.66000366210938,126.80001068115234,3694100,0.0,0.0
2024-02-26 00:00:00-05:00,132.16000366210938,132.74000549316406,131.5,131.86000061035156,126.99263000488281,2298950,0.0,0.0
2024-02-27 00:00:00-05:00,131.8800048828125,132.9199981689453,131.5399932861328,132.66000366210938,127.76309204101562,2216750,0.0,0.0
2024-02-28 00:00:00-05:00,130.9199981689453,131.55999755859375,130.32000732421875,130.6999969482422,125.87543487548828,3015300,0.0,0.0
2024-02-29 00:00:00-05:00,130.33999633789062,130.4199981689453,127.4800033569336,128.32000732421875,123.58329772949219,3042250,0.0,0.0
2024-03-01 00:00:00-05:00,128.67999267578125,129.66000366210938,127.95999908447266,129.1999969482422,124.4308090209961,1983150,0.0,0.0
2024-03-04 00:00:00-05:00,128.5800018310547,129.63999938964844,128.3000030517578,129.5800018310547,124.7967758178711,2203350,0.0,0.0
2024-03-05 00:00:00-05:00,129.82000732421875,130.63999938964844,129.22000122070312,129.6199951171875,124.83528900146484,1864450,0.0,0.0
2024-03-06 00:00:00-05:00,129.47999572753906,131.05999755859375,129.47999572753906,130.5399932861328,125.72132873535156,2245750,0.0,0.0
2024-03-07 00:00:00-05:00,131.63999938964844,133.02000427246094,131.4600067138672,132.3800048828125,127.4934310913086,3065250,0.0,0.0
2024-03-08 00:00:00-05:00,132.33999633789062,133.16000366210938,131.9600067138672,133.0,128.0905303955078,2206450,0.0,0.0
2024-03-11 00:00:00-04:00,134.44000244140625,135.5399932861328,133.66000366210938,135.33999633789062,130.3441619873047,1963750,0.0,0.0
2024-03-12 00:00:00-04:00,135.0800018310547,135.3800048828125,134.52000427246094,134.8000030517578,129.82411193847656,3078250,0.0,0.0
2024-03-13 00:00:00-04:00,134.9199981689453,136.05999755859375,134.86000061035156,135.16000366210938,130.1708221435547,2344050,0.0,0.0
2024-03-14 00:00:00-04:00,135.4600067138672,135.4600067138672,133.33999633789062,134.0800018310547,129.13067626953125,2313050,0.0,0.0
2024-03-15 00:00:00-04:00,134.8000030517578,134.8800048828125,132.16000366210938,132.6199951171875,127.72456359863281,3013700,0.0,0.0
2024-03-18 00:00:00-04:00,132.02000427246094,132.74000549316406,131.6199951171875,131.6999969482422,126.8385238647461,1943250,0.0,0.0
2024-03-19 00:00:00-04:00,131.1999969482422,131.8000030517578,130.5,131.72000122070312,126.85779571533203,1701250,0.0,0.0
2024-03-20 00:00:00-04:00,131.13999938964844,131.75999450683594,130.39999389648438,131.4600067138672,126.60738372802734,1776650,0.0,0.0
2024-03-21 00:00:00-04:00,133.22000122070312,133.5800018310547,132.36000061035156,132.3800048828125,127.4934310913086,2675900,0.0,0.0
2024-03-22 00:00:00-04:00,132.97999572753906,133.67999267578125,132.39999389648438,132.52000427246094,127.62826538085938,2049300,0.0,0.0
2024-03-25 00:00:00-04:00,132.4199981689453,132.86000061035156,131.60000610351562,131.72000122070312,126.85779571533203,2212300,0.0,0.0
2024-03-26 00:00:00-04:00,132.5,132.9199981689453,131.5399932861328,132.66000366210938,127.76309204101562,1566600,0.0,0.0
2024-03-27 00:00:00-04:00,134.16000366210938,136.75999450683594,134.13999938964844,136.52000427246094,131.48060607910156,4222250,0.0,0.0
2024-03-28 00:00:00-04:00,136.36000061035156,136.6999969482422,135.36000061035156,135.5,130.4982452392578,1808500,0.0,0.0
2024-04-01 00:00:00-04:00,136.39999389648438,136.44000244140625,134.0800018310547,134.5,129.53517150878906,1556900,0.0,0.0
2024-04-02 00:00:00-04:00,134.3000030517578,134.75999450683594,133.52000427246094,134.0,129.0536346435547,2198300,0.0,0.0
2024-04-03 00:00:00-04:00,132.8000030517578,134.6999969482422,132.77999877929688,133.6199951171875,128.68763732910156,1897850,0.0,0.0
2024-04-04 00:00:00-04:00,137.97999572753906,137.97999572753906,134.5800018310547,134.67999267578125,129.70852661132812,3726950,0.0,0.0
2024-04-05 00:00:00-04:00,133.9600067138672,135.44000244140625,133.77999877929688,134.89999389648438,129.92039489746094,2405650,0.0,0.0
2024-04-08 00:00:00-04:00,135.13999938964844,135.5399932861328,134.44000244140625,135.39999389648438,130.4019317626953,1912250,0.0,0.0
2024-04-09 00:00:00-04:00,136.39999389648438,136.9199981689453,135.9199981689453,136.82000732421875,131.76953125,2196350,0.0,0.0
2024-04-10 00:00:00-04:00,135.17999267578125,136.33999633789062,134.83999633789062,136.22000122070312,131.19166564941406,3857900,0.0,0.0
2024-04-11 00:00:00-04:00,139.75999450683594,140.13999938964844,137.74000549316406,138.89999389648438,133.7727508544922,2992950,0.0,0.0
2024-04-12 00:00:00-04:00,139.32000732421875,139.63999938964844,137.1999969482422,137.86000061035156,132.77114868164062,4560750,0.0,0.0
2024-04-15 00:00:00-04:00,138.13999938964844,139.1199951171875,137.0800018310547,137.4600067138672,132.3859100341797,4606750,0.0,0.0
2024-04-16 00:00:00-04:00,136.5800018310547,137.1999969482422,136.0399932861328,136.5399932861328,131.49986267089844,2680950,0.0,0.0
2024-04-17 00:00:00-04:00,137.44000244140625,137.60000610351562,136.39999389648438,137.05999755859375,132.00067138671875,1854950,0.0,0.0
2024-04-18 00:00:00-04:00,136.5,137.5800018310547,136.32000732421875,136.72000122070312,131.6732177734375,2002900,0.0,0.0
2024-04-19 00:00:00-04:00,136.27999877929688,137.4199981689453,136.25999450683594,137.10000610351562,132.03919982910156,2367850,0.0,0.0
2024-04-22 00:00:00-04:00,139.33999633789062,140.97999572753906,138.75999450683594,140.25999450683594,135.08255004882812,2591850,0.0,0.0
2024-04-23 00:00:00-04:00,140.86000061035156,142.1999969482422,140.32000732421875,141.6999969482422,136.46939086914062,2903000,0.0,0.0
2024-04-24 00:00:00-04:00,142.82000732421875,142.94000244140625,141.3800048828125,142.39999389648438,137.1435546875,3068850,0.0,0.0
2024-04-25 00:00:00-04:00,149.97999572753906,151.6199951171875,149.0,150.05999755859375,144.52078247070312,7803300,0.0,0.0
2024-04-26 00:00:00-04:00,150.0,150.97999572753906,149.17999267578125,150.33999633789062,144.7904510498047,3344000,0.0,0.0
2024-04-29 00:00:00-04:00,152.36000061035156,153.16000366210938,150.72000122070312,150.9600067138672,145.38758850097656,3769150,0.0,0.0
2024-04-30 00:00:00-04:00,151.44000244140625,152.27999877929688,150.63999938964844,151.75999450683594,146.15805053710938,4273700,0.0,0.0
2024-05-01 00:00:00-04:00,152.67999267578125,153.60000610351562,151.9199981689453,152.82000732421875,147.17892456054688,2455850,0.0,0.0
2024-05-02 00:00:00-04:00,152.52000427246094,152.82000732421875,151.5,151.60000610351562,146.00396728515625,5019350,0.0,0.0
2024-05-03 00:00:00-04:00,152.94000244140625,152.97999572753906,150.86000061035156,152.6999969482422,147.0633544921875,4513050,0.0,0.0
2024-05-06 00:00:00-04:00,151.67999267578125,151.86000061035156,151.10000610351562,151.52000427246094,145.9269256591797,3228650,0.0,0.0
2024-05-07 00:00:00-04:00,152.86000061035156,152.94000244140625,151.83999633789062,152.63999938964844,147.0055694580078,3331550,0.0,0.0
2024-05-08 00:00:00-04:00,153.5399932861328,154.32000732421875,153.22000122070312,153.94000244140625,148.25758361816406,2529900,0.0,0.0
2024-05-09 00:00:00-04:00,153.83999633789062,155.27999877929688,153.72000122070312,155.22000122070312,149.49032592773438,1486150,0.0,0.0
2024-05-10 00:00:00-04:00,155.5399932861328,155.8800048828125,154.3000030517578,154.36000061035156,148.6620635986328,1803300,0.0,0.0
2024-05-13 00:00:00-04:00,154.4600067138672,154.97999572753906,154.3000030517578,154.86000061035156,149.1436309814453,1282800,0.0,0.0
2024-05-14 00:00:00-04:00,155.74000549316406,155.86000061035156,154.0399932861328,154.0800018310547,148.3924102783203,2057950,0.0,0.0
2024-05-15 00:00:00-04:00,153.8800048828125,155.05999755859375,153.74000549316406,153.94000244140625,148.25758361816406,1935450,0.0,0.0
2024-05-16 00:00:00-04:00,153.44000244140625,154.44000244140625,153.16000366210938,154.0800018310547,148.3924102783203,1470850,0.0,0.0
2024-05-17 00:00:00-04:00,153.74000549316406,154.13999938964844,153.22000122070312,153.8000030517578,148.12274169921875,1395800,0.0,0.0
2024-05-20 00:00:00-04:00,153.25999450683594,154.44000244140625,153.0800018310547,154.22000122070312,148.52725219726562,1639350,0.0,0.0
2024-05-21 00:00:00-04:00,155.60000610351562,158.5,155.5,158.36000061035156,152.51443481445312,3870000,0.0,0.0
2024-05-22 00:00:00-04:00,157.13999938964844,157.8800048828125,156.75999450683594,157.60000610351562,151.78248596191406,1784200,0.0,0.0
2024-05-23 00:00:00-04:00,158.63999938964844,158.72000122070312,156.1999969482422,156.36000061035156,150.58824157714844,1806750,0.0,0.0
2024-05-24 00:00:00-04:00,156.25999450683594,157.77999877929688,156.16000366210938,157.0800018310547,151.2816619873047,1783300,0.0,0.0
2024-05-28 00:00:00-04:00,155.55999755859375,155.63999938964844,152.97999572753906,153.24000549316406,147.5834197998047,2099500,0.0,0.0
2024-05-29 00:00:00-04:00,152.25999450683594,153.02000427246094,151.60000610351562,152.16000366210938,146.54330444335938,2326900,0.0,0.0
2024-05-30 00:00:00-04:00,153.24000549316406,153.9600067138672,152.9199981689453,153.5399932861328,147.87234497070312,1637200,0.0,0.0
2024-05-31 00:00:00-04:00,154.6199951171875,156.24000549316406,154.17999267578125,156.0399932861328,150.28004455566406,2391400,0.0,0.0
2024-06-03 00:00:00-04:00,157.0,158.94000244140625,156.75999450683594,157.97999572753906,152.14845275878906,2734500,0.0,0.0
2024-06-04 00:00:00-04:00,159.0,160.13999938964844,158.44000244140625,160.0399932861328,154.1324005126953,1979650,0.0,0.0
2024-06-05 00:00:00-04:00,160.82000732421875,161.33999633789062,159.63999938964844,160.63999938964844,154.71026611328125,2129350,0.0,0.0
2024-06-06 00:00:00-04:00,161.25999450683594,161.72000122070312,160.9199981689453,161.66000366210938,155.69259643554688,1545900,0.0,0.0
2024-06-07 00:00:00-04:00,160.6199951171875,161.0399932861328,160.0,160.0399932861328,154.1324005126953,1106650,0.0,0.0
2024-06-10 00:00:00-04:00,160.44000244140625,161.05999755859375,159.94000244140625,160.4199981689453,154.49838256835938,2042700,0.0,0.0
2024-06-11 00:00:00-04:00,158.1999969482422,159.27999877929688,157.82000732421875,158.4600067138672,152.61074829101562,2109550,0.0,0.0
2024-06-12 00:00:00-04:00,161.05999755859375,161.17999267578125,159.25999450683594,160.13999938964844,154.2287139892578,1748150,0.0,0.0
2024-06-13 00:00:00-04:00,158.4600067138672,159.24000549316406,157.82000732421875,159.05999755859375,153.18858337402344,1479200,0.0,0.0
2024-06-14 00:00:00-04:00,158.63999938964844,159.44000244140625,158.33999633789062,159.17999267578125,153.30413818359375,1027650,0.0,0.0
2024-06-17 00:00:00-04:00,158.16000366210938,158.6999969482422,157.74000549316406,158.6199951171875,152.7648162841797,1047000,0.0,0.0
2024-06-18 00:00:00-04:00,157.75999450683594,158.17999267578125,156.75999450683594,156.83999633789062,151.05052185058594,1909750,0.0,0.0
2024-06-20 00:00:00-04:00,156.94000244140625,157.55999755859375,156.3800048828125,157.1199951171875,151.32017517089844,1937150,0.0,0.0
2024-06-21 00:00:00-04:00,156.8800048828125,158.47999572753906,156.8800048828125,157.75999450683594,151.9365692138672,2496300,0.0,0.0
2024-06-24 00:00:00-04:00,158.5,159.1199951171875,158.32000732421875,158.74000549316406,152.88040161132812,1403700,0.0,0.0
2024-06-25 00:00:00-04:00,159.17999267578125,159.74000549316406,158.8800048828125,159.5,153.61233520507812,1540650,0.0,0.0
2024-06-26 00:00:00-04:00,158.32000732421875,159.24000549316406,157.82000732421875,158.16000366210938,152.32180786132812,1613900,0.0,0.0
2024-06-27 00:00:00-04:00,158.17999267578125,158.32000732421875,155.89999389648438,156.36000061035156,150.58824157714844,1398300,0.0,0.0
2024-06-28 00:00:00-04:00,157.25999450683594,157.5,155.66000366210938,155.97999572753906,150.22225952148438,1832200,0.0,0.0
2024-07-01 00:00:00-04:00,155.4199981689453,157.44000244140625,155.25999450683594,155.8800048828125,150.12596130371094,1299700,0.0,0.0
2024-07-02 00:00:00-04:00,154.6199951171875,154.83999633789062,152.9199981689453,153.97999572753906,148.2960968017578,1607750,0.0,0.0
2024-07-03 00:00:00-04:00,153.33999633789062,154.02000427246094,152.97999572753906,153.60000610351562,147.9301300048828,1188750,0.0,0.0
2024-07-05 00:00:00-04:00,154.6999969482422,155.02000427246094,153.5399932861328,154.67999267578125,148.9702606201172,1170850,0.0,0.0
2024-07-08 00:00:00-04:00,155.22000122070312,155.32000732421875,154.0800018310547,154.25999450683594,148.5657501220703,1348700,0.0,0.0
2024-07-09 00:00:00-04:00,153.9199981689453,153.94000244140625,152.60000610351562,153.33999633789062,147.67971801757812,1681400,0.0,0.0
2024-07-10 00:00:00-04:00,153.94000244140625,155.6999969482422,153.89999389648438,155.5,149.75999450683594,1492250,0.0,0.0
2024-07-11 00:00:00-04:00,156.3000030517578,157.17999267578125,155.72000122070312,155.8800048828125,150.12596130371094,1584250,0.0,0.0
2024-07-12 00:00:00-04:00,159.0399932861328,159.5800018310547,158.36000061035156,158.47999572753906,152.6300048828125,1525950,0.0,0.0
2024-07-15 00:00:00-04:00,158.3000030517578,158.3000030517578,156.0800018310547,156.24000549316406,150.47267150878906,1333450,0.0,0.0
2024-07-16 00:00:00-04:00,155.9199981689453,157.3800048828125,155.83999633789062,157.17999267578125,151.37796020507812,1334350,0.0,0.0
2024-07-17 00:00:00-04:00,157.0,159.66000366210938,157.0,159.52000427246094,153.63160705566406,1829450,0.0,0.0
2024-07-18 00:00:00-04:00,160.0,160.02000427246094,155.97999572753906,156.1199951171875,150.3571014404297,1616450,0.0,0.0
2024-07-19 00:00:00-04:00,156.67999267578125,157.52000427246094,156.32000732421875,157.4199981689453,151.60911560058594,1464900,0.0,0.0
2024-07-22 00:00:00-04:00,159.24000549316406,159.6199951171875,157.94000244140625,158.32000732421875,152.4759063720703,1760500,0.0,0.0
2024-07-23 00:00:00-04:00,157.8000030517578,158.39999389648438,157.0,158.33999633789062,152.4951629638672,1482550,0.0,0.0
2024-07-24 00:00:00-04:00,157.10000610351562,159.5399932861328,157.10000610351562,159.4199981689453,153.53529357910156,2290550,0.0,0.0
2024-07-25 00:00:00-04:00,153.27999877929688,157.32000732421875,152.9199981689453,157.0399932861328,151.24313354492188,5318000,0.0,0.0
2024-07-26 00:00:00-04:00,156.9600067138672,158.89999389648438,156.16000366210938,156.25999450683594,150.49191284179688,2939200,0.0,0.0
2024-07-29 00:00:00-04:00,160.1199951171875,160.24000549316406,156.66000366210938,156.72000122070312,150.93495178222656,3376950,0.0,0.0
2024-07-30 00:00:00-04:00,157.39999389648438,157.97999572753906,154.94000244140625,155.8000030517578,150.0489044189453,3240400,0.0,0.0
2024-07-31 00:00:00-04:00,158.25999450683594,159.1199951171875,157.05999755859375,158.3000030517578,152.45664978027344,2776350,0.0,0.0
2024-08-01 00:00:00-04:00,159.3000030517578,162.8000030517578,159.24000549316406,162.39999389648438,156.4052734375,3183750,0.0,0.0
2024-08-02 00:00:00-04:00,163.1999969482422,164.02000427246094,161.66000366210938,163.6199951171875,157.5802459716797,3533300,0.0,0.0
2024-08-05 00:00:00-04:00,157.75999450683594,160.25999450683594,157.3800048828125,158.66000366210938,152.8033447265625,2865150,0.0,0.0
2024-08-06 00:00:00-04:00,156.5,159.4600067138672,156.44000244140625,158.5,152.64926147460938,2841900,0.0,0.0
2024-08-07 00:00:00-04:00,161.1999969482422,161.97999572753906,160.39999389648438,161.24000549316406,155.2881317138672,2471700,0.0,0.0
2024-08-08 00:00:00-04:00,160.6999969482422,163.8000030517578,160.25999450683594,163.6999969482422,157.6573028564453,2062200,0.0,0.0
2024-08-09 00:00:00-04:00,162.10000610351562,163.0399932861328,161.44000244140625,162.3800048828125,157.34722900390625,1539200,1.0,0.0
2024-08-12 00:00:00-04:00,163.1999969482422,165.82000732421875,162.77999877929688,165.0399932861328,159.9247589111328,4609100,0.0,0.0
2024-08-13 00:00:00-04:00,165.94000244140625,167.27999877929688,165.72000122070312,166.74000549316406,161.5720977783203,3590300,0.0,0.0
2024-08-14 00:00:00-04:00,165.9199981689453,167.5800018310547,165.25999450683594,167.52000427246094,162.3279266357422,2736700,0.0,0.0
2024-08-15 00:00:00-04:00,170.0,170.60000610351562,168.82000732421875,169.8000030517578,164.53726196289062,2032050,0.0,0.0
2024-08-16 00:00:00-04:00,170.22000122070312,170.52000427246094,168.25999450683594,168.82000732421875,163.58763122558594,1775000,0.0,0.0
2024-08-19 00:00:00-04:00,169.27999877929688,170.3800048828125,168.6999969482422,169.55999755859375,164.3046875,1966800,0.0,0.0
2024-08-20 00:00:00-04:00,170.36000061035156,171.3000030517578,170.10000610351562,170.25999450683594,164.9829864501953,1243000,0.0,0.0
2024-08-21 00:00:00-04:00,170.0800018310547,171.22000122070312,169.33999633789062,171.1199951171875,165.8163299560547,2084000,0.0,0.0
2024-08-22 00:00:00-04:00,171.75999450683594,172.0800018310547,170.32000732421875,171.77999877929688,166.4558868408203,2417350,0.0,0.0
2024-08-23 00:00:00-04:00,172.44000244140625,173.75999450683594,171.72000122070312,173.32000732421875,167.9481658935547,1668000,0.0,0.0
2024-08-26 00:00:00-04:00,172.86000061035156,173.67999267578125,172.72000122070312,173.24000549316406,167.87063598632812,1831700,0.0,0.0
2024-08-27 00:00:00-04:00,174.44000244140625,174.55999755859375,173.52000427246094,174.4199981689453,169.01406860351562,1797950,0.0,0.0
2024-08-28 00:00:00-04:00,174.44000244140625,175.10000610351562,174.02000427246094,174.72000122070312,169.3047637939453,1792150,0.0,0.0
2024-08-29 00:00:00-04:00,174.44000244140625,175.24000549316406,173.86000061035156,174.60000610351562,169.18849182128906,1304700,0.0,0.0
2024-08-30 00:00:00-04:00,174.66000366210938,175.36000061035156,173.75999450683594,175.24000549316406,169.80865478515625,1418400,0.0,0.0
2024-09-03 00:00:00-04:00,174.36000061035156,174.5,170.75999450683594,171.44000244140625,166.12643432617188,2173600,0.0,0.0
2024-09-04 00:00:00-04:00,171.13999938964844,171.97999572753906,170.94000244140625,171.5,166.18455505371094,2501100,0.0,0.0
2024-09-05 00:00:00-04:00,167.97999572753906,168.05999755859375,164.9199981689453,166.0,160.8550262451172,3877400,0.0,0.0
2024-09-06 00:00:00-04:00,168.0399932861328,168.60000610351562,165.86000061035156,166.10000610351562,160.9519500732422,2758200,0.0,0.0
2024-09-09 00:00:00-04:00,164.4199981689453,166.86000061035156,157.8800048828125,161.77999877929688,156.7658233642578,5131000,0.0,0.0
2024-09-10 00:00:00-04:00,159.86000061035156,162.60000610351562,159.6999969482422,162.32000732421875,157.28909301757812,3983200,0.0,0.0
2024-09-11 00:00:00-04:00,160.9199981689453,161.3800048828125,159.4600067138672,161.05999755859375,156.06814575195312,2091000,0.0,0.0
2024-09-12 00:00:00-04:00,159.52000427246094,159.97999572753906,157.24000549316406,157.9199981689453,153.0254669189453,2559650,0.0,0.0
2024-09-13 00:00:00-04:00,155.39999389648438,157.24000549316406,155.3800048828125,156.5399932861328,151.688232421875,2744750,0.0,0.0
2024-09-16 00:00:00-04:00,158.5800018310547,159.0,157.5,158.0800018310547,153.18051147460938,1701150,0.0,0.0
2024-09-17 00:00:00-04:00,158.6199951171875,158.6199951171875,156.44000244140625,157.05999755859375,152.19210815429688,1701150,0.0,0.0
2024-09-18 00:00:00-04:00,157.3800048828125,158.52000427246094,156.63999938964844,157.16000366210938,152.2890167236328,1303600,0.0,0.0
2024-09-19 00:00:00-04:00,158.3800048828125,158.8800048828125,157.1199951171875,157.8000030517578,152.9091796875,1809900,0.0,0.0
2024-09-20 00:00:00-04:00,157.10000610351562,157.36000061035156,156.27999877929688,156.75999450683594,151.9014129638672,1686600,0.0,0.0
2024-09-23 00:00:00-04:00,154.52000427246094,155.10000610351562,154.02000427246094,154.27999877929688,149.49827575683594,2002300,0.0,0.0
2024-09-24 00:00:00-04:00,154.39999389648438,154.66000366210938,153.66000366210938,153.74000549316406,148.97500610351562,2275250,0.0,0.0
2024-09-25 00:00:00-04:00,154.63999938964844,155.32000732421875,154.17999267578125,155.0800018310547,150.2734832763672,2390200,0.0,0.0
2024-09-26 00:00:00-04:00,156.33999633789062,157.55999755859375,155.60000610351562,156.36000061035156,151.51380920410156,2091550,0.0,0.0
2024-09-27 00:00:00-04:00,156.13999938964844,156.44000244140625,155.22000122070312,155.24000549316406,150.42852783203125,1586100,0.0,0.0
2024-09-30 00:00:00-04:00,156.17999267578125,156.1999969482422,155.02000427246094,155.82000732421875,150.9905548095703,1667200,0.0,0.0
2024-10-01 00:00:00-04:00,155.94000244140625,157.60000610351562,155.4600067138672,157.33999633789062,152.4634246826172,2317950,0.0,0.0
2024-10-02 00:00:00-04:00,158.5800018310547,159.52000427246094,158.02000427246094,159.16000366210938,154.22703552246094,2803350,0.0,0.0
2024-10-03 00:00:00-04:00,158.1199951171875,158.17999267578125,155.72000122070312,155.86000061035156,151.029296875,1559800,0.0,0.0
2024-10-04 00:00:00-04:00,154.16000366210938,155.10000610351562,153.8000030517578,154.94000244140625,150.13783264160156,2593400,0.0,0.0
2024-10-07 00:00:00-04:00,154.3800048828125,154.97999572753906,153.5,153.74000549316406,148.97500610351562,1743500,0.0,0.0
2024-10-08 00:00:00-04:00,153.67999267578125,154.0,152.83999633789062,153.74000549316406,148.97500610351562,1578500,0.0,0.0
2024-10-09 00:00:00-04:00,153.22000122070312,155.10000610351562,152.82000732421875,155.02000427246094,150.21533203125,1237800,0.0,0.0
2024-10-10 00:00:00-04:00,154.75999450683594,154.86000061035156,153.3000030517578,153.74000549316406,148.97500610351562,808450,0.0,0.0
2024-10-11 00:00:00-04:00,154.0800018310547,154.72000122070312,153.89999389648438,154.6999969482422,149.90525817871094,1659900,0.0,0.0
2024-10-14 00:00:00-04:00,155.44000244140625,156.6199951171875,155.22000122070312,156.1999969482422,151.3587646484375,1059850,0.0,0.0
2024-10-15 00:00:00-04:00,155.36000061035156,156.25999450683594,154.83999633789062,155.6999969482422,150.87425231933594,1306950,0.0,0.0
2024-10-16 00:00:00-04:00,156.6199951171875,157.32000732421875,156.16000366210938,156.6199951171875,151.7657470703125,1614900,0.0,0.0
2024-10-17 00:00:00-04:00,155.9199981689453,156.77999877929688,155.72000122070312,156.0399932861328,151.20372009277344,1490000,0.0,0.0
2024-10-18 00:00:00-04:00,156.13999938964844,156.60000610351562,155.13999938964844,156.52000427246094,151.6688690185547,1141350,0.0,0.0
2024-10-21 00:00:00-04:00,156.33999633789062,156.4199981689453,154.72000122070312,154.8800048828125,150.07968139648438,1113200,0.0,0.0
2024-10-22 00:00:00-04:00,153.63999938964844,154.82000732421875,153.36000061035156,154.63999938964844,149.84710693359375,1033650,0.0,0.0
2024-10-23 00:00:00-04:00,153.83999633789062,154.44000244140625,153.22000122070312,153.89999389648438,149.13003540039062,1199200,0.0,0.0
2024-10-24 00:00:00-04:00,153.1999969482422,153.52000427246094,151.44000244140625,151.8000030517578,147.0951385498047,1349500,0.0,0.0
2024-10-25 00:00:00-04:00,151.33999633789062,151.55999755859375,149.89999389648438,150.10000610351562,145.4478302001953,1604300,0.0,0.0
2024-10-28 00:00:00-04:00,150.0800018310547,153.25999450683594,149.8800048828125,152.02000427246094,147.30831909179688,2536900,0.0,0.0
2024-10-29 00:00:00-04:00,150.8800048828125,151.5800018310547,150.10000610351562,150.44000244140625,145.77728271484375,1406700,0.0,0.0
2024-10-30 00:00:00-04:00,144.4199981689453,146.5800018310547,141.8800048828125,145.66000366210938,141.14544677734375,4115450,0.0,0.0
2024-10-31 00:00:00-04:00,143.05999755859375,143.83999633789062,142.24000549316406,142.3000030517578,137.88958740234375,3706050,0.0,0.0
2024-11-01 00:00:00-04:00,143.32000732421875,143.72000122070312,142.60000610351562,142.83999633789062,138.412841796875,1737150,0.0,0.0
2024-11-04 00:00:00-05:00,143.6999969482422,147.36000061035156,142.0,142.86000061035156,138.43222045898438,3644600,0.0,0.0
2024-11-05 00:00:00-05:00,134.27999877929688,135.10000610351562,130.5800018310547,132.5399932861328,128.4320831298828,7706650,0.0,0.0
2024-11-06 00:00:00-05:00,128.67999267578125,129.5399932861328,127.41999816894531,127.69999694824219,123.7420883178711,8311350,0.0,0.0
2024-11-07 00:00:00-05:00,127.0199966430664,129.47999572753906,126.73999786376953,129.3800048828125,125.3700180053711,7202150,0.0,0.0
2024-11-08 00:00:00-05:00,129.55999755859375,130.0800018310547,128.5399932861328,128.97999572753906,124.98240661621094,5138950,0.0,0.0
2024-11-11 00:00:00-05:00,130.3800048828125,130.4199981689453,129.39999389648438,129.5800018310547,125.56382751464844,4567850,0.0,0.0
2024-11-12 00:00:00-05:00,126.87999725341797,132.47999572753906,125.87999725341797,130.3800048828125,126.33903503417969,5107300,0.0,0.0
2024-11-13 00:00:00-05:00,130.97999572753906,131.39999389648438,129.3800048828125,130.5800018310547,126.53282928466797,3286450,0.0,0.0
2024-11-14 00:00:00-05:00,130.89999389648438,131.9600067138672,129.94000244140625,130.0800018310547,126.04833221435547,4882500,0.0,0.0
2024-11-15 00:00:00-05:00,127.62000274658203,128.0800018310547,126.33999633789062,126.45999908447266,122.54051971435547,3687300,0.0,0.0
2024-11-18 00:00:00-05:00,126.0,127.30000305175781,125.5,126.77999877929688,122.85060119628906,4657600,0.0,0.0
2024-11-19 00:00:00-05:00,127.30000305175781,128.25999450683594,126.62000274658203,127.5999984741211,123.64518737792969,2997850,0.0,0.0
2024-11-20 00:00:00-05:00,127.77999877929688,127.86000061035156,125.76000213623047,126.4000015258789,122.48237609863281,3524500,0.0,0.0
2024-11-21 00:00:00-05:00,127.77999877929688,128.67999267578125,127.05999755859375,128.52000427246094,124.53667449951172,4329750,0.0,0.0
2024-11-22 00:00:00-05:00,131.39999389648438,132.9199981689453,131.13999938964844,131.25999450683594,127.19173431396484,3581500,0.0,0.0
2024-11-25 00:00:00-05:00,131.83999633789062,133.13999938964844,131.72000122070312,132.8000030517578,128.68402099609375,3302100,0.0,0.0
2024-11-26 00:00:00-05:00,133.25999450683594,133.63999938964844,131.75999450683594,132.72000122070312,128.60650634765625,2167250,0.0,0.0
2024-11-27 00:00:00-05:00,133.3800048828125,134.63999938964844,133.10000610351562,134.39999389648438,130.2344207763672,2494550,0.0,0.0
2024-11-29 00:00:00-05:00,134.66000366210938,135.44000244140625,134.27999877929688,135.24000549316406,131.04840087890625,1293150,0.0,0.0
2024-12-02 00:00:00-05:00,135.05999755859375,135.0800018310547,133.66000366210938,134.0800018310547,129.92434692382812,1843100,0.0,0.0
2024-12-03 00:00:00-05:00,136.83999633789062,137.3000030517578,136.0,136.10000610351562,131.88174438476562,2145350,0.0,0.0
2024-12-04 00:00:00-05:00,133.60000610351562,133.8800048828125,132.6199951171875,133.55999755859375,129.4204559326172,2987900,0.0,0.0
2024-12-05 00:00:00-05:00,134.55999755859375,136.02000427246094,134.5,135.05999755859375,130.8739776611328,2635050,0.0,0.0
2024-12-06 00:00:00-05:00,136.4600067138672,137.10000610351562,135.6199951171875,136.39999389648438,132.1724395751953,3407750,0.0,0.0
2024-12-09 00:00:00-05:00,136.0399932861328,138.0,135.94000244140625,137.16000366210938,132.9088897705078,2895500,0.0,0.0
2024-12-10 00:00:00-05:00,136.9199981689453,136.94000244140625,134.16000366210938,134.36000061035156,130.19566345214844,1980150,0.0,0.0
2024-12-11 00:00:00-05:00,135.1999969482422,135.47999572753906,134.39999389648438,134.8000030517578,130.62203979492188,3675900,0.0,0.0
2024-12-12 00:00:00-05:00,133.8800048828125,135.17999267578125,133.83999633789062,133.8800048828125,129.73056030273438,2394700,0.0,0.0
2024-12-13 00:00:00-05:00,133.1999969482422,133.3800048828125,132.27999877929688,133.16000366210938,129.03286743164062,3269050,0.0,0.0
2024-12-16 00:00:00-05:00,133.5,134.36000061035156,132.4199981689453,132.4600067138672,128.35455322265625,3319900,0.0,0.0
2024-12-17 00:00:00-05:00,132.9600067138672,134.94000244140625,132.8800048828125,134.36000061035156,130.19566345214844,2351200,0.0,0.0
2024-12-18 00:00:00-05:00,131.86000061035156,132.83999633789062,129.24000549316406,129.27999877929688,125.27311706542969,3566550,0.0,0.0
2024-12-19 00:00:00-05:00,129.22000122070312,129.6999969482422,128.6199951171875,128.8800048828125,124.8855209350586,2367350,0.0,0.0
2024-12-20 00:00:00-05:00,127.86000061035156,130.94000244140625,127.5,130.6999969482422,126.64910125732422,4539100,0.0,0.0
2024-12-23 00:00:00-05:00,131.6999969482422,133.4600067138672,131.13999938964844,133.25999450683594,129.1297607421875,4089200,0.0,0.0
2024-12-24 00:00:00-05:00,131.86000061035156,133.0,131.86000061035156,132.60000610351562,128.49021911621094,1075800,0.0,0.0
2024-12-26 00:00:00-05:00,131.83999633789062,133.33999633789062,131.72000122070312,133.0399932861328,128.9165802001953,1673950,0.0,0.0
2024-12-27 00:00:00-05:00,131.89999389648438,132.82000732421875,131.5399932861328,132.52000427246094,128.41270446777344,2350200,0.0,0.0
2024-12-30 00:00:00-05:00,132.22000122070312,132.22000122070312,130.66000366210938,131.13999938964844,127.07547760009766,1720800,0.0,0.0
2024-12-31 00:00:00-05:00,131.10000610351562,132.05999755859375,130.83999633789062,131.0399932861328,126.97856903076172,1009350,0.0,0.0
2025-01-02 00:00:00-05:00,132.02000427246094,132.82000732421875,131.6999969482422,131.75999450683594,127.67623901367188,1399050,0.0,0.0
2025-01-03 00:00:00-05:00,132.89999389648438,132.94000244140625,132.24000549316406,132.5,128.393310546875,1932000,0.0,0.0
2025-01-06 00:00:00-05:00,133.6199951171875,135.13999938964844,132.75999450683594,133.67999267578125,129.5367431640625,2699950,0.0,0.0
2025-01-07 00:00:00-05:00,133.60000610351562,134.66000366210938,133.22000122070312,133.27999877929688,129.14913940429688,2055550,0.0,0.0
2025-01-08 00:00:00-05:00,132.4199981689453,133.47999572753906,131.36000061035156,133.16000366210938,129.03286743164062,1989100,0.0,0.0
2025-01-10 00:00:00-05:00,134.3800048828125,135.13999938964844,133.6999969482422,134.02000427246094,129.8662109375,2835600,0.0,0.0
2025-01-13 00:00:00-05:00,131.75999450683594,132.4199981689453,131.27999877929688,131.4600067138672,127.38556671142578,3837900,0.0,0.0
2025-01-14 00:00:00-05:00,130.4199981689453,131.32000732421875,128.44000244140625,130.74000549316406,126.68787384033203,3123550,0.0,0.0
2025-01-15 00:00:00-05:00,131.02000427246094,131.75999450683594,130.05999755859375,131.36000061035156,127.28865051269531,2616550,0.0,0.0
2025-01-16 00:00:00-05:00,131.89999389648438,133.9600067138672,131.52000427246094,133.82000732421875,129.67242431640625,1971400,0.0,0.0
2025-01-17 00:00:00-05:00,135.55999755859375,135.55999755859375,133.17999267578125,133.1999969482422,129.0716094970703,2716200,0.0,0.0
2025-01-21 00:00:00-05:00,135.5,136.75999450683594,135.17999267578125,135.9199981689453,131.7073211669922,2739500,0.0,0.0
2025-01-22 00:00:00-05:00,136.02000427246094,136.67999267578125,135.36000061035156,136.39999389648438,132.1724395751953,3486200,0.0,0.0
2025-01-23 00:00:00-05:00,137.5,137.60000610351562,136.3000030517578,137.1999969482422,132.94764709472656,2098850,0.0,0.0
2025-01-24 00:00:00-05:00,138.22000122070312,138.94000244140625,137.67999267578125,138.1199951171875,133.83914184570312,2343200,0.0,0.0
2025-01-27 00:00:00-05:00,139.02000427246094,140.63999938964844,138.97999572753906,140.16000366210938,135.81591796875,2553700,0.0,0.0
2025-01-28 00:00:00-05:00,140.24000549316406,140.75999450683594,138.9600067138672,139.17999267578125,134.8662872314453,1713250,0.0,0.0
2025-01-29 00:00:00-05:00,140.3000030517578,140.60000610351562,139.17999267578125,140.5,136.14535522460938,1808350,0.0,0.0
2025-01-30 00:00:00-05:00,140.83999633789062,142.8800048828125,140.63999938964844,142.47999572753906,138.06399536132812,2331550,0.0,0.0
2025-01-31 00:00:00-05:00,141.27999877929688,143.10000610351562,140.97999572753906,141.52000427246094,137.13375854492188,1878850,0.0,0.0
2025-02-03 00:00:00-05:00,140.5,141.47999572753906,139.4600067138672,139.72000122070312,135.38954162597656,2496700,0.0,0.0
2025-02-04 00:00:00-05:00,139.32000732421875,139.39999389648438,137.52000427246094,137.9199981689453,133.6453399658203,2533950,0.0,0.0
2025-02-05 00:00:00-05:00,139.86000061035156,142.17999267578125,139.3000030517578,141.8800048828125,137.48260498046875,3904900,0.0,0.0
2025-02-06 00:00:00-05:00,148.3800048828125,149.22000122070312,143.9199981689453,144.72000122070312,140.2345733642578,4572600,0.0,0.0
2025-02-07 00:00:00-05:00,145.39999389648438,145.39999389648438,143.55999755859375,143.97999572753906,139.5175018310547,3111800,0.0,0.0
2025-02-10 00:00:00-05:00,145.47999572753906,146.60000610351562,144.8800048828125,145.32000732421875,140.8159942626953,3619650,0.0,0.0
2025-02-11 00:00:00-05:00,144.02000427246094,146.1199951171875,144.0,145.4600067138672,140.95164489746094,2669450,0.0,0.0
2025-02-12 00:00:00-05:00,146.17999267578125,149.1999969482422,146.05999755859375,148.86000061035156,144.2462615966797,2854650,0.0,0.0
2025-02-13 00:00:00-05:00,149.39999389648438,150.9600067138672,148.25999450683594,148.89999389648438,144.28501892089844,3052650,0.0,0.0
2025-02-14 00:00:00-05:00,148.66000366210938,149.16000366210938,146.89999389648438,147.16000366210938,142.5989532470703,2891800,0.0,0.0
2025-02-18 00:00:00-05:00,148.47999572753906,149.94000244140625,148.39999389648438,149.60000610351562,144.96334838867188,3084900,0.0,0.0
2025-02-19 00:00:00-05:00,148.3800048828125,148.89999389648438,147.16000366210938,147.6199951171875,143.04469299316406,2534800,0.0,0.0
2025-02-20 00:00:00-05:00,148.17999267578125,149.47999572753906,148.16000366210938,149.1199951171875,144.49819946289062,1667950,0.0,0.0
2025-02-21 00:00:00-05:00,147.77999877929688,149.0,147.0800018310547,148.44000244140625,145.89385986328125,1807400,2.1,0.0
2025-02-24 00:00:00-05:00,149.0800018310547,150.16000366210938,148.3800048828125,149.3800048828125,146.81771850585938,1965900,0.0,0.0
2025-02-25 00:00:00-05:00,151.82000732421875,152.4199981689453,150.13999938964844,150.8000030517578,148.21337890625,4888650,0.0,0.0
2025-02-26 00:00:00-05:00,152.33999633789062,152.5,149.94000244140625,151.0399932861328,148.44924926757812,4284550,0.0,0.0
2025-02-27 00:00:00-05:00,150.97999572753906,152.22000122070312,150.67999267578125,151.3000030517578,148.7047882080078,3834950,0.0,0.0
2025-02-28 00:00:00-05:00,151.66000366210938,152.52000427246094,150.60000610351562,152.4199981689453,149.80557250976562,6403350,0.0,0.0
2025-03-03 00:00:00-05:00,152.5,153.47999572753906,151.67999267578125,152.1999969482422,149.58935546875,2868400,0.0,0.0
2025-03-04 00:00:00-05:00,154.02000427246094,155.27999877929688,153.75999450683594,154.5,151.8498992919922,3208350,0.0,0.0
2025-03-05 00:00:00-05:00,154.8800048828125,156.72000122070312,154.77999877929688,155.9199981689453,153.24554443359375,2455250,0.0,0.0
2025-03-06 00:00:00-05:00,154.77999877929688,156.0800018310547,154.4199981689453,154.94000244140625,152.28236389160156,2584550,0.0,0.0
2025-03-07 00:00:00-05:00,155.3800048828125,156.5,154.55999755859375,155.0,152.34132385253906,3511700,0.0,0.0
2025-03-10 00:00:00-04:00,152.22000122070312,153.94000244140625,150.94000244140625,151.97999572753906,149.37310791015625,3127350,0.0,0.0
2025-03-11 00:00:00-04:00,151.0399932861328,151.33999633789062,148.36000061035156,148.47999572753906,145.93316650390625,3054450,0.0,0.0
2025-03-12 00:00:00-04:00,150.5399932861328,151.5800018310547,149.36000061035156,151.13999938964844,148.5475311279297,3337350,0.0,0.0
2025-03-13 00:00:00-04:00,153.39999389648438,154.05999755859375,152.33999633789062,153.02000427246094,150.39529418945312,3715450,0.0,0.0
2025-03-14 00:00:00-04:00,153.74000549316406,155.3800048828125,153.47999572753906,155.1999969482422,152.5378875732422,2987000,0.0,0.0
2025-03-17 00:00:00-04:00,154.32000732421875,155.52000427246094,154.16000366210938,154.74000549316406,152.08578491210938,1933850,0.0,0.0
2025-03-18 00:00:00-04:00,154.97999572753906,155.0399932861328,153.3800048828125,154.13999938964844,151.49607849121094,1798700,0.0,0.0
2025-03-19 00:00:00-04:00,153.9600067138672,154.05999755859375,152.33999633789062,152.63999938964844,150.0218048095703,2025300,0.0,0.0
2025-03-20 00:00:00-04:00,153.1999969482422,154.02000427246094,152.5399932861328,153.0399932861328,150.41494750976562,1597400,0.0,0.0
2025-03-21 00:00:00-04:00,151.17999267578125,151.8000030517578,149.36000061035156,149.86000061035156,147.28948974609375,2586400,0.0,0.0
2025-03-24 00:00:00-04:00,147.67999267578125,148.83999633789062,147.5800018310547,148.17999267578125,145.63829040527344,1870450,0.0,0.0
2025-03-25 00:00:00-04:00,150.10000610351562,150.24000549316406,145.24000549316406,146.10000610351562,143.593994140625,3037800,0.0,0.0
2025-03-26 00:00:00-04:00,144.75999450683594,146.22000122070312,143.63999938964844,145.44000244140625,142.94529724121094,3258100,0.0,0.0
2025-03-27 00:00:00-04:00,144.86000061035156,146.0800018310547,144.74000549316406,145.67999267578125,143.18118286132812,2281600,0.0,0.0
2025-03-28 00:00:00-04:00,147.39999389648438,148.3800048828125,146.86000061035156,147.5800018310547,145.04859924316406,1713850,0.0,0.0
2025-03-31 00:00:00-04:00,145.1999969482422,147.36000061035156,144.36000061035156,147.0,144.47853088378906,1945800,0.0,0.0
2025-04-01 00:00:00-04:00,148.0,148.02000427246094,144.83999633789062,145.1999969482422,142.70941162109375,2362500,0.0,0.0
2025-04-02 00:00:00-04:00,145.0399932861328,145.67999267578125,144.10000610351562,144.44000244140625,141.96246337890625,2088650,0.0,0.0
2025-04-03 00:00:00-04:00,151.24000549316406,151.39999389648438,147.74000549316406,147.83999633789062,145.3041229248047,4574400,0.0,0.0
2025-04-04 00:00:00-04:00,143.5,144.10000610351562,136.86000061035156,136.9199981689453,134.57144165039062,4606000,0.0,0.0
2025-04-07 00:00:00-04:00,129.55999755859375,134.67999267578125,127.86000061035156,131.5800018310547,129.3230438232422,6481850,0.0,0.0
2025-04-08 00:00:00-04:00,133.89999389648438,134.17999267578125,129.33999633789062,129.8000030517578,127.57357025146484,7700500,0.0,0.0
2025-04-09 00:00:00-04:00,123.62000274658203,134.16000366210938,122.4800033569336,133.52000427246094,131.22976684570312,6519200,0.0,0.0
2025-04-10 00:00:00-04:00,131.72000122070312,131.82000732421875,126.16000366210938,129.74000549316406,127.51460266113281,4881400,0.0,0.0
2025-04-11 00:00:00-04:00,130.0399932861328,133.24000549316406,128.8800048828125,132.5800018310547,130.30589294433594,2880650,0.0,0.0
2025-04-14 00:00:00-04:00,133.5800018310547,136.63999938964844,133.3800048828125,136.02000427246094,133.6868896484375,2969950,0.0,0.0
2025-04-15 00:00:00-04:00,136.1999969482422,136.8000030517578,134.63999938964844,135.74000549316406,133.4116973876953,2945250,0.0,0.0
2025-04-16 00:00:00-04:00,136.17999267578125,136.33999633789062,133.6199951171875,134.10000610351562,131.79981994628906,1777300,0.0,0.0
2025-04-17 00:00:00-04:00,134.3000030517578,136.3000030517578,134.17999267578125,135.17999267578125,132.8612823486328,1898000,0.0,0.0
2025-04-21 00:00:00-04:00,135.60000610351562,135.82000732421875,133.17999267578125,133.8000030517578,131.5049591064453,1286400,0.0,0.0
2025-04-22 00:00:00-04:00,133.89999389648438,136.8800048828125,133.74000549316406,135.74000549316406,133.4116973876953,2903500,0.0,0.0
2025-04-23 00:00:00-04:00,137.6999969482422,138.5399932861328,136.72000122070312,137.02000427246094,134.6697235107422,2837000,0.0,0.0
2025-04-24 00:00:00-04:00,138.32000732421875,139.4199981689453,136.9600067138672,139.10000610351562,136.71405029296875,1716000,0.0,0.0
2025-04-25 00:00:00-04:00,139.3000030517578,139.5800018310547,137.60000610351562,139.13999938964844,136.7533721923828,3331300,0.0,0.0
2025-04-28 00:00:00-04:00,140.5,141.6199951171875,139.05999755859375,139.86000061035156,137.4610137939453,4011700,0.0,0.0
2025-04-29 00:00:00-04:00,140.8000030517578,144.1199951171875,139.4199981689453,143.4199981689453,140.9599609375,3959450,0.0,0.0
2025-04-30 00:00:00-04:00,145.0399932861328,145.13999938964844,142.60000610351562,143.5800018310547,141.11720275878906,2028650,0.0,0.0
2025-05-01 00:00:00-04:00,140.17999267578125,141.3800048828125,139.39999389648438,141.02000427246094,138.6011199951172,2910050,0.0,0.0
2025-05-02 00:00:00-04:00,143.02000427246094,145.33999633789062,142.6999969482422,144.8800048828125,142.39491271972656,2687200,0.0,0.0
2025-05-05 00:00:00-04:00,145.0,145.0399932861328,143.97999572753906,144.17999267578125,141.7069091796875,1527850,0.0,0.0
2025-05-06 00:00:00-04:00,145.3800048828125,145.3800048828125,140.39999389648438,140.52000427246094,138.1096954345703,2401000,0.0,0.0
2025-05-07 00:00:00-04:00,140.0399932861328,141.3800048828125,139.67999267578125,140.13999938964844,137.7362060546875,2019800,0.0,0.0
2025-05-08 00:00:00-04:00,136.86000061035156,137.02000427246094,134.52000427246094,134.60000610351562,132.29124450683594,3572950,0.0,0.0
2025-05-09 00:00:00-04:00,136.0800018310547,137.25999450683594,135.0399932861328,135.13999938964844,132.8219757080078,3107950,0.0,0.0
2025-05-12 00:00:00-04:00,132.8800048828125,137.89999389648438,132.74000549316406,137.89999389648438,135.5346221923828,3535650,0.0,0.0
2025-05-13 00:00:00-04:00,136.83999633789062,136.8800048828125,134.77999877929688,135.44000244140625,133.11683654785156,2414350,0.0,0.0
2025-05-14 00:00:00-04:00,136.44000244140625,136.44000244140625,132.32000732421875,132.4600067138672,130.1879425048828,2820650,0.0,0.0
2025-05-15 00:00:00-04:00,135.10000610351562,135.94000244140625,134.13999938964844,135.9199981689453,133.58859252929688,2994950,0.0,0.0
2025-05-16 00:00:00-04:00,136.4199981689453,137.72000122070312,136.16000366210938,137.6199951171875,135.25942993164062,1871650,0.0,0.0
2025-05-19 00:00:00-04:00,137.3800048828125,139.39999389648438,137.36000061035156,139.3800048828125,136.98924255371094,2657950,0.0,0.0
2025-05-20 00:00:00-04:00,139.5800018310547,140.86000061035156,139.1199951171875,139.83999633789062,137.4413604736328,2147550,0.0,0.0
2025-05-21 00:00:00-04:00,141.9199981689453,141.9600067138672,139.13999938964844,139.36000061035156,136.96958923339844,2196600,0.0,0.0
2025-05-22 00:00:00-04:00,139.16000366210938,140.55999755859375,138.94000244140625,139.89999389648438,137.5003204345703,1705050,0.0,0.0
2025-05-23 00:00:00-04:00,139.9199981689453,141.1999969482422,139.82000732421875,140.82000732421875,138.40455627441406,1979150,0.0,0.0
2025-05-27 00:00:00-04:00,142.55999755859375,142.82000732421875,141.05999755859375,141.9199981689453,139.48568725585938,2229600,0.0,0.0
2025-05-28 00:00:00-04:00,140.3800048828125,141.1199951171875,139.94000244140625,140.75999450683594,138.3455810546875,1910350,0.0,0.0
2025-05-29 00:00:00-04:00,140.74000549316406,141.8000030517578,140.13999938964844,141.74000549316406,139.30877685546875,1730350,0.0,0.0
2025-05-30 00:00:00-04:00,142.16000366210938,146.39999389648438,141.1999969482422,145.66000366210938,143.16152954101562,4016950,0.0,0.0
2025-06-02 00:00:00-04:00,143.13999938964844,144.39999389648438,142.55999755859375,143.86000061035156,141.3924102783203,3194950,0.0,0.0
2025-06-03 00:00:00-04:00,144.36000061035156,145.05999755859375,143.3000030517578,143.63999938964844,141.17617797851562,2257250,0.0,0.0
2025-06-04 00:00:00-04:00,145.22000122070312,146.77999877929688,144.82000732421875,146.0,143.49569702148438,1810350,0.0,0.0
2025-06-05 00:00:00-04:00,145.77999877929688,145.86000061035156,144.36000061035156,144.6999969482422,142.21798706054688,1987400,0.0,0.0
2025-06-06 00:00:00-04:00,144.83999633789062,146.33999633789062,144.83999633789062,145.75999450683594,143.2598114013672,1226950,0.0,0.0
2025-06-09 00:00:00-04:00,145.0800018310547,147.13999938964844,145.0800018310547,146.02000427246094,143.51536560058594,1773700,0.0,0.0
2025-06-10 00:00:00-04:00,146.5399932861328,148.13999938964844,146.32000732421875,147.66000366210938,145.12722778320312,1477800,0.0,0.0
2025-06-11 00:00:00-04:00,146.86000061035156,148.32000732421875,146.86000061035156,147.47999572753906,144.95030212402344,1777550,0.0,0.0
2025-06-12 00:00:00-04:00,149.24000549316406,150.75999450683594,148.52000427246094,150.0,147.42709350585938,1722900,0.0,0.0
2025-06-13 00:00:00-04:00,148.3000030517578,149.9600067138672,147.82000732421875,148.83999633789062,146.2869873046875,1565800,0.0,0.0
2025-06-16 00:00:00-04:00,148.6999969482422,149.52000427246094,146.82000732421875,147.10000610351562,144.5768280029297,1709550,0.0,0.0
2025-06-17 00:00:00-04:00,145.02000427246094,145.3800048828125,141.83999633789062,141.94000244140625,139.50534057617188,2131800,0.0,0.0
2025-06-18 00:00:00-04:00,142.24000549316406,142.52000427246094,141.0800018310547,141.52000427246094,139.09254455566406,1685700,0.0,0.0
2025-06-20 00:00:00-04:00,142.27999877929688,142.27999877929688,139.32000732421875,139.89999389648438,137.5003204345703,3148550,0.0,0.0
2025-06-23 00:00:00-04:00,140.0,141.4199981689453,139.8800048828125,141.27999877929688,138.85665893554688,1474900,0.0,0.0
2025-06-24 00:00:00-04:00,140.6199951171875,141.82000732421875,140.0,141.0800018310547,138.66009521484375,1823300,0.0,0.0
2025-06-25 00:00:00-04:00,140.39999389648438,140.44000244140625,139.3000030517578,139.36000061035156,136.96958923339844,2011600,0.0,0.0
2025-06-26 00:00:00-04:00,140.17999267578125,140.74000549316406,139.32000732421875,140.13999938964844,137.7362060546875,2124850,0.0,0.0
2025-06-27 00:00:00-04:00,140.05999755859375,140.6999969482422,139.4199981689453,139.6999969482422,137.3037567138672,1567400,0.0,0.0
2025-06-30 00:00:00-04:00,139.77999877929688,140.13999938964844,138.82000732421875,139.75999450683594,137.3627166748047,1850700,0.0,0.0
2025-07-01 00:00:00-04:00,140.22000122070312,144.02000427246094,140.0800018310547,142.9199981689453,140.46852111816406,3365450,0.0,0.0
2025-07-02 00:00:00-04:00,141.27999877929688,142.5399932861328,141.02000427246094,142.25999450683594,139.81983947753906,1838050,0.0,0.0
2025-07-03 00:00:00-04:00,142.22000122070312,142.32000732421875,138.36000061035156,138.89999389648438,136.51748657226562,3384000,0.0,0.0
2025-07-07 00:00:00-04:00,139.94000244140625,140.0399932861328,138.6199951171875,139.25999450683594,136.87130737304688,2220800,0.0,0.0
2025-07-08 00:00:00-04:00,138.4600067138672,140.97999572753906,138.3000030517578,140.0399932861328,137.63792419433594,2039800,0.0,0.0
2025-07-09 00:00:00-04:00,139.77999877929688,141.74000549316406,139.47999572753906,141.63999938964844,139.21047973632812,1832700,0.0,0.0
2025-07-10 00:00:00-04:00,143.3000030517578,144.9199981689453,142.5800018310547,143.6199951171875,141.15650939941406,2022850,0.0,0.0
2025-07-11 00:00:00-04:00,141.97999572753906,142.3000030517578,141.0,142.25999450683594,139.81983947753906,1364950,0.0,0.0
2025-07-14 00:00:00-04:00,142.6999969482422,144.4199981689453,142.4199981689453,143.47999572753906,141.0189208984375,1700850,0.0,0.0
2025-07-15 00:00:00-04:00,143.55999755859375,143.6199951171875,140.5399932861328,140.63999938964844,138.22763061523438,1595800,0.0,0.0
2025-07-16 00:00:00-04:00,139.9199981689453,141.3800048828125,139.6999969482422,140.16000366210938,137.75587463378906,1771500,0.0,0.0
2025-07-17 00:00:00-04:00,139.0399932861328,139.44000244140625,137.22000122070312,138.52000427246094,136.14401245117188,1849350,0.0,0.0
2025-07-18 00:00:00-04:00,139.17999267578125,139.22000122070312,137.33999633789062,137.5800018310547,135.22012329101562,1495900,0.0,0.0
2025-07-21 00:00:00-04:00,137.75999450683594,138.74000549316406,137.22000122070312,137.44000244140625,135.08251953125,1602750,0.0,0.0
2025-07-22 00:00:00-04:00,138.83999633789062,141.0800018310547,138.83999633789062,140.9600067138672,138.54214477539062,1563350,0.0,0.0
2025-07-23 00:00:00-04:00,144.33999633789062,146.60000610351562,144.0,146.0,143.49569702148438,2510200,0.0,0.0
2025-07-24 00:00:00-04:00,148.25999450683594,148.75999450683594,147.10000610351562,147.36000061035156,144.83236694335938,2883500,0.0,0.0
2025-07-25 00:00:00-04:00,145.3000030517578,145.8000030517578,144.5399932861328,145.32000732421875,142.82737731933594,3101150,0.0,0.0
2025-07-28 00:00:00-04:00,145.44000244140625,146.05999755859375,142.97999572753906,143.66000366210938,141.19583129882812,3823900,0.0,0.0
2025-07-29 00:00:00-04:00,145.83999633789062,150.0,145.13999938964844,147.9600067138672,145.42208862304688,7215700,0.0,0.0
2025-07-30 00:00:00-04:00,151.1199951171875,153.4600067138672,150.72000122070312,153.17999267578125,150.5525360107422,5135550,0.0,0.0
2025-07-31 00:00:00-04:00,149.17999267578125,151.27999877929688,146.05999755859375,146.17999267578125,143.672607421875,4299850,0.0,0.0
2025-08-01 00:00:00-04:00,147.10000610351562,148.24000549316406,146.67999267578125,147.89999389648438,145.36309814453125,4901900,0.0,0.0
2025-08-04 00:00:00-04:00,146.66000366210938,149.1999969482422,146.44000244140625,149.17999267578125,146.62115478515625,1756700,0.0,0.0
2025-08-05 00:00:00-04:00,149.67999267578125,149.89999389648438,148.5,148.9600067138672,146.40492248535156,1719850,0.0,0.0
2025-08-06 00:00:00-04:00,149.39999389648438,150.1999969482422,146.83999633789062,147.1999969482422,144.67510986328125,1473650,0.0,0.0
2025-08-07 00:00:00-04:00,147.5800018310547,149.1999969482422,146.89999389648438,149.13999938964844,146.5818328857422,1713800,0.0,0.0
2025-08-08 00:00:00-04:00,146.94000244140625,147.8000030517578,146.22000122070312,147.10000610351562,145.58226013183594,2493100,1.03,0.0
2025-08-11 00:00:00-04:00,147.72000122070312,148.6199951171875,147.32000732421875,148.13999938964844,146.6115264892578,1279150,0.0,0.0
2025-08-12 00:00:00-04:00,148.22000122070312,150.74000549316406,148.0800018310547,150.67999267578125,149.1253204345703,1386300,0.0,0.0
2025-08-13 00:00:00-04:00,153.86000061035156,156.05999755859375,153.5800018310547,155.8800048828125,154.27166748046875,2504250,0.0,0.0
2025-08-14 00:00:00-04:00,155.63999938964844,157.17999267578125,155.47999572753906,156.94000244140625,155.32073974609375,2859050,0.0,0.0
2025-08-15 00:00:00-04:00,157.02000427246094,158.6199951171875,156.60000610351562,158.33999633789062,156.70628356933594,2380450,0.0,0.0
2025-08-18 00:00:00-04:00,158.97999572753906,159.55999755859375,158.1999969482422,158.24000549316406,156.60733032226562,1508850,0.0,0.0
2025-08-19 00:00:00-04:00,158.66000366210938,159.60000610351562,158.44000244140625,159.0800018310547,157.43865966796875,1844950,0.0,0.0
2025-08-20 00:00:00-04:00,160.39999389648438,162.25999450683594,160.36000061035156,161.0399932861328,159.37841796875,1785950,0.0,0.0
2025-08-21 00:00:00-04:00,160.8000030517578,161.9600067138672,160.8000030517578,160.9199981689453,159.25967407226562,1268250,0.0,0.0
2025-08-22 00:00:00-04:00,162.17999267578125,163.1199951171875,161.22000122070312,161.94000244140625,160.26914978027344,1802150,0.0,0.0
2025-08-25 00:00:00-04:00,163.0399932861328,163.0399932861328,158.97999572753906,159.32000732421875,157.67617797851562,1689700,0.0,0.0
2025-08-26 00:00:00-04:00,161.13999938964844,161.13999938964844,158.75999450683594,160.10000610351562,158.44813537597656,2664300,0.0,0.0
2025-08-27 00:00:00-04:00,160.1199951171875,160.52000427246094,158.94000244140625,159.86000061035156,158.21060180664062,2428300,0.0,0.0
2025-08-28 00:00:00-04:00,159.86000061035156,160.32000732421875,158.6999969482422,159.97999572753906,158.32936096191406,1515450,0.0,0.0
2025-08-29 00:00:00-04:00,159.17999267578125,160.17999267578125,158.74000549316406,159.8000030517578,158.15122985839844,1412350,0.0,0.0
2025-09-02 00:00:00-04:00,159.72000122070312,161.17999267578125,158.86000061035156,160.3800048828125,158.72525024414062,1494300,0.0,0.0
2025-09-03 00:00:00-04:00,161.89999389648438,164.3800048828125,161.82000732421875,164.22000122070312,162.52561950683594,2101650,0.0,0.0
2025-09-04 00:00:00-04:00,163.75999450683594,164.55999755859375,162.9600067138672,163.55999755859375,161.87242126464844,1560750,0.0,0.0
2025-09-05 00:00:00-04:00,164.10000610351562,164.82000732421875,163.0800018310547,163.39999389648438,161.71408081054688,1232200,0.0,0.0
2025-09-08 00:00:00-04:00,161.4600067138672,163.22000122070312,160.36000061035156,163.1199951171875,161.4369659423828,1312000,0.0,0.0
2025-09-09 00:00:00-04:00,162.02000427246094,162.72000122070312,161.47999572753906,162.44000244140625,160.7639923095703,1189450,0.0,0.0
2025-09-10 00:00:00-04:00,161.82000732421875,162.24000549316406,161.16000366210938,161.6199951171875,159.9524383544922,1056250,0.0,0.0
2025-09-11 00:00:00-04:00,161.63999938964844,162.6199951171875,161.36000061035156,162.1999969482422,160.52645874023438,1414750,0.0,0.0
2025-09-12 00:00:00-04:00,161.63999938964844,162.32000732421875,158.16000366210938,159.1199951171875,157.47824096679688,2245850,0.0,0.0
2025-09-15 00:00:00-04:00,156.44000244140625,157.0399932861328,154.72000122070312,156.10000610351562,154.48941040039062,2223550,0.0,0.0
2025-09-16 00:00:00-04:00,155.82000732421875,156.0399932861328,154.47999572753906,155.1199951171875,153.51950073242188,1704750,0.0,0.0
2025-09-17 00:00:00-04:00,154.3800048828125,156.16000366210938,154.13999938964844,155.3800048828125,153.77684020996094,2329250,0.0,0.0
2025-09-18 00:00:00-04:00,153.83999633789062,154.3000030517578,152.16000366210938,154.13999938964844,152.54962158203125,2279150,0.0,0.0
2025-09-19 00:00:00-04:00,153.5800018310547,154.5399932861328,152.32000732421875,152.55999755859375,150.9859161376953,3330750,0.0,0.0
2025-09-22 00:00:00-04:00,153.33999633789062,155.77999877929688,153.16000366210938,155.0,153.4007568359375,2435200,0.0,0.0
2025-09-23 00:00:00-04:00,153.22000122070312,153.72000122070312,151.8000030517578,151.94000244140625,150.37232971191406,1956300,0.0,0.0
2025-09-24 00:00:00-04:00,150.39999389648438,151.32000732421875,149.83999633789062,150.72000122070312,149.1649169921875,1546450,0.0,0.0
2025-09-25 00:00:00-04:00,149.13999938964844,149.3800048828125,145.8000030517578,147.05999755859375,145.54266357421875,2443200,0.0,0.0
2025-09-26 00:00:00-04:00,147.33999633789062,148.1199951171875,146.66000366210938,147.52000427246094,145.9979248046875,2172700,0.0,0.0
2025-09-29 00:00:00-04:00,148.3800048828125,149.36000061035156,147.3800048828125,148.25999450683594,146.73028564453125,3059350,0.0,0.0
2025-09-30 00:00:00-04:00,148.86000061035156,153.97999572753906,147.9199981689453,153.44000244140625,151.85684204101562,3841100,0.0,0.0
2025-10-01 00:00:00-04:00,162.0800018310547,169.22000122070312,161.63999938964844,168.72000122070312,166.97918701171875,7225700,0.0,0.0
2025-10-02 00:00:00-04:00,166.8000030517578,168.10000610351562,165.75999450683594,167.3000030517578,165.57383728027344,2725600,0.0,0.0
2025-10-03 00:00:00-04:00,168.60000610351562,171.0,167.67999267578125,170.6199951171875,168.85958862304688,2934450,0.0,0.0
2025-10-06 00:00:00-04:00,171.0800018310547,173.13999938964844,170.27999877929688,170.97999572753906,169.2158660888672,3192450,0.0,0.0
2025-10-07 00:00:00-04:00,170.83999633789062,172.47999572753906,170.6999969482422,171.74000549316406,169.96803283691406,1746350,0.0,0.0
2025-10-08 00:00:00-04:00,172.6999969482422,172.9600067138672,170.32000732421875,170.75999450683594,168.99813842773438,3310550,0.0,0.0
2025-10-09 00:00:00-04:00,171.8000030517578,172.75999450683594,169.97999572753906,170.0800018310547,168.32516479492188,4546650,0.0,0.0
2025-10-10 00:00:00-04:00,171.25999450683594,171.75999450683594,167.6999969482422,169.05999755859375,167.315673828125,7238150,0.0,0.0
2025-10-13 00:00:00-04:00,168.6999969482422,169.83999633789062,168.10000610351562,169.02000427246094,167.27609252929688,2989950,0.0,0.0
2025-10-14 00:00:00-04:00,169.16000366210938,170.33999633789062,168.60000610351562,170.24000549316406,168.4835205078125,2450900,0.0,0.0
2025-10-15 00:00:00-04:00,167.10000610351562,170.0800018310547,167.05999755859375,169.66000366210938,167.9095001220703,2034800,0.0,0.0
2025-10-16 00:00:00-04:00,167.0399932861328,168.83999633789062,166.1999969482422,167.66000366210938,165.9301300048828,2163000,0.0,0.0
2025-10-17 00:00:00-04:00,167.67999267578125,170.1199951171875,167.3000030517578,169.3800048828125,167.63238525390625,1562900,0.0,0.0
2025-10-20 00:00:00-04:00,169.72000122070312,170.36000061035156,167.55999755859375,167.74000549316406,166.00930786132812,2508050,0.0,0.0
2025-10-21 00:00:00-04:00,167.67999267578125,167.82000732421875,166.24000549316406,166.44000244140625,164.72271728515625,2808300,0.0,0.0
2025-10-22 00:00:00-04:00,166.89999389648438,168.4199981689453,166.55999755859375,166.86000061035156,165.1383819580078,1656650,0.0,0.0
2025-10-23 00:00:00-04:00,166.33999633789062,167.6199951171875,166.24000549316406,166.8000030517578,165.07901000976562,1074800,0.0,0.0
2025-10-24 00:00:00-04:00,166.89999389648438,167.0399932861328,165.83999633789062,166.5800018310547,164.86126708984375,1190200,0.0,0.0
2025-10-27 00:00:00-04:00,166.9199981689453,168.4199981689453,166.47999572753906,168.1199951171875,166.3853759765625,3123950,0.0,0.0
2025-10-28 00:00:00-04:00,168.0800018310547,168.44000244140625,163.55999755859375,165.22000122070312,163.5153045654297,1830750,0.0,0.0
2025-10-29 00:00:00-04:00,166.77999877929688,166.9199981689453,163.27999877929688,164.4600067138672,162.76315307617188,1784800,0.0,0.0
2025-10-30 00:00:00-04:00,164.17999267578125,165.63999938964844,162.5800018310547,164.67999267578125,162.98086547851562,2895650,0.0,0.0
2025-10-31 00:00:00-04:00,164.36000061035156,165.10000610351562,163.0,164.8000030517578,163.09963989257812,1488850,0.0,0.0
2025-11-03 00:00:00-05:00,163.9600067138672,164.8000030517578,162.10000610351562,163.44000244140625,161.75367736816406,1448050,0.0,0.0
2025-11-04 00:00:00-05:00,161.3000030517578,164.22000122070312,160.9600067138672,164.05999755859375,162.3672637939453,2336600,0.0,0.0
2025-11-05 00:00:00-05:00,162.75999450683594,164.17999267578125,162.0399932861328,162.3000030517578,160.62542724609375,2724400,0.0,0.0
2025-11-06 00:00:00-05:00,168.6199951171875,170.0399932861328,166.74000549316406,167.5399932861328,165.8113555908203,3471050,0.0,0.0
2025-11-07 00:00:00-05:00,169.10000610351562,170.3000030517578,168.44000244140625,169.16000366210938,167.41465759277344,2052900,0.0,0.0
2025-11-10 00:00:00-05:00,172.47999572753906,175.05999755859375,171.6999969482422,174.9600067138672,173.15481567382812,3135700,0.0,0.0
2025-11-11 00:00:00-05:00,176.3800048828125,178.63999938964844,176.0,178.17999267578125,176.34158325195312,2481600,0.0,0.0
2025-11-12 00:00:00-05:00,176.5399932861328,177.8000030517578,174.4600067138672,175.36000061035156,173.55067443847656,2615800,0.0,0.0
2025-11-13 00:00:00-05:00,175.77999877929688,178.86000061035156,175.24000549316406,177.22000122070312,175.39149475097656,2257200,0.0,0.0
2025-11-14 00:00:00-05:00,177.0399932861328,178.74000549316406,176.55999755859375,178.1999969482422,176.3613739013672,2045200,0.0,0.0
2025-11-17 00:00:00-05:00,178.66000366210938,180.5399932861328,178.24000549316406,178.8000030517578,176.95518493652344,1907050,0.0,0.0
2025-11-18 00:00:00-05:00,178.05999755859375,179.4199981689453,176.8800048828125,179.10000610351562,177.25210571289062,3178950,0.0,0.0
2025-11-19 00:00:00-05:00,179.1199951171875,180.13999938964844,177.17999267578125,177.97999572753906,176.14364624023438,3219300,0.0,0.0
2025-11-20 00:00:00-05:00,179.6999969482422,180.02000427246094,176.82000732421875,177.36000061035156,175.53004455566406,2931500,0.0,0.0
2025-11-21 00:00:00-05:00,178.67999267578125,183.82000732421875,178.67999267578125,182.0,180.12217712402344,3701150,0.0,0.0
2025-11-24 00:00:00-05:00,181.22000122070312,183.66000366210938,181.22000122070312,183.0399932861328,181.15142822265625,2863100,0.0,0.0
2025-11-25 00:00:00-05:00,184.8800048828125,186.82000732421875,184.39999389648438,186.47999572753906,184.55593872070312,2712750,0.0,0.0
2025-11-26 00:00:00-05:00,186.0,188.0399932861328,185.67999267578125,186.63999938964844,184.71429443359375,2328000,0.0,0.0
2025-11-28 00:00:00-05:00,185.13999938964844,185.66000366210938,184.10000610351562,185.44000244140625,183.5266876220703,1874000,0.0,0.0
2025-12-01 00:00:00-05:00,185.8800048828125,185.9600067138672,180.86000061035156,181.0399932861328,179.1720733642578,3183300,0.0,0.0
2025-12-02 00:00:00-05:00,181.82000732421875,182.16000366210938,180.27999877929688,180.33999633789062,178.4792938232422,3252350,0.0,0.0
2025-12-03 00:00:00-05:00,181.3800048828125,182.55999755859375,181.0399932861328,181.6999969482422,179.82525634765625,3418500,0.0,0.0
2025-12-04 00:00:00-05:00,181.3000030517578,181.74000549316406,179.5399932861328,180.05999755859375,178.20217895507812,2625450,0.0,0.0
2025-12-05 00:00:00-05:00,181.3800048828125,182.36000061035156,180.13999938964844,180.36000061035156,178.4990997314453,2716450,0.0,0.0
2025-12-08 00:00:00-05:00,180.74000549316406,182.74000549316406,179.33999633789062,182.55999755859375,180.6763916015625,3527750,0.0,0.0
2025-12-09 00:00:00-05:00,182.36000061035156,182.89999389648438,179.55999755859375,179.63999938964844,177.78651428222656,2363900,0.0,0.0
2025-12-10 00:00:00-05:00,182.36000061035156,183.32000732421875,179.39999389648438,183.02000427246094,181.13165283203125,3059950,0.0,0.0
2025-12-11 00:00:00-05:00,181.24000549316406,183.0399932861328,180.39999389648438,180.5800018310547,178.71682739257812,3313950,0.0,0.0
2025-12-12 00:00:00-05:00,178.8000030517578,179.9199981689453,178.55999755859375,179.66000366210938,177.8063201904297,2688650,0.0,0.0
2025-12-15 00:00:00-05:00,180.74000549316406,183.5800018310547,180.24000549316406,183.1199951171875,181.23060607910156,3510200,0.0,0.0
2025-12-16 00:00:00-05:00,181.74000549316406,183.16000366210938,180.3800048828125,182.6999969482422,180.81494140625,2257450,0.0,0.0
2025-12-17 00:00:00-05:00,182.17999267578125,182.5,179.6999969482422,179.72000122070312,177.86569213867188,2987750,0.0,0.0
2025-12-18 00:00:00-05:00,180.5800018310547,182.33999633789062,180.3800048828125,181.22000122070312,179.3502197265625,3414250,0.0,0.0
2025-12-19 00:00:00-05:00,180.86000061035156,183.74000549316406,180.72000122070312,182.72000122070312,180.83474731445312,4187150,0.0,0.0
2025-12-22 00:00:00-05:00,181.6199951171875,183.72000122070312,181.25999450683594,183.10000610351562,181.21083068847656,2324500,0.0,0.0
2025-12-23 00:00:00-05:00,185.0399932861328,186.1999969482422,183.8800048828125,184.27999877929688,182.37864685058594,1772200,0.0,0.0
2025-12-24 00:00:00-05:00,184.63999938964844,185.22000122070312,184.02000427246094,184.89999389648438,182.99224853515625,592350,0.0,0.0
2025-12-26 00:00:00-05:00,185.05999755859375,185.82000732421875,184.36000061035156,185.8000030517578,183.88296508789062,834700,0.0,0.0
2025-12-29 00:00:00-05:00,184.66000366210938,185.77999877929688,184.66000366210938,185.0399932861328,183.13079833984375,1185900,0.0,0.0
2025-12-30 00:00:00-05:00,185.32000732421875,185.75999450683594,184.72000122070312,185.02000427246094,183.11102294921875,865100,0.0,0.0
2025-12-31 00:00:00-05:00,184.5,184.9600067138672,183.83999633789062,183.86000061035156,181.96298217773438,1048650,0.0,0.0
2026-01-02 00:00:00-05:00,184.77999877929688,184.89999389648438,182.33999633789062,183.13999938964844,181.2504119873047,1781600,0.0,0.0
2026-01-05 00:00:00-05:00,182.33999633789062,182.75999450683594,179.05999755859375,182.44000244140625,180.55763244628906,2954200,0.0,0.0
2026-01-06 00:00:00-05:00,184.97999572753906,190.5399932861328,184.9199981689453,189.9199981689453,187.96044921875,3162450,0.0,0.0
2026-01-07 00:00:00-05:00,189.6199951171875,193.02000427246094,188.24000549316406,190.32000732421875,188.35633850097656,3307450,0.0,0.0
2026-01-08 00:00:00-05:00,190.36000061035156,191.89999389648438,186.44000244140625,188.02000427246094,186.08006286621094,2808100,0.0,0.0
2026-01-09 00:00:00-05:00,190.47999572753906,191.8800048828125,189.0800018310547,189.3000030517578,187.3468475341797,3038700,0.0,0.0
2026-01-12 00:00:00-05:00,190.27999877929688,190.36000061035156,186.82000732421875,187.25999450683594,185.32789611816406,5377550,0.0,0.0
2026-01-13 00:00:00-05:00,188.27999877929688,189.0800018310547,185.55999755859375,189.02000427246094,187.0697479248047,4018600,0.0,0.0
2026-01-14 00:00:00-05:00,192.0399932861328,192.86000061035156,190.74000549316406,192.67999267578125,190.6919708251953,3854650,0.0,0.0
2026-01-15 00:00:00-05:00,190.60000610351562,190.72000122070312,186.82000732421875,187.97999572753906,186.04046630859375,4573200,0.0,0.0
2026-01-16 00:00:00-05:00,188.94000244140625,189.36000061035156,187.02000427246094,188.77999877929688,186.83221435546875,27525250,0.0,0.0
2026-01-20 00:00:00-05:00,180.27999877929688,182.24000549316406,178.33999633789062,179.8800048828125,178.0240478515625,5568650,0.0,0.0
2026-01-21 00:00:00-05:00,179.36000061035156,181.5800018310547,178.0800018310547,181.0800018310547,179.211669921875,4558000,0.0,0.0
2026-01-22 00:00:00-05:00,180.89999389648438,183.5800018310547,180.33999633789062,183.3800048828125,181.48793029785156,3072600,0.0,0.0
2026-01-23 00:00:00-05:00,184.1199951171875,185.97999572753906,182.8800048828125,185.89999389648438,183.98191833496094,2161400,0.0,0.0
2026-01-26 00:00:00-05:00,186.27999877929688,189.17999267578125,186.16000366210938,188.4600067138672,186.51551818847656,3054100,0.0,0.0
2026-01-27 00:00:00-05:00,189.3000030517578,192.36000061035156,189.3000030517578,191.1999969482422,189.2272491455078,3526350,0.0,0.0
2026-01-28 00:00:00-05:00,186.33999633789062,187.67999267578125,185.8000030517578,186.44000244140625,184.516357421875,4117150,0.0,0.0
2026-01-29 00:00:00-05:00,186.74000549316406,187.05999755859375,185.13999938964844,185.17999267578125,183.26934814453125,3237350,0.0,0.0
2026-01-30 00:00:00-05:00,186.05999755859375,187.02000427246094,184.9199981689453,185.5399932861328,183.62564086914062,2777500,0.0,0.0
2026-02-02 00:00:00-05:00,190.44000244140625,192.7899932861328,186.17999267578125,188.41000366210938,186.46603393554688,3228800,0.0,0.5
2026-02-03 00:00:00-05:00,187.61000061035156,190.72000122070312,183.6300048828125,184.32000732421875,182.41824340820312,2659700,0.0,0.0
2026-02-04 00:00:00-05:00,189.05999755859375,190.6999969482422,186.32000732421875,187.4499969482422,185.51593017578125,3889200,0.0,0.0
2026-02-05 00:00:00-05:00,187.07000732421875,190.6699981689453,186.5800018310547,187.16000366210938,185.2289276123047,3380500,0.0,0.0
2026-02-06 00:00:00-05:00,190.4600067138672,193.97000122070312,188.49000549316406,193.02999877929688,191.03836059570312,3117300,0.0,0.0
2026-02-09 00:00:00-05:00,191.8000030517578,192.75999450683594,187.05999755859375,188.00999450683594,186.07015991210938,3030400,0.0,0.0
2026-02-10 00:00:00-05:00,194.02000427246094,195.89999389648438,190.60000610351562,193.39999389648438,191.404541015625,2726400,0.0,0.0
2026-02-11 00:00:00-05:00,200.0800018310547,204.9199981689453,199.19000244140625,204.75999450683594,202.6473388671875,3483900,0.0,0.0
2026-02-12 00:00:00-05:00,202.52000427246094,205.86000061035156,202.10000610351562,204.52000427246094,202.40982055664062,2723800,0.0,0.0
2026-02-13 00:00:00-05:00,205.63999938964844,206.7100067138672,204.08999633789062,205.5500030517578,203.42918395996094,2504800,0.0,0.0
2026-02-17 00:00:00-05:00,208.10000610351562,211.27000427246094,207.85000610351562,209.47999572753906,207.31863403320312,2287700,0.0,0.0
2026-02-18 00:00:00-05:00,212.66000366210938,212.7100067138672,207.52000427246094,208.6699981689453,206.51699829101562,2604100,0.0,0.0
2026-02-19 00:00:00-05:00,208.75,208.9499969482422,205.72000122070312,208.6199951171875,208.6199951171875,2036900,2.153,0.0
2026-02-20 00:00:00-05:00,206.60000610351562,207.69000244140625,204.0500030517578,204.1999969482422,204.1999969482422,1592700,0.0,0.0
2026-02-23 00:00:00-05:00,204.60000610351562,207.33999633789062,204.25999450683594,204.94000244140625,204.94000244140625,1815400,0.0,0.0
2026-02-24 00:00:00-05:00,208.99000549316406,209.35000610351562,206.49000549316406,206.61000061035156,206.61000061035156,1710800,0.0,0.0
2026-02-25 00:00:00-05:00,206.75,207.5500030517578,205.3000030517578,205.7899932861328,205.7899932861328,1434800,0.0,0.0
2026-02-26 00:00:00-05:00,204.97999572753906,205.16000366210938,202.63999938964844,203.97999572753906,203.97999572753906,2250400,0.0,0.0
2026-02-27 00:00:00-05:00,207.27000427246094,209.92999267578125,206.9499969482422,208.4499969482422,208.4499969482422,1996300,0.0,0.0
2026-03-02 00:00:00-05:00,205.63999938964844,206.3000030517578,203.33999633789062,203.72999572753906,203.72999572753906,1718800,0.0,0.0
2026-03-03 00:00:00-05:00,200.0,201.99000549316406,197.10000610351562,201.75999450683594,201.75999450683594,2733100,0.0,0.0
2026-03-04 00:00:00-05:00,203.22000122070312,203.2899932861328,200.5500030517578,201.52999877929688,201.52999877929688,2911100,0.0,0.0
2026-03-05 00:00:00-05:00,199.39999389648438,199.52000427246094,195.25999450683594,197.52000427246094,197.52000427246094,2648600,0.0,0.0
2026-03-06 00:00:00-05:00,194.00999450683594,194.8300018310547,192.75999450683594,194.22000122070312,194.22000122070312,1473800,0.0,0.0
2026-03-09 00:00:00-04:00,190.3300018310547,195.7899932861328,189.35000610351562,194.9499969482422,194.9499969482422,1875000,0.0,0.0
2026-03-10 00:00:00-04:00,196.72000122070312,198.08999633789062,194.80999755859375,194.99000549316406,194.99000549316406,1658200,0.0,0.0
2026-03-11 00:00:00-04:00,194.22000122070312,194.8300018310547,192.30999755859375,193.30999755859375,193.30999755859375,1416800,0.0,0.0
2026-03-12 00:00:00-04:00,193.91000366210938,193.9199981689453,190.9600067138672,192.5,192.5,2154800,0.0,0.0
2026-03-13 00:00:00-04:00,192.63999938964844,193.64999389648438,189.42999267578125,189.89999389648438,189.89999389648438,1429000,0.0,0.0
2026-03-16 00:00:00-04:00,190.80999755859375,192.50999450683594,190.5399932861328,192.00999450683594,192.00999450683594,1828800,0.0,0.0
2026-03-17 00:00:00-04:00,193.9600067138672,193.9600067138672,190.9499969482422,191.2899932861328,191.2899932861328,1455600,0.0,0.0
2026-03-18 00:00:00-04:00,190.6699981689453,190.72999572753906,187.55999755859375,188.4199981689453,188.4199981689453,1174400,0.0,0.0
2026-03-19 00:00:00-04:00,186.72999572753906,189.7899932861328,186.3300018310547,188.92999267578125,188.92999267578125,1469900,0.0,0.0
2026-03-20 00:00:00-04:00,188.13999938964844,188.39999389648438,182.6199951171875,183.60000610351562,183.60000610351562,2068000,0.0,0.0
2026-03-23 00:00:00-04:00,183.86000061035156,186.77999877929688,183.75999450683594,184.07000732421875,184.07000732421875,2009400,0.0,0.0
2026-03-24 00:00:00-04:00,182.6300048828125,186.22000122070312,182.38999938964844,185.77999877929688,185.77999877929688,1596200,0.0,0.0
2026-03-25 00:00:00-04:00,187.6699981689453,188.72000122070312,186.44000244140625,187.13999938964844,187.13999938964844,1484000,0.0,0.0
2026-03-26 00:00:00-04:00,185.0800018310547,186.80999755859375,182.7899932861328,183.39999389648438,183.39999389648438,1850300,0.0,0.0
2026-03-27 00:00:00-04:00,190.8800048828125,192.97000122070312,187.9499969482422,188.4199981689453,188.4199981689453,2762900,0.0,0.0
2026-03-30 00:00:00-04:00,193.8300018310547,194.63999938964844,192.61000061035156,193.8800048828125,193.8800048828125,2113900,0.0,0.0
2026-03-31 00:00:00-04:00,194.85000610351562,197.27000427246094,193.5500030517578,197.22000122070312,197.22000122070312,2759600,0.0,0.0
2026-04-01 00:00:00-04:00,198.88999938964844,201.74000549316406,198.72000122070312,200.72999572753906,200.72999572753906,2158600,0.0,0.0
2026-04-02 00:00:00-04:00,199.77999877929688,204.33999633789062,199.22999572753906,203.49000549316406,203.49000549316406,2049300,0.0,0.0
2026-04-06 00:00:00-04:00,204.75,204.75,202.72999572753906,202.8300018310547,202.8300018310547,1554700,0.0,0.0
2026-04-07 00:00:00-04:00,198.7100067138672,202.0,196.9499969482422,200.80999755859375,200.80999755859375,2450800,0.0,0.0
2026-04-08 00:00:00-04:00,205.4499969482422,206.72999572753906,203.66000366210938,204.27000427246094,204.27000427246094,2282900,0.0,0.0
2026-04-09 00:00:00-04:00,202.63999938964844,206.5,201.97000122070312,204.99000549316406,204.99000549316406,1239200,0.0,0.0
2026-04-10 00:00:00-04:00,207.3000030517578,207.3000030517578,203.82000732421875,204.02999877929688,204.02999877929688,1565700,0.0,0.0
2026-04-13 00:00:00-04:00,202.47999572753906,203.17999267578125,200.6999969482422,202.24000549316406,202.24000549316406,1724300,0.0,0.0
2026-04-14 00:00:00-04:00,202.5500030517578,204.72999572753906,202.07000732421875,204.3800048828125,204.3800048828125,2257500,0.0,0.0
2026-04-15 00:00:00-04:00,204.1999969482422,204.38999938964844,199.5,201.2100067138672,201.2100067138672,1657800,0.0,0.0
2026-04-16 00:00:00-04:00,201.44000244140625,201.8000030517578,199.99000549316406,200.47000122070312,200.47000122070312,1414400,0.0,0.0
2026-04-17 00:00:00-04:00,202.80999755859375,205.3000030517578,202.5500030517578,204.8000030517578,204.8000030517578,1241300,0.0,0.0
2026-04-20 00:00:00-04:00,202.80999755859375,203.3699951171875,200.6699981689453,200.69000244140625,200.69000244140625,1104500,0.0,0.0
2026-04-21 00:00:00-04:00,198.85000610351562,198.99000549316406,195.77000427246094,195.77999877929688,195.77999877929688,2130700,0.0,0.0
2026-04-22 00:00:00-04:00,196.5500030517578,196.64999389648438,194.8000030517578,194.80999755859375,194.80999755859375,1578700,0.0,0.0
2026-04-23 00:00:00-04:00,195.2100067138672,196.63999938964844,191.80999755859375,192.3000030517578,192.3000030517578,2179300,0.0,0.0
2026-04-24 00:00:00-04:00,189.14999389648438,189.94000244140625,187.55999755859375,189.75,189.75,2388300,0.0,0.0
2026-04-27 00:00:00-04:00,188.91000366210938,190.58999633789062,187.1999969482422,187.50999450683594,187.50999450683594,2102000,0.0,0.0
2026-04-28 00:00:00-04:00,186.91000366210938,187.97999572753906,185.41000366210938,186.67999267578125,186.67999267578125,2837100,0.0,0.0
2026-04-29 00:00:00-04:00,183.92999267578125,187.0,181.72999572753906,185.1999969482422,185.1999969482422,4442800,0.0,0.0
2026-04-30 00:00:00-04:00,188.47000122070312,190.0,186.8699951171875,187.3699951171875,187.3699951171875,2797300,0.0,0.0
2026-05-01 00:00:00-04:00,185.4499969482422,187.17999267578125,184.00999450683594,184.74000549316406,184.74000549316406,1793600,0.0,0.0
2026-05-04 00:00:00-04:00,184.36000061035156,185.19000244140625,182.8000030517578,183.4600067138672,183.4600067138672,1170100,0.0,0.0
2026-05-05 00:00:00-04:00,181.47999572753906,181.97999572753906,180.0,181.24000549316406,181.24000549316406,2459800,0.0,0.0
2026-05-06 00:00:00-04:00,184.52999877929688,185.61000061035156,183.5500030517578,184.9199981689453,184.9199981689453,1953700,0.0,0.0
2026-05-07 00:00:00-04:00,184.3699951171875,184.3699951171875,181.02999877929688,182.52000427246094,182.52000427246094,2749500,0.0,0.0
2026-05-08 00:00:00-04:00,182.7100067138672,183.5500030517578,181.5800018310547,182.85000610351562,182.85000610351562,1910400,0.0,0.0
2026-05-11 00:00:00-04:00,183.7899932861328,185.80999755859375,181.72999572753906,181.86000061035156,181.86000061035156,2106700,0.0,0.0
2026-05-12 00:00:00-04:00,183.00999450683594,185.82000732421875,182.6999969482422,184.5399932861328,184.5399932861328,1595900,0.0,0.0
2026-05-13 00:00:00-04:00,183.36000061035156,187.77999877929688,183.3300018310547,187.72000122070312,187.72000122070312,1733000,0.0,0.0
2026-05-14 00:00:00-04:00,186.69000244140625,186.6999969482422,184.6999969482422,184.9600067138672,184.9600067138672,1027700,0.0,0.0
2026-05-15 00:00:00-04:00,183.25,183.44000244140625,180.5500030517578,181.5800018310547,181.5800018310547,1379300,0.0,0.0
2026-05-18 00:00:00-04:00,183.42999267578125,184.74000549316406,182.6699981689453,183.9199981689453,183.9199981689453,1225200,0.0,0.0
2026-05-19 00:00:00-04:00,184.6999969482422,186.36000061035156,184.19000244140625,184.63999938964844,184.63999938964844,1616800,0.0,0.0
2026-05-20 00:00:00-04:00,186.69000244140625,188.30999755859375,185.72999572753906,187.4600067138672,187.4600067138672,1803500,0.0,0.0
2026-05-21 00:00:00-04:00,185.83999633789062,191.5,184.97999572753906,189.75,189.75,2192700,0.0,0.0
2026-05-22 00:00:00-04:00,188.22000122070312,189.0800018310547,186.4499969482422,187.02999877929688,187.02999877929688,2120800,0.0,0.0
2026-05-26 00:00:00-04:00,188.25999450683594,188.61000061035156,186.74000549316406,187.19000244140625,187.19000244140625,1411800,0.0,0.0
2026-05-27 00:00:00-04:00,187.42999267578125,188.72000122070312,185.3800048828125,185.64999389648438,185.64999389648438,2121600,0.0,0.0
2026-05-28 00:00:00-04:00,183.8000030517578,186.4600067138672,183.36000061035156,185.3300018310547,185.3300018310547,2059500,0.0,0.0
2026-05-29 00:00:00-04:00,185.99000549316406,187.10000610351562,184.64999389648438,185.6699981689453,185.6699981689453,1499100,0.0,0.0
2026-06-01 00:00:00-04:00,182.72000122070312,183.22999572753906,179.6199951171875,179.7100067138672,179.7100067138672,2892500,0.0,0.0
2026-06-02 00:00:00-04:00,179.10000610351562,179.55999755859375,176.02999877929688,177.4499969482422,177.4499969482422,2035100,0.0,0.0
2026-06-03 00:00:00-04:00,174.60000610351562,177.55999755859375,174.60000610351562,176.27999877929688,176.27999877929688,2397000,0.0,0.0
2026-06-04 00:00:00-04:00,180.5800018310547,183.3699951171875,180.24000549316406,181.8000030517578,181.8000030517578,2030300,0.0,0.0
2026-06-05 00:00:00-04:00,184.02000427246094,186.1199951171875,184.02000427246094,185.9499969482422,185.9499969482422,2346100,0.0,0.0
2026-06-08 00:00:00-04:00,184.16000366210938,185.30999755859375,181.36000061035156,181.5500030517578,181.5500030517578,2040000,0.0,0.0
2026-06-09 00:00:00-04:00,181.72999572753906,183.80999755859375,181.16000366210938,183.42999267578125,183.42999267578125,1963700,0.0,0.0
2026-06-10 00:00:00-04:00,180.94000244140625,181.72000122070312,177.8800048828125,178.9600067138672,178.9600067138672,2129600,0.0,0.0
2026-06-11 00:00:00-04:00,181.36000061035156,183.6699981689453,180.38999938964844,182.27999877929688,182.27999877929688,1749400,0.0,0.0
2026-06-12 00:00:00-04:00,182.52999877929688,182.6999969482422,178.58999633789062,178.75,178.75,2394100,0.0,0.0
2026-06-15 00:00:00-04:00,179.16000366210938,179.22000122070312,176.5500030517578,177.27000427246094,177.27000427246094,1328700,0.0,0.0
2026-06-16 00:00:00-04:00,178.3300018310547,179.1199951171875,176.63999938964844,178.7100067138672,178.7100067138672,1895800,0.0,0.0
2026-06-17 00:00:00-04:00,178.6999969482422,180.44000244140625,177.64999389648438,177.88999938964844,177.88999938964844,1868700,0.0,0.0
2026-06-18 00:00:00-04:00,177.6699981689453,177.8000030517578,173.66000366210938,174.92999267578125,174.92999267578125,1667000,0.0,0.0
2026-06-22 00:00:00-04:00,175.2899932861328,177.42999267578125,175.11000061035156,176.42999267578125,176.42999267578125,1489600,0.0,0.0
2026-06-23 00:00:00-04:00,179.80999755859375,181.14999389648438,179.27999877929688,181.02000427246094,181.02000427246094,1503700,0.0,0.0
2026-06-24 00:00:00-04:00,183.39999389648438,184.61000061035156,182.19000244140625,183.02000427246094,183.02000427246094,2377700,0.0,0.0
2026-06-25 00:00:00-04:00,184.82000732421875,186.5800018310547,184.5500030517578,185.67999267578125,185.67999267578125,1826200,0.0,0.0
2026-06-26 00:00:00-04:00,184.27999877929688,189.57000732421875,184.27999877929688,188.41000366210938,188.41000366210938,3235300,0.0,0.0
2026-06-29 00:00:00-04:00,189.25,191.1300048828125,188.4499969482422,190.9499969482422,190.9499969482422,1644300,0.0,0.0
2026-06-30 00:00:00-04:00,190.30999755859375,190.4600067138672,186.16000366210938,189.6199951171875,189.6199951171875,2598700,0.0,0.0
2026-07-01 00:00:00-04:00,187.07000732421875,187.64999389648438,183.49000549316406,183.86000061035156,183.86000061035156,2115500,0.0,0.0
2026-07-02 00:00:00-04:00,189.52000427246094,196.41000366210938,189.1699981689453,195.14999389648438,195.14999389648438,2379500,0.0,0.0
2026-07-06 00:00:00-04:00,190.1999969482422,190.24000549316406,186.24000549316406,190.16000366210938,190.16000366210938,1872000,0.0,0.0
2026-07-07 00:00:00-04:00,192.97999572753906,193.7899932861328,191.60000610351562,193.1199951171875,193.1199951171875,2130000,0.0,0.0
2026-07-08 00:00:00-04:00,189.9499969482422,191.47999572753906,188.6699981689453,189.27999877929688,189.27999877929688,1967800,0.0,0.0
2026-07-09 00:00:00-04:00,173.4499969482422,180.2100067138672,172.75999450683594,178.49000549316406,178.49000549316406,6649000,0.0,0.0
2026-07-10 00:00:00-04:00,175.49000549316406,175.8800048828125,171.4199981689453,171.61000061035156,171.61000061035156,3596900,0.0,0.0
2026-07-13 00:00:00-04:00,168.75,170.47000122070312,168.11000061035156,169.47000122070312,169.47000122070312,4666100,0.0,0.0
2026-07-14 00:00:00-04:00,167.36000061035156,168.10000610351562,164.4499969482422,164.5,164.5,3605500,0.0,0.0
2026-07-15 00:00:00-04:00,166.22000122070312,169.5800018310547,166.2100067138672,168.3699951171875,168.3699951171875,2938200,0.0,0.0
2026-07-16 00:00:00-04:00,167.97000122070312,170.3699951171875,167.25,169.2899932861328,169.2899932861328,3018300,0.0,0.0
2026-07-17 00:00:00-04:00,168.14999389648438,170.30999755859375,167.14999389648438,168.89999389648438,168.89999389648438,1981300,0.0,0.0
2026-07-20 00:00:00-04:00,168.4600067138672,168.64999389648438,164.05999755859375,164.52000427246094,164.52000427246094,2552900,0.0,0.0
2026-07-21 00:00:00-04:00,165.35000610351562,169.42999267578125,164.82000732421875,169.33999633789062,169.33999633789062,1986000,0.0,0.0
2026-07-22 00:00:00-04:00,170.63999938964844,170.88999938964844,168.47000122070312,169.72999572753906,169.72999572753906,1683700,0.0,0.0
2026-07-23 00:00:00-04:00,166.3699951171875,169.49000549316406,166.0399932861328,168.27000427246094,168.27000427246094,2394100,0.0,0.0
2026-07-24 00:00:00-04:00,169.83999633789062,170.25999450683594,168.3300018310547,169.25999450683594,169.25999450683594,2010000,0.0,0.0
2026-07-27 00:00:00-04:00,170.0800018310547,173.24000549316406,167.7899932861328,169.63999938964844,169.63999938964844,3861200,0.0,0.0
2026-07-28 00:00:00-04:00,170.6999969482422,174.44000244140625,170.6699981689453,172.47999572753906,172.47999572753906,4740700,0.0,0.0
2026-07-29 00:00:00-04:00,174.24000549316406,175.0399932861328,172.6300048828125,173.3000030517578,173.3000030517578,2252100,0.0,0.0
2026-07-30 00:00:00-04:00,170.32000732421875,171.88999938964844,169.85000610351562,171.33999633789062,171.33999633789062,2260600,0.0,0.0
2026-07-31 00:00:00-04:00,170.52999877929688,170.74000549316406,168.44000244140625,169.63999938964844,169.63999938964844,1669900,0.0,0.0
2026-08-03 00:00:00-04:00,157.1699981689453,159.72000122070312,153.41000366210938,157.97000122070312,157.97000122070312,16313000,0.0,0.0
2026-08-04 00:00:00-04:00,157.9499969482422,158.55999755859375,155.32000732421875,155.6199951171875,155.6199951171875,8095300,0.0,0.0
2026-08-05 00:00:00-04:00,163.7899932861328,164.4499969482422,160.72000122070312,161.5,161.5,7002500,0.0,0.0
2026-08-06 00:00:00-04:00,162.6199951171875,162.92999267578125,159.75,161.07000732421875,161.07000732421875,2353900,0.0,0.0
2026-08-07 00:00:00-04:00,162.13999938964844,162.17999267578125,160.0,161.4199981689453,161.4199981689453,3720300,0.0,0.0
2026-08-10 00:00:00-04:00,160.58999633789062,162.72000122070312,160.25,161.91000366210938,161.91000366210938,3745800,0.0,0.0
2026-08-11 00:00:00-04:00,162.05999755859375,162.25999450683594,158.61000061035156,158.75,158.75,2754800,0.0,0.0
2026-08-12 00:00:00-04:00,157.67999267578125,159.02000427246094,157.1199951171875,158.5,158.5,4140400,0.0,0.0
2026-08-13 00:00:00-04:00,157.85000610351562,158.44000244140625,156.97000122070312,157.24000549316406,157.24000549316406,3598300,0.0,0.0
2026-08-14 00:00:00-04:00,155.5,156.4600067138672,154.52999877929688,156.4499969482422,156.4499969482422,3697500,0.0,0.0
2026-08-17 00:00:00-04:00,156.3000030517578,157.25999450683594,155.77999877929688,156.88999938964844,156.88999938964844,3361600,0.0,0.0
2026-08-18 00:00:00-04:00,159.1199951171875,160.63999938964844,158.97999572753906,160.10000610351562,160.10000610351562,3001300,0.0,0.0
2026-08-19 00:00:00-04:00,162.1300048828125,165.91000366210938,162.0,164.9499969482422,164.9499969482422,3817900,0.0,0.0
2026-08-20 00:00:00-04:00,163.39999389648438,165.57000732421875,161.47999572753906,164.49000549316406,164.49000549316406,5094000,0.0,0.0
2026-08-21 00:00:00-04:00,164.0399932861328,167.25,163.9600067138672,165.97999572753906,165.97999572753906,3179600,0.0,0.0
2026-08-24 00:00:00-04:00,164.57000732421875,167.0800018310547,163.97000122070312,166.7100067138672,166.7100067138672,2780100,0.0,0.0
2026-08-25 00:00:00-04:00,167.0800018310547,170.17999267578125,166.77999877929688,169.66000366210938,169.66000366210938,3453200,0.0,0.0
2026-08-26 00:00:00-04:00,167.4600067138672,167.88999938964844,165.1699981689453,166.27000427246094,166.27000427246094,2680600,0.0,0.0
2026-08-27 00:00:00-04:00,165.27000427246094,165.5800018310547,163.97999572753906,164.52000427246094,164.52000427246094,2495200,0.0,0.0
2026-08-28 00:00:00-04:00,163.52000427246094,163.5399932861328,161.17999267578125,162.6999969482422,162.6999969482422,2880700,0.0,0.0
2026-08-31 00:00:00-04:00,162.6999969482422,163.75,161.9499969482422,162.1300048828125,162.1300048828125,3067800,0.0,0.0
2026-09-01 00:00:00-04:00,163.66000366210938,164.24000549316406,161.38999938964844,162.47000122070312,162.47000122070312,2598500,0.0,0.0
2026-09-02 00:00:00-04:00,162.5399932861328,164.69000244140625,160.8699951171875,161.6300048828125,161.6300048828125,3300800,0.0,0.0
2026-09-03 00:00:00-04:00,165.63999938964844,165.74000549316406,162.24000549316406,164.77000427246094,164.77000427246094,2425200,0.0,0.0
2026-09-04 00:00:00-04:00,162.82000732421875,163.77999877929688,161.1300048828125,162.6999969482422,162.6999969482422,3070400,0.0,0.0
2026-09-08 00:00:00-04:00,163.9600067138672,163.9600067138672,159.39999389648438,160.0399932861328,160.0399932861328,5145600,0.0,0.0
2026-09-09 00:00:00-04:00,158.30999755859375,159.1300048828125,156.74000549316406,156.94000244140625,156.94000244140625,3873500,0.0,0.0
2026-09-10 00:00:00-04:00,157.67999267578125,160.3000030517578,157.22999572753906,159.63999938964844,159.63999938964844,2935300,0.0,0.0
2026-09-11 00:00:00-04:00,161.42999267578125,161.50999450683594,158.1300048828125,160.1699981689453,160.1699981689453,2227300,0.0,0.0
2026-09-14 00:00:00-04:00,164.0800018310547,164.5500030517578,162.13999938964844,163.77999877929688,163.77999877929688,3093600,0.0,0.0
2026-09-15 00:00:00-04:00,161.4199981689453,163.89999389648438,160.7100067138672,161.85000610351562,161.85000610351562,2939400,0.0,0.0
2026-09-16 00:00:00-04:00,164.2100067138672,165.4199981689453,162.02000427246094,162.88999938964844,162.88999938964844,3859100,0.0,0.0
2026-09-17 00:00:00-04:00,164.58999633789062,166.2899932861328,164.3000030517578,166.13999938964844,166.13999938964844,3807500,0.0,0.0
2026-09-18 00:00:00-04:00,167.14999389648438,167.8300018310547,165.5399932861328,166.0800018310547,166.0800018310547,3060300,0.0,0.0
2026-09-21 00:00:00-04:00,168.4499969482422,169.0,167.11000061035156,168.10000610351562,168.10000610351562,2937800,0.0,0.0
2026-09-22 00:00:00-04:00,167.83999633789062,169.35000610351562,166.74000549316406,168.3699951171875,168.3699951171875,2306200,0.0,0.0
2026-09-23 00:00:00-04:00,166.5800018310547,167.58999633789062,163.3300018310547,163.3300018310547,163.3300018310547,2361200,0.0,0.0
2026-09-24 00:00:00-04:00,162.91000366210938,166.25,162.91000366210938,164.55999755859375,164.55999755859375,3188400,0.0,0.0
2026-09-25 00:00:00-04:00,166.16000366210938,166.80999755859375,164.60000610351562,166.5800018310547,166.5800018310547,2067900,0.0,0.0
2026-09-28 00:00:00-04:00,165.69000244140625,167.52000427246094,165.38999938964844,166.14999389648438,166.14999389648438,1726600,0.0,0.0
2026-09-29 00:00:00-04:00,165.08999633789062,166.47000122070312,163.24000549316406,164.2100067138672,164.2100067138672,3372100,0.0,0.0
2026-09-30 00:00:00-04:00,164.47000122070312,164.47999572753906,161.4600067138672,161.47000122070312,161.47000122070312,2225200,0.0,0.0
