Date,Open,High,Low,Close,Adj Close,Volume,Dividends,Stock Splits
2010-09-01 00:00:00-04:00,32.68000030517578,33.58000183105469,32.38999938964844,33.56999969482422,30.061416625976562,2752400,0.0,0.0
2010-09-02 00:00:00-04:00,33.40999984741211,33.619998931884766,32.7400016784668,33.02000045776367,29.568904876708984,3325900,0.0,0.0
2010-09-03 00:00:00-04:00,33.34000015258789,33.91999816894531,33.279998779296875,33.7599983215332,30.23155975341797,1995100,0.0,0.0
2010-09-07 00:00:00-04:00,33.52000045776367,33.7400016784668,33.15999984741211,33.47999954223633,29.980812072753906,1457500,0.0,0.0
2010-09-08 00:00:00-04:00,33.47999954223633,33.720001220703125,33.349998474121094,33.650001525878906,30.133056640625,1692200,0.0,0.0
2010-09-09 00:00:00-04:00,34.02000045776367,34.650001525878906,33.900001525878906,34.38999938964844,30.79570770263672,2885900,0.0,0.0
2010-09-10 00:00:00-04:00,34.47999954223633,34.689998626708984,34.20000076293945,34.63999938964844,31.01957130432129,1932200,0.0,0.0
2010-09-13 00:00:00-04:00,35.15999984741211,35.36000061035156,34.790000915527344,35.2599983215332,31.57478904724121,3383400,0.0,0.0
2010-09-14 00:00:00-04:00,35.2400016784668,35.38999938964844,34.90999984741211,35.06999969482422,31.404653549194336,2576000,0.0,0.0
2010-09-15 00:00:00-04:00,34.900001525878906,35.0,34.400001525878906,34.650001525878906,31.028541564941406,2900800,0.0,0.0
2010-09-16 00:00:00-04:00,34.599998474121094,34.70000076293945,34.25,34.63999938964844,31.01957130432129,1784100,0.0,0.0
2010-09-17 00:00:00-04:00,34.900001525878906,34.970001220703125,34.33000183105469,34.470001220703125,30.867353439331055,2055000,0.0,0.0
2010-09-20 00:00:00-04:00,34.5099983215332,35.04999923706055,34.43000030517578,34.97999954223633,31.32404327392578,1490200,0.0,0.0
2010-09-21 00:00:00-04:00,35.0,35.880001068115234,34.79999923706055,35.59000015258789,31.870271682739258,2260900,0.0,0.0
2010-09-22 00:00:00-04:00,35.5099983215332,35.70000076293945,35.08000183105469,35.470001220703125,31.762840270996094,2283400,0.0,0.0
2010-09-23 00:00:00-04:00,35.119998931884766,35.83000183105469,35.02000045776367,35.13999938964844,31.46732521057129,2027800,0.0,0.0
2010-09-24 00:00:00-04:00,35.650001525878906,36.0099983215332,35.56999969482422,36.0099983215332,32.246395111083984,2213900,0.0,0.0
2010-09-27 00:00:00-04:00,35.900001525878906,36.040000915527344,35.630001068115234,35.63999938964844,31.91506576538086,2010400,0.0,0.0
2010-09-28 00:00:00-04:00,35.68000030517578,35.7599983215332,35.34000015258789,35.540000915527344,31.825504302978516,2797300,0.0,0.0
2010-09-29 00:00:00-04:00,35.47999954223633,35.66999816894531,34.95000076293945,35.34000015258789,31.646419525146484,3037400,0.0,0.0
2010-09-30 00:00:00-04:00,35.650001525878906,35.9900016784668,35.400001525878906,35.779998779296875,32.040428161621094,3491900,0.0,0.0
2010-10-01 00:00:00-04:00,36.04999923706055,36.18000030517578,35.369998931884766,36.029998779296875,32.26430130004883,2715100,0.0,0.0
2010-10-04 00:00:00-04:00,35.91999816894531,36.04999923706055,34.95000076293945,35.15999984741211,31.485225677490234,2334200,0.0,0.0
2010-10-05 00:00:00-04:00,35.4900016784668,35.91999816894531,35.22999954223633,35.81999969482422,32.07625198364258,2594100,0.0,0.0
2010-10-06 00:00:00-04:00,35.470001220703125,36.040000915527344,34.33000183105469,34.58000183105469,30.965852737426758,3437200,0.0,0.0
2010-10-07 00:00:00-04:00,34.7599983215332,35.58000183105469,34.709999084472656,35.369998931884766,31.67328453063965,2378000,0.0,0.0
2010-10-08 00:00:00-04:00,35.38999938964844,35.54999923706055,34.9900016784668,35.41999816894531,31.71805763244629,1236900,0.0,0.0
2010-10-11 00:00:00-04:00,35.41999816894531,36.220001220703125,35.41999816894531,36.04999923706055,32.28220748901367,1538200,0.0,0.0
2010-10-12 00:00:00-04:00,35.95000076293945,36.29999923706055,35.58000183105469,36.130001068115234,32.353851318359375,2790300,0.0,0.0
2010-10-13 00:00:00-04:00,36.36000061035156,36.54999923706055,36.0,36.189998626708984,32.40757369995117,3778500,0.0,0.0
2010-10-14 00:00:00-04:00,36.189998626708984,36.630001068115234,35.630001068115234,35.95000076293945,32.19266128540039,3294600,0.0,0.0
2010-10-15 00:00:00-04:00,36.279998779296875,36.349998474121094,35.540000915527344,35.869998931884766,32.12103271484375,3641300,0.0,0.0
2010-10-18 00:00:00-04:00,35.81999969482422,35.95000076293945,35.27000045776367,35.709999084472656,31.97774887084961,3300900,0.0,0.0
2010-10-19 00:00:00-04:00,35.18000030517578,35.2400016784668,34.43000030517578,34.619998931884766,31.001667022705078,3314600,0.0,0.0
2010-10-20 00:00:00-04:00,34.63999938964844,35.599998474121094,34.619998931884766,35.310001373291016,31.61954689025879,1854100,0.0,0.0
2010-10-21 00:00:00-04:00,35.349998474121094,35.65999984741211,35.0099983215332,35.65999984741211,31.93297576904297,2516100,0.0,0.0
2010-10-22 00:00:00-04:00,35.65999984741211,36.40999984741211,35.58000183105469,36.16999816894531,32.38966751098633,2239000,0.0,0.0
2010-10-25 00:00:00-04:00,36.5099983215332,36.7400016784668,36.31999969482422,36.380001068115234,32.577728271484375,2357800,0.0,0.0
2010-10-26 00:00:00-04:00,36.15999984741211,36.380001068115234,35.869998931884766,36.130001068115234,32.353851318359375,2006100,0.0,0.0
2010-10-27 00:00:00-04:00,35.84000015258789,36.7599983215332,35.54999923706055,35.84000015258789,32.09416198730469,3782000,0.0,0.0
2010-10-28 00:00:00-04:00,36.119998931884766,36.29999923706055,35.34000015258789,35.65999984741211,31.93297576904297,2542500,0.0,0.0
2010-10-29 00:00:00-04:00,35.63999938964844,36.11000061035156,35.04999923706055,35.15999984741211,31.485225677490234,3755500,0.0,0.0
2010-11-01 00:00:00-04:00,35.31999969482422,35.810001373291016,34.869998931884766,35.380001068115234,31.682235717773438,3565800,0.0,0.0
2010-11-02 00:00:00-04:00,35.720001220703125,36.86000061035156,35.720001220703125,36.849998474121094,32.998600006103516,3824100,0.0,0.0
2010-11-03 00:00:00-04:00,36.849998474121094,37.47999954223633,36.2400016784668,36.81999969482422,32.97173309326172,3401400,0.0,0.0
2010-11-04 00:00:00-04:00,37.20000076293945,37.400001525878906,36.779998779296875,37.369998931884766,33.4642333984375,2172000,0.0,0.0
2010-11-05 00:00:00-04:00,37.47999954223633,37.83000183105469,36.88999938964844,37.36000061035156,33.45528030395508,3070700,0.0,0.0
2010-11-08 00:00:00-05:00,37.130001068115234,37.599998474121094,36.720001220703125,36.83000183105469,32.980690002441406,3727700,0.0,0.0
2010-11-09 00:00:00-05:00,36.880001068115234,37.0099983215332,36.38999938964844,36.560001373291016,32.73889923095703,3275700,0.0,0.0
2010-11-10 00:00:00-05:00,36.58000183105469,36.7400016784668,36.06999969482422,36.650001525878906,32.81950378417969,2890900,0.0,0.0
2010-11-11 00:00:00-05:00,36.369998931884766,37.119998931884766,36.279998779296875,37.0,33.13292694091797,2938800,0.0,0.0
2010-11-12 00:00:00-05:00,37.11000061035156,37.650001525878906,36.90999984741211,37.36000061035156,33.45528030395508,3050000,0.0,0.0
2010-11-15 00:00:00-05:00,37.369998931884766,37.52000045776367,36.439998626708984,36.459999084472656,32.649356842041016,3157400,0.0,0.0
2010-11-16 00:00:00-05:00,36.150001525878906,36.27000045776367,35.630001068115234,35.810001373291016,32.067298889160156,2208300,0.0,0.0
2010-11-17 00:00:00-05:00,35.880001068115234,36.310001373291016,35.459999084472656,36.2400016784668,32.45236587524414,2097400,0.0,0.0
2010-11-18 00:00:00-05:00,36.33000183105469,36.93000030517578,35.81999969482422,36.5,32.68517303466797,2086000,0.0,0.0
2010-11-19 00:00:00-05:00,36.400001525878906,37.47999954223633,36.099998474121094,37.45000076293945,33.5359001159668,4347800,0.0,0.0
2010-11-22 00:00:00-05:00,38.119998931884766,38.54999923706055,36.900001525878906,37.5099983215332,33.58961486816406,4988700,0.0,0.0
2010-11-23 00:00:00-05:00,37.09000015258789,37.189998626708984,36.16999816894531,36.36000061035156,32.559810638427734,3449500,0.0,0.0
2010-11-24 00:00:00-05:00,36.47999954223633,36.900001525878906,36.47999954223633,36.689998626708984,32.855323791503906,2004100,0.0,0.0
2010-11-26 00:00:00-05:00,36.2599983215332,36.65999984741211,36.0099983215332,36.209999084472656,32.42549514770508,1036000,0.0,0.0
2010-11-29 00:00:00-05:00,35.95000076293945,36.970001220703125,35.630001068115234,36.91999816894531,33.061283111572266,3442500,0.0,0.0
2010-11-30 00:00:00-05:00,36.59000015258789,37.099998474121094,36.349998474121094,36.810001373291016,32.96278381347656,3023100,0.0,0.0
2010-12-01 00:00:00-05:00,37.22999954223633,38.0,37.22999954223633,38.0,34.02840805053711,3866300,0.0,0.0
2010-12-02 00:00:00-05:00,37.9900016784668,38.34000015258789,37.7400016784668,38.2599983215332,34.261234283447266,3281400,0.0,0.0
2010-12-03 00:00:00-05:00,38.209999084472656,38.209999084472656,37.689998626708984,37.97999954223633,34.01049041748047,1845000,0.0,0.0
2010-12-06 00:00:00-05:00,37.95000076293945,38.060001373291016,37.529998779296875,37.560001373291016,33.634395599365234,2095000,0.0,0.0
2010-12-07 00:00:00-05:00,37.900001525878906,37.900001525878906,36.970001220703125,37.029998779296875,33.15978240966797,4459000,0.0,0.0
2010-12-08 00:00:00-05:00,37.04999923706055,37.25,36.70000076293945,36.93000030517578,33.07024002075195,2920100,0.0,0.0
2010-12-09 00:00:00-05:00,37.130001068115234,37.88999938964844,37.09000015258789,37.619998931884766,33.688133239746094,3328500,0.0,0.0
2010-12-10 00:00:00-05:00,37.77000045776367,37.88999938964844,37.529998779296875,37.650001525878906,33.714996337890625,1729100,0.0,0.0
2010-12-13 00:00:00-05:00,37.56999969482422,38.349998474121094,37.2599983215332,37.5,33.58067321777344,3711800,0.0,0.0
2010-12-14 00:00:00-05:00,37.540000915527344,37.790000915527344,37.02000045776367,37.150001525878906,33.26724624633789,2783800,0.0,0.0
2010-12-15 00:00:00-05:00,37.040000915527344,37.209999084472656,36.349998474121094,36.83000183105469,32.980690002441406,2814600,0.0,0.0
2010-12-16 00:00:00-05:00,36.849998474121094,36.91999816894531,35.95000076293945,36.34000015258789,32.541900634765625,3838900,0.0,0.0
2010-12-17 00:00:00-05:00,36.33000183105469,36.77000045776367,36.18000030517578,36.70000076293945,32.864288330078125,2769200,0.0,0.0
2010-12-20 00:00:00-05:00,36.849998474121094,36.86000061035156,36.5,36.7599983215332,32.917999267578125,1372400,0.0,0.0
2010-12-21 00:00:00-05:00,36.849998474121094,37.349998474121094,36.779998779296875,37.0,33.13292694091797,2679600,0.0,0.0
2010-12-22 00:00:00-05:00,36.970001220703125,37.06999969482422,36.540000915527344,36.650001525878906,32.81950378417969,1713300,0.0,0.0
2010-12-23 00:00:00-05:00,36.66999816894531,36.83000183105469,36.439998626708984,36.630001068115234,32.80160140991211,1265700,0.0,0.0
2010-12-27 00:00:00-05:00,36.45000076293945,36.599998474121094,36.15999984741211,36.54999923706055,32.72995376586914,806800,0.0,0.0
2010-12-28 00:00:00-05:00,36.56999969482422,36.650001525878906,36.27000045776367,36.599998474121094,32.774723052978516,1070400,0.0,0.0
2010-12-29 00:00:00-05:00,36.54999923706055,36.720001220703125,36.40999984741211,36.540000915527344,32.72099685668945,931700,0.0,0.0
2010-12-30 00:00:00-05:00,36.45000076293945,36.5,36.189998626708984,36.25,32.4613151550293,1377500,0.0,0.0
2010-12-31 00:00:00-05:00,36.2400016784668,36.810001373291016,36.220001220703125,36.65999984741211,32.828468322753906,1330200,0.0,0.0
2011-01-03 00:00:00-05:00,36.86000061035156,37.900001525878906,36.7599983215332,37.81999969482422,33.86720657348633,3245600,0.0,0.0
2011-01-04 00:00:00-05:00,37.779998779296875,37.91999816894531,37.369998931884766,37.47999954223633,33.5627555847168,2326100,0.0,0.0
2011-01-05 00:00:00-05:00,37.310001373291016,37.900001525878906,37.209999084472656,37.599998474121094,33.670204162597656,5450000,0.0,0.0
2011-01-06 00:00:00-05:00,38.18000030517578,39.13999938964844,37.97999954223633,39.0099983215332,34.93284606933594,5900600,0.0,0.0
2011-01-07 00:00:00-05:00,39.130001068115234,39.45000076293945,38.720001220703125,39.40999984741211,35.291038513183594,3762300,0.0,0.0
2011-01-10 00:00:00-05:00,39.130001068115234,39.40999984741211,38.849998474121094,39.279998779296875,35.174625396728516,2579200,0.0,0.0
2011-01-11 00:00:00-05:00,39.439998626708984,39.75,39.36000061035156,39.5,35.37163162231445,2805300,0.0,0.0
2011-01-12 00:00:00-05:00,39.75,39.75,39.150001525878906,39.31999969482422,35.210453033447266,2319000,0.0,0.0
2011-01-13 00:00:00-05:00,39.310001373291016,39.65999984741211,39.220001220703125,39.529998779296875,35.398502349853516,1733000,0.0,0.0
2011-01-14 00:00:00-05:00,39.40999984741211,40.439998626708984,39.220001220703125,40.029998779296875,35.84624099731445,2988100,0.0,0.0
2011-01-18 00:00:00-05:00,40.11000061035156,41.13999938964844,40.040000915527344,41.13999938964844,36.840232849121094,3869600,0.0,0.0
2011-01-19 00:00:00-05:00,40.90999984741211,41.029998779296875,40.209999084472656,40.40999984741211,36.186527252197266,2869700,0.0,0.0
2011-01-20 00:00:00-05:00,40.2599983215332,40.86000061035156,40.119998931884766,40.849998474121094,36.58052444458008,3454600,0.0,0.0
2011-01-21 00:00:00-05:00,40.88999938964844,41.04999923706055,40.58000183105469,40.970001220703125,36.68798828125,3069600,0.0,0.0
2011-01-24 00:00:00-05:00,40.93000030517578,41.09000015258789,40.36000061035156,40.5099983215332,36.27607345581055,1740200,0.0,0.0
2011-01-25 00:00:00-05:00,40.459999084472656,41.77000045776367,40.18000030517578,41.619998931884766,37.270057678222656,4133100,0.0,0.0
2011-01-26 00:00:00-05:00,41.630001068115234,42.18000030517578,41.630001068115234,42.060001373291016,37.6640739440918,3293000,0.0,0.0
2011-01-27 00:00:00-05:00,41.93000030517578,42.66999816894531,41.900001525878906,42.54999923706055,38.10286331176758,2592300,0.0,0.0
2011-01-28 00:00:00-05:00,42.54999923706055,42.650001525878906,41.22999954223633,41.2599983215332,36.947696685791016,2522900,0.0,0.0
2011-01-31 00:00:00-05:00,41.400001525878906,42.029998779296875,41.31999969482422,42.02000045776367,37.62825393676758,3575100,0.0,0.0
2011-02-01 00:00:00-05:00,42.18000030517578,42.95000076293945,41.9900016784668,42.90999984741211,38.425228118896484,2615400,0.0,0.0
2011-02-02 00:00:00-05:00,42.68000030517578,42.7599983215332,42.11000061035156,42.2599983215332,37.843162536621094,3752500,0.0,0.0
2011-02-03 00:00:00-05:00,42.5099983215332,43.0,41.380001068115234,42.560001373291016,38.1118278503418,4005700,0.0,0.0
2011-02-04 00:00:00-05:00,43.2599983215332,44.0,42.13999938964844,42.83000183105469,38.35360336303711,2923400,0.0,0.0
2011-02-07 00:00:00-05:00,42.880001068115234,43.08000183105469,42.25,42.310001373291016,37.8879508972168,1667200,0.0,0.0
2011-02-08 00:00:00-05:00,42.369998931884766,42.869998931884766,42.15999984741211,42.65999984741211,38.20136260986328,1662700,0.0,0.0
2011-02-09 00:00:00-05:00,42.38999938964844,43.040000915527344,42.34000015258789,42.810001373291016,38.33568572998047,1573300,0.0,0.0
2011-02-10 00:00:00-05:00,42.619998931884766,43.15999984741211,42.58000183105469,43.0,38.50583267211914,1450400,0.0,0.0
2011-02-11 00:00:00-05:00,42.70000076293945,43.16999816894531,42.59000015258789,42.91999816894531,38.4342041015625,1150800,0.0,0.0
2011-02-14 00:00:00-05:00,42.939998626708984,43.06999969482422,42.66999816894531,42.970001220703125,38.478965759277344,929500,0.0,0.0
2011-02-15 00:00:00-05:00,42.65999984741211,42.869998931884766,42.36000061035156,42.47999954223633,38.0401725769043,1601000,0.0,0.0
2011-02-16 00:00:00-05:00,42.689998626708984,43.349998474121094,42.619998931884766,43.0099983215332,38.514774322509766,1320200,0.0,0.0
2011-02-17 00:00:00-05:00,42.959999084472656,43.709999084472656,42.65999984741211,43.52000045776367,38.97148132324219,1638600,0.0,0.0
2011-02-18 00:00:00-05:00,43.529998779296875,43.86000061035156,42.9900016784668,43.130001068115234,38.622249603271484,2024400,0.0,0.0
2011-02-22 00:00:00-05:00,42.77000045776367,43.13999938964844,42.02000045776367,42.20000076293945,37.78944778442383,2051400,0.0,0.0
2011-02-23 00:00:00-05:00,42.209999084472656,42.439998626708984,41.47999954223633,41.88999938964844,37.511844635009766,2655500,0.0,0.0
2011-02-24 00:00:00-05:00,41.790000915527344,42.0099983215332,41.060001373291016,41.529998779296875,37.18946838378906,2947700,0.0,0.0
2011-02-25 00:00:00-05:00,41.72999954223633,42.310001373291016,41.650001525878906,41.9900016784668,37.60138702392578,2491700,0.0,0.0
2011-02-28 00:00:00-05:00,42.11000061035156,42.47999954223633,41.68000030517578,42.06999969482422,37.67303466796875,2360400,0.0,0.0
2011-03-01 00:00:00-05:00,42.279998779296875,42.54999923706055,41.83000183105469,41.849998474121094,37.476009368896484,1526200,0.0,0.0
2011-03-02 00:00:00-05:00,41.81999969482422,42.970001220703125,41.75,42.43000030517578,37.99540710449219,2184600,0.0,0.0
2011-03-03 00:00:00-05:00,42.689998626708984,44.029998779296875,42.68000030517578,43.81999969482422,39.240135192871094,3508400,0.0,0.0
2011-03-04 00:00:00-05:00,43.08000183105469,43.90999984741211,42.91999816894531,43.81999969482422,39.240135192871094,2580100,0.0,0.0
2011-03-07 00:00:00-05:00,43.619998931884766,43.81999969482422,42.38999938964844,43.0,38.50583267211914,2423300,0.0,0.0
2011-03-08 00:00:00-05:00,43.0099983215332,43.66999816894531,42.95000076293945,43.470001220703125,38.926700592041016,2045600,0.0,0.0
2011-03-09 00:00:00-05:00,43.29999923706055,44.20000076293945,43.29999923706055,44.119998931884766,39.54515838623047,1888600,0.04,0.0
2011-03-10 00:00:00-05:00,43.58000183105469,43.7400016784668,42.790000915527344,42.939998626708984,38.48751449584961,2224100,0.0,0.0
2011-03-11 00:00:00-05:00,42.959999084472656,43.599998474121094,42.58000183105469,43.56999969482422,39.05219650268555,3121800,0.0,0.0
2011-03-14 00:00:00-04:00,43.310001373291016,43.58000183105469,42.66999816894531,42.959999084472656,38.505435943603516,3395500,0.0,0.0
2011-03-15 00:00:00-04:00,40.83000183105469,42.650001525878906,40.72999954223633,42.400001525878906,38.00351333618164,2659300,0.0,0.0
2011-03-16 00:00:00-04:00,42.470001220703125,42.470001220703125,40.9900016784668,41.40999984741211,37.11616897583008,2260000,0.0,0.0
2011-03-17 00:00:00-04:00,41.97999954223633,42.13999938964844,41.290000915527344,41.720001220703125,37.39401626586914,1590700,0.0,0.0
2011-03-18 00:00:00-04:00,42.150001525878906,42.36000061035156,41.45000076293945,41.61000061035156,37.29542541503906,2751200,0.0,0.0
2011-03-21 00:00:00-04:00,42.16999816894531,42.20000076293945,41.790000915527344,41.959999084472656,37.6091423034668,1955200,0.0,0.0
2011-03-22 00:00:00-04:00,42.04999923706055,42.470001220703125,41.880001068115234,41.88999938964844,37.5463981628418,2216000,0.0,0.0
2011-03-23 00:00:00-04:00,41.81999969482422,41.81999969482422,41.09000015258789,41.439998626708984,37.143043518066406,2464600,0.0,0.0
2011-03-24 00:00:00-04:00,41.65999984741211,42.43000030517578,41.619998931884766,42.43000030517578,38.0303955078125,2043500,0.0,0.0
2011-03-25 00:00:00-04:00,42.4900016784668,43.16999816894531,42.36000061035156,42.599998474121094,38.18277359008789,1359500,0.0,0.0
2011-03-28 00:00:00-04:00,42.720001220703125,42.77000045776367,42.43000030517578,42.56999969482422,38.155879974365234,1044000,0.0,0.0
2011-03-29 00:00:00-04:00,42.58000183105469,42.84000015258789,42.52000045776367,42.7599983215332,38.32618713378906,1146200,0.0,0.0
2011-03-30 00:00:00-04:00,42.93000030517578,43.61000061035156,42.66999816894531,43.52000045776367,39.00737762451172,2006700,0.0,0.0
2011-03-31 00:00:00-04:00,43.869998931884766,44.290000915527344,43.369998931884766,44.279998779296875,39.688568115234375,3456900,0.0,0.0
2011-04-01 00:00:00-04:00,44.529998779296875,45.0,44.220001220703125,44.560001373291016,39.93954086303711,2876800,0.0,0.0
2011-04-04 00:00:00-04:00,44.779998779296875,44.880001068115234,44.36000061035156,44.439998626708984,39.83198165893555,1466500,0.0,0.0
2011-04-05 00:00:00-04:00,44.40999984741211,44.40999984741211,43.63999938964844,43.7599983215332,39.22248840332031,3056700,0.0,0.0
2011-04-06 00:00:00-04:00,43.91999816894531,43.959999084472656,43.220001220703125,43.84000015258789,39.29419708251953,2473200,0.0,0.0
2011-04-07 00:00:00-04:00,43.66999816894531,44.150001525878906,43.25,43.349998474121094,38.855003356933594,2831200,0.0,0.0
2011-04-08 00:00:00-04:00,43.5099983215332,43.7599983215332,42.900001525878906,43.130001068115234,38.65781784057617,1744700,0.0,0.0
2011-04-11 00:00:00-04:00,43.2400016784668,43.97999954223633,43.22999954223633,43.97999954223633,39.419677734375,2814800,0.0,0.0
2011-04-12 00:00:00-04:00,43.7400016784668,44.790000915527344,43.630001068115234,44.650001525878906,40.020206451416016,3054400,0.0,0.0
2011-04-13 00:00:00-04:00,44.77000045776367,44.959999084472656,43.9900016784668,44.25,39.66167068481445,2224300,0.0,0.0
2011-04-14 00:00:00-04:00,44.0099983215332,44.38999938964844,43.4900016784668,44.33000183105469,39.7333869934082,1946300,0.0,0.0
2011-04-15 00:00:00-04:00,44.40999984741211,44.810001373291016,43.93000030517578,44.47999954223633,39.86783981323242,1870300,0.0,0.0
2011-04-18 00:00:00-04:00,43.900001525878906,43.95000076293945,42.880001068115234,43.13999938964844,38.66677474975586,1818400,0.0,0.0
2011-04-19 00:00:00-04:00,43.279998779296875,43.540000915527344,42.79999923706055,43.349998474121094,38.855003356933594,1660100,0.0,0.0
2011-04-20 00:00:00-04:00,43.91999816894531,44.02000045776367,43.689998626708984,43.880001068115234,39.33004379272461,2364500,0.0,0.0
2011-04-21 00:00:00-04:00,44.72999954223633,45.97999954223633,44.72999954223633,45.290000915527344,40.59384536743164,2742800,0.0,0.0
2011-04-25 00:00:00-04:00,45.2599983215332,45.400001525878906,44.810001373291016,45.29999923706055,40.60279846191406,1484100,0.0,0.0
2011-04-26 00:00:00-04:00,45.59000015258789,45.970001220703125,45.22999954223633,45.5,40.78207778930664,2500000,0.0,0.0
2011-04-27 00:00:00-04:00,45.689998626708984,46.0,45.33000183105469,45.91999816894531,41.15851593017578,2234000,0.0,0.0
2011-04-28 00:00:00-04:00,46.08000183105469,47.189998626708984,46.0,46.970001220703125,42.09964370727539,4131000,0.0,0.0
2011-04-29 00:00:00-04:00,47.029998779296875,47.029998779296875,46.45000076293945,46.83000183105469,41.97416305541992,2910900,0.0,0.0
2011-05-02 00:00:00-04:00,47.18000030517578,47.66999816894531,46.34000015258789,46.400001525878906,41.5887451171875,3804900,0.0,0.0
2011-05-03 00:00:00-04:00,46.41999816894531,46.599998474121094,46.06999969482422,46.5,41.678375244140625,2722800,0.0,0.0
2011-05-04 00:00:00-04:00,46.59000015258789,46.720001220703125,45.470001220703125,45.91999816894531,41.15851593017578,4014500,0.0,0.0
2011-05-05 00:00:00-04:00,47.20000076293945,47.7400016784668,46.56999969482422,47.18000030517578,42.28786849975586,4339700,0.0,0.0
2011-05-06 00:00:00-04:00,47.650001525878906,47.7599983215332,46.66999816894531,46.880001068115234,42.018985748291016,3508800,0.0,0.0
2011-05-09 00:00:00-04:00,46.93000030517578,47.31999969482422,46.79999923706055,47.16999816894531,42.278907775878906,2551800,0.0,0.0
2011-05-10 00:00:00-04:00,47.31999969482422,47.599998474121094,46.93000030517578,47.43000030517578,42.51194763183594,1843700,0.0,0.0
2011-05-11 00:00:00-04:00,47.45000076293945,47.95000076293945,47.2400016784668,47.720001220703125,42.771881103515625,2701700,0.0,0.0
2011-05-12 00:00:00-04:00,47.529998779296875,48.16999816894531,46.849998474121094,48.04999923706055,43.067657470703125,2112500,0.0,0.0
2011-05-13 00:00:00-04:00,48.45000076293945,49.310001373291016,48.09000015258789,48.689998626708984,43.641292572021484,3206500,0.0,0.0
2011-05-16 00:00:00-04:00,48.40999984741211,49.20000076293945,48.119998931884766,48.58000183105469,43.54270553588867,1957300,0.0,0.0
2011-05-17 00:00:00-04:00,48.33000183105469,48.470001220703125,47.91999816894531,48.130001068115234,43.13935470581055,2649500,0.0,0.0
2011-05-18 00:00:00-04:00,48.310001373291016,49.65999984741211,48.08000183105469,49.650001525878906,44.50175094604492,2525700,0.0,0.0
2011-05-19 00:00:00-04:00,49.709999084472656,49.900001525878906,49.31999969482422,49.529998779296875,44.394195556640625,3205900,0.0,0.0
2011-05-20 00:00:00-04:00,49.38999938964844,49.650001525878906,48.83000183105469,49.13999938964844,44.04463195800781,1719000,0.0,0.0
2011-05-23 00:00:00-04:00,48.779998779296875,48.779998779296875,47.93000030517578,48.4900016784668,43.46202850341797,1898800,0.0,0.0
2011-05-24 00:00:00-04:00,48.54999923706055,48.54999923706055,47.45000076293945,47.4900016784668,42.56572723388672,2676300,0.0,0.0
2011-05-25 00:00:00-04:00,47.4900016784668,47.81999969482422,47.279998779296875,47.47999954223633,42.5567512512207,2775400,0.0,0.0
2011-05-26 00:00:00-04:00,47.310001373291016,48.810001373291016,46.970001220703125,48.70000076293945,43.6502685546875,3595400,0.0,0.0
2011-05-27 00:00:00-04:00,48.66999816894531,49.47999954223633,48.529998779296875,49.470001220703125,44.34041213989258,2560900,0.0,0.0
2011-05-31 00:00:00-04:00,49.81999969482422,50.0,49.36000061035156,49.88999938964844,44.716861724853516,2712600,0.0,0.0
2011-06-01 00:00:00-04:00,49.869998931884766,50.45000076293945,49.16999816894531,49.18000030517578,44.08049392700195,3078500,0.0,0.0
2011-06-02 00:00:00-04:00,49.16999816894531,49.849998474121094,49.04999923706055,49.72999954223633,44.573455810546875,2059200,0.0,0.0
2011-06-03 00:00:00-04:00,49.13999938964844,49.81999969482422,48.95000076293945,49.61000061035156,44.46589660644531,2290100,0.0,0.0
2011-06-06 00:00:00-04:00,48.400001525878906,49.0099983215332,47.779998779296875,47.97999954223633,43.00490951538086,3383000,0.0,0.0
2011-06-07 00:00:00-04:00,48.33000183105469,49.04999923706055,48.18000030517578,48.22999954223633,43.22900390625,2636300,0.0,0.0
2011-06-08 00:00:00-04:00,48.13999938964844,48.540000915527344,47.83000183105469,48.2400016784668,43.23796081542969,2403600,0.0,0.0
2011-06-09 00:00:00-04:00,48.4900016784668,50.70000076293945,48.459999084472656,50.400001525878906,45.17398452758789,4419200,0.0,0.0
2011-06-10 00:00:00-04:00,50.27000045776367,50.380001068115234,48.70000076293945,49.09000015258789,43.999820709228516,3207900,0.0,0.0
2011-06-13 00:00:00-04:00,49.13999938964844,49.599998474121094,48.81999969482422,49.2599983215332,44.152198791503906,1674000,0.0,0.0
2011-06-14 00:00:00-04:00,49.65999984741211,50.68000030517578,49.560001373291016,50.40999984741211,45.182945251464844,2864500,0.0,0.0
2011-06-15 00:00:00-04:00,49.880001068115234,50.529998779296875,49.150001525878906,49.220001220703125,44.1163444519043,2887800,0.0,0.0
2011-06-16 00:00:00-04:00,49.34000015258789,49.540000915527344,48.52000045776367,49.040000915527344,43.955013275146484,2976600,0.0,0.0
2011-06-17 00:00:00-04:00,49.45000076293945,49.7599983215332,48.7599983215332,48.88999938964844,43.82054138183594,2961500,0.0,0.0
2011-06-20 00:00:00-04:00,48.869998931884766,50.099998474121094,48.75,50.04999923706055,44.86027145385742,1953000,0.0,0.0
2011-06-21 00:00:00-04:00,50.56999969482422,50.83000183105469,50.130001068115234,50.5099983215332,45.2725715637207,2660500,0.0,0.0
2011-06-22 00:00:00-04:00,50.290000915527344,50.84000015258789,49.72999954223633,49.75,44.59137725830078,2156800,0.0,0.0
2011-06-23 00:00:00-04:00,49.16999816894531,49.52000045776367,48.15999984741211,49.31999969482422,44.20595932006836,2760500,0.0,0.0
2011-06-24 00:00:00-04:00,49.40999984741211,49.47999954223633,48.41999816894531,48.41999816894531,43.39929962158203,3437200,0.0,0.0
2011-06-27 00:00:00-04:00,48.619998931884766,49.529998779296875,48.099998474121094,49.40999984741211,44.2866325378418,1946000,0.0,0.0
2011-06-28 00:00:00-04:00,49.54999923706055,51.15999984741211,49.470001220703125,51.13999938964844,45.83724594116211,3285800,0.0,0.0
2011-06-29 00:00:00-04:00,51.27000045776367,51.540000915527344,50.709999084472656,51.27000045776367,45.953773498535156,3628500,0.0,0.0
2011-06-30 00:00:00-04:00,51.400001525878906,51.810001373291016,51.16999816894531,51.43000030517578,46.097190856933594,3156300,0.0,0.0
2011-07-01 00:00:00-04:00,51.4900016784668,52.209999084472656,51.33000183105469,52.20000076293945,46.7873420715332,2533200,0.0,0.0
2011-07-05 00:00:00-04:00,52.2400016784668,52.290000915527344,51.59000015258789,52.09000015258789,46.688751220703125,1889100,0.0,0.0
2011-07-06 00:00:00-04:00,51.849998474121094,52.130001068115234,51.58000183105469,52.040000915527344,46.643924713134766,2382300,0.0,0.0
2011-07-07 00:00:00-04:00,52.470001220703125,52.5,51.209999084472656,51.86000061035156,46.482601165771484,2081700,0.0,0.0
2011-07-08 00:00:00-04:00,51.310001373291016,51.88999938964844,50.939998626708984,51.849998474121094,46.4736328125,1617300,0.0,0.0
2011-07-11 00:00:00-04:00,51.119998931884766,51.16999816894531,50.02000045776367,50.150001525878906,44.94990921020508,2584200,0.0,0.0
2011-07-12 00:00:00-04:00,50.119998931884766,50.959999084472656,50.099998474121094,50.349998474121094,45.12916946411133,1758100,0.0,0.0
2011-07-13 00:00:00-04:00,50.720001220703125,51.790000915527344,50.599998474121094,51.119998931884766,45.819339752197266,2184200,0.0,0.0
2011-07-14 00:00:00-04:00,51.119998931884766,52.5,51.08000183105469,52.060001373291016,46.66185760498047,3922600,0.0,0.0
2011-07-15 00:00:00-04:00,52.16999816894531,52.77000045776367,51.349998474121094,51.65999984741211,46.30333709716797,3368800,0.0,0.0
2011-07-18 00:00:00-04:00,51.61000061035156,52.18000030517578,50.61000061035156,51.61000061035156,46.25851821899414,2827100,0.0,0.0
2011-07-19 00:00:00-04:00,51.83000183105469,51.83000183105469,50.849998474121094,51.529998779296875,46.18680953979492,2707100,0.0,0.0
2011-07-20 00:00:00-04:00,51.84000015258789,52.43000030517578,51.29999923706055,51.900001525878906,46.51844787597656,2333900,0.0,0.0
2011-07-21 00:00:00-04:00,52.36000061035156,52.95000076293945,52.11000061035156,52.54999923706055,47.10103225708008,2068400,0.0,0.0
2011-07-22 00:00:00-04:00,52.470001220703125,52.720001220703125,52.15999984741211,52.619998931884766,47.163787841796875,1545600,0.0,0.0
2011-07-25 00:00:00-04:00,52.459999084472656,52.900001525878906,51.95000076293945,52.0099983215332,46.617034912109375,1421800,0.0,0.0
2011-07-26 00:00:00-04:00,51.84000015258789,52.27000045776367,51.45000076293945,51.560001373291016,46.21370315551758,1976800,0.0,0.0
2011-07-27 00:00:00-04:00,51.189998626708984,51.36000061035156,49.86000061035156,50.0099983215332,44.824424743652344,3519000,0.0,0.0
2011-07-28 00:00:00-04:00,50.150001525878906,51.369998931884766,49.9900016784668,50.209999084472656,45.003684997558594,1768500,0.0,0.0
2011-07-29 00:00:00-04:00,49.689998626708984,50.279998779296875,48.279998779296875,49.77000045776367,44.609310150146484,3400100,0.0,0.0
2011-08-01 00:00:00-04:00,50.29999923706055,50.38999938964844,46.68000030517578,47.630001068115234,42.69121551513672,7017600,0.0,0.0
2011-08-02 00:00:00-04:00,47.38999938964844,47.97999954223633,45.790000915527344,46.0099983215332,41.23919677734375,7245400,0.0,0.0
2011-08-03 00:00:00-04:00,46.02000045776367,46.650001525878906,44.40999984741211,46.54999923706055,41.723182678222656,4881600,0.0,0.0
2011-08-04 00:00:00-04:00,46.349998474121094,47.119998931884766,45.2599983215332,45.5,40.78207778930664,6296000,0.0,0.0
2011-08-05 00:00:00-04:00,45.63999938964844,46.29999923706055,44.290000915527344,45.189998626708984,40.504207611083984,5534000,0.0,0.0
2011-08-08 00:00:00-04:00,43.77000045776367,43.939998626708984,40.2400016784668,40.25,36.07643127441406,6784300,0.0,0.0
2011-08-09 00:00:00-04:00,40.84000015258789,43.470001220703125,40.5,43.470001220703125,38.962554931640625,6224900,0.0,0.0
2011-08-10 00:00:00-04:00,42.29999923706055,43.02000045776367,40.81999969482422,40.97999954223633,36.73073959350586,5607800,0.0,0.0
2011-08-11 00:00:00-04:00,40.560001373291016,43.33000183105469,40.400001525878906,42.83000183105469,38.38892364501953,5286800,0.0,0.0
2011-08-12 00:00:00-04:00,43.4900016784668,44.310001373291016,42.88999938964844,43.790000915527344,39.2493782043457,3074200,0.0,0.0
2011-08-15 00:00:00-04:00,44.040000915527344,45.310001373291016,43.59000015258789,44.7599983215332,40.118804931640625,3478700,0.0,0.0
2011-08-16 00:00:00-04:00,44.33000183105469,44.63999938964844,43.70000076293945,44.13999938964844,39.56309509277344,2958500,0.0,0.0
2011-08-17 00:00:00-04:00,44.52000045776367,44.90999984741211,43.619998931884766,44.119998931884766,39.54515838623047,1731300,0.0,0.0
2011-08-18 00:00:00-04:00,42.77000045776367,43.11000061035156,41.869998931884766,42.369998931884766,37.97661590576172,6448500,0.0,0.0
2011-08-19 00:00:00-04:00,41.41999816894531,42.900001525878906,41.33000183105469,41.650001525878906,37.33127212524414,5328500,0.0,0.0
2011-08-22 00:00:00-04:00,42.63999938964844,42.720001220703125,41.810001373291016,42.029998779296875,37.6718864440918,2642900,0.0,0.0
2011-08-23 00:00:00-04:00,42.130001068115234,43.880001068115234,41.52000045776367,43.83000183105469,39.285221099853516,2967600,0.0,0.0
2011-08-24 00:00:00-04:00,43.56999969482422,44.880001068115234,43.2400016784668,44.86000061035156,40.20843505859375,3090200,0.0,0.0
2011-08-25 00:00:00-04:00,44.88999938964844,45.34000015258789,43.970001220703125,44.290000915527344,39.69753646850586,3044500,0.0,0.0
2011-08-26 00:00:00-04:00,44.0,45.0,42.720001220703125,44.86000061035156,40.20843505859375,3388400,0.0,0.0
2011-08-29 00:00:00-04:00,45.5,46.08000183105469,44.95000076293945,46.08000183105469,41.30192947387695,1539700,0.0,0.0
2011-08-30 00:00:00-04:00,45.77000045776367,46.970001220703125,45.63999938964844,46.70000076293945,41.857635498046875,2523000,0.0,0.0
2011-08-31 00:00:00-04:00,46.93000030517578,48.15999984741211,46.2400016784668,46.7400016784668,41.893497467041016,3248800,0.0,0.0
2011-09-01 00:00:00-04:00,46.79999923706055,47.81999969482422,46.06999969482422,46.16999816894531,41.382598876953125,2364200,0.0,0.0
2011-09-02 00:00:00-04:00,45.189998626708984,45.91999816894531,44.77000045776367,44.84000015258789,40.19049835205078,1668100,0.0,0.0
2011-09-06 00:00:00-04:00,43.310001373291016,44.720001220703125,43.09000015258789,44.40999984741211,39.805091857910156,2265400,0.0,0.0
2011-09-07 00:00:00-04:00,45.279998779296875,46.45000076293945,44.86000061035156,46.310001373291016,41.50807189941406,1977000,0.0,0.0
2011-09-08 00:00:00-04:00,45.599998474121094,46.779998779296875,45.130001068115234,45.20000076293945,40.51316833496094,2816500,0.0,0.0
2011-09-09 00:00:00-04:00,44.689998626708984,44.83000183105469,42.709999084472656,42.880001068115234,38.43375015258789,4529400,0.0,0.0
2011-09-12 00:00:00-04:00,42.25,43.7400016784668,42.22999954223633,43.68000030517578,39.150787353515625,4157900,0.0,0.0
2011-09-13 00:00:00-04:00,43.939998626708984,45.400001525878906,43.84000015258789,45.09000015258789,40.414581298828125,4591900,0.0,0.0
2011-09-14 00:00:00-04:00,45.060001373291016,46.540000915527344,44.27000045776367,45.83000183105469,41.07785415649414,3790100,0.0,0.0
2011-09-15 00:00:00-04:00,46.43000030517578,46.7400016784668,45.34000015258789,46.59000015258789,41.7590446472168,2971100,0.0,0.0
2011-09-16 00:00:00-04:00,46.68000030517578,46.970001220703125,45.560001373291016,46.400001525878906,41.5887451171875,3058300,0.0,0.0
2011-09-19 00:00:00-04:00,45.5099983215332,46.25,45.290000915527344,46.02000045776367,41.248146057128906,2809100,0.0,0.0
2011-09-20 00:00:00-04:00,45.970001220703125,46.9900016784668,45.189998626708984,45.630001068115234,40.89859390258789,2791700,0.0,0.0
2011-09-21 00:00:00-04:00,45.56999969482422,45.95000076293945,43.599998474121094,43.619998931884766,39.09699630737305,2878200,0.0,0.0
2011-09-22 00:00:00-04:00,42.529998779296875,43.060001373291016,41.45000076293945,41.959999084472656,37.6091423034668,4568900,0.0,0.0
2011-09-23 00:00:00-04:00,41.70000076293945,42.68000030517578,41.22999954223633,42.2599983215332,37.87802505493164,3353500,0.0,0.0
2011-09-26 00:00:00-04:00,42.72999954223633,43.34000015258789,41.630001068115234,43.279998779296875,38.79225158691406,2397400,0.0,0.0
2011-09-27 00:00:00-04:00,43.7400016784668,45.0,43.459999084472656,44.22999954223633,39.64374923706055,3046400,0.0,0.0
2011-09-28 00:00:00-04:00,44.25,44.2599983215332,42.189998626708984,42.2400016784668,37.860103607177734,2482100,0.0,0.0
2011-09-29 00:00:00-04:00,43.18000030517578,43.439998626708984,41.380001068115234,42.52000045776367,38.11106491088867,2709100,0.0,0.0
2011-09-30 00:00:00-04:00,41.9900016784668,43.13999938964844,41.709999084472656,41.939998626708984,37.59120178222656,3278800,0.0,0.0
2011-10-03 00:00:00-04:00,41.380001068115234,42.119998931884766,39.59000015258789,39.97999954223633,35.834434509277344,4481000,0.0,0.0
2011-10-04 00:00:00-04:00,39.16999816894531,40.790000915527344,38.790000915527344,40.63999938964844,36.42599105834961,4400000,0.0,0.0
2011-10-05 00:00:00-04:00,40.79999923706055,41.709999084472656,40.279998779296875,41.599998474121094,37.28646469116211,2919500,0.0,0.0
2011-10-06 00:00:00-04:00,41.720001220703125,42.45000076293945,41.2400016784668,42.43000030517578,38.0303955078125,2633800,0.0,0.0
2011-10-07 00:00:00-04:00,42.79999923706055,42.810001373291016,41.52000045776367,41.97999954223633,37.6270637512207,2801000,0.0,0.0
2011-10-10 00:00:00-04:00,42.86000061035156,43.70000076293945,42.7599983215332,43.43000030517578,38.92670822143555,1690800,0.0,0.0
2011-10-11 00:00:00-04:00,43.220001220703125,43.720001220703125,42.91999816894531,43.619998931884766,39.09699630737305,1637500,0.0,0.0
2011-10-12 00:00:00-04:00,44.0099983215332,45.27000045776367,43.900001525878906,44.45000076293945,39.840938568115234,2631100,0.0,0.0
2011-10-13 00:00:00-04:00,43.970001220703125,44.36000061035156,42.790000915527344,43.29999923706055,38.810184478759766,2773700,0.0,0.0
2011-10-14 00:00:00-04:00,44.119998931884766,44.77000045776367,43.959999084472656,44.70000076293945,40.06501770019531,2071700,0.0,0.0
2011-10-17 00:00:00-04:00,44.33000183105469,44.58000183105469,43.7400016784668,43.84000015258789,39.29419708251953,1688500,0.0,0.0
2011-10-18 00:00:00-04:00,43.33000183105469,43.939998626708984,41.38999938964844,43.43000030517578,38.92670822143555,3792300,0.0,0.0
2011-10-19 00:00:00-04:00,43.4900016784668,44.099998474121094,43.0,43.189998626708984,38.71159744262695,2422300,0.0,0.0
2011-10-20 00:00:00-04:00,43.47999954223633,44.310001373291016,42.880001068115234,44.20000076293945,39.61686706542969,2304600,0.0,0.0
2011-10-21 00:00:00-04:00,44.619998931884766,45.15999984741211,44.099998474121094,44.70000076293945,40.06501770019531,3087300,0.0,0.0
2011-10-24 00:00:00-04:00,47.0,47.540000915527344,44.08000183105469,45.34000015258789,40.63866424560547,9314500,0.0,0.0
2011-10-25 00:00:00-04:00,44.83000183105469,45.81999969482422,44.349998474121094,44.91999816894531,40.262210845947266,4261300,0.0,0.0
2011-10-26 00:00:00-04:00,45.66999816894531,45.83000183105469,44.709999084472656,45.27000045776367,40.575923919677734,5098200,0.0,0.0
2011-10-27 00:00:00-04:00,47.15999984741211,47.619998931884766,45.880001068115234,47.369998931884766,42.458160400390625,3919700,0.0,0.0
2011-10-28 00:00:00-04:00,46.77000045776367,47.150001525878906,45.86000061035156,46.630001068115234,41.79490661621094,4197600,0.0,0.0
2011-10-31 00:00:00-04:00,46.349998474121094,46.619998931884766,44.2400016784668,44.34000015258789,39.74235153198242,4893500,0.0,0.0
2011-11-01 00:00:00-04:00,42.900001525878906,43.63999938964844,42.369998931884766,43.18000030517578,38.702632904052734,4106400,0.0,0.0
2011-11-02 00:00:00-04:00,44.15999984741211,44.15999984741211,42.33000183105469,42.65999984741211,38.236549377441406,4035800,0.0,0.0
2011-11-03 00:00:00-04:00,43.33000183105469,43.349998474121094,41.4900016784668,42.779998779296875,38.344112396240234,4809300,0.0,0.0
2011-11-04 00:00:00-04:00,42.380001068115234,43.09000015258789,41.81999969482422,42.9900016784668,38.532344818115234,2417700,0.0,0.0
2011-11-07 00:00:00-05:00,42.61000061035156,43.150001525878906,41.869998931884766,42.63999938964844,38.21861267089844,2323600,0.0,0.0
2011-11-08 00:00:00-05:00,42.77000045776367,43.70000076293945,42.41999816894531,43.5099983215332,38.9984016418457,3002900,0.0,0.0
2011-11-09 00:00:00-05:00,42.689998626708984,42.900001525878906,41.970001220703125,42.470001220703125,38.066246032714844,4231400,0.0,0.0
2011-11-10 00:00:00-05:00,43.130001068115234,43.290000915527344,42.290000915527344,43.189998626708984,38.71159744262695,3685200,0.0,0.0
2011-11-11 00:00:00-05:00,43.56999969482422,44.560001373291016,43.56999969482422,43.77000045776367,39.231449127197266,1946300,0.0,0.0
2011-11-14 00:00:00-05:00,43.470001220703125,43.900001525878906,43.380001068115234,43.7400016784668,39.204566955566406,1934200,0.0,0.0
2011-11-15 00:00:00-05:00,43.540000915527344,44.43000030517578,43.34000015258789,44.2400016784668,39.6527214050293,2622700,0.0,0.0
2011-11-16 00:00:00-05:00,43.70000076293945,44.0,42.599998474121094,42.75,38.31720733642578,5573100,0.0,0.0
2011-11-17 00:00:00-05:00,42.939998626708984,43.470001220703125,42.04999923706055,42.5099983215332,38.10210418701172,18379900,0.0,0.0
2011-11-18 00:00:00-05:00,42.68000030517578,42.77000045776367,41.97999954223633,42.09000015258789,37.72566223144531,4700900,0.0,0.0
2011-11-21 00:00:00-05:00,42.02000045776367,42.58000183105469,41.220001220703125,42.31999969482422,37.931800842285156,4242000,0.0,0.0
2011-11-22 00:00:00-05:00,42.36000061035156,42.5,41.5,41.97999954223633,37.6270637512207,2880200,0.0,0.0
2011-11-23 00:00:00-05:00,41.369998931884766,41.4900016784668,40.779998779296875,40.779998779296875,36.55148696899414,2759900,0.0,0.0
2011-11-25 00:00:00-05:00,40.560001373291016,41.380001068115234,40.560001373291016,40.91999816894531,36.676971435546875,1272100,0.0,0.0
2011-11-28 00:00:00-05:00,42.150001525878906,42.29999923706055,41.4900016784668,41.86000061035156,37.519508361816406,2211400,0.0,0.0
2011-11-29 00:00:00-05:00,41.91999816894531,42.52000045776367,41.88999938964844,42.060001373291016,37.69876480102539,2212100,0.0,0.0
2011-11-30 00:00:00-05:00,42.88999938964844,44.2599983215332,42.7599983215332,44.22999954223633,39.64374923706055,3801600,0.0,0.0
2011-12-01 00:00:00-05:00,43.810001373291016,44.43000030517578,43.529998779296875,43.59000015258789,39.07011795043945,2815200,0.0,0.0
2011-12-02 00:00:00-05:00,44.0,44.029998779296875,42.650001525878906,43.06999969482422,38.60404968261719,2818200,0.0,0.0
2011-12-05 00:00:00-05:00,43.95000076293945,44.470001220703125,43.290000915527344,43.4900016784668,38.98048400878906,2306100,0.0,0.0
2011-12-06 00:00:00-05:00,43.66999816894531,43.66999816894531,42.970001220703125,43.16999816894531,38.693668365478516,1984000,0.0,0.0
2011-12-07 00:00:00-05:00,42.70000076293945,43.459999084472656,42.439998626708984,43.20000076293945,38.72056579589844,3117500,0.0,0.0
2011-12-08 00:00:00-05:00,42.9900016784668,43.040000915527344,42.2400016784668,42.31999969482422,37.931800842285156,2851100,0.0,0.0
2011-12-09 00:00:00-05:00,42.58000183105469,43.25,42.380001068115234,42.61000061035156,38.19173812866211,4806600,0.0,0.0
2011-12-12 00:00:00-05:00,42.369998931884766,42.47999954223633,41.849998474121094,42.34000015258789,37.94973373413086,2258700,0.0,0.0
2011-12-13 00:00:00-05:00,42.599998474121094,43.060001373291016,42.54999923706055,42.779998779296875,38.344112396240234,3954400,0.0,0.0
2011-12-14 00:00:00-05:00,42.540000915527344,42.84000015258789,42.40999984741211,42.56999969482422,38.155879974365234,3463100,0.0,0.0
2011-12-15 00:00:00-05:00,43.040000915527344,43.939998626708984,42.630001068115234,42.7400016784668,38.30825424194336,2074600,0.0,0.0
2011-12-16 00:00:00-05:00,43.040000915527344,43.4900016784668,42.18000030517578,42.380001068115234,37.985591888427734,4647200,0.0,0.0
2011-12-19 00:00:00-05:00,42.47999954223633,42.720001220703125,40.849998474121094,40.849998474121094,36.614219665527344,2893300,0.0,0.0
2011-12-20 00:00:00-05:00,41.54999923706055,42.4900016784668,41.54999923706055,42.16999816894531,37.79736328125,2876500,0.0,0.0
2011-12-21 00:00:00-05:00,42.31999969482422,42.599998474121094,41.4900016784668,42.209999084472656,37.833213806152344,2348300,0.0,0.0
2011-12-22 00:00:00-05:00,42.41999816894531,43.15999984741211,42.310001373291016,43.08000183105469,38.61300277709961,1726900,0.0,0.0
2011-12-23 00:00:00-05:00,43.290000915527344,43.349998474121094,43.08000183105469,43.130001068115234,38.65781784057617,1541200,0.0,0.0
2011-12-27 00:00:00-05:00,43.150001525878906,43.63999938964844,43.150001525878906,43.529998779296875,39.01634216308594,1751700,0.0,0.0
2011-12-28 00:00:00-05:00,43.470001220703125,43.58000183105469,42.150001525878906,42.209999084472656,37.833213806152344,2201300,0.0,0.0
2011-12-29 00:00:00-05:00,42.189998626708984,42.56999969482422,42.16999816894531,42.290000915527344,37.904911041259766,1309500,0.0,0.0
2011-12-30 00:00:00-05:00,42.36000061035156,42.36000061035156,41.9900016784668,42.0,37.64498519897461,942100,0.0,0.0
2012-01-03 00:00:00-05:00,42.81999969482422,43.47999954223633,42.81999969482422,43.22999954223633,38.747440338134766,2292700,0.0,0.0
2012-01-04 00:00:00-05:00,43.02000045776367,43.43000030517578,42.720001220703125,43.209999084472656,38.72951126098633,1773700,0.0,0.0
2012-01-05 00:00:00-05:00,43.150001525878906,43.38999938964844,42.7599983215332,43.209999084472656,38.72951126098633,2206200,0.0,0.0
2012-01-06 00:00:00-05:00,43.189998626708984,44.34000015258789,43.119998931884766,43.61000061035156,39.08804702758789,2436600,0.0,0.0
2012-01-09 00:00:00-05:00,43.7400016784668,43.90999984741211,43.20000076293945,43.779998779296875,39.24040985107422,2296100,0.0,0.0
2012-01-10 00:00:00-05:00,44.13999938964844,45.70000076293945,43.84000015258789,45.66999816894531,40.9344482421875,6217900,0.0,0.0
2012-01-11 00:00:00-05:00,45.54999923706055,45.95000076293945,45.279998779296875,45.7599983215332,41.01509094238281,2211700,0.0,0.0
2012-01-12 00:00:00-05:00,45.63999938964844,45.849998474121094,45.040000915527344,45.380001068115234,40.674522399902344,2322300,0.0,0.0
2012-01-13 00:00:00-05:00,44.91999816894531,45.619998931884766,44.5099983215332,45.61000061035156,40.880672454833984,3705200,0.0,0.0
2012-01-17 00:00:00-05:00,45.81999969482422,47.5,45.81999969482422,46.66999816894531,41.830745697021484,5118600,0.0,0.0
2012-01-18 00:00:00-05:00,46.58000183105469,47.09000015258789,46.22999954223633,46.939998626708984,42.07275390625,3315600,0.0,0.0
2012-01-19 00:00:00-05:00,46.72999954223633,46.869998931884766,46.0099983215332,46.279998779296875,41.481178283691406,4246200,0.0,0.0
2012-01-20 00:00:00-05:00,46.41999816894531,46.540000915527344,45.7599983215332,46.13999938964844,41.35569763183594,2295300,0.0,0.0
2012-01-23 00:00:00-05:00,46.09000015258789,46.77000045776367,45.75,45.880001068115234,41.12266159057617,2013300,0.0,0.0
2012-01-24 00:00:00-05:00,45.59000015258789,45.900001525878906,45.02000045776367,45.38999938964844,40.683475494384766,3048600,0.0,0.0
2012-01-25 00:00:00-05:00,44.70000076293945,45.90999984741211,43.86000061035156,45.77000045776367,41.02406311035156,3622800,0.0,0.0
2012-01-26 00:00:00-05:00,46.130001068115234,46.130001068115234,43.9900016784668,44.099998474121094,39.5272216796875,3823000,0.0,0.0
2012-01-27 00:00:00-05:00,43.9900016784668,45.56999969482422,43.93000030517578,45.18000030517578,40.49525451660156,2992600,0.0,0.0
2012-01-30 00:00:00-05:00,44.900001525878906,44.95000076293945,44.20000076293945,44.5,39.88575744628906,3504900,0.0,0.0
2012-01-31 00:00:00-05:00,44.75,45.779998779296875,44.72999954223633,44.83000183105469,40.18154525756836,4800900,0.0,0.0
2012-02-01 00:00:00-05:00,45.0,46.029998779296875,44.900001525878906,45.68000030517578,40.94340515136719,5777900,0.0,0.0
2012-02-02 00:00:00-05:00,42.34000015258789,44.459999084472656,41.13999938964844,44.130001068115234,39.55412673950195,16708000,0.0,0.0
2012-02-03 00:00:00-05:00,44.06999969482422,44.06999969482422,43.2599983215332,43.54999923706055,39.03425979614258,7466900,0.0,0.0
2012-02-06 00:00:00-05:00,43.18000030517578,43.25,42.369998931884766,42.91999816894531,38.469600677490234,4718500,0.0,0.0
2012-02-07 00:00:00-05:00,42.900001525878906,43.349998474121094,42.7599983215332,43.2400016784668,38.756412506103516,5521300,0.0,0.0
2012-02-08 00:00:00-05:00,43.310001373291016,43.72999954223633,43.11000061035156,43.349998474121094,38.855003356933594,4820200,0.0,0.0
2012-02-09 00:00:00-05:00,43.31999969482422,43.900001525878906,43.099998474121094,43.540000915527344,39.025306701660156,3074800,0.0,0.0
2012-02-10 00:00:00-05:00,43.22999954223633,43.720001220703125,43.08000183105469,43.540000915527344,39.025306701660156,2254600,0.0,0.0
2012-02-13 00:00:00-05:00,43.540000915527344,43.7400016784668,42.869998931884766,43.18000030517578,38.702632904052734,3951400,0.0,0.0
2012-02-14 00:00:00-05:00,43.11000061035156,44.0,43.11000061035156,43.9900016784668,39.42863845825195,2431900,0.0,0.0
2012-02-15 00:00:00-05:00,44.25,44.790000915527344,44.0,44.130001068115234,39.55412673950195,4026800,0.0,0.0
2012-02-16 00:00:00-05:00,44.150001525878906,44.709999084472656,44.06999969482422,44.70000076293945,40.06501770019531,2203600,0.0,0.0
2012-02-17 00:00:00-05:00,45.11000061035156,45.31999969482422,44.779998779296875,44.93000030517578,40.27116012573242,3087100,0.0,0.0
2012-02-21 00:00:00-05:00,45.18000030517578,46.029998779296875,45.099998474121094,45.369998931884766,40.665550231933594,3552700,0.0,0.0
2012-02-22 00:00:00-05:00,45.20000076293945,45.599998474121094,44.93000030517578,45.13999938964844,40.459388732910156,3225600,0.0,0.0
2012-02-23 00:00:00-05:00,44.9900016784668,45.15999984741211,44.560001373291016,44.83000183105469,40.18154525756836,2330900,0.0,0.0
2012-02-24 00:00:00-05:00,44.79999923706055,45.380001068115234,44.79999923706055,45.09000015258789,40.414581298828125,2585900,0.0,0.0
2012-02-27 00:00:00-05:00,44.86000061035156,45.31999969482422,44.630001068115234,44.63999938964844,40.0112419128418,3229700,0.0,0.0
2012-02-28 00:00:00-05:00,44.70000076293945,44.70000076293945,44.16999816894531,44.34000015258789,39.74235153198242,3139400,0.0,0.0
2012-02-29 00:00:00-05:00,44.29999923706055,44.52000045776367,43.869998931884766,44.11000061035156,39.536190032958984,2182900,0.0,0.0
2012-03-01 00:00:00-05:00,44.22999954223633,44.66999816894531,43.900001525878906,44.540000915527344,39.92160415649414,2227800,0.0,0.0
2012-03-02 00:00:00-05:00,44.27000045776367,44.65999984741211,43.880001068115234,44.20000076293945,39.61686706542969,1777500,0.0,0.0
2012-03-05 00:00:00-05:00,43.869998931884766,44.900001525878906,43.869998931884766,44.45000076293945,39.840938568115234,2888200,0.0,0.0
2012-03-06 00:00:00-05:00,43.65999984741211,44.18000030517578,43.060001373291016,43.279998779296875,38.79225158691406,3005300,0.0,0.0
2012-03-07 00:00:00-05:00,43.31999969482422,43.75,43.209999084472656,43.58000183105469,39.061161041259766,2642100,0.0,0.0
2012-03-08 00:00:00-05:00,43.560001373291016,44.310001373291016,43.54999923706055,44.119998931884766,39.58148956298828,2893600,0.04,0.0
2012-03-09 00:00:00-05:00,44.72999954223633,45.27000045776367,44.41999816894531,45.18000030517578,40.532447814941406,3707500,0.0,0.0
2012-03-12 00:00:00-04:00,45.040000915527344,45.16999816894531,44.7400016784668,44.779998779296875,40.17359924316406,3123000,0.0,0.0
2012-03-13 00:00:00-04:00,44.81999969482422,46.099998474121094,44.790000915527344,46.040000915527344,41.303985595703125,4579600,0.0,0.0
2012-03-14 00:00:00-04:00,45.939998626708984,46.849998474121094,45.83000183105469,46.70000076293945,41.89609146118164,4879500,0.0,0.0
2012-03-15 00:00:00-04:00,46.7599983215332,47.04999923706055,46.43000030517578,46.810001373291016,41.994781494140625,3180100,0.0,0.0
2012-03-16 00:00:00-04:00,47.130001068115234,47.220001220703125,46.7599983215332,46.81999969482422,42.00375747680664,2838100,0.0,0.0
2012-03-19 00:00:00-04:00,46.88999938964844,47.45000076293945,46.79999923706055,47.119998931884766,42.272884368896484,3192200,0.0,0.0
2012-03-20 00:00:00-04:00,46.84000015258789,46.9900016784668,46.36000061035156,46.47999954223633,41.698726654052734,1908100,0.0,0.0
2012-03-21 00:00:00-04:00,46.369998931884766,46.459999084472656,45.97999954223633,46.119998931884766,41.37575912475586,2188900,0.0,0.0
2012-03-22 00:00:00-04:00,45.7400016784668,45.86000061035156,45.38999938964844,45.560001373291016,40.87336349487305,2781600,0.0,0.0
2012-03-23 00:00:00-04:00,45.40999984741211,45.970001220703125,45.38999938964844,45.84000015258789,41.124568939208984,2450000,0.0,0.0
2012-03-26 00:00:00-04:00,46.18000030517578,46.9900016784668,46.130001068115234,46.970001220703125,42.1383171081543,2951600,0.0,0.0
2012-03-27 00:00:00-04:00,47.11000061035156,47.290000915527344,46.4900016784668,47.15999984741211,42.308773040771484,3362900,0.0,0.0
2012-03-28 00:00:00-04:00,47.20000076293945,47.79999923706055,46.4900016784668,47.06999969482422,42.228031158447266,3337300,0.0,0.0
2012-03-29 00:00:00-04:00,46.720001220703125,49.310001373291016,46.5099983215332,48.970001220703125,43.93259048461914,7391800,0.0,0.0
2012-03-30 00:00:00-04:00,49.25,49.88999938964844,48.75,49.25,44.18377685546875,4383000,0.0,0.0
2012-04-02 00:00:00-04:00,49.02000045776367,49.61000061035156,48.83000183105469,49.43000030517578,44.34526443481445,3132200,0.0,0.0
2012-04-03 00:00:00-04:00,49.22999954223633,49.630001068115234,48.77000045776367,48.939998626708984,43.90566635131836,2729600,0.0,0.0
2012-04-04 00:00:00-04:00,48.599998474121094,49.0,48.349998474121094,48.79999923706055,43.780067443847656,3300300,0.0,0.0
2012-04-05 00:00:00-04:00,48.61000061035156,49.11000061035156,48.439998626708984,48.9900016784668,43.95053482055664,1624300,0.0,0.0
2012-04-09 00:00:00-04:00,48.189998626708984,48.189998626708984,47.75,47.90999984741211,42.98162841796875,1844300,0.0,0.0
2012-04-10 00:00:00-04:00,47.790000915527344,48.0,47.16999816894531,47.38999938964844,42.515113830566406,3072300,0.0,0.0
2012-04-11 00:00:00-04:00,47.81999969482422,48.099998474121094,47.470001220703125,47.58000183105469,42.68557357788086,2802700,0.0,0.0
2012-04-12 00:00:00-04:00,47.54999923706055,48.41999816894531,47.540000915527344,48.41999816894531,43.43916702270508,2482500,0.0,0.0
2012-04-13 00:00:00-04:00,48.18000030517578,48.599998474121094,47.9900016784668,48.310001373291016,43.340484619140625,2792100,0.0,0.0
2012-04-16 00:00:00-04:00,48.43000030517578,48.43000030517578,47.45000076293945,47.68000030517578,42.7752799987793,2671900,0.0,0.0
2012-04-17 00:00:00-04:00,48.209999084472656,48.34000015258789,47.77000045776367,48.220001220703125,43.259727478027344,3342800,0.0,0.0
2012-04-18 00:00:00-04:00,47.97999954223633,48.400001525878906,47.58000183105469,48.209999084472656,43.250755310058594,1983700,0.0,0.0
2012-04-19 00:00:00-04:00,48.22999954223633,48.630001068115234,47.79999923706055,48.0099983215332,43.071346282958984,3714700,0.0,0.0
2012-04-20 00:00:00-04:00,48.150001525878906,48.470001220703125,47.880001068115234,48.02000045776367,43.08031463623047,3867400,0.0,0.0
2012-04-23 00:00:00-04:00,47.58000183105469,48.16999816894531,47.459999084472656,48.08000183105469,43.1341438293457,1840700,0.0,0.0
2012-04-24 00:00:00-04:00,48.04999923706055,48.16999816894531,47.709999084472656,48.099998474121094,43.15208435058594,1483000,0.0,0.0
2012-04-25 00:00:00-04:00,48.470001220703125,48.91999816894531,47.97999954223633,48.209999084472656,43.250755310058594,1823000,0.0,0.0
2012-04-26 00:00:00-04:00,46.790000915527344,47.77000045776367,46.459999084472656,47.560001373291016,42.66762924194336,3932900,0.0,0.0
2012-04-27 00:00:00-04:00,47.59000015258789,47.65999984741211,46.84000015258789,46.869998931884766,42.04861068725586,5639600,0.0,0.0
2012-04-30 00:00:00-04:00,46.47999954223633,46.630001068115234,45.720001220703125,46.22999954223633,41.47443771362305,4988900,0.0,0.0
2012-05-01 00:00:00-04:00,46.13999938964844,46.93000030517578,46.13999938964844,46.61000061035156,41.81535720825195,2243100,0.0,0.0
2012-05-02 00:00:00-04:00,46.43000030517578,46.880001068115234,46.369998931884766,46.54999923706055,41.76152420043945,2638200,0.0,0.0
2012-05-03 00:00:00-04:00,46.40999984741211,46.58000183105469,45.279998779296875,46.06999969482422,41.330909729003906,4702300,0.0,0.0
2012-05-04 00:00:00-04:00,45.9900016784668,46.36000061035156,45.150001525878906,45.2599983215332,40.604217529296875,3521100,0.0,0.0
2012-05-07 00:00:00-04:00,45.310001373291016,45.810001373291016,45.099998474121094,45.59000015258789,40.90027618408203,2040600,0.0,0.0
2012-05-08 00:00:00-04:00,45.400001525878906,45.86000061035156,45.11000061035156,45.7400016784668,41.03485107421875,2758100,0.0,0.0
2012-05-09 00:00:00-04:00,45.150001525878906,45.66999816894531,44.959999084472656,44.9900016784668,40.36199188232422,3219200,0.0,0.0
2012-05-10 00:00:00-04:00,45.209999084472656,45.380001068115234,44.790000915527344,44.90999984741211,40.29022216796875,2552400,0.0,0.0
2012-05-11 00:00:00-04:00,45.34000015258789,45.5099983215332,44.7599983215332,45.11000061035156,40.46965026855469,1724000,0.0,0.0
2012-05-14 00:00:00-04:00,44.560001373291016,45.15999984741211,44.369998931884766,44.7400016784668,40.13771057128906,2027600,0.0,0.0
2012-05-15 00:00:00-04:00,44.630001068115234,44.75,44.0099983215332,44.130001068115234,39.59046936035156,1456600,0.0,0.0
2012-05-16 00:00:00-04:00,44.16999816894531,44.529998779296875,43.970001220703125,43.970001220703125,39.44691467285156,1583100,0.0,0.0
2012-05-17 00:00:00-04:00,43.959999084472656,44.22999954223633,43.41999816894531,43.43000030517578,38.962467193603516,1607400,0.0,0.0
2012-05-18 00:00:00-04:00,43.52000045776367,43.77000045776367,42.790000915527344,42.90999984741211,38.495967864990234,2289400,0.0,0.0
2012-05-21 00:00:00-04:00,42.90999984741211,43.97999954223633,42.900001525878906,43.88999938964844,39.375144958496094,1892500,0.0,0.0
2012-05-22 00:00:00-04:00,44.06999969482422,44.29999923706055,43.310001373291016,43.54999923706055,39.07011795043945,1875800,0.0,0.0
2012-05-23 00:00:00-04:00,43.33000183105469,43.56999969482422,42.70000076293945,43.2400016784668,38.792022705078125,2337700,0.0,0.0
2012-05-24 00:00:00-04:00,43.540000915527344,44.29999923706055,43.310001373291016,44.09000015258789,39.554569244384766,1979600,0.0,0.0
2012-05-25 00:00:00-04:00,44.279998779296875,44.88999938964844,43.95000076293945,44.5,39.92239761352539,1513300,0.0,0.0
2012-05-29 00:00:00-04:00,44.75,45.310001373291016,44.5099983215332,45.279998779296875,40.622161865234375,2642700,0.0,0.0
2012-05-30 00:00:00-04:00,44.81999969482422,45.20000076293945,44.130001068115234,44.20000076293945,39.65326690673828,1738400,0.0,0.0
2012-05-31 00:00:00-04:00,44.15999984741211,44.27000045776367,43.41999816894531,43.90999984741211,39.39309310913086,1894600,0.0,0.0
2012-06-01 00:00:00-04:00,43.31999969482422,43.650001525878906,42.56999969482422,42.58000183105469,38.19990539550781,3806700,0.0,0.0
2012-06-04 00:00:00-04:00,42.72999954223633,42.91999816894531,42.20000076293945,42.650001525878906,38.262718200683594,3122300,0.0,0.0
2012-06-05 00:00:00-04:00,42.54999923706055,43.4900016784668,42.439998626708984,43.369998931884766,38.90864562988281,1960800,0.0,0.0
2012-06-06 00:00:00-04:00,43.689998626708984,44.209999084472656,43.459999084472656,44.209999084472656,39.6622314453125,1605800,0.0,0.0
2012-06-07 00:00:00-04:00,43.650001525878906,44.540000915527344,43.619998931884766,44.09000015258789,39.554569244384766,2825000,0.0,0.0
2012-06-08 00:00:00-04:00,43.79999923706055,44.9900016784668,43.79999923706055,44.869998931884766,40.254337310791016,1658700,0.0,0.0
2012-06-11 00:00:00-04:00,44.959999084472656,45.25,44.380001068115234,44.40999984741211,39.8416633605957,2428600,0.0,0.0
2012-06-12 00:00:00-04:00,44.689998626708984,44.90999984741211,44.11000061035156,44.880001068115234,40.263309478759766,1753500,0.0,0.0
2012-06-13 00:00:00-04:00,44.86000061035156,44.88999938964844,44.380001068115234,44.68000030517578,40.083885192871094,2329800,0.0,0.0
2012-06-14 00:00:00-04:00,44.68000030517578,45.279998779296875,44.41999816894531,45.119998931884766,40.4786262512207,2055900,0.0,0.0
2012-06-15 00:00:00-04:00,45.16999816894531,45.31999969482422,44.869998931884766,45.290000915527344,40.631134033203125,3022800,0.0,0.0
2012-06-18 00:00:00-04:00,45.16999816894531,45.20000076293945,44.650001525878906,45.08000183105469,40.44274139404297,2033000,0.0,0.0
2012-06-19 00:00:00-04:00,45.400001525878906,45.720001220703125,45.25,45.63999938964844,40.94513702392578,1575500,0.0,0.0
2012-06-20 00:00:00-04:00,45.52000045776367,45.79999923706055,44.93000030517578,45.189998626708984,40.541419982910156,1457100,0.0,0.0
2012-06-21 00:00:00-04:00,45.189998626708984,45.36000061035156,44.06999969482422,44.11000061035156,39.572513580322266,1778300,0.0,0.0
2012-06-22 00:00:00-04:00,44.13999938964844,45.2599983215332,44.0,45.150001525878906,40.50553894042969,2868300,0.0,0.0
2012-06-25 00:00:00-04:00,44.66999816894531,44.900001525878906,44.47999954223633,44.709999084472656,40.110801696777344,3088000,0.0,0.0
2012-06-26 00:00:00-04:00,44.709999084472656,45.54999923706055,44.380001068115234,45.29999923706055,40.64011001586914,3067300,0.0,0.0
2012-06-27 00:00:00-04:00,45.36000061035156,46.41999816894531,45.33000183105469,45.400001525878906,40.72981643676758,2849600,0.0,0.0
2012-06-28 00:00:00-04:00,45.220001220703125,46.130001068115234,42.13999938964844,44.18000030517578,39.63531494140625,10253300,0.0,0.0
2012-06-29 00:00:00-04:00,44.84000015258789,45.02000045776367,43.709999084472656,44.0,39.47383499145508,5829200,0.0,0.0
2012-07-02 00:00:00-04:00,44.29999923706055,44.47999954223633,42.790000915527344,42.97999954223633,38.55875778198242,4708600,0.0,0.0
2012-07-03 00:00:00-04:00,43.040000915527344,43.5099983215332,42.56999969482422,42.75,38.3524169921875,1514300,0.0,0.0
2012-07-05 00:00:00-04:00,42.70000076293945,43.0099983215332,42.619998931884766,42.72999954223633,38.33447265625,2539800,0.0,0.0
2012-07-06 00:00:00-04:00,42.54999923706055,42.630001068115234,42.20000076293945,42.540000915527344,38.16401672363281,1821200,0.0,0.0
2012-07-09 00:00:00-04:00,43.0099983215332,43.939998626708984,42.560001373291016,42.97999954223633,38.55875778198242,3086900,0.0,0.0
2012-07-10 00:00:00-04:00,43.150001525878906,43.25,42.689998626708984,42.88999938964844,38.4780158996582,2308700,0.0,0.0
2012-07-11 00:00:00-04:00,42.7599983215332,43.150001525878906,42.72999954223633,43.060001373291016,38.63053894042969,1370500,0.0,0.0
2012-07-12 00:00:00-04:00,42.97999954223633,43.2400016784668,42.34000015258789,42.439998626708984,38.074302673339844,2634700,0.0,0.0
2012-07-13 00:00:00-04:00,42.47999954223633,43.70000076293945,42.47999954223633,43.630001068115234,39.14188766479492,1675100,0.0,0.0
2012-07-16 00:00:00-04:00,43.61000061035156,43.650001525878906,42.900001525878906,43.22999954223633,38.78303527832031,1407100,0.0,0.0
2012-07-17 00:00:00-04:00,43.33000183105469,43.459999084472656,42.7400016784668,42.970001220703125,38.54979705810547,3077200,0.0,0.0
2012-07-18 00:00:00-04:00,42.86000061035156,43.459999084472656,42.65999984741211,43.029998779296875,38.60361099243164,1970600,0.0,0.0
2012-07-19 00:00:00-04:00,43.5099983215332,43.61000061035156,42.2400016784668,42.380001068115234,38.020484924316406,3323400,0.0,0.0
2012-07-20 00:00:00-04:00,42.22999954223633,42.529998779296875,41.59000015258789,41.68000030517578,37.39248275756836,3188300,0.0,0.0
2012-07-23 00:00:00-04:00,41.22999954223633,41.470001220703125,40.68000030517578,41.13999938964844,36.90803909301758,3471200,0.0,0.0
2012-07-24 00:00:00-04:00,41.20000076293945,41.58000183105469,40.86000061035156,41.220001220703125,36.97980499267578,4534300,0.0,0.0
2012-07-25 00:00:00-04:00,40.040000915527344,40.209999084472656,39.310001373291016,39.95000076293945,35.84044647216797,7384100,0.0,0.0
2012-07-26 00:00:00-04:00,40.540000915527344,40.560001373291016,39.56999969482422,39.65999984741211,35.58028793334961,3785900,0.0,0.0
2012-07-27 00:00:00-04:00,39.27000045776367,41.5,39.0099983215332,41.38999938964844,37.13231658935547,5118500,0.0,0.0
2012-07-30 00:00:00-04:00,41.38999938964844,41.59000015258789,40.93000030517578,41.369998931884766,37.114383697509766,2416500,0.0,0.0
2012-07-31 00:00:00-04:00,41.400001525878906,41.4900016784668,40.2400016784668,40.279998779296875,36.13650131225586,4465700,0.0,0.0
2012-08-01 00:00:00-04:00,40.529998779296875,41.08000183105469,40.0,40.2400016784668,36.10062026977539,3840600,0.0,0.0
2012-08-02 00:00:00-04:00,41.9900016784668,43.0,40.959999084472656,41.86000061035156,37.55396270751953,5421400,0.0,0.0
2012-08-03 00:00:00-04:00,41.91999816894531,42.70000076293945,41.7400016784668,42.08000183105469,37.751346588134766,2993300,0.0,0.0
2012-08-06 00:00:00-04:00,42.25,42.380001068115234,41.880001068115234,42.150001525878906,37.81413269042969,3854800,0.0,0.0
2012-08-07 00:00:00-04:00,42.25,43.58000183105469,42.2400016784668,43.4900016784668,39.016300201416016,3532100,0.0,0.0
2012-08-08 00:00:00-04:00,42.93000030517578,43.95000076293945,42.88999938964844,43.869998931884766,39.35721206665039,3165600,0.0,0.0
2012-08-09 00:00:00-04:00,43.86000061035156,44.2599983215332,43.25,43.880001068115234,39.366180419921875,2442500,0.0,0.0
2012-08-10 00:00:00-04:00,43.5,43.849998474121094,43.279998779296875,43.81999969482422,39.312339782714844,1579300,0.0,0.0
2012-08-13 00:00:00-04:00,43.650001525878906,43.77000045776367,43.36000061035156,43.470001220703125,38.99835205078125,1842200,0.0,0.0
2012-08-14 00:00:00-04:00,43.650001525878906,43.75,43.52000045776367,43.63999938964844,39.15086364746094,1620500,0.0,0.0
2012-08-15 00:00:00-04:00,43.599998474121094,43.9900016784668,43.38999938964844,43.86000061035156,39.348243713378906,1843500,0.0,0.0
2012-08-16 00:00:00-04:00,43.83000183105469,44.52000045776367,43.779998779296875,44.4900016784668,39.9134407043457,2149000,0.0,0.0
2012-08-17 00:00:00-04:00,44.529998779296875,44.59000015258789,44.11000061035156,44.29999923706055,39.74296569824219,1570800,0.0,0.0
2012-08-20 00:00:00-04:00,44.36000061035156,45.0,44.08000183105469,44.5099983215332,39.93137741088867,1581200,0.0,0.0
2012-08-21 00:00:00-04:00,44.47999954223633,44.75,44.369998931884766,44.43000030517578,39.859588623046875,1601500,0.0,0.0
2012-08-22 00:00:00-04:00,44.459999084472656,44.779998779296875,44.27000045776367,44.68000030517578,40.083885192871094,1276500,0.0,0.0
2012-08-23 00:00:00-04:00,44.52000045776367,44.65999984741211,44.08000183105469,44.15999984741211,39.61737823486328,1969700,0.0,0.0
2012-08-24 00:00:00-04:00,44.099998474121094,44.56999969482422,43.900001525878906,44.5,39.92239761352539,1870600,0.0,0.0
2012-08-27 00:00:00-04:00,44.59000015258789,44.939998626708984,44.38999938964844,44.75,40.146697998046875,1513900,0.0,0.0
2012-08-28 00:00:00-04:00,44.56999969482422,44.849998474121094,44.470001220703125,44.720001220703125,40.11977005004883,1914900,0.0,0.0
2012-08-29 00:00:00-04:00,44.83000183105469,45.279998779296875,44.77000045776367,44.869998931884766,40.254337310791016,1802000,0.0,0.0
2012-08-30 00:00:00-04:00,45.11000061035156,45.88999938964844,44.970001220703125,45.68000030517578,40.98101043701172,2694800,0.0,0.0
2012-08-31 00:00:00-04:00,45.849998474121094,46.220001220703125,45.68000030517578,45.77000045776367,41.06175231933594,1995700,0.0,0.0
2012-09-04 00:00:00-04:00,45.7400016784668,45.959999084472656,45.15999984741211,45.5,40.81954574584961,1585500,0.0,0.0
2012-09-05 00:00:00-04:00,45.560001373291016,45.849998474121094,45.36000061035156,45.4900016784668,40.810569763183594,1386000,0.0,0.0
2012-09-06 00:00:00-04:00,45.689998626708984,46.20000076293945,45.689998626708984,45.9900016784668,41.259132385253906,1777000,0.0,0.0
2012-09-07 00:00:00-04:00,46.029998779296875,46.369998931884766,46.0,46.130001068115234,41.38471984863281,1696000,0.0,0.0
2012-09-10 00:00:00-04:00,46.310001373291016,46.540000915527344,45.869998931884766,45.9900016784668,41.259132385253906,1638200,0.0,0.0
2012-09-11 00:00:00-04:00,46.119998931884766,46.869998931884766,45.90999984741211,46.54999923706055,41.76152420043945,2225200,0.0,0.0
2012-09-12 00:00:00-04:00,46.540000915527344,46.72999954223633,46.11000061035156,46.130001068115234,41.38471984863281,1941700,0.0,0.0
2012-09-13 00:00:00-04:00,46.060001373291016,47.349998474121094,45.79999923706055,47.29999923706055,42.43436813354492,2849400,0.0,0.0
2012-09-14 00:00:00-04:00,47.22999954223633,47.91999816894531,47.130001068115234,47.79999923706055,42.882938385009766,4170000,0.0,0.0
2012-09-17 00:00:00-04:00,47.65999984741211,47.869998931884766,47.15999984741211,47.18000030517578,42.32672882080078,2529100,0.0,0.0
2012-09-18 00:00:00-04:00,47.18000030517578,47.619998931884766,47.09000015258789,47.45000076293945,42.56894302368164,1561900,0.0,0.0
2012-09-19 00:00:00-04:00,47.45000076293945,47.529998779296875,47.150001525878906,47.150001525878906,42.2998046875,1569700,0.0,0.0
2012-09-20 00:00:00-04:00,47.02000045776367,47.11000061035156,46.619998931884766,46.939998626708984,42.11140441894531,1936200,0.0,0.0
2012-09-21 00:00:00-04:00,47.15999984741211,47.27000045776367,46.880001068115234,47.099998474121094,42.25495147705078,2268200,0.0,0.0
2012-09-24 00:00:00-04:00,47.0,47.5,46.900001525878906,47.16999816894531,42.317745208740234,1830800,0.0,0.0
2012-09-25 00:00:00-04:00,47.220001220703125,47.52000045776367,46.83000183105469,46.849998474121094,42.03065872192383,2641600,0.0,0.0
2012-09-26 00:00:00-04:00,46.959999084472656,47.209999084472656,46.5,46.72999954223633,41.92300796508789,1755200,0.0,0.0
2012-09-27 00:00:00-04:00,46.970001220703125,47.08000183105469,46.72999954223633,47.02000045776367,42.18317794799805,1519100,0.0,0.0
2012-09-28 00:00:00-04:00,46.86000061035156,47.380001068115234,46.66999816894531,47.16999816894531,42.317745208740234,2210400,0.0,0.0
2012-10-01 00:00:00-04:00,47.349998474121094,48.459999084472656,47.290000915527344,48.09000015258789,43.14310073852539,2683900,0.0,0.0
2012-10-02 00:00:00-04:00,48.119998931884766,48.95000076293945,48.11000061035156,48.630001068115234,43.6275634765625,3658300,0.0,0.0
2012-10-03 00:00:00-04:00,48.75,49.0,48.630001068115234,48.86000061035156,43.83390808105469,1693000,0.0,0.0
2012-10-04 00:00:00-04:00,49.16999816894531,49.779998779296875,49.0099983215332,49.18000030517578,44.12099075317383,2779300,0.0,0.0
2012-10-05 00:00:00-04:00,49.33000183105469,49.400001525878906,48.720001220703125,48.849998474121094,43.824928283691406,2333800,0.0,0.0
2012-10-08 00:00:00-04:00,48.880001068115234,49.279998779296875,48.83000183105469,48.95000076293945,43.91463851928711,1414600,0.0,0.0
2012-10-09 00:00:00-04:00,48.869998931884766,49.25,48.79999923706055,49.18000030517578,44.12099075317383,1835900,0.0,0.0
2012-10-10 00:00:00-04:00,49.06999969482422,49.20000076293945,48.68000030517578,48.77000045776367,43.75315856933594,2478000,0.0,0.0
2012-10-11 00:00:00-04:00,49.04999923706055,50.41999816894531,49.02000045776367,50.13999938964844,44.98223876953125,2620500,0.0,0.0
2012-10-12 00:00:00-04:00,50.18000030517578,50.4900016784668,49.650001525878906,49.709999084472656,44.59646224975586,2242400,0.0,0.0
2012-10-15 00:00:00-04:00,49.75,50.06999969482422,49.560001373291016,49.97999954223633,44.838687896728516,1842700,0.0,0.0
2012-10-16 00:00:00-04:00,49.279998779296875,50.40999984741211,49.25,50.34000015258789,45.16165542602539,3395600,0.0,0.0
2012-10-17 00:00:00-04:00,50.380001068115234,50.599998474121094,49.5099983215332,49.689998626708984,44.57851791381836,2481500,0.0,0.0
2012-10-18 00:00:00-04:00,49.56999969482422,50.43000030517578,49.400001525878906,50.13999938964844,44.98223876953125,2302000,0.0,0.0
2012-10-19 00:00:00-04:00,50.04999923706055,50.04999923706055,49.349998474121094,49.65999984741211,44.55160140991211,1418300,0.0,0.0
2012-10-22 00:00:00-04:00,49.34000015258789,50.380001068115234,49.279998779296875,50.33000183105469,45.152679443359375,2165700,0.0,0.0
2012-10-23 00:00:00-04:00,49.790000915527344,50.0,49.0,49.84000015258789,44.71308898925781,1626100,0.0,0.0
2012-10-24 00:00:00-04:00,50.06999969482422,50.290000915527344,49.970001220703125,50.13999938964844,44.98223876953125,1594600,0.0,0.0
2012-10-25 00:00:00-04:00,50.40999984741211,50.66999816894531,49.9900016784668,50.369998931884766,45.18856430053711,2098000,0.0,0.0
2012-10-26 00:00:00-04:00,50.349998474121094,50.400001525878906,49.369998931884766,49.70000076293945,44.58749008178711,1805000,0.0,0.0
2012-10-31 00:00:00-04:00,49.70000076293945,51.0,49.560001373291016,51.0,45.75376510620117,3834200,0.0,0.0
2012-11-01 00:00:00-04:00,51.54999923706055,53.310001373291016,51.54999923706055,53.27000045776367,47.79025650024414,4255400,0.0,0.0
2012-11-02 00:00:00-04:00,53.709999084472656,53.75,52.90999984741211,53.09000015258789,47.62877655029297,2929000,0.0,0.0
2012-11-05 00:00:00-05:00,53.099998474121094,53.54999923706055,52.63999938964844,53.29999923706055,47.817161560058594,2345000,0.0,0.0
2012-11-06 00:00:00-05:00,52.939998626708984,53.4900016784668,52.04999923706055,53.310001373291016,47.82613754272461,2513700,0.0,0.0
2012-11-07 00:00:00-05:00,52.619998931884766,53.22999954223633,51.970001220703125,52.959999084472656,47.512142181396484,4168700,0.0,0.0
2012-11-08 00:00:00-05:00,52.9900016784668,53.41999816894531,51.970001220703125,52.2400016784668,46.866214752197266,2447800,0.0,0.0
2012-11-09 00:00:00-05:00,52.7400016784668,52.939998626708984,51.619998931884766,51.650001525878906,46.336910247802734,3046700,0.0,0.0
2012-11-12 00:00:00-05:00,51.83000183105469,51.959999084472656,50.939998626708984,51.08000183105469,45.82553482055664,3039900,0.0,0.0
2012-11-13 00:00:00-05:00,50.689998626708984,51.77000045776367,50.689998626708984,51.04999923706055,45.79861068725586,2083400,0.0,0.0
2012-11-14 00:00:00-05:00,51.130001068115234,51.2599983215332,49.439998626708984,49.630001068115234,44.52468490600586,2691600,0.0,0.0
2012-11-15 00:00:00-05:00,49.720001220703125,50.939998626708984,49.459999084472656,50.869998931884766,45.63712692260742,4742500,0.0,0.0
2012-11-16 00:00:00-05:00,50.849998474121094,50.849998474121094,49.34000015258789,50.470001220703125,45.27827453613281,6316200,0.0,0.0
2012-11-19 00:00:00-05:00,50.83000183105469,51.91999816894531,50.709999084472656,51.900001525878906,46.561180114746094,3004300,0.0,0.0
2012-11-20 00:00:00-05:00,51.72999954223633,51.88999938964844,51.2400016784668,51.849998474121094,46.516326904296875,1887200,0.0,0.0
2012-11-21 00:00:00-05:00,51.83000183105469,52.290000915527344,51.630001068115234,52.0099983215332,46.65986251831055,1188600,0.0,0.0
2012-11-23 00:00:00-05:00,52.060001373291016,52.779998779296875,52.060001373291016,52.7599983215332,47.33271408081055,450800,0.0,0.0
2012-11-26 00:00:00-05:00,52.349998474121094,52.810001373291016,51.70000076293945,52.2400016784668,46.866214752197266,1027700,0.0,0.0
2012-11-27 00:00:00-05:00,52.189998626708984,52.709999084472656,52.16999816894531,52.41999816894531,47.027687072753906,1808200,0.0,0.0
2012-11-28 00:00:00-05:00,52.06999969482422,52.15999984741211,51.70000076293945,51.970001220703125,46.623985290527344,1843700,0.0,0.0
2012-11-29 00:00:00-05:00,52.2400016784668,52.88999938964844,51.720001220703125,52.08000183105469,46.72267150878906,2076500,0.0,0.0
2012-11-30 00:00:00-05:00,52.189998626708984,52.459999084472656,51.7599983215332,52.27000045776367,46.89312744140625,3187500,0.0,0.0
2012-12-03 00:00:00-05:00,52.41999816894531,52.58000183105469,51.93000030517578,52.09000015258789,46.73163986206055,1359900,0.0,0.0
2012-12-04 00:00:00-05:00,52.189998626708984,52.5099983215332,51.650001525878906,51.65999984741211,46.34587097167969,2124100,0.0,0.0
2012-12-05 00:00:00-05:00,51.83000183105469,52.189998626708984,51.34000015258789,51.91999816894531,46.57913589477539,2407800,0.0,0.0
2012-12-06 00:00:00-05:00,51.95000076293945,52.540000915527344,51.86000061035156,52.5,47.09946060180664,1672600,0.0,0.0
2012-12-07 00:00:00-05:00,52.689998626708984,53.029998779296875,52.540000915527344,52.900001525878906,47.458316802978516,1218100,0.0,0.0
2012-12-10 00:00:00-05:00,52.369998931884766,53.11000061035156,52.09000015258789,52.93000030517578,47.4852180480957,2045000,0.0,0.0
2012-12-11 00:00:00-05:00,52.93000030517578,53.25,52.619998931884766,53.11000061035156,47.64671325683594,1727300,0.0,0.0
2012-12-12 00:00:00-05:00,53.25,54.310001373291016,53.189998626708984,53.959999084472656,48.409278869628906,2736500,0.0,0.0
2012-12-13 00:00:00-05:00,54.0099983215332,54.279998779296875,53.45000076293945,53.70000076293945,48.17603302001953,1443500,0.0,0.0
2012-12-14 00:00:00-05:00,53.43000030517578,53.58000183105469,52.880001068115234,53.02000045776367,47.56597900390625,1766400,0.0,0.0
2012-12-17 00:00:00-05:00,53.2400016784668,53.91999816894531,53.04999923706055,53.7599983215332,48.229854583740234,1267200,0.0,0.0
2012-12-18 00:00:00-05:00,53.84000015258789,54.529998779296875,53.529998779296875,54.4900016784668,48.8847541809082,3414400,0.0,0.0
2012-12-19 00:00:00-05:00,54.43000030517578,54.52000045776367,53.65999984741211,53.66999816894531,48.149105072021484,1194600,0.0,0.0
2012-12-20 00:00:00-05:00,53.779998779296875,54.18000030517578,53.63999938964844,54.16999816894531,48.597679138183594,1456000,0.0,0.0
2012-12-21 00:00:00-05:00,53.779998779296875,53.91999816894531,53.38999938964844,53.790000915527344,48.25676345825195,2129200,0.0,0.0
2012-12-24 00:00:00-05:00,53.54999923706055,53.97999954223633,53.34000015258789,53.790000915527344,48.25676345825195,515900,0.0,0.0
2012-12-26 00:00:00-05:00,53.790000915527344,54.310001373291016,53.439998626708984,53.599998474121094,48.0863037109375,1123400,0.0,0.0
2012-12-27 00:00:00-05:00,53.540000915527344,53.779998779296875,53.06999969482422,53.65999984741211,48.1401252746582,1685800,0.0,0.0
2012-12-28 00:00:00-05:00,53.29999923706055,53.59000015258789,52.83000183105469,52.849998474121094,47.413455963134766,997600,0.0,0.0
2012-12-31 00:00:00-05:00,52.84000015258789,53.5,52.529998779296875,53.459999084472656,47.96072006225586,1717000,0.0,0.0
2013-01-02 00:00:00-05:00,54.099998474121094,55.2400016784668,53.90999984741211,55.15999984741211,49.485836029052734,3763100,0.0,0.0
2013-01-03 00:00:00-05:00,54.9900016784668,55.0,54.220001220703125,54.349998474121094,48.7591552734375,2949400,0.0,0.0
2013-01-04 00:00:00-05:00,54.459999084472656,54.7599983215332,53.91999816894531,54.75,49.118011474609375,2127900,0.0,0.0
2013-01-07 00:00:00-05:00,54.560001373291016,55.13999938964844,54.5,54.939998626708984,49.28846740722656,2159300,0.0,0.0
2013-01-08 00:00:00-05:00,54.709999084472656,55.09000015258789,54.040000915527344,54.41999816894531,48.82196807861328,1820000,0.0,0.0
2013-01-09 00:00:00-05:00,54.439998626708984,54.709999084472656,54.25,54.630001068115234,49.01036071777344,2473700,0.0,0.0
2013-01-10 00:00:00-05:00,54.81999969482422,55.75,54.720001220703125,55.619998931884766,49.89850616455078,1488300,0.0,0.0
2013-01-11 00:00:00-05:00,55.720001220703125,55.75,55.2400016784668,55.599998474121094,49.88058090209961,2167700,0.0,0.0
2013-01-14 00:00:00-05:00,55.63999938964844,55.7400016784668,55.31999969482422,55.68000030517578,49.95234298706055,977700,0.0,0.0
2013-01-15 00:00:00-05:00,55.369998931884766,55.9900016784668,55.209999084472656,55.869998931884766,50.12279510498047,1781200,0.0,0.0
2013-01-16 00:00:00-05:00,55.72999954223633,55.72999954223633,55.279998779296875,55.529998779296875,49.817779541015625,1991700,0.0,0.0
2013-01-17 00:00:00-05:00,55.77000045776367,56.650001525878906,55.65999984741211,56.560001373291016,50.7418212890625,1899400,0.0,0.0
2013-01-18 00:00:00-05:00,56.709999084472656,56.709999084472656,56.16999816894531,56.33000183105469,50.53546905517578,1540000,0.0,0.0
2013-01-22 00:00:00-05:00,56.2599983215332,57.27000045776367,56.06999969482422,57.13999938964844,51.26215362548828,2155700,0.0,0.0
2013-01-23 00:00:00-05:00,57.0,57.380001068115234,56.61000061035156,57.380001068115234,51.477474212646484,1396300,0.0,0.0
2013-01-24 00:00:00-05:00,57.40999984741211,58.2400016784668,57.349998474121094,58.150001525878906,52.16826248168945,1309400,0.0,0.0
2013-01-25 00:00:00-05:00,58.20000076293945,58.47999954223633,57.810001373291016,58.47999954223633,52.46430969238281,2618500,0.0,0.0
2013-01-28 00:00:00-05:00,58.72999954223633,59.13999938964844,58.099998474121094,58.459999084472656,52.446372985839844,1990100,0.0,0.0
2013-01-29 00:00:00-05:00,58.27000045776367,59.13999938964844,58.189998626708984,58.77000045776367,52.7244873046875,1220900,0.0,0.0
2013-01-30 00:00:00-05:00,58.61000061035156,59.0,58.380001068115234,58.79999923706055,52.751399993896484,1600700,0.0,0.0
2013-01-31 00:00:00-05:00,58.61000061035156,58.7599983215332,58.220001220703125,58.34000015258789,52.338722229003906,1918800,0.0,0.0
2013-02-01 00:00:00-05:00,58.63999938964844,58.959999084472656,58.33000183105469,58.880001068115234,52.82316207885742,1300100,0.0,0.0
2013-02-04 00:00:00-05:00,58.59000015258789,59.08000183105469,58.279998779296875,58.349998474121094,52.34769058227539,1494200,0.0,0.0
2013-02-05 00:00:00-05:00,60.33000183105469,60.88999938964844,60.0099983215332,60.380001068115234,54.16886901855469,2955300,0.0,0.0
2013-02-06 00:00:00-05:00,60.0,60.33000183105469,59.31999969482422,59.66999816894531,53.53190231323242,2354100,0.0,0.0
2013-02-07 00:00:00-05:00,59.900001525878906,61.380001068115234,59.599998474121094,61.349998474121094,55.0390739440918,4577400,0.0,0.0
2013-02-08 00:00:00-05:00,61.70000076293945,62.220001220703125,61.0099983215332,61.93000030517578,55.55942916870117,1638500,0.0,0.0
2013-02-11 00:00:00-05:00,61.90999984741211,61.939998626708984,61.18000030517578,61.83000183105469,55.46971130371094,1486600,0.0,0.0
2013-02-12 00:00:00-05:00,61.869998931884766,62.150001525878906,61.68000030517578,61.97999954223633,55.604286193847656,1910100,0.0,0.0
2013-02-13 00:00:00-05:00,62.119998931884766,62.13999938964844,61.470001220703125,61.88999938964844,55.523529052734375,1729700,0.0,0.0
2013-02-14 00:00:00-05:00,61.75,61.900001525878906,61.310001373291016,61.45000076293945,55.12879180908203,1915000,0.0,0.0
2013-02-15 00:00:00-05:00,61.45000076293945,61.97999954223633,60.970001220703125,61.08000183105469,54.796852111816406,1584200,0.0,0.0
2013-02-19 00:00:00-05:00,56.97999954223633,60.66999816894531,55.970001220703125,60.43000030517578,54.213722229003906,4416300,0.0,0.0
2013-02-20 00:00:00-05:00,60.56999969482422,60.58000183105469,59.220001220703125,59.27000045776367,53.17304229736328,1876800,0.0,0.0
2013-02-21 00:00:00-05:00,59.18000030517578,59.790000915527344,58.689998626708984,59.16999816894531,53.083335876464844,1926400,0.0,0.0
2013-02-22 00:00:00-05:00,59.279998779296875,59.630001068115234,58.619998931884766,58.709999084472656,52.670658111572266,1283300,0.0,0.0
2013-02-25 00:00:00-05:00,58.810001373291016,59.209999084472656,57.630001068115234,57.63999938964844,51.710731506347656,2079600,0.0,0.0
2013-02-26 00:00:00-05:00,57.810001373291016,58.06999969482422,57.11000061035156,57.880001068115234,51.92603302001953,2299800,0.0,0.0
2013-02-27 00:00:00-05:00,57.7400016784668,59.06999969482422,57.7400016784668,58.97999954223633,52.91289520263672,1329800,0.0,0.0
2013-02-28 00:00:00-05:00,58.91999816894531,59.029998779296875,58.18000030517578,58.459999084472656,52.446372985839844,1616400,0.0,0.0
2013-03-01 00:00:00-05:00,58.2599983215332,58.599998474121094,57.529998779296875,58.2599983215332,52.266937255859375,1880200,0.0,0.0
2013-03-04 00:00:00-05:00,57.95000076293945,58.52000045776367,57.79999923706055,58.16999816894531,52.18620300292969,1645500,0.0,0.0
2013-03-05 00:00:00-05:00,58.29999923706055,59.439998626708984,58.02000045776367,59.38999938964844,53.28070068359375,3014800,0.0,0.0
2013-03-06 00:00:00-05:00,59.380001068115234,59.5,59.0,59.5,53.379398345947266,2258900,0.0,0.0
2013-03-07 00:00:00-05:00,59.5,59.75,58.88999938964844,58.939998626708984,52.87700653076172,1809400,0.0,0.0
2013-03-08 00:00:00-05:00,59.22999954223633,59.7400016784668,58.93000030517578,59.65999984741211,53.559288024902344,1268400,0.04,0.0
2013-03-11 00:00:00-04:00,59.86000061035156,60.66999816894531,59.650001525878906,60.56999969482422,54.376216888427734,1790800,0.0,0.0
2013-03-12 00:00:00-04:00,60.34000015258789,61.650001525878906,60.310001373291016,61.54999923706055,55.25601577758789,2606300,0.0,0.0
2013-03-13 00:00:00-04:00,61.40999984741211,62.11000061035156,61.33000183105469,62.04999923706055,55.70487976074219,1792800,0.0,0.0
2013-03-14 00:00:00-04:00,62.119998931884766,62.290000915527344,61.59000015258789,62.2599983215332,55.893402099609375,1533300,0.0,0.0
2013-03-15 00:00:00-04:00,62.029998779296875,62.77000045776367,61.540000915527344,62.630001068115234,56.2255744934082,2465600,0.0,0.0
2013-03-18 00:00:00-04:00,62.13999938964844,62.540000915527344,61.79999923706055,62.11000061035156,55.75874710083008,1877100,0.0,0.0
2013-03-19 00:00:00-04:00,62.400001525878906,62.65999984741211,61.849998474121094,62.209999084472656,55.84852981567383,1558700,0.0,0.0
2013-03-20 00:00:00-04:00,62.7400016784668,63.189998626708984,61.900001525878906,62.150001525878906,55.79465866088867,2225500,0.0,0.0
2013-03-21 00:00:00-04:00,61.900001525878906,62.13999938964844,61.5099983215332,61.7400016784668,55.42658615112305,2211800,0.0,0.0
2013-03-22 00:00:00-04:00,61.900001525878906,62.11000061035156,61.310001373291016,61.75,55.435569763183594,1376900,0.0,0.0
2013-03-25 00:00:00-04:00,61.90999984741211,62.470001220703125,61.470001220703125,61.61000061035156,55.30987548828125,1817100,0.0,0.0
2013-03-26 00:00:00-04:00,61.83000183105469,62.470001220703125,61.79999923706055,62.2400016784668,55.875457763671875,1243400,0.0,0.0
2013-03-27 00:00:00-04:00,62.029998779296875,62.63999938964844,61.869998931884766,62.52000045776367,56.126827239990234,1339800,0.0,0.0
2013-03-28 00:00:00-04:00,62.52000045776367,62.79999923706055,62.209999084472656,62.369998931884766,55.992149353027344,1641800,0.0,0.0
2013-04-01 00:00:00-04:00,62.310001373291016,63.41999816894531,61.880001068115234,62.90999984741211,56.4769401550293,2555500,0.0,0.0
2013-04-02 00:00:00-04:00,64.91000366210938,66.66999816894531,64.26000213623047,64.75,58.12879180908203,4447400,0.0,0.0
2013-04-03 00:00:00-04:00,64.33000183105469,65.19000244140625,63.38999938964844,63.61000061035156,57.1053581237793,2409500,0.0,0.0
2013-04-04 00:00:00-04:00,63.709999084472656,64.56999969482422,63.58000183105469,64.08000183105469,57.52730178833008,2822400,0.0,0.0
2013-04-05 00:00:00-04:00,63.40999984741211,64.5999984741211,63.40999984741211,64.54000091552734,57.94026184082031,2152800,0.0,0.0
2013-04-08 00:00:00-04:00,64.19999694824219,65.23999786376953,63.630001068115234,65.23999786376953,58.568687438964844,2109500,0.0,0.0
2013-04-09 00:00:00-04:00,65.47000122070312,65.5,64.83999633789062,64.93000030517578,58.29038619995117,1968600,0.0,0.0
2013-04-10 00:00:00-04:00,65.11000061035156,65.52999877929688,64.7300033569336,65.2699966430664,58.595611572265625,1129300,0.0,0.0
2013-04-11 00:00:00-04:00,65.38999938964844,65.91000366210938,65.27999877929688,65.9000015258789,59.161197662353516,1379400,0.0,0.0
2013-04-12 00:00:00-04:00,65.69999694824219,66.75,65.68000030517578,66.72000122070312,59.897342681884766,2020200,0.0,0.0
2013-04-15 00:00:00-04:00,66.4800033569336,66.94000244140625,65.16999816894531,65.16999816894531,58.50584030151367,2317400,0.0,0.0
2013-04-16 00:00:00-04:00,65.70999908447266,66.45999908447266,65.23999786376953,66.4000015258789,59.61007308959961,1583900,0.0,0.0
2013-04-17 00:00:00-04:00,66.02999877929688,66.08999633789062,64.5199966430664,64.87000274658203,58.23651123046875,2711500,0.0,0.0
2013-04-18 00:00:00-04:00,64.33999633789062,64.33999633789062,63.029998779296875,64.01000213623047,57.46446228027344,2424800,0.0,0.0
2013-04-19 00:00:00-04:00,64.37999725341797,65.19999694824219,64.04000091552734,65.1500015258789,58.48787307739258,1582800,0.0,0.0
2013-04-22 00:00:00-04:00,65.23999786376953,65.3499984741211,64.33000183105469,65.04000091552734,58.389137268066406,1150400,0.0,0.0
2013-04-23 00:00:00-04:00,65.37999725341797,65.95999908447266,64.83000183105469,65.63999938964844,58.92776870727539,1961500,0.0,0.0
2013-04-24 00:00:00-04:00,65.77999877929688,66.4800033569336,65.0999984741211,65.22000122070312,58.55072784423828,1783800,0.0,0.0
2013-04-25 00:00:00-04:00,65.58000183105469,66.18000030517578,65.54000091552734,65.72000122070312,58.99960708618164,1069400,0.0,0.0
2013-04-26 00:00:00-04:00,65.86000061035156,66.23999786376953,65.44000244140625,65.80999755859375,59.08039855957031,1147400,0.0,0.0
2013-04-29 00:00:00-04:00,65.83000183105469,66.13999938964844,65.69000244140625,66.06999969482422,59.31379699707031,1323700,0.0,0.0
2013-04-30 00:00:00-04:00,66.0,66.48999786376953,65.18000030517578,66.16999816894531,59.40358352661133,1648900,0.0,0.0
2013-05-01 00:00:00-04:00,66.19999694824219,66.91999816894531,65.33000183105469,65.37999725341797,58.69435501098633,1844300,0.0,0.0
2013-05-02 00:00:00-04:00,66.36000061035156,68.87000274658203,66.31999969482422,68.06999969482422,61.10927963256836,2982700,0.0,0.0
2013-05-03 00:00:00-04:00,68.43000030517578,68.48999786376953,66.91999816894531,67.12999725341797,60.26540756225586,2479000,0.0,0.0
2013-05-06 00:00:00-04:00,67.13999938964844,67.87999725341797,67.0,67.08999633789062,60.2294921875,1499200,0.0,0.0
2013-05-07 00:00:00-04:00,67.05000305175781,67.48999786376953,66.69999694824219,66.93000030517578,60.08586502075195,1760200,0.0,0.0
2013-05-08 00:00:00-04:00,66.93000030517578,68.37999725341797,66.93000030517578,68.37999725341797,61.38758850097656,1604500,0.0,0.0
2013-05-09 00:00:00-04:00,68.33000183105469,68.5,67.61000061035156,68.02999877929688,61.073368072509766,1373100,0.0,0.0
2013-05-10 00:00:00-04:00,68.13999938964844,68.81999969482422,67.77999877929688,68.81999969482422,61.78258514404297,1108000,0.0,0.0
2013-05-13 00:00:00-04:00,68.6500015258789,69.05999755859375,68.13999938964844,69.02999877929688,61.97111129760742,1300300,0.0,0.0
2013-05-14 00:00:00-04:00,68.36000061035156,68.36000061035156,67.5999984741211,67.87999725341797,60.93871307373047,2412600,0.0,0.0
2013-05-15 00:00:00-04:00,67.93000030517578,68.31999969482422,67.30999755859375,68.0999984741211,61.1362190246582,1546600,0.0,0.0
2013-05-16 00:00:00-04:00,67.93000030517578,68.23999786376953,67.29000091552734,67.36000061035156,60.471900939941406,1359200,0.0,0.0
2013-05-17 00:00:00-04:00,67.44000244140625,68.05000305175781,67.44000244140625,67.9000015258789,60.95668029785156,1543900,0.0,0.0
2013-05-20 00:00:00-04:00,67.77999877929688,67.8499984741211,66.80999755859375,66.91999816894531,60.076873779296875,1368200,0.0,0.0
2013-05-21 00:00:00-04:00,66.88999938964844,67.91999816894531,66.88999938964844,67.5999984741211,60.68736267089844,2138700,0.0,0.0
2013-05-22 00:00:00-04:00,67.87999725341797,69.19999694824219,67.48999786376953,67.95999908447266,61.010528564453125,3136600,0.0,0.0
2013-05-23 00:00:00-04:00,67.5199966430664,68.16999816894531,66.87999725341797,67.91999816894531,60.97462463378906,1832500,0.0,0.0
2013-05-24 00:00:00-04:00,67.52999877929688,67.69999694824219,66.83000183105469,67.2300033569336,60.35519027709961,2344600,0.0,0.0
2013-05-28 00:00:00-04:00,67.91999816894531,69.55999755859375,67.91999816894531,69.06999969482422,62.007041931152344,1974500,0.0,0.0
2013-05-29 00:00:00-04:00,68.63999938964844,69.02999877929688,68.19999694824219,68.8499984741211,61.80954360961914,1240600,0.0,0.0
2013-05-30 00:00:00-04:00,68.91000366210938,69.87000274658203,68.5999984741211,69.75,62.617496490478516,924200,0.0,0.0
2013-05-31 00:00:00-04:00,69.44999694824219,69.6500015258789,67.9000015258789,67.9000015258789,60.95668029785156,1279700,0.0,0.0
2013-06-03 00:00:00-04:00,68.0199966430664,68.08000183105469,66.30999755859375,66.94000244140625,60.094852447509766,2010700,0.0,0.0
2013-06-04 00:00:00-04:00,66.91000366210938,67.6500015258789,66.75,67.5199966430664,60.615535736083984,1731300,0.0,0.0
2013-06-05 00:00:00-04:00,67.30000305175781,67.6500015258789,65.7699966430664,65.97000122070312,59.224037170410156,1726500,0.0,0.0
2013-06-06 00:00:00-04:00,65.97000122070312,66.97000122070312,65.54000091552734,66.95999908447266,60.11278533935547,1050900,0.0,0.0
2013-06-07 00:00:00-04:00,67.5,68.88999938964844,67.41000366210938,68.44999694824219,61.4504280090332,1404900,0.0,0.0
2013-06-10 00:00:00-04:00,68.54000091552734,69.19000244140625,68.52999877929688,69.0,61.944210052490234,1134200,0.0,0.0
2013-06-11 00:00:00-04:00,69.0999984741211,70.44999694824219,68.4000015258789,69.94999694824219,62.797035217285156,2952700,0.0,0.0
2013-06-12 00:00:00-04:00,70.13999938964844,70.37999725341797,69.41999816894531,69.44000244140625,62.33919143676758,1337900,0.0,0.0
2013-06-13 00:00:00-04:00,69.29000091552734,69.52999877929688,68.06999969482422,69.43000030517578,62.3302116394043,2100900,0.0,0.0
2013-06-14 00:00:00-04:00,68.94000244140625,69.5,68.13999938964844,68.16000366210938,61.19007873535156,1772700,0.0,0.0
2013-06-17 00:00:00-04:00,68.62000274658203,69.02999877929688,67.87000274658203,68.27999877929688,61.297821044921875,1777000,0.0,0.0
2013-06-18 00:00:00-04:00,68.20999908447266,69.77999877929688,68.05000305175781,69.66000366210938,62.536720275878906,1636000,0.0,0.0
2013-06-19 00:00:00-04:00,69.75,69.93000030517578,68.93000030517578,68.93000030517578,61.881351470947266,1561500,0.0,0.0
2013-06-20 00:00:00-04:00,68.45999908447266,70.02999877929688,68.0199966430664,69.23999786376953,62.15965270996094,3062500,0.0,0.0
2013-06-21 00:00:00-04:00,69.94000244140625,71.4000015258789,69.79000091552734,71.04000091552734,63.77558898925781,3838900,0.0,0.0
2013-06-24 00:00:00-04:00,70.62999725341797,71.9000015258789,70.29000091552734,70.83999633789062,63.59602355957031,4413700,0.0,0.0
2013-06-25 00:00:00-04:00,71.23999786376953,71.33999633789062,70.36000061035156,70.66999816894531,63.44340896606445,2426000,0.0,0.0
2013-06-26 00:00:00-04:00,71.29000091552734,71.69999694824219,70.69999694824219,71.37000274658203,64.07184600830078,1829600,0.0,0.0
2013-06-27 00:00:00-04:00,71.66999816894531,72.80999755859375,71.63999938964844,72.55999755859375,65.14012908935547,1850700,0.0,0.0
2013-06-28 00:00:00-04:00,72.41000366210938,73.12999725341797,72.29000091552734,72.48999786376953,65.0772933959961,1865400,0.0,0.0
2013-07-01 00:00:00-04:00,73.16999816894531,73.58999633789062,72.54000091552734,72.80999755859375,65.3646011352539,1753800,0.0,0.0
2013-07-02 00:00:00-04:00,72.61000061035156,72.81999969482422,71.9000015258789,72.12000274658203,64.74515533447266,1765900,0.0,0.0
2013-07-03 00:00:00-04:00,71.55000305175781,72.94000244140625,71.12000274658203,72.91999816894531,65.46331787109375,1086400,0.0,0.0
2013-07-05 00:00:00-04:00,72.95999908447266,73.94999694824219,72.69999694824219,73.94000244140625,66.37903594970703,1263800,0.0,0.0
2013-07-08 00:00:00-04:00,74.20999908447266,74.6500015258789,73.58999633789062,73.83000183105469,66.28030395507812,1808300,0.0,0.0
2013-07-09 00:00:00-04:00,74.08000183105469,74.98999786376953,73.83999633789062,74.6500015258789,67.01644897460938,1784200,0.0,0.0
2013-07-10 00:00:00-04:00,74.66000366210938,75.44999694824219,74.58999633789062,74.87999725341797,67.22290802001953,1525200,0.0,0.0
2013-07-11 00:00:00-04:00,75.70999908447266,76.47000122070312,75.2699966430664,76.13999938964844,68.35407257080078,1986200,0.0,0.0
2013-07-12 00:00:00-04:00,76.69999694824219,76.7699966430664,75.6500015258789,76.02999877929688,68.25533294677734,1334600,0.0,0.0
2013-07-15 00:00:00-04:00,75.86000061035156,76.29000091552734,75.73999786376953,75.88999938964844,68.129638671875,1179900,0.0,0.0
2013-07-16 00:00:00-04:00,75.83000183105469,75.86000061035156,74.4800033569336,74.94999694824219,67.28573608398438,1615500,0.0,0.0
2013-07-17 00:00:00-04:00,75.33999633789062,76.1500015258789,75.25,75.48999786376953,67.77052307128906,1239100,0.0,0.0
2013-07-18 00:00:00-04:00,76.02999877929688,78.68000030517578,76.02999877929688,77.55000305175781,69.61988067626953,1730200,0.0,0.0
2013-07-19 00:00:00-04:00,77.70999908447266,77.87999725341797,76.62999725341797,77.83999633789062,69.88021087646484,991600,0.0,0.0
2013-07-22 00:00:00-04:00,77.83999633789062,78.87000274658203,77.55000305175781,78.4000015258789,70.3829574584961,952600,0.0,0.0
2013-07-23 00:00:00-04:00,78.54000091552734,78.80000305175781,77.9800033569336,78.16000366210938,70.1675033569336,1144600,0.0,0.0
2013-07-24 00:00:00-04:00,78.54000091552734,79.25,77.80999755859375,78.11000061035156,70.12260437011719,1347500,0.0,0.0
2013-07-25 00:00:00-04:00,77.86000061035156,78.0999984741211,77.30000305175781,78.0,70.02385711669922,1042800,0.0,0.0
2013-07-26 00:00:00-04:00,77.56999969482422,78.19999694824219,76.73999786376953,77.56999969482422,69.6378402709961,1308600,0.0,0.0
2013-07-29 00:00:00-04:00,77.48999786376953,77.77999877929688,77.05999755859375,77.19999694824219,69.30567932128906,881200,0.0,0.0
2013-07-30 00:00:00-04:00,77.66000366210938,77.73999786376953,76.06999969482422,76.44999694824219,68.63236999511719,1792200,0.0,0.0
2013-07-31 00:00:00-04:00,76.29000091552734,78.6500015258789,76.25,77.83000183105469,69.87124633789062,1832100,0.0,0.0
2013-08-01 00:00:00-04:00,78.05999755859375,78.48999786376953,76.16999816894531,77.2699966430664,69.3685302734375,2298600,0.0,0.0
2013-08-02 00:00:00-04:00,77.13999938964844,77.55000305175781,76.54000091552734,77.30000305175781,69.39544677734375,1382200,0.0,0.0
2013-08-05 00:00:00-04:00,77.19000244140625,78.47000122070312,76.62999725341797,77.83999633789062,69.88021087646484,1352500,0.0,0.0
2013-08-06 00:00:00-04:00,77.63999938964844,77.94000244140625,76.73999786376953,77.76000213623047,69.80840301513672,1943600,0.0,0.0
2013-08-07 00:00:00-04:00,77.72000122070312,78.23999786376953,77.47000122070312,77.81999969482422,69.8622817993164,1657400,0.0,0.0
2013-08-08 00:00:00-04:00,78.52999877929688,79.12000274658203,77.86000061035156,78.66999816894531,70.6253433227539,1345500,0.0,0.0
2013-08-09 00:00:00-04:00,78.9000015258789,79.25,77.95999908447266,78.44000244140625,70.41889190673828,1186700,0.0,0.0
2013-08-12 00:00:00-04:00,78.08999633789062,78.54000091552734,77.55999755859375,78.48999786376953,70.46377563476562,1316000,0.0,0.0
2013-08-13 00:00:00-04:00,78.79000091552734,79.33000183105469,77.66999816894531,78.97000122070312,70.89469146728516,1196800,0.0,0.0
2013-08-14 00:00:00-04:00,78.75,78.91000366210938,77.87999725341797,77.98999786376953,70.01487731933594,1001200,0.0,0.0
2013-08-15 00:00:00-04:00,77.37999725341797,78.05999755859375,75.79000091552734,76.70999908447266,68.86578369140625,1361700,0.0,0.0
2013-08-16 00:00:00-04:00,76.52999877929688,77.98999786376953,76.5,77.36000061035156,69.44931030273438,1159100,0.0,0.0
2013-08-19 00:00:00-04:00,77.30999755859375,77.88999938964844,77.30999755859375,77.43000030517578,69.51213836669922,860300,0.0,0.0
2013-08-20 00:00:00-04:00,77.33999633789062,78.77999877929688,77.16000366210938,78.56999969482422,70.53557586669922,1140200,0.0,0.0
2013-08-21 00:00:00-04:00,78.44000244140625,78.45999908447266,77.41999816894531,77.83999633789062,69.88021087646484,986100,0.0,0.0
2013-08-22 00:00:00-04:00,78.01000213623047,79.44999694824219,77.91000366210938,79.08000183105469,70.9934310913086,784300,0.0,0.0
2013-08-23 00:00:00-04:00,78.98999786376953,79.44999694824219,78.76000213623047,79.33000183105469,71.21788024902344,734700,0.0,0.0
2013-08-26 00:00:00-04:00,79.44000244140625,79.98999786376953,79.0,79.52999877929688,71.39743041992188,978100,0.0,0.0
2013-08-27 00:00:00-04:00,78.98999786376953,79.02999877929688,77.98999786376953,78.22000122070312,70.22135925292969,1298000,0.0,0.0
2013-08-28 00:00:00-04:00,78.08999633789062,78.75,77.77999877929688,78.44999694824219,70.42784118652344,1533100,0.0,0.0
2013-08-29 00:00:00-04:00,78.11000061035156,79.62000274658203,78.04000091552734,79.04000091552734,70.95751953125,859200,0.0,0.0
2013-08-30 00:00:00-04:00,79.33000183105469,79.58999633789062,78.41000366210938,78.69000244140625,70.64330291748047,1135000,0.0,0.0
2013-09-03 00:00:00-04:00,79.44999694824219,80.0,78.83999633789062,79.45999908447266,71.33457946777344,1301600,0.0,0.0
2013-09-04 00:00:00-04:00,79.30000305175781,80.44999694824219,78.91999816894531,80.33999633789062,72.12456512451172,1184100,0.0,0.0
2013-09-05 00:00:00-04:00,80.30999755859375,81.75,80.30999755859375,81.25,72.9415283203125,1479000,0.0,0.0
2013-09-06 00:00:00-04:00,81.38999938964844,81.66000366210938,79.94999694824219,80.83000183105469,72.56448364257812,1275300,0.0,0.0
2013-09-09 00:00:00-04:00,80.88999938964844,81.27999877929688,80.51000213623047,80.66999816894531,72.42085266113281,1294100,0.0,0.0
2013-09-10 00:00:00-04:00,80.93000030517578,81.75,80.83000183105469,81.69000244140625,73.33654022216797,946100,0.0,0.0
2013-09-11 00:00:00-04:00,81.73999786376953,82.62000274658203,81.55999755859375,82.30000305175781,73.88417053222656,1226900,0.0,0.0
2013-09-12 00:00:00-04:00,82.47000122070312,83.18000030517578,82.19999694824219,82.66999816894531,74.21634674072266,997100,0.0,0.0
2013-09-13 00:00:00-04:00,83.05999755859375,84.13999938964844,83.05000305175781,83.6500015258789,75.09610748291016,1034700,0.0,0.0
2013-09-16 00:00:00-04:00,84.30000305175781,84.68000030517578,83.80999755859375,84.2699966430664,75.65272521972656,1161400,0.0,0.0
2013-09-17 00:00:00-04:00,84.25,84.2699966430664,83.19999694824219,83.72000122070312,75.1589584350586,1004200,0.0,0.0
2013-09-18 00:00:00-04:00,83.61000061035156,84.0,80.36000061035156,81.25,72.9415283203125,4582900,0.0,0.0
2013-09-19 00:00:00-04:00,81.25,81.43000030517578,76.83000183105469,77.72000122070312,69.77250671386719,4910400,0.0,0.0
2013-09-20 00:00:00-04:00,77.83999633789062,79.48999786376953,77.7300033569336,78.58999633789062,70.55351257324219,3270300,0.0,0.0
2013-09-23 00:00:00-04:00,78.18000030517578,78.55999755859375,76.58999633789062,78.23999786376953,70.23933410644531,2458000,0.0,0.0
2013-09-24 00:00:00-04:00,78.38999938964844,79.0999984741211,77.7300033569336,78.30999755859375,70.30218505859375,1640000,0.0,0.0
2013-09-25 00:00:00-04:00,78.5199966430664,78.83999633789062,78.02999877929688,78.31999969482422,70.31116485595703,1107400,0.0,0.0
2013-09-26 00:00:00-04:00,78.58000183105469,79.16000366210938,77.33000183105469,78.04000091552734,70.05979919433594,1546700,0.0,0.0
2013-09-27 00:00:00-04:00,77.62999725341797,78.0999984741211,77.37999725341797,77.6500015258789,69.70965576171875,1076700,0.0,0.0
2013-09-30 00:00:00-04:00,77.05999755859375,77.12999725341797,76.30999755859375,76.86000061035156,69.00044250488281,2021000,0.0,0.0
2013-10-01 00:00:00-04:00,76.9000015258789,78.88999938964844,76.73999786376953,78.55000305175781,70.51765441894531,1408300,0.0,0.0
2013-10-02 00:00:00-04:00,78.19000244140625,78.55999755859375,77.47000122070312,78.41999816894531,70.40092468261719,1286400,0.0,0.0
2013-10-03 00:00:00-04:00,78.16999816894531,78.5,77.76000213623047,78.0999984741211,70.11363983154297,1445300,0.0,0.0
2013-10-04 00:00:00-04:00,78.12999725341797,79.72000122070312,77.91000366210938,79.2300033569336,71.12809753417969,1786800,0.0,0.0
2013-10-07 00:00:00-04:00,78.44000244140625,78.83999633789062,78.12999725341797,78.13999938964844,70.1495361328125,987800,0.0,0.0
2013-10-08 00:00:00-04:00,78.02999877929688,78.20999908447266,77.37999725341797,77.4000015258789,69.48523712158203,1379600,0.0,0.0
2013-10-09 00:00:00-04:00,77.47000122070312,77.80999755859375,77.0199966430664,77.18000030517578,69.2877197265625,1251300,0.0,0.0
2013-10-10 00:00:00-04:00,77.87999725341797,79.51000213623047,77.77999877929688,79.08000183105469,70.9934310913086,1379700,0.0,0.0
2013-10-11 00:00:00-04:00,79.05999755859375,79.86000061035156,78.7300033569336,79.5999984741211,71.46025085449219,1083200,0.0,0.0
2013-10-14 00:00:00-04:00,79.13999938964844,79.61000061035156,78.62000274658203,79.25,71.14604187011719,1375600,0.0,0.0
2013-10-15 00:00:00-04:00,79.06999969482422,79.45999908447266,78.0999984741211,78.1500015258789,70.15851593017578,1370200,0.0,0.0
2013-10-16 00:00:00-04:00,78.83000183105469,80.51000213623047,78.6500015258789,80.47000122070312,72.24127960205078,1564500,0.0,0.0
2013-10-17 00:00:00-04:00,79.55999755859375,79.55999755859375,77.45999908447266,77.4800033569336,69.55702209472656,3150300,0.0,0.0
2013-10-18 00:00:00-04:00,77.47000122070312,77.5999984741211,74.45999908447266,74.94999694824219,67.28573608398438,4564400,0.0,0.0
2013-10-21 00:00:00-04:00,74.77999877929688,76.19999694824219,74.1500015258789,75.94999694824219,68.18350982666016,1981600,0.0,0.0
2013-10-22 00:00:00-04:00,76.0999984741211,77.41000366210938,76.0999984741211,76.47000122070312,68.65032196044922,1255600,0.0,0.0
2013-10-23 00:00:00-04:00,76.3499984741211,76.37999725341797,73.7300033569336,73.9000015258789,66.3431396484375,2680100,0.0,0.0
2013-10-24 00:00:00-04:00,74.26000213623047,74.58999633789062,72.63999938964844,73.16999816894531,65.68778228759766,2122400,0.0,0.0
2013-10-25 00:00:00-04:00,73.06999969482422,74.0199966430664,72.79000091552734,73.9000015258789,66.3431396484375,2100700,0.0,0.0
2013-10-28 00:00:00-04:00,74.0999984741211,74.58000183105469,73.7300033569336,74.2300033569336,66.639404296875,1621000,0.0,0.0
2013-10-29 00:00:00-04:00,74.13999938964844,74.4000015258789,73.68000030517578,74.30000305175781,66.70222473144531,1768000,0.0,0.0
2013-10-30 00:00:00-04:00,74.44000244140625,75.55000305175781,74.44000244140625,74.63999938964844,67.0074462890625,2264200,0.0,0.0
2013-10-31 00:00:00-04:00,76.88999938964844,78.41000366210938,75.56999969482422,76.9800033569336,69.10816955566406,3201300,0.0,0.0
2013-11-01 00:00:00-04:00,76.98999786376953,78.5,76.61000061035156,78.37999725341797,70.36499786376953,2513800,0.0,0.0
2013-11-04 00:00:00-05:00,78.76000213623047,79.63999938964844,78.4000015258789,79.61000061035156,71.46923828125,1806800,0.0,0.0
2013-11-05 00:00:00-05:00,79.12999725341797,80.44000244140625,78.79000091552734,79.51000213623047,71.37946319580078,3954900,0.0,0.0
2013-11-06 00:00:00-05:00,79.61000061035156,81.13999938964844,79.30000305175781,80.41000366210938,72.18741607666016,1287200,0.0,0.0
2013-11-07 00:00:00-05:00,80.7300033569336,81.13999938964844,79.22000122070312,79.27999877929688,71.1729507446289,1420000,0.0,0.0
2013-11-08 00:00:00-05:00,79.43000030517578,80.69000244140625,79.29000091552734,80.68000030517578,72.42980194091797,1434800,0.0,0.0
2013-11-11 00:00:00-05:00,80.7699966430664,81.3499984741211,80.61000061035156,81.11000061035156,72.81582641601562,741800,0.0,0.0
2013-11-12 00:00:00-05:00,80.98999786376953,81.25,80.58000183105469,81.0999984741211,72.80686950683594,1066900,0.0,0.0
2013-11-13 00:00:00-05:00,81.08999633789062,82.19999694824219,80.98999786376953,82.16999816894531,73.76744079589844,1703200,0.0,0.0
2013-11-14 00:00:00-05:00,82.19000244140625,83.05000305175781,82.05999755859375,83.02999877929688,74.53950500488281,1430300,0.0,0.0
2013-11-15 00:00:00-05:00,82.91000366210938,83.66000366210938,82.79000091552734,83.63999938964844,75.08715057373047,1352300,0.0,0.0
2013-11-18 00:00:00-05:00,83.69999694824219,84.25,83.52999877929688,84.11000061035156,75.50907897949219,918900,0.0,0.0
2013-11-19 00:00:00-05:00,84.44999694824219,84.80000305175781,84.18000030517578,84.6500015258789,75.99383544921875,1304400,0.0,0.0
2013-11-20 00:00:00-05:00,84.77999877929688,86.44999694824219,84.5199966430664,85.81999969482422,77.04421997070312,1801100,0.0,0.0
2013-11-21 00:00:00-05:00,86.4000015258789,87.41999816894531,85.68000030517578,85.7300033569336,76.96341705322266,1714300,0.0,0.0
2013-11-22 00:00:00-05:00,85.73999786376953,86.87000274658203,85.58000183105469,86.62000274658203,77.76241302490234,1561200,0.0,0.0
2013-11-25 00:00:00-05:00,86.76000213623047,88.33999633789062,86.5199966430664,88.18000030517578,79.16288757324219,1477700,0.0,0.0
2013-11-26 00:00:00-05:00,88.02999877929688,88.56999969482422,87.77999877929688,87.94999694824219,78.95638275146484,1585200,0.0,0.0
2013-11-27 00:00:00-05:00,88.19999694824219,88.36000061035156,87.79000091552734,88.0199966430664,79.01921844482422,996700,0.0,0.0
2013-11-29 00:00:00-05:00,88.44000244140625,88.48999786376953,87.33999633789062,87.44999694824219,78.50753784179688,689100,0.0,0.0
2013-12-02 00:00:00-05:00,87.37000274658203,88.08999633789062,87.01000213623047,87.16999816894531,78.25614166259766,1321200,0.0,0.0
2013-12-03 00:00:00-05:00,86.86000061035156,87.04000091552734,86.01000213623047,86.16000366210938,77.34947204589844,1760600,0.0,0.0
2013-12-04 00:00:00-05:00,85.9000015258789,86.83000183105469,85.08999633789062,85.94999694824219,77.1609115600586,1314700,0.0,0.0
2013-12-05 00:00:00-05:00,85.87000274658203,85.91999816894531,84.2300033569336,84.31999969482422,75.69760131835938,1174000,0.0,0.0
2013-12-06 00:00:00-05:00,85.31999969482422,86.62999725341797,85.20999908447266,86.5,77.6546630859375,1362600,0.0,0.0
2013-12-09 00:00:00-05:00,87.51000213623047,87.93000030517578,86.91999816894531,87.1500015258789,78.23821258544922,1394900,0.0,0.0
2013-12-10 00:00:00-05:00,86.80999755859375,87.01000213623047,86.08000183105469,86.0999984741211,77.29556274414062,1258600,0.0,0.0
2013-12-11 00:00:00-05:00,85.97000122070312,86.48999786376953,84.8499984741211,85.12999725341797,76.42475891113281,1865900,0.0,0.0
2013-12-12 00:00:00-05:00,84.86000061035156,85.31999969482422,84.0199966430664,84.27999877929688,75.66165924072266,1525500,0.0,0.0
2013-12-13 00:00:00-05:00,84.55999755859375,85.26000213623047,83.16000366210938,83.25,74.73702239990234,1141600,0.0,0.0
2013-12-16 00:00:00-05:00,84.05999755859375,84.44999694824219,83.0199966430664,83.94999694824219,75.36544036865234,1329500,0.0,0.0
2013-12-17 00:00:00-05:00,84.1500015258789,84.18000030517578,83.5199966430664,83.77999877929688,75.21281433105469,1366700,0.0,0.0
2013-12-18 00:00:00-05:00,83.98999786376953,85.05000305175781,83.16000366210938,85.04000091552734,76.34395599365234,1086700,0.0,0.0
2013-12-19 00:00:00-05:00,84.63999938964844,85.37999725341797,83.9800033569336,85.31999969482422,76.5953369140625,1122900,0.0,0.0
2013-12-20 00:00:00-05:00,85.48999786376953,85.72000122070312,84.72000122070312,85.25,76.5324935913086,2148200,0.0,0.0
2013-12-23 00:00:00-05:00,85.80000305175781,86.18000030517578,85.47000122070312,85.98999786376953,77.19681549072266,713900,0.0,0.0
2013-12-24 00:00:00-05:00,86.16999816894531,86.55000305175781,85.83000183105469,86.16999816894531,77.35840606689453,246600,0.0,0.0
2013-12-26 00:00:00-05:00,86.30999755859375,86.9800033569336,86.20999908447266,86.80999755859375,77.93297576904297,386100,0.0,0.0
2013-12-27 00:00:00-05:00,86.8499984741211,87.2300033569336,86.41999816894531,86.52999877929688,77.68161010742188,365900,0.0,0.0
2013-12-30 00:00:00-05:00,86.52999877929688,86.75,85.72000122070312,86.61000061035156,77.75344848632812,871600,0.0,0.0
2013-12-31 00:00:00-05:00,86.69000244140625,87.7300033569336,86.43000030517578,87.4800033569336,78.53445434570312,770200,0.0,0.0
2014-01-02 00:00:00-05:00,86.98999786376953,87.44999694824219,86.19000244140625,86.19999694824219,77.38533782958984,1021700,0.0,0.0
2014-01-03 00:00:00-05:00,86.29000091552734,87.0,86.08000183105469,86.4000015258789,77.56489562988281,855400,0.0,0.0
2014-01-06 00:00:00-05:00,86.80999755859375,86.8499984741211,86.08000183105469,86.12999725341797,77.322509765625,1185500,0.0,0.0
2014-01-07 00:00:00-05:00,86.29000091552734,88.55999755859375,86.29000091552734,88.3499984741211,79.31549835205078,1468000,0.0,0.0
2014-01-08 00:00:00-05:00,88.25,88.3499984741211,87.73999786376953,87.91000366210938,78.92047882080078,1421600,0.0,0.0
2014-01-09 00:00:00-05:00,87.94999694824219,90.51000213623047,87.94999694824219,90.05000305175781,80.84166717529297,1980900,0.0,0.0
2014-01-10 00:00:00-05:00,90.41000366210938,90.62999725341797,88.77999877929688,89.20999908447266,80.08756256103516,1055800,0.0,0.0
2014-01-13 00:00:00-05:00,88.93000030517578,89.81999969482422,88.7300033569336,88.77999877929688,79.70152282714844,959600,0.0,0.0
2014-01-14 00:00:00-05:00,88.7300033569336,89.83999633789062,88.55999755859375,89.48999786376953,80.33889770507812,867100,0.0,0.0
2014-01-15 00:00:00-05:00,89.63999938964844,90.0199966430664,89.33999633789062,89.86000061035156,80.67108154296875,1298200,0.0,0.0
2014-01-16 00:00:00-05:00,89.5,89.66000366210938,88.58999633789062,88.81999969482422,79.7374496459961,1537800,0.0,0.0
2014-01-17 00:00:00-05:00,89.08000183105469,89.62999725341797,88.20999908447266,89.45999908447266,80.31197357177734,996800,0.0,0.0
2014-01-21 00:00:00-05:00,89.80999755859375,90.55000305175781,89.36000061035156,90.12999725341797,80.91345977783203,1207300,0.0,0.0
2014-01-22 00:00:00-05:00,90.3499984741211,90.4800033569336,89.29000091552734,89.66000366210938,80.49156951904297,968200,0.0,0.0
2014-01-23 00:00:00-05:00,88.72000122070312,89.62000274658203,88.62999725341797,89.54000091552734,80.3838119506836,1122800,0.0,0.0
2014-01-24 00:00:00-05:00,89.41000366210938,89.44000244140625,86.5,86.69999694824219,77.834228515625,1566500,0.0,0.0
2014-01-27 00:00:00-05:00,86.55000305175781,87.75,86.12999725341797,87.0,78.10355377197266,1310400,0.0,0.0
2014-01-28 00:00:00-05:00,86.95999908447266,87.4800033569336,85.9000015258789,85.94000244140625,77.15193939208984,1535000,0.0,0.0
2014-01-29 00:00:00-05:00,85.4800033569336,87.43000030517578,84.75,85.87999725341797,77.09806060791016,1425600,0.0,0.0
2014-01-30 00:00:00-05:00,86.62000274658203,88.05000305175781,86.58999633789062,87.6500015258789,78.68705749511719,984100,0.0,0.0
2014-01-31 00:00:00-05:00,86.69999694824219,87.12999725341797,85.9800033569336,86.30999755859375,77.48411560058594,1421300,0.0,0.0
2014-02-03 00:00:00-05:00,86.45999908447266,86.66000366210938,84.44999694824219,84.5199966430664,75.87714385986328,1367700,0.0,0.0
2014-02-04 00:00:00-05:00,84.75,85.01000213623047,83.68000030517578,84.94999694824219,76.26318359375,1090100,0.0,0.0
2014-02-05 00:00:00-05:00,84.2300033569336,85.7300033569336,84.11000061035156,85.06999969482422,76.37089538574219,1493600,0.0,0.0
2014-02-06 00:00:00-05:00,85.51000213623047,85.56999969482422,84.68000030517578,85.37000274658203,76.64022064208984,1552000,0.0,0.0
2014-02-07 00:00:00-05:00,80.11000061035156,80.93000030517578,76.12999725341797,77.47000122070312,69.54806518554688,8994700,0.0,0.0
2014-02-10 00:00:00-05:00,77.44999694824219,77.47000122070312,76.29000091552734,76.73999786376953,68.89271545410156,4078200,0.0,0.0
2014-02-11 00:00:00-05:00,76.69999694824219,77.73999786376953,76.37000274658203,77.22000122070312,69.32361602783203,4185700,0.0,0.0
2014-02-12 00:00:00-05:00,77.38999938964844,77.62999725341797,75.68000030517578,75.94000244140625,68.1745376586914,3877600,0.0,0.0
2014-02-13 00:00:00-05:00,75.69999694824219,76.44000244140625,75.37000274658203,76.13999938964844,68.35407257080078,4297700,0.0,0.0
2014-02-14 00:00:00-05:00,75.98999786376953,78.11000061035156,75.94000244140625,77.70999908447266,69.7635269165039,4840900,0.0,0.0
2014-02-18 00:00:00-05:00,77.86000061035156,78.66000366210938,77.55999755859375,77.58999633789062,69.65579986572266,3107900,0.0,0.0
2014-02-19 00:00:00-05:00,77.5,77.83999633789062,76.37000274658203,76.44000244140625,68.62339782714844,2027500,0.0,0.0
2014-02-20 00:00:00-05:00,76.76000213623047,77.58000183105469,76.4800033569336,77.0999984741211,69.21589660644531,3099400,0.0,0.0
2014-02-21 00:00:00-05:00,76.68000030517578,78.27999877929688,76.68000030517578,77.33999633789062,69.43135070800781,2497000,0.0,0.0
2014-02-24 00:00:00-05:00,77.0999984741211,79.62999725341797,77.0199966430664,79.19000244140625,71.0921630859375,3548400,0.0,0.0
2014-02-25 00:00:00-05:00,79.0,79.16999816894531,77.8499984741211,78.16000366210938,70.1675033569336,2112300,0.0,0.0
2014-02-26 00:00:00-05:00,78.02999877929688,78.56999969482422,77.41999816894531,78.0199966430664,70.04181671142578,1380300,0.0,0.0
2014-02-27 00:00:00-05:00,78.19999694824219,78.4800033569336,77.48999786376953,77.80000305175781,69.84431457519531,1256500,0.0,0.0
2014-02-28 00:00:00-05:00,77.87999725341797,80.04000091552734,77.6500015258789,79.58999633789062,71.4512710571289,2567900,0.0,0.0
2014-03-03 00:00:00-05:00,78.7699966430664,79.33999633789062,78.16999816894531,78.61000061035156,70.57149505615234,1578900,0.0,0.0
2014-03-04 00:00:00-05:00,79.20999908447266,79.9000015258789,79.08999633789062,79.70999908447266,71.55902099609375,1654500,0.0,0.0
2014-03-05 00:00:00-05:00,79.80999755859375,80.0,78.95999908447266,79.7300033569336,71.57695007324219,1401200,0.0,0.0
2014-03-06 00:00:00-05:00,80.0,80.27999877929688,79.0199966430664,79.06999969482422,70.9844741821289,1454600,0.0,0.0
2014-03-07 00:00:00-05:00,79.33000183105469,79.5199966430664,78.68000030517578,79.05000305175781,70.96650695800781,1477000,0.0,0.0
2014-03-10 00:00:00-04:00,78.79000091552734,79.70999908447266,78.56999969482422,79.66000366210938,71.5503158569336,1441700,0.04,0.0
2014-03-11 00:00:00-04:00,79.68000030517578,80.47000122070312,79.6500015258789,79.95999908447266,71.81978607177734,1823800,0.0,0.0
2014-03-12 00:00:00-04:00,79.06999969482422,79.76000213623047,78.9000015258789,79.30000305175781,71.22698974609375,2654900,0.0,0.0
2014-03-13 00:00:00-04:00,79.62999725341797,79.77999877929688,77.66999816894531,77.68000030517578,69.77190399169922,2587000,0.0,0.0
2014-03-14 00:00:00-04:00,77.72000122070312,77.97000122070312,76.41000366210938,76.55000305175781,68.75694274902344,2504600,0.0,0.0
2014-03-17 00:00:00-04:00,76.91999816894531,77.93000030517578,76.62999725341797,77.77999877929688,69.86170959472656,2099100,0.0,0.0
2014-03-18 00:00:00-04:00,77.66999816894531,77.91999816894531,77.33000183105469,77.69000244140625,69.7808609008789,2101700,0.0,0.0
2014-03-19 00:00:00-04:00,77.9000015258789,80.94000244140625,77.7300033569336,80.27999877929688,72.10721588134766,3518600,0.0,0.0
2014-03-20 00:00:00-04:00,80.30999755859375,83.83000183105469,80.1500015258789,82.79000091552734,74.36167907714844,4128800,0.0,0.0
2014-03-21 00:00:00-04:00,83.55999755859375,84.37000274658203,82.0,82.04000091552734,73.68802642822266,3232400,0.0,0.0
2014-03-24 00:00:00-04:00,82.25,82.81999969482422,80.55999755859375,80.81999969482422,72.59221649169922,1887300,0.0,0.0
2014-03-25 00:00:00-04:00,81.61000061035156,81.62000274658203,80.0999984741211,80.30999755859375,72.13416290283203,1285700,0.0,0.0
2014-03-26 00:00:00-04:00,80.41000366210938,80.87000274658203,79.7699966430664,80.0,71.855712890625,1682500,0.0,0.0
2014-03-27 00:00:00-04:00,80.11000061035156,80.11000061035156,76.79000091552734,77.48999786376953,69.60124969482422,3324800,0.0,0.0
2014-03-28 00:00:00-04:00,78.06999969482422,79.55000305175781,77.88999938964844,79.41000366210938,71.32576751708984,2532600,0.0,0.0
2014-03-31 00:00:00-04:00,80.18000030517578,84.27999877929688,80.12999725341797,83.7300033569336,75.20597839355469,5921700,0.0,0.0
2014-04-01 00:00:00-04:00,83.93000030517578,84.7300033569336,83.0,83.05000305175781,74.5951919555664,2669500,0.0,0.0
2014-04-02 00:00:00-04:00,82.94000244140625,83.11000061035156,82.22000122070312,82.48999786376953,74.09220123291016,1439000,0.0,0.0
2014-04-03 00:00:00-04:00,82.37999725341797,83.20999908447266,82.30999755859375,83.0199966430664,74.56826782226562,2189900,0.0,0.0
2014-04-04 00:00:00-04:00,83.3499984741211,83.73999786376953,81.73999786376953,81.80000305175781,73.47245025634766,1610500,0.0,0.0
2014-04-07 00:00:00-04:00,81.47000122070312,82.2300033569336,80.66000366210938,80.87000274658203,72.63712310791016,2375400,0.0,0.0
2014-04-08 00:00:00-04:00,80.79000091552734,81.91000366210938,80.3499984741211,81.31999969482422,73.04132843017578,1847900,0.0,0.0
2014-04-09 00:00:00-04:00,81.5199966430664,82.2300033569336,81.23999786376953,81.58000183105469,73.27484893798828,1660400,0.0,0.0
2014-04-10 00:00:00-04:00,81.58000183105469,82.0,78.7699966430664,79.08999633789062,71.03833770751953,2102900,0.0,0.0
2014-04-11 00:00:00-04:00,78.69000244140625,78.98999786376953,76.95999908447266,77.11000061035156,69.25993347167969,2109900,0.0,0.0
2014-04-14 00:00:00-04:00,77.79000091552734,77.91999816894531,76.45999908447266,77.3499984741211,69.47549438476562,1681200,0.0,0.0
2014-04-15 00:00:00-04:00,77.7300033569336,77.77999877929688,76.2699966430664,77.33000183105469,69.45752716064453,1270500,0.0,0.0
2014-04-16 00:00:00-04:00,77.88999938964844,77.88999938964844,76.44000244140625,76.77999877929688,68.96353149414062,1639000,0.0,0.0
2014-04-17 00:00:00-04:00,73.4800033569336,76.13999938964844,73.47000122070312,75.63999938964844,67.93955993652344,2859800,0.0,0.0
2014-04-21 00:00:00-04:00,76.0999984741211,76.7699966430664,75.68000030517578,76.30000305175781,68.53238677978516,1321800,0.0,0.0
2014-04-22 00:00:00-04:00,76.30000305175781,77.63999938964844,76.16000366210938,77.27999877929688,69.41262817382812,1637300,0.0,0.0
2014-04-23 00:00:00-04:00,77.1500015258789,77.6500015258789,76.51000213623047,77.36000061035156,69.48448181152344,834900,0.0,0.0
2014-04-24 00:00:00-04:00,78.12000274658203,79.66999816894531,77.73999786376953,79.4800033569336,71.3886489868164,2207000,0.0,0.0
2014-04-25 00:00:00-04:00,79.25,79.69999694824219,78.22000122070312,78.94999694824219,70.91259765625,1505500,0.0,0.0
2014-04-28 00:00:00-04:00,79.0199966430664,79.05999755859375,77.66000366210938,77.76000213623047,69.84374237060547,2091100,0.0,0.0
2014-04-29 00:00:00-04:00,78.1500015258789,78.1500015258789,77.80000305175781,77.8499984741211,69.92456817626953,1725000,0.0,0.0
2014-04-30 00:00:00-04:00,78.3499984741211,80.25,78.05000305175781,80.04000091552734,71.89163970947266,3213400,0.0,0.0
2014-05-01 00:00:00-04:00,82.97000122070312,83.44999694824219,81.69999694824219,82.05000305175781,73.69701385498047,2381100,0.0,0.0
2014-05-02 00:00:00-04:00,82.45999908447266,83.73999786376953,82.1500015258789,82.66000366210938,74.24491882324219,2185900,0.0,0.0
2014-05-05 00:00:00-04:00,82.22000122070312,83.94999694824219,82.0,83.77999877929688,75.25090789794922,2322000,0.0,0.0
2014-05-06 00:00:00-04:00,83.77999877929688,84.4000015258789,83.2699966430664,83.87000274658203,75.33175659179688,1691400,0.0,0.0
2014-05-07 00:00:00-04:00,84.0,85.4000015258789,83.79000091552734,85.37000274658203,76.67903900146484,2124900,0.0,0.0
2014-05-08 00:00:00-04:00,85.38999938964844,85.83999633789062,85.19999694824219,85.5999984741211,76.8856201171875,2281400,0.0,0.0
2014-05-09 00:00:00-04:00,85.5199966430664,86.6500015258789,85.33000183105469,86.48999786376953,77.68501281738281,2451600,0.0,0.0
2014-05-12 00:00:00-04:00,86.66000366210938,88.5999984741211,86.62999725341797,88.52999877929688,79.51730346679688,2829500,0.0,0.0
2014-05-13 00:00:00-04:00,88.5,88.95999908447266,88.04000091552734,88.4000015258789,79.40056610107422,2486800,0.0,0.0
2014-05-14 00:00:00-04:00,88.4000015258789,88.55999755859375,87.8499984741211,88.38999938964844,79.3915786743164,1500800,0.0,0.0
2014-05-15 00:00:00-04:00,88.12000274658203,88.4000015258789,87.13999938964844,87.45999908447266,78.55622863769531,1771700,0.0,0.0
2014-05-16 00:00:00-04:00,87.27999877929688,87.58999633789062,86.69999694824219,87.48999786376953,78.58321380615234,1358000,0.0,0.0
2014-05-19 00:00:00-04:00,87.62000274658203,88.58999633789062,87.5199966430664,88.45999908447266,79.45443725585938,1661200,0.0,0.0
2014-05-20 00:00:00-04:00,88.48999786376953,88.68000030517578,87.62999725341797,88.38999938964844,79.3915786743164,1636300,0.0,0.0
2014-05-21 00:00:00-04:00,88.54000091552734,89.38999938964844,88.54000091552734,89.18000030517578,80.10115051269531,1011600,0.0,0.0
2014-05-22 00:00:00-04:00,89.12000274658203,89.2699966430664,88.5,88.7699966430664,79.73287200927734,1372200,0.0,0.0
2014-05-23 00:00:00-04:00,89.0,89.55000305175781,88.5999984741211,89.23999786376953,80.15504455566406,1449600,0.0,0.0
2014-05-27 00:00:00-04:00,89.30000305175781,89.55000305175781,88.94999694824219,89.12000274658203,80.04727935791016,1503700,0.0,0.0
2014-05-28 00:00:00-04:00,89.55999755859375,89.94000244140625,89.0,89.47000122070312,80.36162567138672,1668100,0.0,0.0
2014-05-29 00:00:00-04:00,89.86000061035156,90.19000244140625,89.16000366210938,90.0999984741211,80.92749786376953,1210200,0.0,0.0
2014-05-30 00:00:00-04:00,89.76000213623047,90.2699966430664,89.29000091552734,89.77999877929688,80.64006042480469,2560900,0.0,0.0
2014-06-02 00:00:00-04:00,90.12999725341797,90.55000305175781,89.63999938964844,90.44999694824219,81.24185943603516,1326900,0.0,0.0
2014-06-03 00:00:00-04:00,90.38999938964844,90.58999633789062,90.12000274658203,90.4000015258789,81.19695281982422,1520500,0.0,0.0
2014-06-04 00:00:00-04:00,90.2699966430664,90.77999877929688,90.1500015258789,90.41000366210938,81.2059326171875,1159600,0.0,0.0
2014-06-05 00:00:00-04:00,90.44000244140625,91.0,90.13999938964844,90.29000091552734,81.09815216064453,1129800,0.0,0.0
2014-06-06 00:00:00-04:00,90.5,91.0,90.1500015258789,90.33000183105469,81.13407897949219,1263500,0.0,0.0
2014-06-09 00:00:00-04:00,90.01000213623047,90.51000213623047,89.48999786376953,89.83999633789062,80.69396209716797,1498500,0.0,0.0
2014-06-10 00:00:00-04:00,89.81999969482422,90.05999755859375,89.16000366210938,89.83999633789062,80.69396209716797,1051000,0.0,0.0
2014-06-11 00:00:00-04:00,89.69000244140625,91.62999725341797,89.66999816894531,91.45999908447266,82.14905548095703,1837500,0.0,0.0
2014-06-12 00:00:00-04:00,91.0199966430664,91.41000366210938,90.0999984741211,90.73999786376953,81.50232696533203,1360200,0.0,0.0
2014-06-13 00:00:00-04:00,90.44999694824219,91.04000091552734,89.87999725341797,91.0199966430664,81.75383758544922,1253800,0.0,0.0
2014-06-16 00:00:00-04:00,90.87000274658203,91.3499984741211,89.98999786376953,90.69999694824219,81.4664077758789,1655200,0.0,0.0
2014-06-17 00:00:00-04:00,90.4800033569336,90.73999786376953,89.55000305175781,90.0,80.8376693725586,1303300,0.0,0.0
2014-06-18 00:00:00-04:00,89.91999816894531,90.61000061035156,89.5199966430664,90.58000183105469,81.35863494873047,922900,0.0,0.0
2014-06-19 00:00:00-04:00,90.79000091552734,91.80999755859375,90.27999877929688,91.37000274658203,82.06819915771484,1119000,0.0,0.0
2014-06-20 00:00:00-04:00,91.6500015258789,91.9800033569336,91.16999816894531,91.86000061035156,82.50833892822266,1988900,0.0,0.0
2014-06-23 00:00:00-04:00,91.9800033569336,91.98999786376953,91.2699966430664,91.45999908447266,82.14905548095703,820700,0.0,0.0
2014-06-24 00:00:00-04:00,91.47000122070312,91.7699966430664,90.2699966430664,90.27999877929688,81.08916473388672,1324500,0.0,0.0
2014-06-25 00:00:00-04:00,90.4800033569336,92.11000061035156,90.3499984741211,92.11000061035156,82.73284912109375,1442400,0.0,0.0
2014-06-26 00:00:00-04:00,91.73999786376953,91.87000274658203,90.73999786376953,91.3499984741211,82.05023956298828,1010800,0.0,0.0
2014-06-27 00:00:00-04:00,91.58000183105469,92.16999816894531,91.06999969482422,91.91999816894531,82.56218719482422,1136800,0.0,0.0
2014-06-30 00:00:00-04:00,92.12999725341797,93.19999694824219,91.68000030517578,91.97000122070312,82.60712432861328,1530700,0.0,0.0
2014-07-01 00:00:00-04:00,92.0,93.30999755859375,92.0,92.62000274658203,83.1909408569336,1100900,0.0,0.0
2014-07-02 00:00:00-04:00,92.29000091552734,92.94000244140625,91.25,92.83999633789062,83.38855743408203,857600,0.0,0.0
2014-07-03 00:00:00-04:00,93.2699966430664,94.23999786376953,93.12999725341797,93.66000366210938,84.12509155273438,663300,0.0,0.0
2014-07-07 00:00:00-04:00,92.80000305175781,93.38999938964844,92.02999877929688,92.43000030517578,83.02027893066406,874800,0.0,0.0
2014-07-08 00:00:00-04:00,92.27999877929688,92.33999633789062,91.55999755859375,91.91999816894531,82.56218719482422,925500,0.0,0.0
2014-07-09 00:00:00-04:00,92.0199966430664,92.58999633789062,91.97000122070312,92.5199966430664,83.10113525390625,1262700,0.0,0.0
2014-07-10 00:00:00-04:00,91.66999816894531,92.93000030517578,91.58000183105469,92.30000305175781,82.90354919433594,1250900,0.0,0.0
2014-07-11 00:00:00-04:00,92.13999938964844,93.61000061035156,91.94999694824219,93.36000061035156,83.85560607910156,1221000,0.0,0.0
2014-07-14 00:00:00-04:00,93.6500015258789,95.16999816894531,93.63999938964844,94.22000122070312,84.62804412841797,1910100,0.0,0.0
2014-07-15 00:00:00-04:00,93.87999725341797,94.93000030517578,93.62000274658203,94.05000305175781,84.4753646850586,2113100,0.0,0.0
2014-07-16 00:00:00-04:00,94.27999877929688,94.55999755859375,93.7699966430664,93.95999908447266,84.39453125,2599300,0.0,0.0
2014-07-17 00:00:00-04:00,95.22000122070312,95.87000274658203,93.6500015258789,94.48999786376953,84.87056732177734,3045400,0.0,0.0
2014-07-18 00:00:00-04:00,94.68000030517578,96.38999938964844,94.19999694824219,96.31999969482422,86.51428985595703,1781000,0.0,0.0
2014-07-21 00:00:00-04:00,95.7699966430664,95.95999908447266,94.87999725341797,95.52999877929688,85.8046875,2327400,0.0,0.0
2014-07-22 00:00:00-04:00,96.08000183105469,97.12999725341797,95.91000366210938,96.38999938964844,86.57716369628906,1672200,0.0,0.0
2014-07-23 00:00:00-04:00,96.63999938964844,97.27999877929688,96.0999984741211,96.80000305175781,86.94540405273438,1164600,0.0,0.0
2014-07-24 00:00:00-04:00,96.70999908447266,97.23999786376953,96.51000213623047,96.75,86.90048217773438,1038700,0.0,0.0
2014-07-25 00:00:00-04:00,95.29000091552734,96.30000305175781,94.4000015258789,95.76000213623047,86.01129150390625,764800,0.0,0.0
2014-07-28 00:00:00-04:00,95.79000091552734,96.94999694824219,95.52999877929688,96.87000274658203,87.00827026367188,976200,0.0,0.0
2014-07-29 00:00:00-04:00,96.5999984741211,96.62999725341797,93.62000274658203,94.62999725341797,84.99630737304688,3099600,0.0,0.0
2014-07-30 00:00:00-04:00,95.29000091552734,95.29000091552734,92.20999908447266,93.5,83.98136901855469,3324200,0.0,0.0
2014-07-31 00:00:00-04:00,90.05999755859375,91.63999938964844,87.33000183105469,90.04000091552734,80.87359619140625,4402800,0.0,0.0
2014-08-01 00:00:00-04:00,90.22000122070312,91.7699966430664,90.0,90.76000213623047,81.52029418945312,1577200,0.0,0.0
2014-08-04 00:00:00-04:00,91.08000183105469,92.08000183105469,90.2300033569336,91.80999755859375,82.4634017944336,1502400,0.0,0.0
2014-08-05 00:00:00-04:00,91.6500015258789,92.45999908447266,90.62999725341797,90.87000274658203,81.6191177368164,1473200,0.0,0.0
2014-08-06 00:00:00-04:00,90.5999984741211,92.2699966430664,90.5999984741211,91.47000122070312,82.15803527832031,920900,0.0,0.0
2014-08-07 00:00:00-04:00,91.48999786376953,91.58999633789062,88.66000366210938,88.75,79.71492767333984,2160800,0.0,0.0
2014-08-08 00:00:00-04:00,88.83999633789062,90.68000030517578,88.69000244140625,90.5999984741211,81.3765640258789,1273700,0.0,0.0
2014-08-11 00:00:00-04:00,90.80999755859375,90.94000244140625,89.97000122070312,90.01000213623047,80.84664154052734,1822500,0.0,0.0
2014-08-12 00:00:00-04:00,90.1500015258789,91.27999877929688,90.01000213623047,90.47000122070312,81.25980377197266,1840700,0.0,0.0
2014-08-13 00:00:00-04:00,90.93000030517578,91.62000274658203,90.3499984741211,91.33999633789062,82.04126739501953,1752100,0.0,0.0
2014-08-14 00:00:00-04:00,91.44999694824219,93.20999908447266,91.19000244140625,92.97000122070312,83.50530242919922,1335100,0.0,0.0
2014-08-15 00:00:00-04:00,93.0,93.16999816894531,91.52999877929688,92.55999755859375,83.13705444335938,1333300,0.0,0.0
2014-08-18 00:00:00-04:00,93.0,93.16000366210938,92.2699966430664,93.1500015258789,83.66698455810547,567000,0.0,0.0
2014-08-19 00:00:00-04:00,93.12999725341797,93.76000213623047,92.72000122070312,93.68000030517578,84.14302062988281,736000,0.0,0.0
2014-08-20 00:00:00-04:00,93.55999755859375,93.98999786376953,93.0199966430664,93.94999694824219,84.38555145263672,575800,0.0,0.0
2014-08-21 00:00:00-04:00,93.94999694824219,94.5199966430664,93.45999908447266,93.97000122070312,84.40351867675781,618500,0.0,0.0
2014-08-22 00:00:00-04:00,94.0,94.05999755859375,92.93000030517578,93.13999938964844,83.65800476074219,819000,0.0,0.0
2014-08-25 00:00:00-04:00,93.37999725341797,93.87000274658203,93.05999755859375,93.27999877929688,83.78376007080078,637800,0.0,0.0
2014-08-26 00:00:00-04:00,93.55999755859375,93.95999908447266,93.2300033569336,93.76000213623047,84.21488189697266,1073600,0.0,0.0
2014-08-27 00:00:00-04:00,93.7699966430664,94.51000213623047,93.30000305175781,94.4800033569336,84.86160278320312,1235800,0.0,0.0
2014-08-28 00:00:00-04:00,94.25,95.30999755859375,94.25,94.52999877929688,84.90650939941406,943500,0.0,0.0
2014-08-29 00:00:00-04:00,94.76000213623047,95.6500015258789,94.27999877929688,94.5999984741211,84.9693603515625,1182100,0.0,0.0
2014-09-02 00:00:00-04:00,94.91999816894531,95.0999984741211,93.44999694824219,94.19999694824219,84.61009979248047,826100,0.0,0.0
2014-09-03 00:00:00-04:00,94.33999633789062,95.13999938964844,94.20999908447266,94.75,85.10411071777344,1164000,0.0,0.0
2014-09-04 00:00:00-04:00,94.91999816894531,97.06999969482422,94.83999633789062,95.48999786376953,85.7687759399414,1140900,0.0,0.0
2014-09-05 00:00:00-04:00,95.55000305175781,96.76000213623047,95.45999908447266,96.38999938964844,86.57716369628906,1217500,0.0,0.0
2014-09-08 00:00:00-04:00,96.0999984741211,96.2699966430664,95.55999755859375,96.01000213623047,86.23583984375,821000,0.0,0.0
2014-09-09 00:00:00-04:00,96.01000213623047,96.62999725341797,95.68000030517578,95.9800033569336,86.20890045166016,1034800,0.0,0.0
2014-09-10 00:00:00-04:00,96.33000183105469,96.33000183105469,94.0199966430664,94.33000183105469,84.72687530517578,1432700,0.0,0.0
2014-09-11 00:00:00-04:00,93.75,94.01000213623047,92.5199966430664,93.3499984741211,83.84662628173828,1537900,0.0,0.0
2014-09-12 00:00:00-04:00,93.5999984741211,93.5999984741211,92.01000213623047,92.31999969482422,82.9214859008789,983600,0.0,0.0
2014-09-15 00:00:00-04:00,92.13999938964844,92.4000015258789,91.4800033569336,91.5199966430664,82.20292663574219,1198400,0.0,0.0
2014-09-16 00:00:00-04:00,91.62000274658203,93.41999816894531,91.0999984741211,93.23999786376953,83.74781799316406,1061700,0.0,0.0
2014-09-17 00:00:00-04:00,94.29000091552734,94.88999938964844,93.66999816894531,94.08999633789062,84.51129150390625,1432900,0.0,0.0
2014-09-18 00:00:00-04:00,94.36000061035156,95.45999908447266,94.31999969482422,95.20999908447266,85.51727294921875,1093000,0.0,0.0
2014-09-19 00:00:00-04:00,95.66999816894531,95.97000122070312,95.01000213623047,95.25,85.55319213867188,1672300,0.0,0.0
2014-09-22 00:00:00-04:00,95.16999816894531,95.79000091552734,94.5199966430664,94.69999694824219,85.05918884277344,863100,0.0,0.0
2014-09-23 00:00:00-04:00,94.36000061035156,94.70999908447266,92.95999908447266,92.9800033569336,83.51431274414062,1088400,0.0,0.0
2014-09-24 00:00:00-04:00,93.16999816894531,94.98999786376953,92.7300033569336,94.81999969482422,85.1669692993164,854300,0.0,0.0
2014-09-25 00:00:00-04:00,94.63999938964844,94.63999938964844,91.33999633789062,91.72000122070312,82.38256072998047,1496300,0.0,0.0
2014-09-26 00:00:00-04:00,91.7699966430664,92.12999725341797,91.1500015258789,91.81999969482422,82.4723892211914,1025800,0.0,0.0
2014-09-29 00:00:00-04:00,90.97000122070312,91.77999877929688,90.83000183105469,91.23999786376953,81.95142364501953,1317800,0.0,0.0
2014-09-30 00:00:00-04:00,91.43000030517578,91.69999694824219,90.52999877929688,90.69000244140625,81.45743560791016,1392300,0.0,0.0
2014-10-01 00:00:00-04:00,90.79000091552734,90.94999694824219,89.19999694824219,89.44000244140625,80.3346939086914,1296400,0.0,0.0
2014-10-02 00:00:00-04:00,89.37999725341797,89.68000030517578,87.76000213623047,88.72000122070312,79.68798828125,1545000,0.0,0.0
2014-10-03 00:00:00-04:00,89.5199966430664,90.94000244140625,89.0199966430664,90.58999633789062,81.36759948730469,2639800,0.0,0.0
2014-10-06 00:00:00-04:00,90.97000122070312,91.4000015258789,88.76000213623047,89.19000244140625,80.11014556884766,1417000,0.0,0.0
2014-10-07 00:00:00-04:00,89.05000305175781,90.83000183105469,88.77999877929688,89.11000061035156,80.03826904296875,2611500,0.0,0.0
2014-10-08 00:00:00-04:00,89.3499984741211,91.47000122070312,89.19000244140625,91.41999816894531,82.11310577392578,1413600,0.0,0.0
2014-10-09 00:00:00-04:00,91.41999816894531,91.86000061035156,89.77999877929688,89.9800033569336,80.8197021484375,1196000,0.0,0.0
2014-10-10 00:00:00-04:00,90.19999694824219,92.06999969482422,90.19999694824219,90.58999633789062,81.36759948730469,1510800,0.0,0.0
2014-10-13 00:00:00-04:00,90.33999633789062,91.16999816894531,89.55000305175781,89.68000030517578,80.55025482177734,1594200,0.0,0.0
2014-10-14 00:00:00-04:00,88.9800033569336,89.05999755859375,86.69999694824219,87.70999908447266,78.78081512451172,3865700,0.0,0.0
2014-10-15 00:00:00-04:00,86.5,89.0999984741211,85.75,88.7300033569336,79.69697570800781,3128400,0.0,0.0
2014-10-16 00:00:00-04:00,88.05999755859375,89.94999694824219,87.66999816894531,88.02999877929688,79.06824493408203,2593500,0.0,0.0
2014-10-17 00:00:00-04:00,88.8499984741211,90.37000274658203,88.31999969482422,89.04000091552734,79.97541046142578,1687700,0.0,0.0
2014-10-20 00:00:00-04:00,89.30000305175781,90.69999694824219,89.19000244140625,90.5999984741211,81.3765640258789,986000,0.0,0.0
2014-10-21 00:00:00-04:00,91.43000030517578,92.88999938964844,91.26000213623047,92.70999908447266,83.27178955078125,1249700,0.0,0.0
2014-10-22 00:00:00-04:00,92.94000244140625,93.08000183105469,91.41000366210938,91.44999694824219,82.14006042480469,1735800,0.0,0.0
2014-10-23 00:00:00-04:00,92.52999877929688,93.11000061035156,92.02999877929688,92.2699966430664,82.87660217285156,874500,0.0,0.0
2014-10-24 00:00:00-04:00,92.44000244140625,92.86000061035156,91.55000305175781,92.83000183105469,83.37956237792969,756600,0.0,0.0
2014-10-27 00:00:00-04:00,92.8499984741211,93.23999786376953,92.36000061035156,92.6500015258789,83.21791076660156,713300,0.0,0.0
2014-10-28 00:00:00-04:00,91.4800033569336,92.58000183105469,90.55000305175781,92.58000183105469,83.15504455566406,1532400,0.0,0.0
2014-10-29 00:00:00-04:00,92.9000015258789,94.13999938964844,92.69000244140625,94.0,84.43046569824219,2970900,0.0,0.0
2014-10-30 00:00:00-04:00,94.5,97.55999755859375,94.5,97.0999984741211,87.21485137939453,3049900,0.0,0.0
2014-10-31 00:00:00-04:00,98.66000366210938,99.75,97.58000183105469,99.56999969482422,89.43341827392578,2593600,0.0,0.0
2014-11-03 00:00:00-05:00,99.63999938964844,100.63999938964844,99.37999725341797,99.7300033569336,89.57713317871094,1659500,0.0,0.0
2014-11-04 00:00:00-05:00,99.5,101.2699966430664,99.4800033569336,101.0199966430664,90.73578643798828,3345400,0.0,0.0
2014-11-05 00:00:00-05:00,102.16000366210938,102.16000366210938,99.77999877929688,100.0,89.81964874267578,2339800,0.0,0.0
2014-11-06 00:00:00-05:00,100.27999877929688,101.9000015258789,99.91000366210938,101.33999633789062,91.02323913574219,2014400,0.0,0.0
2014-11-07 00:00:00-05:00,100.56999969482422,101.20999908447266,98.12000274658203,98.98999786376953,88.91246032714844,2584900,0.0,0.0
2014-11-10 00:00:00-05:00,98.97000122070312,101.7300033569336,98.93000030517578,101.27999877929688,90.96931457519531,1980300,0.0,0.0
2014-11-11 00:00:00-05:00,101.5199966430664,102.66999816894531,101.45999908447266,102.12999725341797,91.73280334472656,1924400,0.0,0.0
2014-11-12 00:00:00-05:00,101.5999984741211,102.37999725341797,101.36000061035156,102.11000061035156,91.7148208618164,1479400,0.0,0.0
2014-11-13 00:00:00-05:00,102.08000183105469,103.5,101.87999725341797,102.70999908447266,92.25375366210938,2110100,0.0,0.0
2014-11-14 00:00:00-05:00,102.75,102.97000122070312,101.44999694824219,101.9000015258789,91.52621459960938,1706600,0.0,0.0
2014-11-17 00:00:00-05:00,101.91000366210938,103.22000122070312,101.88999938964844,102.94000244140625,92.4603500366211,1468400,0.0,0.0
2014-11-18 00:00:00-05:00,102.97000122070312,104.55000305175781,102.97000122070312,103.94999694824219,93.36751556396484,1579700,0.0,0.0
2014-11-19 00:00:00-05:00,103.9800033569336,103.9800033569336,102.37000274658203,102.62999725341797,92.18185424804688,1419200,0.0,0.0
2014-11-20 00:00:00-05:00,102.36000061035156,102.69000244140625,101.87999725341797,102.20999908447266,91.80461883544922,1372000,0.0,0.0
2014-11-21 00:00:00-05:00,103.27999877929688,103.31999969482422,102.01000213623047,102.18000030517578,91.7777099609375,1566400,0.0,0.0
2014-11-24 00:00:00-05:00,102.61000061035156,102.88999938964844,101.93000030517578,102.4000015258789,91.97529602050781,1838500,0.0,0.0
2014-11-25 00:00:00-05:00,102.48999786376953,102.61000061035156,101.12999725341797,101.9000015258789,91.52621459960938,1434300,0.0,0.0
2014-11-26 00:00:00-05:00,102.18000030517578,102.66999816894531,101.33000183105469,102.01000213623047,91.62501525878906,1045700,0.0,0.0
2014-11-28 00:00:00-05:00,102.43000030517578,103.58999633789062,102.43000030517578,102.88999938964844,92.41543579101562,938300,0.0,0.0
2014-12-01 00:00:00-05:00,102.62999725341797,103.36000061035156,101.87000274658203,102.55999755859375,92.1190185546875,1376100,0.0,0.0
2014-12-02 00:00:00-05:00,102.93000030517578,103.98999786376953,102.47000122070312,103.37999725341797,92.85552215576172,1493500,0.0,0.0
2014-12-03 00:00:00-05:00,103.83999633789062,104.55000305175781,103.45999908447266,104.02999877929688,93.4393539428711,1207900,0.0,0.0
2014-12-04 00:00:00-05:00,104.0,104.11000061035156,102.45999908447266,103.19000244140625,92.68487548828125,1184000,0.0,0.0
2014-12-05 00:00:00-05:00,103.45999908447266,105.06999969482422,103.31999969482422,104.70999908447266,94.05014038085938,1160900,0.0,0.0
2014-12-08 00:00:00-05:00,104.5999984741211,105.5999984741211,104.33999633789062,104.87999725341797,94.20282745361328,1120500,0.0,0.0
2014-12-09 00:00:00-05:00,103.2699966430664,104.63999938964844,103.0199966430664,104.38999938964844,93.7627182006836,1064100,0.0,0.0
2014-12-10 00:00:00-05:00,104.16000366210938,104.43000030517578,102.26000213623047,102.4000015258789,91.97529602050781,1442600,0.0,0.0
2014-12-11 00:00:00-05:00,102.63999938964844,103.5999984741211,102.19999694824219,102.43000030517578,92.00223541259766,1307500,0.0,0.0
2014-12-12 00:00:00-05:00,101.62999725341797,103.45999908447266,101.52999877929688,101.7300033569336,91.37352752685547,1184800,0.0,0.0
2014-12-15 00:00:00-05:00,102.58000183105469,103.43000030517578,100.41000366210938,101.3499984741211,91.03219604492188,1415000,0.0,0.0
2014-12-16 00:00:00-05:00,101.16000366210938,102.95999908447266,99.87999725341797,99.97000122070312,89.79269409179688,1131600,0.0,0.0
2014-12-17 00:00:00-05:00,100.3499984741211,102.23999786376953,100.22000122070312,101.5999984741211,91.25675201416016,1108900,0.0,0.0
2014-12-18 00:00:00-05:00,102.75,104.58000183105469,102.36000061035156,104.58000183105469,93.9333724975586,1236800,0.0,0.0
2014-12-19 00:00:00-05:00,105.51000213623047,105.58999633789062,104.05000305175781,104.52999877929688,93.88846588134766,2480700,0.0,0.0
2014-12-22 00:00:00-05:00,104.45999908447266,105.30999755859375,104.33999633789062,105.19999694824219,94.4902572631836,1088700,0.0,0.0
2014-12-23 00:00:00-05:00,105.68000030517578,105.7300033569336,103.91999816894531,104.30999755859375,93.69084167480469,803200,0.0,0.0
2014-12-24 00:00:00-05:00,104.56999969482422,104.8499984741211,104.20999908447266,104.2300033569336,93.6190185546875,456600,0.0,0.0
2014-12-26 00:00:00-05:00,104.3499984741211,104.77999877929688,103.93000030517578,104.0,93.41242980957031,587500,0.0,0.0
2014-12-29 00:00:00-05:00,103.62000274658203,104.33999633789062,103.11000061035156,104.12000274658203,93.52019500732422,772000,0.0,0.0
2014-12-30 00:00:00-05:00,103.88999938964844,104.83000183105469,103.77999877929688,104.3499984741211,93.72679901123047,602700,0.0,0.0
2014-12-31 00:00:00-05:00,104.4800033569336,105.36000061035156,102.87000274658203,102.91000366210938,92.43336486816406,701200,0.0,0.0
2015-01-02 00:00:00-05:00,103.63999938964844,104.52999877929688,102.0999984741211,102.83000183105469,92.36154174804688,720600,0.0,0.0
2015-01-05 00:00:00-05:00,102.26000213623047,102.43000030517578,100.66999816894531,101.05999755859375,90.771728515625,1455000,0.0,0.0
2015-01-06 00:00:00-05:00,101.7699966430664,102.55999755859375,100.86000061035156,101.45999908447266,91.1310043334961,2241400,0.0,0.0
2015-01-07 00:00:00-05:00,103.72000122070312,104.51000213623047,103.0999984741211,103.83999633789062,93.2686996459961,1781700,0.0,0.0
2015-01-08 00:00:00-05:00,105.0999984741211,109.23999786376953,105.0,109.12999725341797,98.02017974853516,2307000,0.0,0.0
2015-01-09 00:00:00-05:00,109.04000091552734,109.16000366210938,107.81999969482422,108.0,97.00520324707031,1315600,0.0,0.0
2015-01-12 00:00:00-05:00,108.55000305175781,108.55000305175781,105.58000183105469,106.18000030517578,95.37049102783203,1772300,0.0,0.0
2015-01-13 00:00:00-05:00,107.30000305175781,109.0999984741211,105.86000061035156,106.83000183105469,95.9543228149414,1070000,0.0,0.0
2015-01-14 00:00:00-05:00,105.63999938964844,108.33000183105469,105.2699966430664,107.44000244140625,96.50220489501953,1762800,0.0,0.0
2015-01-15 00:00:00-05:00,107.56999969482422,107.94000244140625,106.11000061035156,106.86000061035156,95.98126983642578,1133900,0.0,0.0
2015-01-16 00:00:00-05:00,106.83000183105469,107.97000122070312,105.83999633789062,107.88999938964844,96.90641021728516,1451300,0.0,0.0
2015-01-20 00:00:00-05:00,108.37000274658203,109.23999786376953,107.27999877929688,108.45999908447266,97.41838073730469,1170900,0.0,0.0
2015-01-21 00:00:00-05:00,108.48999786376953,110.72000122070312,108.0199966430664,110.12999725341797,98.91836547851562,1821000,0.0,0.0
2015-01-22 00:00:00-05:00,110.9000015258789,112.18000030517578,109.8499984741211,112.18000030517578,100.75965118408203,1664800,0.0,0.0
2015-01-23 00:00:00-05:00,112.19000244140625,112.94999694824219,109.88999938964844,109.97000122070312,98.77466583251953,1229300,0.0,0.0
2015-01-26 00:00:00-05:00,109.73999786376953,109.75,108.54000091552734,109.41000366210938,98.27167510986328,1308600,0.0,0.0
2015-01-27 00:00:00-05:00,108.75,109.44000244140625,108.19000244140625,108.83000183105469,97.7507095336914,820700,0.0,0.0
2015-01-28 00:00:00-05:00,110.08999633789062,110.19000244140625,108.54000091552734,108.69999694824219,97.63396453857422,2040500,0.0,0.0
2015-01-29 00:00:00-05:00,108.66999816894531,109.86000061035156,107.83999633789062,109.62000274658203,98.46027374267578,1354800,0.0,0.0
2015-01-30 00:00:00-05:00,108.66999816894531,109.47000122070312,106.62999725341797,106.83000183105469,95.9543228149414,1570800,0.0,0.0
2015-02-02 00:00:00-05:00,107.08000183105469,107.88999938964844,105.2300033569336,107.87999725341797,96.89741516113281,1431200,0.0,0.0
2015-02-03 00:00:00-05:00,107.88999938964844,109.08999633789062,107.68000030517578,108.69999694824219,97.63396453857422,1395700,0.0,0.0
2015-02-04 00:00:00-05:00,108.33999633789062,110.83000183105469,107.63999938964844,110.0999984741211,98.89140319824219,1768500,0.0,0.0
2015-02-05 00:00:00-05:00,111.30000305175781,113.38999938964844,111.25,112.22000122070312,100.79559326171875,2060900,0.0,0.0
2015-02-06 00:00:00-05:00,112.0999984741211,112.79000091552734,111.22000122070312,111.69999694824219,100.32853698730469,1355300,0.0,0.0
2015-02-09 00:00:00-05:00,111.4800033569336,112.05000305175781,110.76000213623047,111.0199966430664,99.71775817871094,1392000,0.0,0.0
2015-02-10 00:00:00-05:00,111.7699966430664,113.93000030517578,111.7300033569336,113.69999694824219,102.12493133544922,1152100,0.0,0.0
2015-02-11 00:00:00-05:00,113.43000030517578,115.2699966430664,113.43000030517578,115.06999969482422,103.35543060302734,1421900,0.0,0.0
2015-02-12 00:00:00-05:00,115.88999938964844,116.0,114.20999908447266,114.9800033569336,103.27462768554688,1080200,0.0,0.0
2015-02-13 00:00:00-05:00,114.7300033569336,114.7300033569336,113.62999725341797,114.47000122070312,102.81653594970703,1103200,0.0,0.0
2015-02-17 00:00:00-05:00,114.26000213623047,115.5,113.25,115.4800033569336,103.72371673583984,1316800,0.0,0.0
2015-02-18 00:00:00-05:00,115.30000305175781,116.12000274658203,114.6500015258789,116.01000213623047,104.19974517822266,1016200,0.0,0.0
2015-02-19 00:00:00-05:00,115.58000183105469,116.91999816894531,115.30000305175781,116.19000244140625,104.3614273071289,795600,0.0,0.0
2015-02-20 00:00:00-05:00,116.38999938964844,118.61000061035156,116.06999969482422,118.54000091552734,106.4721908569336,1591600,0.0,0.0
2015-02-23 00:00:00-05:00,118.87000274658203,121.5,118.87000274658203,121.38999938964844,109.03206634521484,2298300,0.0,0.0
2015-02-24 00:00:00-05:00,121.37000274658203,122.0,120.69999694824219,120.76000213623047,108.46619415283203,1505100,0.0,0.0
2015-02-25 00:00:00-05:00,121.0,121.47000122070312,120.30999755859375,121.18000030517578,108.84343719482422,1438100,0.0,0.0
2015-02-26 00:00:00-05:00,120.81999969482422,121.88999938964844,120.80999755859375,121.58999633789062,109.2116928100586,1523900,0.0,0.0
2015-02-27 00:00:00-05:00,121.58000183105469,122.41999816894531,121.58000183105469,121.62999725341797,109.24762725830078,1557300,0.0,0.0
2015-03-02 00:00:00-05:00,121.41999816894531,123.0,121.0199966430664,122.4800033569336,110.0110855102539,2077500,0.0,0.0
2015-03-03 00:00:00-05:00,122.20999908447266,122.44999694824219,120.16999816894531,121.11000061035156,108.78057861328125,2265500,0.0,0.0
2015-03-04 00:00:00-05:00,119.25,122.3499984741211,118.69999694824219,121.86000061035156,109.4542007446289,2901700,0.0,0.0
2015-03-05 00:00:00-05:00,121.86000061035156,123.0,121.66999816894531,122.51000213623047,110.03805541992188,1605300,0.0,0.0
2015-03-06 00:00:00-05:00,122.0199966430664,122.08999633789062,119.81999969482422,120.56999969482422,108.29553985595703,2516800,0.0,0.0
2015-03-09 00:00:00-04:00,120.63999938964844,122.29000091552734,120.33999633789062,122.01000213623047,109.58892822265625,1617200,0.0,0.0
2015-03-10 00:00:00-04:00,120.91999816894531,121.02999877929688,119.80999755859375,119.80999755859375,107.64817810058594,1033800,0.04,0.0
2015-03-11 00:00:00-04:00,120.69999694824219,121.13999938964844,119.94000244140625,120.44999694824219,108.22322845458984,1293300,0.0,0.0
2015-03-12 00:00:00-04:00,121.0199966430664,122.87000274658203,121.0199966430664,122.75,110.28974914550781,1051800,0.0,0.0
2015-03-13 00:00:00-04:00,122.2300033569336,123.19999694824219,121.29000091552734,122.88999938964844,110.41552734375,1028800,0.0,0.0
2015-03-16 00:00:00-04:00,123.29000091552734,126.26000213623047,123.01000213623047,125.01000213623047,112.32034301757812,1844400,0.0,0.0
2015-03-17 00:00:00-04:00,124.62000274658203,125.16999816894531,123.7699966430664,124.8499984741211,112.17658996582031,1263000,0.0,0.0
2015-03-18 00:00:00-04:00,125.0,128.0,124.5999984741211,127.48999786376953,114.54859924316406,1560000,0.0,0.0
2015-03-19 00:00:00-04:00,127.4800033569336,128.86000061035156,127.05000305175781,128.10000610351562,115.0967025756836,1290200,0.0,0.0
2015-03-20 00:00:00-04:00,129.22000122070312,129.30999755859375,127.94999694824219,128.3800048828125,115.3482666015625,2025700,0.0,0.0
2015-03-23 00:00:00-04:00,128.3800048828125,129.42999267578125,128.2100067138672,128.4199981689453,115.38422393798828,1616100,0.0,0.0
2015-03-24 00:00:00-04:00,128.52000427246094,130.02000427246094,128.32000732421875,129.57000732421875,116.41747283935547,1974200,0.0,0.0
2015-03-25 00:00:00-04:00,130.02999877929688,131.05999755859375,126.88999938964844,126.91000366210938,114.0274658203125,1647900,0.0,0.0
2015-03-26 00:00:00-04:00,125.87000274658203,127.52999877929688,125.05999755859375,126.20999908447266,113.39852905273438,1636700,0.0,0.0
2015-03-27 00:00:00-04:00,126.61000061035156,129.24000549316406,126.61000061035156,128.97999572753906,115.8873519897461,1499400,0.0,0.0
2015-03-30 00:00:00-04:00,130.8699951171875,131.1300048828125,129.52999877929688,129.9600067138672,116.76789855957031,1436900,0.0,0.0
2015-03-31 00:00:00-04:00,129.10000610351562,130.41000366210938,128.77999877929688,129.44000244140625,116.30066680908203,1862900,0.0,0.0
2015-04-01 00:00:00-04:00,129.64999389648438,130.3800048828125,128.0399932861328,130.3699951171875,117.13624572753906,2100700,0.0,0.0
2015-04-02 00:00:00-04:00,130.49000549316406,131.5800018310547,129.8000030517578,130.47000122070312,117.22613525390625,1468300,0.0,0.0
2015-04-06 00:00:00-04:00,129.80999755859375,132.3699951171875,129.6199951171875,131.80999755859375,118.43009185791016,1489900,0.0,0.0
2015-04-07 00:00:00-04:00,132.85000610351562,133.4600067138672,129.8800048828125,129.8800048828125,116.69601440429688,1595100,0.0,0.0
2015-04-08 00:00:00-04:00,130.2899932861328,131.5500030517578,130.02000427246094,131.49000549316406,118.14256286621094,1394000,0.0,0.0
2015-04-09 00:00:00-04:00,131.41000366210938,132.55999755859375,131.19000244140625,132.17999267578125,118.76249694824219,1381200,0.0,0.0
2015-04-10 00:00:00-04:00,132.4499969482422,133.32000732421875,131.4499969482422,133.30999755859375,119.7778091430664,1667300,0.0,0.0
2015-04-13 00:00:00-04:00,133.50999450683594,134.9600067138672,132.72000122070312,132.8000030517578,119.31961822509766,1351300,0.0,0.0
2015-04-14 00:00:00-04:00,132.9199981689453,133.25,131.4199981689453,132.89999389648438,119.40943145751953,1587300,0.0,0.0
2015-04-15 00:00:00-04:00,133.13999938964844,133.58999633789062,129.7899932861328,130.22000122070312,117.0014877319336,3103700,0.0,0.0
2015-04-16 00:00:00-04:00,134.49000549316406,135.0,132.44000244140625,132.8000030517578,119.31961822509766,1936600,0.0,0.0
2015-04-17 00:00:00-04:00,132.0,132.57000732421875,130.11000061035156,131.1300048828125,117.81909942626953,1134800,0.0,0.0
2015-04-20 00:00:00-04:00,132.27999877929688,132.4199981689453,130.0800018310547,130.27000427246094,117.04639434814453,1388200,0.0,0.0
2015-04-21 00:00:00-04:00,130.8300018310547,131.44000244140625,130.1999969482422,130.6999969482422,117.4327621459961,1849400,0.0,0.0
2015-04-22 00:00:00-04:00,131.02000427246094,131.30999755859375,129.49000549316406,130.25,117.02843475341797,1242500,0.0,0.0
2015-04-23 00:00:00-04:00,130.14999389648438,131.02999877929688,129.89999389648438,130.57000732421875,117.31596374511719,1353100,0.0,0.0
2015-04-24 00:00:00-04:00,130.52999877929688,130.8699951171875,130.24000549316406,130.66000366210938,117.39681243896484,1017100,0.0,0.0
2015-04-27 00:00:00-04:00,131.1699981689453,131.67999267578125,129.6300048828125,130.25,117.02843475341797,2817200,0.0,0.0
2015-04-28 00:00:00-04:00,130.61000061035156,132.02999877929688,128.44000244140625,131.7100067138672,118.34022521972656,2160900,0.0,0.0
2015-04-29 00:00:00-04:00,130.75999450683594,131.52999877929688,124.81999969482422,126.68000030517578,113.82083129882812,3426000,0.0,0.0
2015-04-30 00:00:00-04:00,126.36000061035156,128.14999389648438,124.27999877929688,124.63999938964844,111.98790740966797,2366200,0.0,0.0
2015-05-01 00:00:00-04:00,125.63999938964844,126.55999755859375,124.5,125.48999786376953,112.7516098022461,2680500,0.0,0.0
2015-05-04 00:00:00-04:00,126.06999969482422,127.77999877929688,125.77999877929688,126.7300033569336,113.86576080322266,2158000,0.0,0.0
2015-05-05 00:00:00-04:00,126.0999984741211,126.62999725341797,124.94000244140625,125.25,112.53599548339844,1459700,0.0,0.0
2015-05-06 00:00:00-04:00,126.23999786376953,126.5,124.37999725341797,125.29000091552734,112.5719223022461,1384200,0.0,0.0
2015-05-07 00:00:00-04:00,125.44000244140625,127.19999694824219,125.2300033569336,126.48999786376953,113.65010833740234,1395700,0.0,0.0
2015-05-08 00:00:00-04:00,127.31999969482422,128.97999572753906,127.25,128.49000549316406,115.44709014892578,1333800,0.0,0.0
2015-05-11 00:00:00-04:00,128.55999755859375,129.67999267578125,127.91000366210938,128.3000030517578,115.27638244628906,1252000,0.0,0.0
2015-05-12 00:00:00-04:00,127.81999969482422,132.74000549316406,127.68000030517578,131.86000061035156,118.47500610351562,4211500,0.0,0.0
2015-05-13 00:00:00-04:00,132.4600067138672,133.35000610351562,131.3000030517578,131.69000244140625,118.32225799560547,2521000,0.0,0.0
2015-05-14 00:00:00-04:00,132.47999572753906,133.07000732421875,131.42999267578125,131.85000610351562,118.46602630615234,1460400,0.0,0.0
2015-05-15 00:00:00-04:00,131.75999450683594,132.35000610351562,131.25,132.05999755859375,118.65472412109375,1262800,0.0,0.0
2015-05-18 00:00:00-04:00,131.8699951171875,133.66000366210938,131.77999877929688,133.27000427246094,119.74186706542969,1104800,0.0,0.0
2015-05-19 00:00:00-04:00,134.11000061035156,134.72000122070312,133.5,133.77999877929688,120.20011901855469,1412500,0.0,0.0
2015-05-20 00:00:00-04:00,133.75,134.05999755859375,133.11000061035156,133.66000366210938,120.09230041503906,906000,0.0,0.0
2015-05-21 00:00:00-04:00,133.25,133.55999755859375,132.52000427246094,132.9499969482422,119.45438385009766,1133400,0.0,0.0
2015-05-22 00:00:00-04:00,132.9499969482422,137.16000366210938,132.61000061035156,135.86000061035156,122.06898498535156,3185700,0.0,0.0
2015-05-26 00:00:00-04:00,135.86000061035156,135.88999938964844,133.6999969482422,133.91000366210938,120.31690216064453,1355600,0.0,0.0
2015-05-27 00:00:00-04:00,134.64999389648438,135.6300048828125,134.16000366210938,134.94000244140625,121.24236297607422,1123300,0.0,0.0
2015-05-28 00:00:00-04:00,134.94000244140625,136.0399932861328,134.57000732421875,135.8699951171875,122.07797241210938,1094800,0.0,0.0
2015-05-29 00:00:00-04:00,135.58999633789062,145.3300018310547,134.66000366210938,140.8300018310547,126.53447723388672,6333500,0.0,0.0
2015-06-01 00:00:00-04:00,140.8699951171875,145.3000030517578,140.5,143.86000061035156,129.25692749023438,4593800,0.0,0.0
2015-06-02 00:00:00-04:00,143.0,143.14999389648438,140.6300048828125,141.50999450683594,127.14543151855469,3219800,0.0,0.0
2015-06-03 00:00:00-04:00,141.58999633789062,141.7899932861328,139.13999938964844,140.14999389648438,125.92349243164062,2450400,0.0,0.0
2015-06-04 00:00:00-04:00,139.67999267578125,139.8699951171875,136.97999572753906,137.69000244140625,123.71321868896484,2087000,0.0,0.0
2015-06-05 00:00:00-04:00,137.94000244140625,139.8300018310547,137.1699981689453,139.5,125.33944702148438,1743900,0.0,0.0
2015-06-08 00:00:00-04:00,139.47999572753906,140.72999572753906,138.72000122070312,138.77000427246094,124.6835708618164,1227300,0.0,0.0
2015-06-09 00:00:00-04:00,138.75,139.4600067138672,137.61000061035156,138.5,124.44099426269531,1094100,0.0,0.0
2015-06-10 00:00:00-04:00,138.82000732421875,140.3300018310547,138.00999450683594,139.83999633789062,125.64495849609375,1053400,0.0,0.0
2015-06-11 00:00:00-04:00,140.08999633789062,140.66000366210938,139.02000427246094,139.1999969482422,125.06990051269531,1422500,0.0,0.0
2015-06-12 00:00:00-04:00,138.80999755859375,138.80999755859375,137.1300048828125,137.30999755859375,123.37179565429688,1093800,0.0,0.0
2015-06-15 00:00:00-04:00,136.10000610351562,164.0,135.50999450683594,153.42999267578125,137.85548400878906,14199700,0.0,0.0
2015-06-16 00:00:00-04:00,155.52000427246094,157.10000610351562,150.83999633789062,153.97000122070312,138.3406219482422,6698900,0.0,0.0
2015-06-17 00:00:00-04:00,154.25999450683594,156.75,153.5,155.39999389648438,139.6254425048828,3367500,0.0,0.0
2015-06-18 00:00:00-04:00,155.69000244140625,157.1300048828125,155.00999450683594,156.41000366210938,140.5329132080078,1974800,0.0,0.0
2015-06-19 00:00:00-04:00,156.1199951171875,157.1999969482422,155.0800018310547,155.25999450683594,139.49969482421875,1840200,0.0,0.0
2015-06-22 00:00:00-04:00,166.5,167.0,162.25999450683594,162.60000610351562,146.09463500976562,8989400,0.0,0.0
2015-06-23 00:00:00-04:00,163.22999572753906,164.85000610351562,161.6699981689453,164.75,148.02638244628906,6580700,0.0,0.0
2015-06-24 00:00:00-04:00,164.55999755859375,166.1300048828125,164.0399932861328,165.75,148.9248504638672,3552300,0.0,0.0
2015-06-25 00:00:00-04:00,166.1699981689453,170.39999389648438,164.9600067138672,169.77000427246094,152.53677368164062,6178700,0.0,0.0
2015-06-26 00:00:00-04:00,169.30999755859375,170.67999267578125,164.91000366210938,168.05999755859375,151.00035095214844,11020400,0.0,0.0
2015-06-29 00:00:00-04:00,164.1300048828125,166.4199981689453,163.39999389648438,164.6699981689453,147.9545135498047,2930600,0.0,0.0
2015-06-30 00:00:00-04:00,166.38999938964844,166.38999938964844,161.8699951171875,162.0,145.55555725097656,3468900,0.0,0.0
2015-07-01 00:00:00-04:00,163.7899932861328,163.97999572753906,160.2100067138672,162.0399932861328,145.5914306640625,3589600,0.0,0.0
2015-07-02 00:00:00-04:00,163.25,168.36000061035156,160.1300048828125,161.2899932861328,144.91758728027344,4357800,0.0,0.0
2015-07-06 00:00:00-04:00,159.07000732421875,161.00999450683594,156.7899932861328,160.05999755859375,143.8124237060547,4368700,0.0,0.0
2015-07-07 00:00:00-04:00,159.11000061035156,160.60000610351562,150.58999633789062,154.42999267578125,138.7539520263672,5094000,0.0,0.0
2015-07-08 00:00:00-04:00,152.72000122070312,154.11000061035156,150.0399932861328,150.44000244140625,135.16897583007812,2542300,0.0,0.0
2015-07-09 00:00:00-04:00,151.91000366210938,157.3699951171875,151.02000427246094,156.55999755859375,140.6677703857422,4161500,0.0,0.0
2015-07-10 00:00:00-04:00,157.5,159.42999267578125,155.1999969482422,157.2100067138672,141.2517547607422,1954600,0.0,0.0
2015-07-13 00:00:00-04:00,157.49000549316406,157.61000061035156,153.47000122070312,155.0500030517578,139.31109619140625,1728700,0.0,0.0
2015-07-14 00:00:00-04:00,155.4600067138672,156.5800018310547,154.7100067138672,155.9499969482422,140.1196746826172,1207100,0.0,0.0
2015-07-15 00:00:00-04:00,155.57000732421875,157.91000366210938,155.00999450683594,156.07000732421875,140.2274932861328,1256400,0.0,0.0
2015-07-16 00:00:00-04:00,155.52000427246094,156.42999267578125,153.2899932861328,154.2899932861328,138.62815856933594,1442200,0.0,0.0
2015-07-17 00:00:00-04:00,153.72000122070312,154.6999969482422,152.27000427246094,153.41000366210938,137.8375244140625,1951400,0.0,0.0
2015-07-20 00:00:00-04:00,153.1300048828125,154.00999450683594,151.00999450683594,152.92999267578125,137.40618896484375,1725900,0.0,0.0
2015-07-21 00:00:00-04:00,152.6199951171875,152.99000549316406,150.1699981689453,151.2899932861328,135.93267822265625,2223100,0.0,0.0
2015-07-22 00:00:00-04:00,151.30999755859375,153.38999938964844,150.64999389648438,151.07000732421875,135.7350311279297,1730900,0.0,0.0
2015-07-23 00:00:00-04:00,157.0800018310547,158.0,153.02000427246094,154.36000061035156,138.6910858154297,6778700,0.0,0.0
2015-07-24 00:00:00-04:00,150.57000732421875,151.8000030517578,144.25,145.72000122070312,130.9281005859375,10349100,0.0,0.0
2015-07-27 00:00:00-04:00,145.05999755859375,147.25,144.02000427246094,145.89999389648438,131.08982849121094,3582500,0.0,0.0
2015-07-28 00:00:00-04:00,146.88999938964844,146.88999938964844,144.57000732421875,145.8699951171875,131.06285095214844,3324700,0.0,0.0
2015-07-29 00:00:00-04:00,146.25999450683594,147.1699981689453,145.02000427246094,145.41000366210938,130.64952087402344,3497600,0.0,0.0
2015-07-30 00:00:00-04:00,146.99000549316406,148.22999572753906,143.85000610351562,143.89999389648438,129.29283142089844,3535600,0.0,0.0
2015-07-31 00:00:00-04:00,144.47999572753906,145.25999450683594,143.30999755859375,144.05999755859375,129.43658447265625,2763600,0.0,0.0
2015-08-03 00:00:00-04:00,144.1699981689453,144.80999755859375,142.4499969482422,143.36000061035156,128.80764770507812,1778000,0.0,0.0
2015-08-04 00:00:00-04:00,143.39999389648438,144.2100067138672,143.05999755859375,143.88999938964844,129.2838897705078,2425800,0.0,0.0
2015-08-05 00:00:00-04:00,144.5800018310547,147.97999572753906,144.11000061035156,147.5500030517578,132.5723419189453,3503200,0.0,0.0
2015-08-06 00:00:00-04:00,147.19000244140625,148.49000549316406,145.2100067138672,146.8000030517578,131.8985137939453,2768500,0.0,0.0
2015-08-07 00:00:00-04:00,146.75,146.75,144.5399932861328,145.85000610351562,131.044921875,1025300,0.0,0.0
2015-08-10 00:00:00-04:00,146.3800048828125,147.25,145.19000244140625,145.67999267578125,130.89215087890625,1190100,0.0,0.0
2015-08-11 00:00:00-04:00,145.1699981689453,146.10000610351562,143.97999572753906,144.67999267578125,129.99368286132812,1859600,0.0,0.0
2015-08-12 00:00:00-04:00,143.77000427246094,143.83999633789062,140.80999755859375,143.35000610351562,128.79869079589844,1591200,0.0,0.0
2015-08-13 00:00:00-04:00,143.39999389648438,144.60000610351562,143.14999389648438,143.17999267578125,128.64593505859375,1691400,0.0,0.0
2015-08-14 00:00:00-04:00,143.3300018310547,144.72999572753906,143.08999633789062,144.1199951171875,129.49050903320312,1019100,0.0,0.0
2015-08-17 00:00:00-04:00,143.39999389648438,146.72000122070312,143.0,146.58999633789062,131.7098388671875,1687700,0.0,0.0
2015-08-18 00:00:00-04:00,146.47000122070312,149.25999450683594,146.47000122070312,148.49000549316406,133.4169464111328,2389400,0.0,0.0
2015-08-19 00:00:00-04:00,147.75999450683594,149.86000061035156,146.49000549316406,149.14999389648438,134.0099334716797,2002000,0.0,0.0
2015-08-20 00:00:00-04:00,148.75,148.88999938964844,145.24000549316406,145.24000549316406,130.49681091308594,1729700,0.0,0.0
2015-08-21 00:00:00-04:00,144.8800048828125,145.97999572753906,142.7100067138672,142.7100067138672,128.2236328125,2243500,0.0,0.0
2015-08-24 00:00:00-04:00,127.30000305175781,140.35000610351562,124.16999816894531,135.75,121.97012329101562,3486200,0.0,0.0
2015-08-25 00:00:00-04:00,139.6699981689453,139.6699981689453,133.72000122070312,133.7899932861328,120.2090835571289,2090900,0.0,0.0
2015-08-26 00:00:00-04:00,136.33999633789062,138.02000427246094,134.58999633789062,137.5500030517578,123.5874252319336,2226500,0.0,0.0
2015-08-27 00:00:00-04:00,138.16000366210938,139.83999633789062,134.85000610351562,138.3000030517578,124.26131439208984,1913400,0.0,0.0
2015-08-28 00:00:00-04:00,138.11000061035156,138.57000732421875,136.4499969482422,137.8699951171875,123.87493133544922,1416100,0.0,0.0
2015-08-31 00:00:00-04:00,137.4600067138672,142.10000610351562,137.2100067138672,140.7899932861328,126.49854278564453,2214200,0.0,0.0
2015-09-01 00:00:00-04:00,138.88999938964844,140.1199951171875,137.61000061035156,139.0,124.89025115966797,2014500,0.0,0.0
2015-09-02 00:00:00-04:00,139.89999389648438,140.24000549316406,137.6199951171875,139.33999633789062,125.19568634033203,1309400,0.0,0.0
2015-09-03 00:00:00-04:00,139.64999389648438,142.57000732421875,139.61000061035156,141.6199951171875,127.24429321289062,1536600,0.0,0.0
2015-09-04 00:00:00-04:00,140.27999877929688,140.5500030517578,139.02999877929688,139.3800048828125,125.2316665649414,1830700,0.0,0.0
2015-09-08 00:00:00-04:00,139.8000030517578,141.7899932861328,139.50999450683594,141.0500030517578,126.73211669921875,971900,0.0,0.0
2015-09-09 00:00:00-04:00,142.10000610351562,142.49000549316406,139.5800018310547,139.75,125.56411743164062,1800000,0.0,0.0
2015-09-10 00:00:00-04:00,139.2100067138672,140.0,137.35000610351562,137.4600067138672,123.5065689086914,2665300,0.0,0.0
2015-09-11 00:00:00-04:00,136.75999450683594,139.63999938964844,136.52000427246094,139.6199951171875,125.44728088378906,1428000,0.0,0.0
2015-09-14 00:00:00-04:00,139.7100067138672,140.0,138.92999267578125,139.33999633789062,125.19568634033203,993000,0.0,0.0
2015-09-15 00:00:00-04:00,139.6699981689453,141.0500030517578,139.13999938964844,140.69000244140625,126.40869903564453,869200,0.0,0.0
2015-09-16 00:00:00-04:00,141.02000427246094,142.86000061035156,140.6699981689453,142.58999633789062,128.11581420898438,893600,0.0,0.0
2015-09-17 00:00:00-04:00,143.0,144.66000366210938,141.9199981689453,142.75,128.25955200195312,1011700,0.0,0.0
2015-09-18 00:00:00-04:00,141.44000244140625,142.6300048828125,141.0800018310547,141.6199951171875,127.24429321289062,1481400,0.0,0.0
2015-09-21 00:00:00-04:00,142.3699951171875,142.9499969482422,140.55999755859375,142.08999633789062,127.66655731201172,832800,0.0,0.0
2015-09-22 00:00:00-04:00,141.80999755859375,141.80999755859375,140.14999389648438,141.14999389648438,126.82201385498047,793600,0.0,0.0
2015-09-23 00:00:00-04:00,140.97000122070312,143.1199951171875,140.25999450683594,142.7100067138672,128.2236328125,1352300,0.0,0.0
2015-09-24 00:00:00-04:00,140.07000732421875,142.41000366210938,139.3000030517578,141.02000427246094,126.7051773071289,1211400,0.0,0.0
2015-09-25 00:00:00-04:00,141.64999389648438,141.85000610351562,136.38999938964844,137.47999572753906,123.52454376220703,1850200,0.0,0.0
2015-09-28 00:00:00-04:00,136.74000549316406,137.1199951171875,132.52000427246094,133.0,119.49928283691406,2790500,0.0,0.0
2015-09-29 00:00:00-04:00,132.8300018310547,135.00999450683594,131.4499969482422,132.5,119.050048828125,2099000,0.0,0.0
2015-09-30 00:00:00-04:00,133.19000244140625,135.91000366210938,133.19000244140625,135.02000427246094,121.31425476074219,1964500,0.0,0.0
2015-10-01 00:00:00-04:00,134.63999938964844,135.97999572753906,133.88999938964844,135.42999267578125,121.68260192871094,1469800,0.0,0.0
2015-10-02 00:00:00-04:00,131.97000122070312,138.6699981689453,131.97000122070312,138.5800018310547,124.51286315917969,1595600,0.0,0.0
2015-10-05 00:00:00-04:00,139.5,140.27999877929688,138.47000122070312,139.69000244140625,125.51016235351562,1084400,0.0,0.0
2015-10-06 00:00:00-04:00,139.47999572753906,139.5,135.86000061035156,136.7100067138672,122.83269500732422,1534300,0.0,0.0
2015-10-07 00:00:00-04:00,136.99000549316406,137.25999450683594,135.67999267578125,136.6300048828125,122.76080322265625,2632000,0.0,0.0
2015-10-08 00:00:00-04:00,135.8699951171875,136.60000610351562,133.6300048828125,133.6300048828125,120.06532287597656,2155800,0.0,0.0
2015-10-09 00:00:00-04:00,133.24000549316406,136.36000061035156,133.05999755859375,136.36000061035156,122.51822662353516,2299900,0.0,0.0
2015-10-12 00:00:00-04:00,136.5,137.7899932861328,135.4199981689453,137.61000061035156,123.64134216308594,945200,0.0,0.0
2015-10-13 00:00:00-04:00,137.63999938964844,140.72999572753906,137.1699981689453,138.85000610351562,124.75545501708984,1379000,0.0,0.0
2015-10-14 00:00:00-04:00,138.82000732421875,139.60000610351562,136.41000366210938,137.60000610351562,123.63233947753906,897700,0.0,0.0
2015-10-15 00:00:00-04:00,137.25999450683594,139.1300048828125,134.13999938964844,139.08999633789062,124.97110748291016,2423500,0.0,0.0
2015-10-16 00:00:00-04:00,140.32000732421875,141.25,139.42999267578125,140.74000549316406,126.45362091064453,1780700,0.0,0.0
2015-10-19 00:00:00-04:00,140.27000427246094,142.72999572753906,140.0,141.89999389648438,127.4958724975586,800300,0.0,0.0
2015-10-20 00:00:00-04:00,141.89999389648438,142.66000366210938,141.49000549316406,142.2100067138672,127.7744140625,635800,0.0,0.0
2015-10-21 00:00:00-04:00,142.92999267578125,143.13999938964844,128.02000427246094,136.61000061035156,122.7428207397461,3511400,0.0,0.0
2015-10-22 00:00:00-04:00,135.92999267578125,136.41000366210938,127.69999694824219,129.49000549316406,116.3455810546875,4702000,0.0,0.0
2015-10-23 00:00:00-04:00,129.86000061035156,133.10000610351562,129.77999877929688,132.5399932861328,119.08598327636719,1943700,0.0,0.0
2015-10-26 00:00:00-04:00,132.85000610351562,133.3800048828125,131.8300018310547,133.1300048828125,119.6160888671875,1519500,0.0,0.0
2015-10-27 00:00:00-04:00,132.8800048828125,137.58999633789062,132.72999572753906,136.97000122070312,123.0662841796875,2229100,0.0,0.0
2015-10-28 00:00:00-04:00,136.74000549316406,137.38999938964844,131.1999969482422,136.0500030517578,122.23966979980469,1398400,0.0,0.0
2015-10-29 00:00:00-04:00,136.10000610351562,137.85000610351562,135.36000061035156,135.5500030517578,121.7904281616211,965300,0.0,0.0
2015-10-30 00:00:00-04:00,135.63999938964844,136.41000366210938,133.94000244140625,134.0399932861328,120.43370819091797,1210500,0.0,0.0
2015-11-02 00:00:00-05:00,134.5500030517578,135.66000366210938,133.16000366210938,133.75,120.17317199707031,1229900,0.0,0.0
2015-11-03 00:00:00-05:00,133.8300018310547,134.22000122070312,131.1300048828125,131.9499969482422,118.55587768554688,1259000,0.0,0.0
2015-11-04 00:00:00-05:00,132.0399932861328,132.74000549316406,129.8000030517578,129.94000244140625,116.74991607666016,1901000,0.0,0.0
2015-11-05 00:00:00-05:00,130.11000061035156,132.58999633789062,129.3300018310547,132.39999389648438,118.9601821899414,1327800,0.0,0.0
2015-11-06 00:00:00-05:00,132.39999389648438,133.17999267578125,129.0,132.80999755859375,119.3285903930664,1771900,0.0,0.0
2015-11-09 00:00:00-05:00,132.3300018310547,133.4600067138672,131.52999877929688,132.94000244140625,119.44538879394531,1519700,0.0,0.0
2015-11-10 00:00:00-05:00,132.7100067138672,134.5399932861328,132.5,134.25,120.62242889404297,1456900,0.0,0.0
2015-11-11 00:00:00-05:00,134.25,134.36000061035156,131.66000366210938,131.80999755859375,118.43009185791016,1488700,0.0,0.0
2015-11-12 00:00:00-05:00,130.72999572753906,133.57000732421875,130.72999572753906,131.38999938964844,118.052734375,1212000,0.0,0.0
2015-11-13 00:00:00-05:00,131.49000549316406,133.25999450683594,130.66000366210938,131.57000732421875,118.2144546508789,1854500,0.0,0.0
2015-11-16 00:00:00-05:00,131.66000366210938,134.10000610351562,131.4499969482422,133.49000549316406,119.9395523071289,981500,0.0,0.0
2015-11-17 00:00:00-05:00,133.25999450683594,136.1999969482422,132.60000610351562,133.75999450683594,120.18212127685547,1357300,0.0,0.0
2015-11-18 00:00:00-05:00,133.67999267578125,135.50999450683594,132.89999389648438,135.13999938964844,121.42205810546875,847000,0.0,0.0
2015-11-19 00:00:00-05:00,130.5,131.99000549316406,127.44000244140625,127.83000183105469,114.85409545898438,2848600,0.0,0.0
2015-11-20 00:00:00-05:00,128.5500030517578,132.6199951171875,128.08999633789062,132.1699981689453,118.7535171508789,1855900,0.0,0.0
2015-11-23 00:00:00-05:00,132.6699981689453,134.57000732421875,132.58999633789062,133.1699981689453,119.65203857421875,1152700,0.0,0.0
2015-11-24 00:00:00-05:00,133.05999755859375,134.36000061035156,132.77999877929688,134.25999450683594,120.63134765625,1308400,0.0,0.0
2015-11-25 00:00:00-05:00,134.63999938964844,135.13999938964844,134.05999755859375,134.1300048828125,120.51460266113281,907300,0.0,0.0
2015-11-27 00:00:00-05:00,134.4600067138672,136.35000610351562,133.99000549316406,135.3000030517578,121.56583404541016,457900,0.0,0.0
2015-11-30 00:00:00-05:00,135.24000549316406,135.88999938964844,134.27999877929688,134.97999572753906,121.27828216552734,1271700,0.0,0.0
2015-12-01 00:00:00-05:00,135.27999877929688,139.83999633789062,135.0500030517578,139.58999633789062,125.42035675048828,1871000,0.0,0.0
2015-12-02 00:00:00-05:00,139.2899932861328,142.13999938964844,138.6199951171875,139.74000549316406,125.55512237548828,2880200,0.0,0.0
2015-12-03 00:00:00-05:00,139.49000549316406,140.02000427246094,136.94000244140625,137.25999450683594,123.32685089111328,2541200,0.0,0.0
2015-12-04 00:00:00-05:00,138.27000427246094,141.00999450683594,137.83999633789062,140.42999267578125,126.1750717163086,1394000,0.0,0.0
2015-12-07 00:00:00-05:00,140.61000061035156,140.89999389648438,136.92999267578125,137.7899932861328,123.8030776977539,938000,0.0,0.0
2015-12-08 00:00:00-05:00,137.0,138.30999755859375,136.49000549316406,137.3000030517578,123.36278533935547,897300,0.0,0.0
2015-12-09 00:00:00-05:00,136.24000549316406,138.1699981689453,136.24000549316406,137.1199951171875,123.20110321044922,971600,0.0,0.0
2015-12-10 00:00:00-05:00,137.1199951171875,139.77999877929688,136.44000244140625,139.22999572753906,125.09687042236328,934300,0.0,0.0
2015-12-11 00:00:00-05:00,137.61000061035156,141.94000244140625,137.61000061035156,140.0800018310547,125.86058807373047,1203400,0.0,0.0
2015-12-14 00:00:00-05:00,140.72000122070312,141.6300048828125,139.27999877929688,140.69000244140625,126.40869903564453,1478100,0.0,0.0
2015-12-15 00:00:00-05:00,141.9199981689453,142.94000244140625,139.3699951171875,140.63999938964844,126.36377716064453,1653100,0.0,0.0
2015-12-16 00:00:00-05:00,141.5800018310547,142.4499969482422,138.3699951171875,141.19000244140625,126.85796356201172,1530700,0.0,0.0
2015-12-17 00:00:00-05:00,141.1999969482422,144.00999450683594,141.0399932861328,143.0,128.4841766357422,2073100,0.0,0.0
2015-12-18 00:00:00-05:00,142.88999938964844,144.5800018310547,142.63999938964844,143.97000122070312,129.35572814941406,2948200,0.0,0.0
2015-12-21 00:00:00-05:00,144.33999633789062,146.61000061035156,143.50999450683594,144.47000122070312,129.8049774169922,1567200,0.0,0.0
2015-12-22 00:00:00-05:00,145.30999755859375,146.00999450683594,143.63999938964844,145.64999389648438,130.86521911621094,1148500,0.0,0.0
2015-12-23 00:00:00-05:00,145.91000366210938,147.13999938964844,145.3699951171875,146.86000061035156,131.95237731933594,875000,0.0,0.0
2015-12-24 00:00:00-05:00,146.67999267578125,147.9199981689453,146.4600067138672,146.4600067138672,131.59298706054688,717100,0.0,0.0
2015-12-28 00:00:00-05:00,146.0800018310547,147.32000732421875,146.0800018310547,147.07000732421875,132.14105224609375,546800,0.0,0.0
2015-12-29 00:00:00-05:00,146.9600067138672,148.5500030517578,146.5399932861328,148.3699951171875,133.30905151367188,718500,0.0,0.0
2015-12-30 00:00:00-05:00,148.22000122070312,148.25,146.80999755859375,146.85000610351562,131.94338989257812,581100,0.0,0.0
2015-12-31 00:00:00-05:00,146.42999267578125,147.85000610351562,145.89999389648438,146.3300018310547,131.47616577148438,896800,0.0,0.0
2016-01-04 00:00:00-05:00,144.7100067138672,146.8699951171875,144.08999633789062,146.5500030517578,131.67381286621094,1461700,0.0,0.0
2016-01-05 00:00:00-05:00,146.49000549316406,148.13999938964844,143.72000122070312,144.13999938964844,129.5084991455078,1514800,0.0,0.0
2016-01-06 00:00:00-05:00,143.4600067138672,144.8699951171875,142.75,143.02999877929688,128.51112365722656,1180200,0.0,0.0
2016-01-07 00:00:00-05:00,141.0,142.9600067138672,140.22999572753906,141.3699951171875,127.01966094970703,1779600,0.0,0.0
2016-01-08 00:00:00-05:00,142.0,142.1300048828125,138.5800018310547,138.74000549316406,124.6566162109375,1465400,0.0,0.0
2016-01-11 00:00:00-05:00,138.92999267578125,139.36000061035156,134.72999572753906,134.72999572753906,121.0536880493164,2100200,0.0,0.0
2016-01-12 00:00:00-05:00,135.41000366210938,139.47000122070312,135.02000427246094,139.0800018310547,124.9621353149414,1811400,0.0,0.0
2016-01-13 00:00:00-05:00,139.22999572753906,140.1300048828125,134.91000366210938,135.25999450683594,121.52987670898438,1671200,0.0,0.0
2016-01-14 00:00:00-05:00,134.9600067138672,139.1699981689453,134.9600067138672,138.72000122070312,124.638671875,1975300,0.0,0.0
2016-01-15 00:00:00-05:00,136.75,137.22000122070312,134.6199951171875,136.22999572753906,122.40142822265625,1718100,0.0,0.0
2016-01-19 00:00:00-05:00,136.27999877929688,141.42999267578125,136.25999450683594,139.9199981689453,125.71684265136719,1843800,0.0,0.0
2016-01-20 00:00:00-05:00,138.66000366210938,140.22000122070312,135.1300048828125,139.22999572753906,125.09687042236328,1908600,0.0,0.0
2016-01-21 00:00:00-05:00,139.3800048828125,142.6300048828125,139.1199951171875,140.1300048828125,125.90550994873047,1846300,0.0,0.0
2016-01-22 00:00:00-05:00,137.89999389648438,141.19000244140625,136.44000244140625,137.89999389648438,123.90187072753906,2345600,0.0,0.0
2016-01-25 00:00:00-05:00,138.25999450683594,138.86000061035156,135.6699981689453,135.85000610351562,122.05999755859375,1664500,0.0,0.0
2016-01-26 00:00:00-05:00,137.10000610351562,137.4499969482422,134.3300018310547,135.4199981689453,121.6736068725586,1150800,0.0,0.0
2016-01-27 00:00:00-05:00,135.41000366210938,135.41000366210938,129.8800048828125,131.44000244140625,118.09766387939453,2696100,0.0,0.0
2016-01-28 00:00:00-05:00,132.08999633789062,133.1999969482422,129.11000061035156,129.8300018310547,116.65105438232422,1156600,0.0,0.0
2016-01-29 00:00:00-05:00,130.22000122070312,133.60000610351562,130.0800018310547,133.60000610351562,120.03841400146484,1664900,0.0,0.0
2016-02-01 00:00:00-05:00,133.33999633789062,135.2100067138672,132.55999755859375,133.22999572753906,119.70594787597656,1728600,0.0,0.0
2016-02-02 00:00:00-05:00,133.1999969482422,133.1999969482422,130.99000549316406,131.89999389648438,118.51093292236328,1128000,0.0,0.0
2016-02-03 00:00:00-05:00,132.0399932861328,133.0500030517578,130.6999969482422,132.5,119.050048828125,2080900,0.0,0.0
2016-02-04 00:00:00-05:00,130.60000610351562,134.97000122070312,130.60000610351562,134.77000427246094,121.08959197998047,2151600,0.0,0.0
2016-02-05 00:00:00-05:00,133.66000366210938,135.11000061035156,131.6999969482422,133.0500030517578,119.5442123413086,1567200,0.0,0.0
2016-02-08 00:00:00-05:00,132.1199951171875,132.30999755859375,124.12000274658203,124.95999908447266,112.27542877197266,2763600,0.0,0.0
2016-02-09 00:00:00-05:00,124.48999786376953,129.11000061035156,123.54000091552734,128.17999267578125,115.16857147216797,1159100,0.0,0.0
2016-02-10 00:00:00-05:00,128.6300048828125,131.07000732421875,128.0,129.5,116.35457611083984,822000,0.0,0.0
2016-02-11 00:00:00-05:00,127.95999908447266,130.27999877929688,127.87999725341797,128.0,115.00682830810547,1155200,0.0,0.0
2016-02-12 00:00:00-05:00,128.72999572753906,130.5,127.44000244140625,130.3000030517578,117.07333374023438,685600,0.0,0.0
2016-02-16 00:00:00-05:00,131.77999877929688,134.36000061035156,130.64999389648438,134.17999267578125,120.55949401855469,851400,0.0,0.0
2016-02-17 00:00:00-05:00,134.66000366210938,136.27000427246094,133.00999450683594,135.85000610351562,122.05999755859375,966300,0.0,0.0
2016-02-18 00:00:00-05:00,135.60000610351562,137.17999267578125,135.0,135.64999389648438,121.88027954101562,1010800,0.0,0.0
2016-02-19 00:00:00-05:00,137.0,137.0,133.61000061035156,133.94000244140625,120.3438491821289,1094200,0.0,0.0
2016-02-22 00:00:00-05:00,135.33999633789062,138.11000061035156,135.3000030517578,136.36000061035156,122.51822662353516,1254900,0.0,0.0
2016-02-23 00:00:00-05:00,135.69000244140625,138.00999450683594,135.69000244140625,137.83999633789062,123.84796142578125,955600,0.0,0.0
2016-02-24 00:00:00-05:00,137.49000549316406,137.77999877929688,135.4600067138672,137.24000549316406,123.30892944335938,637400,0.0,0.0
2016-02-25 00:00:00-05:00,137.67999267578125,140.47999572753906,137.10000610351562,140.32000732421875,126.07622528076172,909000,0.0,0.0
2016-02-26 00:00:00-05:00,140.17999267578125,143.22999572753906,140.00999450683594,141.25,126.91182708740234,1132800,0.0,0.0
2016-02-29 00:00:00-05:00,140.4499969482422,142.6699981689453,139.5800018310547,139.61000061035156,125.43830871582031,1238300,0.0,0.0
2016-03-01 00:00:00-05:00,140.63999938964844,140.97000122070312,137.47000122070312,138.52999877929688,124.46794128417969,1574400,0.0,0.0
2016-03-02 00:00:00-05:00,138.0500030517578,140.85000610351562,137.57000732421875,140.5,126.23800659179688,954200,0.0,0.0
2016-03-03 00:00:00-05:00,139.8800048828125,141.25999450683594,138.6999969482422,140.42999267578125,126.1750717163086,880100,0.0,0.0
2016-03-04 00:00:00-05:00,139.60000610351562,140.5,137.75,138.94000244140625,124.83631134033203,1251100,0.0,0.0
2016-03-07 00:00:00-05:00,138.0,141.02999877929688,137.99000549316406,140.47000122070312,126.21099090576172,974500,0.0,0.0
2016-03-08 00:00:00-05:00,139.55999755859375,141.00999450683594,139.0500030517578,139.9199981689453,125.71684265136719,934900,0.0,0.0
2016-03-09 00:00:00-05:00,140.8800048828125,142.0,138.91000366210938,140.08999633789062,125.9055404663086,1339100,0.04,0.0
2016-03-10 00:00:00-05:00,140.0,142.85000610351562,139.5399932861328,142.1300048828125,127.73902893066406,1225900,0.0,0.0
2016-03-11 00:00:00-05:00,142.4499969482422,144.8000030517578,142.1699981689453,144.6199951171875,129.97694396972656,1019700,0.0,0.0
2016-03-14 00:00:00-04:00,143.6300048828125,145.75,143.6300048828125,145.27000427246094,130.5610809326172,1009500,0.0,0.0
2016-03-15 00:00:00-04:00,144.17999267578125,145.1199951171875,143.35000610351562,143.38999938964844,128.87144470214844,1388400,0.0,0.0
2016-03-16 00:00:00-04:00,143.00999450683594,144.2100067138672,139.92999267578125,141.9499969482422,127.57723236083984,697700,0.0,0.0
2016-03-17 00:00:00-04:00,141.89999389648438,141.94000244140625,136.6699981689453,137.8000030517578,123.84746551513672,1285400,0.0,0.0
2016-03-18 00:00:00-04:00,138.02000427246094,141.22000122070312,137.55999755859375,139.52999877929688,125.40229034423828,1174100,0.0,0.0
2016-03-21 00:00:00-04:00,139.0399932861328,139.9499969482422,137.5399932861328,138.14999389648438,124.16199493408203,540000,0.0,0.0
2016-03-22 00:00:00-04:00,137.77999877929688,139.77999877929688,136.91000366210938,138.9499969482422,124.88101959228516,623400,0.0,0.0
2016-03-23 00:00:00-04:00,139.25,139.94000244140625,137.47999572753906,137.8699951171875,123.91035461425781,613600,0.0,0.0
2016-03-24 00:00:00-04:00,137.08999633789062,138.2899932861328,136.97000122070312,137.9499969482422,123.9822769165039,462600,0.0,0.0
2016-03-28 00:00:00-04:00,138.25999450683594,138.67999267578125,137.17999267578125,137.61000061035156,123.67669677734375,497200,0.0,0.0
2016-03-29 00:00:00-04:00,137.33999633789062,138.72000122070312,137.07000732421875,138.07000732421875,124.09014129638672,1185200,0.0,0.0
2016-03-30 00:00:00-04:00,138.52999877929688,140.22000122070312,137.35000610351562,137.4600067138672,123.54188537597656,1187000,0.0,0.0
2016-03-31 00:00:00-04:00,137.60000610351562,138.4199981689453,136.17999267578125,137.24000549316406,123.34418487548828,1276500,0.0,0.0
2016-04-01 00:00:00-04:00,136.72000122070312,137.6300048828125,135.13999938964844,137.16000366210938,123.27225494384766,1802600,0.0,0.0
2016-04-04 00:00:00-04:00,137.0,141.66000366210938,136.3699951171875,141.22999572753906,126.93016052246094,2703700,0.0,0.0
2016-04-05 00:00:00-04:00,140.97000122070312,141.2100067138672,135.47000122070312,135.49000549316406,121.77136993408203,2720900,0.0,0.0
2016-04-06 00:00:00-04:00,135.1699981689453,136.1699981689453,132.4600067138672,135.1999969482422,121.51071166992188,2504900,0.0,0.0
2016-04-07 00:00:00-04:00,133.13999938964844,135.4600067138672,131.00999450683594,131.86000061035156,118.50888061523438,1971500,0.0,0.0
2016-04-08 00:00:00-04:00,132.60000610351562,133.25,129.4499969482422,130.41000366210938,117.2056884765625,2366900,0.0,0.0
2016-04-11 00:00:00-04:00,130.3800048828125,132.6999969482422,130.32000732421875,132.0500030517578,118.67965698242188,1863000,0.0,0.0
2016-04-12 00:00:00-04:00,131.97000122070312,136.30999755859375,131.9600067138672,135.77999877929688,122.03196716308594,1499900,0.0,0.0
2016-04-13 00:00:00-04:00,136.24000549316406,139.8800048828125,135.57000732421875,137.0,123.12842559814453,1539700,0.0,0.0
2016-04-14 00:00:00-04:00,137.08999633789062,137.2899932861328,134.9499969482422,135.0,121.3309555053711,964600,0.0,0.0
2016-04-15 00:00:00-04:00,135.6699981689453,137.64999389648438,134.83999633789062,136.64999389648438,122.81391143798828,1592300,0.0,0.0
2016-04-18 00:00:00-04:00,135.97999572753906,137.5800018310547,135.92999267578125,137.1199951171875,123.236328125,950900,0.0,0.0
2016-04-19 00:00:00-04:00,138.19000244140625,139.9499969482422,137.5,139.8699951171875,125.70784759521484,1432900,0.0,0.0
2016-04-20 00:00:00-04:00,139.80999755859375,142.91000366210938,139.0500030517578,141.27000427246094,126.96607971191406,1179500,0.0,0.0
2016-04-21 00:00:00-04:00,141.35000610351562,142.82000732421875,139.72999572753906,140.33999633789062,126.13026428222656,747300,0.0,0.0
2016-04-22 00:00:00-04:00,140.5800018310547,142.11000061035156,140.02999877929688,141.82000732421875,127.4604263305664,572600,0.0,0.0
2016-04-25 00:00:00-04:00,141.5,141.77000427246094,140.24000549316406,140.25,126.04934692382812,788300,0.0,0.0
2016-04-26 00:00:00-04:00,140.1199951171875,141.14999389648438,139.3000030517578,140.67999267578125,126.4358139038086,1417700,0.0,0.0
2016-04-27 00:00:00-04:00,140.57000732421875,141.0,137.69000244140625,139.27000427246094,125.16862487792969,974900,0.0,0.0
2016-04-28 00:00:00-04:00,138.3300018310547,141.0,138.0399932861328,139.94000244140625,125.77078247070312,566000,0.0,0.0
2016-04-29 00:00:00-04:00,138.94000244140625,139.16000366210938,137.27999877929688,138.5399932861328,124.51254272460938,674900,0.0,0.0
2016-05-02 00:00:00-04:00,139.24000549316406,139.7899932861328,137.52999877929688,138.27999877929688,124.27886199951172,653600,0.0,0.0
2016-05-03 00:00:00-04:00,137.9199981689453,139.0800018310547,136.69000244140625,137.74000549316406,123.79351806640625,708100,0.0,0.0
2016-05-04 00:00:00-04:00,136.94000244140625,137.74000549316406,134.7100067138672,135.3000030517578,121.60059356689453,1038500,0.0,0.0
2016-05-05 00:00:00-04:00,135.0,136.33999633789062,134.47999572753906,134.92999267578125,121.26801300048828,815000,0.0,0.0
2016-05-06 00:00:00-04:00,137.0,137.0,129.0500030517578,130.85000610351562,117.60115814208984,2575300,0.0,0.0
2016-05-09 00:00:00-04:00,130.6999969482422,132.83999633789062,130.25999450683594,131.3800048828125,118.07750701904297,1265400,0.0,0.0
2016-05-10 00:00:00-04:00,131.58999633789062,133.55999755859375,131.3000030517578,133.0500030517578,119.5783920288086,751500,0.0,0.0
2016-05-11 00:00:00-04:00,133.08999633789062,133.75,130.08999633789062,130.50999450683594,117.29557037353516,1468400,0.0,0.0
2016-05-12 00:00:00-04:00,130.52999877929688,130.52999877929688,127.2699966430664,128.05999755859375,115.09364318847656,1795900,0.0,0.0
2016-05-13 00:00:00-04:00,128.3699951171875,129.27000427246094,126.06999969482422,128.36000061035156,115.36328125,1609100,0.0,0.0
2016-05-16 00:00:00-04:00,128.30999755859375,130.9199981689453,127.86000061035156,130.00999450683594,116.84619903564453,913300,0.0,0.0
2016-05-17 00:00:00-04:00,129.67999267578125,130.5500030517578,128.02999877929688,130.44000244140625,117.23267364501953,1626400,0.0,0.0
2016-05-18 00:00:00-04:00,130.32000732421875,130.66000366210938,128.1999969482422,129.47999572753906,116.36983489990234,763300,0.0,0.0
2016-05-19 00:00:00-04:00,128.60000610351562,130.07000732421875,127.19999694824219,129.05999755859375,115.99238586425781,683900,0.0,0.0
2016-05-20 00:00:00-04:00,129.72000122070312,131.30999755859375,129.5,131.27999877929688,117.98760986328125,1976600,0.0,0.0
2016-05-23 00:00:00-04:00,128.47000122070312,128.5,125.01000213623047,126.1500015258789,113.37704467773438,4228400,0.0,0.0
2016-05-24 00:00:00-04:00,126.88999938964844,128.0,124.5199966430664,124.80999755859375,112.17269897460938,4518600,0.0,0.0
2016-05-25 00:00:00-04:00,126.12999725341797,129.8699951171875,125.1500015258789,129.3000030517578,116.2081069946289,3455000,0.0,0.0
2016-05-26 00:00:00-04:00,129.64999389648438,130.55999755859375,128.55999755859375,128.8699951171875,115.82162475585938,933100,0.0,0.0
2016-05-27 00:00:00-04:00,128.91000366210938,130.02999877929688,128.5399932861328,128.82000732421875,115.77669525146484,980100,0.0,0.0
2016-05-31 00:00:00-04:00,129.0,129.22999572753906,127.45999908447266,128.11000061035156,115.13858795166016,2260900,0.0,0.0
2016-06-01 00:00:00-04:00,128.11000061035156,128.38999938964844,126.27999877929688,127.72000122070312,114.78807830810547,1643200,0.0,0.0
2016-06-02 00:00:00-04:00,127.76000213623047,129.83999633789062,127.72000122070312,129.57000732421875,116.45075988769531,1492100,0.0,0.0
2016-06-03 00:00:00-04:00,128.97000122070312,130.27999877929688,128.89999389648438,129.6999969482422,116.56758880615234,1236900,0.0,0.0
2016-06-06 00:00:00-04:00,129.75,131.25,128.47000122070312,129.6300048828125,116.50466918945312,857600,0.0,0.0
2016-06-07 00:00:00-04:00,129.16000366210938,130.5,128.6699981689453,128.86000061035156,115.81263732910156,1189100,0.0,0.0
2016-06-08 00:00:00-04:00,128.82000732421875,131.39999389648438,128.44000244140625,131.1699981689453,117.88875579833984,1243400,0.0,0.0
2016-06-09 00:00:00-04:00,130.47999572753906,131.77000427246094,128.74000549316406,129.25,116.16315460205078,1043900,0.0,0.0
2016-06-10 00:00:00-04:00,128.55999755859375,129.22999572753906,127.55999755859375,128.0800018310547,115.11161041259766,1105000,0.0,0.0
2016-06-13 00:00:00-04:00,127.31999969482422,128.91000366210938,126.2300033569336,126.5,113.69159698486328,1312500,0.0,0.0
2016-06-14 00:00:00-04:00,126.30000305175781,127.55000305175781,125.69999694824219,127.37000274658203,114.4735107421875,987200,0.0,0.0
2016-06-15 00:00:00-04:00,127.52999877929688,128.22999572753906,126.08000183105469,126.55999755859375,113.74551391601562,1003500,0.0,0.0
2016-06-16 00:00:00-04:00,126.30999755859375,129.02000427246094,124.5,128.69000244140625,115.65985870361328,1865200,0.0,0.0
2016-06-17 00:00:00-04:00,129.0,130.0,128.0,129.5,116.38784790039062,1557200,0.0,0.0
2016-06-20 00:00:00-04:00,127.8499984741211,129.3800048828125,127.0,127.83999633789062,114.89591979980469,2537100,0.0,0.0
2016-06-21 00:00:00-04:00,127.8499984741211,128.25,126.73999786376953,127.79000091552734,114.8509750366211,1077100,0.0,0.0
2016-06-22 00:00:00-04:00,128.11000061035156,129.36000061035156,127.33000183105469,127.9000015258789,114.94982147216797,1612100,0.0,0.0
2016-06-23 00:00:00-04:00,129.0,129.97999572753906,128.42999267578125,129.75,116.61254119873047,1427900,0.0,0.0
2016-06-24 00:00:00-04:00,126.77999877929688,128.22999572753906,126.18000030517578,127.70999908447266,114.77909088134766,3304500,0.0,0.0
2016-06-27 00:00:00-04:00,126.69999694824219,126.80000305175781,121.87000274658203,122.08999633789062,109.72809600830078,2083300,0.0,0.0
2016-06-28 00:00:00-04:00,124.04000091552734,125.43000030517578,122.87999725341797,125.20999908447266,112.5322036743164,1610900,0.0,0.0
2016-06-29 00:00:00-04:00,125.87000274658203,129.19000244140625,125.55000305175781,128.8300018310547,115.78570556640625,1377300,0.0,0.0
2016-06-30 00:00:00-04:00,128.1999969482422,129.19000244140625,126.69999694824219,127.98999786376953,115.03072357177734,1846900,0.0,0.0
2016-07-01 00:00:00-04:00,128.3300018310547,130.75,127.5999984741211,128.27000427246094,115.28240203857422,1848600,0.0,0.0
2016-07-05 00:00:00-04:00,128.39999389648438,128.8000030517578,125.76000213623047,126.75,113.9162826538086,1168700,0.0,0.0
2016-07-06 00:00:00-04:00,126.58000183105469,129.25999450683594,125.33999633789062,128.3000030517578,115.3093490600586,1584900,0.0,0.0
2016-07-07 00:00:00-04:00,128.82000732421875,129.27999877929688,126.68000030517578,127.0,114.1409912109375,2082700,0.0,0.0
2016-07-08 00:00:00-04:00,127.80000305175781,129.89999389648438,126.4000015258789,129.60000610351562,116.47770690917969,2226200,0.0,0.0
2016-07-11 00:00:00-04:00,129.5,129.8699951171875,128.05999755859375,128.3699951171875,115.37223052978516,1383900,0.0,0.0
2016-07-12 00:00:00-04:00,128.1199951171875,129.1699981689453,128.0,129.0,115.9384536743164,1328800,0.0,0.0
2016-07-13 00:00:00-04:00,129.63999938964844,130.33999633789062,128.92999267578125,130.19000244140625,117.00798034667969,1122600,0.0,0.0
2016-07-14 00:00:00-04:00,130.69000244140625,130.99000549316406,129.72000122070312,130.00999450683594,116.84619903564453,1757700,0.0,0.0
2016-07-15 00:00:00-04:00,130.47000122070312,133.47999572753906,130.0399932861328,131.6699981689453,118.33812713623047,2496500,0.0,0.0
2016-07-18 00:00:00-04:00,132.6999969482422,133.6999969482422,131.41000366210938,133.1300048828125,119.6502914428711,1834800,0.0,0.0
2016-07-19 00:00:00-04:00,133.0800018310547,133.85000610351562,129.13999938964844,130.3000030517578,117.10681915283203,3183000,0.0,0.0
2016-07-20 00:00:00-04:00,131.02000427246094,133.25,130.99000549316406,133.11000061035156,119.63231658935547,1947400,0.0,0.0
2016-07-21 00:00:00-04:00,131.9199981689453,148.99000549316406,131.8000030517578,140.32000732421875,126.1122817993164,5321100,0.0,0.0
2016-07-22 00:00:00-04:00,141.64999389648438,146.74000549316406,139.74000549316406,146.0,131.21717834472656,3963900,0.0,0.0
2016-07-25 00:00:00-04:00,146.0,146.0,139.85000610351562,140.2100067138672,126.01345825195312,3500200,0.0,0.0
2016-07-26 00:00:00-04:00,139.69000244140625,142.63999938964844,138.25,140.00999450683594,125.83370208740234,2398700,0.0,0.0
2016-07-27 00:00:00-04:00,139.44000244140625,139.44000244140625,137.16000366210938,138.1300048828125,124.14401245117188,2265000,0.0,0.0
2016-07-28 00:00:00-04:00,137.74000549316406,138.77999877929688,135.94000244140625,135.99000549316406,122.22071075439453,1994600,0.0,0.0
2016-07-29 00:00:00-04:00,128.6999969482422,130.75,127.30000305175781,128.9600067138672,115.90252685546875,5451000,0.0,0.0
2016-08-01 00:00:00-04:00,128.75,130.11000061035156,126.0199966430664,126.79000091552734,113.95221710205078,1905500,0.0,0.0
2016-08-02 00:00:00-04:00,126.58999633789062,127.69999694824219,123.52999877929688,124.12999725341797,111.56156158447266,1753100,0.0,0.0
2016-08-03 00:00:00-04:00,124.19000244140625,125.62999725341797,123.70999908447266,124.5999984741211,111.9839859008789,1713500,0.0,0.0
2016-08-04 00:00:00-04:00,124.68000030517578,128.8800048828125,124.5999984741211,128.27999877929688,115.2913818359375,2286700,0.0,0.0
2016-08-05 00:00:00-04:00,129.07000732421875,131.47000122070312,127.61000061035156,128.5,115.48909759521484,1503600,0.0,0.0
2016-08-08 00:00:00-04:00,128.13999938964844,129.02000427246094,126.7300033569336,128.38999938964844,115.39024353027344,993600,0.0,0.0
2016-08-09 00:00:00-04:00,128.6999969482422,129.5399932861328,126.98999786376953,127.16999816894531,114.29374694824219,1396800,0.0,0.0
2016-08-10 00:00:00-04:00,127.0,127.91999816894531,126.01000213623047,127.5999984741211,114.68023681640625,888200,0.0,0.0
2016-08-11 00:00:00-04:00,128.19000244140625,129.2899932861328,126.47000122070312,126.62000274658203,113.79944610595703,1140500,0.0,0.0
2016-08-12 00:00:00-04:00,126.86000061035156,133.5800018310547,125.55000305175781,133.30999755859375,119.81204986572266,3709600,0.0,0.0
2016-08-15 00:00:00-04:00,132.69000244140625,133.38999938964844,130.55999755859375,132.6300048828125,119.200927734375,1822400,0.0,0.0
2016-08-16 00:00:00-04:00,132.22999572753906,132.75999450683594,130.8000030517578,131.8300018310547,118.48192596435547,1376100,0.0,0.0
2016-08-17 00:00:00-04:00,131.42999267578125,132.8300018310547,131.2899932861328,132.3000030517578,118.90437316894531,1270200,0.0,0.0
2016-08-18 00:00:00-04:00,132.0399932861328,133.91000366210938,132.0399932861328,132.6199951171875,119.19192504882812,1443900,0.0,0.0
2016-08-19 00:00:00-04:00,132.1999969482422,133.33999633789062,131.83999633789062,133.0,119.53345489501953,1077200,0.0,0.0
2016-08-22 00:00:00-04:00,133.0,133.47999572753906,132.72999572753906,133.35000610351562,119.84803009033203,660100,0.0,0.0
2016-08-23 00:00:00-04:00,133.77999877929688,134.49000549316406,132.8000030517578,133.0,119.53345489501953,895300,0.0,0.0
2016-08-24 00:00:00-04:00,132.94000244140625,133.94000244140625,131.10000610351562,131.3699951171875,118.0685043334961,800900,0.0,0.0
2016-08-25 00:00:00-04:00,130.6199951171875,131.57000732421875,128.9600067138672,129.41000366210938,116.30696868896484,838300,0.0,0.0
2016-08-26 00:00:00-04:00,129.60000610351562,130.47999572753906,126.5,127.6500015258789,114.72515869140625,1683900,0.0,0.0
2016-08-29 00:00:00-04:00,127.62000274658203,129.22000122070312,127.55000305175781,128.49000549316406,115.4801025390625,515700,0.0,0.0
2016-08-30 00:00:00-04:00,128.49000549316406,129.0399932861328,127.91999816894531,128.22000122070312,115.23745727539062,744500,0.0,0.0
2016-08-31 00:00:00-04:00,128.25,128.77000427246094,127.29000091552734,128.25999450683594,115.27338409423828,718700,0.0,0.0
2016-09-01 00:00:00-04:00,128.5800018310547,128.99000549316406,127.1500015258789,127.63999938964844,114.71617889404297,701500,0.0,0.0
2016-09-02 00:00:00-04:00,128.0399932861328,128.5,127.5,128.17999267578125,115.20149993896484,528100,0.0,0.0
2016-09-06 00:00:00-04:00,127.5999984741211,128.0399932861328,127.16999816894531,127.58000183105469,114.6622543334961,789900,0.0,0.0
2016-09-07 00:00:00-04:00,127.04000091552734,128.10000610351562,126.55000305175781,126.73999786376953,113.90730285644531,951500,0.0,0.0
2016-09-08 00:00:00-04:00,126.5199966430664,127.9000015258789,126.16999816894531,127.66999816894531,114.74313354492188,1056100,0.0,0.0
2016-09-09 00:00:00-04:00,127.05999755859375,129.08999633789062,127.05999755859375,128.4499969482422,115.44414520263672,1824500,0.0,0.0
2016-09-12 00:00:00-04:00,127.94999694824219,129.80999755859375,127.08000183105469,129.00999450683594,115.94745635986328,1224800,0.0,0.0
2016-09-13 00:00:00-04:00,128.77000427246094,128.77000427246094,126.94999694824219,127.54000091552734,114.62630462646484,1219900,0.0,0.0
2016-09-14 00:00:00-04:00,127.30999755859375,127.8499984741211,125.9800033569336,126.25,113.46690368652344,1125700,0.0,0.0
2016-09-15 00:00:00-04:00,126.0199966430664,128.8000030517578,125.91999816894531,128.63999938964844,115.61492156982422,1213300,0.0,0.0
2016-09-16 00:00:00-04:00,128.94000244140625,132.77999877929688,128.0,131.99000549316406,118.62572479248047,2742000,0.0,0.0
2016-09-19 00:00:00-04:00,132.2100067138672,132.88999938964844,131.61000061035156,131.88999938964844,118.53585052490234,1091500,0.0,0.0
2016-09-20 00:00:00-04:00,132.24000549316406,132.75999450683594,131.07000732421875,131.57000732421875,118.24826049804688,1027600,0.0,0.0
2016-09-21 00:00:00-04:00,131.52999877929688,132.94000244140625,130.67999267578125,132.55999755859375,119.13799285888672,1239900,0.0,0.0
2016-09-22 00:00:00-04:00,132.63999938964844,132.97000122070312,130.9499969482422,132.0,118.63469696044922,738900,0.0,0.0
2016-09-23 00:00:00-04:00,129.4600067138672,131.52000427246094,129.3699951171875,131.0,117.73596954345703,1164800,0.0,0.0
2016-09-26 00:00:00-04:00,130.72000122070312,130.72000122070312,129.97000122070312,130.33999633789062,117.14276123046875,718300,0.0,0.0
2016-09-27 00:00:00-04:00,130.11000061035156,131.88999938964844,129.85000610351562,131.6999969482422,118.3650894165039,883200,0.0,0.0
2016-09-28 00:00:00-04:00,131.99000549316406,132.36000061035156,130.7899932861328,131.5,118.1853256225586,459200,0.0,0.0
2016-09-29 00:00:00-04:00,131.8000030517578,133.57000732421875,130.5500030517578,130.8000030517578,117.55621337890625,1206800,0.0,0.0
2016-09-30 00:00:00-04:00,131.27999877929688,131.42999267578125,129.60000610351562,130.32000732421875,117.12483215332031,1415900,0.0,0.0
2016-10-03 00:00:00-04:00,129.8000030517578,130.22000122070312,127.81999969482422,128.00999450683594,115.0486831665039,704900,0.0,0.0
2016-10-04 00:00:00-04:00,128.30999755859375,128.5500030517578,127.30999755859375,128.11000061035156,115.13858795166016,910300,0.0,0.0
2016-10-05 00:00:00-04:00,128.35000610351562,128.67999267578125,126.73999786376953,127.08999633789062,114.22186279296875,994500,0.0,0.0
2016-10-06 00:00:00-04:00,127.04000091552734,127.61000061035156,126.55999755859375,126.9000015258789,114.05110931396484,624300,0.0,0.0
2016-10-07 00:00:00-04:00,127.44999694824219,128.16000366210938,126.9000015258789,127.2300033569336,114.3476791381836,670300,0.0,0.0
2016-10-10 00:00:00-04:00,127.2699966430664,128.0,127.13999938964844,127.7300033569336,114.79705810546875,566000,0.0,0.0
2016-10-11 00:00:00-04:00,127.33999633789062,127.33999633789062,124.9800033569336,125.0,112.34347534179688,1085500,0.0,0.0
2016-10-12 00:00:00-04:00,125.0999984741211,125.75,121.30999755859375,121.95999908447266,109.61127471923828,2546100,0.0,0.0
2016-10-13 00:00:00-04:00,121.56999969482422,122.4800033569336,120.08999633789062,121.16000366210938,108.89229583740234,1194900,0.0,0.0
2016-10-14 00:00:00-04:00,121.55999755859375,122.25,120.68000030517578,120.9000015258789,108.65861511230469,570200,0.0,0.0
2016-10-17 00:00:00-04:00,120.62999725341797,120.9000015258789,116.30000305175781,118.63999938964844,106.62744140625,1943900,0.0,0.0
2016-10-18 00:00:00-04:00,120.0,124.66999816894531,119.5,123.6500015258789,111.13018035888672,1640800,0.0,0.0
2016-10-19 00:00:00-04:00,123.6500015258789,123.9800033569336,122.51000213623047,123.55000305175781,111.04029846191406,1295700,0.0,0.0
2016-10-20 00:00:00-04:00,123.97000122070312,124.80999755859375,123.36000061035156,123.62999725341797,111.1121826171875,854400,0.0,0.0
2016-10-21 00:00:00-04:00,122.9000015258789,124.31999969482422,122.56999969482422,124.18000030517578,111.60651397705078,639700,0.0,0.0
2016-10-24 00:00:00-04:00,124.44999694824219,124.69999694824219,123.30999755859375,124.05999755859375,111.49864196777344,796200,0.0,0.0
2016-10-25 00:00:00-04:00,123.5999984741211,124.88999938964844,123.52999877929688,124.30000305175781,111.71436309814453,947700,0.0,0.0
2016-10-26 00:00:00-04:00,124.37999725341797,124.76000213623047,123.72000122070312,123.80000305175781,111.26498413085938,1117900,0.0,0.0
2016-10-27 00:00:00-04:00,124.16000366210938,124.72000122070312,122.4000015258789,123.05999755859375,110.59991455078125,738700,0.0,0.0
2016-10-28 00:00:00-04:00,123.16000366210938,123.62999725341797,121.18000030517578,121.62000274658203,109.30570220947266,1229500,0.0,0.0
2016-10-31 00:00:00-04:00,121.80000305175781,122.5,118.83000183105469,118.83000183105469,106.79820251464844,1414600,0.0,0.0
2016-11-01 00:00:00-04:00,119.55000305175781,120.83999633789062,115.02999877929688,116.02999877929688,104.2817153930664,1728500,0.0,0.0
2016-11-02 00:00:00-04:00,115.58999633789062,118.13999938964844,115.44999694824219,117.8499984741211,105.91743469238281,1828600,0.0,0.0
2016-11-03 00:00:00-04:00,119.5,123.33000183105469,117.2300033569336,117.30999755859375,105.43209838867188,2320900,0.0,0.0
2016-11-04 00:00:00-04:00,117.73999786376953,122.80000305175781,117.11000061035156,121.6500015258789,109.33265686035156,1735400,0.0,0.0
2016-11-07 00:00:00-05:00,122.56999969482422,126.91999816894531,122.3499984741211,126.25,113.46690368652344,1811900,0.0,0.0
2016-11-08 00:00:00-05:00,125.5199966430664,130.24000549316406,125.41000366210938,128.77000427246094,115.73175811767578,1386100,0.0,0.0
2016-11-09 00:00:00-05:00,127.45999908447266,136.77000427246094,124.4800033569336,135.8000030517578,122.04995727539062,2847500,0.0,0.0
2016-11-10 00:00:00-05:00,136.08999633789062,138.50999450683594,133.00999450683594,134.77000427246094,121.12422180175781,2572400,0.0,0.0
2016-11-11 00:00:00-05:00,134.6199951171875,136.4199981689453,131.88999938964844,133.6699981689453,120.13563537597656,1187200,0.0,0.0
2016-11-14 00:00:00-05:00,134.22999572753906,138.77999877929688,133.10000610351562,136.1199951171875,122.33751678466797,2048700,0.0,0.0
2016-11-15 00:00:00-05:00,136.0800018310547,138.66000366210938,134.2899932861328,137.8000030517578,123.84746551513672,1082900,0.0,0.0
2016-11-16 00:00:00-05:00,137.92999267578125,138.72000122070312,136.5500030517578,137.88999938964844,123.9283447265625,1049100,0.0,0.0
2016-11-17 00:00:00-05:00,137.22999572753906,140.1999969482422,136.25999450683594,140.0,125.82472229003906,1146300,0.0,0.0
2016-11-18 00:00:00-05:00,139.6199951171875,142.0,136.72999572753906,138.6999969482422,124.65631866455078,1173000,0.0,0.0
2016-11-21 00:00:00-05:00,138.1300048828125,139.9499969482422,136.0399932861328,137.0800018310547,123.20040130615234,1077600,0.0,0.0
2016-11-22 00:00:00-05:00,137.35000610351562,140.77000427246094,136.72000122070312,139.72999572753906,125.58206176757812,1458400,0.0,0.0
2016-11-23 00:00:00-05:00,139.6999969482422,140.5,136.80999755859375,139.52999877929688,125.40229034423828,843100,0.0,0.0
2016-11-25 00:00:00-05:00,139.8800048828125,141.47999572753906,138.52999877929688,138.6699981689453,124.62935638427734,306600,0.0,0.0
2016-11-28 00:00:00-05:00,138.8300018310547,139.33999633789062,136.1999969482422,136.77000427246094,122.92174530029297,1193500,0.0,0.0
2016-11-29 00:00:00-05:00,136.77000427246094,139.9499969482422,136.77000427246094,138.3000030517578,124.29684448242188,1391600,0.0,0.0
2016-11-30 00:00:00-05:00,137.9600067138672,138.0500030517578,134.52999877929688,134.74000549316406,121.09729766845703,2099700,0.0,0.0
2016-12-01 00:00:00-05:00,134.1699981689453,136.9199981689453,134.1699981689453,134.5,120.88159942626953,1638300,0.0,0.0
2016-12-02 00:00:00-05:00,135.0800018310547,135.9499969482422,132.6300048828125,133.44000244140625,119.9289321899414,1386000,0.0,0.0
2016-12-05 00:00:00-05:00,133.64999389648438,135.4499969482422,131.64999389648438,134.6999969482422,121.06133270263672,1085700,0.0,0.0
2016-12-06 00:00:00-05:00,135.50999450683594,137.74000549316406,134.1300048828125,137.25,123.35316467285156,1121800,0.0,0.0
2016-12-07 00:00:00-05:00,136.8800048828125,137.52000427246094,135.80999755859375,136.8300018310547,122.97564697265625,1694300,0.0,0.0
2016-12-08 00:00:00-05:00,136.50999450683594,138.57000732421875,135.10000610351562,137.1300048828125,123.24525451660156,1118200,0.0,0.0
2016-12-09 00:00:00-05:00,137.1699981689453,137.94000244140625,133.8699951171875,134.8000030517578,121.15123748779297,1417400,0.0,0.0
2016-12-12 00:00:00-05:00,134.02999877929688,134.39999389648438,131.02999877929688,132.3800048828125,118.97625732421875,1169500,0.0,0.0
2016-12-13 00:00:00-05:00,132.91000366210938,135.82000732421875,131.52000427246094,134.57000732421875,120.94450378417969,1296800,0.0,0.0
2016-12-14 00:00:00-05:00,135.22999572753906,135.83999633789062,132.30999755859375,133.24000549316406,119.7491683959961,879700,0.0,0.0
2016-12-15 00:00:00-05:00,133.19000244140625,134.55999755859375,131.25999450683594,133.99000549316406,120.42323303222656,921400,0.0,0.0
2016-12-16 00:00:00-05:00,134.86000061035156,137.6999969482422,134.85000610351562,136.75999450683594,122.91275787353516,2759500,0.0,0.0
2016-12-19 00:00:00-05:00,137.58999633789062,139.0,136.83999633789062,138.08999633789062,124.10810852050781,1214100,0.0,0.0
2016-12-20 00:00:00-05:00,138.10000610351562,139.74000549316406,136.5500030517578,137.11000061035156,123.22731018066406,1108100,0.0,0.0
2016-12-21 00:00:00-05:00,137.42999267578125,137.42999267578125,135.8699951171875,137.07000732421875,123.19135284423828,727900,0.0,0.0
2016-12-22 00:00:00-05:00,136.89999389648438,137.5,135.4600067138672,136.97000122070312,123.10147094726562,1097600,0.0,0.0
2016-12-23 00:00:00-05:00,137.42999267578125,138.63999938964844,136.4499969482422,138.61000061035156,124.57544708251953,431900,0.0,0.0
2016-12-27 00:00:00-05:00,138.25999450683594,140.6999969482422,138.25999450683594,139.38999938964844,125.27645874023438,481100,0.0,0.0
2016-12-28 00:00:00-05:00,139.61000061035156,140.3000030517578,137.0,137.0,123.12842559814453,828400,0.0,0.0
2016-12-29 00:00:00-05:00,137.5399932861328,138.67999267578125,135.19000244140625,135.5,121.78032684326172,641700,0.0,0.0
2016-12-30 00:00:00-05:00,135.57000732421875,135.88999938964844,133.11000061035156,133.38999938964844,119.88400268554688,1199600,0.0,0.0
2017-01-03 00:00:00-05:00,133.91000366210938,135.8300018310547,133.66000366210938,135.72000122070312,121.97809600830078,1443000,0.0,0.0
2017-01-04 00:00:00-05:00,136.0800018310547,138.88999938964844,133.6999969482422,138.72000122070312,124.67430877685547,1207800,0.0,0.0
2017-01-05 00:00:00-05:00,139.0800018310547,142.77000427246094,138.3300018310547,141.7100067138672,127.36158752441406,1446700,0.0,0.0
2017-01-06 00:00:00-05:00,141.0,143.14999389648438,140.99000549316406,141.80999755859375,127.451416015625,983700,0.0,0.0
2017-01-09 00:00:00-05:00,141.30999755859375,142.61000061035156,140.0500030517578,142.35000610351562,127.9367904663086,986200,0.0,0.0
2017-01-10 00:00:00-05:00,141.24000549316406,142.0,140.1999969482422,140.22999572753906,126.03141021728516,1245100,0.0,0.0
2017-01-11 00:00:00-05:00,140.55999755859375,142.63999938964844,139.8800048828125,142.63999938964844,128.19740295410156,1418600,0.0,0.0
2017-01-12 00:00:00-05:00,141.5399932861328,145.7899932861328,141.02999877929688,144.6699981689453,130.02182006835938,1726100,0.0,0.0
2017-01-13 00:00:00-05:00,144.30999755859375,146.77000427246094,143.77999877929688,146.30999755859375,131.49578857421875,1488500,0.0,0.0
2017-01-17 00:00:00-05:00,145.9499969482422,145.9600067138672,144.02000427246094,144.77000427246094,130.11172485351562,1079300,0.0,0.0
2017-01-18 00:00:00-05:00,145.39999389648438,145.39999389648438,140.22000122070312,141.97000122070312,127.59522247314453,1974700,0.0,0.0
2017-01-19 00:00:00-05:00,141.3300018310547,146.30999755859375,133.52000427246094,144.16000366210938,129.5634765625,2538400,0.0,0.0
2017-01-20 00:00:00-05:00,144.77999877929688,145.6699981689453,143.3800048828125,144.77000427246094,130.11172485351562,1333700,0.0,0.0
2017-01-23 00:00:00-05:00,144.32000732421875,145.6999969482422,142.25,145.30999755859375,130.5970001220703,1576400,0.0,0.0
2017-01-24 00:00:00-05:00,145.2100067138672,147.5399932861328,144.02000427246094,146.52999877929688,131.69349670410156,1260800,0.0,0.0
2017-01-25 00:00:00-05:00,147.02000427246094,149.22999572753906,146.6300048828125,148.57000732421875,133.5270233154297,1211600,0.0,0.0
2017-01-26 00:00:00-05:00,148.27999877929688,148.6999969482422,146.64999389648438,146.8000030517578,131.93621826171875,1017500,0.0,0.0
2017-01-27 00:00:00-05:00,147.55999755859375,148.0,145.4199981689453,146.80999755859375,131.94517517089844,1100900,0.0,0.0
2017-01-30 00:00:00-05:00,146.77999877929688,146.7899932861328,144.30999755859375,145.6999969482422,130.94754028320312,687400,0.0,0.0
2017-01-31 00:00:00-05:00,145.1199951171875,146.52999877929688,144.5,146.22000122070312,131.41490173339844,884400,0.0,0.0
2017-02-01 00:00:00-05:00,147.0,149.4199981689453,145.36000061035156,147.63999938964844,132.6910858154297,1254500,0.0,0.0
2017-02-02 00:00:00-05:00,149.6999969482422,150.69000244140625,144.02999877929688,148.2899932861328,133.27528381347656,1532100,0.0,0.0
2017-02-03 00:00:00-05:00,149.07000732421875,150.11000061035156,148.10000610351562,149.3000030517578,134.1830291748047,1222600,0.0,0.0
2017-02-06 00:00:00-05:00,148.6699981689453,149.55999755859375,145.97999572753906,147.02999877929688,132.14288330078125,1277500,0.0,0.0
2017-02-07 00:00:00-05:00,147.07000732421875,148.6300048828125,145.92999267578125,147.89999389648438,132.92481994628906,772500,0.0,0.0
2017-02-08 00:00:00-05:00,147.0,148.69000244140625,146.3000030517578,147.83999633789062,132.87086486816406,652900,0.0,0.0
2017-02-09 00:00:00-05:00,147.74000549316406,148.30999755859375,145.33999633789062,148.13999938964844,133.14053344726562,2312700,0.0,0.0
2017-02-10 00:00:00-05:00,147.5500030517578,149.32000732421875,145.5,145.5500030517578,130.812744140625,1918500,0.0,0.0
2017-02-13 00:00:00-05:00,146.6199951171875,147.14999389648438,144.82000732421875,145.85000610351562,131.0823974609375,1067100,0.0,0.0
2017-02-14 00:00:00-05:00,145.22000122070312,148.0800018310547,144.5,146.67999267578125,131.82827758789062,1939500,0.0,0.0
2017-02-15 00:00:00-05:00,146.2100067138672,147.66000366210938,145.5800018310547,146.58999633789062,131.74749755859375,2249000,0.0,0.0
2017-02-16 00:00:00-05:00,146.83999633789062,146.94000244140625,143.8699951171875,145.3300018310547,130.61502075195312,1569400,0.0,0.0
2017-02-17 00:00:00-05:00,144.17999267578125,144.25999450683594,141.92999267578125,143.55999755859375,129.02423095703125,2018700,0.0,0.0
2017-02-21 00:00:00-05:00,144.00999450683594,147.24000549316406,143.66000366210938,146.97000122070312,132.0889434814453,1773400,0.0,0.0
2017-02-22 00:00:00-05:00,146.24000549316406,148.4199981689453,145.9199981689453,147.49000549316406,132.5563507080078,1625800,0.0,0.0
2017-02-23 00:00:00-05:00,147.6199951171875,147.75,147.11000061035156,147.50999450683594,132.57432556152344,1447400,0.0,0.0
2017-02-24 00:00:00-05:00,147.4600067138672,147.61000061035156,146.5399932861328,147.0399932861328,132.15188598632812,919300,0.0,0.0
2017-02-27 00:00:00-05:00,146.75999450683594,150.0,146.25,149.72000122070312,134.56053161621094,2660400,0.0,0.0
2017-02-28 00:00:00-05:00,149.72000122070312,149.86000061035156,148.41000366210938,148.89999389648438,133.82351684570312,1427800,0.0,0.0
2017-03-01 00:00:00-05:00,150.0,152.99000549316406,149.30999755859375,152.1999969482422,136.78939819335938,1519300,0.0,0.0
2017-03-02 00:00:00-05:00,152.10000610351562,152.3800048828125,151.10000610351562,151.5800018310547,136.23220825195312,817700,0.0,0.0
2017-03-03 00:00:00-05:00,150.88999938964844,152.6199951171875,149.0,151.99000549316406,136.60067749023438,749100,0.0,0.0
2017-03-06 00:00:00-05:00,150.8800048828125,153.11000061035156,150.85000610351562,152.9600067138672,137.47250366210938,1843300,0.0,0.0
2017-03-07 00:00:00-05:00,152.58999633789062,154.24000549316406,151.14999389648438,151.83999633789062,136.46588134765625,1653100,0.0,0.0
2017-03-08 00:00:00-05:00,151.74000549316406,153.02000427246094,150.67999267578125,152.24000549316406,136.86143493652344,832000,0.04,0.0
2017-03-09 00:00:00-05:00,152.8000030517578,153.0500030517578,151.4600067138672,152.1999969482422,136.82545471191406,980000,0.0,0.0
2017-03-10 00:00:00-05:00,153.16000366210938,153.33999633789062,151.41000366210938,151.9199981689453,136.57369995117188,1270600,0.0,0.0
2017-03-13 00:00:00-04:00,152.3300018310547,153.9199981689453,151.32000732421875,153.39999389648438,137.90423583984375,1138300,0.0,0.0
2017-03-14 00:00:00-04:00,152.97000122070312,154.30999755859375,152.3300018310547,153.5399932861328,138.03005981445312,1299300,0.0,0.0
2017-03-15 00:00:00-04:00,154.27999877929688,154.8300018310547,153.49000549316406,154.0,138.44363403320312,1452800,0.0,0.0
2017-03-16 00:00:00-04:00,153.99000549316406,154.27000427246094,151.60000610351562,151.7899932861328,136.45687866210938,1342500,0.0,0.0
2017-03-17 00:00:00-04:00,151.52999877929688,152.3800048828125,150.88999938964844,151.88999938964844,136.5467987060547,1563200,0.0,0.0
2017-03-20 00:00:00-04:00,152.16000366210938,153.02000427246094,150.7100067138672,151.1300048828125,135.8635711669922,1634600,0.0,0.0
2017-03-21 00:00:00-04:00,151.77999877929688,151.80999755859375,149.2899932861328,149.61000061035156,134.4971160888672,1743000,0.0,0.0
2017-03-22 00:00:00-04:00,150.0800018310547,151.3300018310547,148.33999633789062,150.3699951171875,135.18032836914062,1104200,0.0,0.0
2017-03-23 00:00:00-04:00,149.99000549316406,151.36000061035156,149.00999450683594,149.17999267578125,134.11048889160156,869600,0.0,0.0
2017-03-24 00:00:00-04:00,149.3699951171875,150.41000366210938,144.97000122070312,145.82000732421875,131.0899200439453,2130900,0.0,0.0
2017-03-27 00:00:00-04:00,144.22000122070312,146.36000061035156,143.85000610351562,146.0399932861328,131.2877197265625,2003600,0.0,0.0
2017-03-28 00:00:00-04:00,146.02000427246094,148.66000366210938,145.5500030517578,148.3000030517578,133.31939697265625,921100,0.0,0.0
2017-03-29 00:00:00-04:00,147.6300048828125,148.52000427246094,146.6699981689453,147.22999572753906,132.3574981689453,822500,0.0,0.0
2017-03-30 00:00:00-04:00,147.5500030517578,148.94000244140625,147.13999938964844,147.60000610351562,132.6901092529297,804700,0.0,0.0
2017-03-31 00:00:00-04:00,147.50999450683594,147.60000610351562,146.49000549316406,146.49000549316406,131.69223022460938,1440100,0.0,0.0
2017-04-03 00:00:00-04:00,146.6999969482422,151.0,146.6999969482422,149.38999938964844,134.29933166503906,1631000,0.0,0.0
2017-04-04 00:00:00-04:00,149.07000732421875,150.6999969482422,148.75,150.5399932861328,135.33314514160156,1222700,0.0,0.0
2017-04-05 00:00:00-04:00,151.00999450683594,152.0,149.42999267578125,149.91000366210938,134.7667694091797,1457600,0.0,0.0
2017-04-06 00:00:00-04:00,149.91000366210938,151.39999389648438,148.75,151.2100067138672,135.93548583984375,1502800,0.0,0.0
2017-04-07 00:00:00-04:00,151.10000610351562,152.27000427246094,150.0399932861328,152.0399932861328,136.681640625,1480200,0.0,0.0
2017-04-10 00:00:00-04:00,152.00999450683594,153.19000244140625,151.57000732421875,152.27999877929688,136.89739990234375,1491400,0.0,0.0
2017-04-11 00:00:00-04:00,151.47000122070312,151.86000061035156,150.63999938964844,151.57000732421875,136.25909423828125,829400,0.0,0.0
2017-04-12 00:00:00-04:00,150.89999389648438,151.38999938964844,149.8699951171875,150.58999633789062,135.37811279296875,791900,0.0,0.0
2017-04-13 00:00:00-04:00,150.25,151.07000732421875,149.77000427246094,150.41000366210938,135.2162628173828,774900,0.0,0.0
2017-04-17 00:00:00-04:00,150.6699981689453,151.22999572753906,150.25,151.1699981689453,135.8994903564453,823800,0.0,0.0
2017-04-18 00:00:00-04:00,151.1699981689453,151.42999267578125,149.10000610351562,149.82000732421875,134.68594360351562,1044400,0.0,0.0
2017-04-19 00:00:00-04:00,150.50999450683594,152.33999633789062,149.9499969482422,151.9499969482422,136.60072326660156,789500,0.0,0.0
2017-04-20 00:00:00-04:00,151.69000244140625,156.2100067138672,151.0399932861328,155.3800048828125,139.68418884277344,1755900,0.0,0.0
2017-04-21 00:00:00-04:00,155.2100067138672,155.36000061035156,153.94000244140625,155.0800018310547,139.41453552246094,971500,0.0,0.0
2017-04-24 00:00:00-04:00,156.41000366210938,157.30999755859375,155.5,155.9600067138672,140.2056427001953,911100,0.0,0.0
2017-04-25 00:00:00-04:00,155.47000122070312,159.07000732421875,155.47000122070312,157.17999267578125,141.30238342285156,1168400,0.0,0.0
2017-04-26 00:00:00-04:00,157.32000732421875,158.6199951171875,155.6999969482422,156.92999267578125,141.07769775390625,907700,0.0,0.0
2017-04-27 00:00:00-04:00,157.2100067138672,158.22999572753906,155.89999389648438,156.2100067138672,140.4303741455078,727000,0.0,0.0
2017-04-28 00:00:00-04:00,155.72000122070312,157.39999389648438,152.88999938964844,156.3699951171875,140.57423400878906,1579000,0.0,0.0
2017-05-01 00:00:00-04:00,156.67999267578125,158.47000122070312,156.47999572753906,157.52000427246094,141.6081085205078,942700,0.0,0.0
2017-05-02 00:00:00-04:00,157.88999938964844,158.82000732421875,156.22999572753906,158.3800048828125,142.3811798095703,1051400,0.0,0.0
2017-05-03 00:00:00-04:00,158.22000122070312,159.14999389648438,156.63999938964844,157.02999877929688,141.1675567626953,970300,0.0,0.0
2017-05-04 00:00:00-04:00,157.7899932861328,158.16000366210938,155.32000732421875,156.72999572753906,140.89788818359375,1407100,0.0,0.0
2017-05-05 00:00:00-04:00,159.0,161.57000732421875,158.24000549316406,160.25,144.0623016357422,1623100,0.0,0.0
2017-05-08 00:00:00-04:00,160.66000366210938,162.1300048828125,160.11000061035156,161.75,145.41078186035156,1434800,0.0,0.0
2017-05-09 00:00:00-04:00,161.86000061035156,163.47999572753906,161.77999877929688,162.64999389648438,146.21983337402344,1280200,0.0,0.0
2017-05-10 00:00:00-04:00,162.0,163.27999877929688,161.67999267578125,162.89999389648438,146.44461059570312,1447800,0.0,0.0
2017-05-11 00:00:00-04:00,163.0399932861328,164.2899932861328,161.6999969482422,163.82000732421875,147.2716827392578,989200,0.0,0.0
2017-05-12 00:00:00-04:00,163.5,164.8800048828125,161.52999877929688,162.02999877929688,145.66246032714844,1441400,0.0,0.0
2017-05-15 00:00:00-04:00,161.6999969482422,162.92999267578125,161.1699981689453,162.10000610351562,145.7253875732422,1578500,0.0,0.0
2017-05-16 00:00:00-04:00,162.0,162.1699981689453,160.41000366210938,161.33999633789062,145.04217529296875,1318400,0.0,0.0
2017-05-17 00:00:00-04:00,161.33999633789062,161.33999633789062,158.2899932861328,158.41000366210938,142.40817260742188,1633500,0.0,0.0
2017-05-18 00:00:00-04:00,158.88999938964844,160.6699981689453,158.41000366210938,160.10000610351562,143.92742919921875,1449700,0.0,0.0
2017-05-19 00:00:00-04:00,160.41000366210938,161.5500030517578,159.3000030517578,159.47999572753906,143.37005615234375,1607600,0.0,0.0
2017-05-22 00:00:00-04:00,159.75999450683594,160.13999938964844,158.7899932861328,159.35000610351562,143.25320434570312,1586600,0.0,0.0
2017-05-23 00:00:00-04:00,159.35000610351562,160.72000122070312,159.35000610351562,160.52000427246094,144.3050079345703,786100,0.0,0.0
2017-05-24 00:00:00-04:00,160.5800018310547,162.13999938964844,160.08999633789062,161.86000061035156,145.5096435546875,854300,0.0,0.0
2017-05-25 00:00:00-04:00,162.5800018310547,164.27999877929688,161.63999938964844,161.64999389648438,145.32086181640625,1796900,0.0,0.0
2017-05-26 00:00:00-04:00,161.8699951171875,162.1300048828125,159.91000366210938,161.32000732421875,145.02418518066406,1348300,0.0,0.0
2017-05-30 00:00:00-04:00,161.4499969482422,162.27000427246094,161.0500030517578,161.5,145.18600463867188,1084100,0.0,0.0
2017-05-31 00:00:00-04:00,161.4199981689453,162.3699951171875,160.75999450683594,161.22999572753906,144.9433135986328,1130200,0.0,0.0
2017-06-01 00:00:00-04:00,161.7899932861328,164.8000030517578,161.1999969482422,163.9499969482422,147.38851928710938,2236100,0.0,0.0
2017-06-02 00:00:00-04:00,164.0,165.16000366210938,163.77999877929688,164.4600067138672,147.84701538085938,1377500,0.0,0.0
2017-06-05 00:00:00-04:00,164.58999633789062,165.58999633789062,163.88999938964844,164.75999450683594,148.11672973632812,1590500,0.0,0.0
2017-06-06 00:00:00-04:00,164.5,167.05999755859375,164.22999572753906,165.5,148.78199768066406,2165100,0.0,0.0
2017-06-07 00:00:00-04:00,165.9199981689453,170.0,165.89999389648438,168.47999572753906,151.46092224121094,2572400,0.0,0.0
2017-06-08 00:00:00-04:00,168.47999572753906,169.5,165.6699981689453,166.50999450683594,149.68991088867188,3074800,0.0,0.0
2017-06-09 00:00:00-04:00,166.61000061035156,168.0800018310547,165.6300048828125,166.74000549316406,149.89669799804688,1746300,0.0,0.0
2017-06-12 00:00:00-04:00,166.5,166.9499969482422,163.4600067138672,166.8000030517578,149.9506378173828,1595300,0.0,0.0
2017-06-13 00:00:00-04:00,166.82000732421875,167.75,165.8800048828125,166.5500030517578,149.7259063720703,1383800,0.0,0.0
2017-06-14 00:00:00-04:00,167.0,168.36000061035156,166.44000244140625,168.11000061035156,151.12831115722656,1199400,0.0,0.0
2017-06-15 00:00:00-04:00,167.64999389648438,168.1999969482422,166.55999755859375,167.27999877929688,150.38218688964844,1056800,0.0,0.0
2017-06-16 00:00:00-04:00,167.8300018310547,169.25,167.1199951171875,169.0800018310547,152.00033569335938,2008800,0.0,0.0
2017-06-19 00:00:00-04:00,169.0800018310547,170.5,169.0800018310547,170.25999450683594,153.06114196777344,1895600,0.0,0.0
2017-06-20 00:00:00-04:00,170.0,170.55999755859375,169.1699981689453,169.5800018310547,152.44979858398438,2130800,0.0,0.0
2017-06-21 00:00:00-04:00,169.52000427246094,171.6199951171875,169.52000427246094,170.17999267578125,152.98919677734375,1356100,0.0,0.0
2017-06-22 00:00:00-04:00,170.1999969482422,173.2100067138672,169.7899932861328,170.67999267578125,153.438720703125,2192800,0.0,0.0
2017-06-23 00:00:00-04:00,171.0,171.14999389648438,168.89999389648438,169.61000061035156,152.47683715820312,3666200,0.0,0.0
2017-06-26 00:00:00-04:00,169.64999389648438,169.91000366210938,167.94000244140625,168.25999450683594,151.2631378173828,1407000,0.0,0.0
2017-06-27 00:00:00-04:00,168.64999389648438,169.36000061035156,166.88999938964844,167.0500030517578,150.17539978027344,1711200,0.0,0.0
2017-06-28 00:00:00-04:00,167.8300018310547,169.02999877929688,167.3699951171875,168.1300048828125,151.1463165283203,1271900,0.0,0.0
2017-06-29 00:00:00-04:00,168.5,168.86000061035156,166.05999755859375,166.6999969482422,149.86073303222656,1112000,0.0,0.0
2017-06-30 00:00:00-04:00,166.69000244140625,168.05999755859375,166.55999755859375,167.38999938964844,150.48104858398438,1751900,0.0,0.0
2017-07-03 00:00:00-04:00,168.27000427246094,168.44000244140625,166.80999755859375,167.5,150.57994079589844,854300,0.0,0.0
2017-07-05 00:00:00-04:00,167.5500030517578,169.32000732421875,167.25,169.16000366210938,152.07223510742188,2368300,0.0,0.0
2017-07-06 00:00:00-04:00,168.85000610351562,169.33999633789062,166.86000061035156,167.94000244140625,150.9755096435547,1049200,0.0,0.0
2017-07-07 00:00:00-04:00,168.5,170.38999938964844,168.11000061035156,169.61000061035156,152.47683715820312,1529600,0.0,0.0
2017-07-10 00:00:00-04:00,169.22000122070312,170.63999938964844,168.4600067138672,169.57000732421875,152.44082641601562,1759400,0.0,0.0
2017-07-11 00:00:00-04:00,169.64999389648438,171.33999633789062,169.17999267578125,171.16000366210938,153.87022399902344,1101000,0.0,0.0
2017-07-12 00:00:00-04:00,171.50999450683594,173.44000244140625,170.8800048828125,172.05999755859375,154.67930603027344,1474200,0.0,0.0
2017-07-13 00:00:00-04:00,172.24000549316406,174.1999969482422,171.99000549316406,173.0500030517578,155.56924438476562,1073300,0.0,0.0
2017-07-14 00:00:00-04:00,173.00999450683594,174.27000427246094,172.60000610351562,173.8000030517578,156.2435302734375,945800,0.0,0.0
2017-07-17 00:00:00-04:00,174.39999389648438,174.39999389648438,172.9600067138672,174.19000244140625,156.5941619873047,1019000,0.0,0.0
2017-07-18 00:00:00-04:00,174.22999572753906,174.4600067138672,170.80999755859375,172.10000610351562,154.71530151367188,1392300,0.0,0.0
2017-07-19 00:00:00-04:00,172.4499969482422,174.97000122070312,172.4499969482422,174.30999755859375,156.70205688476562,1240500,0.0,0.0
2017-07-20 00:00:00-04:00,174.30999755859375,175.0500030517578,173.5800018310547,174.49000549316406,156.86383056640625,883300,0.0,0.0
2017-07-21 00:00:00-04:00,174.24000549316406,175.1699981689453,173.99000549316406,174.22999572753906,156.630126953125,726800,0.0,0.0
2017-07-24 00:00:00-04:00,174.13999938964844,174.91000366210938,173.6300048828125,174.52999877929688,156.89979553222656,940900,0.0,0.0
2017-07-25 00:00:00-04:00,175.27999877929688,175.8000030517578,173.55999755859375,173.80999755859375,156.25250244140625,1166100,0.0,0.0
2017-07-26 00:00:00-04:00,173.47999572753906,174.47000122070312,172.52000427246094,173.57000732421875,156.03677368164062,913000,0.0,0.0
2017-07-27 00:00:00-04:00,173.3300018310547,173.5800018310547,171.19000244140625,172.07000732421875,154.68829345703125,860200,0.0,0.0
2017-07-28 00:00:00-04:00,172.25999450683594,174.1999969482422,170.9199981689453,173.97000122070312,156.39634704589844,920300,0.0,0.0
2017-07-31 00:00:00-04:00,173.88999938964844,175.17999267578125,173.33999633789062,173.55999755859375,156.0277862548828,986300,0.0,0.0
2017-08-01 00:00:00-04:00,174.0,174.63999938964844,172.8699951171875,172.9600067138672,155.48838806152344,864300,0.0,0.0
2017-08-02 00:00:00-04:00,173.17999267578125,175.3300018310547,173.17999267578125,174.74000549316406,157.08856201171875,924300,0.0,0.0
2017-08-03 00:00:00-04:00,175.85000610351562,177.24000549316406,174.9600067138672,176.0500030517578,158.26626586914062,1574000,0.0,0.0
2017-08-04 00:00:00-04:00,177.99000549316406,178.5,170.5500030517578,172.5500030517578,155.1198272705078,2225500,0.0,0.0
2017-08-07 00:00:00-04:00,172.6699981689453,176.97999572753906,172.5,175.97999572753906,158.2033233642578,1692100,0.0,0.0
2017-08-08 00:00:00-04:00,175.6699981689453,176.7899932861328,174.67999267578125,175.6300048828125,157.88870239257812,1108600,0.0,0.0
2017-08-09 00:00:00-04:00,175.6999969482422,178.35000610351562,174.5,178.0800018310547,160.0911865234375,1508800,0.0,0.0
2017-08-10 00:00:00-04:00,177.3800048828125,178.57000732421875,175.1199951171875,175.36000061035156,157.6459197998047,1143700,0.0,0.0
2017-08-11 00:00:00-04:00,175.99000549316406,176.82000732421875,174.22000122070312,174.3800048828125,156.7649383544922,1174000,0.0,0.0
2017-08-14 00:00:00-04:00,175.61000061035156,177.19000244140625,175.61000061035156,176.35000610351562,158.5359649658203,795800,0.0,0.0
2017-08-15 00:00:00-04:00,176.8300018310547,179.5,176.6199951171875,179.16000366210938,161.0620880126953,1339100,0.0,0.0
2017-08-16 00:00:00-04:00,179.5,180.4199981689453,179.4600067138672,179.86000061035156,161.69142150878906,942600,0.0,0.0
2017-08-17 00:00:00-04:00,179.61000061035156,181.0,178.0,178.02999877929688,160.04623413085938,1065800,0.0,0.0
2017-08-18 00:00:00-04:00,177.89999389648438,178.27000427246094,176.00999450683594,177.02999877929688,159.14723205566406,1034400,0.0,0.0
2017-08-21 00:00:00-04:00,177.02999877929688,178.35000610351562,177.0,177.97999572753906,160.00128173828125,1081000,0.0,0.0
2017-08-22 00:00:00-04:00,178.0,180.38999938964844,178.0,179.82000732421875,161.6554412841797,1001700,0.0,0.0
2017-08-23 00:00:00-04:00,179.50999450683594,180.05999755859375,178.85000610351562,179.38999938964844,161.2688751220703,856600,0.0,0.0
2017-08-24 00:00:00-04:00,179.8800048828125,179.97000122070312,178.22000122070312,179.77000427246094,161.61044311523438,1242600,0.0,0.0
2017-08-25 00:00:00-04:00,179.9499969482422,181.14999389648438,179.3000030517578,179.3000030517578,161.1879425048828,844000,0.0,0.0
2017-08-28 00:00:00-04:00,180.0399932861328,181.55999755859375,179.8300018310547,180.5,162.26670837402344,895700,0.0,0.0
2017-08-29 00:00:00-04:00,179.77000427246094,180.61000061035156,179.75999450683594,180.08999633789062,161.8981475830078,960900,0.0,0.0
2017-08-30 00:00:00-04:00,179.64999389648438,180.14999389648438,179.4199981689453,179.6699981689453,161.52061462402344,905400,0.0,0.0
2017-08-31 00:00:00-04:00,180.00999450683594,182.17999267578125,179.86000061035156,182.05999755859375,163.66917419433594,1443500,0.0,0.0
2017-09-01 00:00:00-04:00,182.67999267578125,184.22999572753906,182.22999572753906,183.1699981689453,164.66702270507812,1018700,0.0,0.0
2017-09-05 00:00:00-04:00,182.1999969482422,185.50999450683594,182.11000061035156,185.30999755859375,166.5908660888672,1281400,0.0,0.0
2017-09-06 00:00:00-04:00,185.30999755859375,185.49000549316406,181.50999450683594,182.10000610351562,163.7051239013672,1297900,0.0,0.0
2017-09-07 00:00:00-04:00,182.25999450683594,185.17999267578125,181.86000061035156,184.97999572753906,166.2941436767578,1124100,0.0,0.0
2017-09-08 00:00:00-04:00,184.69000244140625,185.36000061035156,184.13999938964844,184.55999755859375,165.91661071777344,1352800,0.0,0.0
2017-09-11 00:00:00-04:00,185.00999450683594,186.32000732421875,184.64999389648438,186.32000732421875,167.49880981445312,1618600,0.0,0.0
2017-09-12 00:00:00-04:00,186.41000366210938,186.92999267578125,184.8699951171875,185.5500030517578,166.80657958984375,1178300,0.0,0.0
2017-09-13 00:00:00-04:00,185.4600067138672,188.36000061035156,185.4600067138672,187.6199951171875,168.66749572753906,1299500,0.0,0.0
2017-09-14 00:00:00-04:00,187.0500030517578,187.9499969482422,185.0399932861328,185.22999572753906,166.51895141601562,1394600,0.0,0.0
2017-09-15 00:00:00-04:00,185.80999755859375,186.6999969482422,185.02000427246094,186.0500030517578,167.256103515625,2462000,0.0,0.0
2017-09-18 00:00:00-04:00,186.0500030517578,186.47000122070312,184.80999755859375,185.3000030517578,166.5818634033203,923600,0.0,0.0
2017-09-19 00:00:00-04:00,185.94000244140625,185.9499969482422,180.22999572753906,181.50999450683594,163.17469787597656,1931100,0.0,0.0
2017-09-20 00:00:00-04:00,181.67999267578125,182.24000549316406,180.58999633789062,181.82000732421875,163.45338439941406,1887400,0.0,0.0
2017-09-21 00:00:00-04:00,181.69000244140625,182.85000610351562,180.0399932861328,182.1300048828125,163.73208618164062,943600,0.0,0.0
2017-09-22 00:00:00-04:00,182.1300048828125,184.3699951171875,180.27999877929688,182.74000549316406,164.28041076660156,1628000,0.0,0.0
2017-09-25 00:00:00-04:00,183.05999755859375,184.30999755859375,181.36000061035156,181.44000244140625,163.11181640625,948600,0.0,0.0
2017-09-26 00:00:00-04:00,182.27999877929688,183.77999877929688,181.75,183.63999938964844,165.08956909179688,1127200,0.0,0.0
2017-09-27 00:00:00-04:00,184.0,185.13999938964844,182.02000427246094,184.42999267578125,165.79974365234375,1115400,0.0,0.0
2017-09-28 00:00:00-04:00,184.0,187.91000366210938,183.89999389648438,187.0,168.11013793945312,1006600,0.0,0.0
2017-09-29 00:00:00-04:00,187.0,187.22000122070312,185.11000061035156,186.94000244140625,168.05621337890625,1116000,0.0,0.0
2017-10-02 00:00:00-04:00,187.7100067138672,189.02999877929688,186.3300018310547,189.00999450683594,169.91708374023438,1358000,0.0,0.0
2017-10-03 00:00:00-04:00,189.1999969482422,192.50999450683594,189.1999969482422,191.99000549316406,172.59605407714844,1458400,0.0,0.0
2017-10-04 00:00:00-04:00,192.00999450683594,193.0,190.60000610351562,190.75,171.4813232421875,1054400,0.0,0.0
2017-10-05 00:00:00-04:00,191.02000427246094,191.92999267578125,189.47999572753906,190.67999267578125,171.41836547851562,1056900,0.0,0.0
2017-10-06 00:00:00-04:00,191.00999450683594,192.72000122070312,190.25,190.9499969482422,171.66111755371094,879600,0.0,0.0
2017-10-09 00:00:00-04:00,190.3699951171875,190.89999389648438,188.86000061035156,189.08999633789062,169.98902893066406,781900,0.0,0.0
2017-10-10 00:00:00-04:00,189.08999633789062,189.44000244140625,186.88999938964844,188.07000732421875,169.07203674316406,979800,0.0,0.0
2017-10-11 00:00:00-04:00,187.83999633789062,188.07000732421875,186.30999755859375,186.9499969482422,168.06520080566406,1331200,0.0,0.0
2017-10-12 00:00:00-04:00,187.6300048828125,188.75999450683594,186.55999755859375,186.9600067138672,168.0741729736328,1139300,0.0,0.0
2017-10-13 00:00:00-04:00,184.0,186.42999267578125,183.0800018310547,186.14999389648438,167.34600830078125,1974100,0.0,0.0
2017-10-16 00:00:00-04:00,186.14999389648438,186.9600067138672,184.02000427246094,184.99000549316406,166.30313110351562,1218000,0.0,0.0
2017-10-17 00:00:00-04:00,185.38999938964844,188.75999450683594,185.27999877929688,187.1999969482422,168.2899169921875,2279000,0.0,0.0
2017-10-18 00:00:00-04:00,187.85000610351562,190.52999877929688,187.85000610351562,189.36000061035156,170.2317657470703,2458700,0.0,0.0
2017-10-19 00:00:00-04:00,189.07000732421875,189.07000732421875,186.10000610351562,188.22000122070312,169.20693969726562,2033400,0.0,0.0
2017-10-20 00:00:00-04:00,189.00999450683594,192.72999572753906,188.61000061035156,191.4199981689453,172.08364868164062,1708600,0.0,0.0
2017-10-23 00:00:00-04:00,191.72999572753906,194.2899932861328,191.2899932861328,193.3800048828125,173.84567260742188,1252000,0.0,0.0
2017-10-24 00:00:00-04:00,192.83999633789062,194.52000427246094,192.0,193.88999938964844,174.30413818359375,1226000,0.0,0.0
2017-10-25 00:00:00-04:00,193.39999389648438,195.83999633789062,192.47999572753906,195.6999969482422,175.93128967285156,1599100,0.0,0.0
2017-10-26 00:00:00-04:00,196.3800048828125,202.22000122070312,195.89999389648438,198.75,178.6732177734375,1765100,0.0,0.0
2017-10-27 00:00:00-04:00,198.69000244140625,202.5,198.60000610351562,201.94000244140625,181.54095458984375,1482300,0.0,0.0
2017-10-30 00:00:00-04:00,201.5399932861328,201.88999938964844,197.6999969482422,197.72000122070312,177.7472686767578,1127500,0.0,0.0
2017-10-31 00:00:00-04:00,198.63999938964844,198.63999938964844,196.50999450683594,197.22000122070312,177.29774475097656,1290700,0.0,0.0
2017-11-01 00:00:00-04:00,198.1999969482422,198.5800018310547,196.75,197.83999633789062,177.85508728027344,1679000,0.0,0.0
2017-11-02 00:00:00-04:00,205.75,205.75,197.60000610351562,198.38999938964844,178.34959411621094,1958600,0.0,0.0
2017-11-03 00:00:00-04:00,198.64999389648438,203.10000610351562,196.27999877929688,201.89999389648438,181.5050048828125,1238200,0.0,0.0
2017-11-06 00:00:00-05:00,201.89999389648438,205.17999267578125,201.44000244140625,205.0,184.29183959960938,1322000,0.0,0.0
2017-11-07 00:00:00-05:00,205.02000427246094,206.4499969482422,204.02000427246094,205.49000549316406,184.7323760986328,1128400,0.0,0.0
2017-11-08 00:00:00-05:00,205.0,205.0,200.47999572753906,200.5,180.2464599609375,1636800,0.0,0.0
2017-11-09 00:00:00-05:00,200.0,200.0,196.3699951171875,197.52000427246094,177.56748962402344,1774100,0.0,0.0
2017-11-10 00:00:00-05:00,197.55999755859375,198.5500030517578,196.89999389648438,197.97999572753906,177.9810028076172,991100,0.0,0.0
2017-11-13 00:00:00-05:00,197.8000030517578,198.27000427246094,195.89999389648438,197.61000061035156,177.64833068847656,1277900,0.0,0.0
2017-11-14 00:00:00-05:00,197.22999572753906,197.6699981689453,195.25,197.13999938964844,177.22579956054688,1263100,0.0,0.0
2017-11-15 00:00:00-05:00,196.6199951171875,197.41000366210938,196.1199951171875,196.5,176.65049743652344,1293500,0.0,0.0
2017-11-16 00:00:00-05:00,196.6999969482422,201.33999633789062,196.2899932861328,200.97000122070312,180.6688995361328,1130100,0.0,0.0
2017-11-17 00:00:00-05:00,199.91000366210938,200.2100067138672,197.77000427246094,197.97000122070312,177.9720001220703,980900,0.0,0.0
2017-11-20 00:00:00-05:00,198.66000366210938,199.83999633789062,197.8800048828125,199.41000366210938,179.26654052734375,826000,0.0,0.0
2017-11-21 00:00:00-05:00,200.0,202.08999633789062,199.72999572753906,201.99000549316406,181.58595275878906,1125100,0.0,0.0
2017-11-22 00:00:00-05:00,202.25,202.3699951171875,199.9199981689453,200.72000122070312,180.44424438476562,791400,0.0,0.0
2017-11-24 00:00:00-05:00,200.58999633789062,201.4499969482422,200.10000610351562,200.60000610351562,180.33631896972656,409800,0.0,0.0
2017-11-27 00:00:00-05:00,200.9199981689453,202.14999389648438,199.8699951171875,199.92999267578125,179.73399353027344,1477500,0.0,0.0
2017-11-28 00:00:00-05:00,200.77000427246094,201.50999450683594,199.1699981689453,200.5500030517578,180.29135131835938,1912500,0.0,0.0
2017-11-29 00:00:00-05:00,201.16000366210938,207.2100067138672,199.8800048828125,205.8300018310547,185.03799438476562,1529700,0.0,0.0
2017-11-30 00:00:00-05:00,206.27999877929688,212.4600067138672,205.50999450683594,211.72999572753906,190.34201049804688,2069300,0.0,0.0
2017-12-01 00:00:00-05:00,211.6199951171875,211.6199951171875,203.11000061035156,208.41000366210938,187.35739135742188,1442400,0.0,0.0
2017-12-04 00:00:00-05:00,211.0399932861328,211.9600067138672,203.50999450683594,204.11000061035156,183.4917755126953,1842800,0.0,0.0
2017-12-05 00:00:00-05:00,204.82000732421875,205.24000549316406,202.72999572753906,204.1199951171875,183.50076293945312,917300,0.0,0.0
2017-12-06 00:00:00-05:00,204.1199951171875,205.5800018310547,202.66000366210938,204.2100067138672,183.5816650390625,869800,0.0,0.0
2017-12-07 00:00:00-05:00,203.6199951171875,207.2100067138672,203.52000427246094,206.0,185.1908416748047,980100,0.0,0.0
2017-12-08 00:00:00-05:00,206.75999450683594,211.58999633789062,206.16000366210938,209.97000122070312,188.75982666015625,1250500,0.0,0.0
2017-12-11 00:00:00-05:00,209.35000610351562,210.7100067138672,208.30999755859375,209.16000366210938,188.03163146972656,1082200,0.0,0.0
2017-12-12 00:00:00-05:00,209.13999938964844,209.97999572753906,206.47999572753906,208.47999572753906,187.42031860351562,1044200,0.0,0.0
2017-12-13 00:00:00-05:00,208.44000244140625,209.3699951171875,207.13999938964844,207.9199981689453,186.91690063476562,1038700,0.0,0.0
2017-12-14 00:00:00-05:00,208.86000061035156,209.00999450683594,203.47999572753906,203.6300048828125,183.06028747558594,1033600,0.0,0.0
2017-12-15 00:00:00-05:00,205.17999267578125,205.27999877929688,202.8800048828125,204.13999938964844,183.51873779296875,3639800,0.0,0.0
2017-12-18 00:00:00-05:00,206.1300048828125,206.8000030517578,204.47000122070312,206.33999633789062,185.49649047851562,1643800,0.0,0.0
2017-12-19 00:00:00-05:00,206.4499969482422,208.47000122070312,205.5399932861328,207.25999450683594,186.3235321044922,923500,0.0,0.0
2017-12-20 00:00:00-05:00,207.49000549316406,210.27000427246094,205.80999755859375,206.02999877929688,185.2178192138672,1396200,0.0,0.0
2017-12-21 00:00:00-05:00,206.82000732421875,208.08999633789062,204.47000122070312,204.52000427246094,183.8603515625,1585200,0.0,0.0
2017-12-22 00:00:00-05:00,205.5500030517578,205.5500030517578,202.41000366210938,203.38999938964844,182.844482421875,1091700,0.0,0.0
2017-12-26 00:00:00-05:00,202.80999755859375,204.42999267578125,202.52999877929688,203.77999877929688,183.1951141357422,641200,0.0,0.0
2017-12-27 00:00:00-05:00,204.35000610351562,204.4600067138672,202.47999572753906,202.7100067138672,182.23318481445312,1107400,0.0,0.0
2017-12-28 00:00:00-05:00,203.24000549316406,205.5,202.24000549316406,205.24000549316406,184.5076141357422,611500,0.0,0.0
2017-12-29 00:00:00-05:00,206.0,206.16000366210938,203.0500030517578,203.08999633789062,182.57476806640625,736200,0.0,0.0
2018-01-02 00:00:00-05:00,204.13999938964844,204.97999572753906,202.33999633789062,202.55999755859375,182.0983123779297,1115900,0.0,0.0
2018-01-03 00:00:00-05:00,202.52000427246094,206.32000732421875,201.3000030517578,205.9600067138672,185.15489196777344,1362800,0.0,0.0
2018-01-04 00:00:00-05:00,206.07000732421875,208.0399932861328,206.07000732421875,207.0399932861328,186.1257781982422,888600,0.0,0.0
2018-01-05 00:00:00-05:00,207.91000366210938,211.0800018310547,207.60000610351562,210.5500030517578,189.28121948242188,755000,0.0,0.0
2018-01-08 00:00:00-05:00,209.77000427246094,210.49000549316406,207.7100067138672,208.22000122070312,187.1865997314453,1130900,0.0,0.0
2018-01-09 00:00:00-05:00,207.97999572753906,209.2100067138672,206.97000122070312,207.8699951171875,186.87193298339844,1280200,0.0,0.0
2018-01-10 00:00:00-05:00,205.67999267578125,207.17999267578125,205.0500030517578,207.08999633789062,186.1707000732422,1113600,0.0,0.0
2018-01-11 00:00:00-05:00,208.08999633789062,211.36000061035156,207.50999450683594,210.88999938964844,189.58688354492188,1196600,0.0,0.0
2018-01-12 00:00:00-05:00,212.9600067138672,213.72999572753906,211.8800048828125,213.38999938964844,191.8343505859375,1151300,0.0,0.0
2018-01-16 00:00:00-05:00,215.07000732421875,216.33999633789062,213.86000061035156,214.75,193.05697631835938,1442400,0.0,0.0
2018-01-17 00:00:00-05:00,215.6999969482422,221.1300048828125,215.14999389648438,220.36000061035156,198.10025024414062,1410600,0.0,0.0
2018-01-18 00:00:00-05:00,220.36000061035156,220.4600067138672,218.16000366210938,219.66000366210938,197.47097778320312,1380300,0.0,0.0
2018-01-19 00:00:00-05:00,220.66000366210938,221.22999572753906,218.57000732421875,220.14999389648438,197.91148376464844,1363900,0.0,0.0
2018-01-22 00:00:00-05:00,220.5,220.8000030517578,218.67999267578125,220.75,198.45086669921875,882200,0.0,0.0
2018-01-23 00:00:00-05:00,220.80999755859375,221.11000061035156,218.72000122070312,219.7899932861328,197.58782958984375,821200,0.0,0.0
2018-01-24 00:00:00-05:00,221.16000366210938,222.67999267578125,220.2100067138672,221.0,198.6755828857422,718600,0.0,0.0
2018-01-25 00:00:00-05:00,221.8300018310547,222.9600067138672,220.0,221.8800048828125,199.46670532226562,760500,0.0,0.0
2018-01-26 00:00:00-05:00,221.99000549316406,226.27000427246094,221.4499969482422,226.22000122070312,203.36830139160156,977000,0.0,0.0
2018-01-29 00:00:00-05:00,225.75999450683594,227.1300048828125,223.77999877929688,223.89999389648438,201.28268432617188,936100,0.0,0.0
2018-01-30 00:00:00-05:00,211.58999633789062,215.55999755859375,207.1199951171875,207.88999938964844,186.88990783691406,4717400,0.0,0.0
2018-01-31 00:00:00-05:00,214.36000061035156,219.8699951171875,208.33999633789062,208.35000610351562,187.303466796875,2719900,0.0,0.0
2018-02-01 00:00:00-05:00,207.32000732421875,209.63999938964844,198.83999633789062,205.00999450683594,184.3008575439453,2755300,0.0,0.0
2018-02-02 00:00:00-05:00,204.1300048828125,209.60000610351562,203.2100067138672,204.4600067138672,183.80642700195312,2158300,0.0,0.0
2018-02-05 00:00:00-05:00,203.39999389648438,204.4600067138672,193.19000244140625,196.41000366210938,176.569580078125,2260100,0.0,0.0
2018-02-06 00:00:00-05:00,193.02000427246094,200.0,191.58999633789062,197.58999633789062,177.63037109375,3059200,0.0,0.0
2018-02-07 00:00:00-05:00,196.33999633789062,198.3300018310547,194.3800048828125,195.44000244140625,175.69754028320312,1729000,0.0,0.0
2018-02-08 00:00:00-05:00,195.25,198.11000061035156,189.14999389648438,189.27000427246094,170.1508331298828,1637100,0.0,0.0
2018-02-09 00:00:00-05:00,192.02000427246094,195.08999633789062,187.13999938964844,193.77000427246094,174.1962432861328,2870300,0.0,0.0
2018-02-12 00:00:00-05:00,195.02999877929688,196.77999877929688,192.8800048828125,193.55999755859375,174.0074920654297,945400,0.0,0.0
2018-02-13 00:00:00-05:00,192.00999450683594,195.5800018310547,191.07000732421875,195.44000244140625,175.69754028320312,842100,0.0,0.0
2018-02-14 00:00:00-05:00,193.9600067138672,196.02000427246094,193.47000122070312,195.5500030517578,175.79644775390625,645400,0.0,0.0
2018-02-15 00:00:00-05:00,196.36000061035156,197.30999755859375,190.72000122070312,191.94000244140625,172.5511016845703,1654500,0.0,0.0
2018-02-16 00:00:00-05:00,191.9600067138672,195.10000610351562,191.3699951171875,193.80999755859375,174.23223876953125,1019400,0.0,0.0
2018-02-20 00:00:00-05:00,192.57000732421875,193.4199981689453,190.67999267578125,192.60000610351562,173.14447021484375,919600,0.0,0.0
2018-02-21 00:00:00-05:00,192.94000244140625,195.30999755859375,191.61000061035156,191.64999389648438,172.29042053222656,684500,0.0,0.0
2018-02-22 00:00:00-05:00,192.8000030517578,194.89999389648438,191.1699981689453,191.89999389648438,172.51512145996094,1105000,0.0,0.0
2018-02-23 00:00:00-05:00,193.1999969482422,194.8800048828125,192.0500030517578,194.7899932861328,175.11322021484375,1116800,0.0,0.0
2018-02-26 00:00:00-05:00,195.27999877929688,196.8300018310547,194.11000061035156,195.8800048828125,176.09310913085938,973300,0.0,0.0
2018-02-27 00:00:00-05:00,196.1699981689453,199.08999633789062,195.58999633789062,196.85000610351562,176.9651641845703,1224900,0.0,0.0
2018-02-28 00:00:00-05:00,196.7100067138672,198.8300018310547,195.8699951171875,195.88999938964844,176.1021270751953,2302400,0.0,0.0
2018-03-01 00:00:00-05:00,195.41000366210938,196.1300048828125,191.69000244140625,193.4199981689453,173.88162231445312,1735900,0.0,0.0
2018-03-02 00:00:00-05:00,192.7899932861328,193.69000244140625,191.17999267578125,193.05999755859375,173.55796813964844,884600,0.0,0.0
2018-03-05 00:00:00-05:00,191.83999633789062,193.27000427246094,189.63999938964844,192.33999633789062,172.91070556640625,951700,0.0,0.0
2018-03-06 00:00:00-05:00,192.80999755859375,194.30999755859375,190.9600067138672,194.1300048828125,174.51991271972656,1067000,0.0,0.0
2018-03-07 00:00:00-05:00,192.5,194.42999267578125,192.02999877929688,194.25,174.6277618408203,1276600,0.0,0.0
2018-03-08 00:00:00-05:00,182.2100067138672,182.57000732421875,171.05999755859375,172.0,154.62535095214844,17357000,0.0,0.0
2018-03-09 00:00:00-05:00,173.10000610351562,174.69000244140625,172.05999755859375,173.36000061035156,155.88424682617188,6222900,0.04,0.0
2018-03-12 00:00:00-04:00,173.57000732421875,173.60000610351562,167.0500030517578,167.30999755859375,150.44410705566406,8525200,0.0,0.0
2018-03-13 00:00:00-04:00,167.52000427246094,168.0,163.02000427246094,164.38999938964844,147.81845092773438,7182900,0.0,0.0
2018-03-14 00:00:00-04:00,164.72000122070312,167.6199951171875,163.60000610351562,166.8800048828125,150.0574493408203,4874000,0.0,0.0
2018-03-15 00:00:00-04:00,167.7100067138672,169.5800018310547,166.77000427246094,166.89999389648438,150.07542419433594,4285800,0.0,0.0
2018-03-16 00:00:00-04:00,167.8000030517578,169.1699981689453,166.77000427246094,168.6699981689453,151.66700744628906,3912400,0.0,0.0
2018-03-19 00:00:00-04:00,168.3800048828125,169.02000427246094,165.47000122070312,166.44000244140625,149.66180419921875,3804300,0.0,0.0
2018-03-20 00:00:00-04:00,166.92999267578125,167.25999450683594,164.36000061035156,165.0,148.36697387695312,3868100,0.0,0.0
2018-03-21 00:00:00-04:00,165.61000061035156,169.55999755859375,164.30999755859375,167.0500030517578,150.2103271484375,5671900,0.0,0.0
2018-03-22 00:00:00-04:00,166.08999633789062,167.4499969482422,164.82000732421875,165.33999633789062,148.67269897460938,4238100,0.0,0.0
2018-03-23 00:00:00-04:00,165.82000732421875,166.83999633789062,164.0,164.0,147.4677734375,3333400,0.0,0.0
2018-03-26 00:00:00-04:00,165.00999450683594,168.8699951171875,164.11000061035156,168.67999267578125,151.6760711669922,3101200,0.0,0.0
2018-03-27 00:00:00-04:00,169.1199951171875,170.1300048828125,164.27999877929688,165.5399932861328,148.85255432128906,4070200,0.0,0.0
2018-03-28 00:00:00-04:00,166.25,169.63999938964844,165.5,168.32000732421875,151.35231018066406,3036700,0.0,0.0
2018-03-29 00:00:00-04:00,168.86000061035156,169.38999938964844,167.02000427246094,167.74000549316406,150.830810546875,2736100,0.0,0.0
2018-04-02 00:00:00-04:00,168.85000610351562,169.39999389648438,163.8000030517578,164.64999389648438,148.05224609375,2757000,0.0,0.0
2018-04-03 00:00:00-04:00,165.25,168.60000610351562,165.25,167.85000610351562,150.92971801757812,1697600,0.0,0.0
2018-04-04 00:00:00-04:00,165.5500030517578,169.61000061035156,165.5,168.7899932861328,151.77488708496094,2533900,0.0,0.0
2018-04-05 00:00:00-04:00,169.6699981689453,169.97999572753906,167.8800048828125,169.02999877929688,151.99070739746094,1434700,0.0,0.0
2018-04-06 00:00:00-04:00,168.27999877929688,169.8699951171875,166.72999572753906,167.82000732421875,150.9027099609375,1625300,0.0,0.0
2018-04-09 00:00:00-04:00,168.7100067138672,169.89999389648438,167.7899932861328,167.94000244140625,151.01060485839844,1475900,0.0,0.0
2018-04-10 00:00:00-04:00,169.72999572753906,170.8000030517578,167.60000610351562,169.85000610351562,152.72805786132812,1759700,0.0,0.0
2018-04-11 00:00:00-04:00,168.66000366210938,169.8800048828125,168.16000366210938,169.0,151.96376037597656,1733900,0.0,0.0
2018-04-12 00:00:00-04:00,169.75,171.2100067138672,168.74000549316406,170.55999755859375,153.366455078125,3035600,0.0,0.0
2018-04-13 00:00:00-04:00,171.6699981689453,172.52999877929688,170.75999450683594,171.64999389648438,154.34661865234375,2611000,0.0,0.0
2018-04-16 00:00:00-04:00,172.22000122070312,175.6999969482422,171.72000122070312,175.0800018310547,157.4308624267578,2200000,0.0,0.0
2018-04-17 00:00:00-04:00,176.82000732421875,177.80999755859375,174.27999877929688,174.3800048828125,156.80140686035156,2260000,0.0,0.0
2018-04-18 00:00:00-04:00,174.60000610351562,175.85000610351562,173.7899932861328,175.2100067138672,157.5477752685547,1566200,0.0,0.0
2018-04-19 00:00:00-04:00,174.55999755859375,174.6199951171875,171.47000122070312,171.72999572753906,154.41854858398438,2026700,0.0,0.0
2018-04-20 00:00:00-04:00,172.0800018310547,172.5500030517578,169.6300048828125,169.94000244140625,152.80899047851562,2986800,0.0,0.0
2018-04-23 00:00:00-04:00,170.39999389648438,173.86000061035156,170.25,172.35000610351562,154.9760284423828,2376200,0.0,0.0
2018-04-24 00:00:00-04:00,172.44000244140625,173.44000244140625,170.24000549316406,171.2899932861328,154.02285766601562,2020900,0.0,0.0
2018-04-25 00:00:00-04:00,171.67999267578125,172.3800048828125,168.86000061035156,171.6999969482422,154.39157104492188,1380200,0.0,0.0
2018-04-26 00:00:00-04:00,171.63999938964844,173.0500030517578,170.6999969482422,172.14999389648438,154.79617309570312,1249800,0.0,0.0
2018-04-27 00:00:00-04:00,172.22999572753906,174.97999572753906,172.17999267578125,173.9499969482422,156.4147491455078,1490600,0.0,0.0
2018-04-30 00:00:00-04:00,174.0,174.75,171.77000427246094,171.82000732421875,154.49949645996094,1494700,0.0,0.0
2018-05-01 00:00:00-04:00,172.00999450683594,172.97000122070312,170.8000030517578,171.07000732421875,153.82505798339844,1949400,0.0,0.0
2018-05-02 00:00:00-04:00,170.6300048828125,173.61000061035156,169.41000366210938,172.36000061035156,154.98501586914062,2184400,0.0,0.0
2018-05-03 00:00:00-04:00,172.72999572753906,174.0,166.25,172.8800048828125,155.45262145996094,3118500,0.0,0.0
2018-05-04 00:00:00-04:00,172.75,173.4600067138672,170.19000244140625,171.1699981689453,153.9150390625,1854700,0.0,0.0
2018-05-07 00:00:00-04:00,171.5,172.6699981689453,168.35000610351562,172.58999633789062,155.19183349609375,2504500,0.0,0.0
2018-05-08 00:00:00-04:00,172.25,172.25,169.75999450683594,170.6999969482422,153.4923858642578,1814600,0.0,0.0
2018-05-09 00:00:00-04:00,170.57000732421875,170.77999877929688,168.7899932861328,169.5800018310547,152.4852752685547,2827300,0.0,0.0
2018-05-10 00:00:00-04:00,168.00999450683594,172.11000061035156,167.6699981689453,171.05999755859375,153.81610107421875,1948700,0.0,0.0
2018-05-11 00:00:00-04:00,170.5,174.27000427246094,169.6699981689453,173.72999572753906,156.2169189453125,2322900,0.0,0.0
2018-05-14 00:00:00-04:00,174.47000122070312,177.60000610351562,173.77000427246094,177.5399932861328,159.64283752441406,2797800,0.0,0.0
2018-05-15 00:00:00-04:00,177.17999267578125,177.42999267578125,175.13999938964844,176.05999755859375,158.31207275390625,1374400,0.0,0.0
2018-05-16 00:00:00-04:00,176.16000366210938,177.35000610351562,174.8800048828125,177.14999389648438,159.29214477539062,1489400,0.0,0.0
2018-05-17 00:00:00-04:00,177.64999389648438,179.99000549316406,176.69000244140625,178.91000366210938,160.874755859375,1592700,0.0,0.0
2018-05-18 00:00:00-04:00,178.86000061035156,179.5800018310547,177.97999572753906,178.07000732421875,160.1194305419922,1064600,0.0,0.0
2018-05-21 00:00:00-04:00,179.0,179.2899932861328,176.85000610351562,177.4499969482422,159.56195068359375,1357100,0.0,0.0
2018-05-22 00:00:00-04:00,177.66000366210938,178.35000610351562,177.0500030517578,177.24000549316406,159.37310791015625,1262400,0.0,0.0
2018-05-23 00:00:00-04:00,176.6999969482422,177.3800048828125,175.14999389648438,177.08999633789062,159.2382354736328,1103600,0.0,0.0
2018-05-24 00:00:00-04:00,177.35000610351562,177.3800048828125,174.77999877929688,175.85000610351562,158.12322998046875,1433100,0.0,0.0
2018-05-25 00:00:00-04:00,175.97999572753906,176.97999572753906,175.0399932861328,175.89999389648438,158.16818237304688,1292200,0.0,0.0
2018-05-29 00:00:00-04:00,174.80999755859375,175.0,171.7100067138672,172.5800018310547,155.18280029296875,1448500,0.0,0.0
2018-05-30 00:00:00-04:00,172.60000610351562,173.97000122070312,171.33999633789062,173.32000732421875,155.8482666015625,1390300,0.0,0.0
2018-05-31 00:00:00-04:00,173.69000244140625,173.69000244140625,169.11000061035156,169.3699951171875,152.29647827148438,2019500,0.0,0.0
2018-06-01 00:00:00-04:00,170.2100067138672,171.08999633789062,169.39999389648438,170.82000732421875,153.60028076171875,1162000,0.0,0.0
2018-06-04 00:00:00-04:00,171.24000549316406,171.63999938964844,170.4600067138672,171.0,153.76210021972656,1011400,0.0,0.0
2018-06-05 00:00:00-04:00,171.24000549316406,172.6699981689453,170.00999450683594,170.8300018310547,153.6092987060547,1308700,0.0,0.0
2018-06-06 00:00:00-04:00,174.0,175.80999755859375,172.5,174.92999267578125,157.2959747314453,2680500,0.0,0.0
2018-06-07 00:00:00-04:00,175.22999572753906,177.88999938964844,175.0500030517578,177.11000061035156,159.25619506835938,1460800,0.0,0.0
2018-06-08 00:00:00-04:00,177.0500030517578,178.0399932861328,176.08999633789062,177.80999755859375,159.8856658935547,1667200,0.0,0.0
2018-06-11 00:00:00-04:00,178.41000366210938,182.10000610351562,177.99000549316406,180.9499969482422,162.7091064453125,1912900,0.0,0.0
2018-06-12 00:00:00-04:00,180.5800018310547,181.6199951171875,178.52000427246094,178.82000732421875,160.7938690185547,1500300,0.0,0.0
2018-06-13 00:00:00-04:00,179.5,179.5,174.6300048828125,176.17999267578125,158.41995239257812,3729600,0.0,0.0
2018-06-14 00:00:00-04:00,176.92999267578125,177.4499969482422,174.5500030517578,175.3300018310547,157.65562438964844,2237100,0.0,0.0
2018-06-15 00:00:00-04:00,175.66000366210938,177.0,174.8000030517578,175.0500030517578,157.4038848876953,3593500,0.0,0.0
2018-06-18 00:00:00-04:00,174.5399932861328,175.33999633789062,173.13999938964844,173.92999267578125,156.39678955078125,1585500,0.0,0.0
2018-06-19 00:00:00-04:00,173.10000610351562,174.39999389648438,172.9199981689453,173.36000061035156,155.88424682617188,2344200,0.0,0.0
2018-06-20 00:00:00-04:00,173.7899932861328,176.0399932861328,173.7899932861328,175.72000122070312,158.00631713867188,1420500,0.0,0.0
2018-06-21 00:00:00-04:00,175.27999877929688,176.08999633789062,172.63999938964844,175.0,157.35891723632812,1976600,0.0,0.0
2018-06-22 00:00:00-04:00,175.4499969482422,176.05999755859375,173.9199981689453,174.0800018310547,156.53163146972656,1867400,0.0,0.0
2018-06-25 00:00:00-04:00,174.05999755859375,175.99000549316406,172.35000610351562,173.85000610351562,156.32485961914062,1813900,0.0,0.0
2018-06-26 00:00:00-04:00,173.69000244140625,174.22999572753906,172.8000030517578,172.9499969482422,155.51556396484375,1506000,0.0,0.0
2018-06-27 00:00:00-04:00,172.1199951171875,174.97999572753906,172.0,172.80999755859375,155.38967895507812,1823500,0.0,0.0
2018-06-28 00:00:00-04:00,169.97999572753906,170.0,163.97000122070312,169.75999450683594,152.6471710205078,4021700,0.0,0.0
2018-06-29 00:00:00-04:00,170.39999389648438,171.05999755859375,169.89999389648438,169.9499969482422,152.81796264648438,1905900,0.0,0.0
2018-07-02 00:00:00-04:00,169.47000122070312,169.47000122070312,166.8800048828125,169.02999877929688,151.99070739746094,1396900,0.0,0.0
2018-07-03 00:00:00-04:00,169.2899932861328,170.3699951171875,168.86000061035156,170.25,153.08773803710938,941500,0.0,0.0
2018-07-05 00:00:00-04:00,171.1699981689453,172.3000030517578,170.25,171.97999572753906,154.6433563232422,1234200,0.0,0.0
2018-07-06 00:00:00-04:00,172.0,172.52000427246094,171.16000366210938,172.10000610351562,154.75131225585938,783900,0.0,0.0
2018-07-09 00:00:00-04:00,172.52999877929688,174.0500030517578,172.3000030517578,173.22000122070312,155.75833129882812,1151500,0.0,0.0
2018-07-10 00:00:00-04:00,173.67999267578125,174.11000061035156,172.58999633789062,173.4499969482422,155.96517944335938,968200,0.0,0.0
2018-07-11 00:00:00-04:00,173.0800018310547,173.4499969482422,171.6999969482422,171.7899932861328,154.4724884033203,1474900,0.0,0.0
2018-07-12 00:00:00-04:00,172.0800018310547,173.85000610351562,171.10000610351562,172.9600067138672,155.5245819091797,2201700,0.0,0.0
2018-07-13 00:00:00-04:00,172.44000244140625,173.74000549316406,172.42999267578125,173.08999633789062,155.64146423339844,700400,0.0,0.0
2018-07-16 00:00:00-04:00,173.08999633789062,173.3000030517578,172.27000427246094,172.35000610351562,154.9760284423828,1451600,0.0,0.0
2018-07-17 00:00:00-04:00,172.02000427246094,172.02000427246094,167.8300018310547,170.7100067138672,153.5013427734375,2265200,0.0,0.0
2018-07-18 00:00:00-04:00,170.80999755859375,179.47999572753906,170.72000122070312,177.75,159.8317108154297,5413500,0.0,0.0
2018-07-19 00:00:00-04:00,177.92999267578125,178.7100067138672,174.25,175.89999389648438,158.16818237304688,3488700,0.0,0.0
2018-07-20 00:00:00-04:00,174.49000549316406,179.47000122070312,174.3000030517578,178.08999633789062,160.1374053955078,3196800,0.0,0.0
2018-07-23 00:00:00-04:00,178.22999572753906,179.2100067138672,177.0,177.4199981689453,159.5349578857422,1676900,0.0,0.0
2018-07-24 00:00:00-04:00,177.47000122070312,178.9600067138672,175.8000030517578,176.42999267578125,158.644775390625,1511500,0.0,0.0
2018-07-25 00:00:00-04:00,176.9199981689453,177.5500030517578,173.5399932861328,177.5,159.60690307617188,2717600,0.0,0.0
2018-07-26 00:00:00-04:00,178.0800018310547,179.1199951171875,176.67999267578125,177.94000244140625,160.00253295898438,2011700,0.0,0.0
2018-07-27 00:00:00-04:00,177.9499969482422,178.0800018310547,176.3000030517578,177.25,159.3821258544922,1277900,0.0,0.0
2018-07-30 00:00:00-04:00,177.17999267578125,178.13999938964844,175.6999969482422,176.8000030517578,158.9774932861328,1738500,0.0,0.0
2018-07-31 00:00:00-04:00,177.61000061035156,181.66000366210938,177.0,179.4199981689453,161.33334350585938,2848900,0.0,0.0
2018-08-01 00:00:00-04:00,179.88999938964844,188.60000610351562,178.57000732421875,182.92999267578125,164.48948669433594,6259600,0.0,0.0
2018-08-02 00:00:00-04:00,185.22999572753906,189.1999969482422,184.25,188.89999389648438,169.85768127441406,5071800,0.0,0.0
2018-08-03 00:00:00-04:00,189.61000061035156,193.3699951171875,188.91000366210938,189.25,170.17242431640625,2852300,0.0,0.0
2018-08-06 00:00:00-04:00,188.80999755859375,189.07000732421875,186.44000244140625,187.86000061035156,168.92254638671875,2211900,0.0,0.0
2018-08-07 00:00:00-04:00,188.91000366210938,190.35000610351562,187.0,188.27000427246094,169.2912139892578,3638900,0.0,0.0
2018-08-08 00:00:00-04:00,188.6699981689453,190.3000030517578,186.02999877929688,189.4600067138672,170.36126708984375,5734000,0.0,0.0
2018-08-09 00:00:00-04:00,190.02999877929688,190.3000030517578,184.9199981689453,185.4199981689453,166.72850036621094,2981800,0.0,0.0
2018-08-10 00:00:00-04:00,183.10000610351562,186.2100067138672,182.13999938964844,183.27999877929688,164.80421447753906,4442000,0.0,0.0
2018-08-13 00:00:00-04:00,183.39999389648438,183.82000732421875,180.1300048828125,181.75999450683594,163.43746948242188,2085300,0.0,0.0
2018-08-14 00:00:00-04:00,181.27000427246094,185.55999755859375,181.27000427246094,185.3000030517578,166.62062072753906,4180600,0.0,0.0
2018-08-15 00:00:00-04:00,185.0,186.41000366210938,183.1199951171875,185.47999572753906,166.782470703125,2922200,0.0,0.0
2018-08-16 00:00:00-04:00,185.86000061035156,188.61000061035156,185.57000732421875,188.19000244140625,169.21922302246094,2625000,0.0,0.0
2018-08-17 00:00:00-04:00,189.1300048828125,189.3800048828125,187.3800048828125,188.33999633789062,169.35414123535156,1805700,0.0,0.0
2018-08-20 00:00:00-04:00,188.97000122070312,189.3000030517578,187.47000122070312,187.88999938964844,168.9495391845703,2449200,0.0,0.0
2018-08-21 00:00:00-04:00,187.33999633789062,187.5500030517578,185.75,186.0500030517578,167.2949981689453,2626400,0.0,0.0
2018-08-22 00:00:00-04:00,185.39999389648438,187.08999633789062,183.77999877929688,186.36000061035156,167.57374572753906,2227300,0.0,0.0
2018-08-23 00:00:00-04:00,186.44000244140625,187.07000732421875,185.05999755859375,185.8000030517578,167.07020568847656,1494200,0.0,0.0
2018-08-24 00:00:00-04:00,185.86000061035156,186.8699951171875,184.94000244140625,185.72000122070312,166.99826049804688,2266800,0.0,0.0
2018-08-27 00:00:00-04:00,186.0,187.99000549316406,185.85000610351562,187.0,168.14923095703125,1665000,0.0,0.0
2018-08-28 00:00:00-04:00,187.72000122070312,188.3800048828125,186.10000610351562,187.9600067138672,169.01248168945312,1821800,0.0,0.0
2018-08-29 00:00:00-04:00,188.30999755859375,190.9499969482422,187.99000549316406,190.4600067138672,171.26043701171875,2502500,0.0,0.0
2018-08-30 00:00:00-04:00,190.42999267578125,191.24000549316406,189.58999633789062,189.8000030517578,170.66700744628906,2245400,0.0,0.0
2018-08-31 00:00:00-04:00,189.22000122070312,189.57000732421875,187.75999450683594,188.33999633789062,169.35414123535156,1809200,0.0,0.0
2018-09-04 00:00:00-04:00,187.49000549316406,188.57000732421875,185.5800018310547,186.07000732421875,167.31300354003906,2098100,0.0,0.0
2018-09-05 00:00:00-04:00,186.13999938964844,186.85000610351562,181.77999877929688,184.92999267578125,166.2878875732422,3997300,0.0,0.0
2018-09-06 00:00:00-04:00,184.47999572753906,185.6199951171875,181.91000366210938,185.17999267578125,166.51271057128906,2712400,0.0,0.0
2018-09-07 00:00:00-04:00,185.55999755859375,189.14999389648438,185.30999755859375,188.58999633789062,169.57894897460938,2255000,0.0,0.0
2018-09-10 00:00:00-04:00,188.60000610351562,189.7100067138672,186.25999450683594,186.36000061035156,167.57374572753906,1828300,0.0,0.0
2018-09-11 00:00:00-04:00,186.0,186.0,183.0,184.8699951171875,166.2339630126953,1603600,0.0,0.0
2018-09-12 00:00:00-04:00,185.07000732421875,187.35000610351562,183.82000732421875,186.88999938964844,168.0503387451172,1982500,0.0,0.0
2018-09-13 00:00:00-04:00,187.6300048828125,193.41000366210938,186.8800048828125,193.2100067138672,173.73321533203125,2989200,0.0,0.0
2018-09-14 00:00:00-04:00,193.57000732421875,195.67999267578125,192.86000061035156,195.11000061035156,175.4417266845703,2357700,0.0,0.0
2018-09-17 00:00:00-04:00,196.5,201.69000244140625,194.82000732421875,197.83999633789062,177.89645385742188,6532300,0.0,0.0
2018-09-18 00:00:00-04:00,198.08999633789062,201.5500030517578,196.0,200.07000732421875,179.90170288085938,4442100,0.0,0.0
2018-09-19 00:00:00-04:00,200.4199981689453,201.72000122070312,197.91000366210938,199.19000244140625,179.11041259765625,2835800,0.0,0.0
2018-09-20 00:00:00-04:00,200.2100067138672,201.63999938964844,200.16000366210938,201.3300018310547,181.03465270996094,2499900,0.0,0.0
2018-09-21 00:00:00-04:00,202.13999938964844,203.05999755859375,197.41000366210938,202.22999572753906,181.8439483642578,3695700,0.0,0.0
2018-09-24 00:00:00-04:00,200.9199981689453,203.66000366210938,200.57000732421875,203.24000549316406,182.75216674804688,2839400,0.0,0.0
2018-09-25 00:00:00-04:00,203.0500030517578,203.2899932861328,199.8000030517578,201.5,181.18753051757812,3064000,0.0,0.0
2018-09-26 00:00:00-04:00,202.10000610351562,204.0,200.82000732421875,202.42999267578125,182.02381896972656,2256500,0.0,0.0
2018-09-27 00:00:00-04:00,203.36000061035156,206.6300048828125,202.9600067138672,206.35000610351562,185.54867553710938,2573900,0.0,0.0
2018-09-28 00:00:00-04:00,205.02999877929688,208.72999572753906,204.22000122070312,208.25,187.25709533691406,3330600,0.0,0.0
2018-10-01 00:00:00-04:00,209.22000122070312,211.97999572753906,208.5500030517578,210.92999267578125,189.6669464111328,2407300,0.0,0.0
2018-10-02 00:00:00-04:00,211.0,211.6199951171875,209.85000610351562,210.58999633789062,189.3612060546875,2269600,0.0,0.0
2018-10-03 00:00:00-04:00,213.00999450683594,213.5800018310547,210.3800048828125,212.3300018310547,190.9258270263672,2100400,0.0,0.0
2018-10-04 00:00:00-04:00,212.39999389648438,213.4199981689453,210.97000122070312,212.6199951171875,191.1865997314453,2321600,0.0,0.0
2018-10-05 00:00:00-04:00,213.0,216.0,212.80999755859375,215.72000122070312,193.97406005859375,2401500,0.0,0.0
2018-10-08 00:00:00-04:00,214.7899932861328,215.4600067138672,210.02000427246094,212.89999389648438,191.4383544921875,2701200,0.0,0.0
2018-10-09 00:00:00-04:00,212.0,215.27999877929688,211.52000427246094,214.0399932861328,192.46339416503906,1764000,0.0,0.0
2018-10-10 00:00:00-04:00,213.82000732421875,215.36000061035156,209.7100067138672,209.97000122070312,188.8037567138672,2564400,0.0,0.0
2018-10-11 00:00:00-04:00,209.58999633789062,210.77000427246094,202.72999572753906,206.0,185.2339324951172,3605400,0.0,0.0
2018-10-12 00:00:00-04:00,207.75999450683594,209.83999633789062,205.99000549316406,207.08999633789062,186.2139892578125,2621600,0.0,0.0
2018-10-15 00:00:00-04:00,205.80999755859375,207.07000732421875,203.8300018310547,203.9199981689453,183.36358642578125,1791200,0.0,0.0
2018-10-16 00:00:00-04:00,206.83999633789062,212.47000122070312,206.38999938964844,211.9600067138672,190.5930938720703,2788200,0.0,0.0
2018-10-17 00:00:00-04:00,211.19000244140625,212.2100067138672,209.2100067138672,211.1999969482422,189.90972900390625,1456700,0.0,0.0
2018-10-18 00:00:00-04:00,211.35000610351562,213.0800018310547,209.07000732421875,212.74000549316406,191.2944793701172,1875100,0.0,0.0
2018-10-19 00:00:00-04:00,213.6999969482422,214.91000366210938,209.0,210.0,188.83070373535156,2055300,0.0,0.0
2018-10-22 00:00:00-04:00,209.77999877929688,211.4499969482422,207.39999389648438,208.8000030517578,187.75167846679688,1396000,0.0,0.0
2018-10-23 00:00:00-04:00,206.1699981689453,211.0800018310547,205.02000427246094,210.33999633789062,189.13644409179688,1844000,0.0,0.0
2018-10-24 00:00:00-04:00,209.77000427246094,210.92999267578125,201.58999633789062,201.9199981689453,181.56521606445312,2877700,0.0,0.0
2018-10-25 00:00:00-04:00,202.61000061035156,211.9199981689453,201.22999572753906,210.3699951171875,189.1633758544922,3653800,0.0,0.0
2018-10-26 00:00:00-04:00,208.14999389648438,208.3699951171875,204.0800018310547,206.69000244140625,185.8543701171875,2859000,0.0,0.0
2018-10-29 00:00:00-04:00,208.42999267578125,214.0,204.0500030517578,206.8699951171875,186.01617431640625,1988100,0.0,0.0
2018-10-30 00:00:00-04:00,207.89999389648438,210.64999389648438,206.27000427246094,210.25999450683594,189.06448364257812,1994000,0.0,0.0
2018-10-31 00:00:00-04:00,212.0,214.4499969482422,209.27999877929688,213.80999755859375,192.25660705566406,2817300,0.0,0.0
2018-11-01 00:00:00-04:00,219.00999450683594,222.72000122070312,212.13999938964844,216.27999877929688,194.47763061523438,4115300,0.0,0.0
2018-11-02 00:00:00-04:00,216.75999450683594,218.0,212.07000732421875,213.1300048828125,191.64523315429688,2281300,0.0,0.0
2018-11-05 00:00:00-05:00,214.0,216.5800018310547,213.33999633789062,215.5,193.77626037597656,1355300,0.0,0.0
2018-11-06 00:00:00-05:00,215.0500030517578,215.9600067138672,213.47999572753906,214.24000549316406,192.64329528808594,2136800,0.0,0.0
2018-11-07 00:00:00-05:00,218.0,222.25,218.0,220.2899932861328,198.0833740234375,3238600,0.0,0.0
2018-11-08 00:00:00-05:00,220.60000610351562,221.19000244140625,219.32000732421875,220.49000549316406,198.2632598876953,3756800,0.0,0.0
2018-11-09 00:00:00-05:00,220.6699981689453,220.99000549316406,216.77000427246094,217.64999389648438,195.70948791503906,1794800,0.0,0.0
2018-11-12 00:00:00-05:00,217.0800018310547,219.16000366210938,216.4499969482422,217.4199981689453,195.50270080566406,1983700,0.0,0.0
2018-11-13 00:00:00-05:00,217.42999267578125,218.3699951171875,212.25999450683594,213.0500030517578,191.57322692871094,2883400,0.0,0.0
2018-11-14 00:00:00-05:00,213.55999755859375,214.66000366210938,210.9199981689453,212.35000610351562,190.9437713623047,2754400,0.0,0.0
2018-11-15 00:00:00-05:00,211.57000732421875,213.44000244140625,208.61000061035156,212.8000030517578,191.34841918945312,2405100,0.0,0.0
2018-11-16 00:00:00-05:00,213.2100067138672,215.11000061035156,212.38999938964844,213.72000122070312,192.1757049560547,1797000,0.0,0.0
2018-11-19 00:00:00-05:00,215.83999633789062,215.83999633789062,209.47000122070312,211.19000244140625,189.90074157714844,1397500,0.0,0.0
2018-11-20 00:00:00-05:00,211.22999572753906,211.8300018310547,207.24000549316406,207.77999877929688,186.83447265625,1800500,0.0,0.0
2018-11-21 00:00:00-05:00,207.24000549316406,211.9600067138672,207.24000549316406,209.7100067138672,188.5699462890625,1839000,0.0,0.0
2018-11-23 00:00:00-05:00,208.83999633789062,213.16000366210938,207.19000244140625,211.16000366210938,189.87379455566406,535400,0.0,0.0
2018-11-26 00:00:00-05:00,213.1199951171875,218.3800048828125,211.52999877929688,216.27999877929688,194.47763061523438,2187800,0.0,0.0
2018-11-27 00:00:00-05:00,215.85000610351562,217.24000549316406,214.22000122070312,216.8000030517578,194.9452362060547,2278500,0.0,0.0
2018-11-28 00:00:00-05:00,216.5800018310547,222.52000427246094,215.47000122070312,221.72000122070312,199.3692626953125,2605500,0.0,0.0
2018-11-29 00:00:00-05:00,220.5,223.8300018310547,218.92999267578125,222.52000427246094,200.08860778808594,1890000,0.0,0.0
2018-11-30 00:00:00-05:00,223.19000244140625,223.9600067138672,219.92999267578125,223.3800048828125,200.86190795898438,2440900,0.0,0.0
2018-12-03 00:00:00-05:00,224.82000732421875,226.61000061035156,220.7899932861328,224.83999633789062,202.17477416992188,2704100,0.0,0.0
2018-12-04 00:00:00-05:00,225.4499969482422,226.19000244140625,217.2899932861328,217.83999633789062,195.88040161132812,2547900,0.0,0.0
2018-12-06 00:00:00-05:00,216.0399932861328,216.77999877929688,206.61000061035156,214.2899932861328,192.68826293945312,2854700,0.0,0.0
2018-12-07 00:00:00-05:00,213.38999938964844,215.11000061035156,204.27000427246094,206.11000061035156,185.33282470703125,2556400,0.0,0.0
2018-12-10 00:00:00-05:00,206.6300048828125,207.47000122070312,199.52999877929688,206.0800018310547,185.30584716796875,2017900,0.0,0.0
2018-12-11 00:00:00-05:00,207.72999572753906,210.1199951171875,204.05999755859375,205.94000244140625,185.17996215820312,1332300,0.0,0.0
2018-12-12 00:00:00-05:00,208.52999877929688,211.1999969482422,207.41000366210938,207.69000244140625,186.7535858154297,2026600,0.0,0.0
2018-12-13 00:00:00-05:00,210.02000427246094,213.7100067138672,207.35000610351562,211.9499969482422,190.58412170410156,3082200,0.0,0.0
2018-12-14 00:00:00-05:00,210.83999633789062,211.5800018310547,202.66000366210938,205.3699951171875,184.6674346923828,3632200,0.0,0.0
2018-12-17 00:00:00-05:00,201.0,202.8699951171875,197.5500030517578,198.66000366210938,178.63380432128906,3935100,0.0,0.0
2018-12-18 00:00:00-05:00,201.52000427246094,202.38999938964844,190.32000732421875,192.05999755859375,172.6991424560547,3720100,0.0,0.0
2018-12-19 00:00:00-05:00,192.0399932861328,201.1300048828125,190.6999969482422,193.3000030517578,173.8141632080078,4751800,0.0,0.0
2018-12-20 00:00:00-05:00,194.80999755859375,194.80999755859375,178.3000030517578,179.8000030517578,161.67506408691406,8708800,0.0,0.0
2018-12-21 00:00:00-05:00,178.5399932861328,187.25999450683594,177.11000061035156,181.3000030517578,163.0238494873047,7237700,0.0,0.0
2018-12-24 00:00:00-05:00,180.5,181.42999267578125,176.52000427246094,178.00999450683594,160.0655059814453,2589000,0.0,0.0
2018-12-26 00:00:00-05:00,179.74000549316406,187.89999389648438,177.19000244140625,187.6300048828125,168.71575927734375,5037100,0.0,0.0
2018-12-27 00:00:00-05:00,185.75,192.7899932861328,183.38999938964844,192.7899932861328,173.3555908203125,4623600,0.0,0.0
2018-12-28 00:00:00-05:00,192.94000244140625,194.2100067138672,188.74000549316406,190.64999389648438,171.43128967285156,2820300,0.0,0.0
2018-12-31 00:00:00-05:00,191.07000732421875,191.92999267578125,188.00999450683594,189.9199981689453,170.77488708496094,2871000,0.0,0.0
2019-01-02 00:00:00-05:00,187.69000244140625,188.9499969482422,184.3000030517578,187.1699981689453,168.3021240234375,3478200,0.0,0.0
2019-01-03 00:00:00-05:00,186.0,188.75,184.50999450683594,185.57000732421875,166.86341857910156,3614700,0.0,0.0
2019-01-04 00:00:00-05:00,186.88999938964844,191.1300048828125,185.3000030517578,188.69000244140625,169.6688995361328,2936200,0.0,0.0
2019-01-07 00:00:00-05:00,188.60000610351562,189.69000244140625,186.27999877929688,186.5,167.69960021972656,2340700,0.0,0.0
2019-01-08 00:00:00-05:00,187.52000427246094,190.27000427246094,185.00999450683594,189.92999267578125,170.78384399414062,3097300,0.0,0.0
2019-01-09 00:00:00-05:00,191.07000732421875,191.07000732421875,187.08999633789062,190.35000610351562,171.16156005859375,4118500,0.0,0.0
2019-01-10 00:00:00-05:00,190.1300048828125,191.9499969482422,188.2100067138672,191.77999877929688,172.44737243652344,2646300,0.0,0.0
2019-01-11 00:00:00-05:00,189.86000061035156,194.8300018310547,189.5500030517578,194.66000366210938,175.03707885742188,3923700,0.0,0.0
2019-01-14 00:00:00-05:00,193.67999267578125,194.58999633789062,191.67999267578125,192.0500030517578,172.69020080566406,2489900,0.0,0.0
2019-01-15 00:00:00-05:00,192.33999633789062,197.3300018310547,191.85000610351562,196.5500030517578,176.7365264892578,2946000,0.0,0.0
2019-01-16 00:00:00-05:00,196.38999938964844,198.38999938964844,195.8300018310547,196.72999572753906,176.8983917236328,2911000,0.0,0.0
2019-01-17 00:00:00-05:00,195.41000366210938,196.72000122070312,193.08999633789062,194.5,174.89320373535156,2536700,0.0,0.0
2019-01-18 00:00:00-05:00,196.4499969482422,197.97999572753906,194.6199951171875,194.8300018310547,175.18995666503906,2521400,0.0,0.0
2019-01-22 00:00:00-05:00,193.63999938964844,195.42999267578125,192.5,193.0800018310547,173.6163787841797,3701000,0.0,0.0
2019-01-23 00:00:00-05:00,194.5,197.7100067138672,193.9499969482422,196.9199981689453,177.06924438476562,2241600,0.0,0.0
2019-01-24 00:00:00-05:00,196.38999938964844,197.42999267578125,193.0399932861328,193.07000732421875,173.6073455810547,1923200,0.0,0.0
2019-01-25 00:00:00-05:00,194.94000244140625,196.8699951171875,194.52999877929688,196.27999877929688,176.4937744140625,1988700,0.0,0.0
2019-01-28 00:00:00-05:00,195.55999755859375,195.83999633789062,193.11000061035156,195.0800018310547,175.41470336914062,1510100,0.0,0.0
2019-01-29 00:00:00-05:00,194.50999450683594,198.47999572753906,194.2899932861328,198.38999938964844,178.39105224609375,1575300,0.0,0.0
2019-01-30 00:00:00-05:00,199.25,200.27999877929688,195.27000427246094,199.8000030517578,179.65895080566406,2719500,0.0,0.0
2019-01-31 00:00:00-05:00,199.47999572753906,202.0500030517578,198.86000061035156,199.80999755859375,179.6679229736328,2894900,0.0,0.0
2019-02-01 00:00:00-05:00,195.0,199.3800048828125,188.61000061035156,194.05999755859375,174.4974822998047,5566700,0.0,0.0
2019-02-04 00:00:00-05:00,192.3300018310547,193.3800048828125,189.52999877929688,192.07000732421875,172.7081756591797,3346300,0.0,0.0
2019-02-05 00:00:00-05:00,192.72999572753906,193.2899932861328,186.00999450683594,186.4499969482422,167.65464782714844,4061100,0.0,0.0
2019-02-06 00:00:00-05:00,185.89999389648438,188.0,185.22000122070312,187.47999572753906,168.580810546875,2268200,0.0,0.0
2019-02-07 00:00:00-05:00,185.8800048828125,186.80999755859375,183.60000610351562,185.9600067138672,167.21408081054688,2349200,0.0,0.0
2019-02-08 00:00:00-05:00,185.3300018310547,185.60000610351562,180.5,181.3699951171875,163.08677673339844,3036100,0.0,0.0
2019-02-11 00:00:00-05:00,181.61000061035156,183.02999877929688,180.8800048828125,182.88999938964844,164.4535675048828,3930300,0.0,0.0
2019-02-12 00:00:00-05:00,183.55999755859375,186.32000732421875,182.22000122070312,185.1199951171875,166.45877075195312,2836900,0.0,0.0
2019-02-13 00:00:00-05:00,185.47999572753906,189.35000610351562,185.25,188.8000030517578,169.7677764892578,2392100,0.0,0.0
2019-02-14 00:00:00-05:00,188.4499969482422,192.32000732421875,187.2899932861328,192.22000122070312,172.84303283691406,2363100,0.0,0.0
2019-02-15 00:00:00-05:00,193.85000610351562,198.1300048828125,193.00999450683594,197.8699951171875,177.92347717285156,2842700,0.0,0.0
2019-02-19 00:00:00-05:00,197.74000549316406,199.1300048828125,196.0399932861328,198.27999877929688,178.2921600341797,3208200,0.0,0.0
2019-02-20 00:00:00-05:00,197.74000549316406,197.89999389648438,193.6699981689453,194.1199951171875,174.55149841308594,3195800,0.0,0.0
2019-02-21 00:00:00-05:00,194.0,194.99000549316406,190.6300048828125,191.8699951171875,172.52835083007812,1601100,0.0,0.0
2019-02-22 00:00:00-05:00,192.02000427246094,194.3800048828125,190.13999938964844,193.77000427246094,174.23678588867188,1734100,0.0,0.0
2019-02-25 00:00:00-05:00,194.55999755859375,195.5399932861328,191.1699981689453,191.6199951171875,172.3035125732422,1886400,0.0,0.0
2019-02-26 00:00:00-05:00,191.6199951171875,191.6199951171875,188.0500030517578,188.14999389648438,169.18328857421875,1948200,0.0,0.0
2019-02-27 00:00:00-05:00,186.9499969482422,187.3800048828125,179.5,180.72000122070312,162.50230407714844,4645600,0.0,0.0
2019-02-28 00:00:00-05:00,180.0800018310547,180.97000122070312,173.24000549316406,174.44000244140625,156.85537719726562,5918900,0.0,0.0
2019-03-01 00:00:00-05:00,176.0,180.33999633789062,175.3699951171875,178.25,160.28126525878906,3150400,0.0,0.0
2019-03-04 00:00:00-05:00,178.97999572753906,179.99000549316406,170.92999267578125,171.67999267578125,154.3735809326172,3045900,0.0,0.0
2019-03-05 00:00:00-05:00,171.91000366210938,172.63999938964844,168.22999572753906,170.11000061035156,152.96185302734375,3938100,0.0,0.0
2019-03-06 00:00:00-05:00,169.82000732421875,169.91000366210938,164.52999877929688,164.91000366210938,148.28602600097656,2440600,0.0,0.0
2019-03-07 00:00:00-05:00,165.11000061035156,165.97000122070312,162.4199981689453,163.80999755859375,147.29690551757812,3355900,0.0,0.0
2019-03-08 00:00:00-05:00,162.9499969482422,165.75999450683594,162.5500030517578,163.13999938964844,146.73031616210938,2011700,0.04,0.0
2019-03-11 00:00:00-04:00,163.30999755859375,164.97000122070312,162.44000244140625,163.6300048828125,147.17098999023438,2090800,0.0,0.0
2019-03-12 00:00:00-04:00,164.47000122070312,166.85000610351562,164.0500030517578,164.3000030517578,147.77365112304688,1997800,0.0,0.0
2019-03-13 00:00:00-04:00,165.47999572753906,169.60000610351562,164.9499969482422,168.0,151.10150146484375,2659900,0.0,0.0
2019-03-14 00:00:00-04:00,168.83999633789062,171.0800018310547,168.30999755859375,169.55999755859375,152.50454711914062,3755200,0.0,0.0
2019-03-15 00:00:00-04:00,169.5,170.60000610351562,166.22999572753906,166.4499969482422,149.70741271972656,3753100,0.0,0.0
2019-03-18 00:00:00-04:00,166.5500030517578,167.97000122070312,166.4499969482422,167.11000061035156,150.30096435546875,1696400,0.0,0.0
2019-03-19 00:00:00-04:00,167.8800048828125,173.41000366210938,167.4600067138672,172.77999877929688,155.40065002441406,3452200,0.0,0.0
2019-03-20 00:00:00-04:00,172.1999969482422,173.4199981689453,167.6699981689453,167.8699951171875,150.9845428466797,2314700,0.0,0.0
2019-03-21 00:00:00-04:00,167.0,169.7100067138672,167.0,168.8699951171875,151.88394165039062,1625000,0.0,0.0
2019-03-22 00:00:00-04:00,168.25999450683594,168.6300048828125,165.22999572753906,166.08999633789062,149.383544921875,1595600,0.0,0.0
2019-03-25 00:00:00-04:00,165.3800048828125,165.3800048828125,162.4499969482422,163.77000427246094,147.2969512939453,1654400,0.0,0.0
2019-03-26 00:00:00-04:00,164.38999938964844,164.57000732421875,159.91000366210938,160.74000549316406,144.57168579101562,2614000,0.0,0.0
2019-03-27 00:00:00-04:00,160.4499969482422,161.77000427246094,158.5800018310547,159.7899932861328,143.7172393798828,1949800,0.0,0.0
2019-03-28 00:00:00-04:00,159.7899932861328,161.0399932861328,158.7899932861328,159.69000244140625,143.62734985351562,1682700,0.0,0.0
2019-03-29 00:00:00-04:00,160.0800018310547,161.7899932861328,158.7100067138672,160.82000732421875,144.64364624023438,3332000,0.0,0.0
2019-04-01 00:00:00-04:00,162.6199951171875,163.08999633789062,160.44000244140625,161.8699951171875,145.5880889892578,1894500,0.0,0.0
2019-04-02 00:00:00-04:00,162.4499969482422,162.49000549316406,158.52999877929688,158.6199951171875,142.66493225097656,2712800,0.0,0.0
2019-04-03 00:00:00-04:00,159.25,161.22999572753906,158.0,159.0,143.0067138671875,2286400,0.0,0.0
2019-04-04 00:00:00-04:00,159.0,161.66000366210938,158.36000061035156,161.47999572753906,145.2372589111328,1703700,0.0,0.0
2019-04-05 00:00:00-04:00,162.64999389648438,167.4499969482422,162.3800048828125,166.1300048828125,149.41954040527344,3692900,0.0,0.0
2019-04-08 00:00:00-04:00,166.1699981689453,167.52999877929688,164.64999389648438,167.39999389648438,150.56178283691406,2385400,0.0,0.0
2019-04-09 00:00:00-04:00,166.4600067138672,170.88999938964844,165.17999267578125,169.1300048828125,152.11778259277344,2742600,0.0,0.0
2019-04-10 00:00:00-04:00,168.44000244140625,169.69000244140625,166.88999938964844,168.1999969482422,151.28134155273438,2082300,0.0,0.0
2019-04-11 00:00:00-04:00,168.3000030517578,168.3800048828125,162.36000061035156,164.00999450683594,147.51278686523438,3368000,0.0,0.0
2019-04-12 00:00:00-04:00,164.94000244140625,165.0,159.72999572753906,160.60000610351562,144.44581604003906,3592700,0.0,0.0
2019-04-15 00:00:00-04:00,161.69000244140625,165.50999450683594,160.16000366210938,163.82000732421875,147.34190368652344,2669700,0.0,0.0
2019-04-16 00:00:00-04:00,166.6999969482422,167.25999450683594,150.50999450683594,151.0399932861328,135.847412109375,6383100,0.0,0.0
2019-04-17 00:00:00-04:00,151.11000061035156,151.75999450683594,141.9499969482422,145.49000549316406,130.85568237304688,8670300,0.0,0.0
2019-04-18 00:00:00-04:00,145.9499969482422,149.0500030517578,144.24000549316406,149.0,134.01260375976562,5347700,0.0,0.0
2019-04-22 00:00:00-04:00,149.50999450683594,151.72000122070312,147.74000549316406,147.99000549316406,133.10418701171875,2654200,0.0,0.0
2019-04-23 00:00:00-04:00,148.77000427246094,155.7899932861328,148.6999969482422,153.82000732421875,138.34774780273438,4360000,0.0,0.0
2019-04-24 00:00:00-04:00,153.3800048828125,154.44000244140625,151.52999877929688,154.22000122070312,138.70758056640625,1821200,0.0,0.0
2019-04-25 00:00:00-04:00,153.24000549316406,157.72000122070312,152.1300048828125,156.80999755859375,141.0370330810547,2290900,0.0,0.0
2019-04-26 00:00:00-04:00,157.11000061035156,161.16000366210938,157.02999877929688,160.94000244140625,144.75161743164062,2343900,0.0,0.0
2019-04-29 00:00:00-04:00,160.94000244140625,161.3800048828125,158.30999755859375,160.6699981689453,144.50875854492188,1795300,0.0,0.0
2019-04-30 00:00:00-04:00,161.14999389648438,161.1699981689453,156.14999389648438,158.83999633789062,142.86280822753906,3430200,0.0,0.0
2019-05-01 00:00:00-04:00,158.9199981689453,162.8300018310547,158.2899932861328,162.0,145.70498657226562,3204400,0.0,0.0
2019-05-02 00:00:00-04:00,163.77999877929688,163.99000549316406,152.5,158.22000122070312,142.3052215576172,4885300,0.0,0.0
2019-05-03 00:00:00-04:00,158.1699981689453,158.74000549316406,149.80999755859375,152.8300018310547,137.45738220214844,5762400,0.0,0.0
2019-05-06 00:00:00-04:00,151.16000366210938,159.35000610351562,150.25,158.8000030517578,142.8268585205078,3249500,0.0,0.0
2019-05-07 00:00:00-04:00,157.60000610351562,158.89999389648438,153.2100067138672,155.16000366210938,139.55299377441406,2350500,0.0,0.0
2019-05-08 00:00:00-04:00,154.99000549316406,157.8000030517578,153.42999267578125,156.50999450683594,140.76718139648438,1800900,0.0,0.0
2019-05-09 00:00:00-04:00,154.83999633789062,157.3699951171875,154.00999450683594,155.86000061035156,140.18258666992188,1682200,0.0,0.0
2019-05-10 00:00:00-04:00,156.13999938964844,158.6699981689453,153.42999267578125,158.44000244140625,142.50306701660156,2195600,0.0,0.0
2019-05-13 00:00:00-04:00,155.4600067138672,157.66000366210938,154.1699981689453,157.32000732421875,141.49569702148438,2341000,0.0,0.0
2019-05-14 00:00:00-04:00,157.32000732421875,158.6999969482422,155.25,155.2899932861328,139.66993713378906,2778500,0.0,0.0
2019-05-15 00:00:00-04:00,155.14999389648438,155.99000549316406,151.22000122070312,155.27000427246094,139.6519317626953,2094100,0.0,0.0
2019-05-16 00:00:00-04:00,155.00999450683594,158.0399932861328,153.38999938964844,153.7899932861328,138.32080078125,2208700,0.0,0.0
2019-05-17 00:00:00-04:00,153.3800048828125,157.0,153.1300048828125,154.86000061035156,139.28317260742188,1558400,0.0,0.0
2019-05-20 00:00:00-04:00,154.0,155.8300018310547,152.8000030517578,153.6699981689453,138.21286010742188,2028800,0.0,0.0
2019-05-21 00:00:00-04:00,154.19000244140625,156.22999572753906,152.94000244140625,154.66000366210938,139.10324096679688,2979600,0.0,0.0
2019-05-22 00:00:00-04:00,154.97000122070312,154.97000122070312,150.8800048828125,152.8300018310547,137.45738220214844,2531000,0.0,0.0
2019-05-23 00:00:00-04:00,151.35000610351562,152.39999389648438,149.00999450683594,150.00999450683594,134.92103576660156,2370600,0.0,0.0
2019-05-24 00:00:00-04:00,150.33999633789062,150.8300018310547,148.75,149.47999572753906,134.44430541992188,2269700,0.0,0.0
2019-05-28 00:00:00-04:00,149.22000122070312,150.22999572753906,146.25999450683594,146.49000549316406,131.75506591796875,4552300,0.0,0.0
2019-05-29 00:00:00-04:00,145.92999267578125,148.9600067138672,144.42999267578125,148.41000366210938,133.48193359375,2054400,0.0,0.0
2019-05-30 00:00:00-04:00,148.2100067138672,149.6699981689453,147.0,147.99000549316406,133.10418701171875,1291500,0.0,0.0
2019-05-31 00:00:00-04:00,146.88999938964844,148.3800048828125,145.00999450683594,148.02000427246094,133.13119506835938,2375600,0.0,0.0
2019-06-03 00:00:00-04:00,147.61000061035156,151.25,147.5,150.41000366210938,135.28074645996094,2479200,0.0,0.0
2019-06-04 00:00:00-04:00,151.88999938964844,154.7899932861328,151.42999267578125,154.0500030517578,138.5546417236328,2251100,0.0,0.0
2019-06-05 00:00:00-04:00,155.3800048828125,155.3800048828125,152.13999938964844,153.80999755859375,138.33876037597656,2194000,0.0,0.0
2019-06-06 00:00:00-04:00,153.6999969482422,154.66000366210938,153.1199951171875,153.72000122070312,138.25779724121094,1300600,0.0,0.0
2019-06-07 00:00:00-04:00,154.44000244140625,158.0,153.92999267578125,157.47000122070312,141.630615234375,1862400,0.0,0.0
2019-06-10 00:00:00-04:00,157.8699951171875,158.47999572753906,156.3300018310547,156.5500030517578,140.8031768798828,1465300,0.0,0.0
2019-06-11 00:00:00-04:00,156.89999389648438,158.3800048828125,156.05999755859375,156.36000061035156,140.63230895996094,1263300,0.0,0.0
2019-06-12 00:00:00-04:00,155.8000030517578,156.42999267578125,154.60000610351562,156.07000732421875,140.37147521972656,1242000,0.0,0.0
2019-06-13 00:00:00-04:00,156.50999450683594,158.1999969482422,155.52000427246094,158.11000061035156,142.20623779296875,952000,0.0,0.0
2019-06-14 00:00:00-04:00,158.33999633789062,159.91000366210938,156.69000244140625,158.41000366210938,142.47610473632812,1473600,0.0,0.0
2019-06-17 00:00:00-04:00,158.4600067138672,159.6699981689453,158.02999877929688,159.11000061035156,143.10568237304688,979000,0.0,0.0
2019-06-18 00:00:00-04:00,160.0,161.07000732421875,158.6999969482422,159.83999633789062,143.76222229003906,1561800,0.0,0.0
2019-06-19 00:00:00-04:00,160.0,161.6999969482422,157.97000122070312,160.1999969482422,144.0860137939453,2386500,0.0,0.0
2019-06-20 00:00:00-04:00,160.6199951171875,160.82000732421875,158.75999450683594,159.75,143.6812744140625,1546400,0.0,0.0
2019-06-21 00:00:00-04:00,160.27999877929688,162.61000061035156,158.6199951171875,161.14999389648438,144.9404754638672,3055000,0.0,0.0
2019-06-24 00:00:00-04:00,161.0,161.0,159.00999450683594,160.4600067138672,144.3198699951172,1404400,0.0,0.0
2019-06-25 00:00:00-04:00,159.55999755859375,160.82000732421875,158.83999633789062,160.0800018310547,143.97808837890625,1245800,0.0,0.0
2019-06-26 00:00:00-04:00,160.25,160.63999938964844,156.3699951171875,156.91000366210938,141.1269989013672,1530400,0.0,0.0
2019-06-27 00:00:00-04:00,157.27999877929688,158.7100067138672,156.36000061035156,157.88999938964844,142.0083770751953,1362300,0.0,0.0
2019-06-28 00:00:00-04:00,158.0500030517578,159.13999938964844,156.50999450683594,157.5500030517578,141.7025909423828,3249500,0.0,0.0
2019-07-01 00:00:00-04:00,158.9199981689453,159.83999633789062,157.91000366210938,158.75,142.78189086914062,1715000,0.0,0.0
2019-07-02 00:00:00-04:00,158.9199981689453,161.83999633789062,157.32000732421875,161.80999755859375,145.53408813476562,1738000,0.0,0.0
2019-07-03 00:00:00-04:00,162.32000732421875,165.94000244140625,162.0,164.8300018310547,148.25035095214844,1159500,0.0,0.0
2019-07-05 00:00:00-04:00,164.02000427246094,165.1999969482422,162.83999633789062,163.44000244140625,147.00010681152344,862800,0.0,0.0
2019-07-08 00:00:00-04:00,163.25,163.4499969482422,160.16000366210938,161.72999572753906,145.46212768554688,1202300,0.0,0.0
2019-07-09 00:00:00-04:00,160.19000244140625,161.32000732421875,159.4499969482422,159.72999572753906,143.6632843017578,1007100,0.0,0.0
2019-07-10 00:00:00-04:00,159.92999267578125,161.2899932861328,159.3000030517578,160.50999450683594,144.36485290527344,948600,0.0,0.0
2019-07-11 00:00:00-04:00,179.52999877929688,185.77000427246094,173.0,175.33999633789062,157.70315551757812,10064800,0.0,0.0
2019-07-12 00:00:00-04:00,174.89999389648438,179.6999969482422,174.25,179.2100067138672,161.18386840820312,3821800,0.0,0.0
2019-07-15 00:00:00-04:00,179.0500030517578,179.82000732421875,176.36000061035156,177.02999877929688,159.22312927246094,1806300,0.0,0.0
2019-07-16 00:00:00-04:00,177.5399932861328,182.1199951171875,176.66000366210938,179.9600067138672,161.85842895507812,3057700,0.0,0.0
2019-07-17 00:00:00-04:00,178.41000366210938,181.85000610351562,178.05999755859375,178.47999572753906,160.52731323242188,1529700,0.0,0.0
2019-07-18 00:00:00-04:00,177.7899932861328,179.32000732421875,174.3000030517578,176.94000244140625,159.14222717285156,1719600,0.0,0.0
2019-07-19 00:00:00-04:00,177.60000610351562,177.60000610351562,173.47999572753906,173.69000244140625,156.21913146972656,1120800,0.0,0.0
2019-07-22 00:00:00-04:00,173.77999877929688,173.77999877929688,170.4600067138672,170.61000061035156,153.44894409179688,1687000,0.0,0.0
2019-07-23 00:00:00-04:00,170.47999572753906,172.9600067138672,168.66000366210938,172.10000610351562,154.78907775878906,1642800,0.0,0.0
2019-07-24 00:00:00-04:00,170.89999389648438,171.5399932861328,165.50999450683594,171.27999877929688,154.05149841308594,1817100,0.0,0.0
2019-07-25 00:00:00-04:00,170.72000122070312,170.88999938964844,166.10000610351562,166.5500030517578,149.7973175048828,2040700,0.0,0.0
2019-07-26 00:00:00-04:00,167.4199981689453,167.6300048828125,165.94000244140625,167.3000030517578,150.4718475341797,1801700,0.0,0.0
2019-07-29 00:00:00-04:00,166.77999877929688,172.49000549316406,166.77999877929688,172.24000549316406,154.91500854492188,1563400,0.0,0.0
2019-07-30 00:00:00-04:00,170.57000732421875,172.44000244140625,169.17999267578125,172.25,154.92396545410156,878900,0.0,0.0
2019-07-31 00:00:00-04:00,173.5399932861328,173.66000366210938,169.27000427246094,169.9199981689453,152.8283233642578,2017300,0.0,0.0
2019-08-01 00:00:00-04:00,170.0399932861328,173.00999450683594,165.0500030517578,167.55999755859375,150.7057342529297,3175900,0.0,0.0
2019-08-02 00:00:00-04:00,167.8699951171875,169.14999389648438,162.33999633789062,164.5800018310547,148.0255126953125,1905900,0.0,0.0
2019-08-05 00:00:00-04:00,162.36000061035156,163.27999877929688,157.1300048828125,159.0,143.0067138671875,2570500,0.0,0.0
2019-08-06 00:00:00-04:00,163.0,164.42999267578125,159.58999633789062,163.72000122070312,147.251953125,3088100,0.0,0.0
2019-08-07 00:00:00-04:00,161.57000732421875,166.8300018310547,160.3800048828125,166.47999572753906,149.73434448242188,1806300,0.0,0.0
2019-08-08 00:00:00-04:00,166.6199951171875,167.99000549316406,164.8800048828125,166.60000610351562,149.84222412109375,1590900,0.0,0.0
2019-08-09 00:00:00-04:00,166.50999450683594,170.83999633789062,166.32000732421875,169.89999389648438,152.8103485107422,1664900,0.0,0.0
2019-08-12 00:00:00-04:00,168.3800048828125,169.64999389648438,165.0399932861328,165.61000061035156,148.9518585205078,1313800,0.0,0.0
2019-08-13 00:00:00-04:00,165.61000061035156,170.08999633789062,165.61000061035156,169.47000122070312,152.42361450195312,1321900,0.0,0.0
2019-08-14 00:00:00-04:00,166.60000610351562,166.86000061035156,160.0399932861328,160.17999267578125,144.06805419921875,2839100,0.0,0.0
2019-08-15 00:00:00-04:00,161.02000427246094,161.2100067138672,157.1300048828125,159.6999969482422,143.63632202148438,1743200,0.0,0.0
2019-08-16 00:00:00-04:00,160.3300018310547,163.1699981689453,157.1300048828125,161.24000549316406,145.02142333984375,1453000,0.0,0.0
2019-08-19 00:00:00-04:00,163.0500030517578,164.77999877929688,162.72999572753906,162.97999572753906,146.58642578125,1265400,0.0,0.0
2019-08-20 00:00:00-04:00,162.55999755859375,164.02999877929688,160.6999969482422,161.14999389648438,144.9404754638672,1250500,0.0,0.0
2019-08-21 00:00:00-04:00,162.64999389648438,164.0500030517578,161.57000732421875,162.33999633789062,146.0107879638672,1263600,0.0,0.0
2019-08-22 00:00:00-04:00,162.39999389648438,162.39999389648438,155.41000366210938,155.77999877929688,140.11062622070312,2060100,0.0,0.0
2019-08-23 00:00:00-04:00,155.0,157.0800018310547,152.2899932861328,153.3000030517578,137.8800506591797,2201800,0.0,0.0
2019-08-26 00:00:00-04:00,154.22999572753906,154.50999450683594,152.1999969482422,152.91000366210938,137.52931213378906,1529200,0.0,0.0
2019-08-27 00:00:00-04:00,153.19000244140625,153.5399932861328,146.22999572753906,146.27000427246094,131.5572052001953,2794300,0.0,0.0
2019-08-28 00:00:00-04:00,146.27999877929688,149.3800048828125,145.50999450683594,147.4499969482422,132.61849975585938,2343300,0.0,0.0
2019-08-29 00:00:00-04:00,149.08999633789062,152.8300018310547,148.9199981689453,152.5,137.16055297851562,2045200,0.0,0.0
2019-08-30 00:00:00-04:00,153.3000030517578,155.3699951171875,152.5399932861328,153.97000122070312,138.48268127441406,1553500,0.0,0.0
2019-09-03 00:00:00-04:00,152.82000732421875,155.3300018310547,152.1199951171875,154.99000549316406,139.40011596679688,2994000,0.0,0.0
2019-09-04 00:00:00-04:00,156.44000244140625,157.5800018310547,152.5399932861328,152.94000244140625,137.5562744140625,1915700,0.0,0.0
2019-09-05 00:00:00-04:00,154.88999938964844,154.88999938964844,150.94000244140625,151.0,135.81143188476562,2092900,0.0,0.0
2019-09-06 00:00:00-04:00,150.86000061035156,154.72000122070312,150.0,153.8000030517578,138.3297882080078,2031300,0.0,0.0
2019-09-09 00:00:00-04:00,155.1699981689453,162.58999633789062,154.64999389648438,162.16000366210938,145.84890747070312,2945400,0.0,0.0
2019-09-10 00:00:00-04:00,162.38999938964844,166.9600067138672,160.27000427246094,164.99000549316406,148.39422607421875,2936500,0.0,0.0
2019-09-11 00:00:00-04:00,164.4199981689453,165.4600067138672,160.19000244140625,161.88999938964844,145.60604858398438,2194500,0.0,0.0
2019-09-12 00:00:00-04:00,165.1300048828125,165.27999877929688,158.75,158.97999572753906,142.98875427246094,3362700,0.0,0.0
2019-09-13 00:00:00-04:00,160.10000610351562,162.99000549316406,159.5500030517578,160.85000610351562,144.67062377929688,2194900,0.0,0.0
2019-09-16 00:00:00-04:00,159.97999572753906,165.6199951171875,159.97999572753906,165.5,148.85296630859375,1558600,0.0,0.0
2019-09-17 00:00:00-04:00,164.08999633789062,165.75999450683594,160.7899932861328,161.5,145.2552490234375,1620000,0.0,0.0
2019-09-18 00:00:00-04:00,160.52999877929688,161.9600067138672,159.3800048828125,160.44000244140625,144.3018798828125,1563100,0.0,0.0
2019-09-19 00:00:00-04:00,161.02000427246094,166.6999969482422,160.58999633789062,164.7100067138672,148.1424102783203,2006900,0.0,0.0
2019-09-20 00:00:00-04:00,165.5399932861328,166.72000122070312,161.32000732421875,161.3800048828125,145.1473846435547,2695700,0.0,0.0
2019-09-23 00:00:00-04:00,160.57000732421875,161.39999389648438,159.69000244140625,160.14999389648438,144.0410614013672,2112500,0.0,0.0
2019-09-24 00:00:00-04:00,160.7899932861328,161.61000061035156,156.72999572753906,157.91000366210938,142.02638244628906,1842600,0.0,0.0
2019-09-25 00:00:00-04:00,157.4600067138672,158.4600067138672,154.91000366210938,155.22000122070312,139.60693359375,1689600,0.0,0.0
2019-09-26 00:00:00-04:00,155.91000366210938,156.3000030517578,149.4600067138672,149.7899932861328,134.72315979003906,3523500,0.0,0.0
2019-09-27 00:00:00-04:00,150.61000061035156,152.0399932861328,148.1300048828125,149.47999572753906,134.44430541992188,2463900,0.0,0.0
2019-09-30 00:00:00-04:00,150.52999877929688,152.88999938964844,148.22999572753906,151.7899932861328,136.52195739746094,1993700,0.0,0.0
2019-10-01 00:00:00-04:00,152.9600067138672,153.10000610351562,147.9199981689453,150.42999267578125,135.2987518310547,2231800,0.0,0.0
2019-10-02 00:00:00-04:00,149.2100067138672,152.0500030517578,148.41000366210938,149.24000549316406,134.22848510742188,2563800,0.0,0.0
2019-10-03 00:00:00-04:00,149.02000427246094,150.0399932861328,147.80999755859375,148.61000061035156,133.661865234375,2010100,0.0,0.0
2019-10-04 00:00:00-04:00,148.3699951171875,151.25999450683594,148.0,150.74000549316406,135.5775909423828,2097400,0.0,0.0
2019-10-07 00:00:00-04:00,150.58999633789062,151.85000610351562,149.14999389648438,149.1999969482422,134.19248962402344,2216600,0.0,0.0
2019-10-08 00:00:00-04:00,147.97999572753906,148.77999877929688,146.5,147.19000244140625,132.38465881347656,1854900,0.0,0.0
2019-10-09 00:00:00-04:00,148.38999938964844,149.99000549316406,147.38999938964844,149.58999633789062,134.54327392578125,1796900,0.0,0.0
2019-10-10 00:00:00-04:00,149.10000610351562,152.4600067138672,148.5500030517578,150.8300018310547,135.65853881835938,2215600,0.0,0.0
2019-10-11 00:00:00-04:00,152.5399932861328,155.99000549316406,151.72999572753906,152.39999389648438,137.07058715820312,1946100,0.0,0.0
2019-10-14 00:00:00-04:00,152.2100067138672,152.8000030517578,150.7899932861328,151.5800018310547,136.3330841064453,1304300,0.0,0.0
2019-10-15 00:00:00-04:00,155.3000030517578,161.33999633789062,155.10000610351562,160.16000366210938,144.05001831054688,2792200,0.0,0.0
2019-10-16 00:00:00-04:00,159.74000549316406,161.67999267578125,157.80999755859375,161.47000122070312,145.22830200195312,1822100,0.0,0.0
2019-10-17 00:00:00-04:00,161.72999572753906,165.2899932861328,161.47000122070312,164.77000427246094,148.1963653564453,1796000,0.0,0.0
2019-10-18 00:00:00-04:00,165.83999633789062,167.3800048828125,163.8300018310547,166.8800048828125,150.09408569335938,2030300,0.0,0.0
2019-10-21 00:00:00-04:00,166.9499969482422,168.05999755859375,165.85000610351562,166.74000549316406,149.96820068359375,1891200,0.0,0.0
2019-10-22 00:00:00-04:00,166.0800018310547,172.22999572753906,166.0800018310547,170.3800048828125,153.24203491210938,2379000,0.0,0.0
2019-10-23 00:00:00-04:00,170.1999969482422,173.52999877929688,169.0,172.91000366210938,155.51756286621094,2088700,0.0,0.0
2019-10-24 00:00:00-04:00,172.8699951171875,173.6699981689453,168.0,170.11000061035156,152.9991912841797,1974300,0.0,0.0
2019-10-25 00:00:00-04:00,169.99000549316406,172.14999389648438,168.8699951171875,171.49000549316406,154.24044799804688,1325300,0.0,0.0
2019-10-28 00:00:00-04:00,171.67999267578125,175.74000549316406,171.3699951171875,174.7899932861328,157.20849609375,2019300,0.0,0.0
2019-10-29 00:00:00-04:00,174.60000610351562,178.1300048828125,174.32000732421875,177.97999572753906,160.07757568359375,1927000,0.0,0.0
2019-10-30 00:00:00-04:00,176.5500030517578,177.64999389648438,175.44000244140625,176.44000244140625,158.69248962402344,2033200,0.0,0.0
2019-10-31 00:00:00-04:00,178.25,179.5,171.64999389648438,178.4600067138672,160.50933837890625,3971400,0.0,0.0
2019-11-01 00:00:00-04:00,179.2100067138672,184.55999755859375,178.0,179.50999450683594,161.45370483398438,3425800,0.0,0.0
2019-11-04 00:00:00-05:00,181.30999755859375,183.67999267578125,178.4499969482422,183.1199951171875,164.7005615234375,2451400,0.0,0.0
2019-11-05 00:00:00-05:00,184.0,184.74000549316406,181.67999267578125,181.85000610351562,163.558349609375,2581100,0.0,0.0
2019-11-06 00:00:00-05:00,182.97000122070312,184.44000244140625,181.74000549316406,183.1300048828125,164.70960998535156,1763600,0.0,0.0
2019-11-07 00:00:00-05:00,184.02999877929688,186.5,183.4600067138672,185.33999633789062,166.69729614257812,1356000,0.0,0.0
2019-11-08 00:00:00-05:00,186.0,189.27999877929688,185.25999450683594,188.1999969482422,169.2696075439453,1461300,0.0,0.0
2019-11-11 00:00:00-05:00,185.89999389648438,187.47000122070312,185.07000732421875,187.16000366210938,168.33421325683594,1390400,0.0,0.0
2019-11-12 00:00:00-05:00,186.47000122070312,190.5399932861328,186.25,188.97000122070312,169.96212768554688,1831900,0.0,0.0
2019-11-13 00:00:00-05:00,187.9499969482422,191.74000549316406,187.22000122070312,190.25,171.11341857910156,1463000,0.0,0.0
2019-11-14 00:00:00-05:00,190.33999633789062,191.7100067138672,189.00999450683594,189.6999969482422,170.61871337890625,1534900,0.0,0.0
2019-11-15 00:00:00-05:00,190.38999938964844,198.63999938964844,188.27999877929688,196.00999450683594,176.2940216064453,3056600,0.0,0.0
2019-11-18 00:00:00-05:00,197.3800048828125,202.85000610351562,195.75,198.3800048828125,178.42562866210938,2818800,0.0,0.0
2019-11-19 00:00:00-05:00,198.72999572753906,200.38999938964844,196.3300018310547,200.02000427246094,179.90069580078125,1666100,0.0,0.0
2019-11-20 00:00:00-05:00,199.0,200.60000610351562,197.1699981689453,199.91000366210938,179.80174255371094,1633000,0.0,0.0
2019-11-21 00:00:00-05:00,200.27000427246094,201.42999267578125,198.10000610351562,201.2100067138672,180.9709930419922,1359200,0.0,0.0
2019-11-22 00:00:00-05:00,202.0,202.8800048828125,200.32000732421875,201.85000610351562,181.546630859375,1492300,0.0,0.0
2019-11-25 00:00:00-05:00,202.0,205.24000549316406,201.83999633789062,203.8699951171875,183.36341857910156,2419700,0.0,0.0
2019-11-26 00:00:00-05:00,204.38999938964844,204.38999938964844,199.38999938964844,200.3699951171875,180.2154541015625,2201100,0.0,0.0
2019-11-27 00:00:00-05:00,200.5,202.58999633789062,198.5,200.02999877929688,179.90966796875,2042000,0.0,0.0
2019-11-29 00:00:00-05:00,200.02999877929688,200.7899932861328,198.5,199.9199981689453,179.81076049804688,812000,0.0,0.0
2019-12-02 00:00:00-05:00,199.9199981689453,200.38999938964844,196.83999633789062,196.94000244140625,177.13047790527344,1498900,0.0,0.0
2019-12-03 00:00:00-05:00,193.94000244140625,195.97999572753906,192.5399932861328,195.3300018310547,175.68246459960938,1975900,0.0,0.0
2019-12-04 00:00:00-05:00,196.41000366210938,197.99000549316406,195.2899932861328,196.74000549316406,176.95065307617188,1820300,0.0,0.0
2019-12-05 00:00:00-05:00,196.6999969482422,196.82000732421875,193.5800018310547,195.58999633789062,175.91627502441406,1526300,0.0,0.0
2019-12-06 00:00:00-05:00,197.50999450683594,199.94000244140625,197.08999633789062,198.92999267578125,178.92031860351562,1658000,0.0,0.0
2019-12-09 00:00:00-05:00,198.0800018310547,198.83999633789062,195.85000610351562,195.9499969482422,176.24008178710938,1376600,0.0,0.0
2019-12-10 00:00:00-05:00,195.67999267578125,195.67999267578125,189.52000427246094,191.7100067138672,172.426513671875,3335200,0.0,0.0
2019-12-11 00:00:00-05:00,191.49000549316406,193.5,189.8300018310547,191.75,172.46250915527344,1971100,0.0,0.0
2019-12-12 00:00:00-05:00,192.3300018310547,194.89999389648438,191.11000061035156,193.55999755859375,174.09048461914062,2013100,0.0,0.0
2019-12-13 00:00:00-05:00,193.91000366210938,194.9600067138672,188.8000030517578,189.8699951171875,170.77163696289062,2090900,0.0,0.0
2019-12-16 00:00:00-05:00,191.80999755859375,197.22999572753906,191.0,195.1300048828125,175.50254821777344,1867500,0.0,0.0
2019-12-17 00:00:00-05:00,194.5800018310547,196.3300018310547,192.0800018310547,193.52000427246094,174.05445861816406,1701700,0.0,0.0
2019-12-18 00:00:00-05:00,195.0,199.8000030517578,194.58999633789062,198.1999969482422,178.26373291015625,2439600,0.0,0.0
2019-12-19 00:00:00-05:00,198.2100067138672,199.99000549316406,197.80999755859375,198.72000122070312,178.7314453125,1683500,0.0,0.0
2019-12-20 00:00:00-05:00,201.55999755859375,206.24000549316406,201.55999755859375,204.58999633789062,184.01100158691406,4943200,0.0,0.0
2019-12-23 00:00:00-05:00,203.97000122070312,207.27999877929688,203.3699951171875,206.47000122070312,185.70188903808594,1901000,0.0,0.0
2019-12-24 00:00:00-05:00,206.52999877929688,206.92999267578125,204.0,204.00999450683594,183.4893341064453,531000,0.0,0.0
2019-12-26 00:00:00-05:00,204.50999450683594,205.35000610351562,203.97999572753906,204.3800048828125,183.82208251953125,743100,0.0,0.0
2019-12-27 00:00:00-05:00,204.44000244140625,204.9499969482422,203.58999633789062,204.0,183.48033142089844,1053600,0.0,0.0
2019-12-30 00:00:00-05:00,203.6999969482422,204.58999633789062,202.3800048828125,202.97000122070312,182.55398559570312,954800,0.0,0.0
2019-12-31 00:00:00-05:00,202.8800048828125,204.7100067138672,202.00999450683594,204.49000549316406,183.92105102539062,1483600,0.0,0.0
2020-01-02 00:00:00-05:00,205.38999938964844,205.85000610351562,202.08999633789062,204.94000244140625,184.32579040527344,1372600,0.0,0.0
2020-01-03 00:00:00-05:00,202.00999450683594,204.38999938964844,200.8000030517578,203.17999267578125,182.7427978515625,1387300,0.0,0.0
2020-01-06 00:00:00-05:00,202.0,207.16000366210938,201.9499969482422,206.9199981689453,186.10667419433594,1243000,0.0,0.0
2020-01-07 00:00:00-05:00,206.17999267578125,208.77999877929688,205.27999877929688,207.92999267578125,187.0150146484375,1354600,0.0,0.0
2020-01-08 00:00:00-05:00,207.92999267578125,211.72000122070312,207.19000244140625,211.41000366210938,190.14501953125,1483600,0.0,0.0
2020-01-09 00:00:00-05:00,210.02999877929688,212.22999572753906,209.0,210.85000610351562,189.6413116455078,2018200,0.0,0.0
2020-01-10 00:00:00-05:00,212.11000061035156,212.35000610351562,209.6999969482422,210.27999877929688,189.128662109375,1034800,0.0,0.0
2020-01-13 00:00:00-05:00,208.50999450683594,209.0,201.9600067138672,203.50999450683594,183.03964233398438,2376600,0.0,0.0
2020-01-14 00:00:00-05:00,203.25999450683594,206.9499969482422,203.02000427246094,205.19000244140625,184.5506591796875,1499100,0.0,0.0
2020-01-15 00:00:00-05:00,205.19000244140625,210.4199981689453,205.19000244140625,208.22999572753906,187.28488159179688,1799700,0.0,0.0
2020-01-16 00:00:00-05:00,209.41000366210938,211.25999450683594,208.5,210.9499969482422,189.73126220703125,1387500,0.0,0.0
2020-01-17 00:00:00-05:00,210.9600067138672,212.63999938964844,209.22999572753906,212.52000427246094,191.1433563232422,1680000,0.0,0.0
2020-01-21 00:00:00-05:00,211.67999267578125,214.44000244140625,210.39999389648438,213.0,191.57508850097656,2192200,0.0,0.0
2020-01-22 00:00:00-05:00,213.3000030517578,213.8000030517578,210.3699951171875,211.25999450683594,190.0100555419922,1468700,0.0,0.0
2020-01-23 00:00:00-05:00,211.0399932861328,213.3800048828125,209.8300018310547,212.6999969482422,191.30523681640625,1511600,0.0,0.0
2020-01-24 00:00:00-05:00,212.7100067138672,212.99000549316406,204.74000549316406,206.00999450683594,185.28817749023438,1882200,0.0,0.0
2020-01-27 00:00:00-05:00,202.1999969482422,202.61000061035156,196.64999389648438,199.9499969482422,179.8376922607422,1498300,0.0,0.0
2020-01-28 00:00:00-05:00,201.35000610351562,206.1199951171875,200.6300048828125,205.3300018310547,184.67652893066406,1603400,0.0,0.0
2020-01-29 00:00:00-05:00,204.86000061035156,206.4199981689453,201.72000122070312,202.5399932861328,182.16720581054688,1849500,0.0,0.0
2020-01-30 00:00:00-05:00,200.50999450683594,201.52999877929688,194.8699951171875,196.99000549316406,177.17544555664062,3180000,0.0,0.0
2020-01-31 00:00:00-05:00,195.3800048828125,195.82000732421875,191.08999633789062,192.3800048828125,173.0291290283203,1816000,0.0,0.0
2020-02-03 00:00:00-05:00,193.82000732421875,196.0800018310547,191.17999267578125,191.77000427246094,172.48052978515625,2356200,0.0,0.0
2020-02-04 00:00:00-05:00,194.16000366210938,198.7100067138672,193.89999389648438,196.86000061035156,177.0585174560547,1955700,0.0,0.0
2020-02-05 00:00:00-05:00,200.08999633789062,207.5,200.08999633789062,206.47999572753906,185.7108612060547,2122600,0.0,0.0
2020-02-06 00:00:00-05:00,210.25,216.17999267578125,207.8300018310547,211.86000061035156,190.54974365234375,3006200,0.0,0.0
2020-02-07 00:00:00-05:00,210.6699981689453,212.7899932861328,208.00999450683594,208.9199981689453,187.90545654296875,2046800,0.0,0.0
2020-02-10 00:00:00-05:00,208.02999877929688,211.89999389648438,207.50999450683594,210.32000732421875,189.16464233398438,2041400,0.0,0.0
2020-02-11 00:00:00-05:00,212.35000610351562,215.3300018310547,210.39999389648438,215.17999267578125,193.53575134277344,1815100,0.0,0.0
2020-02-12 00:00:00-05:00,217.82000732421875,224.63999938964844,217.0,222.55999755859375,200.1734619140625,2720700,0.0,0.0
2020-02-13 00:00:00-05:00,220.3300018310547,224.25,220.3300018310547,221.88999938964844,199.5708770751953,2115900,0.0,0.0
2020-02-14 00:00:00-05:00,221.63999938964844,222.27999877929688,218.92999267578125,220.33999633789062,198.1767578125,2077300,0.0,0.0
2020-02-18 00:00:00-05:00,220.33999633789062,224.57000732421875,219.42999267578125,221.9499969482422,199.62478637695312,1956100,0.0,0.0
2020-02-19 00:00:00-05:00,221.5,223.5800018310547,219.5,221.44000244140625,199.16607666015625,1615200,0.0,0.0
2020-02-20 00:00:00-05:00,219.30999755859375,221.74000549316406,216.2100067138672,220.41000366210938,198.23971557617188,2206200,0.0,0.0
2020-02-21 00:00:00-05:00,218.57000732421875,219.82000732421875,216.77000427246094,217.19000244140625,195.34361267089844,1469800,0.0,0.0
2020-02-24 00:00:00-05:00,207.8699951171875,210.1199951171875,200.0500030517578,200.36000061035156,180.20648193359375,3114500,0.0,0.0
2020-02-25 00:00:00-05:00,203.33999633789062,203.94000244140625,189.36000061035156,191.75999450683594,172.47154235839844,2824100,0.0,0.0
2020-02-26 00:00:00-05:00,193.72000122070312,195.5,188.5399932861328,188.9199981689453,169.91714477539062,2869700,0.0,0.0
2020-02-27 00:00:00-05:00,184.49000549316406,189.7899932861328,181.72000122070312,181.92999267578125,163.63027954101562,3101300,0.0,0.0
2020-02-28 00:00:00-05:00,176.25,184.58999633789062,174.22000122070312,182.94000244140625,164.5386962890625,5465700,0.0,0.0
2020-03-02 00:00:00-05:00,183.41000366210938,194.5399932861328,180.41000366210938,194.33999633789062,174.79197692871094,3901200,0.0,0.0
2020-03-03 00:00:00-05:00,194.33999633789062,203.8800048828125,186.89999389648438,189.25,170.21400451660156,3570000,0.0,0.0
2020-03-04 00:00:00-05:00,208.0399932861328,211.94000244140625,205.35000610351562,209.5399932861328,188.46310424804688,6127800,0.0,0.0
2020-03-05 00:00:00-05:00,203.02999877929688,206.35000610351562,198.6300048828125,200.92999267578125,180.7191619873047,3106900,0.0,0.0
2020-03-06 00:00:00-05:00,194.2100067138672,196.5500030517578,188.0,195.52000427246094,175.8533172607422,3447900,0.0,0.0
2020-03-09 00:00:00-04:00,181.25999450683594,186.35000610351562,173.89999389648438,181.60000610351562,163.36692810058594,3897800,0.04,0.0
2020-03-10 00:00:00-04:00,187.7899932861328,198.6999969482422,186.02999877929688,197.77000427246094,177.91336059570312,4188200,0.0,0.0
2020-03-11 00:00:00-04:00,191.24000549316406,196.5399932861328,183.5399932861328,187.22999572753906,168.43162536621094,4106600,0.0,0.0
2020-03-12 00:00:00-04:00,175.16000366210938,181.44000244140625,163.5800018310547,164.27000427246094,147.77688598632812,4830200,0.0,0.0
2020-03-13 00:00:00-04:00,172.69000244140625,180.0,164.22999572753906,179.8699951171875,161.8106231689453,5081600,0.0,0.0
2020-03-16 00:00:00-04:00,150.0,162.38999938964844,145.24000549316406,150.69000244140625,135.5603485107422,3340800,0.0,0.0
2020-03-17 00:00:00-04:00,154.2100067138672,162.75,148.27999877929688,155.08999633789062,139.51853942871094,3765400,0.0,0.0
2020-03-18 00:00:00-04:00,145.0,146.0,118.5,142.91000366210938,128.56146240234375,4199600,0.0,0.0
2020-03-19 00:00:00-04:00,141.60000610351562,149.57000732421875,134.10000610351562,146.52000427246094,131.80902099609375,3987400,0.0,0.0
2020-03-20 00:00:00-04:00,149.32000732421875,150.63999938964844,139.82000732421875,142.08999633789062,127.82381439208984,4711700,0.0,0.0
2020-03-23 00:00:00-04:00,140.25,140.4600067138672,126.0,130.05999755859375,117.00164794921875,4226400,0.0,0.0
2020-03-24 00:00:00-04:00,141.94000244140625,147.64999389648438,136.5500030517578,147.1999969482422,132.4207305908203,5464300,0.0,0.0
2020-03-25 00:00:00-04:00,145.0,165.5399932861328,143.0,156.82000732421875,141.07484436035156,4232900,0.0,0.0
2020-03-26 00:00:00-04:00,158.30999755859375,170.85000610351562,154.41000366210938,169.5399932861328,152.51776123046875,4059400,0.0,0.0
2020-03-27 00:00:00-04:00,160.74000549316406,167.7899932861328,159.8000030517578,161.2899932861328,145.09608459472656,3563000,0.0,0.0
2020-03-30 00:00:00-04:00,162.74000549316406,178.94000244140625,162.74000549316406,178.25999450683594,160.36224365234375,3677400,0.0,0.0
2020-03-31 00:00:00-04:00,176.97999572753906,181.97999572753906,173.5,177.17999267578125,159.3906707763672,4427600,0.0,0.0
2020-04-01 00:00:00-04:00,169.72000122070312,174.27000427246094,167.38999938964844,173.07000732421875,155.6932830810547,2993300,0.0,0.0
2020-04-02 00:00:00-04:00,168.44000244140625,172.92999267578125,164.2899932861328,168.80999755859375,151.86106872558594,2501400,0.0,0.0
2020-04-03 00:00:00-04:00,167.3300018310547,169.77000427246094,159.38999938964844,163.83999633789062,147.3900604248047,2271700,0.0,0.0
2020-04-06 00:00:00-04:00,171.67999267578125,176.6999969482422,170.39999389648438,173.49000549316406,156.07115173339844,3060600,0.0,0.0
2020-04-07 00:00:00-04:00,181.47000122070312,186.41000366210938,176.2100067138672,177.1699981689453,159.38168334960938,2351500,0.0,0.0
2020-04-08 00:00:00-04:00,179.63999938964844,189.25,175.13999938964844,186.22000122070312,167.5230255126953,2548700,0.0,0.0
2020-04-09 00:00:00-04:00,186.88999938964844,188.64999389648438,180.75,181.8300018310547,163.5738067626953,2485600,0.0,0.0
2020-04-13 00:00:00-04:00,180.50999450683594,182.0,174.0500030517578,177.47999572753906,159.66058349609375,1682800,0.0,0.0
2020-04-14 00:00:00-04:00,181.0399932861328,188.33999633789062,181.0399932861328,185.6199951171875,166.9832763671875,1799300,0.0,0.0
2020-04-15 00:00:00-04:00,182.75999450683594,187.6199951171875,179.22999572753906,182.60000610351562,164.26649475097656,2597600,0.0,0.0
2020-04-16 00:00:00-04:00,184.75,196.3300018310547,183.25,195.35000610351562,175.73635864257812,2678800,0.0,0.0
2020-04-17 00:00:00-04:00,198.6300048828125,199.35000610351562,190.6999969482422,194.1300048828125,174.63885498046875,3482700,0.0,0.0
2020-04-20 00:00:00-04:00,191.49000549316406,193.52999877929688,188.3800048828125,188.6999969482422,169.75404357910156,1861500,0.0,0.0
2020-04-21 00:00:00-04:00,184.0399932861328,188.0,177.75,177.91000366210938,160.04742431640625,2452800,0.0,0.0
2020-04-22 00:00:00-04:00,182.94000244140625,187.80999755859375,180.85000610351562,182.58999633789062,164.2574920654297,1756800,0.0,0.0
2020-04-23 00:00:00-04:00,183.0,186.4499969482422,182.64999389648438,184.27999877929688,165.77784729003906,1024000,0.0,0.0
2020-04-24 00:00:00-04:00,185.52999877929688,188.8300018310547,183.0,188.1999969482422,169.3042449951172,1346700,0.0,0.0
2020-04-27 00:00:00-04:00,190.3699951171875,193.94000244140625,190.0,192.80999755859375,173.4513702392578,1529700,0.0,0.0
2020-04-28 00:00:00-04:00,196.52999877929688,196.99000549316406,184.8300018310547,189.58999633789062,170.5546875,1347600,0.0,0.0
2020-04-29 00:00:00-04:00,192.91000366210938,197.32000732421875,187.8000030517578,195.8699951171875,176.2041473388672,1844500,0.0,0.0
2020-04-30 00:00:00-04:00,197.25,202.75,194.11000061035156,195.77999877929688,176.1232147216797,2732700,0.0,0.0
2020-05-01 00:00:00-04:00,192.0,194.8800048828125,185.36000061035156,187.08999633789062,168.30572509765625,1614200,0.0,0.0
2020-05-04 00:00:00-04:00,181.0,186.4199981689453,180.52999877929688,184.61000061035156,166.0746612548828,1525600,0.0,0.0
2020-05-05 00:00:00-04:00,187.02999877929688,192.7899932861328,186.61000061035156,190.38999938964844,171.2743682861328,1440300,0.0,0.0
2020-05-06 00:00:00-04:00,192.27999877929688,193.42999267578125,183.00999450683594,183.42999267578125,165.01316833496094,1438600,0.0,0.0
2020-05-07 00:00:00-04:00,185.52000427246094,187.69000244140625,183.3000030517578,184.17999267578125,165.6878204345703,1127400,0.0,0.0
2020-05-08 00:00:00-04:00,187.1199951171875,189.42999267578125,186.10000610351562,189.27000427246094,170.26678466796875,1300600,0.0,0.0
2020-05-11 00:00:00-04:00,187.6300048828125,191.5399932861328,187.55999755859375,188.99000549316406,170.01490783691406,1068100,0.0,0.0
2020-05-12 00:00:00-04:00,190.6999969482422,194.2100067138672,189.55999755859375,189.55999755859375,170.5277099609375,1334600,0.0,0.0
2020-05-13 00:00:00-04:00,188.3300018310547,189.0,178.67999267578125,181.00999450683594,162.8361358642578,1845800,0.0,0.0
2020-05-14 00:00:00-04:00,179.67999267578125,184.4600067138672,176.52000427246094,184.4600067138672,165.9397735595703,1838700,0.0,0.0
2020-05-15 00:00:00-04:00,183.6699981689453,190.41000366210938,183.25999450683594,190.14999389648438,171.05845642089844,1305200,0.0,0.0
2020-05-18 00:00:00-04:00,195.24000549316406,196.1999969482422,193.36000061035156,193.50999450683594,174.08111572265625,1257900,0.0,0.0
2020-05-19 00:00:00-04:00,192.86000061035156,194.97999572753906,190.5,191.77999877929688,172.52481079101562,997200,0.0,0.0
2020-05-20 00:00:00-04:00,193.94000244140625,194.5500030517578,187.5,188.27000427246094,169.36721801757812,1617300,0.0,0.0
2020-05-21 00:00:00-04:00,187.9600067138672,190.22999572753906,186.6699981689453,188.67999267578125,169.73609924316406,1072300,0.0,0.0
2020-05-22 00:00:00-04:00,189.4600067138672,189.75,186.8800048828125,189.0,170.02392578125,818700,0.0,0.0
2020-05-26 00:00:00-04:00,193.75999450683594,198.0,192.86000061035156,195.9199981689453,176.2491455078125,1542700,0.0,0.0
2020-05-27 00:00:00-04:00,196.63999938964844,199.64999389648438,193.2899932861328,199.4600067138672,179.4337158203125,1288200,0.0,0.0
2020-05-28 00:00:00-04:00,200.0,205.0,199.55999755859375,200.57000732421875,180.43226623535156,1463000,0.0,0.0
2020-05-29 00:00:00-04:00,200.57000732421875,203.3699951171875,195.67999267578125,197.32000732421875,177.5085906982422,2306800,0.0,0.0
2020-06-01 00:00:00-04:00,196.44000244140625,198.80999755859375,194.6199951171875,198.10000610351562,178.21026611328125,1062900,0.0,0.0
2020-06-02 00:00:00-04:00,198.2100067138672,202.50999450683594,196.25,201.30999755859375,181.09799194335938,1964900,0.0,0.0
2020-06-03 00:00:00-04:00,203.55999755859375,204.8699951171875,200.5800018310547,201.36000061035156,181.14295959472656,1404700,0.0,0.0
2020-06-04 00:00:00-04:00,199.4600067138672,204.39999389648438,198.4600067138672,202.38999938964844,182.0695343017578,1259200,0.0,0.0
2020-06-05 00:00:00-04:00,205.0,213.55999755859375,203.41000366210938,209.47999572753906,188.44766235351562,1956000,0.0,0.0
2020-06-08 00:00:00-04:00,207.97999572753906,215.9199981689453,207.22000122070312,215.83999633789062,194.16912841796875,2092800,0.0,0.0
2020-06-09 00:00:00-04:00,213.99000549316406,217.3000030517578,211.5,214.5,192.96363830566406,1497600,0.0,0.0
2020-06-10 00:00:00-04:00,214.47000122070312,214.5,206.63999938964844,209.0,188.015869140625,1433300,0.0,0.0
2020-06-11 00:00:00-04:00,204.17999267578125,204.77999877929688,189.3300018310547,191.55999755859375,172.326904296875,2936300,0.0,0.0
2020-06-12 00:00:00-04:00,197.8300018310547,198.4199981689453,187.9499969482422,190.02000427246094,170.94151306152344,2004800,0.0,0.0
2020-06-15 00:00:00-04:00,185.27000427246094,189.38999938964844,182.36000061035156,187.1300048828125,168.34169006347656,2105400,0.0,0.0
2020-06-16 00:00:00-04:00,193.85000610351562,196.16000366210938,189.5,193.02000427246094,173.64031982421875,1348400,0.0,0.0
2020-06-17 00:00:00-04:00,194.52000427246094,194.99000549316406,190.8300018310547,191.8000030517578,172.54278564453125,1169500,0.0,0.0
2020-06-18 00:00:00-04:00,190.36000061035156,190.77000427246094,187.27999877929688,189.97999572753906,170.90550231933594,1881200,0.0,0.0
2020-06-19 00:00:00-04:00,194.0800018310547,196.85000610351562,190.75,191.39999389648438,172.18296813964844,2260000,0.0,0.0
2020-06-22 00:00:00-04:00,190.2899932861328,192.41000366210938,187.1699981689453,190.3800048828125,171.26541137695312,1450000,0.0,0.0
2020-06-23 00:00:00-04:00,192.13999938964844,193.99000549316406,189.63999938964844,192.30999755859375,173.0015869140625,1687200,0.0,0.0
2020-06-24 00:00:00-04:00,190.10000610351562,191.97999572753906,182.2100067138672,183.97000122070312,165.49891662597656,1658100,0.0,0.0
2020-06-25 00:00:00-04:00,183.10000610351562,185.9600067138672,181.05999755859375,185.47999572753906,166.8573760986328,1225200,0.0,0.0
2020-06-26 00:00:00-04:00,184.9199981689453,185.6300048828125,182.42999267578125,185.05999755859375,166.47950744628906,2410400,0.0,0.0
2020-06-29 00:00:00-04:00,186.67999267578125,187.75999450683594,183.69000244140625,187.5500030517578,168.7195281982422,1294300,0.0,0.0
2020-06-30 00:00:00-04:00,187.52999877929688,188.7899932861328,184.35000610351562,187.64999389648438,168.80943298339844,2146900,0.0,0.0
2020-07-01 00:00:00-04:00,187.9600067138672,192.35000610351562,187.47999572753906,190.5,171.37330627441406,2004000,0.0,0.0
2020-07-02 00:00:00-04:00,191.9600067138672,194.52000427246094,190.08999633789062,190.49000549316406,171.36431884765625,892500,0.0,0.0
2020-07-06 00:00:00-04:00,191.8000030517578,192.8000030517578,189.00999450683594,189.3300018310547,170.32078552246094,1571100,0.0,0.0
2020-07-07 00:00:00-04:00,186.9499969482422,188.1999969482422,181.52999877929688,182.0500030517578,163.77171325683594,2183500,0.0,0.0
2020-07-08 00:00:00-04:00,182.47999572753906,184.52999877929688,177.13999938964844,180.0800018310547,161.9994659423828,2535200,0.0,0.0
2020-07-09 00:00:00-04:00,179.5,180.32000732421875,171.77000427246094,173.89999389648438,156.4400177001953,2331500,0.0,0.0
2020-07-10 00:00:00-04:00,174.35000610351562,176.0500030517578,170.7899932861328,175.5399932861328,157.91531372070312,1520600,0.0,0.0
2020-07-13 00:00:00-04:00,176.35000610351562,180.1300048828125,176.2100067138672,177.3699951171875,159.5615997314453,1733600,0.0,0.0
2020-07-14 00:00:00-04:00,176.97000122070312,182.38999938964844,175.3300018310547,182.1699981689453,163.87966918945312,1798900,0.0,0.0
2020-07-15 00:00:00-04:00,183.10000610351562,184.72000122070312,180.19000244140625,181.0399932861328,162.86309814453125,1816400,0.0,0.0
2020-07-16 00:00:00-04:00,181.0,181.36000061035156,178.89999389648438,180.0,161.9275665283203,1706800,0.0,0.0
2020-07-17 00:00:00-04:00,181.27999877929688,181.91000366210938,179.2899932861328,179.80999755859375,161.75662231445312,2537500,0.0,0.0
2020-07-20 00:00:00-04:00,179.97000122070312,180.24000549316406,175.72000122070312,175.86000061035156,158.2032012939453,2002200,0.0,0.0
2020-07-21 00:00:00-04:00,178.0,178.47999572753906,176.25999450683594,178.3000030517578,160.398193359375,2542700,0.0,0.0
2020-07-22 00:00:00-04:00,178.33999633789062,178.47999572753906,175.1999969482422,176.92999267578125,159.16578674316406,1608400,0.0,0.0
2020-07-23 00:00:00-04:00,177.0500030517578,181.19000244140625,176.8000030517578,179.1199951171875,161.13589477539062,2042400,0.0,0.0
2020-07-24 00:00:00-04:00,180.80999755859375,184.1699981689453,179.91000366210938,181.02000427246094,162.84510803222656,2263600,0.0,0.0
2020-07-27 00:00:00-04:00,179.89999389648438,180.08999633789062,175.38999938964844,175.5,157.87937927246094,1886200,0.0,0.0
2020-07-28 00:00:00-04:00,175.24000549316406,177.8699951171875,174.19000244140625,175.75,158.10423278808594,1816400,0.0,0.0
2020-07-29 00:00:00-04:00,177.1199951171875,183.33999633789062,176.61000061035156,181.8000030517578,163.5468292236328,2132200,0.0,0.0
2020-07-30 00:00:00-04:00,179.2100067138672,181.22000122070312,177.0,178.47000122070312,160.55117797851562,1730200,0.0,0.0
2020-07-31 00:00:00-04:00,177.0399932861328,177.1300048828125,171.00999450683594,172.69000244140625,155.35147094726562,2452600,0.0,0.0
2020-08-03 00:00:00-04:00,173.88999938964844,174.0,170.83999633789062,173.0,155.63038635253906,2063400,0.0,0.0
2020-08-04 00:00:00-04:00,172.49000549316406,175.7899932861328,171.77000427246094,173.5,156.08016967773438,1860200,0.0,0.0
2020-08-05 00:00:00-04:00,175.42999267578125,176.8000030517578,173.27000427246094,174.8699951171875,157.31260681152344,2416100,0.0,0.0
2020-08-06 00:00:00-04:00,173.2100067138672,175.6199951171875,171.4199981689453,173.07000732421875,155.6932830810547,1775800,0.0,0.0
2020-08-07 00:00:00-04:00,173.1999969482422,178.30999755859375,172.97999572753906,178.19000244140625,160.2992706298828,1801000,0.0,0.0
2020-08-10 00:00:00-04:00,177.13999938964844,183.22999572753906,177.13999938964844,183.0,164.62631225585938,2048300,0.0,0.0
2020-08-11 00:00:00-04:00,185.0,187.1999969482422,182.02000427246094,182.3800048828125,164.068603515625,1928100,0.0,0.0
2020-08-12 00:00:00-04:00,185.13999938964844,186.77000427246094,181.75,184.32000732421875,165.8137969970703,2154200,0.0,0.0
2020-08-13 00:00:00-04:00,182.44000244140625,182.66000366210938,179.7100067138672,180.8800048828125,162.71920776367188,1210700,0.0,0.0
2020-08-14 00:00:00-04:00,179.66000366210938,184.66000366210938,178.74000549316406,183.39999389648438,164.98619079589844,1211900,0.0,0.0
2020-08-17 00:00:00-04:00,183.3000030517578,183.9199981689453,181.60000610351562,182.19000244140625,163.8976593017578,1522500,0.0,0.0
2020-08-18 00:00:00-04:00,182.0,183.52000427246094,180.75999450683594,181.92999267578125,163.6637420654297,1145100,0.0,0.0
2020-08-19 00:00:00-04:00,182.41000366210938,183.5,181.02999877929688,181.25,163.05203247070312,1688200,0.0,0.0
2020-08-20 00:00:00-04:00,180.0500030517578,180.52000427246094,177.4499969482422,178.00999450683594,160.1373291015625,1247700,0.0,0.0
2020-08-21 00:00:00-04:00,178.57000732421875,180.5,177.33999633789062,178.3000030517578,160.398193359375,1385800,0.0,0.0
2020-08-24 00:00:00-04:00,179.42999267578125,179.74000549316406,175.61000061035156,177.67999267578125,159.84046936035156,1454100,0.0,0.0
2020-08-25 00:00:00-04:00,178.4600067138672,178.4600067138672,176.00999450683594,177.41000366210938,159.5975799560547,1337700,0.0,0.0
2020-08-26 00:00:00-04:00,177.02999877929688,177.02999877929688,172.16000366210938,174.10000610351562,156.6199493408203,1938600,0.0,0.0
2020-08-27 00:00:00-04:00,175.13999938964844,178.35000610351562,174.2899932861328,177.0800018310547,159.30075073242188,1648000,0.0,0.0
2020-08-28 00:00:00-04:00,177.41000366210938,181.44000244140625,175.9600067138672,181.14999389648438,162.9620361328125,1511300,0.0,0.0
2020-08-31 00:00:00-04:00,179.33999633789062,182.74000549316406,177.27999877929688,177.3699951171875,159.5615997314453,3040200,0.0,0.0
2020-09-01 00:00:00-04:00,176.0,177.3000030517578,174.5,176.14999389648438,158.46408081054688,1878800,0.0,0.0
2020-09-02 00:00:00-04:00,177.1300048828125,182.08999633789062,176.10000610351562,181.33999633789062,163.13299560546875,1692900,0.0,0.0
2020-09-03 00:00:00-04:00,182.60000610351562,185.25,176.80999755859375,178.42999267578125,160.51515197753906,1654800,0.0,0.0
2020-09-04 00:00:00-04:00,179.4499969482422,179.9499969482422,175.30999755859375,178.61000061035156,160.6771240234375,1813700,0.0,0.0
2020-09-08 00:00:00-04:00,178.0,178.0,172.9600067138672,173.97999572753906,156.51193237304688,1511600,0.0,0.0
2020-09-09 00:00:00-04:00,174.91000366210938,176.22999572753906,172.10000610351562,174.02999877929688,156.5569305419922,1667000,0.0,0.0
2020-09-10 00:00:00-04:00,174.4199981689453,175.8000030517578,169.69000244140625,169.74000549316406,152.6977081298828,1346300,0.0,0.0
2020-09-11 00:00:00-04:00,170.6699981689453,170.8699951171875,167.7100067138672,169.36000061035156,152.35585021972656,1499900,0.0,0.0
2020-09-14 00:00:00-04:00,170.3300018310547,173.49000549316406,169.27999877929688,171.85000610351562,154.59580993652344,1564800,0.0,0.0
2020-09-15 00:00:00-04:00,173.36000061035156,173.9600067138672,165.97999572753906,166.5,149.782958984375,2857900,0.0,0.0
2020-09-16 00:00:00-04:00,168.60000610351562,171.66000366210938,167.02999877929688,168.58999633789062,151.66314697265625,5268400,0.0,0.0
2020-09-17 00:00:00-04:00,167.3300018310547,170.16000366210938,166.83999633789062,169.0,152.03195190429688,3159800,0.0,0.0
2020-09-18 00:00:00-04:00,167.8699951171875,169.4600067138672,166.6699981689453,167.9199981689453,151.0604248046875,3016700,0.0,0.0
2020-09-21 00:00:00-04:00,165.0,166.22000122070312,160.02000427246094,164.9600067138672,148.3975830078125,2527200,0.0,0.0
2020-09-22 00:00:00-04:00,164.64999389648438,166.60000610351562,161.55999755859375,161.74000549316406,145.50091552734375,2318500,0.0,0.0
2020-09-23 00:00:00-04:00,162.39999389648438,164.11000061035156,160.30999755859375,160.5,144.38539123535156,2879300,0.0,0.0
2020-09-24 00:00:00-04:00,160.0,163.00999450683594,158.83999633789062,160.8800048828125,144.7272491455078,1797300,0.0,0.0
2020-09-25 00:00:00-04:00,159.0500030517578,162.7100067138672,159.0,162.4499969482422,146.13961791992188,1853500,0.0,0.0
2020-09-28 00:00:00-04:00,164.91000366210938,166.7100067138672,163.88999938964844,164.2899932861328,147.79490661621094,1161800,0.0,0.0
2020-09-29 00:00:00-04:00,164.75,165.4600067138672,162.4199981689453,164.30999755859375,147.81288146972656,1460700,0.0,0.0
2020-09-30 00:00:00-04:00,164.0800018310547,170.80999755859375,163.66000366210938,169.41000366210938,152.40077209472656,2328100,0.0,0.0
2020-10-01 00:00:00-04:00,169.35000610351562,169.8699951171875,166.07000732421875,167.3800048828125,150.5746307373047,1341800,0.0,0.0
2020-10-02 00:00:00-04:00,164.4600067138672,170.14999389648438,164.0399932861328,167.22999572753906,150.43968200683594,1782100,0.0,0.0
2020-10-05 00:00:00-04:00,169.1999969482422,173.3300018310547,168.7100067138672,172.22000122070312,154.9286346435547,1891000,0.0,0.0
2020-10-06 00:00:00-04:00,173.2899932861328,175.60000610351562,170.75999450683594,170.8800048828125,153.7232208251953,1478200,0.0,0.0
2020-10-07 00:00:00-04:00,172.3000030517578,177.0399932861328,172.3000030517578,176.3000030517578,158.59901428222656,1587600,0.0,0.0
2020-10-08 00:00:00-04:00,176.39999389648438,178.14999389648438,175.1300048828125,177.8699951171875,160.0113983154297,1144400,0.0,0.0
2020-10-09 00:00:00-04:00,178.5,178.63999938964844,175.77999877929688,176.39999389648438,158.68899536132812,1158900,0.0,0.0
2020-10-12 00:00:00-04:00,176.1300048828125,179.00999450683594,175.49000549316406,177.4600067138672,159.64259338378906,1186700,0.0,0.0
2020-10-13 00:00:00-04:00,175.7100067138672,177.89999389648438,173.6999969482422,174.5800018310547,157.05172729492188,1094900,0.0,0.0
2020-10-14 00:00:00-04:00,174.69000244140625,176.8300018310547,173.1300048828125,174.49000549316406,156.9707489013672,1403700,0.0,0.0
2020-10-15 00:00:00-04:00,172.16000366210938,177.35000610351562,172.0,176.82000732421875,159.06678771972656,1350000,0.0,0.0
2020-10-16 00:00:00-04:00,176.6999969482422,179.38999938964844,175.6199951171875,177.89999389648438,160.03836059570312,1485800,0.0,0.0
2020-10-19 00:00:00-04:00,177.91000366210938,178.22999572753906,170.66000366210938,171.66000366210938,154.42489624023438,1939200,0.0,0.0
2020-10-20 00:00:00-04:00,172.63999938964844,173.60000610351562,170.8699951171875,171.08999633789062,153.912109375,2013600,0.0,0.0
2020-10-21 00:00:00-04:00,170.91000366210938,176.13999938964844,169.25,174.55999755859375,157.03370666503906,1902700,0.0,0.0
2020-10-22 00:00:00-04:00,174.97999572753906,179.9499969482422,174.75,179.3300018310547,161.3248291015625,1418600,0.0,0.0
2020-10-23 00:00:00-04:00,180.4199981689453,184.6999969482422,180.0,184.49000549316406,165.9667510986328,1716100,0.0,0.0
2020-10-26 00:00:00-04:00,182.75999450683594,184.11000061035156,179.92999267578125,181.8800048828125,163.61878967285156,1852700,0.0,0.0
2020-10-27 00:00:00-04:00,180.1199951171875,182.49000549316406,177.2899932861328,178.2899932861328,160.38922119140625,2008200,0.0,0.0
2020-10-28 00:00:00-04:00,174.2899932861328,176.39999389648438,168.0500030517578,168.3300018310547,151.42922973632812,2154400,0.0,0.0
2020-10-29 00:00:00-04:00,167.5500030517578,167.5800018310547,160.3699951171875,163.39999389648438,146.99420166015625,2375100,0.0,0.0
2020-10-30 00:00:00-04:00,163.4600067138672,167.50999450683594,163.22000122070312,166.97000122070312,150.2057647705078,2014500,0.0,0.0
2020-11-02 00:00:00-05:00,169.88999938964844,175.25,167.61000061035156,174.83999633789062,157.28558349609375,1930800,0.0,0.0
2020-11-03 00:00:00-05:00,177.4600067138672,185.22999572753906,177.27000427246094,183.8800048828125,165.41796875,2236400,0.0,0.0
2020-11-04 00:00:00-05:00,195.30999755859375,212.5800018310547,194.97000122070312,210.6199951171875,189.47320556640625,7051800,0.0,0.0
2020-11-05 00:00:00-05:00,208.5,217.75,207.9499969482422,214.16000366210938,192.6577911376953,4441300,0.0,0.0
2020-11-06 00:00:00-05:00,212.58999633789062,212.82000732421875,200.69000244140625,201.47000122070312,181.2418670654297,3648400,0.0,0.0
2020-11-09 00:00:00-05:00,215.16000366210938,217.2100067138672,206.0,211.1999969482422,189.99496459960938,2686300,0.0,0.0
2020-11-10 00:00:00-05:00,212.66000366210938,221.5,210.25,220.1999969482422,198.09136962890625,2840500,0.0,0.0
2020-11-11 00:00:00-05:00,220.3000030517578,224.9600067138672,220.0,221.11000061035156,198.9099578857422,2060100,0.0,0.0
2020-11-12 00:00:00-05:00,219.5,222.47999572753906,217.5800018310547,220.14999389648438,198.04635620117188,1514100,0.0,0.0
2020-11-13 00:00:00-05:00,220.0,221.6300048828125,218.22000122070312,219.69000244140625,197.632568359375,1480200,0.0,0.0
2020-11-16 00:00:00-05:00,223.11000061035156,223.64999389648438,217.50999450683594,218.3000030517578,196.38211059570312,1740400,0.0,0.0
2020-11-17 00:00:00-05:00,215.8300018310547,217.0,208.14999389648438,214.80999755859375,193.2425537109375,2761800,0.0,0.0
2020-11-18 00:00:00-05:00,215.97999572753906,216.02999877929688,210.67999267578125,210.92999267578125,189.7520751953125,1665700,0.0,0.0
2020-11-19 00:00:00-05:00,208.63999938964844,210.0800018310547,203.36000061035156,204.74000549316406,184.1836395263672,2051100,0.0,0.0
2020-11-20 00:00:00-05:00,203.2899932861328,206.3300018310547,201.89999389648438,204.82000732421875,184.2555694580078,1453400,0.0,0.0
2020-11-23 00:00:00-05:00,206.5399932861328,209.5,205.42999267578125,206.94000244140625,186.16270446777344,1675500,0.0,0.0
2020-11-24 00:00:00-05:00,208.19000244140625,214.25999450683594,206.75,210.02000427246094,188.93345642089844,1592500,0.0,0.0
2020-11-25 00:00:00-05:00,209.92999267578125,210.1999969482422,205.10000610351562,207.00999450683594,186.22567749023438,1615600,0.0,0.0
2020-11-27 00:00:00-05:00,207.27999877929688,213.08999633789062,206.64999389648438,212.5,191.16445922851562,780900,0.0,0.0
2020-11-30 00:00:00-05:00,210.17999267578125,212.00999450683594,207.75,209.13999938964844,188.141845703125,3792800,0.0,0.0
2020-12-01 00:00:00-05:00,213.52999877929688,214.8800048828125,207.39999389648438,207.50999450683594,186.67547607421875,1797800,0.0,0.0
2020-12-02 00:00:00-05:00,207.50999450683594,213.42999267578125,207.02000427246094,212.00999450683594,190.72364807128906,1368300,0.0,0.0
2020-12-03 00:00:00-05:00,211.0,215.22000122070312,211.0,213.38999938964844,191.9651336669922,1394800,0.0,0.0
2020-12-04 00:00:00-05:00,213.39999389648438,219.9499969482422,213.39999389648438,217.64999389648438,195.79737854003906,1629500,0.0,0.0
2020-12-07 00:00:00-05:00,216.27000427246094,219.02999877929688,213.5,218.58999633789062,196.6429901123047,1533400,0.0,0.0
2020-12-08 00:00:00-05:00,216.4600067138672,219.7899932861328,215.85000610351562,218.6699981689453,196.7150115966797,1369600,0.0,0.0
2020-12-09 00:00:00-05:00,218.8000030517578,220.3800048828125,215.5,217.0,195.212646484375,1375700,0.0,0.0
2020-12-10 00:00:00-05:00,214.6199951171875,217.52000427246094,211.27999877929688,212.64999389648438,191.2993927001953,1500500,0.0,0.0
2020-12-11 00:00:00-05:00,211.6999969482422,212.58999633789062,208.27000427246094,209.35000610351562,188.33074951171875,1334100,0.0,0.0
2020-12-14 00:00:00-05:00,211.75999450683594,211.75999450683594,202.61000061035156,203.14999389648438,182.75320434570312,2027600,0.0,0.0
2020-12-15 00:00:00-05:00,206.2899932861328,206.8300018310547,202.25999450683594,205.50999450683594,184.87628173828125,1581000,0.0,0.0
2020-12-16 00:00:00-05:00,204.9199981689453,205.17999267578125,201.6999969482422,202.39999389648438,182.0785369873047,1583600,0.0,0.0
2020-12-17 00:00:00-05:00,203.30999755859375,205.3699951171875,201.1699981689453,202.6300048828125,182.28541564941406,2823800,0.0,0.0
2020-12-18 00:00:00-05:00,201.69000244140625,202.6999969482422,194.44000244140625,197.0800018310547,177.29266357421875,6149100,0.0,0.0
2020-12-21 00:00:00-05:00,193.08999633789062,198.02000427246094,191.52999877929688,197.3800048828125,177.5625457763672,1339200,0.0,0.0
2020-12-22 00:00:00-05:00,196.0399932861328,197.0,193.89999389648438,194.97000122070312,175.39453125,1402900,0.0,0.0
2020-12-23 00:00:00-05:00,196.5800018310547,200.5399932861328,196.5,198.97999572753906,179.0019073486328,1825200,0.0,0.0
2020-12-24 00:00:00-05:00,199.50999450683594,199.55999755859375,197.25999450683594,198.8300018310547,178.8669891357422,497600,0.0,0.0
2020-12-28 00:00:00-05:00,200.32000732421875,204.25,199.75,202.16000366210938,181.86264038085938,1259100,0.0,0.0
2020-12-29 00:00:00-05:00,203.92999267578125,206.27999877929688,203.63999938964844,204.0500030517578,183.56288146972656,1168700,0.0,0.0
2020-12-30 00:00:00-05:00,203.91000366210938,205.57000732421875,203.5500030517578,204.0500030517578,183.56288146972656,1194800,0.0,0.0
2020-12-31 00:00:00-05:00,204.0500030517578,208.61000061035156,203.4199981689453,208.17999267578125,187.27818298339844,1233400,0.0,0.0
2021-01-04 00:00:00-05:00,209.13999938964844,210.0,200.5399932861328,205.72000122070312,185.06517028808594,2614200,0.0,0.0
2021-01-05 00:00:00-05:00,205.52999877929688,207.39999389648438,203.07000732421875,203.42999267578125,183.00509643554688,1768400,0.0,0.0
2021-01-06 00:00:00-05:00,194.3300018310547,210.3000030517578,190.8800048828125,209.42999267578125,188.40274047851562,3488700,0.0,0.0
2021-01-07 00:00:00-05:00,213.0,220.50999450683594,210.25,220.5,198.36123657226562,2812200,0.0,0.0
2021-01-08 00:00:00-05:00,220.0,223.11000061035156,219.0399932861328,220.8000030517578,198.63111877441406,2346000,0.0,0.0
2021-01-11 00:00:00-05:00,219.25999450683594,222.8300018310547,218.33999633789062,219.9199981689453,197.8394775390625,1154500,0.0,0.0
2021-01-12 00:00:00-05:00,219.5800018310547,227.25,218.9199981689453,225.22000122070312,202.60731506347656,2124400,0.0,0.0
2021-01-13 00:00:00-05:00,225.8000030517578,226.77999877929688,223.3699951171875,223.80999755859375,201.3389129638672,1417600,0.0,0.0
2021-01-14 00:00:00-05:00,224.5399932861328,225.77000427246094,220.07000732421875,220.77999877929688,198.61314392089844,1175700,0.0,0.0
2021-01-15 00:00:00-05:00,220.05999755859375,220.05999755859375,216.42999267578125,218.89999389648438,196.921875,1462500,0.0,0.0
2021-01-19 00:00:00-05:00,222.14999389648438,223.94000244140625,218.9199981689453,220.8000030517578,198.63111877441406,1759100,0.0,0.0
2021-01-20 00:00:00-05:00,221.2899932861328,229.1199951171875,219.02999877929688,228.4199981689453,205.48605346679688,2021900,0.0,0.0
2021-01-21 00:00:00-05:00,229.11000061035156,230.89999389648438,226.0800018310547,226.19000244140625,203.47996520996094,2095000,0.0,0.0
2021-01-22 00:00:00-05:00,225.52000427246094,227.4199981689453,223.22999572753906,223.4199981689453,200.9880828857422,1422900,0.0,0.0
2021-01-25 00:00:00-05:00,221.97000122070312,222.22999572753906,217.16000366210938,220.08999633789062,197.9923553466797,1858100,0.0,0.0
2021-01-26 00:00:00-05:00,220.11000061035156,221.5500030517578,215.16000366210938,215.75999450683594,194.09713745117188,1436900,0.0,0.0
2021-01-27 00:00:00-05:00,212.33999633789062,215.64999389648438,209.5500030517578,212.55999755859375,191.21839904785156,2235400,0.0,0.0
2021-01-28 00:00:00-05:00,215.1699981689453,222.77999877929688,213.41000366210938,218.7899932861328,196.8229522705078,1542000,0.0,0.0
2021-01-29 00:00:00-05:00,218.3000030517578,220.58999633789062,213.91000366210938,217.0500030517578,195.25765991210938,1308700,0.0,0.0
2021-02-01 00:00:00-05:00,218.11000061035156,219.0500030517578,213.4499969482422,216.8000030517578,195.0327606201172,1410500,0.0,0.0
2021-02-02 00:00:00-05:00,219.9199981689453,222.75,217.69000244140625,217.80999755859375,195.94129943847656,1230800,0.0,0.0
2021-02-03 00:00:00-05:00,217.72999572753906,221.5399932861328,216.2899932861328,219.42999267578125,197.39866638183594,1532300,0.0,0.0
2021-02-04 00:00:00-05:00,210.0,216.3000030517578,204.75,205.3800048828125,184.75930786132812,3797300,0.0,0.0
2021-02-05 00:00:00-05:00,207.49000549316406,209.07000732421875,203.35000610351562,203.42999267578125,183.00509643554688,2822300,0.0,0.0
2021-02-08 00:00:00-05:00,204.05999755859375,207.1300048828125,203.10000610351562,206.0500030517578,185.36204528808594,1898400,0.0,0.0
2021-02-09 00:00:00-05:00,207.10000610351562,211.9199981689453,206.58999633789062,210.99000549316406,189.80606079101562,2050400,0.0,0.0
2021-02-10 00:00:00-05:00,212.32000732421875,215.63999938964844,210.9499969482422,211.1699981689453,189.968017578125,1556600,0.0,0.0
2021-02-11 00:00:00-05:00,212.39999389648438,213.0,207.7899932861328,208.4600067138672,187.5301055908203,1587200,0.0,0.0
2021-02-12 00:00:00-05:00,209.11000061035156,211.0500030517578,205.8699951171875,206.92999267578125,186.15370178222656,1696000,0.0,0.0
2021-02-16 00:00:00-05:00,206.83999633789062,207.50999450683594,202.9499969482422,203.27000427246094,182.8611602783203,2514400,0.0,0.0
2021-02-17 00:00:00-05:00,203.0800018310547,208.9199981689453,202.44000244140625,208.02000427246094,187.1342315673828,1957400,0.0,0.0
2021-02-18 00:00:00-05:00,207.99000549316406,209.2899932861328,205.50999450683594,205.64999389648438,185.002197265625,1449100,0.0,0.0
2021-02-19 00:00:00-05:00,205.64999389648438,206.22000122070312,202.50999450683594,204.25999450683594,183.7517547607422,1699900,0.0,0.0
2021-02-22 00:00:00-05:00,202.94000244140625,209.88999938964844,201.6300048828125,209.14999389648438,188.15081787109375,1494100,0.0,0.0
2021-02-23 00:00:00-05:00,210.89999389648438,215.4499969482422,209.69000244140625,212.6699981689453,191.31739807128906,2443000,0.0,0.0
2021-02-24 00:00:00-05:00,211.63999938964844,215.9600067138672,211.63999938964844,214.94000244140625,193.35946655273438,1342800,0.0,0.0
2021-02-25 00:00:00-05:00,214.3800048828125,216.64999389648438,208.22999572753906,209.33999633789062,188.32176208496094,1590600,0.0,0.0
2021-02-26 00:00:00-05:00,210.00999450683594,212.49000549316406,208.1199951171875,209.89999389648438,188.8255157470703,2724500,0.0,0.0
2021-03-01 00:00:00-05:00,212.3699951171875,216.1300048828125,211.0399932861328,214.9499969482422,193.3684844970703,1833700,0.0,0.0
2021-03-02 00:00:00-05:00,216.52000427246094,220.47000122070312,215.1199951171875,219.50999450683594,197.4706268310547,2242400,0.0,0.0
2021-03-03 00:00:00-05:00,218.72000122070312,222.2899932861328,217.39999389648438,220.6300048828125,198.47821044921875,1428400,0.0,0.0
2021-03-04 00:00:00-05:00,221.0,227.99000549316406,220.50999450683594,224.5800018310547,202.03160095214844,2769200,0.0,0.0
2021-03-05 00:00:00-05:00,226.35000610351562,232.4499969482422,224.52999877929688,230.6199951171875,207.46514892578125,2355000,0.0,0.0
2021-03-08 00:00:00-05:00,231.4600067138672,237.49000549316406,231.1999969482422,235.86000061035156,212.17906188964844,2316600,0.0,0.0
2021-03-09 00:00:00-05:00,234.25999450683594,242.16000366210938,232.86000061035156,236.61000061035156,213.76011657714844,2325800,1.0,0.0
2021-03-10 00:00:00-05:00,238.5800018310547,240.83999633789062,235.6199951171875,238.22000122070312,215.21458435058594,2282700,0.0,0.0
2021-03-11 00:00:00-05:00,237.17999267578125,240.75,236.97000122070312,239.11000061035156,216.0186004638672,1638600,0.0,0.0
2021-03-12 00:00:00-05:00,240.39999389648438,243.89999389648438,239.19000244140625,243.4600067138672,219.94851684570312,1259600,0.0,0.0
2021-03-15 00:00:00-04:00,243.3699951171875,247.6300048828125,243.08999633789062,245.49000549316406,221.78250122070312,1955200,0.0,0.0
2021-03-16 00:00:00-04:00,245.47999572753906,245.47999572753906,241.6199951171875,241.69000244140625,218.34945678710938,1549700,0.0,0.0
2021-03-17 00:00:00-04:00,242.0500030517578,244.17999267578125,239.66000366210938,241.91000366210938,218.54824829101562,1772400,0.0,0.0
2021-03-18 00:00:00-04:00,241.94000244140625,248.38999938964844,241.94000244140625,243.82000732421875,220.27378845214844,2015800,0.0,0.0
2021-03-19 00:00:00-04:00,243.55999755859375,246.75999450683594,242.0399932861328,243.25999450683594,219.76785278320312,5060200,0.0,0.0
2021-03-22 00:00:00-04:00,243.25999450683594,243.3699951171875,239.0,242.39999389648438,218.9908905029297,1433500,0.0,0.0
2021-03-23 00:00:00-04:00,242.60000610351562,244.1300048828125,237.39999389648438,238.44000244140625,215.413330078125,1559300,0.0,0.0
2021-03-24 00:00:00-04:00,238.99000549316406,244.02000427246094,238.57000732421875,240.5399932861328,217.3104705810547,1804500,0.0,0.0
2021-03-25 00:00:00-04:00,240.27999877929688,241.75,235.66000366210938,241.38999938964844,218.07846069335938,1733900,0.0,0.0
2021-03-26 00:00:00-04:00,243.17999267578125,244.0,240.36000061035156,243.77999877929688,220.2375946044922,1649100,0.0,0.0
2021-03-29 00:00:00-04:00,242.16000366210938,248.83999633789062,242.02000427246094,247.5500030517578,223.64353942871094,1802700,0.0,0.0
2021-03-30 00:00:00-04:00,246.67999267578125,248.52000427246094,243.69000244140625,245.8000030517578,222.06253051757812,1765700,0.0,0.0
2021-03-31 00:00:00-04:00,244.58999633789062,246.30999755859375,241.36000061035156,241.74000549316406,218.3946533203125,2151600,0.0,0.0
2021-04-01 00:00:00-04:00,242.35000610351562,243.5500030517578,238.1699981689453,241.8300018310547,218.47593688964844,1298600,0.0,0.0
2021-04-05 00:00:00-04:00,243.4199981689453,245.2100067138672,241.52999877929688,243.33999633789062,219.8401336669922,1149800,0.0,0.0
2021-04-06 00:00:00-04:00,242.72999572753906,244.19000244140625,238.7100067138672,239.1300048828125,216.03672790527344,1391100,0.0,0.0
2021-04-07 00:00:00-04:00,240.24000549316406,241.99000549316406,239.14999389648438,240.22000122070312,217.02142333984375,1358800,0.0,0.0
2021-04-08 00:00:00-04:00,239.5800018310547,240.97000122070312,237.8699951171875,238.25,215.24169921875,1692800,0.0,0.0
2021-04-09 00:00:00-04:00,239.77000427246094,246.14999389648438,238.35000610351562,246.10000610351562,222.3335723876953,1654600,0.0,0.0
2021-04-12 00:00:00-04:00,245.63999938964844,248.5,245.57000732421875,245.82000732421875,222.0806427001953,2127200,0.0,0.0
2021-04-13 00:00:00-04:00,246.07000732421875,247.66000366210938,245.1999969482422,245.25999450683594,221.57472229003906,1423500,0.0,0.0
2021-04-14 00:00:00-04:00,245.61000061035156,250.32000732421875,245.61000061035156,249.44000244140625,225.35101318359375,1169100,0.0,0.0
2021-04-15 00:00:00-04:00,249.5399932861328,255.88999938964844,249.44000244140625,254.36000061035156,229.79591369628906,1670000,0.0,0.0
2021-04-16 00:00:00-04:00,254.77000427246094,255.41000366210938,250.39999389648438,252.57000732421875,228.1787567138672,1542900,0.0,0.0
2021-04-19 00:00:00-04:00,253.5,254.55999755859375,251.27000427246094,252.49000549316406,228.1065216064453,1321600,0.0,0.0
2021-04-20 00:00:00-04:00,252.1199951171875,254.5,251.1699981689453,253.3699951171875,228.90147399902344,1049000,0.0,0.0
2021-04-21 00:00:00-04:00,255.0,256.739990234375,252.52000427246094,253.0,228.5672149658203,1447500,0.0,0.0
2021-04-22 00:00:00-04:00,252.0,252.97000122070312,248.00999450683594,252.5399932861328,228.1516571044922,1256600,0.0,0.0
2021-04-23 00:00:00-04:00,253.0,253.5,249.0500030517578,251.8000030517578,227.48313903808594,879200,0.0,0.0
2021-04-26 00:00:00-04:00,252.3000030517578,253.38999938964844,248.75,249.3800048828125,225.2968292236328,1133300,0.0,0.0
2021-04-27 00:00:00-04:00,248.74000549316406,250.97000122070312,247.4600067138672,250.44000244140625,226.2544708251953,1106600,0.0,0.0
2021-04-28 00:00:00-04:00,251.0800018310547,252.36000061035156,246.67999267578125,247.13999938964844,223.27313232421875,1213600,0.0,0.0
2021-04-29 00:00:00-04:00,249.11000061035156,251.4199981689453,248.14999389648438,250.24000549316406,226.07374572753906,1284600,0.0,0.0
2021-04-30 00:00:00-04:00,249.25999450683594,249.75,246.16000366210938,249.00999450683594,224.9625701904297,1428300,0.0,0.0
2021-05-03 00:00:00-04:00,250.5,254.30999755859375,250.0,252.0500030517578,227.708984375,1282600,0.0,0.0
2021-05-04 00:00:00-04:00,252.30999755859375,259.510009765625,251.35000610351562,259.5,234.4395294189453,1873300,0.0,0.0
2021-05-05 00:00:00-04:00,258.8299865722656,259.9800109863281,256.20001220703125,258.4200134277344,233.46380615234375,1546700,0.0,0.0
2021-05-06 00:00:00-04:00,258.4200134277344,259.80999755859375,254.8800048828125,256.92999267578125,232.1177215576172,1709100,0.0,0.0
2021-05-07 00:00:00-04:00,256.92999267578125,263.6700134277344,256.0199890136719,261.17999267578125,235.9572296142578,1761000,0.0,0.0
2021-05-10 00:00:00-04:00,262.8999938964844,272.80999755859375,262.1700134277344,266.9100036621094,241.13394165039062,2517300,0.0,0.0
2021-05-11 00:00:00-04:00,265.67999267578125,266.1099853515625,257.92999267578125,260.8599853515625,235.66818237304688,1381400,0.0,0.0
2021-05-12 00:00:00-04:00,261.1000061035156,262.1600036621094,258.5299987792969,258.7200012207031,233.73484802246094,1750400,0.0,0.0
2021-05-13 00:00:00-04:00,260.3800048828125,265.7699890136719,259.6499938964844,264.0,238.5049285888672,1470500,0.0,0.0
2021-05-14 00:00:00-04:00,264.4100036621094,265.0,263.239990234375,263.5199890136719,238.07127380371094,1103800,0.0,0.0
2021-05-17 00:00:00-04:00,264.07000732421875,265.69000244140625,262.6000061035156,264.7200012207031,239.15542602539062,813000,0.0,0.0
2021-05-18 00:00:00-04:00,264.32000732421875,265.0,261.7099914550781,263.1700134277344,237.75509643554688,710900,0.0,0.0
2021-05-19 00:00:00-04:00,260.3299865722656,262.6199951171875,258.3399963378906,262.4200134277344,237.07757568359375,869800,0.0,0.0
2021-05-20 00:00:00-04:00,262.739990234375,263.3399963378906,259.489990234375,260.6600036621094,235.48751831054688,917100,0.0,0.0
2021-05-21 00:00:00-04:00,261.6499938964844,265.489990234375,260.4700012207031,262.239990234375,236.91485595703125,1020900,0.0,0.0
2021-05-24 00:00:00-04:00,263.3900146484375,264.05999755859375,261.2799987792969,261.5299987792969,236.27346801757812,954600,0.0,0.0
2021-05-25 00:00:00-04:00,261.67999267578125,262.17999267578125,259.0299987792969,259.6000061035156,234.5298614501953,1444700,0.0,0.0
2021-05-26 00:00:00-04:00,259.8800048828125,261.07000732421875,255.52999877929688,259.3900146484375,234.34011840820312,1245300,0.0,0.0
2021-05-27 00:00:00-04:00,260.260009765625,260.4800109863281,257.9200134277344,259.5,234.4395294189453,2578800,0.0,0.0
2021-05-28 00:00:00-04:00,261.0400085449219,261.5400085449219,258.0299987792969,258.8500061035156,233.85231018066406,1054900,0.0,0.0
2021-06-01 00:00:00-04:00,260.07000732421875,260.6300048828125,255.07000732421875,257.67999267578125,232.79527282714844,1297900,0.0,0.0
2021-06-02 00:00:00-04:00,259.6700134277344,259.6700134277344,254.5500030517578,255.41000366210938,230.74449157714844,1259600,0.0,0.0
2021-06-03 00:00:00-04:00,255.19000244140625,259.1499938964844,254.19000244140625,256.9700012207031,232.1538543701172,1716300,0.0,0.0
2021-06-04 00:00:00-04:00,257.6000061035156,258.42999267578125,252.77000427246094,252.94000244140625,228.51300048828125,1487500,0.0,0.0
2021-06-07 00:00:00-04:00,254.02999877929688,254.02999877929688,245.25999450683594,247.60000610351562,224.5765838623047,2593000,1.0,0.0
2021-06-08 00:00:00-04:00,247.3300018310547,247.8300018310547,244.25999450683594,245.9199981689453,223.05284118652344,1661900,0.0,0.0
2021-06-09 00:00:00-04:00,246.24000549316406,246.7100067138672,241.8699951171875,242.00999450683594,219.5063934326172,1933200,0.0,0.0
2021-06-10 00:00:00-04:00,242.80999755859375,244.22999572753906,238.72000122070312,239.64999389648438,217.36581420898438,1679000,0.0,0.0
2021-06-11 00:00:00-04:00,241.63999938964844,243.92999267578125,240.3699951171875,241.85000610351562,219.36123657226562,1988200,0.0,0.0
2021-06-14 00:00:00-04:00,240.63999938964844,241.50999450683594,238.52000427246094,239.58999633789062,217.31141662597656,1471500,0.0,0.0
2021-06-15 00:00:00-04:00,240.19000244140625,240.25,235.89999389648438,239.0800018310547,216.8488311767578,2252100,0.0,0.0
2021-06-16 00:00:00-04:00,239.41000366210938,240.3800048828125,236.10000610351562,236.99000549316406,214.95318603515625,2040700,0.0,0.0
2021-06-17 00:00:00-04:00,237.33999633789062,237.5,233.3699951171875,236.69000244140625,214.68104553222656,2592100,0.0,0.0
2021-06-18 00:00:00-04:00,231.99000549316406,234.38999938964844,231.14999389648438,231.97000122070312,210.3999481201172,4244700,0.0,0.0
2021-06-21 00:00:00-04:00,232.9499969482422,236.8699951171875,232.47999572753906,236.47999572753906,214.49058532714844,2559500,0.0,0.0
2021-06-22 00:00:00-04:00,237.24000549316406,237.24000549316406,234.6300048828125,236.00999450683594,214.06427001953125,1816900,0.0,0.0
2021-06-23 00:00:00-04:00,235.24000549316406,235.9199981689453,232.6999969482422,232.92999267578125,211.27069091796875,1443900,0.0,0.0
2021-06-24 00:00:00-04:00,234.08999633789062,235.75999450683594,233.11000061035156,234.77000427246094,212.93960571289062,1743900,0.0,0.0
2021-06-25 00:00:00-04:00,235.97000122070312,238.3300018310547,234.25999450683594,237.10000610351562,215.052978515625,3411100,0.0,0.0
2021-06-28 00:00:00-04:00,237.02999877929688,241.0,236.60000610351562,240.0399932861328,217.71958923339844,1864200,0.0,0.0
2021-06-29 00:00:00-04:00,240.3000030517578,242.5,236.4600067138672,236.69000244140625,214.68104553222656,1729500,0.0,0.0
2021-06-30 00:00:00-04:00,236.49000549316406,237.99000549316406,236.4600067138672,237.07000732421875,215.0257568359375,1203400,0.0,0.0
2021-07-01 00:00:00-04:00,238.3300018310547,239.13999938964844,236.85000610351562,238.3000030517578,216.14134216308594,2525900,0.0,0.0
2021-07-02 00:00:00-04:00,238.5,238.7899932861328,236.6199951171875,238.02999877929688,215.89645385742188,1475300,0.0,0.0
2021-07-06 00:00:00-04:00,237.1999969482422,238.02000427246094,233.32000732421875,235.24000549316406,213.3659210205078,2751300,0.0,0.0
2021-07-07 00:00:00-04:00,234.6300048828125,236.3800048828125,233.10000610351562,235.92999267578125,213.9917449951172,2032600,0.0,0.0
2021-07-08 00:00:00-04:00,234.16000366210938,234.16000366210938,230.5,231.41000366210938,209.89202880859375,1397800,0.0,0.0
2021-07-09 00:00:00-04:00,233.89999389648438,235.14999389648438,232.72000122070312,234.89999389648438,213.05751037597656,2193800,0.0,0.0
2021-07-12 00:00:00-04:00,233.22000122070312,235.92999267578125,232.0,235.22000122070312,213.3477783203125,2391000,0.0,0.0
2021-07-13 00:00:00-04:00,235.35000610351562,237.1699981689453,234.07000732421875,235.55999755859375,213.65614318847656,2542100,0.0,0.0
2021-07-14 00:00:00-04:00,236.35000610351562,236.82000732421875,234.10000610351562,236.02000427246094,214.07339477539062,1297000,0.0,0.0
2021-07-15 00:00:00-04:00,234.36000061035156,235.94000244140625,233.1199951171875,234.91000366210938,213.0666046142578,1646700,0.0,0.0
2021-07-16 00:00:00-04:00,235.9199981689453,235.9199981689453,233.0399932861328,233.8300018310547,212.08702087402344,1387000,0.0,0.0
2021-07-19 00:00:00-04:00,231.1699981689453,232.38999938964844,225.17999267578125,227.6300048828125,206.46351623535156,1707300,0.0,0.0
2021-07-20 00:00:00-04:00,228.7899932861328,233.1999969482422,228.22999572753906,232.02000427246094,210.4453582763672,2562800,0.0,0.0
2021-07-21 00:00:00-04:00,233.61000061035156,235.13999938964844,232.58999633789062,233.57000732421875,211.8511962890625,1482400,0.0,0.0
2021-07-22 00:00:00-04:00,234.05999755859375,234.47999572753906,231.25,232.24000549316406,210.64486694335938,915700,0.0,0.0
2021-07-23 00:00:00-04:00,234.0,234.1199951171875,232.10000610351562,232.8800048828125,211.2253875732422,1105400,0.0,0.0
2021-07-26 00:00:00-04:00,232.42999267578125,233.41000366210938,228.0500030517578,228.44000244140625,207.1981964111328,1675500,0.0,0.0
2021-07-27 00:00:00-04:00,227.0,229.0,224.66000366210938,228.8800048828125,207.5973358154297,3122600,0.0,0.0
2021-07-28 00:00:00-04:00,229.32000732421875,229.32000732421875,225.14999389648438,227.25,206.1188507080078,1912500,0.0,0.0
2021-07-29 00:00:00-04:00,228.61000061035156,229.9499969482422,227.6300048828125,228.9499969482422,207.6607666015625,1202800,0.0,0.0
2021-07-30 00:00:00-04:00,228.24000549316406,230.99000549316406,227.44000244140625,229.49000549316406,208.1505889892578,1782600,0.0,0.0
2021-08-02 00:00:00-04:00,230.0,230.83999633789062,228.5,229.35000610351562,208.02357482910156,1389100,0.0,0.0
2021-08-03 00:00:00-04:00,230.82000732421875,234.3800048828125,228.89999389648438,233.9600067138672,212.2049560546875,1447400,0.0,0.0
2021-08-04 00:00:00-04:00,232.77999877929688,233.49000549316406,230.8000030517578,231.47999572753906,209.9555206298828,1754700,0.0,0.0
2021-08-05 00:00:00-04:00,216.41000366210938,218.22000122070312,199.66000366210938,206.2100067138672,187.0353240966797,7961700,0.0,0.0
2021-08-06 00:00:00-04:00,207.14999389648438,211.1300048828125,205.3699951171875,209.3000030517578,189.83798217773438,3906100,0.0,0.0
2021-08-09 00:00:00-04:00,209.2100067138672,213.1300048828125,208.72000122070312,211.14999389648438,191.5159149169922,2352700,0.0,0.0
2021-08-10 00:00:00-04:00,211.38999938964844,211.91000366210938,209.33999633789062,210.9499969482422,191.3345489501953,2370300,0.0,0.0
2021-08-11 00:00:00-04:00,212.63999938964844,213.13999938964844,210.8000030517578,211.3000030517578,191.65199279785156,1314900,0.0,0.0
2021-08-12 00:00:00-04:00,209.97000122070312,211.5500030517578,209.25,209.67999267578125,190.18260192871094,1920800,0.0,0.0
2021-08-13 00:00:00-04:00,211.3699951171875,211.9499969482422,209.02999877929688,210.61000061035156,191.02618408203125,1161300,0.0,0.0
2021-08-16 00:00:00-04:00,209.10000610351562,211.5,208.3000030517578,210.89999389648438,191.2891845703125,1359800,0.0,0.0
2021-08-17 00:00:00-04:00,210.44000244140625,212.00999450683594,209.10000610351562,210.5,190.92640686035156,1539000,0.0,0.0
2021-08-18 00:00:00-04:00,209.42999267578125,209.97999572753906,205.41000366210938,205.60000610351562,186.48202514648438,3367700,0.0,0.0
2021-08-19 00:00:00-04:00,205.0,206.7899932861328,204.49000549316406,206.17999267578125,187.00807189941406,2649900,0.0,0.0
2021-08-20 00:00:00-04:00,206.69000244140625,208.91000366210938,205.69000244140625,207.52999877929688,188.2325439453125,1817900,0.0,0.0
2021-08-23 00:00:00-04:00,208.24000549316406,209.10000610351562,207.1999969482422,207.74000549316406,188.4230194091797,1201500,0.0,0.0
2021-08-24 00:00:00-04:00,210.19000244140625,213.5,209.5,211.88999938964844,192.1871337890625,1690600,0.0,0.0
2021-08-25 00:00:00-04:00,211.35000610351562,213.49000549316406,209.27000427246094,211.38999938964844,191.73361206054688,1740000,0.0,0.0
2021-08-26 00:00:00-04:00,210.25,211.61000061035156,207.61000061035156,207.7899932861328,188.4683837890625,2072200,0.0,0.0
2021-08-27 00:00:00-04:00,208.64999389648438,211.5800018310547,208.10000610351562,210.67999267578125,191.0896453857422,1533100,0.0,0.0
2021-08-30 00:00:00-04:00,210.63999938964844,210.89999389648438,207.25,207.47000122070312,188.1781463623047,1545900,0.0,0.0
2021-08-31 00:00:00-04:00,207.0,214.52000427246094,206.69000244140625,211.64999389648438,191.9694366455078,2792000,0.0,0.0
2021-09-01 00:00:00-04:00,212.86000061035156,212.86000061035156,208.5399932861328,211.0500030517578,191.42526245117188,1598000,0.0,0.0
2021-09-02 00:00:00-04:00,211.52000427246094,219.5800018310547,211.52000427246094,218.2100067138672,197.91946411132812,2520100,0.0,0.0
2021-09-03 00:00:00-04:00,218.11000061035156,218.24000549316406,213.3300018310547,216.9199981689453,196.74935913085938,1642700,0.0,0.0
2021-09-07 00:00:00-04:00,216.07000732421875,218.36000061035156,214.6199951171875,216.32000732421875,197.11392211914062,1841200,1.0,0.0
2021-09-08 00:00:00-04:00,216.02999877929688,217.00999450683594,212.64999389648438,213.36000061035156,194.4167022705078,1738500,0.0,0.0
2021-09-09 00:00:00-04:00,213.0,215.3000030517578,212.3800048828125,213.9499969482422,194.95433044433594,1544900,0.0,0.0
2021-09-10 00:00:00-04:00,208.99000549316406,209.99000549316406,203.1999969482422,204.69000244140625,186.51646423339844,4442500,0.0,0.0
2021-09-13 00:00:00-04:00,204.92999267578125,211.8699951171875,204.1699981689453,209.10000610351562,190.5349578857422,2524800,0.0,0.0
2021-09-14 00:00:00-04:00,209.89999389648438,210.7899932861328,203.35000610351562,203.64999389648438,185.56881713867188,2297000,0.0,0.0
2021-09-15 00:00:00-04:00,203.1699981689453,208.61000061035156,203.16000366210938,206.5800018310547,188.2386474609375,2666200,0.0,0.0
2021-09-16 00:00:00-04:00,207.27999877929688,209.25,203.5,205.52000427246094,187.27279663085938,2524900,0.0,0.0
2021-09-17 00:00:00-04:00,205.1199951171875,207.47000122070312,204.0,205.6199951171875,187.3639373779297,3717200,0.0,0.0
2021-09-20 00:00:00-04:00,203.05999755859375,204.24000549316406,200.8300018310547,202.52999877929688,184.54823303222656,2177500,0.0,0.0
2021-09-21 00:00:00-04:00,203.9199981689453,205.25,201.97000122070312,202.38999938964844,184.42068481445312,1939300,0.0,0.0
2021-09-22 00:00:00-04:00,204.4600067138672,205.1699981689453,201.52999877929688,201.99000549316406,184.0561981201172,2235000,0.0,0.0
2021-09-23 00:00:00-04:00,202.35000610351562,204.58999633789062,201.6199951171875,202.4600067138672,184.4844512939453,2370300,0.0,0.0
2021-09-24 00:00:00-04:00,202.3000030517578,205.41000366210938,202.3000030517578,203.88999938964844,185.78749084472656,1713000,0.0,0.0
2021-09-27 00:00:00-04:00,203.10000610351562,208.2899932861328,203.10000610351562,206.61000061035156,188.26597595214844,2053100,0.0,0.0
2021-09-28 00:00:00-04:00,206.4499969482422,208.02000427246094,203.0,203.27999877929688,185.23165893554688,1994000,0.0,0.0
2021-09-29 00:00:00-04:00,203.69000244140625,205.91000366210938,203.19000244140625,203.92999267578125,185.82391357421875,1457500,0.0,0.0
2021-09-30 00:00:00-04:00,206.0399932861328,207.5500030517578,200.10000610351562,200.16000366210938,182.388671875,1634000,0.0,0.0
2021-10-01 00:00:00-04:00,201.0,203.77000427246094,198.86000061035156,202.60000610351562,184.61207580566406,1786200,0.0,0.0
2021-10-04 00:00:00-04:00,202.5,204.77000427246094,198.6999969482422,199.4499969482422,181.74171447753906,1751800,0.0,0.0
2021-10-05 00:00:00-04:00,200.05999755859375,203.99000549316406,199.74000549316406,201.39999389648438,183.51856994628906,1528100,0.0,0.0
2021-10-06 00:00:00-04:00,199.41000366210938,203.38999938964844,197.2899932861328,203.25,185.20436096191406,1914500,0.0,0.0
2021-10-07 00:00:00-04:00,204.77999877929688,207.3699951171875,204.60000610351562,204.7100067138672,186.53469848632812,1731500,0.0,0.0
2021-10-08 00:00:00-04:00,207.5,209.0,204.30999755859375,205.17999267578125,186.9629669189453,1478900,0.0,0.0
2021-10-11 00:00:00-04:00,204.85000610351562,207.50999450683594,203.55999755859375,203.92999267578125,185.82391357421875,1048300,0.0,0.0
2021-10-12 00:00:00-04:00,204.1999969482422,205.1199951171875,201.77000427246094,202.10000610351562,184.15643310546875,1368600,0.0,0.0
2021-10-13 00:00:00-04:00,201.44000244140625,202.0,197.25,199.47000122070312,181.7599334716797,1962400,0.0,0.0
2021-10-14 00:00:00-04:00,204.88999938964844,207.22000122070312,202.8800048828125,203.0399932861328,185.01296997070312,2531600,0.0,0.0
2021-10-15 00:00:00-04:00,204.13999938964844,208.05999755859375,204.00999450683594,206.19000244140625,187.88328552246094,1439900,0.0,0.0
2021-10-18 00:00:00-04:00,205.4600067138672,205.8699951171875,203.22999572753906,204.57000732421875,186.40711975097656,1392200,0.0,0.0
2021-10-19 00:00:00-04:00,205.91000366210938,207.1300048828125,204.57000732421875,206.6300048828125,188.2842254638672,1145300,0.0,0.0
2021-10-20 00:00:00-04:00,208.4199981689453,216.0,207.3300018310547,214.75999450683594,195.69239807128906,2807500,0.0,0.0
2021-10-21 00:00:00-04:00,213.38999938964844,216.3000030517578,213.32000732421875,216.22999572753906,197.0318603515625,1491600,0.0,0.0
2021-10-22 00:00:00-04:00,216.07000732421875,219.1199951171875,214.7100067138672,216.39999389648438,197.18678283691406,1412500,0.0,0.0
2021-10-25 00:00:00-04:00,216.85000610351562,218.11000061035156,215.4199981689453,215.6199951171875,196.47601318359375,1710100,0.0,0.0
2021-10-26 00:00:00-04:00,215.75999450683594,216.3699951171875,213.49000549316406,215.6699981689453,196.5216064453125,1441800,0.0,0.0
2021-10-27 00:00:00-04:00,215.6699981689453,216.5,213.27000427246094,213.39999389648438,194.45318603515625,1354400,0.0,0.0
2021-10-28 00:00:00-04:00,213.3800048828125,216.14999389648438,212.97000122070312,215.75,196.59451293945312,1370100,0.0,0.0
2021-10-29 00:00:00-04:00,214.97000122070312,216.07000732421875,213.3000030517578,213.61000061035156,194.64451599121094,1499200,0.0,0.0
2021-11-01 00:00:00-04:00,213.82000732421875,217.52999877929688,213.77999877929688,216.1300048828125,196.9407958984375,1636600,0.0,0.0
2021-11-02 00:00:00-04:00,216.92999267578125,217.3800048828125,213.5399932861328,214.7100067138672,195.64688110351562,1704700,0.0,0.0
2021-11-03 00:00:00-04:00,212.52000427246094,218.33999633789062,209.2100067138672,218.25,198.87257385253906,2927700,0.0,0.0
2021-11-04 00:00:00-04:00,225.22999572753906,226.75999450683594,210.63999938964844,213.16000366210938,194.2344512939453,3722300,0.0,0.0
2021-11-05 00:00:00-04:00,214.66000366210938,222.82000732421875,213.69000244140625,214.1199951171875,195.1092529296875,2521800,0.0,0.0
2021-11-08 00:00:00-05:00,215.0,219.6300048828125,213.74000549316406,218.16000366210938,198.79052734375,1976500,0.0,0.0
2021-11-09 00:00:00-05:00,217.5,218.9199981689453,216.0800018310547,216.1999969482422,197.00454711914062,1971000,0.0,0.0
2021-11-10 00:00:00-05:00,216.58999633789062,220.89999389648438,216.47999572753906,217.83999633789062,198.49893188476562,2420700,0.0,0.0
2021-11-11 00:00:00-05:00,217.4499969482422,219.69000244140625,216.97999572753906,217.6999969482422,198.37136840820312,1134100,0.0,0.0
2021-11-12 00:00:00-05:00,218.44000244140625,219.8300018310547,217.3800048828125,217.72999572753906,198.39871215820312,1459200,0.0,0.0
2021-11-15 00:00:00-05:00,217.97999572753906,218.4199981689453,215.13999938964844,215.52999877929688,196.39402770996094,1551100,0.0,0.0
2021-11-16 00:00:00-05:00,216.14999389648438,221.77000427246094,215.5399932861328,217.75999450683594,198.42605590820312,1701400,0.0,0.0
2021-11-17 00:00:00-05:00,219.0,220.72000122070312,216.91000366210938,216.97999572753906,197.71527099609375,1452600,0.0,0.0
2021-11-18 00:00:00-05:00,217.17999267578125,220.25,216.6199951171875,218.75,199.32814025878906,1918900,0.0,0.0
2021-11-19 00:00:00-05:00,218.39999389648438,218.39999389648438,208.88999938964844,210.50999450683594,191.8197479248047,2981400,0.0,0.0
2021-11-22 00:00:00-05:00,211.07000732421875,214.9499969482422,210.8300018310547,211.5500030517578,192.7673797607422,2005700,0.0,0.0
2021-11-23 00:00:00-05:00,211.52999877929688,214.11000061035156,211.22000122070312,213.24000549316406,194.30740356445312,2441900,0.0,0.0
2021-11-24 00:00:00-05:00,212.3699951171875,214.77999877929688,209.17999267578125,210.5800018310547,191.883544921875,1738700,0.0,0.0
2021-11-26 00:00:00-05:00,208.00999450683594,208.35000610351562,200.67999267578125,202.02999877929688,184.09266662597656,1899300,0.0,0.0
2021-11-29 00:00:00-05:00,203.1300048828125,204.89999389648438,198.91000366210938,199.61000061035156,181.88751220703125,3474800,0.0,0.0
2021-11-30 00:00:00-05:00,198.0,198.72000122070312,191.74000549316406,191.89999389648438,174.86203002929688,3545600,0.0,0.0
2021-12-01 00:00:00-05:00,195.4600067138672,201.47999572753906,192.36000061035156,194.72000122070312,177.4316864013672,2785600,0.0,0.0
2021-12-02 00:00:00-05:00,194.69000244140625,199.0399932861328,193.6300048828125,197.7899932861328,180.22914123535156,2226600,0.0,0.0
2021-12-03 00:00:00-05:00,198.7899932861328,201.6999969482422,198.0800018310547,199.86000061035156,182.11532592773438,2363900,0.0,0.0
2021-12-06 00:00:00-05:00,202.7100067138672,208.55999755859375,201.6199951171875,206.58999633789062,189.19442749023438,1844600,1.0,0.0
2021-12-07 00:00:00-05:00,206.9499969482422,209.4199981689453,206.6199951171875,207.97000122070312,190.45822143554688,2028200,0.0,0.0
2021-12-08 00:00:00-05:00,207.86000061035156,209.0,206.44000244140625,208.30999755859375,190.76954650878906,1462600,0.0,0.0
2021-12-09 00:00:00-05:00,208.27999877929688,211.3699951171875,207.72999572753906,211.3000030517578,193.5078125,1518700,0.0,0.0
2021-12-10 00:00:00-05:00,212.77999877929688,215.4600067138672,211.97000122070312,214.94000244140625,196.84132385253906,2176600,0.0,0.0
2021-12-13 00:00:00-05:00,214.9499969482422,216.61000061035156,212.88999938964844,215.14999389648438,197.0336456298828,1857700,0.0,0.0
2021-12-14 00:00:00-05:00,213.3800048828125,217.85000610351562,212.86000061035156,216.6199951171875,198.37985229492188,2605500,0.0,0.0
2021-12-15 00:00:00-05:00,217.0399932861328,218.8699951171875,213.64999389648438,217.4600067138672,199.14915466308594,2513700,0.0,0.0
2021-12-16 00:00:00-05:00,216.5399932861328,220.3800048828125,216.50999450683594,218.6699981689453,200.25723266601562,2063700,0.0,0.0
2021-12-17 00:00:00-05:00,218.64999389648438,221.08999633789062,216.07000732421875,219.6199951171875,201.1272430419922,4037000,0.0,0.0
2021-12-20 00:00:00-05:00,216.77000427246094,219.5399932861328,213.02999877929688,217.0,198.7278289794922,1843700,0.0,0.0
2021-12-21 00:00:00-05:00,216.0,221.64999389648438,216.0,220.24000549316406,201.69505310058594,1570600,0.0,0.0
2021-12-22 00:00:00-05:00,220.0,223.13999938964844,219.92999267578125,222.3300018310547,203.60903930664062,1539800,0.0,0.0
2021-12-23 00:00:00-05:00,223.4499969482422,226.9499969482422,222.27000427246094,225.88999938964844,206.8693084716797,1286100,0.0,0.0
2021-12-27 00:00:00-05:00,227.58999633789062,228.6699981689453,225.91000366210938,227.86000061035156,208.67340087890625,932300,0.0,0.0
2021-12-28 00:00:00-05:00,227.77999877929688,230.97000122070312,227.77999877929688,230.5399932861328,211.12774658203125,864800,0.0,0.0
2021-12-29 00:00:00-05:00,230.60000610351562,232.30999755859375,230.49000549316406,231.64999389648438,212.14427185058594,821400,0.0,0.0
2021-12-30 00:00:00-05:00,231.47000122070312,232.88999938964844,230.58999633789062,230.75,211.3200225830078,768200,0.0,0.0
2021-12-31 00:00:00-05:00,231.11000061035156,232.27999877929688,229.60000610351562,229.6300048828125,210.29437255859375,923800,0.0,0.0
2022-01-03 00:00:00-05:00,229.49000549316406,234.39999389648438,228.64999389648438,234.1999969482422,214.4795684814453,1434400,0.0,0.0
2022-01-04 00:00:00-05:00,234.11000061035156,236.9499969482422,232.8800048828125,233.3000030517578,213.65533447265625,1614000,0.0,0.0
2022-01-05 00:00:00-05:00,234.82000732421875,239.60000610351562,233.38999938964844,236.52000427246094,216.60418701171875,1559300,0.0,0.0
2022-01-06 00:00:00-05:00,232.82000732421875,235.14999389648438,226.0800018310547,227.5399932861328,208.38038635253906,2258300,0.0,0.0
2022-01-07 00:00:00-05:00,227.13999938964844,234.08999633789062,225.1999969482422,233.17999267578125,213.54542541503906,2049800,0.0,0.0
2022-01-10 00:00:00-05:00,234.08999633789062,236.0,230.1300048828125,233.69000244140625,214.01254272460938,1675100,0.0,0.0
2022-01-11 00:00:00-05:00,235.72999572753906,241.19000244140625,232.60000610351562,240.13999938964844,219.9193878173828,1926500,0.0,0.0
2022-01-12 00:00:00-05:00,240.08999633789062,240.83999633789062,236.0800018310547,238.77999877929688,218.67391967773438,1352600,0.0,0.0
2022-01-13 00:00:00-05:00,237.92999267578125,242.2100067138672,237.38999938964844,240.5500030517578,220.29489135742188,1139000,0.0,0.0
2022-01-14 00:00:00-05:00,239.6199951171875,242.35000610351562,238.88999938964844,242.1699981689453,221.7784881591797,1327700,0.0,0.0
2022-01-18 00:00:00-05:00,241.3300018310547,241.75,236.88999938964844,239.97999572753906,219.77285766601562,1445700,0.0,0.0
2022-01-19 00:00:00-05:00,240.80999755859375,244.1699981689453,238.49000549316406,238.8000030517578,218.6922149658203,1452300,0.0,0.0
2022-01-20 00:00:00-05:00,238.39999389648438,244.67999267578125,237.74000549316406,240.38999938964844,220.14837646484375,1429100,0.0,0.0
2022-01-21 00:00:00-05:00,240.61000061035156,242.17999267578125,235.6699981689453,236.25,216.35694885253906,1782000,0.0,0.0
2022-01-24 00:00:00-05:00,233.8699951171875,236.8300018310547,228.33999633789062,236.4199981689453,216.51263427734375,1980300,0.0,0.0
2022-01-25 00:00:00-05:00,233.91000366210938,236.1199951171875,228.00999450683594,234.74000549316406,214.97410583496094,1557800,0.0,0.0
2022-01-26 00:00:00-05:00,235.36000061035156,238.9600067138672,230.75,234.02000427246094,214.31471252441406,1761800,0.0,0.0
2022-01-27 00:00:00-05:00,231.0399932861328,232.63999938964844,224.41000366210938,227.42999267578125,208.2796173095703,2338800,0.0,0.0
2022-01-28 00:00:00-05:00,227.66000366210938,234.4600067138672,226.02000427246094,233.4499969482422,213.79270935058594,2682700,0.0,0.0
2022-01-31 00:00:00-05:00,230.72999572753906,232.97000122070312,227.64999389648438,230.4600067138672,211.0545196533203,2622200,0.0,0.0
2022-02-01 00:00:00-05:00,229.4600067138672,229.91000366210938,223.49000549316406,225.91000366210938,206.88760375976562,2318800,0.0,0.0
2022-02-02 00:00:00-05:00,225.91000366210938,230.61000061035156,225.32000732421875,230.02000427246094,210.65159606933594,2044200,0.0,0.0
2022-02-03 00:00:00-05:00,225.0,225.0,217.27000427246094,217.55999755859375,199.24070739746094,3029400,0.0,0.0
2022-02-04 00:00:00-05:00,213.33999633789062,223.0399932861328,213.16000366210938,221.3699951171875,202.72988891601562,2036700,0.0,0.0
2022-02-07 00:00:00-05:00,218.16000366210938,226.60000610351562,218.00999450683594,224.47999572753906,205.57806396484375,1473200,0.0,0.0
2022-02-08 00:00:00-05:00,226.57000732421875,232.41000366210938,224.55999755859375,231.77000427246094,212.25413513183594,1613900,0.0,0.0
2022-02-09 00:00:00-05:00,232.72999572753906,233.89999389648438,230.44000244140625,232.3800048828125,212.81277465820312,1112600,0.0,0.0
2022-02-10 00:00:00-05:00,230.05999755859375,235.5,229.3000030517578,230.27000427246094,210.8804931640625,1358000,0.0,0.0
2022-02-11 00:00:00-05:00,230.0,233.44000244140625,226.77999877929688,227.5,208.34378051757812,1215500,0.0,0.0
2022-02-14 00:00:00-05:00,228.7100067138672,229.16000366210938,223.5399932861328,225.24000549316406,206.27401733398438,1472000,0.0,0.0
2022-02-15 00:00:00-05:00,226.92999267578125,229.74000549316406,226.16000366210938,228.41000366210938,209.17710876464844,1683400,0.0,0.0
2022-02-16 00:00:00-05:00,227.80999755859375,229.9199981689453,227.05999755859375,229.0,209.7174072265625,1241900,0.0,0.0
2022-02-17 00:00:00-05:00,227.49000549316406,229.8699951171875,226.1199951171875,227.11000061035156,207.98658752441406,1222800,0.0,0.0
2022-02-18 00:00:00-05:00,226.99000549316406,230.8000030517578,225.0500030517578,228.64999389648438,209.3968963623047,1339800,0.0,0.0
2022-02-22 00:00:00-05:00,227.35000610351562,229.33999633789062,225.39999389648438,227.72999572753906,208.5543670654297,1598300,0.0,0.0
2022-02-23 00:00:00-05:00,228.5800018310547,229.17999267578125,224.86000061035156,225.08999633789062,206.1366729736328,1596100,0.0,0.0
2022-02-24 00:00:00-05:00,220.94000244140625,224.8800048828125,218.52000427246094,224.42999267578125,205.53221130371094,3009900,0.0,0.0
2022-02-25 00:00:00-05:00,225.50999450683594,234.1199951171875,225.14999389648438,232.83999633789062,213.2340545654297,1863600,0.0,0.0
2022-02-28 00:00:00-05:00,228.6999969482422,239.1300048828125,228.11000061035156,237.77999877929688,217.7581024169922,3367700,0.0,0.0
2022-03-01 00:00:00-05:00,237.08999633789062,239.35000610351562,233.60000610351562,237.10000610351562,217.13539123535156,1546300,0.0,0.0
2022-03-02 00:00:00-05:00,239.0,241.9499969482422,237.8699951171875,240.50999450683594,220.2582244873047,1462200,0.0,0.0
2022-03-03 00:00:00-05:00,241.2100067138672,241.99000549316406,236.1199951171875,237.80999755859375,217.7855987548828,1285600,0.0,0.0
2022-03-04 00:00:00-05:00,234.32000732421875,241.94000244140625,232.47999572753906,241.6300048828125,221.283935546875,1345600,0.0,0.0
2022-03-07 00:00:00-05:00,241.1300048828125,241.94000244140625,236.86000061035156,237.85000610351562,217.82220458984375,1733900,0.0,0.0
2022-03-08 00:00:00-05:00,235.0800018310547,236.72000122070312,229.0,229.10000610351562,210.8016357421875,1816100,1.12,0.0
2022-03-09 00:00:00-05:00,233.1300048828125,233.69000244140625,230.11000061035156,231.25999450683594,212.7891082763672,1298100,0.0,0.0
2022-03-10 00:00:00-05:00,229.02000427246094,230.0399932861328,225.49000549316406,229.4600067138672,211.1328887939453,2156200,0.0,0.0
2022-03-11 00:00:00-05:00,231.0,232.0,226.44000244140625,226.86000061035156,208.7405548095703,1757100,0.0,0.0
2022-03-14 00:00:00-04:00,229.57000732421875,229.57000732421875,224.22000122070312,226.1999969482422,208.13327026367188,1984000,0.0,0.0
2022-03-15 00:00:00-04:00,228.2100067138672,234.25,227.94000244140625,233.0800018310547,214.4637451171875,1683900,0.0,0.0
2022-03-16 00:00:00-04:00,234.5,238.1999969482422,233.3000030517578,237.5,218.53073120117188,1536100,0.0,0.0
2022-03-17 00:00:00-04:00,234.88999938964844,242.8800048828125,234.88999938964844,242.38999938964844,223.03016662597656,2136500,0.0,0.0
2022-03-18 00:00:00-04:00,241.7100067138672,243.7100067138672,239.16000366210938,241.16000366210938,221.8983917236328,3473700,0.0,0.0
2022-03-21 00:00:00-04:00,240.47999572753906,245.99000549316406,240.1699981689453,243.50999450683594,224.0607147216797,1519700,0.0,0.0
2022-03-22 00:00:00-04:00,244.74000549316406,246.77999877929688,243.44000244140625,243.52999877929688,224.07911682128906,1561600,0.0,0.0
2022-03-23 00:00:00-04:00,242.4499969482422,243.60000610351562,238.47999572753906,238.5,219.4508514404297,1530300,0.0,0.0
2022-03-24 00:00:00-04:00,238.97000122070312,242.9199981689453,238.5,242.10000610351562,222.76333618164062,1120700,0.0,0.0
2022-03-25 00:00:00-04:00,242.8000030517578,243.9600067138672,241.35000610351562,243.5800018310547,224.12510681152344,1327300,0.0,0.0
2022-03-28 00:00:00-04:00,244.0,244.0,241.3699951171875,243.66000366210938,224.19874572753906,1470800,0.0,0.0
2022-03-29 00:00:00-04:00,245.42999267578125,245.5500030517578,240.13999938964844,243.33999633789062,223.90426635742188,1238100,0.0,0.0
2022-03-30 00:00:00-04:00,243.8800048828125,246.07000732421875,243.13999938964844,245.8300018310547,226.19541931152344,943400,0.0,0.0
2022-03-31 00:00:00-04:00,243.0800018310547,244.89999389648438,239.5,239.61000061035156,220.47215270996094,1784200,0.0,0.0
2022-04-01 00:00:00-04:00,242.1999969482422,247.83999633789062,240.77999877929688,246.25,226.5818328857422,1584700,0.0,0.0
2022-04-04 00:00:00-04:00,244.9499969482422,246.19000244140625,241.36000061035156,242.25999450683594,222.91053771972656,1405100,0.0,0.0
2022-04-05 00:00:00-04:00,240.77000427246094,248.97000122070312,240.77000427246094,245.08999633789062,225.51449584960938,1433100,0.0,0.0
2022-04-06 00:00:00-04:00,243.69000244140625,250.32000732421875,243.0399932861328,249.61000061035156,229.67347717285156,1372900,0.0,0.0
2022-04-07 00:00:00-04:00,249.47999572753906,256.1700134277344,248.66000366210938,255.1300048828125,234.75257873535156,1648000,0.0,0.0
2022-04-08 00:00:00-04:00,256.2900085449219,259.29998779296875,254.7899932861328,257.8999938964844,237.30136108398438,1493000,0.0,0.0
2022-04-11 00:00:00-04:00,257.94000244140625,259.45001220703125,253.4600067138672,254.1199951171875,233.8232421875,1172700,0.0,0.0
2022-04-12 00:00:00-04:00,254.3699951171875,257.45001220703125,253.41000366210938,254.82000732421875,234.4673614501953,1102500,0.0,0.0
2022-04-13 00:00:00-04:00,255.89999389648438,259.3699951171875,254.8000030517578,258.989990234375,238.30430603027344,1500600,0.0,0.0
2022-04-14 00:00:00-04:00,260.0,265.2200012207031,258.8699951171875,259.2099914550781,238.5066680908203,1381000,0.0,0.0
2022-04-18 00:00:00-04:00,258.1000061035156,261.5299987792969,257.79998779296875,258.9599914550781,238.2766571044922,1157000,0.0,0.0
2022-04-19 00:00:00-04:00,260.1300048828125,262.30999755859375,258.6600036621094,261.0299987792969,240.1813507080078,1501700,0.0,0.0
2022-04-20 00:00:00-04:00,262.4700012207031,269.8399963378906,261.4599914550781,268.8699951171875,247.39515686035156,1463000,0.0,0.0
2022-04-21 00:00:00-04:00,269.1400146484375,269.9700012207031,264.3500061035156,264.6099853515625,243.47540283203125,1132000,0.0,0.0
2022-04-22 00:00:00-04:00,263.0,263.0,254.7100067138672,255.05999755859375,234.68817138671875,1262100,0.0,0.0
2022-04-25 00:00:00-04:00,255.1699981689453,255.1699981689453,246.77999877929688,254.36000061035156,234.04408264160156,1402200,0.0,0.0
2022-04-26 00:00:00-04:00,252.1999969482422,256.4100036621094,252.16000366210938,252.60000610351562,232.42466735839844,889100,0.0,0.0
2022-04-27 00:00:00-04:00,252.6699981689453,255.25,248.63999938964844,250.77000427246094,230.7408447265625,1208100,0.0,0.0
2022-04-28 00:00:00-04:00,252.89999389648438,254.74000549316406,249.75999450683594,254.24000549316406,233.93368530273438,917600,0.0,0.0
2022-04-29 00:00:00-04:00,252.58999633789062,253.67999267578125,246.05999755859375,246.77999877929688,227.06951904296875,1423800,0.0,0.0
2022-05-02 00:00:00-04:00,247.2100067138672,249.47999572753906,241.61000061035156,246.11000061035156,226.4530487060547,1497500,0.0,0.0
2022-05-03 00:00:00-04:00,246.74000549316406,250.64999389648438,246.32000732421875,247.2899932861328,227.5387725830078,1115900,0.0,0.0
2022-05-04 00:00:00-04:00,248.13999938964844,256.7099914550781,245.89999389648438,255.6699981689453,235.24945068359375,1130700,0.0,0.0
2022-05-05 00:00:00-04:00,253.89999389648438,255.80999755859375,249.7899932861328,252.0800018310547,231.9462127685547,1628500,0.0,0.0
2022-05-06 00:00:00-04:00,255.8000030517578,267.510009765625,255.0399932861328,266.8999938964844,245.58248901367188,2208100,0.0,0.0
2022-05-09 00:00:00-04:00,266.79998779296875,268.4700012207031,259.7200012207031,261.4100036621094,240.53103637695312,2228400,0.0,0.0
2022-05-10 00:00:00-04:00,262.0199890136719,264.44000244140625,258.6300048828125,260.6499938964844,239.8317108154297,1612900,0.0,0.0
2022-05-11 00:00:00-04:00,260.1099853515625,267.5299987792969,259.69000244140625,260.20001220703125,239.41766357421875,1410700,0.0,0.0
2022-05-12 00:00:00-04:00,259.42999267578125,260.7300109863281,254.27000427246094,260.0299987792969,239.26121520996094,1675400,0.0,0.0
2022-05-13 00:00:00-04:00,261.04998779296875,261.9800109863281,258.0299987792969,259.19000244140625,238.48834228515625,1520100,0.0,0.0
2022-05-16 00:00:00-04:00,265.4599914550781,269.44000244140625,262.30999755859375,266.489990234375,245.2052001953125,1542700,0.0,0.0
2022-05-17 00:00:00-04:00,268.57000732421875,271.7099914550781,267.510009765625,271.3500061035156,249.67709350585938,1436300,0.0,0.0
2022-05-18 00:00:00-04:00,269.57000732421875,270.0,255.92999267578125,257.57000732421875,236.99771118164062,2537200,0.0,0.0
2022-05-19 00:00:00-04:00,255.4600067138672,259.1499938964844,253.1300048828125,256.8800048828125,236.36277770996094,1692000,0.0,0.0
2022-05-20 00:00:00-04:00,256.760009765625,261.8699951171875,254.4199981689453,259.489990234375,238.76431274414062,1623700,0.0,0.0
2022-05-23 00:00:00-04:00,262.2699890136719,265.760009765625,261.3599853515625,263.3699951171875,242.33441162109375,1092300,0.0,0.0
2022-05-24 00:00:00-04:00,264.239990234375,266.6499938964844,261.4100036621094,264.9599914550781,243.7974395751953,1383100,0.0,0.0
2022-05-25 00:00:00-04:00,265.3500061035156,266.5400085449219,263.44000244140625,265.75,244.52435302734375,1097500,0.0,0.0
2022-05-26 00:00:00-04:00,269.2900085449219,271.0,267.7099914550781,268.8800048828125,247.40432739257812,1695800,0.0,0.0
2022-05-27 00:00:00-04:00,268.1099853515625,272.9700012207031,266.2900085449219,272.3999938964844,250.6431884765625,1248100,0.0,0.0
2022-05-31 00:00:00-04:00,270.2200012207031,273.5799865722656,267.3299865722656,268.2900085449219,246.8615264892578,3557100,0.0,0.0
2022-06-01 00:00:00-04:00,271.2900085449219,271.5799865722656,262.1499938964844,264.5799865722656,243.44778442382812,2622900,0.0,0.0
2022-06-02 00:00:00-04:00,265.2099914550781,265.2099914550781,257.5899963378906,263.42999267578125,242.38970947265625,1656300,0.0,0.0
2022-06-03 00:00:00-04:00,262.82000732421875,263.30999755859375,253.69000244140625,253.97000122070312,233.68524169921875,2331300,0.0,0.0
2022-06-06 00:00:00-04:00,256.19000244140625,259.739990234375,254.52000427246094,258.32000732421875,237.68783569335938,1615000,0.0,0.0
2022-06-07 00:00:00-04:00,257.17999267578125,262.82000732421875,255.14999389648438,262.2799987792969,242.38241577148438,1792300,1.12,0.0
2022-06-08 00:00:00-04:00,259.5199890136719,262.6000061035156,258.8900146484375,260.7799987792969,240.99620056152344,1235600,0.0,0.0
2022-06-09 00:00:00-04:00,260.20001220703125,262.5400085449219,257.45001220703125,257.5799865722656,238.03895568847656,1101600,0.0,0.0
2022-06-10 00:00:00-04:00,253.24000549316406,256.0899963378906,251.8800048828125,253.2899932861328,234.0744171142578,1403000,0.0,0.0
2022-06-13 00:00:00-04:00,248.8800048828125,249.8000030517578,241.14999389648438,242.22999572753906,223.85348510742188,2242000,0.0,0.0
2022-06-14 00:00:00-04:00,242.14999389648438,246.3699951171875,240.11000061035156,245.7100067138672,227.06948852539062,2205400,0.0,0.0
2022-06-15 00:00:00-04:00,247.0500030517578,249.7100067138672,243.9600067138672,247.10000610351562,228.35403442382812,1643400,0.0,0.0
2022-06-16 00:00:00-04:00,247.2899932861328,248.52000427246094,240.17999267578125,248.3000030517578,229.46299743652344,1904200,0.0,0.0
2022-06-17 00:00:00-04:00,250.1699981689453,251.82000732421875,241.5399932861328,244.52000427246094,225.9698028564453,3822900,0.0,0.0
2022-06-21 00:00:00-04:00,249.8000030517578,254.7899932861328,244.85000610351562,252.17999267578125,233.04864501953125,2324600,0.0,0.0
2022-06-22 00:00:00-04:00,252.8300018310547,259.0199890136719,250.25,255.89999389648438,236.48641967773438,1506200,0.0,0.0
2022-06-23 00:00:00-04:00,257.2900085449219,260.2799987792969,254.9199981689453,259.67999267578125,239.9796600341797,1774200,0.0,0.0
2022-06-24 00:00:00-04:00,261.4700012207031,265.79998779296875,255.91000366210938,265.1300048828125,245.01622009277344,3406200,0.0,0.0
2022-06-27 00:00:00-04:00,264.3399963378906,269.1499938964844,262.30999755859375,267.8800048828125,247.5575714111328,1637100,0.0,0.0
2022-06-28 00:00:00-04:00,268.4599914550781,271.3999938964844,264.760009765625,266.2099914550781,246.01426696777344,1494900,0.0,0.0
2022-06-29 00:00:00-04:00,268.19000244140625,269.8800048828125,264.8399963378906,267.3399963378906,247.05860900878906,1439600,0.0,0.0
2022-06-30 00:00:00-04:00,264.5,266.07000732421875,261.45001220703125,263.5199890136719,243.52835083007812,2029700,0.0,0.0
2022-07-01 00:00:00-04:00,263.760009765625,268.95001220703125,260.6499938964844,268.0299987792969,247.69622802734375,1302800,0.0,0.0
2022-07-05 00:00:00-04:00,264.5199890136719,265.2300109863281,256.3699951171875,264.8399963378906,244.74813842773438,2331900,0.0,0.0
2022-07-06 00:00:00-04:00,265.0400085449219,273.20001220703125,263.4100036621094,271.0899963378906,250.52403259277344,3259600,0.0,0.0
2022-07-07 00:00:00-04:00,272.04998779296875,277.45001220703125,272.04998779296875,275.7799987792969,254.85824584960938,5021100,0.0,0.0
2022-07-08 00:00:00-04:00,275.6099853515625,281.489990234375,274.67999267578125,279.19000244140625,258.0095520019531,2325200,0.0,0.0
2022-07-11 00:00:00-04:00,277.19000244140625,281.9100036621094,276.79998779296875,279.9100036621094,258.67498779296875,1550500,0.0,0.0
2022-07-12 00:00:00-04:00,279.1700134277344,282.3299865722656,278.3699951171875,279.3500061035156,258.1574401855469,2599300,0.0,0.0
2022-07-13 00:00:00-04:00,276.8599853515625,279.5199890136719,273.4599914550781,273.75,252.98223876953125,1563400,0.0,0.0
2022-07-14 00:00:00-04:00,266.82000732421875,266.82000732421875,261.0,264.9100036621094,244.81288146972656,2260800,0.0,0.0
2022-07-15 00:00:00-04:00,269.0199890136719,274.3800048828125,267.2900085449219,274.1099853515625,253.31492614746094,1880600,0.0,0.0
2022-07-18 00:00:00-04:00,274.4700012207031,274.8500061035156,267.2900085449219,268.3500061035156,247.991943359375,1597100,0.0,0.0
2022-07-19 00:00:00-04:00,270.20001220703125,276.3800048828125,270.0799865722656,274.6000061035156,253.7677459716797,2084800,0.0,0.0
2022-07-20 00:00:00-04:00,273.67999267578125,274.17999267578125,264.2900085449219,266.7200012207031,246.48553466796875,1669200,0.0,0.0
2022-07-21 00:00:00-04:00,264.7900085449219,267.75,263.4599914550781,266.3500061035156,246.1436767578125,1705900,0.0,0.0
2022-07-22 00:00:00-04:00,267.0,269.2200012207031,265.7200012207031,269.20001220703125,248.77748107910156,1787200,0.0,0.0
2022-07-25 00:00:00-04:00,270.25,274.9200134277344,270.25,272.6300048828125,251.9472198486328,1323500,0.0,0.0
2022-07-26 00:00:00-04:00,274.1499938964844,275.6499938964844,272.82000732421875,274.8299865722656,253.98031616210938,1731400,0.0,0.0
2022-07-27 00:00:00-04:00,274.010009765625,276.6000061035156,270.0400085449219,274.7300109863281,253.88795471191406,1120100,0.0,0.0
2022-07-28 00:00:00-04:00,275.4100036621094,275.75,270.5899963378906,273.2200012207031,252.492431640625,1650700,0.0,0.0
2022-07-29 00:00:00-04:00,273.1400146484375,277.7200012207031,272.4200134277344,275.3599853515625,254.4700469970703,1836900,0.0,0.0
2022-08-01 00:00:00-04:00,273.9800109863281,276.9200134277344,272.1300048828125,273.4100036621094,252.6680450439453,1434600,0.0,0.0
2022-08-02 00:00:00-04:00,274.95001220703125,275.0299987792969,270.7699890136719,271.44000244140625,250.8474578857422,1415400,0.0,0.0
2022-08-03 00:00:00-04:00,272.1099853515625,273.79998779296875,271.2799987792969,271.739990234375,251.12472534179688,3548800,0.0,0.0
2022-08-04 00:00:00-04:00,280.6300048828125,284.4599914550781,279.260009765625,280.1000061035156,258.8505554199219,3654700,0.0,0.0
2022-08-05 00:00:00-04:00,278.55999755859375,282.6600036621094,278.2799987792969,281.7699890136719,260.3938293457031,2039800,0.0,0.0
2022-08-08 00:00:00-04:00,282.0,283.8500061035156,280.7300109863281,281.7699890136719,260.3938293457031,2392000,0.0,0.0
2022-08-09 00:00:00-04:00,284.32000732421875,288.4599914550781,283.3699951171875,285.0400085449219,263.415771484375,1690700,0.0,0.0
2022-08-10 00:00:00-04:00,287.04998779296875,289.25,285.70001220703125,287.07000732421875,265.29180908203125,1400000,0.0,0.0
2022-08-11 00:00:00-04:00,286.8999938964844,289.6300048828125,284.3800048828125,286.0,264.3029479980469,1844900,0.0,0.0
2022-08-12 00:00:00-04:00,286.1499938964844,291.3900146484375,286.1499938964844,290.9200134277344,268.8496398925781,4395400,0.0,0.0
2022-08-15 00:00:00-04:00,290.0400085449219,293.5,288.0799865722656,290.8699951171875,268.80340576171875,1057100,0.0,0.0
2022-08-16 00:00:00-04:00,291.0400085449219,293.20001220703125,289.2300109863281,290.6099853515625,268.5632019042969,1491700,0.0,0.0
2022-08-17 00:00:00-04:00,288.6300048828125,293.3800048828125,287.5400085449219,291.6000061035156,269.4781494140625,1107700,0.0,0.0
2022-08-18 00:00:00-04:00,292.0,292.1600036621094,287.9599914550781,290.8900146484375,268.8219299316406,1845000,0.0,0.0
2022-08-19 00:00:00-04:00,291.3699951171875,293.9599914550781,290.739990234375,292.9800109863281,270.7533874511719,1162600,0.0,0.0
2022-08-22 00:00:00-04:00,290.5899963378906,292.6499938964844,290.3900146484375,291.5,269.3856201171875,1348800,0.0,0.0
2022-08-23 00:00:00-04:00,291.0,291.3900146484375,285.80999755859375,286.3299865722656,264.60791015625,1255000,0.0,0.0
2022-08-24 00:00:00-04:00,286.69000244140625,289.6000061035156,285.8299865722656,288.760009765625,266.8535461425781,1808400,0.0,0.0
2022-08-25 00:00:00-04:00,288.80999755859375,291.94000244140625,286.80999755859375,291.8500061035156,269.7091064453125,1443300,0.0,0.0
2022-08-26 00:00:00-04:00,292.0,292.1700134277344,284.6499938964844,284.8699951171875,263.25872802734375,1724100,0.0,0.0
2022-08-29 00:00:00-04:00,283.8699951171875,289.2900085449219,282.04998779296875,287.19000244140625,265.40264892578125,1158700,0.0,0.0
2022-08-30 00:00:00-04:00,287.67999267578125,288.510009765625,283.6099853515625,285.07000732421875,263.4434814453125,1235700,0.0,0.0
2022-08-31 00:00:00-04:00,285.4100036621094,286.7099914550781,283.1499938964844,283.45001220703125,261.94635009765625,2452000,0.0,0.0
2022-09-01 00:00:00-04:00,284.8399963378906,288.42999267578125,283.510009765625,288.0400085449219,266.18817138671875,1267800,0.0,0.0
2022-09-02 00:00:00-04:00,289.8699951171875,292.7799987792969,286.260009765625,287.70001220703125,265.87396240234375,2035300,0.0,0.0
2022-09-06 00:00:00-04:00,286.5799865722656,290.2200012207031,283.7799987792969,285.25,264.64007568359375,1242600,1.12,0.0
2022-09-07 00:00:00-04:00,285.3599853515625,291.8399963378906,284.8900146484375,290.0,269.046875,2674900,0.0,0.0
2022-09-08 00:00:00-04:00,289.7699890136719,291.45001220703125,286.8999938964844,290.7099914550781,269.7055358886719,1985300,0.0,0.0
2022-09-09 00:00:00-04:00,291.25,294.5299987792969,290.8800048828125,292.8399963378906,271.6816101074219,1362900,0.0,0.0
2022-09-12 00:00:00-04:00,292.760009765625,296.2900085449219,291.9700012207031,294.1499938964844,272.8969421386719,3001400,0.0,0.0
2022-09-13 00:00:00-04:00,291.1400146484375,291.6499938964844,286.1400146484375,286.82000732421875,266.0966796875,2276200,0.0,0.0
2022-09-14 00:00:00-04:00,288.760009765625,289.2900085449219,281.6300048828125,284.0799865722656,263.5545654296875,2454300,0.0,0.0
2022-09-15 00:00:00-04:00,289.3399963378906,292.1499938964844,284.57000732421875,289.9599914550781,269.0097351074219,2369400,0.0,0.0
2022-09-16 00:00:00-04:00,289.9599914550781,291.1000061035156,287.3599853515625,290.3500061035156,269.37158203125,4982700,0.0,0.0
2022-09-19 00:00:00-04:00,287.5899963378906,289.45001220703125,285.760009765625,289.32000732421875,268.4159851074219,2042900,0.0,0.0
2022-09-20 00:00:00-04:00,289.55999755859375,290.3900146484375,285.69000244140625,288.0799865722656,267.2655944824219,1768500,0.0,0.0
2022-09-21 00:00:00-04:00,291.07000732421875,294.2799987792969,284.8800048828125,284.95001220703125,264.36181640625,1802100,0.0,0.0
2022-09-22 00:00:00-04:00,284.760009765625,285.3599853515625,281.3699951171875,282.8999938964844,262.4598693847656,1176000,0.0,0.0
2022-09-23 00:00:00-04:00,280.6700134277344,280.8900146484375,273.6199951171875,277.7699890136719,257.7004699707031,1892200,0.0,0.0
2022-09-26 00:00:00-04:00,277.0,278.6000061035156,273.1400146484375,276.79998779296875,256.80059814453125,1994100,0.0,0.0
2022-09-27 00:00:00-04:00,279.07000732421875,282.3500061035156,276.1400146484375,277.6199951171875,257.5613708496094,2295400,0.0,0.0
2022-09-28 00:00:00-04:00,279.54998779296875,284.260009765625,277.0,282.54998779296875,262.1351318359375,1561800,0.0,0.0
2022-09-29 00:00:00-04:00,281.69000244140625,281.69000244140625,277.70001220703125,280.55999755859375,260.2889099121094,1472300,0.0,0.0
2022-09-30 00:00:00-04:00,279.82000732421875,283.989990234375,277.3500061035156,277.4700012207031,257.422119140625,2327200,0.0,0.0
2022-10-03 00:00:00-04:00,280.75,288.6099853515625,279.3299865722656,287.2200012207031,266.4677734375,2315000,0.0,0.0
2022-10-04 00:00:00-04:00,289.1499938964844,293.07000732421875,288.5,293.0199890136719,271.8486328125,1838300,0.0,0.0
2022-10-05 00:00:00-04:00,292.0400085449219,295.1600036621094,291.0400085449219,294.0299987792969,272.7857360839844,1220400,0.0,0.0
2022-10-06 00:00:00-04:00,292.3900146484375,294.67999267578125,291.7200012207031,293.0799865722656,271.904296875,1673100,0.0,0.0
2022-10-07 00:00:00-04:00,289.3599853515625,290.8900146484375,286.3699951171875,288.3800048828125,267.5438537597656,1956100,0.0,0.0
2022-10-10 00:00:00-04:00,288.0,289.67999267578125,283.7900085449219,285.7300109863281,265.08544921875,2891200,0.0,0.0
2022-10-11 00:00:00-04:00,284.5,293.8299865722656,284.1300048828125,290.95001220703125,269.9282531738281,1815600,0.0,0.0
2022-10-12 00:00:00-04:00,291.989990234375,294.9100036621094,288.20001220703125,288.3599853515625,267.5253601074219,2332900,0.0,0.0
2022-10-13 00:00:00-04:00,285.6000061035156,299.1199951171875,284.8500061035156,297.6400146484375,276.1349182128906,2205200,0.0,0.0
2022-10-14 00:00:00-04:00,300.0,300.75,293.1000061035156,295.29998779296875,273.9638977050781,2500600,0.0,0.0
2022-10-17 00:00:00-04:00,295.0,297.1499938964844,289.2799987792969,289.9200134277344,268.9726867675781,2596100,0.0,0.0
2022-10-18 00:00:00-04:00,295.0,296.2300109863281,290.3999938964844,293.739990234375,272.5166320800781,2221800,0.0,0.0
2022-10-19 00:00:00-04:00,294.25,296.2900085449219,290.17999267578125,293.0799865722656,271.904296875,1548200,0.0,0.0
2022-10-20 00:00:00-04:00,292.79998779296875,296.9800109863281,291.9200134277344,294.30999755859375,273.0454406738281,1509500,0.0,0.0
2022-10-21 00:00:00-04:00,293.2200012207031,302.2900085449219,291.9100036621094,301.3399963378906,279.5674743652344,1881200,0.0,0.0
2022-10-24 00:00:00-04:00,303.5,308.2799987792969,303.45001220703125,306.95001220703125,284.7722473144531,1875200,0.0,0.0
2022-10-25 00:00:00-04:00,308.0,311.6099853515625,304.8500061035156,310.9200134277344,288.455322265625,1650900,0.0,0.0
2022-10-26 00:00:00-04:00,313.0199890136719,317.7300109863281,312.82000732421875,314.95001220703125,292.1942138671875,1770300,0.0,0.0
2022-10-27 00:00:00-04:00,315.9100036621094,319.5,314.0199890136719,316.5799865722656,293.7063903808594,1422600,0.0,0.0
2022-10-28 00:00:00-04:00,318.3500061035156,325.1600036621094,318.3500061035156,324.760009765625,301.29541015625,1420000,0.0,0.0
2022-10-31 00:00:00-04:00,322.3500061035156,324.1499938964844,321.29998779296875,323.05999755859375,299.7181091308594,1835800,0.0,0.0
2022-11-01 00:00:00-04:00,323.20001220703125,326.32000732421875,320.6199951171875,325.1199951171875,301.62933349609375,1713600,0.0,0.0
2022-11-02 00:00:00-04:00,324.1300048828125,328.6000061035156,320.8399963378906,320.8599853515625,297.6771240234375,2190200,0.0,0.0
2022-11-03 00:00:00-04:00,321.2300109863281,328.510009765625,317.3800048828125,324.239990234375,300.81292724609375,2902600,0.0,0.0
2022-11-04 00:00:00-04:00,327.0,327.0,318.0799865722656,322.1300048828125,298.8553771972656,2230400,0.0,0.0
2022-11-07 00:00:00-05:00,324.0,327.3699951171875,321.4800109863281,324.3699951171875,300.93359375,1566600,0.0,0.0
2022-11-08 00:00:00-05:00,323.0899963378906,329.3900146484375,321.17999267578125,327.739990234375,304.0600891113281,1349300,0.0,0.0
2022-11-09 00:00:00-05:00,328.7099914550781,331.04998779296875,324.5899963378906,324.989990234375,301.5086975097656,1278000,0.0,0.0
2022-11-10 00:00:00-05:00,329.04998779296875,329.04998779296875,315.6300048828125,323.3399963378906,299.97796630859375,2063000,0.0,0.0
2022-11-11 00:00:00-05:00,324.3900146484375,324.5,289.6099853515625,303.82000732421875,281.8683776855469,5494500,0.0,0.0
2022-11-14 00:00:00-05:00,306.42999267578125,312.5299987792969,304.82000732421875,306.8500061035156,284.6794738769531,1973300,0.0,0.0
2022-11-15 00:00:00-05:00,308.32000732421875,308.6600036621094,301.3999938964844,305.1700134277344,283.1208190917969,2121100,0.0,0.0
2022-11-16 00:00:00-05:00,306.1499938964844,309.4100036621094,305.1300048828125,306.69000244140625,284.531005859375,1375000,0.0,0.0
2022-11-17 00:00:00-05:00,305.45001220703125,312.8800048828125,305.45001220703125,312.1000061035156,289.5500793457031,1616400,0.0,0.0
2022-11-18 00:00:00-05:00,315.1199951171875,322.2699890136719,315.1199951171875,319.2099914550781,296.14630126953125,1909700,0.0,0.0
2022-11-21 00:00:00-05:00,319.5400085449219,322.1400146484375,314.5,315.2900085449219,292.50958251953125,1930700,0.0,0.0
2022-11-22 00:00:00-05:00,317.6300048828125,321.3599853515625,317.4599914550781,319.3500061035156,296.2762451171875,1519300,0.0,0.0
2022-11-23 00:00:00-05:00,319.1000061035156,322.0,318.9800109863281,319.8399963378906,296.7308654785156,1542800,0.0,0.0
2022-11-25 00:00:00-05:00,322.07000732421875,324.1099853515625,319.95001220703125,323.8999938964844,300.4975280761719,921400,0.0,0.0
2022-11-28 00:00:00-05:00,323.0400085449219,327.04998779296875,318.9800109863281,319.510009765625,296.4247131347656,1989800,0.0,0.0
2022-11-29 00:00:00-05:00,318.5799865722656,322.9599914550781,318.5799865722656,320.70001220703125,297.5287170410156,2131500,0.0,0.0
2022-11-30 00:00:00-05:00,320.70001220703125,328.9200134277344,319.1300048828125,328.8900146484375,305.126953125,4833900,0.0,0.0
2022-12-01 00:00:00-05:00,328.6000061035156,329.57000732421875,322.5899963378906,323.45001220703125,300.08001708984375,2181500,0.0,0.0
2022-12-02 00:00:00-05:00,322.6400146484375,328.1000061035156,322.57000732421875,327.20001220703125,303.5591125488281,1301200,0.0,0.0
2022-12-05 00:00:00-05:00,323.82000732421875,328.2699890136719,323.3599853515625,327.3900146484375,304.77862548828125,1476900,1.12,0.0
2022-12-06 00:00:00-05:00,327.79998779296875,331.95001220703125,325.989990234375,329.6400146484375,306.8731994628906,1300500,0.0,0.0
2022-12-07 00:00:00-05:00,329.5,332.8999938964844,328.6400146484375,332.19000244140625,309.2470703125,1951700,0.0,0.0
2022-12-08 00:00:00-05:00,333.4100036621094,335.6499938964844,332.19000244140625,333.5,310.46661376953125,1039500,0.0,0.0
2022-12-09 00:00:00-05:00,333.2200012207031,336.30999755859375,332.0799865722656,332.1199951171875,309.1819763183594,1323600,0.0,0.0
2022-12-12 00:00:00-05:00,332.2900085449219,339.510009765625,332.2900085449219,339.29998779296875,315.86602783203125,1566500,0.0,0.0
2022-12-13 00:00:00-05:00,340.0,340.1099853515625,330.07000732421875,330.25,307.441162109375,2003900,0.0,0.0
2022-12-14 00:00:00-05:00,332.489990234375,336.0,330.6700134277344,334.67999267578125,311.5651550292969,1217900,0.0,0.0
2022-12-15 00:00:00-05:00,332.489990234375,334.0,329.3500061035156,331.45001220703125,308.5582275390625,2013400,0.0,0.0
2022-12-16 00:00:00-05:00,327.95001220703125,329.6099853515625,321.6000061035156,327.2900085449219,304.68548583984375,3188400,0.0,0.0
2022-12-19 00:00:00-05:00,327.79998779296875,331.9599914550781,326.7200012207031,330.7799987792969,307.9344787597656,1041400,0.0,0.0
2022-12-20 00:00:00-05:00,330.6199951171875,333.4800109863281,329.3699951171875,329.5400085449219,306.78009033203125,983600,0.0,0.0
2022-12-21 00:00:00-05:00,332.20001220703125,333.7699890136719,327.3800048828125,333.1600036621094,310.15008544921875,1283200,0.0,0.0
2022-12-22 00:00:00-05:00,333.2300109863281,334.54998779296875,329.6499938964844,333.2799987792969,310.2618408203125,888500,0.0,0.0
2022-12-23 00:00:00-05:00,333.2799987792969,335.80999755859375,331.760009765625,334.30999755859375,311.2206726074219,618900,0.0,0.0
2022-12-27 00:00:00-05:00,335.3999938964844,335.8599853515625,333.20001220703125,334.1000061035156,311.025146484375,563600,0.0,0.0
2022-12-28 00:00:00-05:00,335.010009765625,336.0,331.489990234375,331.8500061035156,308.9305725097656,553500,0.0,0.0
2022-12-29 00:00:00-05:00,333.739990234375,334.04998779296875,330.3900146484375,330.7200012207031,307.8786315917969,583500,0.0,0.0
2022-12-30 00:00:00-05:00,330.70001220703125,331.82000732421875,327.3699951171875,331.3399963378906,308.4557800292969,699700,0.0,0.0
2023-01-03 00:00:00-05:00,327.3599853515625,327.9100036621094,318.0400085449219,321.4800109863281,299.2767639160156,1560400,0.0,0.0
2023-01-04 00:00:00-05:00,321.07000732421875,322.2300109863281,307.1199951171875,310.29998779296875,288.8689270019531,2482800,0.0,0.0
2023-01-05 00:00:00-05:00,308.92999267578125,309.1199951171875,303.29998779296875,304.19000244140625,283.1808776855469,1949800,0.0,0.0
2023-01-06 00:00:00-05:00,305.3599853515625,305.3599853515625,299.510009765625,302.67999267578125,281.77520751953125,3554000,0.0,0.0
2023-01-09 00:00:00-05:00,302.75,304.6300048828125,299.489990234375,303.0400085449219,282.1103820800781,2531400,0.0,0.0
2023-01-10 00:00:00-05:00,303.4200134277344,306.94000244140625,302.260009765625,303.7900085449219,282.8085632324219,1393300,0.0,0.0
2023-01-11 00:00:00-05:00,303.45001220703125,311.2699890136719,303.260009765625,309.2300109863281,287.8728942871094,1608300,0.0,0.0
2023-01-12 00:00:00-05:00,308.5799865722656,311.989990234375,306.82000732421875,310.2200012207031,288.79443359375,1278600,0.0,0.0
2023-01-13 00:00:00-05:00,309.4700012207031,317.44000244140625,309.4700012207031,314.2099914550781,292.5088806152344,1524900,0.0,0.0
2023-01-17 00:00:00-05:00,314.7799987792969,318.20001220703125,313.70001220703125,315.0,293.24432373046875,1813000,0.0,0.0
2023-01-18 00:00:00-05:00,314.42999267578125,316.260009765625,307.9599914550781,308.3599853515625,287.06292724609375,1106000,0.0,0.0
2023-01-19 00:00:00-05:00,309.5,313.75,309.239990234375,310.6600036621094,289.2041015625,1207600,0.0,0.0
2023-01-20 00:00:00-05:00,310.69000244140625,312.3399963378906,306.010009765625,308.3599853515625,287.06292724609375,1118300,0.0,0.0
2023-01-23 00:00:00-05:00,308.3699951171875,312.44000244140625,307.6099853515625,308.1700134277344,286.8860778808594,1482000,0.0,0.0
2023-01-24 00:00:00-05:00,308.5400085449219,309.07000732421875,303.8399963378906,308.989990234375,287.6493835449219,1296700,0.0,0.0
2023-01-25 00:00:00-05:00,309.0,315.3999938964844,307.4700012207031,313.5899963378906,291.93170166015625,1193300,0.0,0.0
2023-01-26 00:00:00-05:00,314.1499938964844,315.42999267578125,311.6000061035156,313.20001220703125,291.56866455078125,1051100,0.0,0.0
2023-01-27 00:00:00-05:00,313.20001220703125,314.32000732421875,307.5899963378906,308.29998779296875,287.007080078125,1217000,0.0,0.0
2023-01-30 00:00:00-05:00,309.7900085449219,311.8500061035156,308.6400146484375,310.3599853515625,288.9247131347656,1551200,0.0,0.0
2023-01-31 00:00:00-05:00,313.25,317.010009765625,311.2300109863281,316.6700134277344,294.79901123046875,1583500,0.0,0.0
2023-02-01 00:00:00-05:00,315.0,316.1499938964844,311.2699890136719,313.2799987792969,291.6430969238281,1253700,0.0,0.0
2023-02-02 00:00:00-05:00,310.0,310.1600036621094,299.44000244140625,301.5299987792969,280.70458984375,2146000,0.0,0.0
2023-02-03 00:00:00-05:00,304.3800048828125,309.75,291.3500061035156,292.5899963378906,272.3820495605469,2842000,0.0,0.0
2023-02-06 00:00:00-05:00,293.82000732421875,294.75,286.6099853515625,288.44000244140625,268.51873779296875,2245600,0.0,0.0
2023-02-07 00:00:00-05:00,286.9800109863281,289.70001220703125,284.2699890136719,289.0,269.0400085449219,2078500,0.0,0.0
2023-02-08 00:00:00-05:00,287.95001220703125,292.6000061035156,286.5,290.20001220703125,270.1571960449219,2000200,0.0,0.0
2023-02-09 00:00:00-05:00,290.20001220703125,293.1700134277344,287.6000061035156,291.510009765625,271.3766784667969,1781200,0.0,0.0
2023-02-10 00:00:00-05:00,293.6099853515625,296.7799987792969,292.82000732421875,296.510009765625,276.0313415527344,1267600,0.0,0.0
2023-02-13 00:00:00-05:00,296.1600036621094,300.6199951171875,295.45001220703125,298.55999755859375,277.93975830078125,1232500,0.0,0.0
2023-02-14 00:00:00-05:00,298.6000061035156,302.0899963378906,298.3699951171875,299.3599853515625,278.68450927734375,1347500,0.0,0.0
2023-02-15 00:00:00-05:00,298.8399963378906,303.8800048828125,298.260009765625,298.5799865722656,277.9584045410156,1760200,0.0,0.0
2023-02-16 00:00:00-05:00,297.29998779296875,302.79998779296875,296.92999267578125,299.42999267578125,278.7496643066406,1525500,0.0,0.0
2023-02-17 00:00:00-05:00,299.1400146484375,302.70001220703125,298.010009765625,301.05999755859375,280.26708984375,2116900,0.0,0.0
2023-02-21 00:00:00-05:00,300.3299865722656,301.32000732421875,293.6600036621094,293.9800109863281,273.6761169433594,1191900,0.0,0.0
2023-02-22 00:00:00-05:00,294.3900146484375,296.45001220703125,292.7699890136719,294.9200134277344,274.5511779785156,1865300,0.0,0.0
2023-02-23 00:00:00-05:00,295.4700012207031,299.8399963378906,293.6199951171875,294.6499938964844,274.29986572265625,2163300,0.0,0.0
2023-02-24 00:00:00-05:00,293.30999755859375,296.3500061035156,292.19000244140625,293.7300109863281,273.443359375,1473800,0.0,0.0
2023-02-27 00:00:00-05:00,294.05999755859375,298.4700012207031,293.70001220703125,296.3599853515625,275.8916931152344,1275200,0.0,0.0
2023-02-28 00:00:00-05:00,295.7900085449219,296.5,290.3800048828125,292.1000061035156,271.92596435546875,1753500,0.0,0.0
2023-03-01 00:00:00-05:00,288.9200134277344,292.0,286.8800048828125,288.75,268.8072814941406,1557000,0.0,0.0
2023-03-02 00:00:00-05:00,289.0,290.4599914550781,286.94000244140625,287.5899963378906,267.7274169921875,1498700,0.0,0.0
2023-03-03 00:00:00-05:00,289.1099853515625,289.20001220703125,284.75,286.9700012207031,267.1502380371094,2179000,0.0,0.0
2023-03-06 00:00:00-05:00,286.3299865722656,289.19000244140625,284.3999938964844,288.4700012207031,268.5466613769531,1316300,0.0,0.0
2023-03-07 00:00:00-05:00,288.42999267578125,288.70001220703125,279.67999267578125,281.7200012207031,263.3858642578125,1234600,1.23,0.0
2023-03-08 00:00:00-05:00,281.67999267578125,283.6300048828125,277.32000732421875,279.32000732421875,261.1419982910156,1317800,0.0,0.0
2023-03-09 00:00:00-05:00,281.19000244140625,281.3999938964844,270.9100036621094,271.92999267578125,254.2329864501953,1807200,0.0,0.0
2023-03-10 00:00:00-05:00,271.6700134277344,280.1300048828125,271.6600036621094,275.6400146484375,257.7015686035156,2599900,0.0,0.0
2023-03-13 00:00:00-04:00,272.9700012207031,277.2200012207031,272.6600036621094,273.04998779296875,255.2801513671875,1404300,0.0,0.0
2023-03-14 00:00:00-04:00,273.9599914550781,274.7699890136719,268.4599914550781,272.1300048828125,254.41998291015625,1731200,0.0,0.0
2023-03-15 00:00:00-04:00,268.92999267578125,270.69000244140625,267.1700134277344,270.3599853515625,252.76512145996094,1585000,0.0,0.0
2023-03-16 00:00:00-04:00,269.4200134277344,274.92999267578125,268.8900146484375,274.42999267578125,256.5702819824219,1473000,0.0,0.0
2023-03-17 00:00:00-04:00,274.8500061035156,274.8500061035156,267.1700134277344,269.45001220703125,251.9143524169922,3738100,0.0,0.0
2023-03-20 00:00:00-04:00,270.32000732421875,274.5,270.32000732421875,272.8999938964844,255.13983154296875,1626400,0.0,0.0
2023-03-21 00:00:00-04:00,274.7300109863281,277.5799865722656,274.1300048828125,276.6199951171875,258.6177978515625,1704900,0.0,0.0
2023-03-22 00:00:00-04:00,277.5400085449219,279.4700012207031,270.25,270.44000244140625,252.83993530273438,1183900,0.0,0.0
2023-03-23 00:00:00-04:00,267.92999267578125,269.010009765625,255.25999450683594,256.5799865722656,239.8819580078125,3386100,0.0,0.0
2023-03-24 00:00:00-04:00,254.99000549316406,261.04998779296875,251.74000549316406,260.2099914550781,243.2757110595703,2216500,0.0,0.0
2023-03-27 00:00:00-04:00,263.5899963378906,265.7900085449219,259.8500061035156,261.7799987792969,244.7435760498047,1666800,0.0,0.0
2023-03-28 00:00:00-04:00,261.4100036621094,262.4800109863281,255.25999450683594,256.5,239.80718994140625,2127500,0.0,0.0
2023-03-29 00:00:00-04:00,256.7799987792969,257.3599853515625,252.0,254.02999877929688,237.49789428710938,3023100,0.0,0.0
2023-03-30 00:00:00-04:00,256.3399963378906,256.9700012207031,250.61000061035156,254.08999633789062,237.55401611328125,2834000,0.0,0.0
2023-03-31 00:00:00-04:00,255.74000549316406,256.0,253.41000366210938,255.52999877929688,238.90029907226562,1876900,0.0,0.0
2023-04-03 00:00:00-04:00,259.739990234375,264.3500061035156,258.17999267578125,262.0,244.94923400878906,2168700,0.0,0.0
2023-04-04 00:00:00-04:00,261.0199890136719,261.82000732421875,256.1099853515625,256.5400085449219,239.84457397460938,1417400,0.0,0.0
2023-04-05 00:00:00-04:00,258.70001220703125,266.9800109863281,257.1499938964844,265.8800048828125,248.5767364501953,2695800,0.0,0.0
2023-04-06 00:00:00-04:00,267.7300109863281,269.260009765625,264.54998779296875,265.2900085449219,248.02511596679688,1709000,0.0,0.0
2023-04-10 00:00:00-04:00,264.3399963378906,264.9800109863281,261.2200012207031,263.1000061035156,245.97764587402344,1199000,0.0,0.0
2023-04-11 00:00:00-04:00,265.19000244140625,267.8299865722656,263.67999267578125,266.4800109863281,249.1376953125,1496100,0.0,0.0
2023-04-12 00:00:00-04:00,264.5400085449219,264.6700134277344,258.5799865722656,260.7699890136719,243.79931640625,2293400,0.0,0.0
2023-04-13 00:00:00-04:00,261.8399963378906,265.9599914550781,260.7200012207031,263.80999755859375,246.6414031982422,2994400,0.0,0.0
2023-04-14 00:00:00-04:00,264.1499938964844,264.8900146484375,258.7099914550781,259.1000061035156,242.23794555664062,2823900,0.0,0.0
2023-04-17 00:00:00-04:00,260.0,260.5799865722656,256.3399963378906,258.6700134277344,241.83596801757812,2468200,0.0,0.0
2023-04-18 00:00:00-04:00,260.0,260.2799987792969,257.04998779296875,259.69000244140625,242.78956604003906,1367500,0.0,0.0
2023-04-19 00:00:00-04:00,256.3399963378906,256.55999755859375,251.1999969482422,256.1000061035156,239.43321228027344,1960200,0.0,0.0
2023-04-20 00:00:00-04:00,256.4599914550781,257.6499938964844,255.47999572753906,255.77999877929688,239.134033203125,1822500,0.0,0.0
2023-04-21 00:00:00-04:00,256.5,256.7099914550781,250.82000732421875,252.1199951171875,235.7122039794922,1449500,0.0,0.0
2023-04-24 00:00:00-04:00,253.50999450683594,256.6000061035156,252.1199951171875,256.1000061035156,239.43321228027344,1208700,0.0,0.0
2023-04-25 00:00:00-04:00,256.1099853515625,258.6000061035156,252.57000732421875,253.7100067138672,237.19876098632812,1606800,0.0,0.0
2023-04-26 00:00:00-04:00,252.14999389648438,253.97999572753906,247.02999877929688,248.1699981689453,232.01927185058594,1339100,0.0,0.0
2023-04-27 00:00:00-04:00,249.44000244140625,251.10000610351562,247.7899932861328,250.3300018310547,234.0387420654297,1138700,0.0,0.0
2023-04-28 00:00:00-04:00,249.6199951171875,253.82000732421875,249.22000122070312,253.2899932861328,236.80604553222656,1111900,0.0,0.0
2023-05-01 00:00:00-04:00,253.2899932861328,256.7699890136719,252.0,254.89999389648438,238.31130981445312,1133500,0.0,0.0
2023-05-02 00:00:00-04:00,252.99000549316406,254.4499969482422,247.63999938964844,250.4199981689453,234.12286376953125,1370700,0.0,0.0
2023-05-03 00:00:00-04:00,250.3000030517578,250.97999572753906,245.16000366210938,246.0,229.99050903320312,1540200,0.0,0.0
2023-05-04 00:00:00-04:00,243.58999633789062,244.50999450683594,241.05999755859375,243.69000244140625,227.8308563232422,1564000,0.0,0.0
2023-05-05 00:00:00-04:00,252.17999267578125,264.20001220703125,252.0,260.739990234375,243.77120971679688,3767900,0.0,0.0
2023-05-08 00:00:00-04:00,259.05999755859375,266.19000244140625,257.510009765625,264.69000244140625,247.46417236328125,2357900,0.0,0.0
2023-05-09 00:00:00-04:00,265.0799865722656,269.3599853515625,262.6300048828125,262.7900085449219,245.68780517578125,2177700,0.0,0.0
2023-05-10 00:00:00-04:00,265.4100036621094,268.6400146484375,262.510009765625,263.45001220703125,246.3048858642578,2772500,0.0,0.0
2023-05-11 00:00:00-04:00,262.6400146484375,262.9800109863281,258.70001220703125,260.0,243.0794219970703,1964300,0.0,0.0
2023-05-12 00:00:00-04:00,261.0799865722656,261.0799865722656,255.27000427246094,256.57000732421875,239.8726348876953,1161300,0.0,0.0
2023-05-15 00:00:00-04:00,256.42999267578125,258.8800048828125,253.55999755859375,258.0,241.20953369140625,1979500,0.0,0.0
2023-05-16 00:00:00-04:00,258.8699951171875,260.05999755859375,255.27999877929688,255.47999572753906,238.8535614013672,1601300,0.0,0.0
2023-05-17 00:00:00-04:00,255.7100067138672,263.5,254.3699951171875,263.2200012207031,246.08982849121094,1639100,0.0,0.0
2023-05-18 00:00:00-04:00,260.9200134277344,260.9200134277344,253.60000610351562,256.489990234375,239.7978057861328,1718800,0.0,0.0
2023-05-19 00:00:00-04:00,257.260009765625,258.9200134277344,254.41000366210938,255.1300048828125,238.52633666992188,1079500,0.0,0.0
2023-05-22 00:00:00-04:00,256.55999755859375,257.6300048828125,251.8300018310547,255.52000427246094,238.89093017578125,1025500,0.0,0.0
2023-05-23 00:00:00-04:00,254.4600067138672,254.9199981689453,251.75999450683594,251.9199981689453,235.5252227783203,963900,0.0,0.0
2023-05-24 00:00:00-04:00,252.3800048828125,253.0500030517578,249.66000366210938,249.75999450683594,233.50582885742188,1013300,0.0,0.0
2023-05-25 00:00:00-04:00,247.86000061035156,248.83999633789062,243.44000244140625,247.07000732421875,230.99087524414062,1323200,0.0,0.0
2023-05-26 00:00:00-04:00,246.77999877929688,248.6300048828125,242.89999389648438,244.10000610351562,228.21412658691406,1683200,0.0,0.0
2023-05-30 00:00:00-04:00,241.5500030517578,245.57000732421875,240.5,242.63999938964844,226.84915161132812,1475400,0.0,0.0
2023-05-31 00:00:00-04:00,241.83999633789062,248.02999877929688,241.83999633789062,247.41000366210938,231.30873107910156,4134900,0.0,0.0
2023-06-01 00:00:00-04:00,248.86000061035156,255.99000549316406,248.86000061035156,253.38999938964844,236.89956665039062,1966500,0.0,0.0
2023-06-02 00:00:00-04:00,255.3800048828125,258.4800109863281,253.50999450683594,257.0299987792969,240.30267333984375,1282800,0.0,0.0
2023-06-05 00:00:00-04:00,257.55999755859375,263.29998779296875,257.55999755859375,262.739990234375,245.64108276367188,1882100,0.0,0.0
2023-06-06 00:00:00-04:00,267.0,269.8800048828125,259.2300109863281,263.20001220703125,247.22848510742188,1606600,1.23,0.0
2023-06-07 00:00:00-04:00,261.989990234375,262.54998779296875,255.24000549316406,261.7900085449219,245.90411376953125,1440100,0.0,0.0
2023-06-08 00:00:00-04:00,262.2300109863281,266.2900085449219,261.04998779296875,264.510009765625,248.45901489257812,1285600,0.0,0.0
2023-06-09 00:00:00-04:00,264.0,267.82000732421875,262.6300048828125,265.8800048828125,249.7458953857422,1275400,0.0,0.0
2023-06-12 00:00:00-04:00,265.3399963378906,268.3299865722656,265.3399963378906,266.989990234375,250.7884979248047,1167800,0.0,0.0
2023-06-13 00:00:00-04:00,267.3500061035156,272.82000732421875,266.3399963378906,272.25,255.7292938232422,1837900,0.0,0.0
2023-06-14 00:00:00-04:00,260.0799865722656,266.010009765625,255.5,263.7699890136719,247.76393127441406,3507500,0.0,0.0
2023-06-15 00:00:00-04:00,266.2900085449219,274.04998779296875,265.75,269.489990234375,253.1368408203125,2514100,0.0,0.0
2023-06-16 00:00:00-04:00,271.80999755859375,272.80999755859375,266.8500061035156,268.8299865722656,252.516845703125,2896200,0.0,0.0
2023-06-20 00:00:00-04:00,268.8500061035156,272.010009765625,267.260009765625,270.04998779296875,253.66282653808594,1347100,0.0,0.0
2023-06-21 00:00:00-04:00,269.9100036621094,276.25,269.57000732421875,273.8299865722656,257.2135314941406,1825200,0.0,0.0
2023-06-22 00:00:00-04:00,274.3500061035156,276.19000244140625,272.0400085449219,275.3299865722656,258.6224060058594,1300200,0.0,0.0
2023-06-23 00:00:00-04:00,275.4100036621094,276.6199951171875,273.6099853515625,274.8500061035156,258.171630859375,2060300,0.0,0.0
2023-06-26 00:00:00-04:00,275.4100036621094,278.6600036621094,274.010009765625,276.4100036621094,259.6368713378906,1396100,0.0,0.0
2023-06-27 00:00:00-04:00,273.2200012207031,276.44000244140625,273.1300048828125,275.79998779296875,259.06396484375,1168900,0.0,0.0
2023-06-28 00:00:00-04:00,275.67999267578125,276.05999755859375,273.0899963378906,274.739990234375,258.0682678222656,803800,0.0,0.0
2023-06-29 00:00:00-04:00,275.1300048828125,278.5299987792969,273.3999938964844,277.25,260.4259338378906,1164500,0.0,0.0
2023-06-30 00:00:00-04:00,277.6400146484375,282.1000061035156,276.4599914550781,280.6000061035156,263.5726318359375,1525000,0.0,0.0
2023-07-03 00:00:00-04:00,278.95001220703125,280.92999267578125,277.6700134277344,280.3299865722656,263.3190002441406,627700,0.0,0.0
2023-07-05 00:00:00-04:00,279.9100036621094,282.3699951171875,278.6000061035156,280.75,263.71356201171875,1279500,0.0,0.0
2023-07-06 00:00:00-04:00,279.7799987792969,281.3399963378906,277.739990234375,279.0,262.0697937011719,1794900,0.0,0.0
2023-07-07 00:00:00-04:00,277.6600036621094,280.3900146484375,276.7200012207031,277.1199951171875,260.3038024902344,999700,0.0,0.0
2023-07-10 00:00:00-04:00,277.6099853515625,280.7799987792969,275.6300048828125,278.3399963378906,261.4498291015625,994700,0.0,0.0
2023-07-11 00:00:00-04:00,279.3500061035156,282.3500061035156,278.4100036621094,281.739990234375,264.6434326171875,934300,0.0,0.0
2023-07-12 00:00:00-04:00,277.5,278.0,268.510009765625,268.69000244140625,252.38536071777344,2350800,0.0,0.0
2023-07-13 00:00:00-04:00,269.1300048828125,271.9800109863281,267.510009765625,270.05999755859375,253.67222595214844,1940900,0.0,0.0
2023-07-14 00:00:00-04:00,277.94000244140625,284.8999938964844,277.94000244140625,282.760009765625,265.6016540527344,2063800,0.0,0.0
2023-07-17 00:00:00-04:00,281.1400146484375,283.82000732421875,279.7099914550781,281.1600036621094,264.0986633300781,1154800,0.0,0.0
2023-07-18 00:00:00-04:00,283.75,288.0,281.010009765625,284.82000732421875,267.53662109375,1301900,0.0,0.0
2023-07-19 00:00:00-04:00,295.2099914550781,297.4200134277344,291.0799865722656,292.6600036621094,274.9008483886719,2197400,0.0,0.0
2023-07-20 00:00:00-04:00,293.17999267578125,295.1000061035156,289.010009765625,294.2200012207031,276.3660888671875,1516800,0.0,0.0
2023-07-21 00:00:00-04:00,294.6300048828125,296.8299865722656,293.0199890136719,293.7699890136719,275.9434509277344,1497100,0.0,0.0
2023-07-24 00:00:00-04:00,293.07000732421875,294.57000732421875,290.4100036621094,292.05999755859375,274.3372497558594,1638200,0.0,0.0
2023-07-25 00:00:00-04:00,291.75,295.3399963378906,290.0299987792969,294.69000244140625,276.8076477050781,1291500,0.0,0.0
2023-07-26 00:00:00-04:00,294.4599914550781,295.54998779296875,289.739990234375,290.69000244140625,273.0504150390625,1416100,0.0,0.0
2023-07-27 00:00:00-04:00,291.45001220703125,293.4800109863281,290.45001220703125,292.75,274.98541259765625,1283400,0.0,0.0
2023-07-28 00:00:00-04:00,293.25,293.25,284.92999267578125,292.1000061035156,274.37481689453125,1397400,0.0,0.0
2023-07-31 00:00:00-04:00,292.8399963378906,295.4800109863281,290.05999755859375,295.1000061035156,277.1927490234375,1245100,0.0,0.0
2023-08-01 00:00:00-04:00,295.7900085449219,297.989990234375,294.2900085449219,295.6400146484375,277.7000427246094,1498100,0.0,0.0
2023-08-02 00:00:00-04:00,299.2300109863281,303.3299865722656,297.80999755859375,299.3999938964844,281.2317810058594,2039700,0.0,0.0
2023-08-03 00:00:00-04:00,292.6199951171875,293.29998779296875,281.8900146484375,287.6400146484375,270.1853942871094,2410900,0.0,0.0
2023-08-04 00:00:00-04:00,287.75,290.44000244140625,285.69000244140625,286.5799865722656,269.18975830078125,1213200,0.0,0.0
2023-08-07 00:00:00-04:00,287.1099853515625,291.8900146484375,287.1099853515625,291.82000732421875,274.11181640625,1142100,0.0,0.0
2023-08-08 00:00:00-04:00,290.44000244140625,294.0,288.2699890136719,292.1499938964844,274.4217529296875,1152900,0.0,0.0
2023-08-09 00:00:00-04:00,290.70001220703125,291.4200134277344,287.9800109863281,288.3299865722656,270.8335876464844,899800,0.0,0.0
2023-08-10 00:00:00-04:00,290.0,292.92999267578125,288.010009765625,288.9100036621094,271.3784484863281,1074700,0.0,0.0
2023-08-11 00:00:00-04:00,288.4700012207031,290.7799987792969,287.6499938964844,289.510009765625,271.9419860839844,947900,0.0,0.0
2023-08-14 00:00:00-04:00,289.1400146484375,292.0299987792969,289.04998779296875,289.8399963378906,272.25201416015625,825100,0.0,0.0
2023-08-15 00:00:00-04:00,288.32000732421875,290.45001220703125,287.69000244140625,289.2900085449219,271.7353210449219,869700,0.0,0.0
2023-08-16 00:00:00-04:00,288.9100036621094,292.5199890136719,288.7900085449219,288.9599914550781,271.42535400390625,993400,0.0,0.0
2023-08-17 00:00:00-04:00,269.9700012207031,277.8500061035156,265.55999755859375,270.5299987792969,254.11370849609375,4554900,0.0,0.0
2023-08-18 00:00:00-04:00,270.6600036621094,276.29998779296875,270.5,276.010009765625,259.26116943359375,2103700,0.0,0.0
2023-08-21 00:00:00-04:00,276.8599853515625,281.5899963378906,276.010009765625,281.260009765625,264.1926574707031,1345200,0.0,0.0
2023-08-22 00:00:00-04:00,280.79998779296875,282.57000732421875,279.5400085449219,280.07000732421875,263.0747985839844,1044200,0.0,0.0
2023-08-23 00:00:00-04:00,280.8999938964844,282.8599853515625,280.44000244140625,281.8299865722656,264.72802734375,1203300,0.0,0.0
2023-08-24 00:00:00-04:00,281.3699951171875,284.6400146484375,280.3800048828125,282.3800048828125,265.2446594238281,1340800,0.0,0.0
2023-08-25 00:00:00-04:00,283.3500061035156,284.6199951171875,279.0199890136719,279.2300109863281,262.28582763671875,1209400,0.0,0.0
2023-08-28 00:00:00-04:00,280.5899963378906,282.6199951171875,280.25,281.54998779296875,264.46502685546875,531900,0.0,0.0
2023-08-29 00:00:00-04:00,282.2200012207031,283.94000244140625,279.0,281.6400146484375,264.5495910644531,1117400,0.0,0.0
2023-08-30 00:00:00-04:00,282.94000244140625,284.54998779296875,282.010009765625,282.6700134277344,265.51702880859375,744800,0.0,0.0
2023-08-31 00:00:00-04:00,282.6499938964844,282.989990234375,276.1300048828125,276.260009765625,259.49603271484375,1747500,0.0,0.0
2023-09-01 00:00:00-04:00,277.80999755859375,280.1199951171875,276.1700134277344,276.6700134277344,259.8811340332031,1118600,0.0,0.0
2023-09-05 00:00:00-04:00,276.45001220703125,280.989990234375,276.1499938964844,278.75,263.004150390625,1236300,1.23,0.0
2023-09-06 00:00:00-04:00,277.29998779296875,278.1499938964844,274.8999938964844,275.6300048828125,260.0604553222656,1004100,0.0,0.0
2023-09-07 00:00:00-04:00,276.7300109863281,282.82000732421875,275.92999267578125,281.2900085449219,265.4006652832031,1029500,0.0,0.0
2023-09-08 00:00:00-04:00,280.4700012207031,284.19000244140625,279.3800048828125,281.4800109863281,265.5799560546875,1065200,0.0,0.0
2023-09-11 00:00:00-04:00,282.010009765625,287.2699890136719,280.9100036621094,284.82000732421875,268.7313232421875,1191800,0.0,0.0
2023-09-12 00:00:00-04:00,283.3399963378906,288.3900146484375,281.0,286.5299987792969,270.34466552734375,970900,0.0,0.0
2023-09-13 00:00:00-04:00,287.4100036621094,287.82000732421875,282.5,285.2099914550781,269.0992431640625,1177900,0.0,0.0
2023-09-14 00:00:00-04:00,287.5799865722656,288.8299865722656,281.80999755859375,283.30999755859375,267.30657958984375,892700,0.0,0.0
2023-09-15 00:00:00-04:00,283.0799865722656,287.32000732421875,282.1099853515625,283.2200012207031,267.22161865234375,1595000,0.0,0.0
2023-09-18 00:00:00-04:00,285.0,286.20001220703125,282.82000732421875,285.3399963378906,269.2218933105469,626300,0.0,0.0
2023-09-19 00:00:00-04:00,284.6600036621094,286.6300048828125,283.55999755859375,284.6400146484375,268.56146240234375,735700,0.0,0.0
2023-09-20 00:00:00-04:00,285.80999755859375,288.8999938964844,284.2900085449219,287.3299865722656,271.0995178222656,768000,0.0,0.0
2023-09-21 00:00:00-04:00,287.29998779296875,292.4800109863281,286.0899963378906,290.8399963378906,274.4112243652344,1696000,0.0,0.0
2023-09-22 00:00:00-04:00,289.3699951171875,292.19000244140625,288.79998779296875,289.44000244140625,273.09033203125,1170900,0.0,0.0
2023-09-25 00:00:00-04:00,289.44000244140625,294.3599853515625,289.19000244140625,294.3399963378906,277.7135009765625,806600,0.0,0.0
2023-09-26 00:00:00-04:00,293.70001220703125,293.80999755859375,287.9700012207031,288.4700012207031,272.175048828125,1051400,0.0,0.0
2023-09-27 00:00:00-04:00,289.1499938964844,291.260009765625,286.20001220703125,288.6099853515625,272.30718994140625,1217600,0.0,0.0
2023-09-28 00:00:00-04:00,289.4100036621094,293.55999755859375,289.4100036621094,290.32000732421875,273.92059326171875,1016900,0.0,0.0
2023-09-29 00:00:00-04:00,288.3299865722656,288.8699951171875,285.2699890136719,286.07000732421875,269.9106750488281,1358500,0.0,0.0
2023-10-02 00:00:00-04:00,285.7099914550781,288.17999267578125,283.57000732421875,287.5400085449219,271.2976379394531,978600,0.0,0.0
2023-10-03 00:00:00-04:00,286.1099853515625,286.8900146484375,283.75,284.4100036621094,268.344482421875,989100,0.0,0.0
2023-10-04 00:00:00-04:00,284.3500061035156,285.55999755859375,281.70001220703125,285.0799865722656,268.9765625,992900,0.0,0.0
2023-10-05 00:00:00-04:00,285.29998779296875,288.05999755859375,283.04998779296875,285.3500061035156,269.23138427734375,1095400,0.0,0.0
2023-10-06 00:00:00-04:00,285.9200134277344,289.30999755859375,285.1199951171875,288.2300109863281,271.94866943359375,1051200,0.0,0.0
2023-10-09 00:00:00-04:00,287.17999267578125,290.3500061035156,286.989990234375,289.6700134277344,273.3073425292969,762100,0.0,0.0
2023-10-10 00:00:00-04:00,289.2200012207031,292.4200134277344,288.32000732421875,291.760009765625,275.27923583984375,1070800,0.0,0.0
2023-10-11 00:00:00-04:00,291.17999267578125,294.7699890136719,289.82000732421875,294.45001220703125,277.8172912597656,1220600,0.0,0.0
2023-10-12 00:00:00-04:00,295.0,298.30999755859375,292.3599853515625,295.79998779296875,279.09100341796875,1527600,0.0,0.0
2023-10-13 00:00:00-04:00,299.8999938964844,307.30999755859375,299.8999938964844,305.0899963378906,287.85626220703125,2387900,0.0,0.0
2023-10-16 00:00:00-04:00,306.989990234375,312.7099914550781,305.9700012207031,312.1300048828125,294.4986267089844,2283000,0.0,0.0
2023-10-17 00:00:00-04:00,314.0,316.1400146484375,309.80999755859375,310.6000061035156,293.0550231933594,1183400,0.0,0.0
2023-10-18 00:00:00-04:00,313.57000732421875,315.0,309.8999938964844,311.94000244140625,294.3193359375,1049400,0.0,0.0
2023-10-19 00:00:00-04:00,311.2900085449219,313.5400085449219,306.8299865722656,310.1700134277344,292.6493225097656,1190400,0.0,0.0
2023-10-20 00:00:00-04:00,310.44000244140625,312.0199890136719,306.0400085449219,306.7799987792969,289.4508361816406,1263100,0.0,0.0
2023-10-23 00:00:00-04:00,306.4100036621094,306.70001220703125,300.17999267578125,301.04998779296875,284.0444641113281,1595100,0.0,0.0
2023-10-24 00:00:00-04:00,303.1000061035156,307.79998779296875,302.510009765625,304.6400146484375,287.43170166015625,864400,0.0,0.0
2023-10-25 00:00:00-04:00,305.1400146484375,305.6600036621094,300.4100036621094,303.8900146484375,286.7240905761719,1144600,0.0,0.0
2023-10-26 00:00:00-04:00,302.0799865722656,305.7300109863281,301.6000061035156,304.2200012207031,287.03546142578125,968900,0.0,0.0
2023-10-27 00:00:00-04:00,303.239990234375,304.2099914550781,301.3900146484375,303.239990234375,286.1107482910156,1269800,0.0,0.0
2023-10-30 00:00:00-04:00,303.9700012207031,306.4599914550781,301.7799987792969,305.2200012207031,287.9789733886719,1725200,0.0,0.0
2023-10-31 00:00:00-04:00,307.20001220703125,310.0899963378906,306.1499938964844,309.20001220703125,291.734130859375,1592500,0.0,0.0
2023-11-01 00:00:00-04:00,307.75,311.8399963378906,305.6499938964844,309.4100036621094,291.9322814941406,1755300,0.0,0.0
2023-11-02 00:00:00-04:00,306.30999755859375,319.9200134277344,306.30999755859375,318.8900146484375,300.87677001953125,2231400,0.0,0.0
2023-11-03 00:00:00-04:00,317.7099914550781,319.25,310.4800109863281,310.6499938964844,293.1022033691406,1580400,0.0,0.0
2023-11-06 00:00:00-05:00,311.19000244140625,315.3399963378906,302.2300109863281,306.8399963378906,289.50738525390625,2272600,0.0,0.0
2023-11-07 00:00:00-05:00,307.7099914550781,307.79998779296875,293.29998779296875,295.0299987792969,278.36456298828125,3558000,0.0,0.0
2023-11-08 00:00:00-05:00,296.4800109863281,298.67999267578125,293.9100036621094,295.3500061035156,278.6664733886719,1565700,0.0,0.0
2023-11-09 00:00:00-05:00,295.54998779296875,296.8399963378906,288.510009765625,288.9100036621094,272.5902404785156,1389700,0.0,0.0
2023-11-10 00:00:00-05:00,289.239990234375,294.0,286.4599914550781,293.2099914550781,276.6473693847656,1224600,0.0,0.0
2023-11-13 00:00:00-05:00,293.7300109863281,295.989990234375,291.7200012207031,294.1199951171875,277.50592041015625,1002800,0.0,0.0
2023-11-14 00:00:00-05:00,293.19000244140625,294.6099853515625,285.2900085449219,290.0799865722656,273.69415283203125,2766800,0.0,0.0
2023-11-15 00:00:00-05:00,289.9599914550781,290.7900085449219,281.0400085449219,282.9800109863281,266.9952087402344,2401900,0.0,0.0
2023-11-16 00:00:00-05:00,282.6000061035156,284.5,280.1000061035156,282.239990234375,266.2969970703125,1774300,0.0,0.0
2023-11-17 00:00:00-05:00,282.9700012207031,282.9700012207031,277.05999755859375,282.55999755859375,266.59893798828125,1517200,0.0,0.0
2023-11-20 00:00:00-05:00,281.3800048828125,285.8299865722656,281.3800048828125,284.29998779296875,268.24066162109375,1394900,0.0,0.0
2023-11-21 00:00:00-05:00,285.2099914550781,286.8900146484375,280.7200012207031,286.489990234375,270.3068542480469,1274500,0.0,0.0
2023-11-22 00:00:00-05:00,286.5899963378906,289.1600036621094,285.95001220703125,288.30999755859375,272.024169921875,905900,0.0,0.0
2023-11-24 00:00:00-05:00,288.5,290.7799987792969,287.3299865722656,287.8500061035156,271.59014892578125,416200,0.0,0.0
2023-11-27 00:00:00-05:00,287.9700012207031,289.6600036621094,285.010009765625,286.260009765625,270.0899353027344,1220100,0.0,0.0
2023-11-28 00:00:00-05:00,287.0299987792969,289.0400085449219,285.3500061035156,286.0799865722656,269.92010498046875,1437000,0.0,0.0
2023-11-29 00:00:00-05:00,283.1499938964844,287.6000061035156,262.510009765625,262.8699951171875,248.0211639404297,7568700,0.0,0.0
2023-11-30 00:00:00-05:00,263.8900146484375,266.9100036621094,259.4200134277344,262.8800048828125,248.03060913085938,7046800,0.0,0.0
2023-12-01 00:00:00-05:00,263.9599914550781,273.1300048828125,263.7900085449219,269.0199890136719,253.8238067626953,3401900,0.0,0.0
2023-12-04 00:00:00-05:00,268.25,269.8800048828125,261.1000061035156,262.9100036621094,248.0589141845703,3027800,0.0,0.0
2023-12-05 00:00:00-05:00,262.2900085449219,262.7099914550781,257.1300048828125,257.7799987792969,244.36192321777344,3121000,1.23,0.0
2023-12-06 00:00:00-05:00,258.70001220703125,259.989990234375,255.77000427246094,257.489990234375,244.08700561523438,2035000,0.0,0.0
2023-12-07 00:00:00-05:00,257.54998779296875,258.5,255.8300018310547,257.94000244140625,244.51361083984375,2919500,0.0,0.0
2023-12-08 00:00:00-05:00,259.4700012207031,259.70001220703125,253.9499969482422,258.79998779296875,245.3288116455078,2781400,0.0,0.0
2023-12-11 00:00:00-05:00,298.82000732421875,303.69000244140625,291.42999267578125,301.9700012207031,286.251708984375,9029500,0.0,0.0
2023-12-12 00:00:00-05:00,301.9700012207031,301.9700012207031,296.32000732421875,296.7099914550781,281.2655334472656,2933200,0.0,0.0
2023-12-13 00:00:00-05:00,296.9700012207031,298.29998779296875,293.3800048828125,297.17999267578125,281.7110900878906,2443600,0.0,0.0
2023-12-14 00:00:00-05:00,293.489990234375,300.0,290.3900146484375,298.6400146484375,283.0951232910156,2817400,0.0,0.0
2023-12-15 00:00:00-05:00,297.0199890136719,297.57000732421875,288.92999267578125,290.5,275.3788146972656,4357000,0.0,0.0
2023-12-18 00:00:00-05:00,291.489990234375,293.760009765625,288.8800048828125,292.07000732421875,276.8670349121094,1364700,0.0,0.0
2023-12-19 00:00:00-05:00,291.6499938964844,294.3999938964844,290.0899963378906,294.32000732421875,278.9999084472656,1182000,0.0,0.0
2023-12-20 00:00:00-05:00,297.0,299.3900146484375,294.55999755859375,295.8500061035156,280.4503479003906,2105500,0.0,0.0
2023-12-21 00:00:00-05:00,297.0,299.2799987792969,295.9200134277344,297.239990234375,281.7679748535156,1089700,0.0,0.0
2023-12-22 00:00:00-05:00,297.4100036621094,299.75,297.1700134277344,298.0899963378906,282.5736389160156,1167500,0.0,0.0
2023-12-26 00:00:00-05:00,297.239990234375,300.8500061035156,296.0799865722656,300.1199951171875,284.4980773925781,752500,0.0,0.0
2023-12-27 00:00:00-05:00,299.7699890136719,300.9800109863281,297.95001220703125,299.1400146484375,283.5690612792969,992200,0.0,0.0
2023-12-28 00:00:00-05:00,299.6499938964844,301.6300048828125,299.2900085449219,299.3999938964844,283.8155212402344,825800,0.0,0.0
2023-12-29 00:00:00-05:00,300.010009765625,300.739990234375,298.0,299.45001220703125,283.8629150390625,1187000,0.0,0.0
2024-01-02 00:00:00-05:00,301.2900085449219,311.010009765625,300.32000732421875,310.1000061035156,293.95855712890625,2881800,0.0,0.0
2024-01-03 00:00:00-05:00,313.2699890136719,313.8800048828125,303.05999755859375,303.6600036621094,287.853759765625,3004600,0.0,0.0
2024-01-04 00:00:00-05:00,305.0899963378906,308.9100036621094,304.30999755859375,306.2200012207031,290.280517578125,1769800,0.0,0.0
2024-01-05 00:00:00-05:00,307.4599914550781,313.7699890136719,306.8500061035156,313.5899963378906,297.26690673828125,2341100,0.0,0.0
2024-01-08 00:00:00-05:00,314.0,314.8999938964844,308.75,313.6300048828125,297.3048095703125,1597700,0.0,0.0
2024-01-09 00:00:00-05:00,313.70001220703125,313.7799987792969,308.1499938964844,312.8699951171875,296.5843811035156,1215500,0.0,0.0
2024-01-10 00:00:00-05:00,312.3900146484375,312.3900146484375,305.8999938964844,307.7200012207031,291.7024841308594,1151700,0.0,0.0
2024-01-11 00:00:00-05:00,307.5400085449219,307.7900085449219,304.8299865722656,307.3900146484375,291.3896484375,1226800,0.0,0.0
2024-01-12 00:00:00-05:00,303.0,306.70001220703125,301.5299987792969,305.010009765625,289.133544921875,1344400,0.0,0.0
2024-01-16 00:00:00-05:00,305.5799865722656,308.3599853515625,303.0,306.94000244140625,290.9630126953125,1144000,0.0,0.0
2024-01-17 00:00:00-05:00,308.2300109863281,312.7099914550781,307.7300109863281,308.4800109863281,292.4228515625,1356500,0.0,0.0
2024-01-18 00:00:00-05:00,301.6199951171875,309.4599914550781,299.2699890136719,309.0799865722656,292.9916076660156,2249300,0.0,0.0
2024-01-19 00:00:00-05:00,309.8399963378906,311.04998779296875,301.0,302.05999755859375,286.33697509765625,1760600,0.0,0.0
2024-01-22 00:00:00-05:00,302.1600036621094,306.8900146484375,301.04998779296875,305.0299987792969,289.1524658203125,1234300,0.0,0.0
2024-01-23 00:00:00-05:00,304.95001220703125,307.8299865722656,303.25,304.3999938964844,288.55523681640625,1032500,0.0,0.0
2024-01-24 00:00:00-05:00,307.44000244140625,309.5899963378906,303.6000061035156,304.5,288.6500244140625,1697300,0.0,0.0
2024-01-25 00:00:00-05:00,297.0,301.239990234375,291.44000244140625,298.57000732421875,283.0287170410156,2464100,0.0,0.0
2024-01-26 00:00:00-05:00,299.5899963378906,301.69000244140625,297.5400085449219,297.82000732421875,282.3177795410156,1157600,0.0,0.0
2024-01-29 00:00:00-05:00,297.0,298.9800109863281,295.6000061035156,298.8800048828125,283.3226013183594,1219100,0.0,0.0
2024-01-30 00:00:00-05:00,299.7699890136719,300.9700012207031,296.9599914550781,298.95001220703125,283.3889465332031,1079800,0.0,0.0
2024-01-31 00:00:00-05:00,300.1400146484375,303.05999755859375,295.5400085449219,300.95001220703125,285.28485107421875,2463500,0.0,0.0
2024-02-01 00:00:00-05:00,303.6300048828125,309.07000732421875,301.7300109863281,307.32000732421875,291.32330322265625,2981900,0.0,0.0
2024-02-02 00:00:00-05:00,315.8399963378906,328.3699951171875,315.04998779296875,323.8399963378906,306.9833679199219,3376600,0.0,0.0
2024-02-05 00:00:00-05:00,327.3599853515625,330.80999755859375,321.0,321.2699890136719,304.547119140625,2305400,0.0,0.0
2024-02-06 00:00:00-05:00,322.0,329.2699890136719,321.5199890136719,327.5799865722656,310.5286865234375,1857900,0.0,0.0
2024-02-07 00:00:00-05:00,329.4800109863281,333.8599853515625,328.760009765625,330.54998779296875,313.34405517578125,1809800,0.0,0.0
2024-02-08 00:00:00-05:00,330.510009765625,333.5,329.9100036621094,332.2900085449219,314.9934387207031,1417000,0.0,0.0
2024-02-09 00:00:00-05:00,331.6099853515625,335.8299865722656,330.6700134277344,334.92999267578125,317.49609375,1508300,0.0,0.0
2024-02-12 00:00:00-05:00,334.5299987792969,337.8800048828125,333.1600036621094,337.25,319.6953430175781,1021100,0.0,0.0
2024-02-13 00:00:00-05:00,337.0,341.9599914550781,336.0799865722656,337.4200134277344,319.8564758300781,1140800,0.0,0.0
2024-02-14 00:00:00-05:00,338.8999938964844,340.05999755859375,335.6300048828125,338.6099853515625,320.9845275878906,1198400,0.0,0.0
2024-02-15 00:00:00-05:00,342.0,342.04998779296875,337.3999938964844,339.20001220703125,321.5438537597656,1572300,0.0,0.0
2024-02-16 00:00:00-05:00,340.17999267578125,342.739990234375,338.5400085449219,341.0899963378906,323.33544921875,1282600,0.0,0.0
2024-02-20 00:00:00-05:00,340.44000244140625,344.4200134277344,340.0400085449219,341.3500061035156,323.5818786621094,1624900,0.0,0.0
2024-02-21 00:00:00-05:00,342.0299987792969,344.3800048828125,339.7099914550781,343.3800048828125,325.5062561035156,1396200,0.0,0.0
2024-02-22 00:00:00-05:00,344.05999755859375,344.19000244140625,341.2099914550781,342.1600036621094,324.3497009277344,1373900,0.0,0.0
2024-02-23 00:00:00-05:00,343.1600036621094,345.6600036621094,341.3800048828125,344.239990234375,326.3215026855469,998800,0.0,0.0
2024-02-26 00:00:00-05:00,344.739990234375,347.1400146484375,342.1400146484375,342.30999755859375,324.4919738769531,2311200,0.0,0.0
2024-02-27 00:00:00-05:00,342.0,345.239990234375,340.54998779296875,340.739990234375,323.003662109375,1697100,0.0,0.0
2024-02-28 00:00:00-05:00,340.44000244140625,340.44000244140625,332.510009765625,335.1300048828125,317.6856994628906,1981200,0.0,0.0
2024-02-29 00:00:00-05:00,335.05999755859375,336.7200012207031,331.0199890136719,336.1400146484375,318.64312744140625,2185000,0.0,0.0
2024-03-01 00:00:00-05:00,336.0,336.0,330.7099914550781,332.9599914550781,315.6286315917969,1473100,0.0,0.0
2024-03-04 00:00:00-05:00,332.6199951171875,338.739990234375,331.7799987792969,336.79998779296875,319.2687072753906,1294100,0.0,0.0
2024-03-05 00:00:00-05:00,336.2099914550781,336.9700012207031,332.010009765625,332.7300109863281,316.7271423339844,1468200,1.4,0.0
2024-03-06 00:00:00-05:00,333.42999267578125,340.8399963378906,333.42999267578125,339.82000732421875,323.4761962890625,2449800,0.0,0.0
2024-03-07 00:00:00-05:00,343.760009765625,347.989990234375,338.7300109863281,342.739990234375,326.2557067871094,2072700,0.0,0.0
2024-03-08 00:00:00-05:00,342.0299987792969,345.8500061035156,340.8599853515625,341.7900085449219,325.3514404296875,1485400,0.0,0.0
2024-03-11 00:00:00-04:00,340.8699951171875,344.42999267578125,339.6199951171875,342.2699890136719,325.8083190917969,1326500,0.0,0.0
2024-03-12 00:00:00-04:00,342.0799865722656,345.04998779296875,341.0,343.94000244140625,327.3979797363281,1313500,0.0,0.0
2024-03-13 00:00:00-04:00,345.79998779296875,349.1300048828125,344.44000244140625,348.7200012207031,331.9481506347656,1584200,0.0,0.0
2024-03-14 00:00:00-04:00,348.510009765625,350.2200012207031,347.3900146484375,349.510009765625,332.70013427734375,1527700,0.0,0.0
2024-03-15 00:00:00-04:00,346.0299987792969,353.1000061035156,345.8500061035156,352.04998779296875,335.11798095703125,3818800,0.0,0.0
2024-03-18 00:00:00-04:00,350.510009765625,354.1600036621094,349.92999267578125,352.6300048828125,335.6700439453125,1499100,0.0,0.0
2024-03-19 00:00:00-04:00,353.9800109863281,354.42999267578125,351.30999755859375,352.3699951171875,335.42254638671875,1134600,0.0,0.0
2024-03-20 00:00:00-04:00,351.54998779296875,354.7799987792969,351.0799865722656,353.8299865722656,336.8123474121094,1049400,0.0,0.0
2024-03-21 00:00:00-04:00,354.1099853515625,355.3500061035156,352.7099914550781,353.7200012207031,336.7076110839844,1290800,0.0,0.0
2024-03-22 00:00:00-04:00,353.6700134277344,355.7699890136719,351.3299865722656,351.7799987792969,334.8609619140625,1102300,0.0,0.0
2024-03-25 00:00:00-04:00,353.0799865722656,355.80999755859375,352.29998779296875,355.54998779296875,338.44964599609375,1034000,0.0,0.0
2024-03-26 00:00:00-04:00,355.0400085449219,359.8299865722656,354.5400085449219,357.7300109863281,340.5247802734375,1205100,0.0,0.0
2024-03-27 00:00:00-04:00,359.989990234375,364.7099914550781,359.45001220703125,363.3399963378906,345.86492919921875,1467500,0.0,0.0
2024-03-28 00:00:00-04:00,363.95001220703125,365.7099914550781,363.1499938964844,363.19000244140625,345.72216796875,1162700,0.0,0.0
2024-04-01 00:00:00-04:00,362.69000244140625,364.3500061035156,359.92999267578125,364.0799865722656,346.5693664550781,1036800,0.0,0.0
2024-04-02 00:00:00-04:00,359.95001220703125,364.6499938964844,359.0899963378906,363.0899963378906,345.6269836425781,2054800,0.0,0.0
2024-04-03 00:00:00-04:00,364.3699951171875,364.5199890136719,360.3299865722656,361.07000732421875,343.70416259765625,1567500,0.0,0.0
2024-04-04 00:00:00-04:00,364.1099853515625,364.1400146484375,359.8299865722656,360.3699951171875,343.037841796875,1147900,0.0,0.0
2024-04-05 00:00:00-04:00,360.8399963378906,364.260009765625,359.3699951171875,362.45001220703125,345.01776123046875,992500,0.0,0.0
2024-04-08 00:00:00-04:00,360.8900146484375,361.8699951171875,357.3399963378906,357.9800109863281,340.7626953125,1612500,0.0,0.0
2024-04-09 00:00:00-04:00,359.4700012207031,360.4599914550781,356.3800048828125,357.4800109863281,340.28680419921875,1129200,0.0,0.0
2024-04-10 00:00:00-04:00,356.25,359.7200012207031,355.510009765625,357.8399963378906,340.6294860839844,1005700,0.0,0.0
2024-04-11 00:00:00-04:00,357.3900146484375,358.3399963378906,352.6499938964844,353.0799865722656,336.098388671875,1081100,0.0,0.0
2024-04-12 00:00:00-04:00,351.7799987792969,353.3299865722656,348.5,349.8399963378906,333.01422119140625,1442000,0.0,0.0
2024-04-15 00:00:00-04:00,354.1199951171875,355.1199951171875,347.4599914550781,348.8999938964844,332.11944580078125,1357000,0.0,0.0
2024-04-16 00:00:00-04:00,356.1300048828125,356.1300048828125,346.44000244140625,346.8500061035156,330.1680603027344,1799900,0.0,0.0
2024-04-17 00:00:00-04:00,346.8599853515625,349.92999267578125,345.7799987792969,346.0799865722656,329.43505859375,1426500,0.0,0.0
2024-04-18 00:00:00-04:00,349.7099914550781,353.3800048828125,347.0,348.7799987792969,332.0052795410156,1621700,0.0,0.0
2024-04-19 00:00:00-04:00,351.2799987792969,352.79998779296875,348.0199890136719,352.3900146484375,335.4416198730469,1305100,0.0,0.0
2024-04-22 00:00:00-04:00,352.75,356.3900146484375,352.6499938964844,353.17999267578125,336.193603515625,1404000,0.0,0.0
2024-04-23 00:00:00-04:00,354.0,357.2099914550781,351.8900146484375,352.6499938964844,335.6891174316406,1188500,0.0,0.0
2024-04-24 00:00:00-04:00,351.0400085449219,353.989990234375,350.05999755859375,352.2799987792969,335.3369140625,1120800,0.0,0.0
2024-04-25 00:00:00-04:00,352.55999755859375,355.8599853515625,352.3699951171875,354.510009765625,337.4596252441406,922200,0.0,0.0
2024-04-26 00:00:00-04:00,352.5,355.1499938964844,351.4200134277344,354.4700012207031,337.4215087890625,830500,0.0,0.0
2024-04-29 00:00:00-04:00,354.0199890136719,358.2300109863281,354.0199890136719,356.44000244140625,339.296875,1073600,0.0,0.0
2024-04-30 00:00:00-04:00,356.5899963378906,357.95001220703125,355.70001220703125,357.0400085449219,339.86798095703125,1216200,0.0,0.0
2024-05-01 00:00:00-04:00,349.9700012207031,359.3599853515625,348.42999267578125,357.17999267578125,340.0011901855469,1904100,0.0,0.0
2024-05-02 00:00:00-04:00,360.0,361.7099914550781,342.67999267578125,344.5,327.9311218261719,3108800,0.0,0.0
2024-05-03 00:00:00-04:00,342.2900085449219,343.6499938964844,334.7200012207031,341.5,325.0754089355469,2413500,0.0,0.0
2024-05-06 00:00:00-04:00,342.4599914550781,344.3800048828125,339.45001220703125,342.4100036621094,325.9415588378906,1339300,0.0,0.0
2024-05-07 00:00:00-04:00,343.5,347.05999755859375,343.20001220703125,346.70001220703125,330.0252990722656,1567900,0.0,0.0
2024-05-08 00:00:00-04:00,348.5899963378906,348.7900085449219,345.44000244140625,347.3500061035156,330.64404296875,1355200,0.0,0.0
2024-05-09 00:00:00-04:00,347.6000061035156,351.29998779296875,346.4700012207031,350.9700012207031,334.08990478515625,1388800,0.0,0.0
2024-05-10 00:00:00-04:00,351.6000061035156,352.0199890136719,347.3500061035156,348.3900146484375,331.6339416503906,1675300,0.0,0.0
2024-05-13 00:00:00-04:00,347.70001220703125,349.9700012207031,346.8399963378906,349.1400146484375,332.347900390625,1361100,0.0,0.0
2024-05-14 00:00:00-04:00,348.4700012207031,351.1499938964844,345.6499938964844,346.4200134277344,329.7587890625,1853000,0.0,0.0
2024-05-15 00:00:00-04:00,345.0,345.6199951171875,342.0799865722656,343.2799987792969,326.7697448730469,2244500,0.0,0.0
2024-05-16 00:00:00-04:00,343.9100036621094,344.79998779296875,338.1600036621094,339.260009765625,322.943115234375,2275000,0.0,0.0
2024-05-17 00:00:00-04:00,338.7099914550781,339.3599853515625,334.2300109863281,338.7099914550781,322.41949462890625,2010200,0.0,0.0
2024-05-20 00:00:00-04:00,338.54998779296875,338.6000061035156,332.2300109863281,333.3699951171875,317.3363952636719,1306700,0.0,0.0
2024-05-21 00:00:00-04:00,334.989990234375,338.80999755859375,333.9599914550781,336.3800048828125,320.20166015625,1175800,0.0,0.0
2024-05-22 00:00:00-04:00,335.42999267578125,337.3800048828125,334.1700134277344,336.4700012207031,320.2873229980469,968800,0.0,0.0
2024-05-23 00:00:00-04:00,335.7200012207031,339.42999267578125,335.4800109863281,337.8299865722656,321.5818176269531,1510900,0.0,0.0
2024-05-24 00:00:00-04:00,338.9200134277344,338.9200134277344,331.04998779296875,332.6099853515625,316.6129455566406,1311600,0.0,0.0
2024-05-28 00:00:00-04:00,332.8699951171875,335.6499938964844,331.6199951171875,333.2099914550781,317.1840515136719,1445800,0.0,0.0
2024-05-29 00:00:00-04:00,331.32000732421875,334.32000732421875,329.30999755859375,332.9200134277344,316.90802001953125,2930700,0.0,0.0
2024-05-30 00:00:00-04:00,331.5400085449219,334.70001220703125,330.6300048828125,331.0,315.0803527832031,3686500,0.0,0.0
2024-05-31 00:00:00-04:00,332.9800109863281,344.6700134277344,331.5299987792969,344.6199951171875,328.0452880859375,3915500,0.0,0.0
2024-06-03 00:00:00-04:00,340.6099853515625,344.7300109863281,339.2200012207031,341.489990234375,325.0657958984375,1500500,0.0,0.0
2024-06-04 00:00:00-04:00,338.25,338.25,331.2699890136719,337.05999755859375,322.169677734375,1654900,1.4,0.0
2024-06-05 00:00:00-04:00,337.6199951171875,338.5799865722656,329.5199890136719,334.17999267578125,319.41693115234375,1552000,0.0,0.0
2024-06-06 00:00:00-04:00,334.1400146484375,339.489990234375,333.42999267578125,337.9100036621094,322.982177734375,1632300,0.0,0.0
2024-06-07 00:00:00-04:00,338.44000244140625,341.3999938964844,336.9200134277344,338.1000061035156,323.1637268066406,1208100,0.0,0.0
2024-06-10 00:00:00-04:00,337.510009765625,339.55999755859375,336.20001220703125,338.6499938964844,323.6894226074219,1002700,0.0,0.0
2024-06-11 00:00:00-04:00,337.80999755859375,339.6700134277344,335.7699890136719,337.94000244140625,323.0108337402344,896500,0.0,0.0
2024-06-12 00:00:00-04:00,338.0799865722656,339.0,333.94000244140625,336.04998779296875,321.2043151855469,1249600,0.0,0.0
2024-06-13 00:00:00-04:00,334.3800048828125,337.6300048828125,329.5,334.1499938964844,319.3882141113281,1177600,0.0,0.0
2024-06-14 00:00:00-04:00,332.489990234375,334.80999755859375,328.6099853515625,333.2900085449219,318.5662841796875,907500,0.0,0.0
2024-06-17 00:00:00-04:00,331.3800048828125,334.1099853515625,329.2799987792969,333.8999938964844,319.1492919921875,1157000,0.0,0.0
2024-06-18 00:00:00-04:00,335.55999755859375,337.54998779296875,333.45001220703125,334.79998779296875,320.0094909667969,1206200,0.0,0.0
2024-06-20 00:00:00-04:00,334.79998779296875,338.1499938964844,331.3500061035156,337.8800048828125,322.9535217285156,1692600,0.0,0.0
2024-06-21 00:00:00-04:00,334.8299865722656,340.0,334.6099853515625,339.9800109863281,324.960693359375,4073500,0.0,0.0
2024-06-24 00:00:00-04:00,342.1600036621094,345.9599914550781,340.1099853515625,343.1400146484375,327.9811706542969,1276100,0.0,0.0
2024-06-25 00:00:00-04:00,343.9800109863281,344.3699951171875,337.30999755859375,338.79998779296875,323.8327941894531,986200,0.0,0.0
2024-06-26 00:00:00-04:00,338.5899963378906,338.5899963378906,332.9100036621094,337.5799865722656,322.6666564941406,1491600,0.0,0.0
2024-06-27 00:00:00-04:00,336.95001220703125,336.95001220703125,331.4100036621094,334.1499938964844,319.3882141113281,1300700,0.0,0.0
2024-06-28 00:00:00-04:00,339.5,340.0,328.260009765625,330.57000732421875,315.9664611816406,2645300,0.0,0.0
2024-07-01 00:00:00-04:00,330.5799865722656,335.0,325.8299865722656,326.2699890136719,311.85638427734375,1386200,0.0,0.0
2024-07-02 00:00:00-04:00,326.9599914550781,327.3299865722656,324.2200012207031,325.9100036621094,311.51226806640625,1056400,0.0,0.0
2024-07-03 00:00:00-04:00,327.4200134277344,327.8900146484375,321.69000244140625,325.42999267578125,311.0534973144531,900700,0.0,0.0
2024-07-05 00:00:00-04:00,324.5299987792969,325.010009765625,316.54998779296875,319.1199951171875,305.0222473144531,1612000,0.0,0.0
2024-07-08 00:00:00-04:00,320.0899963378906,324.0199890136719,318.0199890136719,323.7799987792969,309.4763488769531,1753500,0.0,0.0
2024-07-09 00:00:00-04:00,322.20001220703125,328.69000244140625,319.6700134277344,328.3699951171875,313.86358642578125,1379400,0.0,0.0
2024-07-10 00:00:00-04:00,329.510009765625,332.80999755859375,323.2699890136719,329.9100036621094,315.3355712890625,1982000,0.0,0.0
2024-07-11 00:00:00-04:00,327.010009765625,333.8399963378906,327.010009765625,333.55999755859375,318.8243103027344,1144000,0.0,0.0
2024-07-12 00:00:00-04:00,333.55999755859375,335.6099853515625,330.5299987792969,334.7900085449219,320.0,820200,0.0,0.0
2024-07-15 00:00:00-04:00,336.6000061035156,338.7699890136719,330.54998779296875,331.4200134277344,316.7789001464844,1266500,0.0,0.0
2024-07-16 00:00:00-04:00,333.8299865722656,342.4599914550781,333.8299865722656,339.7099914550781,324.7026062011719,1166600,0.0,0.0
2024-07-17 00:00:00-04:00,339.5899963378906,345.489990234375,339.3900146484375,344.760009765625,329.529541015625,1441900,0.0,0.0
2024-07-18 00:00:00-04:00,343.05999755859375,347.3699951171875,340.4599914550781,340.5199890136719,325.476806640625,1028800,0.0,0.0
2024-07-19 00:00:00-04:00,343.6700134277344,343.6700134277344,335.5299987792969,335.8399963378906,321.00360107421875,1169200,0.0,0.0
2024-07-22 00:00:00-04:00,335.760009765625,338.0799865722656,334.5899963378906,335.7900085449219,320.9557800292969,756300,0.0,0.0
2024-07-23 00:00:00-04:00,336.04998779296875,337.30999755859375,333.7900085449219,336.1700134277344,321.31903076171875,603400,0.0,0.0
2024-07-24 00:00:00-04:00,337.6700134277344,342.7099914550781,334.92999267578125,342.2099914550781,327.0921630859375,1029800,0.0,0.0
2024-07-25 00:00:00-04:00,343.989990234375,349.2699890136719,340.45001220703125,341.1499938964844,326.0790100097656,775000,0.0,0.0
2024-07-26 00:00:00-04:00,342.69000244140625,346.6600036621094,342.489990234375,343.6400146484375,328.458984375,1135700,0.0,0.0
2024-07-29 00:00:00-04:00,343.6499938964844,348.4599914550781,343.0799865722656,346.5400085449219,331.2308654785156,1021500,0.0,0.0
2024-07-30 00:00:00-04:00,346.010009765625,355.55999755859375,346.010009765625,352.7699890136719,337.1856689453125,909700,0.0,0.0
2024-07-31 00:00:00-04:00,349.25,354.0,347.6199951171875,348.6700134277344,333.2668151855469,1466100,0.0,0.0
2024-08-01 00:00:00-04:00,336.0,339.1499938964844,324.54998779296875,332.6000061035156,317.90673828125,2495500,0.0,0.0
2024-08-02 00:00:00-04:00,333.2699890136719,338.70001220703125,321.510009765625,337.3299865722656,322.4277648925781,3193700,0.0,0.0
2024-08-05 00:00:00-04:00,337.7099914550781,339.67999267578125,321.3599853515625,325.7099914550781,311.32110595703125,2507400,0.0,0.0
2024-08-06 00:00:00-04:00,323.69000244140625,329.9100036621094,323.1499938964844,329.2900085449219,314.7429504394531,2441900,0.0,0.0
2024-08-07 00:00:00-04:00,329.8999938964844,335.3900146484375,325.75,329.010009765625,314.4753112792969,1933700,0.0,0.0
2024-08-08 00:00:00-04:00,329.05999755859375,337.2699890136719,328.2799987792969,335.0199890136719,320.2198486328125,1164900,0.0,0.0
2024-08-09 00:00:00-04:00,333.79998779296875,338.0,333.0799865722656,336.1400146484375,321.2904052734375,969000,0.0,0.0
2024-08-12 00:00:00-04:00,330.9599914550781,331.7799987792969,326.4599914550781,328.1000061035156,313.60552978515625,1720500,0.0,0.0
2024-08-13 00:00:00-04:00,328.739990234375,333.3800048828125,328.4599914550781,332.7200012207031,318.0214538574219,1057600,0.0,0.0
2024-08-14 00:00:00-04:00,335.0,337.1000061035156,332.75,334.8999938964844,320.1051025390625,621100,0.0,0.0
2024-08-15 00:00:00-04:00,337.4800109863281,337.989990234375,332.8999938964844,336.70001220703125,321.82562255859375,1003000,0.0,0.0
2024-08-16 00:00:00-04:00,336.82000732421875,342.9100036621094,335.739990234375,342.32000732421875,327.19732666015625,865300,0.0,0.0
2024-08-19 00:00:00-04:00,342.67999267578125,343.70001220703125,341.260009765625,342.3299865722656,327.20684814453125,907600,0.0,0.0
2024-08-20 00:00:00-04:00,341.70001220703125,344.3999938964844,339.67999267578125,342.6000061035156,327.4649658203125,900800,0.0,0.0
2024-08-21 00:00:00-04:00,343.989990234375,345.0,340.2200012207031,342.3999938964844,327.2738037109375,694500,0.0,0.0
2024-08-22 00:00:00-04:00,343.19000244140625,346.82000732421875,338.82000732421875,346.4700012207031,331.1639404296875,734000,0.0,0.0
2024-08-23 00:00:00-04:00,347.5,354.489990234375,346.1499938964844,353.989990234375,338.35174560546875,1425800,0.0,0.0
2024-08-26 00:00:00-04:00,354.69000244140625,356.8399963378906,352.25,353.94000244140625,338.303955078125,1361100,0.0,0.0
2024-08-27 00:00:00-04:00,354.75,355.510009765625,352.3900146484375,353.8900146484375,338.2562255859375,1058200,0.0,0.0
2024-08-28 00:00:00-04:00,356.510009765625,359.82000732421875,354.04998779296875,357.92999267578125,342.1177062988281,1314600,0.0,0.0
2024-08-29 00:00:00-04:00,360.0899963378906,361.7099914550781,355.1199951171875,361.05999755859375,345.1094055175781,1024700,0.0,0.0
2024-08-30 00:00:00-04:00,360.7200012207031,362.5199890136719,359.9200134277344,361.80999755859375,345.8262939453125,1148200,0.0,0.0
2024-09-03 00:00:00-04:00,362.2799987792969,367.0799865722656,360.7099914550781,365.4800109863281,349.334228515625,1433500,0.0,0.0
2024-09-04 00:00:00-04:00,366.3999938964844,370.6400146484375,364.010009765625,366.6400146484375,351.7904968261719,1194400,1.4,0.0
2024-09-05 00:00:00-04:00,362.05999755859375,364.4100036621094,348.79998779296875,355.1199951171875,340.737060546875,2528300,0.0,0.0
2024-09-06 00:00:00-04:00,357.4599914550781,359.4599914550781,352.989990234375,353.489990234375,339.173095703125,2363500,0.0,0.0
2024-09-09 00:00:00-04:00,356.54998779296875,359.32000732421875,351.45001220703125,357.6099853515625,343.126220703125,1102400,0.0,0.0
2024-09-10 00:00:00-04:00,358.510009765625,360.6099853515625,355.6499938964844,358.1000061035156,343.5964050292969,868400,0.0,0.0
2024-09-11 00:00:00-04:00,356.8500061035156,358.2099914550781,350.42999267578125,357.7799987792969,343.2893371582031,748700,0.0,0.0
2024-09-12 00:00:00-04:00,357.260009765625,362.6600036621094,355.1600036621094,362.1700134277344,347.5015563964844,961900,0.0,0.0
2024-09-13 00:00:00-04:00,362.1700134277344,368.1600036621094,360.7699890136719,364.7200012207031,349.9482727050781,882700,0.0,0.0
2024-09-16 00:00:00-04:00,367.510009765625,370.8299865722656,365.5799865722656,366.8500061035156,351.99200439453125,668000,0.0,0.0
2024-09-17 00:00:00-04:00,364.6600036621094,366.9100036621094,354.6400146484375,356.2300109863281,341.8020935058594,863300,0.0,0.0
2024-09-18 00:00:00-04:00,356.2300109863281,362.25,354.8599853515625,355.3900146484375,340.99615478515625,824400,0.0,0.0
2024-09-19 00:00:00-04:00,357.1600036621094,358.8299865722656,354.7699890136719,357.260009765625,342.7904052734375,753300,0.0,0.0
2024-09-20 00:00:00-04:00,356.75,358.9100036621094,352.010009765625,356.1400146484375,341.7157287597656,2900900,0.0,0.0
2024-09-23 00:00:00-04:00,357.0299987792969,358.7099914550781,354.5899963378906,354.94000244140625,340.56439208984375,807800,0.0,0.0
2024-09-24 00:00:00-04:00,354.3900146484375,355.44000244140625,350.0,353.1700134277344,338.8660888671875,968100,0.0,0.0
2024-09-25 00:00:00-04:00,354.989990234375,355.3399963378906,347.739990234375,348.8599853515625,334.7306213378906,892500,0.0,0.0
2024-09-26 00:00:00-04:00,344.82000732421875,346.5199890136719,342.010009765625,344.989990234375,331.017333984375,1663100,0.0,0.0
2024-09-27 00:00:00-04:00,345.5299987792969,351.1099853515625,344.989990234375,347.70001220703125,333.61761474609375,1379600,0.0,0.0
2024-09-30 00:00:00-04:00,349.67999267578125,349.67999267578125,343.989990234375,346.44000244140625,332.40863037109375,1294800,0.0,0.0
2024-10-01 00:00:00-04:00,345.9800109863281,351.6300048828125,344.5899963378906,348.0899963378906,333.9917907714844,1005800,0.0,0.0
2024-10-02 00:00:00-04:00,348.4599914550781,348.9100036621094,339.80999755859375,340.7099914550781,326.9106750488281,1627900,0.0,0.0
2024-10-03 00:00:00-04:00,340.9200134277344,342.29998779296875,337.4800109863281,340.55999755859375,326.7667541503906,1145900,0.0,0.0
2024-10-04 00:00:00-04:00,341.17999267578125,342.2099914550781,339.32000732421875,341.70001220703125,327.860595703125,720000,0.0,0.0
2024-10-07 00:00:00-04:00,339.9800109863281,342.8999938964844,338.69000244140625,340.2699890136719,326.4884948730469,851800,0.0,0.0
2024-10-08 00:00:00-04:00,341.7200012207031,345.1300048828125,339.2699890136719,343.92999267578125,330.00030517578125,1127700,0.0,0.0
2024-10-09 00:00:00-04:00,344.29998779296875,347.6300048828125,342.6199951171875,346.7200012207031,332.67730712890625,846600,0.0,0.0
2024-10-10 00:00:00-04:00,347.5299987792969,350.92999267578125,346.19000244140625,350.5,336.30419921875,800600,0.0,0.0
2024-10-11 00:00:00-04:00,351.3699951171875,354.989990234375,349.69000244140625,350.29998779296875,336.11224365234375,786700,0.0,0.0
2024-10-14 00:00:00-04:00,350.1300048828125,352.20001220703125,348.3599853515625,351.45001220703125,337.2156982421875,952400,0.0,0.0
2024-10-15 00:00:00-04:00,348.5,355.0,344.1499938964844,348.8399963378906,334.71142578125,1317800,0.0,0.0
2024-10-16 00:00:00-04:00,348.8399963378906,358.8800048828125,348.8399963378906,358.5799865722656,344.0569152832031,970300,0.0,0.0
2024-10-17 00:00:00-04:00,351.4100036621094,358.7200012207031,350.0,353.1199951171875,338.81805419921875,1614400,0.0,0.0
2024-10-18 00:00:00-04:00,353.54998779296875,353.54998779296875,335.9599914550781,336.0,322.3914794921875,2712300,0.0,0.0
2024-10-21 00:00:00-04:00,333.32000732421875,333.32000732421875,318.239990234375,320.2300109863281,307.26019287109375,4638600,0.0,0.0
2024-10-22 00:00:00-04:00,320.17999267578125,322.2900085449219,315.0899963378906,317.4599914550781,304.6023864746094,2636400,0.0,0.0
2024-10-23 00:00:00-04:00,316.8599853515625,320.7300109863281,315.0,317.57000732421875,304.7078552246094,1352800,0.0,0.0
2024-10-24 00:00:00-04:00,318.6700134277344,322.44000244140625,318.04998779296875,318.239990234375,305.3507385253906,1646500,0.0,0.0
2024-10-25 00:00:00-04:00,319.07000732421875,321.3399963378906,315.510009765625,316.8500061035156,304.01702880859375,1390100,0.0,0.0
2024-10-28 00:00:00-04:00,317.260009765625,318.25,313.6000061035156,314.9200134277344,302.1652526855469,1545500,0.0,0.0
2024-10-29 00:00:00-04:00,314.8299865722656,315.1099853515625,307.8599853515625,308.2300109863281,295.7461853027344,2556000,0.0,0.0
2024-10-30 00:00:00-04:00,308.0,316.5299987792969,308.0,312.8900146484375,300.21746826171875,2412100,0.0,0.0
2024-10-31 00:00:00-04:00,333.3800048828125,342.3900146484375,313.95001220703125,314.80999755859375,302.0596618652344,3506400,0.0,0.0
2024-11-01 00:00:00-04:00,313.29998779296875,318.75,306.6600036621094,316.489990234375,303.671630859375,2810700,0.0,0.0
2024-11-04 00:00:00-05:00,316.7200012207031,317.9800109863281,311.3999938964844,312.32000732421875,299.6705627441406,1695700,0.0,0.0
2024-11-05 00:00:00-05:00,312.239990234375,318.7900085449219,311.260009765625,318.3900146484375,305.49468994140625,2046200,0.0,0.0
2024-11-06 00:00:00-05:00,324.8399963378906,326.0400085449219,308.5799865722656,315.2200012207031,302.45306396484375,2655100,0.0,0.0
2024-11-07 00:00:00-05:00,316.5,321.489990234375,314.67999267578125,319.489990234375,306.55010986328125,1752400,0.0,0.0
2024-11-08 00:00:00-05:00,319.69000244140625,321.75,317.4800109863281,319.7699890136719,306.81878662109375,1315200,0.0,0.0
2024-11-11 00:00:00-05:00,342.5199890136719,347.6199951171875,339.7200012207031,343.05999755859375,329.1655578613281,2585700,0.0,0.0
2024-11-12 00:00:00-05:00,342.0,346.7300109863281,339.4800109863281,339.8699951171875,326.10467529296875,2244500,0.0,0.0
2024-11-13 00:00:00-05:00,339.1499938964844,340.70001220703125,331.05999755859375,332.0400085449219,318.59185791015625,1675500,0.0,0.0
2024-11-14 00:00:00-05:00,331.5,332.0199890136719,322.7300109863281,323.8800048828125,310.7623596191406,1827000,0.0,0.0
2024-11-15 00:00:00-05:00,323.05999755859375,324.7699890136719,316.7699890136719,321.5199890136719,308.4979248046875,1650200,0.0,0.0
2024-11-18 00:00:00-05:00,321.25,323.6499938964844,320.54998779296875,322.45001220703125,309.3902893066406,1194400,0.0,0.0
2024-11-19 00:00:00-05:00,320.0,327.0899963378906,319.17999267578125,322.5,309.4382629394531,1322700,0.0,0.0
2024-11-20 00:00:00-05:00,322.69000244140625,324.3900146484375,319.44000244140625,323.3900146484375,310.29217529296875,1527300,0.0,0.0
2024-11-21 00:00:00-05:00,324.9200134277344,331.07000732421875,322.2099914550781,330.07000732421875,316.7016296386719,1520400,0.0,0.0
2024-11-22 00:00:00-05:00,330.3399963378906,330.94000244140625,325.4700012207031,328.45001220703125,315.147216796875,1475200,0.0,0.0
2024-11-25 00:00:00-05:00,330.79998779296875,335.1400146484375,330.07000732421875,333.010009765625,319.5225524902344,2588600,0.0,0.0
2024-11-26 00:00:00-05:00,333.70001220703125,335.2300109863281,329.6700134277344,335.0,321.43194580078125,1694900,0.0,0.0
2024-11-27 00:00:00-05:00,335.44000244140625,340.1400146484375,333.7900085449219,336.5,322.8712158203125,1770200,0.0,0.0
2024-11-29 00:00:00-05:00,335.2099914550781,339.6000061035156,335.010009765625,337.79998779296875,324.1185607910156,900400,0.0,0.0
2024-12-02 00:00:00-05:00,336.1700134277344,338.7799987792969,334.8900146484375,337.05999755859375,323.40850830078125,1107900,0.0,0.0
2024-12-03 00:00:00-05:00,338.7699890136719,339.30999755859375,334.1300048828125,334.8999938964844,321.33599853515625,1524600,0.0,0.0
2024-12-04 00:00:00-05:00,333.29998779296875,336.54998779296875,329.8399963378906,330.1199951171875,318.079345703125,1523700,1.4,0.0
2024-12-05 00:00:00-05:00,329.0199890136719,330.260009765625,321.8900146484375,322.6099853515625,310.8431701660156,1460400,0.0,0.0
2024-12-06 00:00:00-05:00,323.4700012207031,323.9200134277344,315.1000061035156,317.80999755859375,306.21832275390625,1746000,0.0,0.0
2024-12-09 00:00:00-05:00,319.2300109863281,320.1099853515625,313.07000732421875,319.1499938964844,307.5093994140625,2146100,0.0,0.0
2024-12-10 00:00:00-05:00,319.1499938964844,319.5299987792969,310.5899963378906,311.3699951171875,300.0131530761719,2610400,0.0,0.0
2024-12-11 00:00:00-05:00,308.6000061035156,309.8299865722656,293.6199951171875,294.0299987792969,283.30560302734375,4300600,0.0,0.0
2024-12-12 00:00:00-05:00,293.0,296.8299865722656,282.2699890136719,282.9599914550781,272.6394348144531,4474100,0.0,0.0
2024-12-13 00:00:00-05:00,282.3699951171875,286.0,279.8800048828125,281.8599853515625,271.5794982910156,3277200,0.0,0.0
2024-12-16 00:00:00-05:00,281.9200134277344,283.70001220703125,271.8800048828125,273.260009765625,263.2931823730469,4009300,0.0,0.0
2024-12-17 00:00:00-05:00,263.6700134277344,270.67999267578125,262.0299987792969,265.5899963378906,255.9029541015625,4482800,0.0,0.0
2024-12-18 00:00:00-05:00,276.45001220703125,284.2900085449219,272.239990234375,282.4100036621094,272.10943603515625,4913400,0.0,0.0
2024-12-19 00:00:00-05:00,280.8699951171875,284.67999267578125,270.2200012207031,274.79998779296875,264.7769775390625,3826600,0.0,0.0
2024-12-20 00:00:00-05:00,276.6000061035156,280.3699951171875,273.260009765625,276.9200134277344,266.8197326660156,3481200,0.0,0.0
2024-12-23 00:00:00-05:00,275.9100036621094,282.29998779296875,273.1099853515625,281.6300048828125,271.35791015625,1945400,0.0,0.0
2024-12-24 00:00:00-05:00,280.0899963378906,280.75,277.0299987792969,280.05999755859375,269.8451843261719,669300,0.0,0.0
2024-12-26 00:00:00-05:00,280.05999755859375,281.8699951171875,278.1300048828125,281.5799865722656,271.3097229003906,1090100,0.0,0.0
2024-12-27 00:00:00-05:00,280.0400085449219,282.7799987792969,276.6000061035156,278.7099914550781,268.5444030761719,977000,0.0,0.0
2024-12-30 00:00:00-05:00,277.7099914550781,277.7099914550781,273.5799865722656,275.1400146484375,265.1046447753906,1271100,0.0,0.0
2024-12-31 00:00:00-05:00,276.0,277.989990234375,273.8500061035156,276.1400146484375,266.06817626953125,1222300,0.0,0.0
2025-01-02 00:00:00-05:00,278.82000732421875,278.989990234375,274.04998779296875,274.489990234375,264.4783630371094,1020300,0.0,0.0
2025-01-03 00:00:00-05:00,275.5299987792969,282.0199890136719,273.7300109863281,280.70001220703125,270.4618225097656,1333100,0.0,0.0
2025-01-06 00:00:00-05:00,278.57000732421875,284.25,278.010009765625,279.6600036621094,269.459716796875,1373700,0.0,0.0
2025-01-07 00:00:00-05:00,281.3800048828125,282.94000244140625,278.19000244140625,279.92999267578125,269.7198791503906,1033500,0.0,0.0
2025-01-08 00:00:00-05:00,278.29998779296875,279.5799865722656,276.0,279.32000732421875,269.1321716308594,1013300,0.0,0.0
2025-01-10 00:00:00-05:00,277.05999755859375,281.69000244140625,275.0,278.989990234375,268.8141784667969,1527200,0.0,0.0
2025-01-13 00:00:00-05:00,281.30999755859375,282.70001220703125,279.70001220703125,282.45001220703125,272.14801025390625,1892500,0.0,0.0
2025-01-14 00:00:00-05:00,282.0,285.70001220703125,280.8500061035156,285.0299987792969,274.6339111328125,2173100,0.0,0.0
2025-01-15 00:00:00-05:00,284.25,285.239990234375,280.1499938964844,284.5799865722656,274.2002868652344,1711900,0.0,0.0
2025-01-16 00:00:00-05:00,280.07000732421875,281.6400146484375,275.4599914550781,280.9700012207031,270.7220153808594,2013300,0.0,0.0
2025-01-17 00:00:00-05:00,281.0899963378906,286.3900146484375,279.4700012207031,283.989990234375,273.6318054199219,1900000,0.0,0.0
2025-01-21 00:00:00-05:00,283.989990234375,288.6000061035156,283.0,288.5899963378906,278.06402587890625,1634100,0.0,0.0
2025-01-22 00:00:00-05:00,287.17999267578125,290.79998779296875,285.69000244140625,289.0400085449219,278.49761962890625,1384000,0.0,0.0
2025-01-23 00:00:00-05:00,291.8299865722656,296.6000061035156,288.6700134277344,294.989990234375,284.2306213378906,1693100,0.0,0.0
2025-01-24 00:00:00-05:00,294.29998779296875,298.0,293.2799987792969,293.6400146484375,282.9299011230469,1398100,0.0,0.0
2025-01-27 00:00:00-05:00,295.0,306.42999267578125,294.75,305.7200012207031,294.56927490234375,1918000,0.0,0.0
2025-01-28 00:00:00-05:00,306.1199951171875,308.6400146484375,301.1400146484375,302.82000732421875,291.7750244140625,1610200,0.0,0.0
2025-01-29 00:00:00-05:00,303.2900085449219,305.760009765625,301.4700012207031,303.30999755859375,292.2471618652344,1793800,0.0,0.0
2025-01-30 00:00:00-05:00,275.0,282.989990234375,268.989990234375,282.9800109863281,272.65863037109375,5487900,0.0,0.0
2025-01-31 00:00:00-05:00,284.7099914550781,299.7200012207031,282.0299987792969,294.2099914550781,283.47906494140625,3531900,0.0,0.0
2025-02-03 00:00:00-05:00,292.1199951171875,302.3299865722656,290.739990234375,292.4599914550781,281.79290771484375,1966300,0.0,0.0
2025-02-04 00:00:00-05:00,289.32000732421875,296.0,286.70001220703125,291.4599914550781,280.8293762207031,1836800,0.0,0.0
2025-02-05 00:00:00-05:00,290.6400146484375,293.8299865722656,288.8599853515625,293.30999755859375,282.61187744140625,1781800,0.0,0.0
2025-02-06 00:00:00-05:00,289.489990234375,291.17999267578125,286.1199951171875,287.2300109863281,276.753662109375,1820700,0.0,0.0
2025-02-07 00:00:00-05:00,288.239990234375,289.7099914550781,285.2699890136719,286.7099914550781,276.25262451171875,1271900,0.0,0.0
2025-02-10 00:00:00-05:00,288.3999938964844,293.8299865722656,286.92999267578125,292.82000732421875,282.1398010253906,2125900,0.0,0.0
2025-02-11 00:00:00-05:00,292.0,295.6099853515625,290.70001220703125,295.239990234375,284.471435546875,1202800,0.0,0.0
2025-02-12 00:00:00-05:00,295.6099853515625,302.9700012207031,290.17999267578125,292.69000244140625,282.0144958496094,1712700,0.0,0.0
2025-02-13 00:00:00-05:00,293.7200012207031,300.57000732421875,293.3299865722656,299.82000732421875,288.8844299316406,1670800,0.0,0.0
2025-02-14 00:00:00-05:00,299.1199951171875,301.6000061035156,291.8500061035156,292.32000732421875,281.6579895019531,1579600,0.0,0.0
2025-02-18 00:00:00-05:00,291.3299865722656,296.70001220703125,288.489990234375,294.75,283.9993896484375,1791200,0.0,0.0
2025-02-19 00:00:00-05:00,294.17999267578125,299.6300048828125,293.32000732421875,297.2300109863281,286.388916015625,1734500,0.0,0.0
2025-02-20 00:00:00-05:00,296.19000244140625,301.6600036621094,296.19000244140625,299.67999267578125,288.7495422363281,1270000,0.0,0.0
2025-02-21 00:00:00-05:00,294.489990234375,304.010009765625,293.8500061035156,299.80999755859375,288.87481689453125,2213700,0.0,0.0
2025-02-24 00:00:00-05:00,298.739990234375,303.3299865722656,294.010009765625,301.0199890136719,290.04071044921875,2494800,0.0,0.0
2025-02-25 00:00:00-05:00,302.2099914550781,315.1600036621094,301.30999755859375,313.8999938964844,302.450927734375,3039600,0.0,0.0
2025-02-26 00:00:00-05:00,310.45001220703125,312.9700012207031,303.3699951171875,305.3399963378906,294.2030944824219,1910800,0.0,0.0
2025-02-27 00:00:00-05:00,307.1600036621094,309.2300109863281,302.6300048828125,302.9200134277344,291.87139892578125,1729100,0.0,0.0
2025-02-28 00:00:00-05:00,303.45001220703125,309.0899963378906,302.6199951171875,308.8500061035156,297.5850830078125,2025700,0.0,0.0
2025-03-03 00:00:00-05:00,308.1199951171875,314.6499938964844,307.1099853515625,311.510009765625,300.1480407714844,2036300,0.0,0.0
2025-03-04 00:00:00-05:00,312.2799987792969,317.3699951171875,308.3999938964844,308.8599853515625,297.5947265625,1547300,0.0,0.0
2025-03-05 00:00:00-05:00,305.8699951171875,312.2300109863281,305.760009765625,309.8299865722656,299.9960021972656,1313800,1.51,0.0
2025-03-06 00:00:00-05:00,309.57000732421875,317.1199951171875,308.19000244140625,315.6300048828125,305.6119384765625,1607400,0.0,0.0
2025-03-07 00:00:00-05:00,314.1400146484375,325.2099914550781,313.8999938964844,321.0199890136719,310.830810546875,2193500,0.0,0.0
2025-03-10 00:00:00-04:00,321.8999938964844,332.8999938964844,319.19000244140625,326.67999267578125,316.3111572265625,2746800,0.0,0.0
2025-03-11 00:00:00-04:00,327.6499938964844,327.6499938964844,316.3299865722656,317.8699951171875,307.7807922363281,1964000,0.0,0.0
2025-03-12 00:00:00-04:00,316.92999267578125,318.9800109863281,307.7699890136719,311.04998779296875,301.17730712890625,1844100,0.0,0.0
2025-03-13 00:00:00-04:00,312.4599914550781,315.05999755859375,309.70001220703125,311.989990234375,302.0874328613281,1463200,0.0,0.0
2025-03-14 00:00:00-04:00,310.3500061035156,315.7300109863281,309.54998779296875,312.8999938964844,302.96856689453125,1352600,0.0,0.0
2025-03-17 00:00:00-04:00,313.04998779296875,318.17999267578125,312.04998779296875,316.79998779296875,306.7447509765625,1139500,0.0,0.0
2025-03-18 00:00:00-04:00,318.69000244140625,322.9800109863281,316.3900146484375,322.42999267578125,312.19610595703125,1348400,0.0,0.0
2025-03-19 00:00:00-04:00,320.80999755859375,323.0,317.2799987792969,320.8299865722656,310.6468811035156,1432100,0.0,0.0
2025-03-20 00:00:00-04:00,321.0,324.05999755859375,319.239990234375,321.3900146484375,311.1891174316406,1181000,0.0,0.0
2025-03-21 00:00:00-04:00,321.7099914550781,324.0,316.010009765625,316.6499938964844,306.5995178222656,3555000,0.0,0.0
2025-03-24 00:00:00-04:00,317.4599914550781,321.010009765625,315.67999267578125,320.3999938964844,310.23052978515625,1287800,0.0,0.0
2025-03-25 00:00:00-04:00,321.4599914550781,321.510009765625,313.3999938964844,316.8399963378906,306.7835388183594,1172100,0.0,0.0
2025-03-26 00:00:00-04:00,317.989990234375,322.8900146484375,316.8999938964844,321.2300109863281,311.0342102050781,1200100,0.0,0.0
2025-03-27 00:00:00-04:00,322.5,327.2699890136719,319.82000732421875,324.739990234375,314.4327697753906,1285300,0.0,0.0
2025-03-28 00:00:00-04:00,325.7900085449219,329.989990234375,324.25,325.0400085449219,314.72320556640625,1105900,0.0,0.0
2025-03-31 00:00:00-04:00,325.8900146484375,332.239990234375,325.6300048828125,329.0,318.5575866699219,2128600,0.0,0.0
2025-04-01 00:00:00-04:00,330.6000061035156,333.25,328.510009765625,331.0,320.49407958984375,1669100,0.0,0.0
2025-04-02 00:00:00-04:00,329.6300048828125,332.6499938964844,327.4800109863281,331.9200134277344,321.3848571777344,1108200,0.0,0.0
2025-04-03 00:00:00-04:00,331.79998779296875,342.57000732421875,329.9599914550781,338.45001220703125,327.7076416015625,2403800,0.0,0.0
2025-04-04 00:00:00-04:00,336.2699890136719,343.9100036621094,321.0,322.3999938964844,312.16705322265625,3801000,0.0,0.0
2025-04-07 00:00:00-04:00,317.55999755859375,320.9599914550781,307.8299865722656,315.3900146484375,305.3795471191406,2918200,0.0,0.0
2025-04-08 00:00:00-04:00,324.80999755859375,326.0,311.2900085449219,313.8399963378906,303.8787536621094,2483500,0.0,0.0
2025-04-09 00:00:00-04:00,311.7900085449219,325.2699890136719,309.05999755859375,319.989990234375,309.8335266113281,2463500,0.0,0.0
2025-04-10 00:00:00-04:00,320.6700134277344,331.57000732421875,318.07000732421875,327.2699890136719,316.8824768066406,2021200,0.0,0.0
2025-04-11 00:00:00-04:00,323.7300109863281,332.7799987792969,323.1199951171875,330.19000244140625,319.7098083496094,1728200,0.0,0.0
2025-04-14 00:00:00-04:00,329.8299865722656,331.1600036621094,326.0299987792969,329.20001220703125,318.751220703125,1442400,0.0,0.0
2025-04-15 00:00:00-04:00,329.9700012207031,330.1099853515625,326.5199890136719,328.6300048828125,318.1993103027344,1082600,0.0,0.0
2025-04-16 00:00:00-04:00,330.010009765625,335.1600036621094,327.739990234375,329.44000244140625,318.98358154296875,1311500,0.0,0.0
2025-04-17 00:00:00-04:00,324.45001220703125,333.510009765625,324.45001220703125,330.1300048828125,319.6517028808594,2847300,0.0,0.0
2025-04-21 00:00:00-04:00,330.79998779296875,331.8699951171875,322.1099853515625,324.7699890136719,314.4618225097656,1408900,0.0,0.0
2025-04-22 00:00:00-04:00,325.2099914550781,337.3900146484375,325.2099914550781,337.07000732421875,326.37139892578125,1852300,0.0,0.0
2025-04-23 00:00:00-04:00,336.5799865722656,341.5899963378906,333.3999938964844,336.69000244140625,326.00347900390625,1782700,0.0,0.0
2025-04-24 00:00:00-04:00,335.70001220703125,337.2099914550781,332.0299987792969,335.70001220703125,325.0448913574219,1341300,0.0,0.0
2025-04-25 00:00:00-04:00,336.760009765625,336.760009765625,331.2099914550781,335.3599853515625,324.7156677246094,1400100,0.0,0.0
2025-04-28 00:00:00-04:00,335.6499938964844,339.6700134277344,333.0199890136719,334.82000732421875,324.1928405761719,1347200,0.0,0.0
2025-04-29 00:00:00-04:00,335.2200012207031,338.92999267578125,333.57000732421875,337.2099914550781,326.5069274902344,1272200,0.0,0.0
2025-04-30 00:00:00-04:00,341.0199890136719,342.9100036621094,335.69000244140625,340.0400085449219,329.2471618652344,1562800,0.0,0.0
2025-05-01 00:00:00-04:00,339.7099914550781,341.3999938964844,334.6600036621094,335.17999267578125,324.5414123535156,1987800,0.0,0.0
2025-05-02 00:00:00-04:00,344.0299987792969,350.0,330.0,334.75,324.12506103515625,2471800,0.0,0.0
2025-05-05 00:00:00-04:00,337.010009765625,337.04998779296875,332.6199951171875,333.010009765625,322.4402770996094,1472600,0.0,0.0
2025-05-06 00:00:00-04:00,332.8800048828125,337.0,331.94000244140625,333.82000732421875,323.224609375,1825900,0.0,0.0
2025-05-07 00:00:00-04:00,335.0,335.8699951171875,331.32000732421875,334.44000244140625,323.8248596191406,1325100,0.0,0.0
2025-05-08 00:00:00-04:00,333.0799865722656,337.25,330.2099914550781,333.1099853515625,322.537109375,1322300,0.0,0.0
2025-05-09 00:00:00-04:00,333.19000244140625,335.4200134277344,331.8399963378906,333.4599914550781,322.8760070800781,787900,0.0,0.0
2025-05-12 00:00:00-04:00,324.0799865722656,328.260009765625,309.5899963378906,315.739990234375,305.71844482421875,3560500,0.0,0.0
2025-05-13 00:00:00-04:00,309.5899963378906,310.25,301.4800109863281,301.8900146484375,292.3080139160156,3144400,0.0,0.0
2025-05-14 00:00:00-04:00,305.25,307.1600036621094,302.1099853515625,303.3500061035156,293.7217102050781,2517200,0.0,0.0
2025-05-15 00:00:00-04:00,303.2200012207031,308.9700012207031,296.260009765625,308.8599853515625,299.0567932128906,2723300,0.0,0.0
2025-05-16 00:00:00-04:00,309.3999938964844,320.9700012207031,307.7799987792969,320.94000244140625,310.7533874511719,2056000,0.0,0.0
2025-05-19 00:00:00-04:00,320.54998779296875,322.8800048828125,318.0,321.9599914550781,311.7409973144531,1242600,0.0,0.0
2025-05-20 00:00:00-04:00,323.8500061035156,325.4800109863281,322.3599853515625,325.0,314.6845397949219,1329700,0.0,0.0
2025-05-21 00:00:00-04:00,322.6300048828125,326.0,317.010009765625,317.0899963378906,307.0255432128906,984400,0.0,0.0
2025-05-22 00:00:00-04:00,315.9100036621094,316.4599914550781,310.20001220703125,312.67999267578125,302.7555847167969,1699800,0.0,0.0
2025-05-23 00:00:00-04:00,314.20001220703125,316.5899963378906,310.510009765625,315.989990234375,305.9604797363281,1667800,0.0,0.0
2025-05-27 00:00:00-04:00,316.8999938964844,316.989990234375,311.70001220703125,315.2799987792969,305.2730407714844,1573800,0.0,0.0
2025-05-28 00:00:00-04:00,314.9800109863281,315.79998779296875,310.2900085449219,310.8599853515625,300.9932861328125,1157200,0.0,0.0
2025-05-29 00:00:00-04:00,310.0,312.1000061035156,308.3900146484375,312.04998779296875,302.14556884765625,1745700,0.0,0.0
2025-05-30 00:00:00-04:00,312.2799987792969,319.25,310.04998779296875,316.6400146484375,306.58990478515625,2732200,0.0,0.0
2025-06-02 00:00:00-04:00,315.6000061035156,319.95001220703125,312.17999267578125,314.989990234375,304.9922180175781,1247800,0.0,0.0
2025-06-03 00:00:00-04:00,312.30999755859375,315.0,310.29998779296875,311.6700134277344,303.23126220703125,1321100,1.51,0.0
2025-06-04 00:00:00-04:00,311.260009765625,312.79998779296875,309.7099914550781,310.1199951171875,301.72320556640625,991200,0.0,0.0
2025-06-05 00:00:00-04:00,310.5799865722656,312.989990234375,309.2099914550781,311.0199890136719,302.598876953125,1682900,0.0,0.0
2025-06-06 00:00:00-04:00,311.6400146484375,312.510009765625,309.5,312.17999267578125,303.7274475097656,2048300,0.0,0.0
2025-06-09 00:00:00-04:00,310.8399963378906,314.1499938964844,309.04998779296875,311.3999938964844,302.96856689453125,2312900,0.0,0.0
2025-06-10 00:00:00-04:00,312.79998779296875,318.1300048828125,311.04998779296875,313.6199951171875,305.1284484863281,2228200,0.0,0.0
2025-06-11 00:00:00-04:00,314.70001220703125,315.8599853515625,309.4800109863281,310.20001220703125,301.8010559082031,2210100,0.0,0.0
2025-06-12 00:00:00-04:00,311.05999755859375,315.8299865722656,308.3800048828125,315.3699951171875,306.8310852050781,2074400,0.0,0.0
2025-06-13 00:00:00-04:00,315.0299987792969,318.7099914550781,313.75,317.3999938964844,308.8061218261719,1866300,0.0,0.0
2025-06-16 00:00:00-04:00,317.3299865722656,318.0299987792969,309.80999755859375,314.44000244140625,305.9263000488281,1225800,0.0,0.0
2025-06-17 00:00:00-04:00,313.29998779296875,315.6499938964844,311.1400146484375,312.510009765625,304.0484924316406,1114500,0.0,0.0
2025-06-18 00:00:00-04:00,312.260009765625,316.0400085449219,311.0799865722656,314.3999938964844,305.8873291015625,1170300,0.0,0.0
2025-06-20 00:00:00-04:00,314.1300048828125,316.5799865722656,311.9599914550781,314.3500061035156,305.8387145996094,3249800,0.0,0.0
2025-06-23 00:00:00-04:00,315.0,317.45001220703125,313.1000061035156,316.9700012207031,308.38775634765625,1248100,0.0,0.0
2025-06-24 00:00:00-04:00,314.95001220703125,317.7699890136719,313.239990234375,316.8299865722656,308.25152587890625,1328300,0.0,0.0
2025-06-25 00:00:00-04:00,314.8800048828125,317.2699890136719,310.82000732421875,316.0,307.44403076171875,1434900,0.0,0.0
2025-06-26 00:00:00-04:00,317.6099853515625,331.8699951171875,316.7300109863281,330.0,321.06494140625,2453600,0.0,0.0
2025-06-27 00:00:00-04:00,329.0,332.57000732421875,325.9599914550781,326.30999755859375,317.474853515625,3402300,0.0,0.0
2025-06-30 00:00:00-04:00,325.95001220703125,330.8299865722656,325.55999755859375,330.5799865722656,321.6292419433594,4328600,0.0,0.0
2025-07-01 00:00:00-04:00,331.9200134277344,338.8900146484375,330.6199951171875,334.3900146484375,325.3360900878906,2684000,0.0,0.0
2025-07-02 00:00:00-04:00,330.45001220703125,332.2900085449219,320.25,320.3900146484375,311.71514892578125,2925600,0.0,0.0
2025-07-03 00:00:00-04:00,320.3399963378906,323.1000061035156,318.67999267578125,319.75,311.09246826171875,852400,0.0,0.0
2025-07-07 00:00:00-04:00,320.9200134277344,320.9200134277344,310.5400085449219,313.6300048828125,305.13818359375,1397200,0.0,0.0
2025-07-08 00:00:00-04:00,311.82000732421875,314.6000061035156,310.6099853515625,312.0,303.5523376464844,1599400,0.0,0.0
2025-07-09 00:00:00-04:00,312.489990234375,312.489990234375,306.7799987792969,309.7799987792969,301.3924255371094,983900,0.0,0.0
2025-07-10 00:00:00-04:00,308.0,311.82000732421875,306.3299865722656,308.7799987792969,300.4195251464844,989300,0.0,0.0
2025-07-11 00:00:00-04:00,306.0,307.2300109863281,302.07000732421875,303.2699890136719,295.0586853027344,1590800,0.0,0.0
2025-07-14 00:00:00-04:00,303.42999267578125,304.3599853515625,301.0,303.05999755859375,294.8543701171875,926200,0.0,0.0
2025-07-15 00:00:00-04:00,303.760009765625,305.0799865722656,299.5400085449219,302.44000244140625,294.2511901855469,1139700,0.0,0.0
2025-07-16 00:00:00-04:00,301.6400146484375,306.4599914550781,300.010009765625,305.82000732421875,297.5396423339844,1416200,0.0,0.0
2025-07-17 00:00:00-04:00,303.2099914550781,304.239990234375,295.94000244140625,298.2799987792969,290.20379638671875,1696500,0.0,0.0
2025-07-18 00:00:00-04:00,298.7900085449219,298.7900085449219,293.2699890136719,295.7099914550781,287.703369140625,2071600,0.0,0.0
2025-07-21 00:00:00-04:00,296.32000732421875,297.55999755859375,293.5299987792969,294.79998779296875,286.8179931640625,2004300,0.0,0.0
2025-07-22 00:00:00-04:00,295.79998779296875,302.8900146484375,295.3599853515625,300.04998779296875,291.92584228515625,1392300,0.0,0.0
2025-07-23 00:00:00-04:00,301.19000244140625,304.79998779296875,300.739990234375,304.3399963378906,296.0997619628906,1443500,0.0,0.0
2025-07-24 00:00:00-04:00,300.0,303.0,293.0400085449219,293.92999267578125,285.9715576171875,1652500,0.0,0.0
2025-07-25 00:00:00-04:00,294.6700134277344,298.8500061035156,294.0,296.3699951171875,288.3454895019531,1325700,0.0,0.0
2025-07-28 00:00:00-04:00,294.69000244140625,296.0199890136719,290.9200134277344,292.3900146484375,284.4732666015625,1193600,0.0,0.0
2025-07-29 00:00:00-04:00,290.19000244140625,297.3999938964844,285.80999755859375,292.1700134277344,284.2592468261719,1808300,0.0,0.0
2025-07-30 00:00:00-04:00,289.80999755859375,298.7099914550781,287.4599914550781,297.8599853515625,289.7951354980469,2649700,0.0,0.0
2025-07-31 00:00:00-04:00,293.19000244140625,297.5,264.2200012207031,267.3800048828125,260.14044189453125,5452400,0.0,0.0
2025-08-01 00:00:00-04:00,269.489990234375,271.0,256.8900146484375,262.2300109863281,255.12989807128906,3429100,0.0,0.0
2025-08-04 00:00:00-04:00,262.2200012207031,267.5400085449219,260.1199951171875,266.5899963378906,259.3718566894531,2498200,0.0,0.0
2025-08-05 00:00:00-04:00,268.25,276.5899963378906,267.30999755859375,270.739990234375,263.4094543457031,3150000,0.0,0.0
2025-08-06 00:00:00-04:00,270.7799987792969,274.6000061035156,266.2900085449219,269.9599914550781,262.65057373046875,2153900,0.0,0.0
2025-08-07 00:00:00-04:00,270.0,272.19000244140625,267.57000732421875,271.0,263.66241455078125,1964200,0.0,0.0
2025-08-08 00:00:00-04:00,270.0,275.6400146484375,269.989990234375,274.8999938964844,267.4568176269531,1518200,0.0,0.0
2025-08-11 00:00:00-04:00,275.42999267578125,279.5199890136719,274.7099914550781,277.0400085449219,269.53887939453125,1609600,0.0,0.0
2025-08-12 00:00:00-04:00,275.05999755859375,281.7300109863281,274.760009765625,280.4700012207031,272.87603759765625,1600500,0.0,0.0
2025-08-13 00:00:00-04:00,282.9700012207031,287.3900146484375,281.3399963378906,287.1000061035156,279.3265075683594,1410000,0.0,0.0
2025-08-14 00:00:00-04:00,281.3599853515625,292.0,281.1099853515625,290.3500061035156,282.488525390625,1990800,0.0,0.0
2025-08-15 00:00:00-04:00,295.25,300.17999267578125,293.9200134277344,296.8599853515625,288.822265625,2918000,0.0,0.0
2025-08-18 00:00:00-04:00,298.239990234375,303.1199951171875,297.5,298.32000732421875,290.2427062988281,1961600,0.0,0.0
2025-08-19 00:00:00-04:00,299.04998779296875,302.5899963378906,298.0,302.1099853515625,293.9300537109375,1482000,0.0,0.0
2025-08-20 00:00:00-04:00,303.3500061035156,305.6700134277344,301.29998779296875,304.57000732421875,296.3235168457031,1588100,0.0,0.0
2025-08-21 00:00:00-04:00,304.3900146484375,305.2900085449219,300.69000244140625,300.95001220703125,292.801513671875,999100,0.0,0.0
2025-08-22 00:00:00-04:00,302.6600036621094,308.4200134277344,302.4200134277344,304.3500061035156,296.1094665527344,1127500,0.0,0.0
2025-08-25 00:00:00-04:00,304.1400146484375,304.1400146484375,298.7799987792969,300.760009765625,292.61663818359375,1051900,0.0,0.0
2025-08-26 00:00:00-04:00,300.1400146484375,301.1099853515625,297.95001220703125,300.32000732421875,292.1885681152344,2487000,0.0,0.0
2025-08-27 00:00:00-04:00,301.2799987792969,301.5899963378906,298.2799987792969,299.95001220703125,291.82861328125,994800,0.0,0.0
2025-08-28 00:00:00-04:00,299.1499938964844,299.5,294.8599853515625,299.0,290.904296875,1949100,0.0,0.0
2025-08-29 00:00:00-04:00,299.8399963378906,302.9700012207031,298.3500061035156,300.8699951171875,292.7236633300781,1588800,0.0,0.0
2025-09-02 00:00:00-04:00,301.2799987792969,306.3399963378906,300.1400146484375,300.7200012207031,292.57769775390625,1431100,0.0,0.0
2025-09-03 00:00:00-04:00,299.989990234375,301.1300048828125,297.7699890136719,300.4800109863281,292.3442687988281,1514100,0.0,0.0
2025-09-04 00:00:00-04:00,299.260009765625,304.0400085449219,296.2799987792969,304.0299987792969,297.2921142578125,1556400,1.51,0.0
2025-09-05 00:00:00-04:00,303.6300048828125,307.54998779296875,303.2799987792969,305.30999755859375,298.543701171875,1157700,0.0,0.0
2025-09-08 00:00:00-04:00,306.5899963378906,306.5899963378906,299.260009765625,300.8900146484375,294.2216796875,1210100,0.0,0.0
2025-09-09 00:00:00-04:00,302.6700134277344,304.7699890136719,300.1499938964844,302.010009765625,295.3168640136719,1230100,0.0,0.0
2025-09-10 00:00:00-04:00,300.6499938964844,303.9700012207031,299.0299987792969,302.44000244140625,295.7373352050781,1574100,0.0,0.0
2025-09-11 00:00:00-04:00,304.4800109863281,307.5799865722656,303.0,305.8699951171875,299.09130859375,1443800,0.0,0.0
2025-09-12 00:00:00-04:00,304.7300109863281,308.29998779296875,302.6099853515625,302.760009765625,296.0502624511719,1107100,0.0,0.0
2025-09-15 00:00:00-04:00,302.989990234375,303.5,295.7300109863281,297.1400146484375,290.5547790527344,1053700,0.0,0.0
2025-09-16 00:00:00-04:00,297.25,298.760009765625,292.32000732421875,294.2099914550781,287.6897277832031,1660800,0.0,0.0
2025-09-17 00:00:00-04:00,294.9700012207031,299.70001220703125,294.8399963378906,296.5899963378906,290.0169677734375,1256600,0.0,0.0
2025-09-18 00:00:00-04:00,296.2099914550781,297.239990234375,293.260009765625,293.760009765625,287.2497253417969,1179500,0.0,0.0
2025-09-19 00:00:00-04:00,293.8299865722656,294.94000244140625,287.05999755859375,290.3599853515625,283.925048828125,2573900,0.0,0.0
2025-09-22 00:00:00-04:00,290.1000061035156,290.1000061035156,287.3599853515625,288.6199951171875,282.22357177734375,1340100,0.0,0.0
2025-09-23 00:00:00-04:00,288.7699890136719,292.0799865722656,287.0199890136719,290.0799865722656,283.6512145996094,1447200,0.0,0.0
2025-09-24 00:00:00-04:00,288.7200012207031,292.5,288.7200012207031,291.42999267578125,284.9713134765625,1348500,0.0,0.0
2025-09-25 00:00:00-04:00,292.9700012207031,293.010009765625,282.79998779296875,284.05999755859375,277.7646484375,1571300,0.0,0.0
2025-09-26 00:00:00-04:00,285.2699890136719,286.7799987792969,284.6600036621094,286.1700134277344,279.827880859375,1468600,0.0,0.0
2025-09-29 00:00:00-04:00,285.1000061035156,287.7300109863281,283.57000732421875,286.6400146484375,280.2874755859375,1218000,0.0,0.0
2025-09-30 00:00:00-04:00,286.82000732421875,292.45001220703125,286.45001220703125,288.25,281.86181640625,1692600,0.0,0.0
2025-10-01 00:00:00-04:00,287.9800109863281,292.5299987792969,286.3699951171875,291.6499938964844,285.1864013671875,1788200,0.0,0.0
2025-10-02 00:00:00-04:00,290.010009765625,297.07000732421875,288.1000061035156,296.9800109863281,290.39837646484375,1699500,0.0,0.0
2025-10-03 00:00:00-04:00,296.7699890136719,315.4700012207031,295.95001220703125,311.0,304.1076354980469,2837000,0.0,0.0
2025-10-06 00:00:00-04:00,310.0,311.29998779296875,301.3900146484375,302.989990234375,296.275146484375,1555100,0.0,0.0
2025-10-07 00:00:00-04:00,302.7900085449219,309.25,302.7900085449219,307.1400146484375,300.33319091796875,1037900,0.0,0.0
2025-10-08 00:00:00-04:00,308.0,310.8800048828125,305.17999267578125,306.760009765625,299.96160888671875,1172200,0.0,0.0
2025-10-09 00:00:00-04:00,307.69000244140625,312.17999267578125,305.1300048828125,306.1300048828125,299.3455505371094,1153800,0.0,0.0
2025-10-10 00:00:00-04:00,307.5,308.4599914550781,300.0,300.7300109863281,294.0652160644531,1108400,0.0,0.0
2025-10-13 00:00:00-04:00,298.75,301.3500061035156,295.1199951171875,295.4100036621094,288.86309814453125,845600,0.0,0.0
2025-10-14 00:00:00-04:00,296.3299865722656,303.8800048828125,296.1199951171875,302.1300048828125,295.4342041015625,1073900,0.0,0.0
2025-10-15 00:00:00-04:00,299.2900085449219,301.1700134277344,292.0799865722656,294.57000732421875,288.041748046875,986400,0.0,0.0
2025-10-16 00:00:00-04:00,294.0199890136719,296.25,289.7099914550781,291.07000732421875,284.6192932128906,1029000,0.0,0.0
2025-10-17 00:00:00-04:00,291.75,299.9200134277344,290.5199890136719,299.2699890136719,292.6375427246094,1729700,0.0,0.0
2025-10-20 00:00:00-04:00,299.92999267578125,308.70001220703125,299.3900146484375,306.8399963378906,300.039794921875,1608900,0.0,0.0
2025-10-21 00:00:00-04:00,306.510009765625,309.6000061035156,304.1099853515625,307.5,300.6851806640625,1381100,0.0,0.0
2025-10-22 00:00:00-04:00,307.5400085449219,311.04998779296875,303.67999267578125,307.8699951171875,301.0469970703125,923300,0.0,0.0
2025-10-23 00:00:00-04:00,306.0,306.0,300.5,305.07000732421875,298.3090515136719,1214000,0.0,0.0
2025-10-24 00:00:00-04:00,306.42999267578125,306.42999267578125,300.0799865722656,301.7799987792969,295.0919494628906,1318300,0.0,0.0
2025-10-27 00:00:00-04:00,301.45001220703125,309.7099914550781,301.0,309.17999267578125,302.32794189453125,1375000,0.0,0.0
2025-10-28 00:00:00-04:00,309.6300048828125,311.3399963378906,306.239990234375,308.4100036621094,301.57501220703125,1173600,0.0,0.0
2025-10-29 00:00:00-04:00,305.9200134277344,306.010009765625,298.2200012207031,299.1199951171875,292.4908752441406,1992400,0.0,0.0
2025-10-30 00:00:00-04:00,265.0,273.32000732421875,245.61000061035156,247.10000610351562,241.623779296875,9349000,0.0,0.0
2025-10-31 00:00:00-04:00,248.05999755859375,248.52999877929688,240.6699981689453,244.41000366210938,238.99337768554688,5144700,0.0,0.0
2025-11-03 00:00:00-05:00,242.74000549316406,261.05999755859375,239.50999450683594,258.6199951171875,252.88845825195312,5479600,0.0,0.0
2025-11-04 00:00:00-05:00,257.70001220703125,264.79998779296875,256.0,264.6600036621094,258.79461669921875,3686500,0.0,0.0
2025-11-05 00:00:00-05:00,261.4599914550781,266.17999267578125,259.4700012207031,259.5799865722656,253.8271942138672,3202200,0.0,0.0
2025-11-06 00:00:00-05:00,259.5799865722656,264.57000732421875,255.6699981689453,256.3800048828125,250.6981201171875,2882000,0.0,0.0
2025-11-07 00:00:00-05:00,257.0,265.8800048828125,255.52999877929688,264.5799865722656,258.71636962890625,3025500,0.0,0.0
2025-11-10 00:00:00-05:00,261.1000061035156,263.5899963378906,256.5199890136719,258.1600036621094,252.4386749267578,2543300,0.0,0.0
2025-11-11 00:00:00-05:00,260.260009765625,269.1499938964844,259.510009765625,268.0,262.0605773925781,3298600,0.0,0.0
2025-11-12 00:00:00-05:00,266.5,276.1400146484375,266.5,270.6099853515625,264.61273193359375,2459700,0.0,0.0
2025-11-13 00:00:00-05:00,270.75,275.4100036621094,270.2900085449219,270.8900146484375,264.88653564453125,2678100,0.0,0.0
2025-11-14 00:00:00-05:00,272.0,273.6000061035156,267.69000244140625,269.6600036621094,263.68377685546875,1960300,0.0,0.0
2025-11-17 00:00:00-05:00,269.95001220703125,274.6099853515625,268.3500061035156,271.3299865722656,265.3167419433594,2003300,0.0,0.0
2025-11-18 00:00:00-05:00,270.20001220703125,274.2099914550781,268.2799987792969,272.6099853515625,266.56842041015625,2048200,0.0,0.0
2025-11-19 00:00:00-05:00,274.75,276.0,271.0199890136719,271.989990234375,265.962158203125,1732700,0.0,0.0
2025-11-20 00:00:00-05:00,271.4100036621094,274.42999267578125,267.5199890136719,269.6000061035156,263.6251220703125,2005800,0.0,0.0
2025-11-21 00:00:00-05:00,271.6099853515625,280.0899963378906,270.2200012207031,278.0899963378906,271.927001953125,1928700,0.0,0.0
2025-11-24 00:00:00-05:00,278.5899963378906,281.0,269.5400085449219,271.4700012207031,265.45367431640625,2640400,0.0,0.0
2025-11-25 00:00:00-05:00,273.69000244140625,280.19000244140625,271.239990234375,278.20001220703125,272.0345458984375,1862100,0.0,0.0
2025-11-26 00:00:00-05:00,278.20001220703125,280.5899963378906,276.0,278.3500061035156,272.18121337890625,1103100,0.0,0.0
2025-11-28 00:00:00-05:00,278.94000244140625,280.239990234375,277.04998779296875,277.2799987792969,271.1349182128906,562900,0.0,0.0
2025-12-01 00:00:00-05:00,277.07000732421875,278.69000244140625,273.2699890136719,273.57000732421875,267.50714111328125,1978700,0.0,0.0
2025-12-02 00:00:00-05:00,274.4700012207031,276.1199951171875,271.30999755859375,274.1000061035156,268.025390625,1534600,0.0,0.0
2025-12-03 00:00:00-05:00,276.0,277.9599914550781,270.05999755859375,270.32000732421875,264.3291931152344,1925700,0.0,0.0
2025-12-04 00:00:00-05:00,270.0,272.0899963378906,266.510009765625,268.4200134277344,263.9457092285156,1551400,1.51,0.0
2025-12-05 00:00:00-05:00,268.4599914550781,269.0799865722656,263.8699951171875,265.44000244140625,261.0153503417969,1095700,0.0,0.0
2025-12-08 00:00:00-05:00,265.44000244140625,265.5,258.2699890136719,263.5400085449219,259.14703369140625,2547000,0.0,0.0
2025-12-09 00:00:00-05:00,265.1700134277344,266.5,262.44000244140625,262.7099914550781,258.3308410644531,1160200,0.0,0.0
2025-12-10 00:00:00-05:00,262.1600036621094,264.1499938964844,261.25,262.6000061035156,258.2226867675781,1373700,0.0,0.0
2025-12-11 00:00:00-05:00,264.9100036621094,273.5299987792969,263.7900085449219,272.260009765625,267.7216491699219,2084100,0.0,0.0
2025-12-12 00:00:00-05:00,273.8599853515625,275.2699890136719,272.3999938964844,274.70001220703125,270.1209716796875,1758600,0.0,0.0
2025-12-15 00:00:00-05:00,276.010009765625,278.0,274.2099914550781,277.1499938964844,272.5301513671875,1713700,0.0,0.0
2025-12-16 00:00:00-05:00,277.489990234375,277.67999267578125,274.67999267578125,276.1099853515625,271.5074768066406,1600200,0.0,0.0
2025-12-17 00:00:00-05:00,275.5799865722656,277.510009765625,273.67999267578125,273.8399963378906,269.27532958984375,1681100,0.0,0.0
2025-12-18 00:00:00-05:00,273.1300048828125,275.5299987792969,270.6199951171875,274.0,269.4326477050781,1678900,0.0,0.0
2025-12-19 00:00:00-05:00,273.4800109863281,275.3900146484375,270.7200012207031,271.8900146484375,267.35784912109375,4195300,0.0,0.0
2025-12-22 00:00:00-05:00,268.989990234375,275.739990234375,268.79998779296875,275.6000061035156,271.0059814453125,1420100,0.0,0.0
2025-12-23 00:00:00-05:00,275.42999267578125,275.94000244140625,273.2900085449219,273.75,269.18682861328125,1013000,0.0,0.0
2025-12-24 00:00:00-05:00,274.0,275.7099914550781,272.55999755859375,274.8599853515625,270.2783203125,578400,0.0,0.0
2025-12-26 00:00:00-05:00,275.1600036621094,276.7799987792969,273.94000244140625,276.510009765625,271.9007873535156,760200,0.0,0.0
2025-12-29 00:00:00-05:00,277.0,277.8900146484375,275.30999755859375,276.010009765625,271.4091491699219,992300,0.0,0.0
2025-12-30 00:00:00-05:00,276.0199890136719,277.32000732421875,275.0,276.4800109863281,271.871337890625,787700,0.0,0.0
2025-12-31 00:00:00-05:00,276.510009765625,277.44000244140625,274.6000061035156,275.2300109863281,270.64215087890625,1200600,0.0,0.0
2026-01-02 00:00:00-05:00,276.6600036621094,280.5,274.0,279.1199951171875,274.46728515625,1099400,0.0,0.0
2026-01-05 00:00:00-05:00,277.6199951171875,285.1700134277344,277.1499938964844,283.9700012207031,279.2364807128906,1498900,0.0,0.0
2026-01-06 00:00:00-05:00,284.94000244140625,289.0299987792969,280.760009765625,284.760009765625,280.0132751464844,1720000,0.0,0.0
2026-01-07 00:00:00-05:00,287.0,287.0,277.7900085449219,279.1199951171875,274.46728515625,1947300,0.0,0.0
2026-01-08 00:00:00-05:00,280.30999755859375,286.7300109863281,279.510009765625,283.9100036621094,279.1774597167969,1398600,0.0,0.0
2026-01-09 00:00:00-05:00,286.5299987792969,286.8800048828125,278.20001220703125,278.95001220703125,274.3001403808594,1696400,0.0,0.0
2026-01-12 00:00:00-05:00,279.5,279.5,270.55999755859375,276.0199890136719,271.4189453125,1616600,0.0,0.0
2026-01-13 00:00:00-05:00,276.489990234375,276.5,270.30999755859375,271.80999755859375,267.2791442871094,1014100,0.0,0.0
2026-01-14 00:00:00-05:00,272.19000244140625,276.6700134277344,270.9599914550781,271.0,266.482666015625,1822500,0.0,0.0
2026-01-15 00:00:00-05:00,271.5400085449219,278.0,268.95001220703125,277.94000244140625,273.3069763183594,1656800,0.0,0.0
2026-01-16 00:00:00-05:00,276.32000732421875,276.9599914550781,270.7699890136719,272.2099914550781,267.6724853515625,1702700,0.0,0.0
2026-01-20 00:00:00-05:00,270.57000732421875,274.4800109863281,268.3599853515625,271.239990234375,266.7186584472656,1512800,0.0,0.0
2026-01-21 00:00:00-05:00,271.5400085449219,276.42999267578125,270.6199951171875,274.9100036621094,270.3275146484375,1212800,0.0,0.0
2026-01-22 00:00:00-05:00,274.75,280.7300109863281,274.260009765625,280.3900146484375,275.7161560058594,1427800,0.0,0.0
2026-01-23 00:00:00-05:00,279.989990234375,281.0299987792969,277.739990234375,279.20001220703125,274.5459899902344,1024000,0.0,0.0
2026-01-26 00:00:00-05:00,279.5,281.489990234375,277.1000061035156,280.4100036621094,275.7358093261719,1324000,0.0,0.0
2026-01-27 00:00:00-05:00,279.0,281.3900146484375,269.5799865722656,270.0899963378906,265.58782958984375,2225100,0.0,0.0
2026-01-28 00:00:00-05:00,268.8999938964844,273.5799865722656,265.75,272.3800048828125,267.83966064453125,1583500,0.0,0.0
2026-01-29 00:00:00-05:00,273.5199890136719,276.0899963378906,270.1700134277344,271.2699890136719,266.7481384277344,1554600,0.0,0.0
2026-01-30 00:00:00-05:00,271.510009765625,274.1099853515625,268.45001220703125,274.1099853515625,269.5408020019531,1752400,0.0,0.0
2026-02-02 00:00:00-05:00,272.0899963378906,275.8399963378906,268.760009765625,271.5400085449219,267.013671875,1890600,0.0,0.0
2026-02-03 00:00:00-05:00,271.760009765625,276.7099914550781,271.3299865722656,275.3900146484375,270.7995300292969,1419900,0.0,0.0
2026-02-04 00:00:00-05:00,269.79998779296875,281.8699951171875,269.1600036621094,271.7099914550781,267.1808166503906,4096100,0.0,0.0
2026-02-05 00:00:00-05:00,277.20001220703125,285.0,273.95001220703125,284.5299987792969,279.787109375,3927100,0.0,0.0
2026-02-06 00:00:00-05:00,283.7200012207031,297.79998779296875,283.5,292.04998779296875,287.1817626953125,2865800,0.0,0.0
2026-02-09 00:00:00-05:00,295.0,297.0,288.70001220703125,294.3999938964844,289.49261474609375,1730900,0.0,0.0
2026-02-10 00:00:00-05:00,296.6499938964844,296.8999938964844,287.489990234375,287.80999755859375,283.012451171875,1814200,0.0,0.0
2026-02-11 00:00:00-05:00,286.95001220703125,296.3599853515625,283.20001220703125,294.7300109863281,289.8171081542969,2434200,0.0,0.0
2026-02-12 00:00:00-05:00,294.7300109863281,297.0,286.5,287.6099853515625,282.8157653808594,1412700,0.0,0.0
2026-02-13 00:00:00-05:00,287.6300048828125,293.32000732421875,287.6300048828125,291.44000244140625,286.5819396972656,1071500,0.0,0.0
2026-02-17 00:00:00-05:00,294.42999267578125,297.25,289.4100036621094,290.7099914550781,285.8641052246094,1048200,0.0,0.0
2026-02-18 00:00:00-05:00,290.3399963378906,292.1300048828125,287.6099853515625,290.1199951171875,285.283935546875,932700,0.0,0.0
2026-02-19 00:00:00-05:00,290.010009765625,290.010009765625,285.2900085449219,285.9200134277344,281.1539611816406,830400,0.0,0.0
2026-02-20 00:00:00-05:00,285.6400146484375,286.239990234375,277.1600036621094,280.30999755859375,275.637451171875,1943700,0.0,0.0
2026-02-23 00:00:00-05:00,279.1000061035156,284.3599853515625,278.7200012207031,283.17999267578125,278.4596252441406,1632400,0.0,0.0
2026-02-24 00:00:00-05:00,283.510009765625,284.7200012207031,277.1700134277344,281.0,276.3159484863281,2287500,0.0,0.0
2026-02-25 00:00:00-05:00,283.82000732421875,287.0899963378906,281.8299865722656,284.44000244140625,279.6986389160156,1759500,0.0,0.0
2026-02-26 00:00:00-05:00,286.75,289.5899963378906,285.8599853515625,288.82000732421875,284.005615234375,1215700,0.0,0.0
2026-02-27 00:00:00-05:00,287.7799987792969,290.3800048828125,284.7200012207031,289.82000732421875,284.98895263671875,2245800,0.0,0.0
2026-03-02 00:00:00-05:00,288.9100036621094,292.32000732421875,287.3999938964844,290.8500061035156,286.0018005371094,1295500,0.0,0.0
2026-03-03 00:00:00-05:00,283.0,286.42999267578125,271.7799987792969,283.92999267578125,279.1971130371094,2673700,0.0,0.0
2026-03-04 00:00:00-05:00,281.1000061035156,285.9100036621094,280.79998779296875,284.739990234375,279.9936218261719,1422100,0.0,0.0
2026-03-05 00:00:00-05:00,280.8399963378906,282.5899963378906,279.1099853515625,281.2699890136719,278.1051330566406,1577700,1.56,0.0
2026-03-06 00:00:00-05:00,282.3900146484375,282.3900146484375,267.7699890136719,271.6300048828125,268.5736083984375,2109000,0.0,0.0
2026-03-09 00:00:00-04:00,268.6700134277344,271.25,264.4700012207031,269.6600036621094,266.6257629394531,1677700,0.0,0.0
2026-03-10 00:00:00-04:00,269.8699951171875,270.0,262.0199890136719,262.44000244140625,259.48699951171875,2044800,0.0,0.0
2026-03-11 00:00:00-04:00,262.4100036621094,263.54998779296875,258.1400146484375,260.8699951171875,257.93463134765625,2055800,0.0,0.0
2026-03-12 00:00:00-04:00,263.2799987792969,268.8800048828125,263.0799865722656,265.8800048828125,262.8882751464844,2086600,0.0,0.0
2026-03-13 00:00:00-04:00,270.0,270.9700012207031,265.3599853515625,267.19000244140625,264.18353271484375,1331700,0.0,0.0
2026-03-16 00:00:00-04:00,268.80999755859375,269.8399963378906,266.0199890136719,268.3500061035156,265.33050537109375,1166200,0.0,0.0
2026-03-17 00:00:00-04:00,270.6700134277344,271.6000061035156,261.1400146484375,263.4700012207031,260.50543212890625,2092600,0.0,0.0
2026-03-18 00:00:00-04:00,262.989990234375,268.5899963378906,259.2099914550781,264.6099853515625,261.632568359375,1650500,0.0,0.0
2026-03-19 00:00:00-04:00,266.44000244140625,268.7099914550781,263.3299865722656,264.57000732421875,261.5930480957031,1522500,0.0,0.0
2026-03-20 00:00:00-04:00,263.2799987792969,266.17999267578125,261.010009765625,262.8399963378906,259.8824768066406,3839900,0.0,0.0
2026-03-23 00:00:00-04:00,265.2099914550781,265.5,259.0,261.489990234375,258.54766845703125,2044800,0.0,0.0
2026-03-24 00:00:00-04:00,262.0199890136719,266.760009765625,260.6099853515625,265.8699951171875,262.8783874511719,1319800,0.0,0.0
2026-03-25 00:00:00-04:00,266.3699951171875,270.95001220703125,264.2900085449219,270.3599853515625,267.31787109375,1771900,0.0,0.0
2026-03-26 00:00:00-04:00,269.8500061035156,273.1099853515625,269.8500061035156,272.0799865722656,269.0185241699219,1676900,0.0,0.0
2026-03-27 00:00:00-04:00,271.7900085449219,271.7900085449219,259.82000732421875,261.9599914550781,259.01239013671875,2261600,0.0,0.0
2026-03-30 00:00:00-04:00,264.0299987792969,264.7900085449219,257.8500061035156,258.0799865722656,255.176025390625,2393000,0.0,0.0
2026-03-31 00:00:00-04:00,259.5,267.0,258.010009765625,266.75,263.7485046386719,1509500,0.0,0.0
2026-04-01 00:00:00-04:00,266.54998779296875,268.9100036621094,265.2699890136719,267.32000732421875,264.3121032714844,1157900,0.0,0.0
2026-04-02 00:00:00-04:00,267.4800109863281,271.19000244140625,265.6499938964844,270.0199890136719,266.981689453125,904500,0.0,0.0
2026-04-06 00:00:00-04:00,271.19000244140625,276.6400146484375,269.6400146484375,275.69000244140625,272.587890625,1045100,0.0,0.0
2026-04-07 00:00:00-04:00,278.3599853515625,279.0,272.6700134277344,274.25,271.1640930175781,1515300,0.0,0.0
2026-04-08 00:00:00-04:00,275.9599914550781,277.7900085449219,272.4800109863281,277.55999755859375,274.4368591308594,1067600,0.0,0.0
2026-04-09 00:00:00-04:00,275.92999267578125,279.3599853515625,275.7900085449219,278.45001220703125,275.3168640136719,908000,0.0,0.0
2026-04-10 00:00:00-04:00,277.8699951171875,278.4100036621094,271.1499938964844,271.25,268.1978759765625,906700,0.0,0.0
2026-04-13 00:00:00-04:00,270.0299987792969,275.1400146484375,269.010009765625,275.1199951171875,272.0243225097656,1173100,0.0,0.0
2026-04-14 00:00:00-04:00,273.8599853515625,276.29998779296875,271.510009765625,272.6000061035156,269.5326843261719,939500,0.0,0.0
2026-04-15 00:00:00-04:00,270.9700012207031,271.5299987792969,264.8999938964844,268.6300048828125,265.6073303222656,1886900,0.0,0.0
2026-04-16 00:00:00-04:00,270.5899963378906,276.4700012207031,269.7900085449219,276.3699951171875,273.26025390625,1270600,0.0,0.0
2026-04-17 00:00:00-04:00,275.54998779296875,279.92999267578125,274.80999755859375,278.6400146484375,275.5047302246094,1899100,0.0,0.0
2026-04-20 00:00:00-04:00,279.7799987792969,281.0,278.1099853515625,279.9200134277344,276.77032470703125,1271600,0.0,0.0
2026-04-21 00:00:00-04:00,284.0,285.6700134277344,275.9100036621094,276.69000244140625,273.5766296386719,1975000,0.0,0.0
2026-04-22 00:00:00-04:00,277.0400085449219,280.82000732421875,274.67999267578125,274.70001220703125,271.6090393066406,1357900,0.0,0.0
2026-04-23 00:00:00-04:00,276.2699890136719,280.3599853515625,275.4200134277344,279.7200012207031,276.5725402832031,1694500,0.0,0.0
2026-04-24 00:00:00-04:00,279.3299865722656,280.2099914550781,272.3299865722656,275.6400146484375,272.5384826660156,1594700,0.0,0.0
2026-04-27 00:00:00-04:00,275.30999755859375,284.44000244140625,275.30999755859375,282.5799865722656,279.4003601074219,1467900,0.0,0.0
2026-04-28 00:00:00-04:00,284.6700134277344,288.8999938964844,284.2900085449219,284.9200134277344,281.71405029296875,1800000,0.0,0.0
2026-04-29 00:00:00-04:00,283.3699951171875,293.260009765625,283.3699951171875,292.32000732421875,289.0307922363281,2120400,0.0,0.0
2026-04-30 00:00:00-04:00,293.7699890136719,293.7699890136719,280.1199951171875,290.5799865722656,287.31036376953125,2412500,0.0,0.0
2026-05-01 00:00:00-04:00,289.0799865722656,290.1400146484375,281.30999755859375,282.8999938964844,279.7167663574219,1520000,0.0,0.0
2026-05-04 00:00:00-04:00,283.0,284.04998779296875,277.4100036621094,279.3500061035156,276.20672607421875,1598000,0.0,0.0
2026-05-05 00:00:00-04:00,279.239990234375,280.7799987792969,274.010009765625,275.6600036621094,272.5582580566406,1840300,0.0,0.0
2026-05-06 00:00:00-04:00,276.5199890136719,284.82000732421875,275.760009765625,281.9800109863281,278.8071594238281,2579100,0.0,0.0
2026-05-07 00:00:00-04:00,283.29998779296875,285.57000732421875,280.75,284.0400085449219,280.8439636230469,1201000,0.0,0.0
2026-05-08 00:00:00-04:00,285.6700134277344,288.4700012207031,283.79998779296875,288.05999755859375,284.8187255859375,1659200,0.0,0.0
2026-05-11 00:00:00-04:00,290.3900146484375,293.0,287.0,289.07000732421875,285.8173522949219,1695800,0.0,0.0
2026-05-12 00:00:00-04:00,290.0,298.7099914550781,286.42999267578125,298.489990234375,295.13134765625,2291500,0.0,0.0
2026-05-13 00:00:00-04:00,298.2900085449219,303.3299865722656,296.510009765625,300.7099914550781,297.32635498046875,2224300,0.0,0.0
2026-05-14 00:00:00-04:00,300.8999938964844,300.8999938964844,294.2200012207031,294.92999267578125,291.61138916015625,1409800,0.0,0.0
2026-05-15 00:00:00-04:00,294.0,296.2699890136719,284.9100036621094,285.2699890136719,282.0600891113281,2177800,0.0,0.0
2026-05-18 00:00:00-04:00,286.239990234375,290.32000732421875,283.739990234375,286.69000244140625,283.464111328125,1375000,0.0,0.0
2026-05-19 00:00:00-04:00,286.0799865722656,293.25,281.3299865722656,291.2799987792969,288.00250244140625,1259600,0.0,0.0
2026-05-20 00:00:00-04:00,291.2699890136719,292.3599853515625,283.0,283.1000061035156,279.9145202636719,1291400,0.0,0.0
2026-05-21 00:00:00-04:00,281.5199890136719,285.4800109863281,279.6700134277344,282.0199890136719,278.8466796875,1158400,0.0,0.0
2026-05-22 00:00:00-04:00,284.0799865722656,286.55999755859375,281.9599914550781,286.239990234375,283.0191650390625,1435100,0.0,0.0
2026-05-26 00:00:00-04:00,283.0,284.239990234375,279.6700134277344,280.8299865722656,277.6700744628906,2321800,0.0,0.0
2026-05-27 00:00:00-04:00,281.5,286.6400146484375,281.0899963378906,285.75,282.53472900390625,1422900,0.0,0.0
2026-05-28 00:00:00-04:00,286.1300048828125,288.6700134277344,284.0,284.3299865722656,281.13067626953125,1531800,0.0,0.0
2026-05-29 00:00:00-04:00,284.20001220703125,287.30999755859375,276.1400146484375,277.3999938964844,274.2786560058594,2400100,0.0,0.0
2026-06-01 00:00:00-04:00,275.6199951171875,277.9800109863281,273.07000732421875,274.19000244140625,271.1047668457031,1077900,0.0,0.0
2026-06-02 00:00:00-04:00,273.70001220703125,277.0799865722656,271.4599914550781,272.7200012207031,269.6513366699219,1300500,0.0,0.0
2026-06-03 00:00:00-04:00,272.489990234375,274.760009765625,270.42999267578125,270.7300109863281,267.6837463378906,1408300,0.0,0.0
2026-06-04 00:00:00-04:00,277.0,284.1199951171875,275.55999755859375,280.67999267578125,279.1301574707031,2551000,1.56,0.0
2026-06-05 00:00:00-04:00,283.0,290.32000732421875,283.0,289.4800109863281,287.881591796875,1703900,0.0,0.0
2026-06-08 00:00:00-04:00,287.510009765625,291.3999938964844,286.260009765625,289.6099853515625,288.0108337402344,1512300,0.0,0.0
2026-06-09 00:00:00-04:00,290.79998779296875,295.0400085449219,289.3800048828125,295.0,293.37109375,1685500,0.0,0.0
2026-06-10 00:00:00-04:00,298.0,298.0,290.3900146484375,295.80999755859375,294.1766052246094,1472400,0.0,0.0
2026-06-11 00:00:00-04:00,296.8699951171875,297.2200012207031,293.3999938964844,294.8399963378906,293.21197509765625,1132500,0.0,0.0
2026-06-12 00:00:00-04:00,296.2200012207031,299.2699890136719,295.25,298.0,296.3545227050781,1324100,0.0,0.0
2026-06-15 00:00:00-04:00,296.6000061035156,298.0,291.489990234375,293.8299865722656,292.2075500488281,1125100,0.0,0.0
2026-06-16 00:00:00-04:00,295.67999267578125,295.7200012207031,288.3699951171875,291.8800048828125,290.2683410644531,1081900,0.0,0.0
2026-06-17 00:00:00-04:00,290.1300048828125,291.1499938964844,284.1099853515625,285.0899963378906,283.51580810546875,1047600,0.0,0.0
2026-06-18 00:00:00-04:00,284.8299865722656,286.19000244140625,279.20001220703125,279.2699890136719,277.7279357910156,2445700,0.0,0.0
2026-06-22 00:00:00-04:00,282.260009765625,284.25,279.3900146484375,282.0799865722656,280.5224304199219,1498600,0.0,0.0
2026-06-23 00:00:00-04:00,286.7300109863281,286.7300109863281,281.0400085449219,283.0799865722656,281.51690673828125,1401900,0.0,0.0
2026-06-24 00:00:00-04:00,283.6400146484375,283.6400146484375,275.2900085449219,279.4599914550781,277.9169006347656,2698100,0.0,0.0
2026-06-25 00:00:00-04:00,278.8999938964844,285.5,278.8999938964844,281.8699951171875,280.3135986328125,1264300,0.0,0.0
2026-06-26 00:00:00-04:00,284.1600036621094,289.0,280.7099914550781,282.7900085449219,281.228515625,3279700,0.0,0.0
2026-06-29 00:00:00-04:00,283.1000061035156,284.3500061035156,278.44000244140625,278.739990234375,277.20086669921875,1370900,0.0,0.0
2026-06-30 00:00:00-04:00,279.4700012207031,279.6400146484375,275.6099853515625,275.67999267578125,274.15777587890625,1458600,0.0,0.0
2026-07-01 00:00:00-04:00,276.739990234375,279.54998779296875,273.6600036621094,277.07000732421875,275.54010009765625,2225400,0.0,0.0
2026-07-02 00:00:00-04:00,280.3800048828125,287.7699890136719,278.7900085449219,287.7699890136719,286.1809997558594,2108800,0.0,0.0
2026-07-06 00:00:00-04:00,287.1300048828125,287.3800048828125,275.79998779296875,281.9800109863281,280.4230041503906,1771000,0.0,0.0
2026-07-07 00:00:00-04:00,286.5299987792969,289.9100036621094,284.3399963378906,286.6199951171875,285.037353515625,1095700,0.0,0.0
2026-07-08 00:00:00-04:00,287.42999267578125,291.7900085449219,284.2300109863281,289.7300109863281,288.1302185058594,1196500,0.0,0.0
2026-07-09 00:00:00-04:00,290.260009765625,296.6000061035156,288.67999267578125,291.79998779296875,290.1887512207031,1196800,0.0,0.0
2026-07-10 00:00:00-04:00,293.57000732421875,294.2300109863281,289.30999755859375,293.4599914550781,291.839599609375,761500,0.0,0.0
2026-07-13 00:00:00-04:00,295.75,305.25,294.8800048828125,304.5,302.8186340332031,1283400,0.0,0.0
2026-07-14 00:00:00-04:00,304.5,305.44000244140625,298.5199890136719,303.3500061035156,301.67498779296875,1027900,0.0,0.0
2026-07-15 00:00:00-04:00,300.1099853515625,304.8299865722656,291.5199890136719,297.80999755859375,296.16558837890625,1655900,0.0,0.0
2026-07-16 00:00:00-04:00,290.0,291.94000244140625,278.8599853515625,283.82000732421875,282.2528381347656,3402200,0.0,0.0
2026-07-17 00:00:00-04:00,286.57000732421875,289.6600036621094,279.75,281.45001220703125,279.89593505859375,3033700,0.0,0.0
2026-07-20 00:00:00-04:00,281.2300109863281,285.75,281.1400146484375,283.94000244140625,282.3721618652344,1663400,0.0,0.0
2026-07-21 00:00:00-04:00,282.0,290.5400085449219,280.55999755859375,290.489990234375,288.885986328125,1353800,0.0,0.0
2026-07-22 00:00:00-04:00,291.67999267578125,293.2099914550781,284.6600036621094,284.8500061035156,283.27716064453125,1411200,0.0,0.0
2026-07-23 00:00:00-04:00,285.54998779296875,289.9599914550781,283.5,286.2900085449219,284.7091979980469,1039800,0.0,0.0
2026-07-24 00:00:00-04:00,288.0799865722656,290.57000732421875,285.92999267578125,289.57000732421875,287.9710693359375,1084200,0.0,0.0
2026-07-27 00:00:00-04:00,289.6499938964844,293.3299865722656,286.7099914550781,291.0199890136719,289.4130554199219,1313500,0.0,0.0
2026-07-28 00:00:00-04:00,293.5799865722656,304.69000244140625,291.8900146484375,301.05999755859375,299.39764404296875,1858800,0.0,0.0
2026-07-29 00:00:00-04:00,303.0,303.0,296.2200012207031,296.4700012207031,294.8329772949219,1719300,0.0,0.0
2026-07-30 00:00:00-04:00,286.0,291.95001220703125,281.0299987792969,287.6600036621094,286.0716247558594,2320600,0.0,0.0
2026-07-31 00:00:00-04:00,285.1099853515625,287.3500061035156,278.9700012207031,279.04998779296875,277.5091552734375,2189900,0.0,0.0
2026-08-03 00:00:00-04:00,279.04998779296875,283.8299865722656,276.7099914550781,282.05999755859375,280.5025329589844,1789300,0.0,0.0
2026-08-04 00:00:00-04:00,276.2699890136719,276.9800109863281,272.0799865722656,274.04998779296875,272.5367736816406,2799200,0.0,0.0
2026-08-05 00:00:00-04:00,268.239990234375,272.5199890136719,263.1099853515625,270.5,269.0063781738281,4640900,0.0,0.0
2026-08-06 00:00:00-04:00,273.3699951171875,276.7300109863281,269.010009765625,275.25,273.7301330566406,2978300,0.0,0.0
2026-08-07 00:00:00-04:00,274.489990234375,283.29998779296875,273.0299987792969,282.489990234375,280.93017578125,2289000,0.0,0.0
2026-08-10 00:00:00-04:00,282.5400085449219,285.739990234375,277.5799865722656,278.3999938964844,276.8627624511719,1457900,0.0,0.0
2026-08-11 00:00:00-04:00,279.4800109863281,279.8900146484375,270.9100036621094,273.8699951171875,272.3577575683594,1740400,0.0,0.0
2026-08-12 00:00:00-04:00,272.82000732421875,279.07000732421875,272.4599914550781,277.4100036621094,275.87823486328125,1531900,0.0,0.0
2026-08-13 00:00:00-04:00,278.5899963378906,280.32000732421875,277.239990234375,277.989990234375,276.45501708984375,1399900,0.0,0.0
2026-08-14 00:00:00-04:00,278.5400085449219,283.0,277.69000244140625,282.55999755859375,280.9997863769531,895800,0.0,0.0
2026-08-17 00:00:00-04:00,280.0,280.1199951171875,274.6099853515625,275.3299865722656,273.8096923828125,893500,0.0,0.0
2026-08-18 00:00:00-04:00,278.5,282.5799865722656,277.7300109863281,278.5,276.9621887207031,920800,0.0,0.0
2026-08-19 00:00:00-04:00,279.6099853515625,282.75,276.9100036621094,277.45001220703125,275.9179992675781,1125700,0.0,0.0
2026-08-20 00:00:00-04:00,277.239990234375,278.79998779296875,274.0400085449219,274.4100036621094,272.894775390625,1088700,0.0,0.0
2026-08-21 00:00:00-04:00,274.80999755859375,279.3900146484375,274.25,277.510009765625,275.9776916503906,2057400,0.0,0.0
2026-08-24 00:00:00-04:00,278.510009765625,281.7300109863281,276.9599914550781,280.45001220703125,278.9014587402344,1971700,0.0,0.0
2026-08-25 00:00:00-04:00,278.8699951171875,279.54998779296875,276.25,279.32000732421875,277.7776794433594,1644800,0.0,0.0
2026-08-26 00:00:00-04:00,279.70001220703125,286.010009765625,279.3999938964844,280.8699951171875,279.3191223144531,1228300,0.0,0.0
2026-08-27 00:00:00-04:00,277.7900085449219,281.79998779296875,276.30999755859375,277.6700134277344,276.1368103027344,1228600,0.0,0.0
2026-08-28 00:00:00-04:00,280.67999267578125,280.67999267578125,277.6499938964844,278.8800048828125,277.3401184082031,1602400,0.0,0.0
2026-08-31 00:00:00-04:00,278.989990234375,278.989990234375,275.5899963378906,276.0799865722656,274.5555419921875,1421600,0.0,0.0
2026-09-01 00:00:00-04:00,279.6600036621094,283.55999755859375,278.7099914550781,283.05999755859375,281.49700927734375,1304800,0.0,0.0
2026-09-02 00:00:00-04:00,283.1000061035156,286.80999755859375,280.70001220703125,282.8399963378906,281.2782287597656,1493000,0.0,0.0
2026-09-03 00:00:00-04:00,284.04998779296875,286.5299987792969,280.95001220703125,286.260009765625,284.6793518066406,1666400,0.0,0.0
2026-09-04 00:00:00-04:00,283.05999755859375,284.6700134277344,281.6300048828125,282.5199890136719,280.9599914550781,1204700,0.0,0.0
2026-09-08 00:00:00-04:00,279.1000061035156,279.3699951171875,275.260009765625,275.8299865722656,275.8299865722656,1590200,1.56,0.0
2026-09-09 00:00:00-04:00,279.0,282.45001220703125,272.3399963378906,278.1700134277344,278.1700134277344,1551400,0.0,0.0
2026-09-10 00:00:00-04:00,280.55999755859375,285.5,278.94000244140625,280.9100036621094,280.9100036621094,1546800,0.0,0.0
2026-09-11 00:00:00-04:00,283.010009765625,285.0,277.510009765625,280.760009765625,280.760009765625,1342100,0.0,0.0
2026-09-14 00:00:00-04:00,284.6000061035156,290.94000244140625,284.6000061035156,290.04998779296875,290.04998779296875,1307200,0.0,0.0
2026-09-15 00:00:00-04:00,289.8999938964844,290.7200012207031,286.7200012207031,288.8999938964844,288.8999938964844,1257200,0.0,0.0
2026-09-16 00:00:00-04:00,288.30999755859375,289.8900146484375,280.0899963378906,280.45001220703125,280.45001220703125,1166000,0.0,0.0
2026-09-17 00:00:00-04:00,280.8299865722656,281.4100036621094,275.760009765625,276.0,276.0,1174400,0.0,0.0
2026-09-18 00:00:00-04:00,274.8599853515625,277.7200012207031,273.739990234375,275.2799987792969,275.2799987792969,2329600,0.0,0.0
2026-09-21 00:00:00-04:00,275.9100036621094,275.9100036621094,272.6199951171875,274.4700012207031,274.4700012207031,1394900,0.0,0.0
2026-09-22 00:00:00-04:00,276.8500061035156,278.4700012207031,272.7300109863281,273.739990234375,273.739990234375,1467500,0.0,0.0
2026-09-23 00:00:00-04:00,273.260009765625,274.75,267.0199890136719,268.2699890136719,268.2699890136719,1829700,0.0,0.0
2026-09-24 00:00:00-04:00,267.8999938964844,269.3299865722656,263.760009765625,265.5,265.5,1611900,0.0,0.0
2026-09-25 00:00:00-04:00,266.1300048828125,273.3599853515625,265.3500061035156,272.010009765625,272.010009765625,1821800,0.0,0.0
2026-09-28 00:00:00-04:00,272.4800109863281,272.489990234375,269.04998779296875,271.8299865722656,271.8299865722656,1752800,0.0,0.0
2026-09-29 00:00:00-04:00,269.9700012207031,276.6099853515625,269.010009765625,275.260009765625,275.260009765625,1978700,0.0,0.0
2026-09-30 00:00:00-04:00,274.0299987792969,278.8800048828125,263.3599853515625,271.8299865722656,271.8299865722656,3080100,0.0,0.0
