Date,Open,High,Low,Close,Adj Close,Volume,Dividends,Stock Splits
2010-09-01 00:00:00-04:00,65.69999694824219,66.7699966430664,65.20999908447266,66.37000274658203,46.07578659057617,2064900,0.25,0.0
2010-09-02 00:00:00-04:00,66.62999725341797,67.30999755859375,66.5999984741211,67.2300033569336,46.672847747802734,973900,0.0,0.0
2010-09-03 00:00:00-04:00,67.94000244140625,68.20999908447266,67.30999755859375,67.55999755859375,46.90191650390625,1323700,0.0,0.0
2010-09-07 00:00:00-04:00,67.44999694824219,67.68000030517578,66.79000091552734,67.05999755859375,46.55483627319336,1132700,0.0,0.0
2010-09-08 00:00:00-04:00,67.29000091552734,68.41999816894531,67.19000244140625,67.66999816894531,46.978302001953125,1276700,0.0,0.0
2010-09-09 00:00:00-04:00,68.12000274658203,68.33999633789062,67.47000122070312,67.69000244140625,46.99216842651367,1121600,0.0,0.0
2010-09-10 00:00:00-04:00,67.91999816894531,68.05000305175781,67.31999969482422,67.5,46.860260009765625,1065200,0.0,0.0
2010-09-13 00:00:00-04:00,68.05999755859375,68.38999938964844,67.48999786376953,68.0,47.20738220214844,1550100,0.0,0.0
2010-09-14 00:00:00-04:00,67.70999908447266,68.41000366210938,67.38999938964844,68.0,47.20738220214844,2079600,0.0,0.0
2010-09-15 00:00:00-04:00,67.8499984741211,68.37999725341797,67.44000244140625,68.20999908447266,47.35318374633789,864200,0.0,0.0
2010-09-16 00:00:00-04:00,67.86000061035156,68.0999984741211,67.51000213623047,67.83999633789062,47.09630584716797,940700,0.0,0.0
2010-09-17 00:00:00-04:00,68.23999786376953,68.58999633789062,67.86000061035156,68.44999694824219,47.51978302001953,1536800,0.0,0.0
2010-09-20 00:00:00-04:00,68.79000091552734,69.58000183105469,68.66000366210938,68.79000091552734,47.755828857421875,1153200,0.0,0.0
2010-09-21 00:00:00-04:00,68.94000244140625,69.48999786376953,68.69000244140625,68.83999633789062,47.790531158447266,1298100,0.0,0.0
2010-09-22 00:00:00-04:00,68.8499984741211,69.38999938964844,67.7300033569336,68.08000183105469,47.262908935546875,1556300,0.0,0.0
2010-09-23 00:00:00-04:00,67.5999984741211,68.13999938964844,66.76000213623047,67.11000061035156,46.58952713012695,1262800,0.0,0.0
2010-09-24 00:00:00-04:00,67.81999969482422,68.91000366210938,67.77999877929688,68.5999984741211,47.623905181884766,1499200,0.0,0.0
2010-09-27 00:00:00-04:00,68.5999984741211,69.06999969482422,68.27999877929688,68.69000244140625,47.68638610839844,1022700,0.0,0.0
2010-09-28 00:00:00-04:00,68.94000244140625,69.93000030517578,68.41000366210938,69.41000366210938,48.18626403808594,1846000,0.0,0.0
2010-09-29 00:00:00-04:00,69.13999938964844,69.58999633789062,68.55999755859375,69.56999969482422,48.29731369018555,1467900,0.0,0.0
2010-09-30 00:00:00-04:00,69.77999877929688,70.87000274658203,69.41999816894531,69.91999816894531,48.54029846191406,2352200,0.0,0.0
2010-10-01 00:00:00-04:00,70.41000366210938,70.58000183105469,69.13999938964844,69.63999938964844,48.34592056274414,1964100,0.0,0.0
2010-10-04 00:00:00-04:00,69.75,69.87000274658203,68.73999786376953,69.54000091552734,48.2765007019043,1530800,0.0,0.0
2010-10-05 00:00:00-04:00,69.94999694824219,72.33999633789062,69.94999694824219,70.88999938964844,49.21369171142578,4105700,0.0,0.0
2010-10-06 00:00:00-04:00,71.05000305175781,71.81999969482422,70.98999786376953,71.0999984741211,49.35948944091797,1919200,0.0,0.0
2010-10-07 00:00:00-04:00,71.16000366210938,71.30999755859375,70.52999877929688,71.0999984741211,49.35948944091797,1475300,0.0,0.0
2010-10-08 00:00:00-04:00,71.22000122070312,71.88999938964844,70.55000305175781,71.20999908447266,49.43585968017578,1696800,0.0,0.0
2010-10-11 00:00:00-04:00,71.04000091552734,71.58999633789062,70.55000305175781,71.12000274658203,49.373390197753906,1159900,0.0,0.0
2010-10-12 00:00:00-04:00,71.0999984741211,71.25,70.20999908447266,70.62999725341797,49.033206939697266,1232900,0.0,0.0
2010-10-13 00:00:00-04:00,70.7300033569336,72.0,70.69999694824219,71.5,49.63717269897461,1427100,0.0,0.0
2010-10-14 00:00:00-04:00,70.86000061035156,72.38999938964844,70.86000061035156,72.05999755859375,50.02593231201172,2683900,0.0,0.0
2010-10-15 00:00:00-04:00,72.62000274658203,72.98999786376953,72.19000244140625,72.23999786376953,50.15090560913086,2495100,0.0,0.0
2010-10-18 00:00:00-04:00,72.12999725341797,72.12999725341797,71.44000244140625,71.76000213623047,49.817684173583984,1089400,0.0,0.0
2010-10-19 00:00:00-04:00,71.29000091552734,72.23999786376953,70.95999908447266,71.69999694824219,49.77603530883789,2100300,0.0,0.0
2010-10-20 00:00:00-04:00,71.9000015258789,72.83000183105469,71.80000305175781,72.36000061035156,50.23419952392578,1216600,0.0,0.0
2010-10-21 00:00:00-04:00,72.69999694824219,72.72000122070312,71.73999786376953,72.4000015258789,50.261985778808594,1048100,0.0,0.0
2010-10-22 00:00:00-04:00,72.52999877929688,72.55000305175781,71.8499984741211,72.5199966430664,50.34529113769531,685800,0.0,0.0
2010-10-25 00:00:00-04:00,72.72000122070312,73.31999969482422,72.62000274658203,72.77999877929688,50.525794982910156,1325800,0.0,0.0
2010-10-26 00:00:00-04:00,72.44000244140625,73.12999725341797,71.83000183105469,71.9800033569336,49.970394134521484,1699100,0.0,0.0
2010-10-27 00:00:00-04:00,69.58000183105469,71.70999908447266,69.1500015258789,71.48999786376953,49.63023376464844,1570600,0.0,0.0
2010-10-28 00:00:00-04:00,71.05000305175781,71.33000183105469,69.87000274658203,70.18000030517578,48.72079849243164,1899400,0.0,0.0
2010-10-29 00:00:00-04:00,70.05000305175781,70.87000274658203,69.94999694824219,70.4800033569336,48.92905807495117,1205800,0.0,0.0
2010-11-01 00:00:00-04:00,70.56999969482422,71.38999938964844,70.29000091552734,70.48999786376953,48.936004638671875,973100,0.0,0.0
2010-11-02 00:00:00-04:00,71.04000091552734,71.3499984741211,70.68000030517578,71.08999633789062,49.352542877197266,693500,0.0,0.0
2010-11-03 00:00:00-04:00,71.05000305175781,71.23999786376953,69.70999908447266,70.54000091552734,48.97073745727539,1369300,0.0,0.0
2010-11-04 00:00:00-04:00,71.18000030517578,72.38999938964844,70.91999816894531,72.25,50.1578483581543,1509400,0.0,0.0
2010-11-05 00:00:00-04:00,72.30000305175781,72.45999908447266,71.41000366210938,71.79000091552734,49.83849334716797,944500,0.0,0.0
2010-11-08 00:00:00-05:00,71.37000274658203,72.30999755859375,71.31999969482422,72.16999816894531,50.10231399536133,751600,0.0,0.0
2010-11-09 00:00:00-05:00,72.16999816894531,72.31999969482422,70.86000061035156,71.19000244140625,49.42197036743164,779000,0.0,0.0
2010-11-10 00:00:00-05:00,71.37000274658203,71.55000305175781,70.41000366210938,70.69000244140625,49.074851989746094,1153000,0.0,0.0
2010-11-11 00:00:00-05:00,70.30999755859375,71.88999938964844,70.25,71.80000305175781,49.845458984375,1137700,0.0,0.0
2010-11-12 00:00:00-05:00,71.33000183105469,71.69999694824219,70.72000122070312,71.19999694824219,49.428897857666016,834500,0.0,0.0
2010-11-15 00:00:00-05:00,71.61000061035156,72.08000183105469,71.23999786376953,71.4000015258789,49.56775665283203,698100,0.0,0.0
2010-11-16 00:00:00-05:00,71.05999755859375,71.23999786376953,70.16000366210938,70.81999969482422,49.16510009765625,1110100,0.0,0.0
2010-11-17 00:00:00-05:00,70.69000244140625,71.25,70.29000091552734,71.08000183105469,49.34559631347656,1130400,0.0,0.0
2010-11-18 00:00:00-05:00,71.58999633789062,72.91999816894531,71.31999969482422,72.25,50.1578483581543,1185300,0.0,0.0
2010-11-19 00:00:00-05:00,72.30000305175781,72.8499984741211,72.06999969482422,72.8499984741211,50.57438659667969,1095100,0.0,0.0
2010-11-22 00:00:00-05:00,72.44000244140625,73.2300033569336,72.08000183105469,72.87999725341797,50.59521484375,718200,0.0,0.0
2010-11-23 00:00:00-05:00,72.2699966430664,72.4000015258789,71.69999694824219,72.33000183105469,50.21338653564453,656100,0.0,0.0
2010-11-24 00:00:00-05:00,72.80999755859375,74.58000183105469,72.69999694824219,74.22000122070312,51.52546310424805,1240600,0.0,0.0
2010-11-26 00:00:00-05:00,73.86000061035156,74.37999725341797,73.69999694824219,74.11000061035156,51.449092864990234,323300,0.0,0.0
2010-11-29 00:00:00-05:00,73.94999694824219,74.06999969482422,72.94000244140625,73.5199966430664,51.039512634277344,1544800,0.0,0.0
2010-11-30 00:00:00-05:00,72.94999694824219,74.16999816894531,72.87000274658203,73.70999908447266,51.17143630981445,2224300,0.0,0.0
2010-12-01 00:00:00-05:00,74.52999877929688,75.5,74.2699966430664,75.05999755859375,52.10861587524414,1414600,0.0,0.0
2010-12-02 00:00:00-05:00,75.05000305175781,75.81999969482422,74.8499984741211,75.80999755859375,52.62929153442383,1385400,0.0,0.0
2010-12-03 00:00:00-05:00,75.6500015258789,76.41999816894531,75.45999908447266,76.3499984741211,53.00417709350586,751800,0.0,0.0
2010-12-06 00:00:00-05:00,76.31999969482422,76.4800033569336,75.75,75.94000244140625,52.71955490112305,1398600,0.0,0.0
2010-12-07 00:00:00-05:00,76.45999908447266,76.75,76.05000305175781,76.43000030517578,53.059696197509766,1192200,0.0,0.0
2010-12-08 00:00:00-05:00,76.44000244140625,77.18000030517578,76.18000030517578,77.1500015258789,53.55954360961914,1110400,0.0,0.0
2010-12-09 00:00:00-05:00,77.33000183105469,78.05999755859375,77.08000183105469,77.76000213623047,53.983036041259766,1288400,0.0,0.0
2010-12-10 00:00:00-05:00,77.94999694824219,78.20999908447266,77.23999786376953,78.12000274658203,54.43596649169922,1058400,0.29,0.0
2010-12-13 00:00:00-05:00,78.36000061035156,78.48999786376953,77.70999908447266,78.06999969482422,54.401119232177734,897100,0.0,0.0
2010-12-14 00:00:00-05:00,78.33999633789062,78.70999908447266,78.0199966430664,78.45999908447266,54.67288589477539,736300,0.0,0.0
2010-12-15 00:00:00-05:00,78.29000091552734,79.20999908447266,78.20999908447266,78.5199966430664,54.71470260620117,1169100,0.0,0.0
2010-12-16 00:00:00-05:00,78.37000274658203,79.55999755859375,78.11000061035156,79.19999694824219,55.39310836791992,1195200,0.29,0.0
2010-12-17 00:00:00-05:00,78.5999984741211,79.4800033569336,78.11000061035156,79.0,55.25324630737305,2765000,0.0,0.0
2010-12-20 00:00:00-05:00,79.13999938964844,79.29000091552734,78.25,79.0,55.25324630737305,1301700,0.0,0.0
2010-12-21 00:00:00-05:00,79.27999877929688,80.61000061035156,79.11000061035156,80.02999877929688,55.97364807128906,959900,0.0,0.0
2010-12-22 00:00:00-05:00,79.88999938964844,80.23999786376953,79.55999755859375,79.91000366210938,55.88969802856445,842100,0.0,0.0
2010-12-23 00:00:00-05:00,79.68000030517578,80.06999969482422,79.5199966430664,79.70999908447266,55.74982452392578,637700,0.0,0.0
2010-12-27 00:00:00-05:00,79.5,80.05999755859375,79.30000305175781,79.76000213623047,55.784793853759766,536900,0.0,0.0
2010-12-28 00:00:00-05:00,79.76000213623047,80.2300033569336,79.20999908447266,79.69000244140625,55.73583984375,675200,0.0,0.0
2010-12-29 00:00:00-05:00,80.0,81.0199966430664,79.62000274658203,80.5,56.30235290527344,1035400,0.0,0.0
2010-12-30 00:00:00-05:00,80.5,80.62999725341797,79.7300033569336,80.08000183105469,56.00861358642578,839700,0.0,0.0
2010-12-31 00:00:00-05:00,79.91999816894531,80.48999786376953,79.63999938964844,80.19000244140625,56.08552169799805,1182100,0.0,0.0
2011-01-03 00:00:00-05:00,80.91000366210938,82.05000305175781,80.91000366210938,81.51000213623047,57.008750915527344,1718400,0.0,0.0
2011-01-04 00:00:00-05:00,80.31999969482422,80.87000274658203,80.05000305175781,80.44999694824219,56.267372131347656,1758900,0.0,0.0
2011-01-05 00:00:00-05:00,79.20999908447266,80.48999786376953,79.16000366210938,79.87999725341797,55.86875534057617,1984100,0.0,0.0
2011-01-06 00:00:00-05:00,79.79000091552734,80.26000213623047,79.19000244140625,79.63999938964844,55.70085906982422,1618600,0.0,0.0
2011-01-07 00:00:00-05:00,79.91000366210938,80.3499984741211,79.16000366210938,79.55999755859375,55.6448974609375,1782400,0.0,0.0
2011-01-10 00:00:00-05:00,79.23999786376953,79.83000183105469,78.69999694824219,79.58000183105469,55.65891647338867,1533300,0.0,0.0
2011-01-11 00:00:00-05:00,79.70999908447266,80.08999633789062,78.94000244140625,79.51000213623047,55.609947204589844,764600,0.0,0.0
2011-01-12 00:00:00-05:00,79.91000366210938,79.94999694824219,79.54000091552734,79.75,55.77779006958008,616500,0.0,0.0
2011-01-13 00:00:00-05:00,79.62000274658203,79.95999908447266,79.12000274658203,79.37999725341797,55.51902770996094,596800,0.0,0.0
2011-01-14 00:00:00-05:00,79.31999969482422,79.66000366210938,78.81999969482422,78.87999725341797,55.16933059692383,1479100,0.0,0.0
2011-01-18 00:00:00-05:00,79.05999755859375,79.48999786376953,78.97000122070312,79.33000183105469,55.48404312133789,924700,0.0,0.0
2011-01-19 00:00:00-05:00,79.01000213623047,79.01000213623047,77.38999938964844,77.72000122070312,54.3580207824707,1618500,0.0,0.0
2011-01-20 00:00:00-05:00,77.81999969482422,78.5,77.41999816894531,77.80000305175781,54.41394805908203,1154200,0.0,0.0
2011-01-21 00:00:00-05:00,78.05000305175781,78.05000305175781,77.20999908447266,77.62000274658203,54.28805923461914,1008100,0.0,0.0
2011-01-24 00:00:00-05:00,77.73999786376953,78.12000274658203,77.29000091552734,77.75,54.37898635864258,731300,0.0,0.0
2011-01-25 00:00:00-05:00,77.36000061035156,77.87999725341797,76.81999969482422,77.83000183105469,54.4349250793457,1093800,0.0,0.0
2011-01-26 00:00:00-05:00,77.8499984741211,78.37000274658203,77.45999908447266,78.12000274658203,54.63776779174805,903600,0.0,0.0
2011-01-27 00:00:00-05:00,77.8499984741211,78.13999938964844,77.66000366210938,77.73999786376953,54.37197494506836,1391100,0.0,0.0
2011-01-28 00:00:00-05:00,77.9800033569336,78.08000183105469,75.9000015258789,76.02999877929688,53.175994873046875,1670600,0.0,0.0
2011-01-31 00:00:00-05:00,76.11000061035156,77.27999877929688,75.8499984741211,77.08999633789062,53.91738510131836,1224400,0.0,0.0
2011-02-01 00:00:00-05:00,77.43000030517578,78.63999938964844,77.2699966430664,78.19999694824219,54.6937141418457,1725300,0.0,0.0
2011-02-02 00:00:00-05:00,75.19999694824219,78.19999694824219,73.69999694824219,73.73999786376953,51.57435607910156,5322600,0.0,0.0
2011-02-03 00:00:00-05:00,73.5999984741211,75.06999969482422,73.56999969482422,74.44000244140625,52.06394958496094,2037200,0.0,0.0
2011-02-04 00:00:00-05:00,74.4000015258789,74.4000015258789,73.30999755859375,74.05999755859375,51.79817199707031,1373000,0.0,0.0
2011-02-07 00:00:00-05:00,74.05000305175781,74.37000274658203,73.38999938964844,74.11000061035156,51.833126068115234,1132300,0.0,0.0
2011-02-08 00:00:00-05:00,74.0199966430664,74.08000183105469,73.01000213623047,73.56999969482422,51.45547866821289,1389700,0.0,0.0
2011-02-09 00:00:00-05:00,73.30999755859375,74.08000183105469,73.08000183105469,73.91999816894531,51.70024490356445,816100,0.0,0.0
2011-02-10 00:00:00-05:00,73.3499984741211,74.75,73.3499984741211,74.5999984741211,52.17586135864258,1004800,0.0,0.0
2011-02-11 00:00:00-05:00,74.11000061035156,75.37000274658203,73.9000015258789,75.06999969482422,52.50455856323242,1527000,0.0,0.0
2011-02-14 00:00:00-05:00,75.08000183105469,75.47000122070312,73.87000274658203,73.91000366210938,51.69324493408203,1348800,0.0,0.0
2011-02-15 00:00:00-05:00,73.94000244140625,74.37000274658203,73.52999877929688,74.05000305175781,51.79117202758789,1098500,0.0,0.0
2011-02-16 00:00:00-05:00,74.0999984741211,75.51000213623047,73.87999725341797,74.91999816894531,52.39965057373047,929700,0.0,0.0
2011-02-17 00:00:00-05:00,74.63999938964844,75.44999694824219,74.5199966430664,75.01000213623047,52.46259307861328,758800,0.0,0.0
2011-02-18 00:00:00-05:00,75.01000213623047,75.44000244140625,74.79000091552734,74.98999786376953,52.44861602783203,1359900,0.0,0.0
2011-02-22 00:00:00-05:00,74.44999694824219,74.5,71.52999877929688,71.70999908447266,50.154563903808594,2409700,0.0,0.0
2011-02-23 00:00:00-05:00,71.7300033569336,72.12999725341797,70.33000183105469,70.69999694824219,49.44815444946289,1958800,0.0,0.0
2011-02-24 00:00:00-05:00,70.91999816894531,72.25,70.83999633789062,71.80999755859375,50.22449493408203,1758200,0.0,0.0
2011-02-25 00:00:00-05:00,71.9800033569336,72.5999984741211,71.44999694824219,72.55000305175781,50.742042541503906,1191300,0.0,0.0
2011-02-28 00:00:00-05:00,72.70999908447266,72.9000015258789,72.18000030517578,72.38999938964844,50.630165100097656,1197600,0.0,0.0
2011-03-01 00:00:00-05:00,72.66000366210938,72.66000366210938,70.31999969482422,70.87000274658203,49.56705093383789,1290900,0.0,0.0
2011-03-02 00:00:00-05:00,70.52999877929688,71.86000061035156,70.45999908447266,71.41000366210938,50.14994430541992,1212400,0.29,0.0
2011-03-03 00:00:00-05:00,71.94999694824219,73.91999816894531,71.93000030517578,73.86000061035156,51.87054443359375,1671800,0.0,0.0
2011-03-04 00:00:00-05:00,73.63999938964844,73.77999877929688,72.13999938964844,72.83999633789062,51.15419387817383,1087300,0.0,0.0
2011-03-07 00:00:00-05:00,73.27999877929688,73.27999877929688,70.91999816894531,72.22000122070312,50.71879959106445,1258400,0.0,0.0
2011-03-08 00:00:00-05:00,72.25,73.68000030517578,72.08000183105469,73.33999633789062,51.50535583496094,979200,0.0,0.0
2011-03-09 00:00:00-05:00,73.05000305175781,73.87000274658203,72.58000183105469,73.61000061035156,51.6949577331543,987600,0.0,0.0
2011-03-10 00:00:00-05:00,72.88999938964844,73.63999938964844,71.72000122070312,72.69999694824219,51.0558967590332,1185100,0.0,0.0
2011-03-11 00:00:00-05:00,72.55999755859375,73.25,71.83999633789062,72.75,51.09099578857422,606000,0.0,0.0
2011-03-14 00:00:00-04:00,72.2699966430664,72.51000213623047,71.4800033569336,72.31999969482422,50.789031982421875,815600,0.0,0.0
2011-03-15 00:00:00-04:00,70.55999755859375,72.12999725341797,70.54000091552734,71.75,50.388710021972656,1532000,0.0,0.0
2011-03-16 00:00:00-04:00,71.41000366210938,72.05999755859375,70.5999984741211,71.08999633789062,49.92521667480469,1455000,0.0,0.0
2011-03-17 00:00:00-04:00,72.48999786376953,72.97000122070312,71.33999633789062,71.79000091552734,50.41682815551758,829100,0.0,0.0
2011-03-18 00:00:00-04:00,72.62000274658203,73.02999877929688,72.2699966430664,72.66000366210938,51.02781295776367,1377600,0.0,0.0
2011-03-21 00:00:00-04:00,73.55000305175781,73.94999694824219,73.33000183105469,73.66999816894531,51.73709487915039,844600,0.0,0.0
2011-03-22 00:00:00-04:00,73.05000305175781,73.7300033569336,70.94000244140625,71.55000305175781,50.2482795715332,3206700,0.0,0.0
2011-03-23 00:00:00-04:00,71.44000244140625,71.61000061035156,70.83999633789062,71.41999816894531,50.15696716308594,1965300,0.0,0.0
2011-03-24 00:00:00-04:00,71.72000122070312,72.30999755859375,71.38999938964844,72.19999694824219,50.70473098754883,1183500,0.0,0.0
2011-03-25 00:00:00-04:00,72.51000213623047,72.88999938964844,71.88999938964844,72.5199966430664,50.929473876953125,1620700,0.0,0.0
2011-03-28 00:00:00-04:00,72.48999786376953,72.80999755859375,72.33000183105469,72.6500015258789,51.02076721191406,1568600,0.0,0.0
2011-03-29 00:00:00-04:00,72.5999984741211,73.29000091552734,72.12000274658203,73.0999984741211,51.33679962158203,942200,0.0,0.0
2011-03-30 00:00:00-04:00,73.41999816894531,73.79000091552734,73.0199966430664,73.11000061035156,51.34382247924805,920700,0.0,0.0
2011-03-31 00:00:00-04:00,73.06999969482422,74.19999694824219,72.81999969482422,74.12999725341797,52.06014633178711,1121200,0.0,0.0
2011-04-01 00:00:00-04:00,74.55000305175781,75.37000274658203,74.5199966430664,74.9000015258789,52.60090637207031,1280700,0.0,0.0
2011-04-04 00:00:00-04:00,75.27999877929688,75.80999755859375,74.87999725341797,75.63999938964844,53.12057876586914,880500,0.0,0.0
2011-04-05 00:00:00-04:00,75.44999694824219,75.91999816894531,74.80999755859375,75.43000030517578,52.9731330871582,1118400,0.0,0.0
2011-04-06 00:00:00-04:00,75.93000030517578,76.05000305175781,75.08000183105469,75.62000274658203,53.10655975341797,814100,0.0,0.0
2011-04-07 00:00:00-04:00,75.36000061035156,75.62000274658203,74.27999877929688,74.7699966430664,52.509620666503906,1120700,0.0,0.0
2011-04-08 00:00:00-04:00,75.0,75.06999969482422,73.73999786376953,74.27999877929688,52.16548538208008,950800,0.0,0.0
2011-04-11 00:00:00-04:00,74.43000030517578,74.58999633789062,73.30000305175781,73.91000366210938,51.905643463134766,942500,0.0,0.0
2011-04-12 00:00:00-04:00,73.54000091552734,74.51000213623047,73.44999694824219,74.23999786376953,52.13739776611328,940300,0.0,0.0
2011-04-13 00:00:00-04:00,74.6500015258789,74.75,73.9000015258789,74.37000274658203,52.228694915771484,738600,0.0,0.0
2011-04-14 00:00:00-04:00,73.94000244140625,75.5999984741211,73.80000305175781,75.38999938964844,52.94504165649414,1307200,0.0,0.0
2011-04-15 00:00:00-04:00,76.1500015258789,76.88999938964844,75.8499984741211,76.63999938964844,53.822898864746094,1588900,0.0,0.0
2011-04-18 00:00:00-04:00,76.0199966430664,76.05999755859375,74.91999816894531,75.87999725341797,53.28913497924805,889100,0.0,0.0
2011-04-19 00:00:00-04:00,76.04000091552734,76.18000030517578,75.52999877929688,76.12000274658203,53.45768737792969,751200,0.0,0.0
2011-04-20 00:00:00-04:00,76.80000305175781,77.91000366210938,76.47000122070312,77.11000061035156,54.152957916259766,1037900,0.0,0.0
2011-04-21 00:00:00-04:00,77.19999694824219,78.25,77.19000244140625,78.04000091552734,54.80607604980469,1089700,0.0,0.0
2011-04-25 00:00:00-04:00,78.0,78.69999694824219,77.58999633789062,78.51000213623047,55.13614273071289,802500,0.0,0.0
2011-04-26 00:00:00-04:00,78.81999969482422,79.70999908447266,78.63999938964844,79.23999786376953,55.648807525634766,1391100,0.0,0.0
2011-04-27 00:00:00-04:00,79.06999969482422,80.30999755859375,78.68000030517578,80.08999633789062,56.24576950073242,1643700,0.0,0.0
2011-04-28 00:00:00-04:00,80.05000305175781,81.13999938964844,79.94999694824219,80.94999694824219,56.84971618652344,1300000,0.0,0.0
2011-04-29 00:00:00-04:00,81.0,81.52999877929688,80.0999984741211,80.18000030517578,56.30894470214844,1741700,0.0,0.0
2011-05-02 00:00:00-04:00,80.7699966430664,80.9800033569336,79.63999938964844,80.1500015258789,56.28788757324219,941400,0.0,0.0
2011-05-03 00:00:00-04:00,80.19999694824219,80.5999984741211,79.05999755859375,79.38999938964844,55.75413513183594,1000000,0.0,0.0
2011-05-04 00:00:00-04:00,79.19999694824219,79.73999786376953,78.61000061035156,78.8499984741211,55.37493896484375,1152100,0.0,0.0
2011-05-05 00:00:00-04:00,78.56999969482422,80.0999984741211,78.2699966430664,79.26000213623047,55.662845611572266,1091800,0.0,0.0
2011-05-06 00:00:00-04:00,80.18000030517578,80.36000061035156,79.41999816894531,79.52999877929688,55.852474212646484,817400,0.0,0.0
2011-05-09 00:00:00-04:00,79.44999694824219,80.43000030517578,79.26000213623047,80.30999755859375,56.40022659301758,931500,0.0,0.0
2011-05-10 00:00:00-04:00,80.58999633789062,81.12999725341797,80.30000305175781,80.94999694824219,56.84971618652344,754000,0.0,0.0
2011-05-11 00:00:00-04:00,80.86000061035156,81.04000091552734,80.16000366210938,80.43000030517578,56.48453140258789,1003200,0.0,0.0
2011-05-12 00:00:00-04:00,80.22000122070312,80.81999969482422,79.5199966430664,80.68000030517578,56.660118103027344,881000,0.0,0.0
2011-05-13 00:00:00-04:00,80.86000061035156,80.94000244140625,79.44000244140625,79.7699966430664,56.020992279052734,807600,0.0,0.0
2011-05-16 00:00:00-04:00,80.30000305175781,80.30000305175781,79.01000213623047,79.80000305175781,56.04207229614258,958300,0.0,0.0
2011-05-17 00:00:00-04:00,79.4800033569336,79.62999725341797,78.66999816894531,79.22000122070312,55.6347541809082,1024100,0.0,0.0
2011-05-18 00:00:00-04:00,79.29000091552734,80.45999908447266,78.5999984741211,80.23999786376953,56.35111999511719,818700,0.0,0.0
2011-05-19 00:00:00-04:00,80.5,81.20999908447266,80.12000274658203,80.80000305175781,56.74440383911133,893000,0.0,0.0
2011-05-20 00:00:00-04:00,80.7300033569336,81.0,80.2300033569336,80.56999969482422,56.58284378051758,773300,0.0,0.0
2011-05-23 00:00:00-04:00,79.55999755859375,80.16000366210938,79.0999984741211,79.9800033569336,56.16850280761719,802600,0.0,0.0
2011-05-24 00:00:00-04:00,80.05999755859375,80.18000030517578,79.22000122070312,79.56999969482422,55.88056945800781,878900,0.0,0.0
2011-05-25 00:00:00-04:00,79.51000213623047,79.91000366210938,79.0999984741211,79.62000274658203,55.91569519042969,1005200,0.0,0.0
2011-05-26 00:00:00-04:00,79.52999877929688,80.22000122070312,79.01000213623047,79.98999786376953,56.17552185058594,1018000,0.0,0.0
2011-05-27 00:00:00-04:00,79.95999908447266,80.41999816894531,79.62999725341797,79.91999816894531,56.1263542175293,591700,0.0,0.0
2011-05-31 00:00:00-04:00,80.58999633789062,80.9000015258789,79.70999908447266,80.22000122070312,56.337066650390625,934100,0.0,0.0
2011-06-01 00:00:00-04:00,79.94999694824219,80.5199966430664,78.22000122070312,78.22000122070312,55.131805419921875,837600,0.29,0.0
2011-06-02 00:00:00-04:00,78.37999725341797,79.20999908447266,78.19000244140625,78.86000061035156,55.582889556884766,753400,0.0,0.0
2011-06-03 00:00:00-04:00,78.19000244140625,78.25,77.33999633789062,77.76000213623047,54.80756378173828,748000,0.0,0.0
2011-06-06 00:00:00-04:00,77.38999938964844,77.79000091552734,76.9000015258789,76.97000122070312,54.25078582763672,645600,0.0,0.0
2011-06-07 00:00:00-04:00,77.13999938964844,77.4800033569336,76.7300033569336,76.83000183105469,54.15207290649414,657000,0.0,0.0
2011-06-08 00:00:00-04:00,76.81999969482422,76.9800033569336,76.04000091552734,76.30000305175781,53.778526306152344,529600,0.0,0.0
2011-06-09 00:00:00-04:00,76.36000061035156,76.72000122070312,76.06999969482422,76.41999816894531,53.86309814453125,602900,0.0,0.0
2011-06-10 00:00:00-04:00,76.30999755859375,76.37999725341797,75.75,75.83000183105469,53.447235107421875,640000,0.0,0.0
2011-06-13 00:00:00-04:00,75.77999877929688,76.38999938964844,75.66999816894531,76.11000061035156,53.644630432128906,769800,0.0,0.0
2011-06-14 00:00:00-04:00,76.7300033569336,77.54000091552734,76.48999786376953,77.37999725341797,54.53974533081055,893200,0.0,0.0
2011-06-15 00:00:00-04:00,76.62000274658203,77.0,76.13999938964844,76.44000244140625,53.87718963623047,951600,0.0,0.0
2011-06-16 00:00:00-04:00,76.44000244140625,77.0,76.05999755859375,76.2300033569336,53.729190826416016,987500,0.0,0.0
2011-06-17 00:00:00-04:00,77.26000213623047,77.47000122070312,76.61000061035156,76.87999725341797,54.18731689453125,1562300,0.0,0.0
2011-06-20 00:00:00-04:00,76.80000305175781,77.83000183105469,76.6500015258789,77.30000305175781,54.48335266113281,544200,0.0,0.0
2011-06-21 00:00:00-04:00,77.66999816894531,78.19999694824219,77.25,77.95999908447266,54.94853973388672,612000,0.0,0.0
2011-06-22 00:00:00-04:00,77.80000305175781,78.37999725341797,77.51000213623047,77.5999984741211,54.694801330566406,676900,0.0,0.0
2011-06-23 00:00:00-04:00,76.7300033569336,77.58000183105469,76.16999816894531,77.41000366210938,54.560890197753906,969000,0.0,0.0
2011-06-24 00:00:00-04:00,77.33000183105469,77.70999908447266,76.05999755859375,76.08999633789062,53.6304931640625,989300,0.0,0.0
2011-06-27 00:00:00-04:00,75.94999694824219,76.98999786376953,75.8499984741211,76.94999694824219,54.236656188964844,793800,0.0,0.0
2011-06-28 00:00:00-04:00,77.04000091552734,78.22000122070312,76.83000183105469,77.9800033569336,54.96263122558594,522100,0.0,0.0
2011-06-29 00:00:00-04:00,78.27999877929688,78.58000183105469,77.7699966430664,78.08999633789062,55.04016876220703,656500,0.0,0.0
2011-06-30 00:00:00-04:00,78.19000244140625,79.69000244140625,78.01000213623047,78.83999633789062,55.56877517700195,806600,0.0,0.0
2011-07-01 00:00:00-04:00,79.0999984741211,80.98999786376953,78.83999633789062,80.62000274658203,56.82340621948242,978600,0.0,0.0
2011-07-05 00:00:00-04:00,80.80000305175781,80.94000244140625,80.0999984741211,80.47000122070312,56.71765899658203,833000,0.0,0.0
2011-07-06 00:00:00-04:00,80.5,81.44999694824219,80.37000274658203,81.16000366210938,57.20398712158203,864500,0.0,0.0
2011-07-07 00:00:00-04:00,81.66999816894531,82.61000061035156,81.33999633789062,82.0999984741211,57.866539001464844,844700,0.0,0.0
2011-07-08 00:00:00-04:00,81.06999969482422,81.83000183105469,81.01000213623047,81.4800033569336,57.429542541503906,827200,0.0,0.0
2011-07-11 00:00:00-04:00,80.51000213623047,80.93000030517578,79.8499984741211,80.44999694824219,56.70355987548828,939200,0.0,0.0
2011-07-12 00:00:00-04:00,80.47000122070312,80.62000274658203,79.43000030517578,79.51000213623047,56.0410270690918,791000,0.0,0.0
2011-07-13 00:00:00-04:00,79.98999786376953,80.5,79.36000061035156,79.5999984741211,56.104461669921875,626800,0.0,0.0
2011-07-14 00:00:00-04:00,79.62000274658203,80.0199966430664,78.48999786376953,78.91999816894531,55.62517547607422,692500,0.0,0.0
2011-07-15 00:00:00-04:00,79.05999755859375,79.16000366210938,77.77999877929688,78.55999755859375,55.371421813964844,997600,0.0,0.0
2011-07-18 00:00:00-04:00,78.30999755859375,78.44000244140625,77.66000366210938,78.06999969482422,55.02604675292969,866400,0.0,0.0
2011-07-19 00:00:00-04:00,78.63999938964844,79.44999694824219,78.54000091552734,79.30000305175781,55.89302062988281,599200,0.0,0.0
2011-07-20 00:00:00-04:00,79.01000213623047,79.16999816894531,78.26000213623047,78.69000244140625,55.46305465698242,599600,0.0,0.0
2011-07-21 00:00:00-04:00,79.0199966430664,80.33000183105469,79.0199966430664,79.79000091552734,56.238365173339844,789500,0.0,0.0
2011-07-22 00:00:00-04:00,79.70999908447266,80.97000122070312,79.66999816894531,80.43000030517578,56.689491271972656,870300,0.0,0.0
2011-07-25 00:00:00-04:00,80.05999755859375,81.45999908447266,79.76000213623047,81.20999908447266,57.23922348022461,1004900,0.0,0.0
2011-07-26 00:00:00-04:00,80.93000030517578,80.93000030517578,79.86000061035156,80.25,56.562583923339844,1170200,0.0,0.0
2011-07-27 00:00:00-04:00,76.81999969482422,77.0,73.29000091552734,73.87999725341797,52.07284164428711,3916300,0.0,0.0
2011-07-28 00:00:00-04:00,73.61000061035156,74.30000305175781,72.51000213623047,72.70999908447266,51.2481803894043,2292600,0.0,0.0
2011-07-29 00:00:00-04:00,72.22000122070312,73.2699966430664,71.52999877929688,72.30999755859375,50.966243743896484,1239600,0.0,0.0
2011-08-01 00:00:00-04:00,73.18000030517578,73.18000030517578,70.97000122070312,71.69000244140625,50.52925491333008,1096900,0.0,0.0
2011-08-02 00:00:00-04:00,71.2699966430664,71.73999786376953,70.1500015258789,70.41000366210938,49.6270751953125,1673100,0.0,0.0
2011-08-03 00:00:00-04:00,70.66000366210938,72.13999938964844,70.22000122070312,71.51000213623047,50.40239715576172,1461200,0.0,0.0
2011-08-04 00:00:00-04:00,70.48999786376953,71.05000305175781,68.31999969482422,68.33999633789062,48.16807174682617,1642000,0.0,0.0
2011-08-05 00:00:00-04:00,69.12000274658203,69.5199966430664,66.54000091552734,68.12999725341797,48.02006530761719,2282300,0.0,0.0
2011-08-08 00:00:00-04:00,68.16000366210938,68.19999694824219,64.1500015258789,64.26000213623047,45.29237365722656,2735800,0.0,0.0
2011-08-09 00:00:00-04:00,67.38999938964844,67.7300033569336,63.150001525878906,65.0,45.81394577026367,6686900,0.0,0.0
2011-08-10 00:00:00-04:00,64.18000030517578,65.04000091552734,62.29999923706055,62.95000076293945,44.36905288696289,4139900,0.0,0.0
2011-08-11 00:00:00-04:00,63.27000045776367,67.12999725341797,63.189998626708984,66.08000183105469,46.575164794921875,1779400,0.0,0.0
2011-08-12 00:00:00-04:00,66.43000030517578,68.87999725341797,66.12999725341797,68.4000015258789,48.21036148071289,2155900,0.0,0.0
2011-08-15 00:00:00-04:00,68.5,68.80999755859375,67.38999938964844,68.48999786376953,48.273807525634766,1013300,0.0,0.0
2011-08-16 00:00:00-04:00,67.93000030517578,68.19999694824219,66.73999786376953,67.4800033569336,47.56192398071289,1203300,0.0,0.0
2011-08-17 00:00:00-04:00,67.61000061035156,68.05000305175781,66.47000122070312,67.19999694824219,47.36455535888672,1051200,0.0,0.0
2011-08-18 00:00:00-04:00,65.55999755859375,66.05000305175781,63.59000015258789,64.23999786376953,45.27827453613281,1891900,0.0,0.0
2011-08-19 00:00:00-04:00,63.38999938964844,64.80999755859375,63.130001068115234,63.66999816894531,44.87651062011719,1687000,0.0,0.0
2011-08-22 00:00:00-04:00,64.98999786376953,65.47000122070312,64.04000091552734,64.52999877929688,45.48268508911133,1022300,0.0,0.0
2011-08-23 00:00:00-04:00,64.61000061035156,66.70999908447266,64.0999984741211,66.51000213623047,46.87822723388672,1236200,0.0,0.0
2011-08-24 00:00:00-04:00,66.30000305175781,67.58999633789062,66.06999969482422,67.47000122070312,47.554866790771484,974000,0.0,0.0
2011-08-25 00:00:00-04:00,67.72000122070312,68.20999908447266,66.06999969482422,66.30999755859375,46.737281799316406,1353800,0.0,0.0
2011-08-26 00:00:00-04:00,66.08999633789062,68.11000061035156,64.58000183105469,67.98999786376953,47.92139434814453,1391400,0.0,0.0
2011-08-29 00:00:00-04:00,68.88999938964844,70.5,68.79000091552734,70.47000122070312,49.66936492919922,1291600,0.0,0.0
2011-08-30 00:00:00-04:00,70.30999755859375,71.80999755859375,70.16999816894531,71.27999877929688,50.240272521972656,1343700,0.0,0.0
2011-08-31 00:00:00-04:00,71.5999984741211,72.19000244140625,69.93000030517578,70.5,49.89350891113281,1006600,0.29,0.0
2011-09-01 00:00:00-04:00,70.54000091552734,71.37000274658203,69.16000366210938,69.3499984741211,49.07963562011719,1226800,0.0,0.0
2011-09-02 00:00:00-04:00,68.11000061035156,68.3499984741211,66.51000213623047,66.98999786376953,47.409427642822266,1256800,0.0,0.0
2011-09-06 00:00:00-04:00,65.25,65.54000091552734,64.44000244140625,65.4000015258789,46.28417205810547,2083400,0.0,0.0
2011-09-07 00:00:00-04:00,66.2699966430664,68.01000213623047,66.18000030517578,68.0,48.12421798706055,960200,0.0,0.0
2011-09-08 00:00:00-04:00,67.52999877929688,68.30000305175781,66.9000015258789,67.08999633789062,47.48019790649414,1139500,0.0,0.0
2011-09-09 00:00:00-04:00,66.44000244140625,67.18000030517578,65.94000244140625,66.55000305175781,47.0980339050293,1437900,0.0,0.0
2011-09-12 00:00:00-04:00,65.5199966430664,66.88999938964844,64.94000244140625,66.75,47.23959732055664,1330600,0.0,0.0
2011-09-13 00:00:00-04:00,66.94999694824219,68.45999908447266,66.80999755859375,67.93000030517578,48.07466125488281,1215600,0.0,0.0
2011-09-14 00:00:00-04:00,68.33999633789062,70.0,66.87000274658203,69.08999633789062,48.895626068115234,1293600,0.0,0.0
2011-09-15 00:00:00-04:00,70.05000305175781,70.19000244140625,68.98999786376953,69.9800033569336,49.52549743652344,1076100,0.0,0.0
2011-09-16 00:00:00-04:00,70.31999969482422,70.70999908447266,69.29000091552734,70.31999969482422,49.766117095947266,1727600,0.0,0.0
2011-09-19 00:00:00-04:00,69.52999877929688,70.41999816894531,68.87999725341797,70.04000091552734,49.567935943603516,872500,0.0,0.0
2011-09-20 00:00:00-04:00,70.41000366210938,70.55000305175781,69.08999633789062,69.13999938964844,48.9310188293457,1133800,0.0,0.0
2011-09-21 00:00:00-04:00,69.1500015258789,69.1500015258789,66.45999908447266,66.45999908447266,47.03435134887695,1118200,0.0,0.0
2011-09-22 00:00:00-04:00,65.0999984741211,66.06999969482422,64.30999755859375,65.19000244140625,46.13557815551758,1924000,0.0,0.0
2011-09-23 00:00:00-04:00,64.69000244140625,66.2699966430664,64.38999938964844,66.0199966430664,46.72294998168945,1306100,0.0,0.0
2011-09-26 00:00:00-04:00,66.33999633789062,68.22000122070312,66.0,68.1500015258789,48.23036575317383,1131200,0.0,0.0
2011-09-27 00:00:00-04:00,69.47000122070312,70.22000122070312,68.58999633789062,69.05999755859375,48.874393463134766,1025700,0.0,0.0
2011-09-28 00:00:00-04:00,68.91999816894531,69.61000061035156,67.51000213623047,67.52999877929688,47.791587829589844,692000,0.0,0.0
2011-09-29 00:00:00-04:00,68.76000213623047,69.4800033569336,66.91000366210938,68.37000274658203,48.386070251464844,802700,0.0,0.0
2011-09-30 00:00:00-04:00,67.7699966430664,68.86000061035156,66.91000366210938,68.47000122070312,48.456851959228516,2187600,0.0,0.0
2011-10-03 00:00:00-04:00,67.80999755859375,69.55000305175781,66.18000030517578,66.2699966430664,46.89988327026367,1709100,0.0,0.0
2011-10-04 00:00:00-04:00,65.61000061035156,67.97000122070312,64.9000015258789,67.88999938964844,48.04637145996094,1448400,0.0,0.0
2011-10-05 00:00:00-04:00,68.22000122070312,70.97000122070312,67.79000091552734,70.58999633789062,49.957183837890625,1430600,0.0,0.0
2011-10-06 00:00:00-04:00,70.5,72.1500015258789,70.19000244140625,71.52999877929688,50.62242889404297,1122600,0.0,0.0
2011-10-07 00:00:00-04:00,71.61000061035156,71.83999633789062,70.41999816894531,70.87000274658203,50.15534210205078,1253200,0.0,0.0
2011-10-10 00:00:00-04:00,72.0,73.08000183105469,71.91000366210938,73.08000183105469,51.7193717956543,821900,0.0,0.0
2011-10-11 00:00:00-04:00,72.69000244140625,73.73999786376953,72.69000244140625,73.3499984741211,51.910465240478516,677500,0.0,0.0
2011-10-12 00:00:00-04:00,72.31999969482422,73.3499984741211,72.29000091552734,72.43000030517578,51.25938034057617,1387900,0.0,0.0
2011-10-13 00:00:00-04:00,72.20999908447266,72.47000122070312,71.5,71.97000122070312,50.933841705322266,837000,0.0,0.0
2011-10-14 00:00:00-04:00,72.87999725341797,73.62000274658203,72.1500015258789,73.5,52.0166130065918,658800,0.0,0.0
2011-10-17 00:00:00-04:00,73.12000274658203,73.41999816894531,71.94999694824219,72.30999755859375,51.174442291259766,647100,0.0,0.0
2011-10-18 00:00:00-04:00,72.30999755859375,74.58000183105469,71.75,73.94999694824219,52.335086822509766,697800,0.0,0.0
2011-10-19 00:00:00-04:00,73.80000305175781,74.41999816894531,73.01000213623047,73.44000244140625,51.97417449951172,1053900,0.0,0.0
2011-10-20 00:00:00-04:00,73.48999786376953,73.94000244140625,72.1500015258789,73.63999938964844,52.11569595336914,1014800,0.0,0.0
2011-10-21 00:00:00-04:00,74.33000183105469,75.0,73.98999786376953,75.0,53.078182220458984,912800,0.0,0.0
2011-10-24 00:00:00-04:00,75.19999694824219,76.76000213623047,75.0999984741211,76.3499984741211,54.03358459472656,1064300,0.0,0.0
2011-10-25 00:00:00-04:00,75.73999786376953,75.97000122070312,74.70999908447266,74.87999725341797,52.99327087402344,1375600,0.0,0.0
2011-10-26 00:00:00-04:00,69.69999694824219,71.47000122070312,67.0,68.75,48.655025482177734,4486500,0.0,0.0
2011-10-27 00:00:00-04:00,70.0,70.81999969482422,69.54000091552734,70.26000213623047,49.7236442565918,1980400,0.0,0.0
2011-10-28 00:00:00-04:00,69.94999694824219,71.30000305175781,69.94999694824219,70.4000015258789,49.82274627685547,1348700,0.0,0.0
2011-10-31 00:00:00-04:00,69.80000305175781,70.37000274658203,69.38999938964844,69.43000030517578,49.13626480102539,1239100,0.0,0.0
2011-11-01 00:00:00-04:00,68.20999908447266,68.73999786376953,66.63999938964844,66.9800033569336,47.402366638183594,1502500,0.0,0.0
2011-11-02 00:00:00-04:00,67.87999725341797,68.94999694824219,67.12999725341797,68.16999816894531,48.24452209472656,1118100,0.0,0.0
2011-11-03 00:00:00-04:00,68.41000366210938,69.12999725341797,67.66000366210938,68.94999694824219,48.79654312133789,1199200,0.0,0.0
2011-11-04 00:00:00-04:00,68.47000122070312,68.91000366210938,67.31999969482422,68.72000122070312,48.633766174316406,1117000,0.0,0.0
2011-11-07 00:00:00-05:00,68.41999816894531,69.06999969482422,67.56999969482422,68.8499984741211,48.72578430175781,1251600,0.0,0.0
2011-11-08 00:00:00-05:00,69.26000213623047,70.55999755859375,68.91000366210938,70.5199966430664,49.907657623291016,911400,0.0,0.0
2011-11-09 00:00:00-05:00,68.93000030517578,69.05000305175781,66.68000030517578,67.16000366210938,47.52973175048828,1401800,0.0,0.0
2011-11-10 00:00:00-05:00,68.11000061035156,68.41999816894531,67.1500015258789,67.69000244140625,47.904823303222656,1095300,0.0,0.0
2011-11-11 00:00:00-05:00,68.58999633789062,69.0,68.30000305175781,68.76000213623047,48.66209411621094,865900,0.0,0.0
2011-11-14 00:00:00-05:00,68.44999694824219,69.05000305175781,67.91999816894531,68.2699966430664,48.3153076171875,426000,0.0,0.0
2011-11-15 00:00:00-05:00,68.11000061035156,68.93000030517578,67.87999725341797,68.56999969482422,48.527591705322266,526600,0.0,0.0
2011-11-16 00:00:00-05:00,67.91000366210938,68.30999755859375,66.8499984741211,66.93000030517578,47.36697006225586,821600,0.0,0.0
2011-11-17 00:00:00-05:00,66.76000213623047,67.26000213623047,65.37999725341797,65.6500015258789,46.46110153198242,1494000,0.0,0.0
2011-11-18 00:00:00-05:00,65.63999938964844,66.62999725341797,65.54000091552734,66.01000213623047,46.71588897705078,1258500,0.0,0.0
2011-11-21 00:00:00-05:00,65.41999816894531,66.05000305175781,64.73999786376953,65.66999816894531,46.475257873535156,1204800,0.0,0.0
2011-11-22 00:00:00-05:00,65.41000366210938,65.91999816894531,64.6500015258789,64.7300033569336,45.81001663208008,1175800,0.0,0.0
2011-11-23 00:00:00-05:00,64.20999908447266,64.51000213623047,63.43000030517578,63.7400016784668,45.109375,1001400,0.0,0.0
2011-11-25 00:00:00-05:00,63.38999938964844,64.25,63.209999084472656,63.630001068115234,45.03154754638672,600000,0.0,0.0
2011-11-28 00:00:00-05:00,65.25,66.54000091552734,65.25,65.87000274658203,46.61680603027344,900000,0.0,0.0
2011-11-29 00:00:00-05:00,65.91999816894531,67.0,65.54000091552734,65.5999984741211,46.425716400146484,888400,0.0,0.0
2011-11-30 00:00:00-05:00,67.25,68.54000091552734,67.12000274658203,68.51000213623047,48.48515701293945,1757800,0.0,0.0
2011-12-01 00:00:00-05:00,68.27999877929688,68.4000015258789,67.58999633789062,67.6500015258789,47.87654113769531,822900,0.0,0.0
2011-12-02 00:00:00-05:00,67.95999908447266,68.88999938964844,67.81999969482422,67.9800033569336,48.110076904296875,685900,0.0,0.0
2011-12-05 00:00:00-05:00,68.93000030517578,69.5,68.81999969482422,69.5,49.185787200927734,1032300,0.0,0.0
2011-12-06 00:00:00-05:00,70.22000122070312,70.22000122070312,68.4000015258789,68.54000091552734,48.50638198852539,1352200,0.0,0.0
2011-12-07 00:00:00-05:00,68.19000244140625,69.22000122070312,67.80999755859375,68.80999755859375,48.697444915771484,906900,0.0,0.0
2011-12-08 00:00:00-05:00,68.51000213623047,68.51000213623047,67.06999969482422,67.25,47.59342956542969,776400,0.0,0.0
2011-12-09 00:00:00-05:00,67.76000213623047,68.76000213623047,67.5,68.44000244140625,48.43563461303711,626600,0.0,0.0
2011-12-12 00:00:00-05:00,67.93000030517578,68.08000183105469,66.91999816894531,67.66000366210938,47.88359832763672,632600,0.0,0.0
2011-12-13 00:00:00-05:00,68.19000244140625,68.52999877929688,66.27999877929688,66.69999694824219,47.20420837402344,733600,0.0,0.0
2011-12-14 00:00:00-05:00,66.56999969482422,67.0199966430664,66.22000122070312,66.30999755859375,46.928199768066406,732400,0.0,0.0
2011-12-15 00:00:00-05:00,67.13999938964844,67.33999633789062,66.38999938964844,66.69000244140625,47.197120666503906,570500,0.0,0.0
2011-12-16 00:00:00-05:00,66.91999816894531,68.26000213623047,66.38999938964844,66.58999633789062,47.360694885253906,1260600,0.33,0.0
2011-12-19 00:00:00-05:00,67.08999633789062,67.48999786376953,65.29000091552734,65.44000244140625,46.54278564453125,623100,0.0,0.0
2011-12-20 00:00:00-05:00,66.41999816894531,68.31999969482422,66.29000091552734,68.2300033569336,48.52711486816406,909500,0.0,0.0
2011-12-21 00:00:00-05:00,68.41999816894531,68.6500015258789,67.58999633789062,68.48999786376953,48.712039947509766,686000,0.0,0.0
2011-12-22 00:00:00-05:00,68.77999877929688,69.87000274658203,68.77999877929688,69.36000061035156,49.330810546875,877200,0.0,0.0
2011-12-23 00:00:00-05:00,69.69000244140625,70.11000061035156,69.5199966430664,70.0199966430664,49.80020523071289,492200,0.0,0.0
2011-12-27 00:00:00-05:00,69.9000015258789,71.01000213623047,69.62999725341797,70.7300033569336,50.305198669433594,466200,0.0,0.0
2011-12-28 00:00:00-05:00,70.81999969482422,70.91999816894531,69.41999816894531,69.55000305175781,49.4659538269043,614100,0.0,0.0
2011-12-29 00:00:00-05:00,69.87000274658203,70.12999725341797,69.38999938964844,70.08000183105469,49.8428955078125,501100,0.0,0.0
2011-12-30 00:00:00-05:00,70.22000122070312,70.5,69.75,69.77999877929688,49.62953567504883,407200,0.0,0.0
2012-01-03 00:00:00-05:00,71.41999816894531,71.76000213623047,69.69999694824219,69.83999633789062,49.672210693359375,1119900,0.0,0.0
2012-01-04 00:00:00-05:00,69.69999694824219,69.69999694824219,68.69000244140625,68.72000122070312,48.87561798095703,864100,0.0,0.0
2012-01-05 00:00:00-05:00,67.70999908447266,67.97000122070312,66.5,67.80999755859375,48.22841262817383,1698800,0.0,0.0
2012-01-06 00:00:00-05:00,67.80000305175781,68.36000061035156,67.66999816894531,67.9800033569336,48.34931182861328,724100,0.0,0.0
2012-01-09 00:00:00-05:00,68.04000091552734,68.1500015258789,67.26000213623047,67.58000183105469,48.064823150634766,782500,0.0,0.0
2012-01-10 00:00:00-05:00,68.38999938964844,68.94000244140625,67.33000183105469,67.37000274658203,47.91545104980469,1131400,0.0,0.0
2012-01-11 00:00:00-05:00,67.25,67.66999816894531,65.91999816894531,66.5199966430664,47.31093978881836,1774800,0.0,0.0
2012-01-12 00:00:00-05:00,66.68000030517578,67.02999877929688,66.29000091552734,66.33999633789062,47.18290328979492,1043000,0.0,0.0
2012-01-13 00:00:00-05:00,66.37000274658203,66.86000061035156,65.27999877929688,66.7300033569336,47.460296630859375,1027200,0.0,0.0
2012-01-17 00:00:00-05:00,67.0,67.19999694824219,66.0199966430664,66.47000122070312,47.275367736816406,827700,0.0,0.0
2012-01-18 00:00:00-05:00,66.48999786376953,67.33000183105469,66.2699966430664,67.29000091552734,47.85858154296875,933300,0.0,0.0
2012-01-19 00:00:00-05:00,67.30000305175781,68.91000366210938,67.27999877929688,68.87000274658203,48.98231887817383,1257500,0.0,0.0
2012-01-20 00:00:00-05:00,68.87000274658203,68.87000274658203,67.36000061035156,67.66000366210938,48.121700286865234,1405400,0.0,0.0
2012-01-23 00:00:00-05:00,67.55999755859375,68.2300033569336,66.79000091552734,68.05000305175781,48.39910888671875,1278200,0.0,0.0
2012-01-24 00:00:00-05:00,67.80999755859375,67.9800033569336,67.23999786376953,67.62999725341797,48.10038757324219,1338400,0.0,0.0
2012-01-25 00:00:00-05:00,67.43000030517578,68.16000366210938,67.0,68.11000061035156,48.441768646240234,1294000,0.0,0.0
2012-01-26 00:00:00-05:00,68.52999877929688,69.88999938964844,68.30000305175781,69.47000122070312,49.40904998779297,1599300,0.0,0.0
2012-01-27 00:00:00-05:00,69.33000183105469,69.36000061035156,68.20999908447266,68.5199966430664,48.733367919921875,1456000,0.0,0.0
2012-01-30 00:00:00-05:00,68.2699966430664,68.30000305175781,67.75,67.93000030517578,48.31375503540039,1187300,0.0,0.0
2012-01-31 00:00:00-05:00,68.23999786376953,68.94000244140625,67.4000015258789,68.83999633789062,48.96094512939453,1783200,0.0,0.0
2012-02-01 00:00:00-05:00,64.9000015258789,65.19999694824219,63.369998931884766,64.01000213623047,45.52573776245117,6750500,0.0,0.0
2012-02-02 00:00:00-05:00,64.87000274658203,65.48999786376953,63.9900016784668,64.0,45.51863098144531,2778700,0.0,0.0
2012-02-03 00:00:00-05:00,64.77999877929688,65.0,64.29000091552734,64.41999816894531,45.817344665527344,1369500,0.0,0.0
2012-02-06 00:00:00-05:00,64.06999969482422,64.27999877929688,63.880001068115234,64.04000091552734,45.54706954956055,1242900,0.0,0.0
2012-02-07 00:00:00-05:00,63.97999954223633,64.29000091552734,63.47999954223633,64.08999633789062,45.58263397216797,944300,0.0,0.0
2012-02-08 00:00:00-05:00,63.9900016784668,64.19999694824219,63.43000030517578,63.599998474121094,45.23411560058594,1148500,0.0,0.0
2012-02-09 00:00:00-05:00,63.84000015258789,63.84000015258789,63.47999954223633,63.650001525878906,45.26970672607422,1351200,0.0,0.0
2012-02-10 00:00:00-05:00,63.2599983215332,63.599998474121094,62.84000015258789,63.5,45.16300964355469,1179800,0.0,0.0
2012-02-13 00:00:00-05:00,63.77000045776367,64.76000213623047,63.68000030517578,64.75,46.05204391479492,1033400,0.0,0.0
2012-02-14 00:00:00-05:00,64.44999694824219,65.4800033569336,64.12000274658203,65.4800033569336,46.57123947143555,1728100,0.0,0.0
2012-02-15 00:00:00-05:00,65.55000305175781,65.5999984741211,63.560001373291016,63.59000015258789,45.227020263671875,1847900,0.0,0.0
2012-02-16 00:00:00-05:00,63.84000015258789,66.26000213623047,63.79999923706055,66.19999694824219,47.08332061767578,1610900,0.0,0.0
2012-02-17 00:00:00-05:00,66.05000305175781,66.30999755859375,65.4800033569336,66.11000061035156,47.019325256347656,1289900,0.0,0.0
2012-02-21 00:00:00-05:00,66.37999725341797,66.37999725341797,65.56999969482422,66.12000274658203,47.026432037353516,1048600,0.0,0.0
2012-02-22 00:00:00-05:00,66.19999694824219,66.66000366210938,65.94999694824219,66.23999786376953,47.11176300048828,1227600,0.0,0.0
2012-02-23 00:00:00-05:00,66.16000366210938,67.79000091552734,66.13999938964844,67.5,48.00791931152344,1138400,0.0,0.0
2012-02-24 00:00:00-05:00,67.80000305175781,67.9800033569336,67.05000305175781,67.20999908447266,47.80167007446289,1106500,0.0,0.0
2012-02-27 00:00:00-05:00,66.86000061035156,67.47000122070312,66.52999877929688,66.93000030517578,47.60252380371094,1309400,0.0,0.0
2012-02-28 00:00:00-05:00,66.98999786376953,67.31999969482422,66.45999908447266,66.94000244140625,47.6096305847168,1093700,0.0,0.0
2012-02-29 00:00:00-05:00,66.56999969482422,66.97000122070312,66.08000183105469,66.16999816894531,47.29515075683594,1451600,0.33,0.0
2012-03-01 00:00:00-05:00,66.33000183105469,67.4000015258789,66.2300033569336,66.8499984741211,47.78116989135742,1262200,0.0,0.0
2012-03-02 00:00:00-05:00,66.72000122070312,66.93000030517578,66.13999938964844,66.22000122070312,47.33088684082031,857200,0.0,0.0
2012-03-05 00:00:00-05:00,66.16000366210938,66.2699966430664,65.37000274658203,65.72000122070312,46.97350311279297,893400,0.0,0.0
2012-03-06 00:00:00-05:00,65.25,65.30000305175781,64.68000030517578,64.9000015258789,46.38741683959961,1030400,0.0,0.0
2012-03-07 00:00:00-05:00,65.12999725341797,65.2300033569336,64.52999877929688,65.05999755859375,46.50175094604492,739500,0.0,0.0
2012-03-08 00:00:00-05:00,65.43000030517578,65.93000030517578,65.05000305175781,65.76000213623047,47.00209045410156,765300,0.0,0.0
2012-03-09 00:00:00-05:00,65.91999816894531,66.38999938964844,65.30999755859375,66.3499984741211,47.42379379272461,598700,0.0,0.0
2012-03-12 00:00:00-04:00,66.62000274658203,66.66000366210938,65.43000030517578,65.94000244140625,47.130767822265625,723000,0.0,0.0
2012-03-13 00:00:00-04:00,66.3499984741211,66.66000366210938,65.75,66.4000015258789,47.459537506103516,1270600,0.0,0.0
2012-03-14 00:00:00-04:00,66.38999938964844,66.38999938964844,65.20999908447266,65.3499984741211,46.709041595458984,1093900,0.0,0.0
2012-03-15 00:00:00-04:00,65.31999969482422,65.51000213623047,64.9000015258789,65.3499984741211,46.709041595458984,2096600,0.0,0.0
2012-03-16 00:00:00-04:00,65.13999938964844,65.86000061035156,64.97000122070312,65.66999816894531,46.93777084350586,1740700,0.0,0.0
2012-03-19 00:00:00-04:00,65.66000366210938,66.01000213623047,65.43000030517578,65.62000274658203,46.90204620361328,813900,0.0,0.0
2012-03-20 00:00:00-04:00,65.37999725341797,65.45999908447266,64.38999938964844,64.5,46.10150909423828,1226900,0.0,0.0
2012-03-21 00:00:00-04:00,64.44999694824219,65.08999633789062,63.95000076293945,65.0,46.45889663696289,993500,0.0,0.0
2012-03-22 00:00:00-04:00,64.36000061035156,64.63999938964844,63.619998931884766,64.5,46.10150909423828,960500,0.0,0.0
2012-03-23 00:00:00-04:00,64.68000030517578,64.76000213623047,63.880001068115234,64.41999816894531,46.04433822631836,606300,0.0,0.0
2012-03-26 00:00:00-04:00,65.11000061035156,65.29000091552734,64.69000244140625,65.19000244140625,46.59469223022461,839100,0.0,0.0
2012-03-27 00:00:00-04:00,65.13999938964844,65.37000274658203,64.63999938964844,65.3499984741211,46.709041595458984,746100,0.0,0.0
2012-03-28 00:00:00-04:00,65.5199966430664,65.61000061035156,64.62999725341797,65.11000061035156,46.537506103515625,719400,0.0,0.0
2012-03-29 00:00:00-04:00,64.81999969482422,65.0,64.05999755859375,64.76000213623047,46.287353515625,1807400,0.0,0.0
2012-03-30 00:00:00-04:00,65.01000213623047,65.98999786376953,64.77999877929688,65.48999786376953,46.809104919433594,1357000,0.0,0.0
2012-04-02 00:00:00-04:00,65.41000366210938,66.37000274658203,65.33000183105469,65.91000366210938,47.10931396484375,1045600,0.0,0.0
2012-04-03 00:00:00-04:00,65.75,66.02999877929688,65.08999633789062,65.70999908447266,46.96635055541992,628300,0.0,0.0
2012-04-04 00:00:00-04:00,65.12000274658203,65.63999938964844,64.93000030517578,65.5199966430664,46.83055877685547,805900,0.0,0.0
2012-04-05 00:00:00-04:00,65.08000183105469,65.5,64.97000122070312,65.12000274658203,46.544654846191406,707400,0.0,0.0
2012-04-09 00:00:00-04:00,64.48999786376953,64.5,63.5,64.0,45.744140625,1025100,0.0,0.0
2012-04-10 00:00:00-04:00,63.65999984741211,63.70000076293945,63.09000015258789,63.34000015258789,45.27239990234375,1479400,0.0,0.0
2012-04-11 00:00:00-04:00,63.869998931884766,64.58000183105469,63.470001220703125,64.0,45.744140625,1145700,0.0,0.0
2012-04-12 00:00:00-04:00,64.26000213623047,64.87000274658203,63.95000076293945,64.52999877929688,46.12295150756836,1642700,0.0,0.0
2012-04-13 00:00:00-04:00,64.19999694824219,64.37999725341797,63.81999969482422,64.12999725341797,45.83704376220703,914100,0.0,0.0
2012-04-16 00:00:00-04:00,64.19999694824219,64.95999908447266,63.88999938964844,64.80999755859375,46.32307815551758,840600,0.0,0.0
2012-04-17 00:00:00-04:00,64.98999786376953,66.2699966430664,64.93000030517578,66.11000061035156,47.25227355957031,1242000,0.0,0.0
2012-04-18 00:00:00-04:00,66.61000061035156,67.0,66.2300033569336,66.86000061035156,47.78831481933594,1238400,0.0,0.0
2012-04-19 00:00:00-04:00,66.62999725341797,67.30999755859375,65.97000122070312,66.13999938964844,47.27370834350586,1362200,0.0,0.0
2012-04-20 00:00:00-04:00,65.45999908447266,66.75,65.1500015258789,66.5199966430664,47.545326232910156,1506600,0.0,0.0
2012-04-23 00:00:00-04:00,66.0,66.0,65.1500015258789,65.52999877929688,46.83769989013672,935900,0.0,0.0
2012-04-24 00:00:00-04:00,65.87000274658203,66.33999633789062,65.52999877929688,65.83000183105469,47.0521240234375,1185500,0.0,0.0
2012-04-25 00:00:00-04:00,63.93000030517578,64.04000091552734,60.0,60.90999984741211,43.53554916381836,8985000,0.0,0.0
2012-04-26 00:00:00-04:00,60.380001068115234,60.720001220703125,58.72999954223633,59.22999954223633,42.33475875854492,3176700,0.0,0.0
2012-04-27 00:00:00-04:00,59.630001068115234,59.970001220703125,58.90999984741211,59.02000045776367,42.18466567993164,2633700,0.0,0.0
2012-04-30 00:00:00-04:00,59.22999954223633,60.0099983215332,59.11000061035156,59.7400016784668,42.69929122924805,2222100,0.0,0.0
2012-05-01 00:00:00-04:00,59.720001220703125,61.13999938964844,59.220001220703125,60.79999923706055,43.45692443847656,2219200,0.0,0.0
2012-05-02 00:00:00-04:00,60.959999084472656,62.65999984741211,60.5099983215332,62.29999923706055,44.529052734375,4082100,0.0,0.0
2012-05-03 00:00:00-04:00,62.279998779296875,62.279998779296875,61.27000045776367,61.41999816894531,43.90007019042969,2245700,0.0,0.0
2012-05-04 00:00:00-04:00,61.279998779296875,61.279998779296875,60.2400016784668,60.619998931884766,43.3282585144043,1401900,0.0,0.0
2012-05-07 00:00:00-04:00,60.61000061035156,61.2599983215332,60.25,60.86000061035156,43.49980545043945,1063300,0.0,0.0
2012-05-08 00:00:00-04:00,60.540000915527344,61.43000030517578,60.22999954223633,61.31999969482422,43.82859420776367,1558300,0.0,0.0
2012-05-09 00:00:00-04:00,60.709999084472656,60.959999084472656,60.0,60.66999816894531,43.36402130126953,1360800,0.0,0.0
2012-05-10 00:00:00-04:00,60.95000076293945,61.36000061035156,60.2400016784668,60.52000045776367,43.25679397583008,802000,0.0,0.0
2012-05-11 00:00:00-04:00,60.43000030517578,61.130001068115234,60.290000915527344,60.810001373291016,43.46409225463867,827200,0.0,0.0
2012-05-14 00:00:00-04:00,60.25,60.77000045776367,60.099998474121094,60.45000076293945,43.206756591796875,833700,0.0,0.0
2012-05-15 00:00:00-04:00,60.70000076293945,61.220001220703125,60.20000076293945,60.77000045776367,43.435482025146484,1041800,0.0,0.0
2012-05-16 00:00:00-04:00,61.209999084472656,61.459999084472656,60.58000183105469,60.619998931884766,43.3282585144043,1196100,0.0,0.0
2012-05-17 00:00:00-04:00,60.54999923706055,60.91999816894531,59.63999938964844,59.63999938964844,42.62781524658203,1205000,0.0,0.0
2012-05-18 00:00:00-04:00,59.9900016784668,60.15999984741211,58.75,58.880001068115234,42.08460235595703,1521100,0.0,0.0
2012-05-21 00:00:00-04:00,59.0099983215332,59.880001068115234,58.75,59.779998779296875,42.72787857055664,1539000,0.0,0.0
2012-05-22 00:00:00-04:00,60.029998779296875,60.369998931884766,59.459999084472656,59.849998474121094,42.77790832519531,1045900,0.0,0.0
2012-05-23 00:00:00-04:00,59.40999984741211,60.529998779296875,59.06999969482422,60.31999969482422,43.11384582519531,1500000,0.0,0.0
2012-05-24 00:00:00-04:00,60.349998474121094,60.52000045776367,59.369998931884766,59.81999969482422,42.756465911865234,1239200,0.0,0.0
2012-05-25 00:00:00-04:00,59.939998626708984,60.060001373291016,59.29999923706055,59.689998626708984,42.66354751586914,1308800,0.0,0.0
2012-05-29 00:00:00-04:00,60.16999816894531,61.15999984741211,59.970001220703125,60.77000045776367,43.435482025146484,1181900,0.0,0.0
2012-05-30 00:00:00-04:00,60.04999923706055,60.06999969482422,59.08000183105469,59.08000183105469,42.45813751220703,1384400,0.33,0.0
2012-05-31 00:00:00-04:00,58.47999954223633,58.83000183105469,57.29999923706055,58.2599983215332,41.86881637573242,2165800,0.0,0.0
2012-06-01 00:00:00-04:00,57.209999084472656,58.150001525878906,56.81999969482422,56.88999938964844,40.884254455566406,2531700,0.0,0.0
2012-06-04 00:00:00-04:00,56.380001068115234,57.099998474121094,55.88999938964844,56.689998626708984,40.740516662597656,2952800,0.0,0.0
2012-06-05 00:00:00-04:00,56.400001525878906,57.02000045776367,55.880001068115234,56.619998931884766,40.69023132324219,1644100,0.0,0.0
2012-06-06 00:00:00-04:00,57.029998779296875,58.150001525878906,56.869998931884766,58.040000915527344,41.71070861816406,1300300,0.0,0.0
2012-06-07 00:00:00-04:00,58.68000030517578,59.2599983215332,57.4900016784668,57.56999969482422,41.37294387817383,1206900,0.0,0.0
2012-06-08 00:00:00-04:00,57.20000076293945,58.060001373291016,57.099998474121094,57.91999816894531,41.624481201171875,1126300,0.0,0.0
2012-06-11 00:00:00-04:00,58.349998474121094,58.56999969482422,57.36000061035156,57.45000076293945,41.28670883178711,656000,0.0,0.0
2012-06-12 00:00:00-04:00,57.59000015258789,57.970001220703125,57.13999938964844,57.91999816894531,41.624481201171875,847400,0.0,0.0
2012-06-13 00:00:00-04:00,57.810001373291016,58.47999954223633,57.209999084472656,57.290000915527344,41.171730041503906,1075100,0.0,0.0
2012-06-14 00:00:00-04:00,57.56999969482422,58.2400016784668,57.16999816894531,58.02000045776367,41.696346282958984,1140500,0.0,0.0
2012-06-15 00:00:00-04:00,58.220001220703125,58.630001068115234,57.939998626708984,58.560001373291016,42.08442687988281,1195000,0.0,0.0
2012-06-18 00:00:00-04:00,58.220001220703125,59.290000915527344,58.11000061035156,59.0099983215332,42.40780258178711,910100,0.0,0.0
2012-06-19 00:00:00-04:00,59.0,59.9900016784668,58.95000076293945,59.810001373291016,42.98273468017578,1021700,0.0,0.0
2012-06-20 00:00:00-04:00,59.93000030517578,59.93000030517578,58.709999084472656,59.310001373291016,42.623409271240234,800100,0.0,0.0
2012-06-21 00:00:00-04:00,59.47999954223633,59.63999938964844,57.810001373291016,57.83000183105469,41.55979919433594,1037400,0.0,0.0
2012-06-22 00:00:00-04:00,57.56999969482422,57.689998626708984,56.709999084472656,57.369998931884766,41.229217529296875,1231800,0.0,0.0
2012-06-25 00:00:00-04:00,56.79999923706055,57.04999923706055,56.0099983215332,56.34000015258789,40.4890022277832,1023000,0.0,0.0
2012-06-26 00:00:00-04:00,56.540000915527344,56.650001525878906,55.349998474121094,56.2599983215332,40.43151092529297,1365500,0.0,0.0
2012-06-27 00:00:00-04:00,56.47999954223633,56.970001220703125,56.25,56.84000015258789,40.848323822021484,956300,0.0,0.0
2012-06-28 00:00:00-04:00,56.400001525878906,56.88999938964844,56.02000045776367,56.65999984741211,40.718955993652344,1032600,0.0,0.0
2012-06-29 00:00:00-04:00,57.540000915527344,58.619998931884766,57.43000030517578,58.529998779296875,42.0628547668457,979000,0.0,0.0
2012-07-02 00:00:00-04:00,58.779998779296875,61.25,58.0099983215332,60.849998474121094,43.73013687133789,2851200,0.0,0.0
2012-07-03 00:00:00-04:00,61.5099983215332,61.959999084472656,60.349998474121094,61.86000061035156,44.45597839355469,1644300,0.0,0.0
2012-07-05 00:00:00-04:00,61.970001220703125,61.970001220703125,61.189998626708984,61.439998626708984,44.154151916503906,1183500,0.0,0.0
2012-07-06 00:00:00-04:00,61.16999816894531,61.58000183105469,60.09000015258789,60.5099983215332,43.485782623291016,938900,0.0,0.0
2012-07-09 00:00:00-04:00,60.459999084472656,61.11000061035156,60.189998626708984,60.2400016784668,43.291744232177734,948200,0.0,0.0
2012-07-10 00:00:00-04:00,60.75,60.939998626708984,59.709999084472656,59.90999984741211,43.054603576660156,1027700,0.0,0.0
2012-07-11 00:00:00-04:00,59.849998474121094,60.220001220703125,58.9900016784668,59.599998474121094,42.83180236816406,891100,0.0,0.0
2012-07-12 00:00:00-04:00,59.18000030517578,59.43000030517578,58.5,58.95000076293945,42.364688873291016,883200,0.0,0.0
2012-07-13 00:00:00-04:00,59.11000061035156,60.47999954223633,59.11000061035156,60.29999923706055,43.33487319946289,1565300,0.0,0.0
2012-07-16 00:00:00-04:00,60.16999816894531,60.279998779296875,58.849998474121094,58.91999816894531,42.34313201904297,1059000,0.0,0.0
2012-07-17 00:00:00-04:00,57.95000076293945,57.9900016784668,56.83000183105469,57.95000076293945,41.64604187011719,1556100,0.0,0.0
2012-07-18 00:00:00-04:00,57.86000061035156,59.45000076293945,57.84000015258789,59.2400016784668,42.57310485839844,1334500,0.0,0.0
2012-07-19 00:00:00-04:00,59.38999938964844,59.810001373291016,59.04999923706055,59.529998779296875,42.781494140625,856200,0.0,0.0
2012-07-20 00:00:00-04:00,59.4900016784668,59.4900016784668,56.86000061035156,56.959999084472656,40.934566497802734,2106800,0.0,0.0
2012-07-23 00:00:00-04:00,55.970001220703125,56.689998626708984,55.5,56.58000183105469,40.661476135253906,1350800,0.0,0.0
2012-07-24 00:00:00-04:00,56.290000915527344,56.58000183105469,55.61000061035156,56.25,40.424320220947266,1415300,0.0,0.0
2012-07-25 00:00:00-04:00,54.0099983215332,54.189998626708984,50.810001373291016,52.22999954223633,37.53533935546875,6557600,0.0,0.0
2012-07-26 00:00:00-04:00,52.90999984741211,53.560001373291016,51.810001373291016,52.2400016784668,37.54251480102539,2146600,0.0,0.0
2012-07-27 00:00:00-04:00,52.72999954223633,53.65999984741211,52.72999954223633,53.349998474121094,38.34022903442383,1735200,0.0,0.0
2012-07-30 00:00:00-04:00,53.20000076293945,53.65999984741211,53.06999969482422,53.25,38.268367767333984,1171300,0.0,0.0
2012-07-31 00:00:00-04:00,52.959999084472656,53.43000030517578,52.79999923706055,52.849998474121094,37.98088836669922,1016900,0.0,0.0
2012-08-01 00:00:00-04:00,52.97999954223633,53.189998626708984,51.91999816894531,52.849998474121094,37.98088836669922,1288900,0.0,0.0
2012-08-02 00:00:00-04:00,52.72999954223633,53.25,51.970001220703125,53.13999938964844,38.18931579589844,1429200,0.0,0.0
2012-08-03 00:00:00-04:00,54.06999969482422,54.27000045776367,53.540000915527344,53.599998474121094,38.51988983154297,1459700,0.0,0.0
2012-08-06 00:00:00-04:00,54.0099983215332,54.040000915527344,53.540000915527344,53.630001068115234,38.54144287109375,1050900,0.0,0.0
2012-08-07 00:00:00-04:00,54.0,54.11000061035156,53.65999984741211,53.7400016784668,38.62049865722656,1084700,0.0,0.0
2012-08-08 00:00:00-04:00,53.5,54.029998779296875,53.22999954223633,53.900001525878906,38.735477447509766,1360000,0.0,0.0
2012-08-09 00:00:00-04:00,53.90999984741211,54.02000045776367,53.65999984741211,53.79999923706055,38.66362380981445,992600,0.0,0.0
2012-08-10 00:00:00-04:00,53.7599983215332,54.34000015258789,53.599998474121094,54.22999954223633,38.97264099121094,688000,0.0,0.0
2012-08-13 00:00:00-04:00,54.06999969482422,54.790000915527344,54.029998779296875,54.61000061035156,39.245723724365234,1029500,0.0,0.0
2012-08-14 00:00:00-04:00,54.900001525878906,55.5099983215332,54.56999969482422,55.220001220703125,39.684104919433594,1327800,0.0,0.0
2012-08-15 00:00:00-04:00,55.04999923706055,55.939998626708984,55.02000045776367,55.900001525878906,40.172786712646484,773000,0.0,0.0
2012-08-16 00:00:00-04:00,56.130001068115234,57.20000076293945,55.79999923706055,56.66999816894531,40.72616195678711,1620900,0.0,0.0
2012-08-17 00:00:00-04:00,56.91999816894531,57.08000183105469,56.380001068115234,57.040000915527344,40.9920768737793,1344300,0.0,0.0
2012-08-20 00:00:00-04:00,57.0099983215332,57.599998474121094,56.75,57.439998626708984,41.27952575683594,1089300,0.0,0.0
2012-08-21 00:00:00-04:00,57.400001525878906,57.83000183105469,57.2400016784668,57.40999984741211,41.25796127319336,1740200,0.0,0.0
2012-08-22 00:00:00-04:00,57.31999969482422,57.470001220703125,56.7599983215332,57.2599983215332,41.150150299072266,918600,0.0,0.0
2012-08-23 00:00:00-04:00,57.25,57.25,56.63999938964844,56.810001373291016,40.82676315307617,796900,0.0,0.0
2012-08-24 00:00:00-04:00,56.790000915527344,57.34000015258789,56.63999938964844,57.15999984741211,41.078285217285156,785600,0.0,0.0
2012-08-27 00:00:00-04:00,57.18000030517578,57.41999816894531,56.290000915527344,56.529998779296875,40.62554931640625,624100,0.0,0.0
2012-08-28 00:00:00-04:00,56.45000076293945,56.529998779296875,56.0,56.099998474121094,40.3165283203125,1153200,0.0,0.0
2012-08-29 00:00:00-04:00,56.290000915527344,57.060001373291016,56.16999816894531,57.0,40.96331024169922,1000600,0.0,0.0
2012-08-30 00:00:00-04:00,56.63999938964844,56.70000076293945,56.22999954223633,56.2400016784668,40.417137145996094,1014400,0.0,0.0
2012-08-31 00:00:00-04:00,56.77000045776367,57.0099983215332,56.45000076293945,56.61000061035156,40.68304443359375,889600,0.0,0.0
2012-09-04 00:00:00-04:00,56.68000030517578,57.0099983215332,56.150001525878906,56.630001068115234,40.69740676879883,1052700,0.0,0.0
2012-09-05 00:00:00-04:00,56.380001068115234,56.70000076293945,55.560001373291016,56.369998931884766,40.748008728027344,1329500,0.33,0.0
2012-09-06 00:00:00-04:00,56.77000045776367,57.599998474121094,56.59000015258789,57.060001373291016,41.24678421020508,1151500,0.0,0.0
2012-09-07 00:00:00-04:00,57.290000915527344,57.5,56.790000915527344,57.45000076293945,41.52871322631836,1830800,0.0,0.0
2012-09-10 00:00:00-04:00,57.439998626708984,57.5099983215332,57.18000030517578,57.34000015258789,41.449188232421875,1061800,0.0,0.0
2012-09-11 00:00:00-04:00,57.36000061035156,57.630001068115234,57.15999984741211,57.470001220703125,41.54316711425781,1282300,0.0,0.0
2012-09-12 00:00:00-04:00,57.470001220703125,57.81999969482422,57.279998779296875,57.459999084472656,41.53593826293945,857000,0.0,0.0
2012-09-13 00:00:00-04:00,57.369998931884766,57.619998931884766,56.959999084472656,57.2400016784668,41.37690353393555,1147900,0.0,0.0
2012-09-14 00:00:00-04:00,56.77000045776367,57.4900016784668,56.619998931884766,57.27000045776367,41.39859390258789,1629900,0.0,0.0
2012-09-17 00:00:00-04:00,57.06999969482422,57.459999084472656,56.709999084472656,56.7400016784668,41.015472412109375,918700,0.0,0.0
2012-09-18 00:00:00-04:00,56.540000915527344,56.869998931884766,55.90999984741211,56.52000045776367,40.856441497802734,921100,0.0,0.0
2012-09-19 00:00:00-04:00,56.70000076293945,57.47999954223633,56.27000045776367,57.400001525878906,41.49256134033203,960800,0.0,0.0
2012-09-20 00:00:00-04:00,57.220001220703125,58.0,56.79999923706055,57.54999923706055,41.600990295410156,2281900,0.0,0.0
2012-09-21 00:00:00-04:00,57.5,57.83000183105469,57.20000076293945,57.619998931884766,41.6515998840332,2149100,0.0,0.0
2012-09-24 00:00:00-04:00,57.13999938964844,58.56999969482422,57.02000045776367,58.56999969482422,42.338321685791016,1298100,0.0,0.0
2012-09-25 00:00:00-04:00,59.13999938964844,60.939998626708984,58.9900016784668,59.040000915527344,42.67807388305664,3298000,0.0,0.0
2012-09-26 00:00:00-04:00,59.66999816894531,59.900001525878906,58.81999969482422,59.060001373291016,42.69252014160156,1757800,0.0,0.0
2012-09-27 00:00:00-04:00,59.16999816894531,59.400001525878906,58.720001220703125,59.27000045776367,42.844329833984375,891000,0.0,0.0
2012-09-28 00:00:00-04:00,59.15999984741211,59.15999984741211,58.11000061035156,58.58000183105469,42.34554672241211,1490000,0.0,0.0
2012-10-01 00:00:00-04:00,58.900001525878906,60.31999969482422,58.70000076293945,59.099998474121094,42.721439361572266,1738600,0.0,0.0
2012-10-02 00:00:00-04:00,59.16999816894531,59.33000183105469,58.20000076293945,58.599998474121094,42.36001205444336,1197000,0.0,0.0
2012-10-03 00:00:00-04:00,58.849998474121094,59.88999938964844,58.849998474121094,59.869998931884766,43.278053283691406,1409200,0.0,0.0
2012-10-04 00:00:00-04:00,59.86000061035156,60.290000915527344,59.34000015258789,59.900001525878906,43.29973220825195,958900,0.0,0.0
2012-10-05 00:00:00-04:00,60.150001525878906,61.02000045776367,60.060001373291016,60.310001373291016,43.59611511230469,998700,0.0,0.0
2012-10-08 00:00:00-04:00,60.58000183105469,60.84000015258789,59.939998626708984,59.9900016784668,43.36479187011719,975700,0.0,0.0
2012-10-09 00:00:00-04:00,59.77000045776367,60.439998626708984,59.11000061035156,59.369998931884766,42.91661071777344,1141800,0.0,0.0
2012-10-10 00:00:00-04:00,59.5,59.95000076293945,58.83000183105469,59.0,42.6491584777832,1152700,0.0,0.0
2012-10-11 00:00:00-04:00,59.4900016784668,59.650001525878906,58.86000061035156,58.900001525878906,42.576873779296875,726400,0.0,0.0
2012-10-12 00:00:00-04:00,59.5099983215332,60.90999984741211,59.4900016784668,59.939998626708984,43.32865524291992,1574700,0.0,0.0
2012-10-15 00:00:00-04:00,60.13999938964844,60.529998779296875,59.720001220703125,60.36000061035156,43.63224411010742,768800,0.0,0.0
2012-10-16 00:00:00-04:00,60.90999984741211,61.5,60.40999984741211,60.900001525878906,44.022605895996094,1031000,0.0,0.0
2012-10-17 00:00:00-04:00,63.0,63.15999984741211,61.33000183105469,61.689998626708984,44.593658447265625,1654000,0.0,0.0
2012-10-18 00:00:00-04:00,61.47999954223633,61.68000030517578,61.0,61.400001525878906,44.384029388427734,935700,0.0,0.0
2012-10-19 00:00:00-04:00,61.5099983215332,61.58000183105469,60.369998931884766,60.720001220703125,43.89248275756836,1490200,0.0,0.0
2012-10-22 00:00:00-04:00,60.75,60.880001068115234,59.630001068115234,59.849998474121094,43.26359939575195,1581900,0.0,0.0
2012-10-23 00:00:00-04:00,60.880001068115234,61.290000915527344,59.59000015258789,60.97999954223633,44.08042526245117,1869600,0.0,0.0
2012-10-24 00:00:00-04:00,58.9900016784668,59.79999923706055,57.15999984741211,57.54999923706055,41.600990295410156,4023000,0.0,0.0
2012-10-25 00:00:00-04:00,57.54999923706055,59.36000061035156,57.54999923706055,59.099998474121094,42.721439361572266,1837000,0.0,0.0
2012-10-26 00:00:00-04:00,59.0099983215332,59.619998931884766,58.79999923706055,59.40999984741211,42.945518493652344,1539100,0.0,0.0
2012-10-31 00:00:00-04:00,59.650001525878906,61.13999938964844,57.970001220703125,60.310001373291016,43.59611511230469,1512100,0.0,0.0
2012-11-01 00:00:00-04:00,60.41999816894531,61.86000061035156,59.970001220703125,61.56999969482422,44.50690460205078,1522400,0.0,0.0
2012-11-02 00:00:00-04:00,62.04999923706055,62.04999923706055,61.369998931884766,61.47999954223633,44.441856384277344,996900,0.0,0.0
2012-11-05 00:00:00-05:00,61.58000183105469,62.150001525878906,61.150001525878906,62.029998779296875,44.83944320678711,809600,0.0,0.0
2012-11-06 00:00:00-05:00,62.15999984741211,63.4900016784668,62.11000061035156,62.91999816894531,45.482784271240234,1318300,0.0,0.0
2012-11-07 00:00:00-05:00,62.04999923706055,62.560001373291016,61.849998474121094,62.220001220703125,44.9767951965332,1395700,0.0,0.0
2012-11-08 00:00:00-05:00,61.970001220703125,62.47999954223633,61.119998931884766,61.5,44.45630645751953,918600,0.0,0.0
2012-11-09 00:00:00-05:00,61.4900016784668,62.189998626708984,61.060001373291016,61.47999954223633,44.441856384277344,1199700,0.0,0.0
2012-11-12 00:00:00-05:00,61.47999954223633,61.7599983215332,61.13999938964844,61.380001068115234,44.36957550048828,624700,0.0,0.0
2012-11-13 00:00:00-05:00,61.290000915527344,62.41999816894531,61.2400016784668,61.38999938964844,44.37680435180664,1224500,0.0,0.0
2012-11-14 00:00:00-05:00,61.529998779296875,61.560001373291016,59.68000030517578,59.869998931884766,43.278053283691406,1457300,0.0,0.0
2012-11-15 00:00:00-05:00,59.90999984741211,60.04999923706055,59.34000015258789,59.529998779296875,43.032264709472656,1007100,0.0,0.0
2012-11-16 00:00:00-05:00,59.4900016784668,59.790000915527344,58.630001068115234,59.15999984741211,42.764801025390625,1065200,0.0,0.0
2012-11-19 00:00:00-05:00,59.90999984741211,60.18000030517578,59.279998779296875,59.810001373291016,43.23467254638672,1080700,0.0,0.0
2012-11-20 00:00:00-05:00,59.58000183105469,60.11000061035156,59.52000045776367,60.06999969482422,43.42262649536133,628500,0.0,0.0
2012-11-21 00:00:00-05:00,60.09000015258789,60.40999984741211,59.970001220703125,60.220001220703125,43.53104782104492,508700,0.0,0.0
2012-11-23 00:00:00-05:00,60.13999938964844,60.9900016784668,59.959999084472656,60.97999954223633,44.08042526245117,387000,0.0,0.0
2012-11-26 00:00:00-05:00,60.790000915527344,61.47999954223633,60.75,61.47999954223633,44.441856384277344,702000,0.0,0.0
2012-11-27 00:00:00-05:00,61.33000183105469,61.77000045776367,60.72999954223633,60.83000183105469,43.97201156616211,957000,0.0,0.0
2012-11-28 00:00:00-05:00,60.560001373291016,61.90999984741211,60.40999984741211,61.72999954223633,44.622596740722656,1114200,0.0,0.0
2012-11-29 00:00:00-05:00,61.97999954223633,62.56999969482422,61.65999984741211,61.970001220703125,44.79607009887695,1228300,0.0,0.0
2012-11-30 00:00:00-05:00,62.220001220703125,62.369998931884766,61.459999084472656,61.7400016784668,44.629817962646484,1357400,0.0,0.0
2012-12-03 00:00:00-05:00,62.029998779296875,62.13999938964844,60.68000030517578,61.0,44.09487533569336,780600,0.0,0.0
2012-12-04 00:00:00-05:00,60.97999954223633,61.52000045776367,60.75,61.02000045776367,44.109344482421875,797600,0.0,0.0
2012-12-05 00:00:00-05:00,61.08000183105469,62.099998474121094,61.060001373291016,61.90999984741211,44.75271224975586,870000,0.0,0.0
2012-12-06 00:00:00-05:00,61.63999938964844,61.95000076293945,60.41999816894531,60.63999938964844,43.834651947021484,969300,0.0,0.0
2012-12-07 00:00:00-05:00,60.779998779296875,60.970001220703125,60.13999938964844,60.599998474121094,43.80573654174805,783400,0.0,0.0
2012-12-10 00:00:00-05:00,60.7599983215332,62.04999923706055,60.720001220703125,61.939998626708984,44.774375915527344,1139600,0.0,0.0
2012-12-11 00:00:00-05:00,62.470001220703125,62.810001373291016,61.959999084472656,62.2599983215332,45.00569152832031,1429100,0.0,0.0
2012-12-12 00:00:00-05:00,62.56999969482422,62.650001525878906,61.709999084472656,61.90999984741211,44.75271224975586,877300,0.0,0.0
2012-12-13 00:00:00-05:00,61.630001068115234,62.38999938964844,61.27000045776367,61.63999938964844,44.81085968017578,605400,0.35,0.0
2012-12-14 00:00:00-05:00,61.72999954223633,61.959999084472656,61.400001525878906,61.52000045776367,44.7236213684082,886800,0.0,0.0
2012-12-17 00:00:00-05:00,61.779998779296875,62.189998626708984,61.61000061035156,62.189998626708984,45.210689544677734,814600,0.0,0.0
2012-12-18 00:00:00-05:00,62.439998626708984,63.93000030517578,62.279998779296875,63.54999923706055,46.19937515258789,1473300,0.0,0.0
2012-12-19 00:00:00-05:00,63.720001220703125,64.13999938964844,63.38999938964844,63.630001068115234,46.257537841796875,987400,0.0,0.0
2012-12-20 00:00:00-05:00,63.529998779296875,63.959999084472656,63.33000183105469,63.7599983215332,46.35203170776367,1039500,0.0,0.0
2012-12-21 00:00:00-05:00,63.0099983215332,63.97999954223633,62.810001373291016,63.599998474121094,46.2357177734375,2277800,0.0,0.0
2012-12-24 00:00:00-05:00,63.25,63.79999923706055,63.18000030517578,63.31999969482422,46.03217697143555,358400,0.0,0.0
2012-12-26 00:00:00-05:00,63.540000915527344,63.880001068115234,62.9900016784668,62.9900016784668,45.79227828979492,524500,0.0,0.0
2012-12-27 00:00:00-05:00,62.95000076293945,63.119998931884766,62.33000183105469,62.79999923706055,45.65414810180664,786700,0.0,0.0
2012-12-28 00:00:00-05:00,62.34000015258789,62.849998474121094,62.150001525878906,62.150001525878906,45.1816291809082,651200,0.0,0.0
2012-12-31 00:00:00-05:00,62.18000030517578,63.25,62.060001373291016,63.220001220703125,45.95947265625,727500,0.0,0.0
2013-01-02 00:00:00-05:00,64.11000061035156,64.87999725341797,61.650001525878906,63.15999984741211,45.91585922241211,3084300,0.0,0.0
2013-01-03 00:00:00-05:00,62.540000915527344,63.15999984741211,61.93000030517578,62.34000015258789,45.319740295410156,2893100,0.0,0.0
2013-01-04 00:00:00-05:00,62.150001525878906,63.540000915527344,62.06999969482422,63.040000915527344,45.82862091064453,1273600,0.0,0.0
2013-01-07 00:00:00-05:00,62.5099983215332,63.45000076293945,62.5,63.150001525878906,45.90858459472656,1077500,0.0,0.0
2013-01-08 00:00:00-05:00,62.810001373291016,63.29999923706055,61.810001373291016,63.209999084472656,45.95220184326172,1734200,0.0,0.0
2013-01-09 00:00:00-05:00,63.189998626708984,64.26000213623047,63.0099983215332,64.20999908447266,46.67918395996094,1788100,0.0,0.0
2013-01-10 00:00:00-05:00,64.58999633789062,64.87000274658203,64.04000091552734,64.37999725341797,46.802764892578125,1330400,0.0,0.0
2013-01-11 00:00:00-05:00,64.4000015258789,64.63999938964844,64.27999877929688,64.54000091552734,46.91908645629883,866400,0.0,0.0
2013-01-14 00:00:00-05:00,64.55999755859375,64.98999786376953,64.26000213623047,64.80000305175781,47.10810852050781,1167000,0.0,0.0
2013-01-15 00:00:00-05:00,65.02999877929688,65.52999877929688,64.51000213623047,65.3499984741211,47.50794219970703,999600,0.0,0.0
2013-01-16 00:00:00-05:00,65.2699966430664,65.36000061035156,64.05000305175781,64.7300033569336,47.057212829589844,1596200,0.0,0.0
2013-01-17 00:00:00-05:00,64.87000274658203,64.94000244140625,64.23999786376953,64.87999725341797,47.166255950927734,871700,0.0,0.0
2013-01-18 00:00:00-05:00,64.80000305175781,65.55999755859375,64.62999725341797,65.51000213623047,47.62425231933594,1172400,0.0,0.0
2013-01-22 00:00:00-05:00,65.3499984741211,66.29000091552734,65.25,66.06999969482422,48.03134536743164,912000,0.0,0.0
2013-01-23 00:00:00-05:00,66.05000305175781,66.48999786376953,65.6500015258789,65.75,47.79874038696289,774000,0.0,0.0
2013-01-24 00:00:00-05:00,66.3499984741211,67.8499984741211,66.12000274658203,67.20999908447266,48.8601188659668,1637400,0.0,0.0
2013-01-25 00:00:00-05:00,67.27999877929688,67.48999786376953,66.58000183105469,67.19000244140625,48.845577239990234,733300,0.0,0.0
2013-01-28 00:00:00-05:00,67.52999877929688,67.83000183105469,66.9000015258789,67.51000213623047,49.07822036743164,1658000,0.0,0.0
2013-01-29 00:00:00-05:00,67.4800033569336,67.93000030517578,67.0999984741211,67.91999816894531,49.37625503540039,921700,0.0,0.0
2013-01-30 00:00:00-05:00,67.68000030517578,67.83999633789062,66.77999877929688,67.13999938964844,48.80921936035156,1034200,0.0,0.0
2013-01-31 00:00:00-05:00,66.77999877929688,67.08000183105469,65.0,66.1500015258789,48.089515686035156,2546200,0.0,0.0
2013-02-01 00:00:00-05:00,66.75,67.11000061035156,65.98999786376953,66.88999938964844,48.62747573852539,1352400,0.0,0.0
2013-02-04 00:00:00-05:00,65.51000213623047,66.93000030517578,65.51000213623047,66.02999877929688,48.00227737426758,1390800,0.0,0.0
2013-02-05 00:00:00-05:00,66.08999633789062,67.37999725341797,65.08999633789062,67.01000213623047,48.71472930908203,2064200,0.0,0.0
2013-02-06 00:00:00-05:00,61.560001373291016,61.970001220703125,60.0099983215332,60.5,43.98208999633789,6424400,0.0,0.0
2013-02-07 00:00:00-05:00,60.06999969482422,60.5,58.75,59.93000030517578,43.56771469116211,4152700,0.0,0.0
2013-02-08 00:00:00-05:00,59.36000061035156,59.97999954223633,59.130001068115234,59.720001220703125,43.41505432128906,2604200,0.0,0.0
2013-02-11 00:00:00-05:00,59.70000076293945,59.900001525878906,59.189998626708984,59.34000015258789,43.13880920410156,1939400,0.0,0.0
2013-02-12 00:00:00-05:00,59.540000915527344,59.560001373291016,58.939998626708984,59.130001068115234,42.986141204833984,1538000,0.0,0.0
2013-02-13 00:00:00-05:00,59.27000045776367,59.349998474121094,58.45000076293945,58.810001373291016,42.75350570678711,2011400,0.0,0.0
2013-02-14 00:00:00-05:00,58.63999938964844,58.779998779296875,57.93000030517578,58.08000183105469,42.22282028198242,1947200,0.0,0.0
2013-02-15 00:00:00-05:00,57.79999923706055,58.310001373291016,57.59000015258789,57.779998779296875,42.004722595214844,2304000,0.0,0.0
2013-02-19 00:00:00-05:00,57.95000076293945,58.5099983215332,57.43000030517578,58.369998931884766,42.43364334106445,1932200,0.0,0.0
2013-02-20 00:00:00-05:00,58.400001525878906,58.900001525878906,58.20000076293945,58.470001220703125,42.5063362121582,1875200,0.0,0.0
2013-02-21 00:00:00-05:00,58.25,58.310001373291016,57.459999084472656,57.52000045776367,41.815711975097656,1777800,0.0,0.0
2013-02-22 00:00:00-05:00,57.83000183105469,58.209999084472656,57.709999084472656,57.970001220703125,42.14285659790039,986800,0.0,0.0
2013-02-25 00:00:00-05:00,58.189998626708984,58.349998474121094,56.72999954223633,56.77000045776367,41.270484924316406,1302500,0.0,0.0
2013-02-26 00:00:00-05:00,56.91999816894531,57.2400016784668,55.810001373291016,55.97999954223633,40.69615936279297,2095200,0.0,0.0
2013-02-27 00:00:00-05:00,55.97999954223633,57.56999969482422,55.97999954223633,57.189998626708984,41.8373908996582,2017800,0.35,0.0
2013-02-28 00:00:00-05:00,57.189998626708984,57.560001373291016,56.900001525878906,57.02000045776367,41.71302032470703,1993400,0.0,0.0
2013-03-01 00:00:00-05:00,56.7400016784668,57.400001525878906,56.61000061035156,57.060001373291016,41.74228286743164,1566200,0.0,0.0
2013-03-04 00:00:00-05:00,57.060001373291016,57.2599983215332,56.27000045776367,57.060001373291016,41.74228286743164,1839400,0.0,0.0
2013-03-05 00:00:00-05:00,57.16999816894531,57.83000183105469,57.06999969482422,57.540000915527344,42.09343719482422,3039100,0.0,0.0
2013-03-06 00:00:00-05:00,57.599998474121094,57.77000045776367,57.150001525878906,57.22999954223633,41.86664962768555,1390100,0.0,0.0
2013-03-07 00:00:00-05:00,57.369998931884766,57.81999969482422,56.790000915527344,56.93000030517578,41.647186279296875,1503300,0.0,0.0
2013-03-08 00:00:00-05:00,57.15999984741211,57.540000915527344,56.959999084472656,57.0,41.69837951660156,1882200,0.0,0.0
2013-03-11 00:00:00-04:00,56.9900016784668,57.52000045776367,56.95000076293945,57.0,41.69837951660156,1552200,0.0,0.0
2013-03-12 00:00:00-04:00,57.04999923706055,57.810001373291016,57.04999923706055,57.349998474121094,41.954429626464844,1944200,0.0,0.0
2013-03-13 00:00:00-04:00,57.31999969482422,59.15999984741211,57.130001068115234,59.06999969482422,43.21269607543945,2100600,0.0,0.0
2013-03-14 00:00:00-04:00,59.06999969482422,59.34000015258789,58.41999816894531,59.20000076293945,43.30781936645508,1222100,0.0,0.0
2013-03-15 00:00:00-04:00,58.95000076293945,59.400001525878906,58.43000030517578,59.34000015258789,43.41022872924805,2334500,0.0,0.0
2013-03-18 00:00:00-04:00,58.810001373291016,59.779998779296875,58.61000061035156,59.189998626708984,43.30048751831055,1273300,0.0,0.0
2013-03-19 00:00:00-04:00,59.20000076293945,59.560001373291016,58.650001525878906,59.040000915527344,43.19074630737305,1352100,0.0,0.0
2013-03-20 00:00:00-04:00,59.02000045776367,59.290000915527344,58.61000061035156,58.689998626708984,42.9347038269043,1396100,0.0,0.0
2013-03-21 00:00:00-04:00,58.470001220703125,58.7400016784668,57.40999984741211,57.439998626708984,42.0202751159668,1277900,0.0,0.0
2013-03-22 00:00:00-04:00,57.650001525878906,58.2400016784668,57.4900016784668,58.099998474121094,42.50309371948242,1487800,0.0,0.0
2013-03-25 00:00:00-04:00,58.25,58.7400016784668,57.650001525878906,58.56999969482422,42.846920013427734,1700200,0.0,0.0
2013-03-26 00:00:00-04:00,58.5099983215332,59.150001525878906,58.459999084472656,59.0099983215332,43.16880416870117,1171300,0.0,0.0
2013-03-27 00:00:00-04:00,58.619998931884766,59.16999816894531,58.5099983215332,59.150001525878906,43.271217346191406,1241100,0.0,0.0
2013-03-28 00:00:00-04:00,59.040000915527344,59.47999954223633,58.900001525878906,59.459999084472656,43.49800109863281,1488400,0.0,0.0
2013-04-01 00:00:00-04:00,59.5,59.689998626708984,58.470001220703125,58.599998474121094,42.868858337402344,1254500,0.0,0.0
2013-04-02 00:00:00-04:00,59.0,59.0,58.45000076293945,58.63999938964844,42.89813232421875,1383600,0.0,0.0
2013-04-03 00:00:00-04:00,58.59000015258789,58.90999984741211,58.06999969482422,58.13999938964844,42.5323600769043,1446300,0.0,0.0
2013-04-04 00:00:00-04:00,58.41999816894531,58.56999969482422,58.08000183105469,58.5,42.79571533203125,1244900,0.0,0.0
2013-04-05 00:00:00-04:00,57.939998626708984,59.04999923706055,57.56999969482422,58.97999954223633,43.146881103515625,1206800,0.0,0.0
2013-04-08 00:00:00-04:00,59.099998474121094,59.81999969482422,58.599998474121094,59.810001373291016,43.75405502319336,1131100,0.0,0.0
2013-04-09 00:00:00-04:00,59.869998931884766,60.45000076293945,59.40999984741211,60.2599983215332,44.083229064941406,1368500,0.0,0.0
2013-04-10 00:00:00-04:00,60.43000030517578,61.099998474121094,60.220001220703125,60.689998626708984,44.397804260253906,1500400,0.0,0.0
2013-04-11 00:00:00-04:00,60.81999969482422,61.11000061035156,60.33000183105469,60.59000015258789,44.32464599609375,848900,0.0,0.0
2013-04-12 00:00:00-04:00,59.349998474121094,59.959999084472656,57.7400016784668,59.0,43.1614875793457,2464700,0.0,0.0
2013-04-15 00:00:00-04:00,58.95000076293945,58.95000076293945,57.2599983215332,57.5099983215332,42.07148742675781,1367500,0.0,0.0
2013-04-16 00:00:00-04:00,56.790000915527344,57.209999084472656,56.130001068115234,57.16999816894531,41.82273864746094,1607300,0.0,0.0
2013-04-17 00:00:00-04:00,56.630001068115234,56.84000015258789,56.02000045776367,56.58000183105469,41.39113235473633,1235400,0.0,0.0
2013-04-18 00:00:00-04:00,56.81999969482422,56.83000183105469,55.939998626708984,56.25,41.14972686767578,1130000,0.0,0.0
2013-04-19 00:00:00-04:00,56.689998626708984,56.77000045776367,55.68000030517578,56.33000183105469,41.208251953125,1306900,0.0,0.0
2013-04-22 00:00:00-04:00,56.54999923706055,57.15999984741211,56.02000045776367,57.0099983215332,41.7056999206543,833900,0.0,0.0
2013-04-23 00:00:00-04:00,57.150001525878906,57.709999084472656,57.13999938964844,57.40999984741211,41.998321533203125,1199600,0.0,0.0
2013-04-24 00:00:00-04:00,57.68000030517578,58.02000045776367,57.47999954223633,57.650001525878906,42.17390060424805,1296500,0.0,0.0
2013-04-25 00:00:00-04:00,57.939998626708984,58.560001373291016,57.84000015258789,58.20000076293945,42.57625961303711,925900,0.0,0.0
2013-04-26 00:00:00-04:00,58.08000183105469,58.7599983215332,58.0099983215332,58.439998626708984,42.7518196105957,1093700,0.0,0.0
2013-04-29 00:00:00-04:00,58.4900016784668,59.02000045776367,58.400001525878906,58.84000015258789,43.04444122314453,656500,0.0,0.0
2013-04-30 00:00:00-04:00,58.91999816894531,59.400001525878906,58.41999816894531,59.38999938964844,43.446781158447266,1406900,0.0,0.0
2013-05-01 00:00:00-04:00,59.459999084472656,59.95000076293945,58.810001373291016,58.900001525878906,43.08833694458008,1284900,0.0,0.0
2013-05-02 00:00:00-04:00,59.119998931884766,59.619998931884766,58.959999084472656,59.369998931884766,43.43217468261719,944600,0.0,0.0
2013-05-03 00:00:00-04:00,59.869998931884766,60.72999954223633,59.84000015258789,60.470001220703125,44.23686981201172,1430700,0.0,0.0
2013-05-06 00:00:00-04:00,60.40999984741211,60.709999084472656,60.31999969482422,60.369998931884766,44.16371154785156,1633800,0.0,0.0
2013-05-07 00:00:00-04:00,60.380001068115234,61.90999984741211,60.25,61.560001373291016,45.03426742553711,2060300,0.0,0.0
2013-05-08 00:00:00-04:00,56.650001525878906,57.900001525878906,56.11000061035156,57.2599983215332,41.888587951660156,4612600,0.0,0.0
2013-05-09 00:00:00-04:00,57.189998626708984,57.439998626708984,55.72999954223633,56.0,40.96684646606445,6167300,0.0,0.0
2013-05-10 00:00:00-04:00,56.22999954223633,57.369998931884766,56.060001373291016,57.0,41.69837951660156,2383200,0.0,0.0
2013-05-13 00:00:00-04:00,56.470001220703125,56.58000183105469,55.79999923706055,56.06999969482422,41.018043518066406,1728000,0.0,0.0
2013-05-14 00:00:00-04:00,56.150001525878906,56.869998931884766,56.04999923706055,56.869998931884766,41.603275299072266,1030700,0.0,0.0
2013-05-15 00:00:00-04:00,56.939998626708984,57.86000061035156,56.79999923706055,57.65999984741211,42.181209564208984,1089600,0.0,0.0
2013-05-16 00:00:00-04:00,57.790000915527344,58.400001525878906,57.5099983215332,57.869998931884766,42.3348388671875,1205300,0.0,0.0
2013-05-17 00:00:00-04:00,58.290000915527344,58.33000183105469,57.84000015258789,58.31999969482422,42.664031982421875,965900,0.0,0.0
2013-05-20 00:00:00-04:00,58.09000015258789,58.470001220703125,58.08000183105469,58.20000076293945,42.57625961303711,837500,0.0,0.0
2013-05-21 00:00:00-04:00,58.33000183105469,59.970001220703125,58.27000045776367,59.869998931884766,43.79793167114258,1829400,0.0,0.0
2013-05-22 00:00:00-04:00,59.869998931884766,60.099998474121094,58.869998931884766,59.11000061035156,43.24197006225586,1803000,0.0,0.0
2013-05-23 00:00:00-04:00,58.91999816894531,59.5,58.81999969482422,59.4900016784668,43.51994705200195,1015000,0.0,0.0
2013-05-24 00:00:00-04:00,59.060001373291016,59.130001068115234,58.119998931884766,58.70000076293945,42.94203186035156,966300,0.0,0.0
2013-05-28 00:00:00-04:00,59.5,59.58000183105469,57.70000076293945,57.869998931884766,42.3348388671875,1418300,0.0,0.0
2013-05-29 00:00:00-04:00,57.66999816894531,58.060001373291016,57.439998626708984,57.66999816894531,42.18851852416992,1423700,0.0,0.0
2013-05-30 00:00:00-04:00,57.810001373291016,57.9900016784668,57.36000061035156,57.470001220703125,42.04220962524414,998800,0.0,0.0
2013-05-31 00:00:00-04:00,57.060001373291016,57.2599983215332,56.45000076293945,56.70000076293945,41.478912353515625,2271500,0.0,0.0
2013-06-03 00:00:00-04:00,56.72999954223633,57.040000915527344,56.380001068115234,57.040000915527344,41.7276611328125,1064600,0.0,0.0
2013-06-04 00:00:00-04:00,56.970001220703125,57.40999984741211,56.25,56.5,41.332611083984375,1250900,0.0,0.0
2013-06-05 00:00:00-04:00,56.13999938964844,56.56999969482422,55.95000076293945,56.2599983215332,41.41358184814453,1374500,0.35,0.0
2013-06-06 00:00:00-04:00,56.40999984741211,56.689998626708984,55.880001068115234,56.310001373291016,41.45038986206055,955700,0.0,0.0
2013-06-07 00:00:00-04:00,56.810001373291016,57.54999923706055,56.400001525878906,57.15999984741211,42.07609176635742,1252400,0.0,0.0
2013-06-10 00:00:00-04:00,56.119998931884766,56.810001373291016,55.90999984741211,56.810001373291016,41.818443298339844,1577100,0.0,0.0
2013-06-11 00:00:00-04:00,56.31999969482422,56.79999923706055,56.2400016784668,56.5,41.590240478515625,586100,0.0,0.0
2013-06-12 00:00:00-04:00,56.7599983215332,57.11000061035156,55.970001220703125,56.02000045776367,41.236915588378906,857700,0.0,0.0
2013-06-13 00:00:00-04:00,55.84000015258789,56.95000076293945,55.84000015258789,56.720001220703125,41.752193450927734,1380300,0.0,0.0
2013-06-14 00:00:00-04:00,56.75,57.20000076293945,56.380001068115234,56.5,41.590240478515625,1222200,0.0,0.0
2013-06-17 00:00:00-04:00,56.959999084472656,57.2400016784668,56.439998626708984,56.900001525878906,41.884708404541016,1036800,0.0,0.0
2013-06-18 00:00:00-04:00,57.18000030517578,57.41999816894531,56.709999084472656,57.33000183105469,42.20122528076172,1313200,0.0,0.0
2013-06-19 00:00:00-04:00,57.400001525878906,57.58000183105469,56.52000045776367,56.529998779296875,41.61233901977539,1165500,0.0,0.0
2013-06-20 00:00:00-04:00,56.119998931884766,56.369998931884766,55.310001373291016,55.41999816894531,40.795257568359375,1999300,0.0,0.0
2013-06-21 00:00:00-04:00,54.779998779296875,55.72999954223633,54.47999954223633,54.790000915527344,40.33149719238281,5348500,0.0,0.0
2013-06-24 00:00:00-04:00,54.560001373291016,54.81999969482422,53.7400016784668,54.33000183105469,39.99289321899414,2219100,0.0,0.0
2013-06-25 00:00:00-04:00,55.08000183105469,55.15999984741211,54.369998931884766,54.70000076293945,40.2652473449707,1925900,0.0,0.0
2013-06-26 00:00:00-04:00,55.31999969482422,55.459999084472656,54.720001220703125,55.119998931884766,40.574432373046875,1200500,0.0,0.0
2013-06-27 00:00:00-04:00,55.43000030517578,56.119998931884766,55.33000183105469,55.72999954223633,41.0234489440918,1164600,0.0,0.0
2013-06-28 00:00:00-04:00,55.54999923706055,56.56999969482422,55.5,56.310001373291016,41.45038986206055,2058400,0.0,0.0
2013-07-01 00:00:00-04:00,56.86000061035156,57.0,56.22999954223633,56.52000045776367,41.604976654052734,818300,0.0,0.0
2013-07-02 00:00:00-04:00,56.38999938964844,56.88999938964844,56.11000061035156,56.459999084472656,41.560813903808594,919900,0.0,0.0
2013-07-03 00:00:00-04:00,56.189998626708984,56.470001220703125,55.88999938964844,56.369998931884766,41.49455642700195,458100,0.0,0.0
2013-07-05 00:00:00-04:00,56.75,57.40999984741211,56.2400016784668,57.400001525878906,42.252750396728516,632800,0.0,0.0
2013-07-08 00:00:00-04:00,57.529998779296875,58.099998474121094,57.349998474121094,58.0099983215332,42.70177459716797,870100,0.0,0.0
2013-07-09 00:00:00-04:00,58.16999816894531,59.06999969482422,58.16999816894531,58.38999938964844,42.98149490356445,779100,0.0,0.0
2013-07-10 00:00:00-04:00,58.220001220703125,58.720001220703125,57.83000183105469,58.13999938964844,42.7974739074707,833600,0.0,0.0
2013-07-11 00:00:00-04:00,59.029998779296875,59.189998626708984,58.65999984741211,58.880001068115234,43.342193603515625,963400,0.0,0.0
2013-07-12 00:00:00-04:00,58.5099983215332,58.75,57.560001373291016,57.83000183105469,42.569278717041016,1361900,0.0,0.0
2013-07-15 00:00:00-04:00,57.939998626708984,60.36000061035156,57.869998931884766,59.939998626708984,44.122474670410156,1900000,0.0,0.0
2013-07-16 00:00:00-04:00,60.15999984741211,60.54999923706055,59.95000076293945,60.22999954223633,44.33594512939453,1509200,0.0,0.0
2013-07-17 00:00:00-04:00,60.529998779296875,60.650001525878906,59.83000183105469,60.04999923706055,44.20344924926758,794700,0.0,0.0
2013-07-18 00:00:00-04:00,60.2400016784668,60.81999969482422,60.22999954223633,60.70000076293945,44.68191146850586,849700,0.0,0.0
2013-07-19 00:00:00-04:00,60.66999816894531,60.93000030517578,60.41999816894531,60.599998474121094,44.608299255371094,705600,0.0,0.0
2013-07-22 00:00:00-04:00,61.119998931884766,61.130001068115234,60.45000076293945,60.540000915527344,44.56413650512695,758800,0.0,0.0
2013-07-23 00:00:00-04:00,60.900001525878906,60.900001525878906,59.7400016784668,59.880001068115234,44.078311920166016,761800,0.0,0.0
2013-07-24 00:00:00-04:00,60.459999084472656,60.47999954223633,59.279998779296875,59.279998779296875,43.63663864135742,871700,0.0,0.0
2013-07-25 00:00:00-04:00,59.2599983215332,59.34000015258789,58.4900016784668,59.18000030517578,43.56303787231445,828900,0.0,0.0
2013-07-26 00:00:00-04:00,58.709999084472656,59.439998626708984,58.630001068115234,59.38999938964844,43.71760177612305,479500,0.0,0.0
2013-07-29 00:00:00-04:00,59.060001373291016,59.40999984741211,58.869998931884766,59.08000183105469,43.48942947387695,392900,0.0,0.0
2013-07-30 00:00:00-04:00,59.25,59.4900016784668,58.84000015258789,59.20000076293945,43.5777587890625,625900,0.0,0.0
2013-07-31 00:00:00-04:00,59.36000061035156,60.27000045776367,59.16999816894531,59.619998931884766,43.886905670166016,933000,0.0,0.0
2013-08-01 00:00:00-04:00,60.220001220703125,61.349998474121094,59.369998931884766,61.06999969482422,44.954280853271484,1136400,0.0,0.0
2013-08-02 00:00:00-04:00,60.56999969482422,60.65999984741211,59.220001220703125,59.709999084472656,43.95317459106445,1678400,0.0,0.0
2013-08-05 00:00:00-04:00,59.58000183105469,59.900001525878906,59.099998474121094,59.65999984741211,43.916358947753906,749800,0.0,0.0
2013-08-06 00:00:00-04:00,59.5,60.20000076293945,59.27000045776367,59.58000183105469,43.85747528076172,1623000,0.0,0.0
2013-08-07 00:00:00-04:00,56.040000915527344,56.91999816894531,55.599998474121094,56.310001373291016,41.45038986206055,4337100,0.0,0.0
2013-08-08 00:00:00-04:00,56.349998474121094,56.7400016784668,56.02000045776367,56.72999954223633,41.75956344604492,1372800,0.0,0.0
2013-08-09 00:00:00-04:00,56.880001068115234,56.959999084472656,56.45000076293945,56.790000915527344,41.803733825683594,1088700,0.0,0.0
2013-08-12 00:00:00-04:00,56.59000015258789,57.13999938964844,56.5099983215332,57.060001373291016,42.002471923828125,906000,0.0,0.0
2013-08-13 00:00:00-04:00,57.06999969482422,57.16999816894531,56.18000030517578,56.439998626708984,41.546085357666016,742900,0.0,0.0
2013-08-14 00:00:00-04:00,56.34000015258789,56.65999984741211,55.59000015258789,55.720001220703125,41.016090393066406,952300,0.0,0.0
2013-08-15 00:00:00-04:00,55.540000915527344,56.0099983215332,55.2599983215332,55.880001068115234,41.13386917114258,1151600,0.0,0.0
2013-08-16 00:00:00-04:00,55.75,56.29999923706055,55.58000183105469,56.130001068115234,41.31790542602539,934400,0.0,0.0
2013-08-19 00:00:00-04:00,56.15999984741211,56.29999923706055,55.68000030517578,56.02000045776367,41.236915588378906,871500,0.0,0.0
2013-08-20 00:00:00-04:00,55.900001525878906,56.810001373291016,55.66999816894531,56.459999084472656,41.560813903808594,819000,0.0,0.0
2013-08-21 00:00:00-04:00,56.40999984741211,57.040000915527344,56.150001525878906,56.599998474121094,41.663856506347656,909300,0.0,0.0
2013-08-22 00:00:00-04:00,56.52000045776367,57.220001220703125,56.47999954223633,56.91999816894531,41.8994140625,654800,0.0,0.0
2013-08-23 00:00:00-04:00,57.02000045776367,57.290000915527344,56.81999969482422,57.20000076293945,42.105533599853516,911300,0.0,0.0
2013-08-26 00:00:00-04:00,57.900001525878906,60.56999969482422,57.900001525878906,58.83000183105469,43.30539321899414,2684900,0.0,0.0
2013-08-27 00:00:00-04:00,58.18000030517578,58.56999969482422,57.33000183105469,57.61000061035156,42.40732192993164,1234100,0.0,0.0
2013-08-28 00:00:00-04:00,57.58000183105469,57.720001220703125,57.04999923706055,57.470001220703125,42.304283142089844,1184200,0.0,0.0
2013-08-29 00:00:00-04:00,57.5099983215332,57.93000030517578,57.2400016784668,57.43000030517578,42.27484130859375,968200,0.0,0.0
2013-08-30 00:00:00-04:00,57.619998931884766,57.630001068115234,56.66999816894531,56.869998931884766,41.862613677978516,1009900,0.0,0.0
2013-09-03 00:00:00-04:00,57.459999084472656,57.70000076293945,57.20000076293945,57.45000076293945,42.28956604003906,1603000,0.0,0.0
2013-09-04 00:00:00-04:00,57.20000076293945,57.59000015258789,56.650001525878906,57.5099983215332,42.59321212768555,999100,0.35,0.0
2013-09-05 00:00:00-04:00,57.400001525878906,58.11000061035156,57.130001068115234,57.849998474121094,42.84502410888672,1030600,0.0,0.0
2013-09-06 00:00:00-04:00,58.02000045776367,58.16999816894531,57.2400016784668,57.70000076293945,42.73393249511719,1160000,0.0,0.0
2013-09-09 00:00:00-04:00,57.83000183105469,58.439998626708984,57.83000183105469,58.41999816894531,43.26716995239258,1250300,0.0,0.0
2013-09-10 00:00:00-04:00,58.650001525878906,59.31999969482422,58.630001068115234,59.220001220703125,43.85968017578125,1229300,0.0,0.0
2013-09-11 00:00:00-04:00,59.33000183105469,60.2400016784668,59.0099983215332,60.0,44.43736267089844,1645700,0.0,0.0
2013-09-12 00:00:00-04:00,59.849998474121094,60.04999923706055,59.369998931884766,59.630001068115234,44.163330078125,1405900,0.0,0.0
2013-09-13 00:00:00-04:00,59.7599983215332,59.88999938964844,58.66999816894531,59.130001068115234,43.79302215576172,1040400,0.0,0.0
2013-09-16 00:00:00-04:00,59.77000045776367,60.31999969482422,59.689998626708984,60.029998779296875,44.45956802368164,1015400,0.0,0.0
2013-09-17 00:00:00-04:00,59.939998626708984,60.77000045776367,59.720001220703125,60.38999938964844,44.7262077331543,1357600,0.0,0.0
2013-09-18 00:00:00-04:00,60.56999969482422,62.09000015258789,60.400001525878906,61.79999923706055,45.77048110961914,1680400,0.0,0.0
2013-09-19 00:00:00-04:00,61.84000015258789,62.25,61.599998474121094,61.619998931884766,45.637168884277344,1267100,0.0,0.0
2013-09-20 00:00:00-04:00,61.66999816894531,62.459999084472656,61.45000076293945,62.09000015258789,45.985260009765625,2808400,0.0,0.0
2013-09-23 00:00:00-04:00,61.869998931884766,61.97999954223633,61.029998779296875,61.63999938964844,45.65199279785156,1457600,0.0,0.0
2013-09-24 00:00:00-04:00,61.56999969482422,62.13999938964844,61.54999923706055,61.709999084472656,45.70383071899414,1229000,0.0,0.0
2013-09-25 00:00:00-04:00,61.66999816894531,61.75,60.869998931884766,60.970001220703125,45.1557731628418,1466100,0.0,0.0
2013-09-26 00:00:00-04:00,61.22999954223633,61.5,60.459999084472656,60.91999816894531,45.11872863769531,1333300,0.0,0.0
2013-09-27 00:00:00-04:00,60.83000183105469,60.970001220703125,60.380001068115234,60.45000076293945,44.7706413269043,1066100,0.0,0.0
2013-09-30 00:00:00-04:00,59.560001373291016,59.849998474121094,58.70000076293945,59.59000015258789,44.13370895385742,2057200,0.0,0.0
2013-10-01 00:00:00-04:00,59.709999084472656,60.119998931884766,59.47999954223633,59.86000061035156,44.33367156982422,1329900,0.0,0.0
2013-10-02 00:00:00-04:00,59.439998626708984,59.540000915527344,58.86000061035156,59.119998931884766,43.78561019897461,1613800,0.0,0.0
2013-10-03 00:00:00-04:00,58.81999969482422,58.97999954223633,57.349998474121094,57.7599983215332,42.77836227416992,2116200,0.0,0.0
2013-10-04 00:00:00-04:00,57.83000183105469,58.54999923706055,57.5099983215332,58.47999954223633,43.311614990234375,1090600,0.0,0.0
2013-10-07 00:00:00-04:00,57.470001220703125,58.61000061035156,57.099998474121094,58.290000915527344,43.170902252197266,1730300,0.0,0.0
2013-10-08 00:00:00-04:00,58.11000061035156,58.16999816894531,57.68000030517578,57.779998779296875,42.79317092895508,1357700,0.0,0.0
2013-10-09 00:00:00-04:00,57.7599983215332,58.130001068115234,57.369998931884766,58.0,42.956111907958984,1316400,0.0,0.0
2013-10-10 00:00:00-04:00,58.41999816894531,58.810001373291016,57.93000030517578,58.54999923706055,43.36345672607422,1331100,0.0,0.0
2013-10-11 00:00:00-04:00,58.27000045776367,58.970001220703125,58.220001220703125,58.900001525878906,43.622684478759766,928400,0.0,0.0
2013-10-14 00:00:00-04:00,58.75,59.61000061035156,58.70000076293945,59.459999084472656,44.037437438964844,824200,0.0,0.0
2013-10-15 00:00:00-04:00,59.029998779296875,59.43000030517578,58.45000076293945,58.77000045776367,43.526397705078125,1546000,0.0,0.0
2013-10-16 00:00:00-04:00,58.880001068115234,59.900001525878906,58.779998779296875,58.9900016784668,43.689327239990234,1324500,0.0,0.0
2013-10-17 00:00:00-04:00,58.91999816894531,59.77000045776367,58.65999984741211,59.5099983215332,44.074459075927734,1250300,0.0,0.0
2013-10-18 00:00:00-04:00,59.58000183105469,60.5,59.5,60.209999084472656,44.59290313720703,1534000,0.0,0.0
2013-10-21 00:00:00-04:00,60.33000183105469,60.61000061035156,60.04999923706055,60.560001373291016,44.85211181640625,933200,0.0,0.0
2013-10-22 00:00:00-04:00,60.68000030517578,61.09000015258789,60.2400016784668,60.720001220703125,44.970603942871094,1109100,0.0,0.0
2013-10-23 00:00:00-04:00,60.560001373291016,61.02000045776367,60.5099983215332,60.900001525878906,45.10391616821289,786100,0.0,0.0
2013-10-24 00:00:00-04:00,60.75,61.66999816894531,59.880001068115234,61.119998931884766,45.266868591308594,1826200,0.0,0.0
2013-10-25 00:00:00-04:00,61.400001525878906,61.400001525878906,60.119998931884766,60.7599983215332,45.000247955322266,2152900,0.0,0.0
2013-10-28 00:00:00-04:00,60.880001068115234,61.2599983215332,60.52000045776367,60.79999923706055,45.02986145019531,1214200,0.0,0.0
2013-10-29 00:00:00-04:00,60.939998626708984,61.0,60.189998626708984,60.90999984741211,45.111331939697266,1199800,0.0,0.0
2013-10-30 00:00:00-04:00,60.880001068115234,61.04999923706055,60.09000015258789,60.27000045776367,44.637332916259766,1545800,0.0,0.0
2013-10-31 00:00:00-04:00,60.31999969482422,60.33000183105469,59.5,59.7400016784668,44.24480056762695,2419500,0.0,0.0
2013-11-01 00:00:00-04:00,60.04999923706055,60.68000030517578,59.5,59.939998626708984,44.39292907714844,2066600,0.0,0.0
2013-11-04 00:00:00-05:00,60.68000030517578,61.939998626708984,60.06999969482422,61.72999954223633,45.71864700317383,2904100,0.0,0.0
2013-11-05 00:00:00-05:00,61.31999969482422,61.75,60.75,60.93000030517578,45.12614822387695,2871800,0.0,0.0
2013-11-06 00:00:00-05:00,59.0,60.970001220703125,58.880001068115234,60.099998474121094,44.511417388916016,3286600,0.0,0.0
2013-11-07 00:00:00-05:00,60.36000061035156,60.380001068115234,59.439998626708984,59.599998474121094,44.1411018371582,2042800,0.0,0.0
2013-11-08 00:00:00-05:00,59.5,59.7599983215332,59.279998779296875,59.65999984741211,44.18555450439453,1440500,0.0,0.0
2013-11-11 00:00:00-05:00,59.5099983215332,59.959999084472656,58.959999084472656,59.310001373291016,43.92632293701172,2224700,0.0,0.0
2013-11-12 00:00:00-05:00,59.15999984741211,59.34000015258789,58.900001525878906,58.91999816894531,43.637481689453125,2187100,0.0,0.0
2013-11-13 00:00:00-05:00,58.720001220703125,59.880001068115234,58.540000915527344,59.70000076293945,44.21518325805664,1881300,0.0,0.0
2013-11-14 00:00:00-05:00,59.970001220703125,60.13999938964844,59.70000076293945,59.91999816894531,44.37810134887695,1390100,0.0,0.0
2013-11-15 00:00:00-05:00,60.25,60.439998626708984,59.689998626708984,59.97999954223633,44.422550201416016,2131900,0.0,0.0
2013-11-18 00:00:00-05:00,60.08000183105469,60.650001525878906,59.95000076293945,60.08000183105469,44.49661636352539,1949400,0.0,0.0
2013-11-19 00:00:00-05:00,59.959999084472656,59.959999084472656,58.529998779296875,58.95000076293945,43.65970993041992,3040300,0.0,0.0
2013-11-20 00:00:00-05:00,57.84000015258789,58.459999084472656,57.47999954223633,57.65999984741211,42.70429611206055,3949800,0.0,0.0
2013-11-21 00:00:00-05:00,57.720001220703125,58.290000915527344,57.38999938964844,58.11000061035156,43.03758239746094,1417200,0.0,0.0
2013-11-22 00:00:00-05:00,58.2400016784668,58.88999938964844,58.15999984741211,58.68000030517578,43.45973205566406,1345800,0.0,0.0
2013-11-25 00:00:00-05:00,58.939998626708984,59.0099983215332,58.52000045776367,58.790000915527344,43.54121398925781,1072900,0.0,0.0
2013-11-26 00:00:00-05:00,58.79999923706055,59.09000015258789,58.45000076293945,58.529998779296875,43.34865188598633,1961400,0.0,0.0
2013-11-27 00:00:00-05:00,58.709999084472656,58.939998626708984,58.47999954223633,58.70000076293945,43.47455978393555,1153700,0.0,0.0
2013-11-29 00:00:00-05:00,58.779998779296875,59.16999816894531,58.59000015258789,58.650001525878906,43.4375114440918,569500,0.0,0.0
2013-12-02 00:00:00-05:00,58.810001373291016,59.11000061035156,58.27000045776367,58.47999954223633,43.311614990234375,1614000,0.0,0.0
2013-12-03 00:00:00-05:00,58.220001220703125,58.470001220703125,57.86000061035156,58.13999938964844,43.05979537963867,1639600,0.0,0.0
2013-12-04 00:00:00-05:00,57.869998931884766,58.380001068115234,57.470001220703125,58.25,43.14127731323242,2174700,0.0,0.0
2013-12-05 00:00:00-05:00,58.189998626708984,58.45000076293945,58.04999923706055,58.27000045776367,43.15608596801758,1264400,0.0,0.0
2013-12-06 00:00:00-05:00,58.47999954223633,58.47999954223633,57.34000015258789,57.88999938964844,42.87464904785156,2457300,0.0,0.0
2013-12-09 00:00:00-05:00,58.08000183105469,58.36000061035156,57.75,57.90999984741211,42.88945388793945,1365200,0.0,0.0
2013-12-10 00:00:00-05:00,57.970001220703125,58.119998931884766,57.52000045776367,57.720001220703125,42.748756408691406,1464800,0.0,0.0
2013-12-11 00:00:00-05:00,57.560001373291016,57.81999969482422,57.130001068115234,57.369998931884766,42.48951721191406,1867500,0.0,0.0
2013-12-12 00:00:00-05:00,57.34000015258789,57.560001373291016,57.0099983215332,57.130001068115234,42.311767578125,2123100,0.0,0.0
2013-12-13 00:00:00-05:00,56.93000030517578,57.13999938964844,56.11000061035156,56.400001525878906,42.02861404418945,2896800,0.35,0.0
2013-12-16 00:00:00-05:00,56.63999938964844,56.7599983215332,55.91999816894531,56.20000076293945,41.87956237792969,1995900,0.0,0.0
2013-12-17 00:00:00-05:00,56.189998626708984,56.4900016784668,55.95000076293945,56.369998931884766,42.00624084472656,1795400,0.0,0.0
2013-12-18 00:00:00-05:00,56.38999938964844,56.61000061035156,55.93000030517578,56.4900016784668,42.0956916809082,2085900,0.0,0.0
2013-12-19 00:00:00-05:00,56.470001220703125,56.72999954223633,56.279998779296875,56.47999954223633,42.08821487426758,1630000,0.0,0.0
2013-12-20 00:00:00-05:00,56.400001525878906,57.099998474121094,56.349998474121094,56.540000915527344,42.13292694091797,5227500,0.0,0.0
2013-12-23 00:00:00-05:00,56.869998931884766,57.15999984741211,56.5099983215332,57.040000915527344,42.50553512573242,2337800,0.0,0.0
2013-12-24 00:00:00-05:00,57.220001220703125,57.27000045776367,56.79999923706055,57.040000915527344,42.50553512573242,999500,0.0,0.0
2013-12-26 00:00:00-05:00,57.2599983215332,57.31999969482422,56.90999984741211,57.130001068115234,42.57258224487305,1938400,0.0,0.0
2013-12-27 00:00:00-05:00,57.099998474121094,57.779998779296875,56.91999816894531,57.720001220703125,43.01225280761719,1412800,0.0,0.0
2013-12-30 00:00:00-05:00,57.18000030517578,58.43000030517578,57.18000030517578,58.220001220703125,43.38484573364258,1267500,0.0,0.0
2013-12-31 00:00:00-05:00,58.2400016784668,58.54999923706055,58.09000015258789,58.349998474121094,43.481719970703125,953900,0.0,0.0
2014-01-02 00:00:00-05:00,58.209999084472656,58.47999954223633,57.61000061035156,57.81999969482422,43.08676528930664,1501000,0.0,0.0
2014-01-03 00:00:00-05:00,58.0099983215332,58.04999923706055,57.06999969482422,57.279998779296875,42.68437957763672,1319600,0.0,0.0
2014-01-06 00:00:00-05:00,57.650001525878906,57.7599983215332,56.52000045776367,56.61000061035156,42.18509292602539,2063900,0.0,0.0
2014-01-07 00:00:00-05:00,56.63999938964844,57.0,56.38999938964844,56.68000030517578,42.23725128173828,1309800,0.0,0.0
2014-01-08 00:00:00-05:00,56.689998626708984,56.7400016784668,56.099998474121094,56.27000045776367,41.931739807128906,1516900,0.0,0.0
2014-01-09 00:00:00-05:00,56.470001220703125,56.70000076293945,56.119998931884766,56.54999923706055,42.14039993286133,1133300,0.0,0.0
2014-01-10 00:00:00-05:00,56.619998931884766,58.27000045776367,56.599998474121094,57.70000076293945,42.99734115600586,2561500,0.0,0.0
2014-01-13 00:00:00-05:00,57.45000076293945,58.13999938964844,57.349998474121094,57.45000076293945,42.81105422973633,1771000,0.0,0.0
2014-01-14 00:00:00-05:00,57.66999816894531,57.9900016784668,57.029998779296875,57.7400016784668,43.02716064453125,1013300,0.0,0.0
2014-01-15 00:00:00-05:00,57.970001220703125,59.45000076293945,57.7400016784668,59.34000015258789,44.219451904296875,3266200,0.0,0.0
2014-01-16 00:00:00-05:00,58.349998474121094,59.689998626708984,58.349998474121094,59.52000045776367,44.35358810424805,1567000,0.0,0.0
2014-01-17 00:00:00-05:00,59.11000061035156,59.4900016784668,58.7400016784668,59.130001068115234,44.062957763671875,1448900,0.0,0.0
2014-01-21 00:00:00-05:00,59.4900016784668,59.70000076293945,58.79999923706055,59.65999984741211,44.457916259765625,1728600,0.0,0.0
2014-01-22 00:00:00-05:00,59.84000015258789,60.310001373291016,59.72999954223633,60.22999954223633,44.88267517089844,1738200,0.0,0.0
2014-01-23 00:00:00-05:00,59.27000045776367,59.72999954223633,58.209999084472656,59.04999923706055,44.003360748291016,2290000,0.0,0.0
2014-01-24 00:00:00-05:00,58.869998931884766,58.91999816894531,57.18000030517578,57.209999084472656,42.63219451904297,2039400,0.0,0.0
2014-01-27 00:00:00-05:00,57.36000061035156,57.86000061035156,56.52000045776367,57.0,42.47572708129883,1431900,0.0,0.0
2014-01-28 00:00:00-05:00,56.91999816894531,57.4900016784668,56.84000015258789,57.45000076293945,42.81105422973633,1784500,0.0,0.0
2014-01-29 00:00:00-05:00,56.959999084472656,58.43000030517578,56.869998931884766,57.630001068115234,42.94518280029297,2240800,0.0,0.0
2014-01-30 00:00:00-05:00,57.939998626708984,58.68000030517578,57.689998626708984,58.279998779296875,43.4295539855957,1655100,0.0,0.0
2014-01-31 00:00:00-05:00,57.529998779296875,58.90999984741211,57.529998779296875,58.540000915527344,43.62330627441406,2069000,0.0,0.0
2014-02-03 00:00:00-05:00,57.90999984741211,58.540000915527344,57.11000061035156,57.72999954223633,43.01970672607422,2807400,0.0,0.0
2014-02-04 00:00:00-05:00,58.11000061035156,58.880001068115234,57.459999084472656,58.63999938964844,43.69782257080078,3252400,0.0,0.0
2014-02-05 00:00:00-05:00,53.470001220703125,54.5,52.5,53.15999984741211,39.614192962646484,10199900,0.0,0.0
2014-02-06 00:00:00-05:00,53.060001373291016,53.150001525878906,52.040000915527344,52.47999954223633,39.10747146606445,3896100,0.0,0.0
2014-02-07 00:00:00-05:00,52.90999984741211,53.150001525878906,52.0099983215332,52.38999938964844,39.040401458740234,2922600,0.0,0.0
2014-02-10 00:00:00-05:00,52.380001068115234,53.43000030517578,52.29999923706055,52.93000030517578,39.44279861450195,2233700,0.0,0.0
2014-02-11 00:00:00-05:00,52.84000015258789,54.0099983215332,52.72999954223633,53.869998931884766,40.14328384399414,2225300,0.0,0.0
2014-02-12 00:00:00-05:00,53.939998626708984,54.540000915527344,53.66999816894531,53.790000915527344,40.083656311035156,1666000,0.0,0.0
2014-02-13 00:00:00-05:00,53.59000015258789,54.08000183105469,53.5,54.029998779296875,40.26250076293945,1572800,0.0,0.0
2014-02-14 00:00:00-05:00,53.88999938964844,54.68000030517578,53.84000015258789,54.63999938964844,40.71708297729492,1366400,0.0,0.0
2014-02-18 00:00:00-05:00,54.720001220703125,55.16999816894531,54.33000183105469,54.41999816894531,40.55314254760742,1736000,0.0,0.0
2014-02-19 00:00:00-05:00,54.400001525878906,54.86000061035156,53.689998626708984,53.77000045776367,40.06877136230469,1640400,0.0,0.0
2014-02-20 00:00:00-05:00,53.720001220703125,54.36000061035156,53.45000076293945,54.15999984741211,40.35939025878906,1463600,0.0,0.0
2014-02-21 00:00:00-05:00,54.27000045776367,54.66999816894531,54.099998474121094,54.119998931884766,40.32958221435547,1539300,0.0,0.0
2014-02-24 00:00:00-05:00,54.189998626708984,54.47999954223633,53.33000183105469,53.34000015258789,39.74834060668945,1957500,0.0,0.0
2014-02-25 00:00:00-05:00,53.11000061035156,53.529998779296875,52.20000076293945,52.41999816894531,39.0627555847168,2602900,0.0,0.0
2014-02-26 00:00:00-05:00,52.470001220703125,52.77000045776367,52.25,52.52000045776367,39.137271881103516,1460500,0.0,0.0
2014-02-27 00:00:00-05:00,52.40999984741211,52.54999923706055,52.040000915527344,52.36000061035156,39.018043518066406,1491300,0.0,0.0
2014-02-28 00:00:00-05:00,52.369998931884766,52.400001525878906,51.619998931884766,51.86000061035156,38.64546203613281,1823100,0.0,0.0
2014-03-03 00:00:00-05:00,51.66999816894531,51.9900016784668,51.31999969482422,51.75,38.563480377197266,1867700,0.0,0.0
2014-03-04 00:00:00-05:00,52.099998474121094,52.43000030517578,51.970001220703125,52.18000030517578,38.8838996887207,1612900,0.0,0.0
2014-03-05 00:00:00-05:00,51.689998626708984,51.91999816894531,51.38999938964844,51.7599983215332,38.83140563964844,1620500,0.35,0.0
2014-03-06 00:00:00-05:00,52.040000915527344,52.540000915527344,51.77000045776367,52.45000076293945,39.34904861450195,1408100,0.0,0.0
2014-03-07 00:00:00-05:00,52.66999816894531,52.810001373291016,52.08000183105469,52.27000045776367,39.21399688720703,1244700,0.0,0.0
2014-03-10 00:00:00-04:00,52.349998474121094,52.66999816894531,52.040000915527344,52.56999969482422,39.43906784057617,1005000,0.0,0.0
2014-03-11 00:00:00-04:00,52.650001525878906,52.7400016784668,52.189998626708984,52.380001068115234,39.296531677246094,1189000,0.0,0.0
2014-03-12 00:00:00-04:00,52.2400016784668,52.540000915527344,51.95000076293945,52.45000076293945,39.34904861450195,1804500,0.0,0.0
2014-03-13 00:00:00-04:00,52.709999084472656,52.810001373291016,51.86000061035156,52.08000183105469,39.07147979736328,1799300,0.0,0.0
2014-03-14 00:00:00-04:00,51.849998474121094,52.220001220703125,51.02000045776367,51.13999938964844,38.36625671386719,2377900,0.0,0.0
2014-03-17 00:00:00-04:00,51.4900016784668,51.560001373291016,50.97999954223633,51.06999969482422,38.31372833251953,1727500,0.0,0.0
2014-03-18 00:00:00-04:00,51.34000015258789,51.34000015258789,50.900001525878906,50.959999084472656,38.231224060058594,1752500,0.0,0.0
2014-03-19 00:00:00-04:00,50.83000183105469,50.900001525878906,50.220001220703125,50.540000915527344,37.91611862182617,2590800,0.0,0.0
2014-03-20 00:00:00-04:00,50.470001220703125,50.709999084472656,50.209999084472656,50.630001068115234,37.983646392822266,1260300,0.0,0.0
2014-03-21 00:00:00-04:00,50.33000183105469,51.15999984741211,50.33000183105469,51.029998779296875,38.28374099731445,3075200,0.0,0.0
2014-03-24 00:00:00-04:00,51.06999969482422,51.349998474121094,50.38999938964844,50.900001525878906,38.186214447021484,1429900,0.0,0.0
2014-03-25 00:00:00-04:00,51.220001220703125,51.54999923706055,51.06999969482422,51.099998474121094,38.336238861083984,1480100,0.0,0.0
2014-03-26 00:00:00-04:00,51.2599983215332,51.400001525878906,50.63999938964844,50.650001525878906,37.998653411865234,1213600,0.0,0.0
2014-03-27 00:00:00-04:00,50.619998931884766,51.08000183105469,50.380001068115234,51.0,38.26123809814453,1835400,0.0,0.0
2014-03-28 00:00:00-04:00,51.130001068115234,51.59000015258789,50.75,50.88999938964844,38.178688049316406,1439100,0.0,0.0
2014-03-31 00:00:00-04:00,51.75,52.709999084472656,51.40999984741211,52.38999938964844,39.30403518676758,2681000,0.0,0.0
2014-04-01 00:00:00-04:00,52.709999084472656,52.720001220703125,51.099998474121094,52.15999984741211,39.13149642944336,2969900,0.0,0.0
2014-04-02 00:00:00-04:00,52.13999938964844,53.029998779296875,52.06999969482422,52.970001220703125,39.73915481567383,1702300,0.0,0.0
2014-04-03 00:00:00-04:00,52.9900016784668,53.310001373291016,52.81999969482422,53.029998779296875,39.7841796875,1721900,0.0,0.0
2014-04-04 00:00:00-04:00,53.25,53.27000045776367,52.290000915527344,52.40999984741211,39.31903076171875,1190000,0.0,0.0
2014-04-07 00:00:00-04:00,52.45000076293945,52.59000015258789,52.02000045776367,52.040000915527344,39.04145812988281,1231300,0.0,0.0
2014-04-08 00:00:00-04:00,52.0,52.40999984741211,51.790000915527344,52.189998626708984,39.15398025512695,1279100,0.0,0.0
2014-04-09 00:00:00-04:00,52.470001220703125,53.0,52.400001525878906,52.95000076293945,39.724159240722656,1447300,0.0,0.0
2014-04-10 00:00:00-04:00,53.02000045776367,54.31999969482422,53.0,53.79999923706055,40.361846923828125,3486200,0.0,0.0
2014-04-11 00:00:00-04:00,54.400001525878906,55.130001068115234,53.91999816894531,54.869998931884766,41.16457748413086,4514200,0.0,0.0
2014-04-14 00:00:00-04:00,55.38999938964844,55.70000076293945,55.150001525878906,55.630001068115234,41.7347526550293,2946400,0.0,0.0
2014-04-15 00:00:00-04:00,55.61000061035156,56.06999969482422,54.779998779296875,55.599998474121094,41.71223831176758,2197100,0.0,0.0
2014-04-16 00:00:00-04:00,55.75,56.369998931884766,55.529998779296875,56.31999969482422,42.2524299621582,2194200,0.0,0.0
2014-04-17 00:00:00-04:00,56.4900016784668,56.88999938964844,56.189998626708984,56.7400016784668,42.56748962402344,1726000,0.0,0.0
2014-04-21 00:00:00-04:00,56.88999938964844,57.04999923706055,56.70000076293945,57.029998779296875,42.78506088256836,1002100,0.0,0.0
2014-04-22 00:00:00-04:00,57.08000183105469,57.88999938964844,56.790000915527344,57.70000076293945,43.28770446777344,1459100,0.0,0.0
2014-04-23 00:00:00-04:00,57.709999084472656,58.0,57.529998779296875,57.68000030517578,43.272701263427734,1301700,0.0,0.0
2014-04-24 00:00:00-04:00,58.619998931884766,58.619998931884766,56.90999984741211,56.91999816894531,42.702518463134766,2142400,0.0,0.0
2014-04-25 00:00:00-04:00,56.88999938964844,56.95000076293945,56.06999969482422,56.279998779296875,42.22237777709961,2013700,0.0,0.0
2014-04-28 00:00:00-04:00,56.56999969482422,57.209999084472656,56.16999816894531,56.4900016784668,42.379947662353516,2182200,0.0,0.0
2014-04-29 00:00:00-04:00,56.65999984741211,56.95000076293945,55.7599983215332,55.9900016784668,42.00482177734375,3165600,0.0,0.0
2014-04-30 00:00:00-04:00,59.04999923706055,60.189998626708984,58.58000183105469,58.900001525878906,44.1879768371582,6559600,0.0,0.0
2014-05-01 00:00:00-04:00,58.880001068115234,58.970001220703125,58.310001373291016,58.68000030517578,44.02292251586914,1647400,0.0,0.0
2014-05-02 00:00:00-04:00,58.5099983215332,58.880001068115234,58.209999084472656,58.45000076293945,43.850372314453125,1459800,0.0,0.0
2014-05-05 00:00:00-04:00,58.02000045776367,58.369998931884766,57.83000183105469,58.20000076293945,43.662818908691406,1028500,0.0,0.0
2014-05-06 00:00:00-04:00,58.25,58.43000030517578,57.93000030517578,58.13999938964844,43.617801666259766,1187400,0.0,0.0
2014-05-07 00:00:00-04:00,58.369998931884766,58.70000076293945,57.970001220703125,58.220001220703125,43.67781448364258,1272500,0.0,0.0
2014-05-08 00:00:00-04:00,58.099998474121094,58.560001373291016,58.06999969482422,58.38999938964844,43.80535888671875,1779100,0.0,0.0
2014-05-09 00:00:00-04:00,58.380001068115234,58.5,58.040000915527344,58.29999923706055,43.73784255981445,861900,0.0,0.0
2014-05-12 00:00:00-04:00,58.709999084472656,59.119998931884766,58.45000076293945,59.0099983215332,44.2705078125,1209700,0.0,0.0
2014-05-13 00:00:00-04:00,59.0099983215332,59.4900016784668,58.7400016784668,59.060001373291016,44.3079948425293,1829500,0.0,0.0
2014-05-14 00:00:00-04:00,58.86000061035156,58.95000076293945,58.4900016784668,58.75,44.07543182373047,1039000,0.0,0.0
2014-05-15 00:00:00-04:00,58.58000183105469,58.90999984741211,58.220001220703125,58.849998474121094,44.150447845458984,1016800,0.0,0.0
2014-05-16 00:00:00-04:00,58.86000061035156,58.970001220703125,58.41999816894531,58.880001068115234,44.17295455932617,918300,0.0,0.0
2014-05-19 00:00:00-04:00,58.52000045776367,59.58000183105469,58.52000045776367,59.52000045776367,44.653114318847656,1009800,0.0,0.0
2014-05-20 00:00:00-04:00,59.349998474121094,59.349998474121094,58.81999969482422,59.11000061035156,44.345516204833984,871600,0.0,0.0
2014-05-21 00:00:00-04:00,59.11000061035156,59.40999984741211,59.060001373291016,59.31999969482422,44.5030632019043,886300,0.0,0.0
2014-05-22 00:00:00-04:00,59.31999969482422,59.720001220703125,59.08000183105469,59.54999923706055,44.67561721801758,946600,0.0,0.0
2014-05-23 00:00:00-04:00,59.56999969482422,59.709999084472656,59.18000030517578,59.630001068115234,44.73563003540039,587600,0.0,0.0
2014-05-27 00:00:00-04:00,59.880001068115234,59.95000076293945,58.970001220703125,59.2599983215332,44.45804214477539,1458500,0.0,0.0
2014-05-28 00:00:00-04:00,59.380001068115234,59.97999954223633,59.130001068115234,59.709999084472656,44.7956428527832,1451100,0.0,0.0
2014-05-29 00:00:00-04:00,59.779998779296875,59.970001220703125,59.52000045776367,59.939998626708984,44.968196868896484,914700,0.0,0.0
2014-05-30 00:00:00-04:00,59.959999084472656,59.959999084472656,59.5,59.86000061035156,44.90818405151367,1431200,0.0,0.0
2014-06-02 00:00:00-04:00,59.900001525878906,60.060001373291016,59.400001525878906,59.779998779296875,44.848167419433594,1312500,0.0,0.0
2014-06-03 00:00:00-04:00,59.65999984741211,59.86000061035156,59.56999969482422,59.720001220703125,44.80315399169922,1150300,0.0,0.0
2014-06-04 00:00:00-04:00,59.22999954223633,59.45000076293945,59.09000015258789,59.380001068115234,44.810699462890625,1052100,0.35,0.0
2014-06-05 00:00:00-04:00,59.599998474121094,60.470001220703125,59.470001220703125,60.439998626708984,45.6106071472168,1996500,0.0,0.0
2014-06-06 00:00:00-04:00,60.38999938964844,61.209999084472656,60.33000183105469,61.16999816894531,46.16150665283203,1852600,0.0,0.0
2014-06-09 00:00:00-04:00,61.040000915527344,61.369998931884766,60.790000915527344,60.90999984741211,45.96528625488281,1395600,0.0,0.0
2014-06-10 00:00:00-04:00,60.90999984741211,61.75,60.720001220703125,61.72999954223633,46.584102630615234,1492700,0.0,0.0
2014-06-11 00:00:00-04:00,61.56999969482422,62.09000015258789,61.27000045776367,61.90999984741211,46.719940185546875,2172500,0.0,0.0
2014-06-12 00:00:00-04:00,61.58000183105469,61.97999954223633,61.47999954223633,61.81999969482422,46.65202713012695,1857900,0.0,0.0
2014-06-13 00:00:00-04:00,61.880001068115234,62.060001373291016,61.650001525878906,62.0099983215332,46.795387268066406,861300,0.0,0.0
2014-06-16 00:00:00-04:00,61.93000030517578,62.5,61.720001220703125,62.459999084472656,47.13499450683594,1198600,0.0,0.0
2014-06-17 00:00:00-04:00,62.47999954223633,62.54999923706055,62.0099983215332,62.2400016784668,46.96897888183594,1389100,0.0,0.0
2014-06-18 00:00:00-04:00,62.38999938964844,63.65999984741211,62.29999923706055,63.529998779296875,47.94245910644531,2157200,0.0,0.0
2014-06-19 00:00:00-04:00,63.43000030517578,63.709999084472656,63.2400016784668,63.689998626708984,48.063201904296875,1254000,0.0,0.0
2014-06-20 00:00:00-04:00,64.02999877929688,64.08999633789062,63.58000183105469,63.91999816894531,48.23677444458008,2777200,0.0,0.0
2014-06-23 00:00:00-04:00,64.02999877929688,64.04000091552734,63.65999984741211,63.810001373291016,48.15377426147461,1183800,0.0,0.0
2014-06-24 00:00:00-04:00,63.560001373291016,64.04000091552734,62.91999816894531,62.959999084472656,47.51232147216797,1636800,0.0,0.0
2014-06-25 00:00:00-04:00,62.959999084472656,63.599998474121094,62.90999984741211,63.5,47.91981887817383,1118800,0.0,0.0
2014-06-26 00:00:00-04:00,63.470001220703125,63.72999954223633,62.880001068115234,63.72999954223633,48.093387603759766,949100,0.0,0.0
2014-06-27 00:00:00-04:00,63.599998474121094,63.970001220703125,63.380001068115234,63.79999923706055,48.14619827270508,901400,0.0,0.0
2014-06-30 00:00:00-04:00,62.599998474121094,63.81999969482422,62.599998474121094,63.790000915527344,48.138671875,969800,0.0,0.0
2014-07-01 00:00:00-04:00,64.06999969482422,64.29000091552734,63.52000045776367,63.529998779296875,47.94245910644531,1186800,0.0,0.0
2014-07-02 00:00:00-04:00,63.59000015258789,64.38999938964844,63.29999923706055,64.12999725341797,48.395240783691406,1310400,0.0,0.0
2014-07-03 00:00:00-04:00,64.36000061035156,64.38999938964844,63.93000030517578,64.37999725341797,48.58390426635742,751400,0.0,0.0
2014-07-07 00:00:00-04:00,64.19000244140625,64.27999877929688,63.90999984741211,64.11000061035156,48.380165100097656,1407100,0.0,0.0
2014-07-08 00:00:00-04:00,64.0,64.31999969482422,63.34000015258789,63.38999938964844,47.8368034362793,1846000,0.0,0.0
2014-07-09 00:00:00-04:00,63.790000915527344,64.30000305175781,63.790000915527344,64.0,48.29713821411133,1251800,0.0,0.0
2014-07-10 00:00:00-04:00,63.09000015258789,63.72999954223633,63.09000015258789,63.459999084472656,47.889644622802734,1553000,0.0,0.0
2014-07-11 00:00:00-04:00,63.4900016784668,63.66999816894531,63.290000915527344,63.439998626708984,47.874542236328125,892200,0.0,0.0
2014-07-14 00:00:00-04:00,63.63999938964844,63.97999954223633,63.54999923706055,63.7400016784668,48.1009407043457,1467800,0.0,0.0
2014-07-15 00:00:00-04:00,63.970001220703125,64.58000183105469,63.77000045776367,64.30999755859375,48.53108596801758,2109500,0.0,0.0
2014-07-16 00:00:00-04:00,64.48999786376953,65.20999908447266,64.25,65.19999694824219,49.202720642089844,1434900,0.0,0.0
2014-07-17 00:00:00-04:00,64.7699966430664,65.02999877929688,64.0999984741211,64.1500015258789,48.41034698486328,1386400,0.0,0.0
2014-07-18 00:00:00-04:00,64.27999877929688,64.9000015258789,64.01000213623047,64.87000274658203,48.95369338989258,1203300,0.0,0.0
2014-07-21 00:00:00-04:00,64.7300033569336,65.6500015258789,64.5999984741211,65.4800033569336,49.41402053833008,2290000,0.0,0.0
2014-07-22 00:00:00-04:00,65.94000244140625,66.12999725341797,65.66999816894531,65.95999908447266,49.776248931884766,1195100,0.0,0.0
2014-07-23 00:00:00-04:00,65.91000366210938,66.5,65.69999694824219,66.11000061035156,49.88945388793945,985600,0.0,0.0
2014-07-24 00:00:00-04:00,66.12999725341797,66.6500015258789,65.9800033569336,66.5199966430664,50.1988525390625,903300,0.0,0.0
2014-07-25 00:00:00-04:00,66.44000244140625,66.69000244140625,66.08000183105469,66.20999908447266,49.96489715576172,746300,0.0,0.0
2014-07-28 00:00:00-04:00,66.08000183105469,66.1500015258789,65.41999816894531,65.61000061035156,49.51211929321289,884200,0.0,0.0
2014-07-29 00:00:00-04:00,65.5999984741211,65.61000061035156,64.36000061035156,64.41000366210938,48.60654067993164,2078000,0.0,0.0
2014-07-30 00:00:00-04:00,68.0,69.5,65.7300033569336,68.52999877929688,51.715675354003906,5014500,0.0,0.0
2014-07-31 00:00:00-04:00,68.0,68.72000122070312,67.31999969482422,67.45999908447266,50.9082145690918,3121000,0.0,0.0
2014-08-01 00:00:00-04:00,67.44999694824219,68.02999877929688,67.13999938964844,67.69999694824219,51.08931350708008,2656700,0.0,0.0
2014-08-04 00:00:00-04:00,68.06999969482422,68.72000122070312,67.52999877929688,68.45999908447266,51.662864685058594,6262800,0.0,0.0
2014-08-05 00:00:00-04:00,68.45999908447266,68.55000305175781,67.05999755859375,67.31999969482422,50.80255889892578,3050100,0.0,0.0
2014-08-06 00:00:00-04:00,67.06999969482422,67.06999969482422,66.05000305175781,66.22000122070312,49.972442626953125,2286900,0.0,0.0
2014-08-07 00:00:00-04:00,66.63999938964844,67.0199966430664,65.87999725341797,66.66999816894531,50.31203842163086,1446100,0.0,0.0
2014-08-08 00:00:00-04:00,66.76000213623047,67.45999908447266,66.26000213623047,67.38999938964844,50.855384826660156,1506200,0.0,0.0
2014-08-11 00:00:00-04:00,67.45999908447266,68.12000274658203,67.45999908447266,67.51000213623047,50.94594192504883,1046400,0.0,0.0
2014-08-12 00:00:00-04:00,67.48999786376953,67.94999694824219,67.41999816894531,67.70999908447266,51.096858978271484,776600,0.0,0.0
2014-08-13 00:00:00-04:00,68.08000183105469,68.13999938964844,67.2300033569336,67.5,50.938411712646484,1488200,0.0,0.0
2014-08-14 00:00:00-04:00,67.73999786376953,67.88999938964844,66.95999908447266,67.22000122070312,50.72708511352539,1544100,0.0,0.0
2014-08-15 00:00:00-04:00,67.63999938964844,67.66999816894531,66.68000030517578,67.16999816894531,50.689369201660156,2409200,0.0,0.0
2014-08-18 00:00:00-04:00,67.45999908447266,68.29000091552734,67.45999908447266,68.1500015258789,51.42891311645508,1081500,0.0,0.0
2014-08-19 00:00:00-04:00,68.31999969482422,68.72000122070312,68.16999816894531,68.62999725341797,51.7911491394043,1051000,0.0,0.0
2014-08-20 00:00:00-04:00,68.41999816894531,68.88999938964844,68.2300033569336,68.66000366210938,51.81380081176758,1069100,0.0,0.0
2014-08-21 00:00:00-04:00,68.66000366210938,68.87999725341797,68.41000366210938,68.62000274658203,51.783607482910156,896600,0.0,0.0
2014-08-22 00:00:00-04:00,68.56999969482422,68.7300033569336,68.23999786376953,68.44999694824219,51.65530014038086,698000,0.0,0.0
2014-08-25 00:00:00-04:00,68.75,68.98999786376953,68.5,68.55999755859375,51.73832702636719,832800,0.0,0.0
2014-08-26 00:00:00-04:00,68.61000061035156,68.86000061035156,68.30999755859375,68.44999694824219,51.65530014038086,1445500,0.0,0.0
2014-08-27 00:00:00-04:00,68.56999969482422,68.56999969482422,67.98999786376953,68.22000122070312,51.481754302978516,629800,0.0,0.0
2014-08-28 00:00:00-04:00,68.16000366210938,68.30999755859375,67.7300033569336,68.05999755859375,51.36097717285156,994700,0.0,0.0
2014-08-29 00:00:00-04:00,68.48999786376953,68.58000183105469,68.08999633789062,68.26000213623047,51.51191711425781,795600,0.0,0.0
2014-09-02 00:00:00-04:00,68.33999633789062,68.5,68.08000183105469,68.37000274658203,51.59493637084961,987400,0.0,0.0
2014-09-03 00:00:00-04:00,67.56999969482422,67.56999969482422,66.62999725341797,66.9000015258789,50.74539566040039,2892200,0.35,0.0
2014-09-04 00:00:00-04:00,66.97000122070312,67.47000122070312,66.91999816894531,67.33000183105469,51.07154083251953,1474700,0.0,0.0
2014-09-05 00:00:00-04:00,67.4800033569336,67.8499984741211,66.94000244140625,67.76000213623047,51.397735595703125,1048100,0.0,0.0
2014-09-08 00:00:00-04:00,67.83999633789062,68.12000274658203,67.38999938964844,67.51000213623047,51.20808792114258,679500,0.0,0.0
2014-09-09 00:00:00-04:00,67.51000213623047,67.69000244140625,66.72000122070312,66.91000366210938,50.75297164916992,1100300,0.0,0.0
2014-09-10 00:00:00-04:00,66.73999786376953,67.0199966430664,66.45999908447266,66.7300033569336,50.61644744873047,777100,0.0,0.0
2014-09-11 00:00:00-04:00,66.56999969482422,67.02999877929688,66.43000030517578,66.98999786376953,50.81365203857422,1338100,0.0,0.0
2014-09-12 00:00:00-04:00,67.06999969482422,67.27999877929688,66.83000183105469,67.16999816894531,50.9501953125,858200,0.0,0.0
2014-09-15 00:00:00-04:00,67.13999938964844,67.27999877929688,66.5999984741211,67.05000305175781,50.859169006347656,779200,0.0,0.0
2014-09-16 00:00:00-04:00,67.08999633789062,67.30000305175781,66.86000061035156,67.19999694824219,50.972938537597656,1157200,0.0,0.0
2014-09-17 00:00:00-04:00,67.41000366210938,68.22000122070312,67.25,68.08000183105469,51.64043426513672,1308800,0.0,0.0
2014-09-18 00:00:00-04:00,68.08000183105469,68.27999877929688,67.83999633789062,68.2300033569336,51.75423049926758,1188600,0.0,0.0
2014-09-19 00:00:00-04:00,68.27999877929688,68.56999969482422,67.36000061035156,67.81999969482422,51.4432373046875,1716300,0.0,0.0
2014-09-22 00:00:00-04:00,67.58000183105469,67.58000183105469,66.66999816894531,66.73999786376953,50.6240119934082,782600,0.0,0.0
2014-09-23 00:00:00-04:00,66.62999725341797,66.81999969482422,66.2699966430664,66.44000244140625,50.39646530151367,939600,0.0,0.0
2014-09-24 00:00:00-04:00,66.36000061035156,66.7699966430664,66.05000305175781,66.69000244140625,50.58610534667969,1035400,0.0,0.0
2014-09-25 00:00:00-04:00,66.5,66.62000274658203,65.48999786376953,65.55999755859375,49.728946685791016,1109500,0.0,0.0
2014-09-26 00:00:00-04:00,65.61000061035156,66.37000274658203,65.5999984741211,66.3499984741211,50.32821273803711,1014700,0.0,0.0
2014-09-29 00:00:00-04:00,65.86000061035156,66.62999725341797,65.62999725341797,66.44999694824219,50.4040412902832,1222800,0.0,0.0
2014-09-30 00:00:00-04:00,66.29000091552734,66.69999694824219,66.04000091552734,66.31999969482422,50.305442810058594,1412300,0.0,0.0
2014-10-01 00:00:00-04:00,66.18000030517578,66.31999969482422,65.1500015258789,65.19000244140625,49.448307037353516,1618400,0.0,0.0
2014-10-02 00:00:00-04:00,65.0,66.19999694824219,64.58999633789062,66.0999984741211,50.13856887817383,1924500,0.0,0.0
2014-10-03 00:00:00-04:00,66.5199966430664,67.44999694824219,66.41000366210938,67.23999786376953,51.00328826904297,1416200,0.0,0.0
2014-10-06 00:00:00-04:00,67.4000015258789,68.0199966430664,66.68000030517578,66.7300033569336,50.61644744873047,797700,0.0,0.0
2014-10-07 00:00:00-04:00,66.4800033569336,66.4800033569336,65.41999816894531,65.43000030517578,49.630340576171875,836900,0.0,0.0
2014-10-08 00:00:00-04:00,65.2300033569336,66.33000183105469,64.80999755859375,66.27999877929688,50.27511215209961,849800,0.0,0.0
2014-10-09 00:00:00-04:00,66.25,66.6500015258789,65.02999877929688,65.19999694824219,49.45588684082031,966800,0.0,0.0
2014-10-10 00:00:00-04:00,65.16999816894531,65.37999725341797,64.18000030517578,64.62000274658203,49.015953063964844,1207300,0.0,0.0
2014-10-13 00:00:00-04:00,64.1500015258789,65.16999816894531,63.41999816894531,63.45000076293945,48.12848663330078,1496600,0.0,0.0
2014-10-14 00:00:00-04:00,64.94999694824219,66.19000244140625,64.62999725341797,65.58000183105469,49.74413299560547,1516700,0.0,0.0
2014-10-15 00:00:00-04:00,65.45999908447266,67.30999755859375,64.79000091552734,67.0999984741211,50.8970832824707,2267200,0.0,0.0
2014-10-16 00:00:00-04:00,66.2300033569336,67.44000244140625,65.5199966430664,66.86000061035156,50.71503829956055,1461800,0.0,0.0
2014-10-17 00:00:00-04:00,67.45999908447266,68.1500015258789,67.20999908447266,67.9800033569336,51.564598083496094,1254100,0.0,0.0
2014-10-20 00:00:00-04:00,67.69999694824219,69.0,67.69999694824219,68.98999786376953,52.33070755004883,1548100,0.0,0.0
2014-10-21 00:00:00-04:00,69.19000244140625,70.1500015258789,68.8499984741211,69.93000030517578,53.04371643066406,1113600,0.0,0.0
2014-10-22 00:00:00-04:00,70.11000061035156,70.5,69.51000213623047,69.52999877929688,52.74030303955078,1365500,0.0,0.0
2014-10-23 00:00:00-04:00,70.41999816894531,71.22000122070312,69.98999786376953,70.61000061035156,53.55952072143555,1061300,0.0,0.0
2014-10-24 00:00:00-04:00,71.01000213623047,71.30999755859375,70.48999786376953,71.1500015258789,53.96913528442383,1083100,0.0,0.0
2014-10-27 00:00:00-04:00,70.38999938964844,72.13999938964844,69.80000305175781,71.69999694824219,54.38631057739258,2279400,0.0,0.0
2014-10-28 00:00:00-04:00,71.69999694824219,72.56999969482422,71.5999984741211,72.33999633789062,54.87176513671875,2795000,0.0,0.0
2014-10-29 00:00:00-04:00,74.3499984741211,74.94999694824219,71.7699966430664,72.0999984741211,54.689720153808594,3934800,0.0,0.0
2014-10-30 00:00:00-04:00,70.56999969482422,72.0999984741211,68.56999969482422,69.22000122070312,52.50516128540039,3322100,0.0,0.0
2014-10-31 00:00:00-04:00,70.0999984741211,70.18000030517578,68.27999877929688,69.20999908447266,52.49757766723633,2359000,0.0,0.0
2014-11-03 00:00:00-05:00,69.27999877929688,69.44000244140625,67.87999725341797,68.69000244140625,52.103145599365234,1960900,0.0,0.0
2014-11-04 00:00:00-05:00,68.93000030517578,70.62000274658203,68.83999633789062,70.12000274658203,53.1878547668457,3034500,0.0,0.0
2014-11-05 00:00:00-05:00,70.7699966430664,71.87000274658203,69.95999908447266,71.44999694824219,54.19667434692383,2198200,0.0,0.0
2014-11-06 00:00:00-05:00,71.33999633789062,71.9800033569336,70.83000183105469,71.5999984741211,54.31044006347656,1708500,0.0,0.0
2014-11-07 00:00:00-05:00,71.91000366210938,71.91000366210938,70.91999816894531,71.45999908447266,54.20427703857422,1012800,0.0,0.0
2014-11-10 00:00:00-05:00,71.41000366210938,72.2300033569336,70.94999694824219,72.16999816894531,54.742820739746094,1301300,0.0,0.0
2014-11-11 00:00:00-05:00,72.12000274658203,72.1500015258789,71.41999816894531,71.75,54.424224853515625,799100,0.0,0.0
2014-11-12 00:00:00-05:00,71.61000061035156,73.01000213623047,71.43000030517578,72.86000061035156,55.266204833984375,1486000,0.0,0.0
2014-11-13 00:00:00-05:00,72.27999877929688,73.12000274658203,72.27999877929688,73.11000061035156,55.45583724975586,1126900,0.0,0.0
2014-11-14 00:00:00-05:00,73.20999908447266,73.76000213623047,72.80999755859375,73.06999969482422,55.42548751831055,1151000,0.0,0.0
2014-11-17 00:00:00-05:00,72.77999877929688,73.16999816894531,72.48999786376953,72.5199966430664,55.008304595947266,988100,0.0,0.0
2014-11-18 00:00:00-05:00,72.62999725341797,72.95999908447266,72.3499984741211,72.54000091552734,55.02348709106445,1149400,0.0,0.0
2014-11-19 00:00:00-05:00,72.37000274658203,72.63999938964844,71.43000030517578,71.4800033569336,54.21943283081055,1444000,0.0,0.0
2014-11-20 00:00:00-05:00,71.4000015258789,72.48999786376953,71.25,72.29000091552734,54.833831787109375,1792600,0.0,0.0
2014-11-21 00:00:00-05:00,73.22000122070312,73.33000183105469,72.66000366210938,72.81999969482422,55.23584747314453,1286600,0.0,0.0
2014-11-24 00:00:00-05:00,72.87000274658203,73.05000305175781,72.4800033569336,72.62000274658203,55.084163665771484,1022200,0.0,0.0
2014-11-25 00:00:00-05:00,72.81999969482422,73.33000183105469,72.69999694824219,73.04000091552734,55.402732849121094,1002400,0.0,0.0
2014-11-26 00:00:00-05:00,73.11000061035156,73.68000030517578,73.0199966430664,73.4000015258789,55.67578887939453,834600,0.0,0.0
2014-11-28 00:00:00-05:00,74.44000244140625,74.91999816894531,73.47000122070312,73.73999786376953,55.93370056152344,856500,0.0,0.0
2014-12-01 00:00:00-05:00,73.38999938964844,73.66999816894531,72.30999755859375,72.51000213623047,55.00071716308594,1044800,0.0,0.0
2014-12-02 00:00:00-05:00,73.0999984741211,73.94000244140625,72.70999908447266,73.61000061035156,55.835086822509766,1532500,0.0,0.0
2014-12-03 00:00:00-05:00,73.58000183105469,74.72000122070312,73.48999786376953,74.56999969482422,56.563262939453125,1479600,0.0,0.0
2014-12-04 00:00:00-05:00,74.56999969482422,74.9000015258789,73.98999786376953,74.44999694824219,56.472259521484375,1145300,0.0,0.0
2014-12-05 00:00:00-05:00,74.6500015258789,75.19999694824219,74.37000274658203,74.62999725341797,56.60879898071289,1448800,0.0,0.0
2014-12-08 00:00:00-05:00,74.25,74.7699966430664,73.87000274658203,74.06999969482422,56.18400192260742,1452000,0.0,0.0
2014-12-09 00:00:00-05:00,73.56999969482422,73.76000213623047,72.55000305175781,73.25,55.56203079223633,1573400,0.0,0.0
2014-12-10 00:00:00-05:00,72.83999633789062,73.18000030517578,71.75,71.80999755859375,54.46973419189453,1804000,0.0,0.0
2014-12-11 00:00:00-05:00,71.83000183105469,72.91999816894531,71.79000091552734,72.4800033569336,55.270442962646484,1415100,0.38,0.0
2014-12-12 00:00:00-05:00,72.2300033569336,72.83999633789062,71.87999725341797,72.29000091552734,55.125553131103516,1369800,0.0,0.0
2014-12-15 00:00:00-05:00,72.77999877929688,73.2300033569336,72.05000305175781,72.18000030517578,55.04169845581055,1174500,0.0,0.0
2014-12-16 00:00:00-05:00,72.26000213623047,73.1500015258789,71.9000015258789,71.91999816894531,54.84337615966797,831900,0.0,0.0
2014-12-17 00:00:00-05:00,71.6500015258789,71.94000244140625,69.13999938964844,71.87999725341797,54.812896728515625,2196100,0.0,0.0
2014-12-18 00:00:00-05:00,72.63999938964844,74.1500015258789,72.20999908447266,74.06999969482422,56.4828987121582,1424900,0.0,0.0
2014-12-19 00:00:00-05:00,74.16999816894531,76.37999725341797,74.16999816894531,76.30999755859375,58.19105911254883,3423800,0.0,0.0
2014-12-22 00:00:00-05:00,76.27999877929688,76.83000183105469,75.7300033569336,76.80999755859375,58.572322845458984,1663100,0.0,0.0
2014-12-23 00:00:00-05:00,77.11000061035156,77.37000274658203,76.73999786376953,77.0199966430664,58.732452392578125,701700,0.0,0.0
2014-12-24 00:00:00-05:00,77.12999725341797,77.37999725341797,76.69000244140625,77.16000366210938,58.8392333984375,426900,0.0,0.0
2014-12-26 00:00:00-05:00,77.25,77.48999786376953,76.66999816894531,76.75,58.52656555175781,653000,0.0,0.0
2014-12-29 00:00:00-05:00,76.5,76.73999786376953,75.91000366210938,76.38999938964844,58.25203323364258,654900,0.0,0.0
2014-12-30 00:00:00-05:00,76.0,76.43000030517578,75.62000274658203,75.69000244140625,57.718265533447266,1061700,0.0,0.0
2014-12-31 00:00:00-05:00,76.04000091552734,76.25,74.8499984741211,74.88999938964844,57.10820007324219,1062600,0.0,0.0
2015-01-02 00:00:00-05:00,74.8499984741211,75.23999786376953,73.0199966430664,73.83999633789062,56.30752182006836,2052400,0.0,0.0
2015-01-05 00:00:00-05:00,73.37000274658203,73.37000274658203,70.31999969482422,70.5999984741211,53.83681869506836,8418500,0.0,0.0
2015-01-06 00:00:00-05:00,71.9000015258789,71.94999694824219,69.2300033569336,69.68000030517578,53.135276794433594,3887700,0.0,0.0
2015-01-07 00:00:00-05:00,69.83000183105469,70.31999969482422,69.2300033569336,69.70999908447266,53.15814208984375,2067900,0.0,0.0
2015-01-08 00:00:00-05:00,70.66999816894531,72.9000015258789,70.62999725341797,72.83999633789062,55.544944763183594,3016800,0.0,0.0
2015-01-09 00:00:00-05:00,72.80000305175781,73.12999725341797,71.72000122070312,72.05999755859375,54.95016860961914,1246000,0.0,0.0
2015-01-12 00:00:00-05:00,72.45999908447266,73.55999755859375,71.9800033569336,72.9000015258789,55.59072494506836,1423900,0.0,0.0
2015-01-13 00:00:00-05:00,73.36000061035156,74.69000244140625,73.02999877929688,73.61000061035156,56.13212203979492,1776300,0.0,0.0
2015-01-14 00:00:00-05:00,73.0199966430664,73.47000122070312,72.37999725341797,72.97000122070312,55.64410400390625,1205400,0.0,0.0
2015-01-15 00:00:00-05:00,73.2300033569336,73.5199966430664,72.29000091552734,72.51000213623047,55.29331588745117,1142900,0.0,0.0
2015-01-16 00:00:00-05:00,72.51000213623047,73.54000091552734,72.0,73.44999694824219,56.010101318359375,840100,0.0,0.0
2015-01-20 00:00:00-05:00,73.6500015258789,73.81999969482422,72.33000183105469,72.87000274658203,55.567867279052734,1151900,0.0,0.0
2015-01-21 00:00:00-05:00,72.58000183105469,73.48999786376953,72.30999755859375,72.81999969482422,55.529693603515625,932900,0.0,0.0
2015-01-22 00:00:00-05:00,73.29000091552734,74.9000015258789,73.04000091552734,74.7300033569336,56.9862174987793,1132500,0.0,0.0
2015-01-23 00:00:00-05:00,74.5199966430664,74.87999725341797,74.06999969482422,74.12000274658203,56.521034240722656,919700,0.0,0.0
2015-01-26 00:00:00-05:00,73.83000183105469,74.68000030517578,73.5199966430664,74.63999938964844,56.91758728027344,707900,0.0,0.0
2015-01-27 00:00:00-05:00,73.76000213623047,74.11000061035156,73.01000213623047,73.73999786376953,56.23126220703125,1124300,0.0,0.0
2015-01-28 00:00:00-05:00,74.08999633789062,74.41999816894531,72.87000274658203,72.94000244140625,55.62118911743164,992600,0.0,0.0
2015-01-29 00:00:00-05:00,72.86000061035156,73.37999725341797,71.91999816894531,73.30999755859375,55.903358459472656,1591600,0.0,0.0
2015-01-30 00:00:00-05:00,72.62999725341797,73.11000061035156,70.9800033569336,71.22000122070312,54.30961608886719,2436400,0.0,0.0
2015-02-02 00:00:00-05:00,72.01000213623047,73.58000183105469,71.69000244140625,73.44000244140625,56.00250244140625,4363700,0.0,0.0
2015-02-03 00:00:00-05:00,74.63999938964844,75.48999786376953,73.25,75.2300033569336,57.367488861083984,9185900,0.0,0.0
2015-02-04 00:00:00-05:00,72.0,72.0,67.11000061035156,70.5,53.76056671142578,10238700,0.0,0.0
2015-02-05 00:00:00-05:00,70.6500015258789,71.47000122070312,70.36000061035156,70.97000122070312,54.11897277832031,3350800,0.0,0.0
2015-02-06 00:00:00-05:00,71.19999694824219,71.20999908447266,70.33999633789062,70.51000213623047,53.76820373535156,2365800,0.0,0.0
2015-02-09 00:00:00-05:00,70.37999725341797,70.58999633789062,69.83999633789062,70.5,53.76056671142578,1914200,0.0,0.0
2015-02-10 00:00:00-05:00,70.9000015258789,71.4800033569336,70.36000061035156,71.1500015258789,54.256248474121094,1757600,0.0,0.0
2015-02-11 00:00:00-05:00,71.23999786376953,71.95999908447266,71.16999816894531,71.25,54.33248519897461,1825300,0.0,0.0
2015-02-12 00:00:00-05:00,71.55000305175781,72.12999725341797,71.33000183105469,71.83000183105469,54.77479934692383,1415200,0.0,0.0
2015-02-13 00:00:00-05:00,72.08999633789062,72.73999786376953,71.93000030517578,72.58000183105469,55.3466796875,1367000,0.0,0.0
2015-02-17 00:00:00-05:00,72.31999969482422,72.47000122070312,71.6500015258789,71.80999755859375,54.759517669677734,1005100,0.0,0.0
2015-02-18 00:00:00-05:00,71.48999786376953,72.4000015258789,70.62000274658203,71.37999725341797,54.43160629272461,1243300,0.0,0.0
2015-02-19 00:00:00-05:00,71.37999725341797,72.38999938964844,70.98999786376953,71.83999633789062,54.78240203857422,904000,0.0,0.0
2015-02-20 00:00:00-05:00,71.61000061035156,72.5999984741211,71.05000305175781,72.5,55.28569412231445,965700,0.0,0.0
2015-02-23 00:00:00-05:00,72.52999877929688,73.19999694824219,72.3499984741211,73.13999938964844,55.77373504638672,885100,0.0,0.0
2015-02-24 00:00:00-05:00,73.05000305175781,74.0,72.77999877929688,73.9800033569336,56.414283752441406,1181800,0.0,0.0
2015-02-25 00:00:00-05:00,74.16000366210938,74.55000305175781,73.4800033569336,73.55000305175781,56.08637619018555,1105600,0.0,0.0
2015-02-26 00:00:00-05:00,73.62000274658203,74.26000213623047,73.1500015258789,74.20999908447266,56.58966827392578,1288200,0.0,0.0
2015-02-27 00:00:00-05:00,74.0999984741211,74.58999633789062,73.76000213623047,74.30000305175781,56.65830612182617,1620500,0.0,0.0
2015-03-02 00:00:00-05:00,74.4000015258789,74.45999908447266,73.41000366210938,73.5999984741211,56.12451171875,2058400,0.0,0.0
2015-03-03 00:00:00-05:00,74.5199966430664,75.20999908447266,74.25,74.66999816894531,56.94044494628906,3108800,0.0,0.0
2015-03-04 00:00:00-05:00,74.16000366210938,74.2300033569336,73.7300033569336,73.95999908447266,56.68750762939453,1301100,0.38,0.0
2015-03-05 00:00:00-05:00,74.01000213623047,74.30999755859375,73.5999984741211,74.12000274658203,56.81013488769531,932300,0.0,0.0
2015-03-06 00:00:00-05:00,73.55999755859375,74.11000061035156,73.38999938964844,73.58000183105469,56.39625549316406,1139700,0.0,0.0
2015-03-09 00:00:00-04:00,73.5199966430664,74.19000244140625,73.37000274658203,73.91000366210938,56.6491813659668,973200,0.0,0.0
2015-03-10 00:00:00-04:00,73.16000366210938,73.16999816894531,72.31999969482422,72.48999786376953,55.56081008911133,1662300,0.0,0.0
2015-03-11 00:00:00-04:00,72.0199966430664,72.55000305175781,71.66000366210938,72.4800033569336,55.553165435791016,1676600,0.0,0.0
2015-03-12 00:00:00-04:00,72.66000366210938,74.06999969482422,72.61000061035156,73.97000122070312,56.69517517089844,1125500,0.0,0.0
2015-03-13 00:00:00-04:00,73.81999969482422,74.0199966430664,73.0199966430664,73.44999694824219,56.296607971191406,1369500,0.0,0.0
2015-03-16 00:00:00-04:00,74.69999694824219,75.43000030517578,73.98999786376953,75.3499984741211,57.75291061401367,1976400,0.0,0.0
2015-03-17 00:00:00-04:00,74.69000244140625,75.08999633789062,74.20999908447266,74.66000366210938,57.22402572631836,1165700,0.0,0.0
2015-03-18 00:00:00-04:00,74.2300033569336,75.38999938964844,73.76000213623047,75.19000244140625,57.63025665283203,1204900,0.0,0.0
2015-03-19 00:00:00-04:00,75.13999938964844,75.45999908447266,74.77999877929688,75.16000366210938,57.60728073120117,1493400,0.0,0.0
2015-03-20 00:00:00-04:00,75.6500015258789,76.05999755859375,75.05000305175781,75.4000015258789,57.791229248046875,3329100,0.0,0.0
2015-03-23 00:00:00-04:00,75.95999908447266,76.18000030517578,75.66999816894531,75.73999786376953,58.05182647705078,2062900,0.0,0.0
2015-03-24 00:00:00-04:00,75.58999633789062,76.01000213623047,74.80999755859375,75.05999755859375,57.53062438964844,2802400,0.0,0.0
2015-03-25 00:00:00-04:00,75.05999755859375,75.2300033569336,73.30000305175781,73.30999755859375,56.18932342529297,1560900,0.0,0.0
2015-03-26 00:00:00-04:00,72.87999725341797,73.55999755859375,72.43000030517578,73.13999938964844,56.059024810791016,1592800,0.0,0.0
2015-03-27 00:00:00-04:00,73.05999755859375,73.26000213623047,72.7699966430664,73.02999877929688,55.974700927734375,1467500,0.0,0.0
2015-03-30 00:00:00-04:00,73.11000061035156,73.69999694824219,72.80000305175781,73.19999694824219,56.1049919128418,1700200,0.0,0.0
2015-03-31 00:00:00-04:00,73.08999633789062,73.79000091552734,72.6500015258789,73.22000122070312,56.12035369873047,1427300,0.0,0.0
2015-04-01 00:00:00-04:00,72.8499984741211,73.08999633789062,71.91999816894531,71.98999786376953,55.17757797241211,1438600,0.0,0.0
2015-04-02 00:00:00-04:00,72.1500015258789,72.33000183105469,71.25,71.33000183105469,54.671714782714844,2028500,0.0,0.0
2015-04-06 00:00:00-04:00,70.83999633789062,71.62000274658203,70.6500015258789,71.27999877929688,54.6334114074707,1448600,0.0,0.0
2015-04-07 00:00:00-04:00,71.43000030517578,72.02999877929688,71.16000366210938,71.41000366210938,54.73305130004883,1211400,0.0,0.0
2015-04-08 00:00:00-04:00,71.11000061035156,71.87999725341797,70.33999633789062,71.22000122070312,54.58741760253906,1214100,0.0,0.0
2015-04-09 00:00:00-04:00,71.19000244140625,71.87000274658203,71.19000244140625,71.63999938964844,54.90932083129883,1140300,0.0,0.0
2015-04-10 00:00:00-04:00,71.83000183105469,72.2699966430664,71.51000213623047,72.05999755859375,55.23123550415039,1039500,0.0,0.0
2015-04-13 00:00:00-04:00,71.8499984741211,71.9000015258789,70.2300033569336,70.37000274658203,53.9359245300293,1490000,0.0,0.0
2015-04-14 00:00:00-04:00,70.12999725341797,71.0999984741211,69.58000183105469,70.77999877929688,54.25017166137695,1600200,0.0,0.0
2015-04-15 00:00:00-04:00,70.75,71.22000122070312,69.83999633789062,70.2300033569336,53.828617095947266,1583700,0.0,0.0
2015-04-16 00:00:00-04:00,70.02999877929688,70.16999816894531,69.37999725341797,69.51000213623047,53.27674865722656,1105600,0.0,0.0
2015-04-17 00:00:00-04:00,68.72000122070312,68.95999908447266,68.36000061035156,68.56999969482422,52.556278228759766,1847300,0.0,0.0
2015-04-20 00:00:00-04:00,69.06999969482422,70.69999694824219,68.86000061035156,70.08999633789062,53.72130584716797,1567200,0.0,0.0
2015-04-21 00:00:00-04:00,70.18000030517578,70.87000274658203,70.02999877929688,70.54000091552734,54.06623458862305,1353100,0.0,0.0
2015-04-22 00:00:00-04:00,70.48999786376953,70.6500015258789,70.0199966430664,70.43000030517578,53.98189163208008,926500,0.0,0.0
2015-04-23 00:00:00-04:00,70.05999755859375,71.0,70.04000091552734,70.62000274658203,54.12751770019531,937000,0.0,0.0
2015-04-24 00:00:00-04:00,70.8499984741211,70.91999816894531,70.2300033569336,70.6500015258789,54.15053939819336,1028900,0.0,0.0
2015-04-27 00:00:00-04:00,67.5,69.95999908447266,67.2699966430664,68.94000244140625,52.83987045288086,5273600,0.0,0.0
2015-04-28 00:00:00-04:00,66.1500015258789,66.5,64.94000244140625,65.7300033569336,50.37953567504883,6254500,0.0,0.0
2015-04-29 00:00:00-04:00,64.83000183105469,65.36000061035156,64.01000213623047,64.72000122070312,49.605403900146484,3013400,0.0,0.0
2015-04-30 00:00:00-04:00,64.41999816894531,64.72000122070312,64.01000213623047,64.38999938964844,49.35247039794922,2555500,0.0,0.0
2015-05-01 00:00:00-04:00,64.72000122070312,65.38999938964844,64.51000213623047,64.73999786376953,49.62074661254883,1895800,0.0,0.0
2015-05-04 00:00:00-04:00,65.83000183105469,66.5199966430664,65.30999755859375,66.08000183105469,50.64781188964844,3001100,0.0,0.0
2015-05-05 00:00:00-04:00,65.68000030517578,66.01000213623047,63.959999084472656,63.9900016784668,49.0458869934082,1803900,0.0,0.0
2015-05-06 00:00:00-04:00,64.44999694824219,64.76000213623047,63.869998931884766,64.55000305175781,49.475101470947266,1639000,0.0,0.0
2015-05-07 00:00:00-04:00,64.44000244140625,65.94999694824219,64.44000244140625,65.2300033569336,49.99630355834961,1755000,0.0,0.0
2015-05-08 00:00:00-04:00,65.88999938964844,66.83999633789062,65.66000366210938,65.69999694824219,50.356536865234375,1856000,0.0,0.0
2015-05-11 00:00:00-04:00,65.43000030517578,66.0,65.0,65.2699966430664,50.02695083618164,1234200,0.0,0.0
2015-05-12 00:00:00-04:00,64.97000122070312,65.22000122070312,64.5999984741211,64.98999786376953,49.81235885620117,1130800,0.0,0.0
2015-05-13 00:00:00-04:00,64.94999694824219,65.55000305175781,64.41999816894531,64.54000091552734,49.46744918823242,1133600,0.0,0.0
2015-05-14 00:00:00-04:00,64.9000015258789,64.91000366210938,64.0999984741211,64.37999725341797,49.34480667114258,1563900,0.0,0.0
2015-05-15 00:00:00-04:00,64.55000305175781,65.08999633789062,64.26000213623047,64.5199966430664,49.45211410522461,1043500,0.0,0.0
2015-05-18 00:00:00-04:00,64.52999877929688,65.52999877929688,64.33999633789062,65.41000366210938,50.13426971435547,1402500,0.0,0.0
2015-05-19 00:00:00-04:00,65.41000366210938,65.7699966430664,64.77999877929688,64.86000061035156,49.71270751953125,1260700,0.0,0.0
2015-05-20 00:00:00-04:00,64.83000183105469,64.91999816894531,63.86000061035156,63.90999984741211,48.984580993652344,904100,0.0,0.0
2015-05-21 00:00:00-04:00,63.939998626708984,64.48999786376953,63.7400016784668,64.26000213623047,49.252830505371094,1543700,0.0,0.0
2015-05-22 00:00:00-04:00,64.08000183105469,64.20999908447266,63.81999969482422,64.02999877929688,49.0765495300293,1066900,0.0,0.0
2015-05-26 00:00:00-04:00,63.38999938964844,63.59000015258789,62.68000030517578,62.93000030517578,48.23341751098633,1892800,0.0,0.0
2015-05-27 00:00:00-04:00,62.97999954223633,63.54999923706055,62.58000183105469,63.36000061035156,48.56301498413086,1290600,0.0,0.0
2015-05-28 00:00:00-04:00,63.310001373291016,63.56999969482422,62.27000045776367,62.5,47.90385818481445,1618100,0.0,0.0
2015-05-29 00:00:00-04:00,62.349998474121094,62.689998626708984,61.54999923706055,61.72999954223633,47.313690185546875,2290900,0.0,0.0
2015-06-01 00:00:00-04:00,62.040000915527344,62.290000915527344,61.459999084472656,62.11000061035156,47.604957580566406,1615900,0.0,0.0
2015-06-02 00:00:00-04:00,61.650001525878906,62.33000183105469,61.459999084472656,61.63999938964844,47.24470520019531,3272300,0.0,0.0
2015-06-03 00:00:00-04:00,61.970001220703125,64.9800033569336,61.900001525878906,64.62000274658203,49.83599090576172,3307000,0.38,0.0
2015-06-04 00:00:00-04:00,64.08999633789062,64.29000091552734,63.13999938964844,63.349998474121094,48.85654067993164,2389000,0.0,0.0
2015-06-05 00:00:00-04:00,63.06999969482422,64.41000366210938,63.06999969482422,64.18000030517578,49.49666213989258,2217300,0.0,0.0
2015-06-08 00:00:00-04:00,63.959999084472656,64.0,63.209999084472656,63.349998474121094,48.85654067993164,1609500,0.0,0.0
2015-06-09 00:00:00-04:00,63.150001525878906,64.6500015258789,63.060001373291016,63.77000045776367,49.18047332763672,2153700,0.0,0.0
2015-06-10 00:00:00-04:00,63.95000076293945,64.54000091552734,63.70000076293945,63.81999969482422,49.219024658203125,1148100,0.0,0.0
2015-06-11 00:00:00-04:00,63.88999938964844,64.44000244140625,63.599998474121094,64.31999969482422,49.60462951660156,1102500,0.0,0.0
2015-06-12 00:00:00-04:00,63.9900016784668,64.16999816894531,63.13999938964844,63.70000076293945,49.126468658447266,1500100,0.0,0.0
2015-06-15 00:00:00-04:00,63.220001220703125,63.810001373291016,62.779998779296875,63.75,49.16502380371094,1344400,0.0,0.0
2015-06-16 00:00:00-04:00,63.630001068115234,64.08999633789062,63.52000045776367,63.93000030517578,49.30384063720703,1673400,0.0,0.0
2015-06-17 00:00:00-04:00,63.91999816894531,64.29000091552734,63.689998626708984,64.02999877929688,49.380977630615234,1580500,0.0,0.0
2015-06-18 00:00:00-04:00,64.29000091552734,65.44999694824219,64.1500015258789,64.80000305175781,49.97480773925781,2004800,0.0,0.0
2015-06-19 00:00:00-04:00,64.76000213623047,64.87999725341797,64.05999755859375,64.20999908447266,49.519779205322266,1419700,0.0,0.0
2015-06-22 00:00:00-04:00,64.66000366210938,64.80000305175781,64.05999755859375,64.16000366210938,49.48124313354492,778200,0.0,0.0
2015-06-23 00:00:00-04:00,64.69999694824219,64.69999694824219,63.58000183105469,63.77000045776367,49.18047332763672,718800,0.0,0.0
2015-06-24 00:00:00-04:00,63.91999816894531,64.12000274658203,62.56999969482422,62.599998474121094,48.27812957763672,1169700,0.0,0.0
2015-06-25 00:00:00-04:00,62.7400016784668,63.0,62.369998931884766,62.470001220703125,48.177879333496094,1086700,0.0,0.0
2015-06-26 00:00:00-04:00,62.70000076293945,63.279998779296875,62.45000076293945,63.040000915527344,48.617462158203125,1332900,0.0,0.0
2015-06-29 00:00:00-04:00,62.459999084472656,62.970001220703125,61.68000030517578,61.689998626708984,47.57633590698242,1239400,0.0,0.0
2015-06-30 00:00:00-04:00,62.36000061035156,63.7400016784668,62.06999969482422,62.38999938964844,48.11618423461914,1401000,0.0,0.0
2015-07-01 00:00:00-04:00,62.790000915527344,62.939998626708984,62.209999084472656,62.27000045776367,48.02363586425781,1253900,0.0,0.0
2015-07-02 00:00:00-04:00,62.529998779296875,63.13999938964844,62.38999938964844,63.060001373291016,48.63289260864258,1604800,0.0,0.0
2015-07-06 00:00:00-04:00,62.16999816894531,63.060001373291016,61.900001525878906,62.15999984741211,47.93880081176758,1141200,0.0,0.0
2015-07-07 00:00:00-04:00,62.29999923706055,63.2599983215332,61.9900016784668,63.20000076293945,48.740875244140625,1494200,0.0,0.0
2015-07-08 00:00:00-04:00,62.650001525878906,62.970001220703125,61.63999938964844,61.88999938964844,47.7305793762207,1283800,0.0,0.0
2015-07-09 00:00:00-04:00,62.720001220703125,63.11000061035156,62.15999984741211,62.15999984741211,47.93880081176758,971100,0.0,0.0
2015-07-10 00:00:00-04:00,62.779998779296875,63.810001373291016,62.369998931884766,63.54999923706055,49.01078796386719,1265300,0.0,0.0
2015-07-13 00:00:00-04:00,63.72999954223633,64.93000030517578,63.66999816894531,64.83000183105469,49.99794006347656,1199900,0.0,0.0
2015-07-14 00:00:00-04:00,64.79000091552734,64.86000061035156,64.08999633789062,64.31999969482422,49.60462951660156,1183300,0.0,0.0
2015-07-15 00:00:00-04:00,64.4000015258789,64.63999938964844,62.880001068115234,63.040000915527344,48.617462158203125,1324200,0.0,0.0
2015-07-16 00:00:00-04:00,63.31999969482422,63.790000915527344,63.11000061035156,63.31999969482422,48.833412170410156,948900,0.0,0.0
2015-07-17 00:00:00-04:00,63.2599983215332,64.0999984741211,62.900001525878906,63.0,48.586631774902344,1258400,0.0,0.0
2015-07-20 00:00:00-04:00,63.040000915527344,63.75,62.939998626708984,63.66999816894531,49.10334396362305,866100,0.0,0.0
2015-07-21 00:00:00-04:00,63.7599983215332,65.66000366210938,63.45000076293945,65.38999938964844,50.429832458496094,2126600,0.0,0.0
2015-07-22 00:00:00-04:00,65.2699966430664,66.0,65.11000061035156,65.25,50.32185745239258,1704200,0.0,0.0
2015-07-23 00:00:00-04:00,65.0,65.11000061035156,64.30000305175781,64.41999816894531,49.68174362182617,1104800,0.0,0.0
2015-07-24 00:00:00-04:00,64.44999694824219,64.83999633789062,63.97999954223633,64.30999755859375,49.59690475463867,989500,0.0,0.0
2015-07-27 00:00:00-04:00,63.86000061035156,64.93000030517578,63.86000061035156,64.76000213623047,49.94396209716797,1286000,0.0,0.0
2015-07-28 00:00:00-04:00,64.80000305175781,66.87999725341797,64.38999938964844,66.7300033569336,51.46327590942383,2039400,0.0,0.0
2015-07-29 00:00:00-04:00,70.0,71.33999633789062,69.11000061035156,69.8499984741211,53.869449615478516,3464900,0.0,0.0
2015-07-30 00:00:00-04:00,69.44000244140625,70.01000213623047,69.0,69.87000274658203,53.88488006591797,2483100,0.0,0.0
2015-07-31 00:00:00-04:00,70.31999969482422,70.58999633789062,69.6500015258789,70.1500015258789,54.100833892822266,1432900,0.0,0.0
2015-08-03 00:00:00-04:00,70.13999938964844,70.94000244140625,70.0199966430664,70.72000122070312,54.5404167175293,1554500,0.0,0.0
2015-08-04 00:00:00-04:00,70.80999755859375,71.37999725341797,70.01000213623047,70.41999816894531,54.30903625488281,2144800,0.0,0.0
2015-08-05 00:00:00-04:00,71.08999633789062,71.5,70.19000244140625,70.30999755859375,54.22420120239258,1329300,0.0,0.0
2015-08-06 00:00:00-04:00,70.55000305175781,70.58000183105469,69.0199966430664,69.66999816894531,53.73063278198242,1278000,0.0,0.0
2015-08-07 00:00:00-04:00,69.55999755859375,69.55999755859375,68.2300033569336,68.8499984741211,53.09824752807617,1234600,0.0,0.0
2015-08-10 00:00:00-04:00,69.51000213623047,69.94000244140625,69.22000122070312,69.58000183105469,53.661224365234375,790200,0.0,0.0
2015-08-11 00:00:00-04:00,69.19000244140625,70.04000091552734,68.87000274658203,69.83999633789062,53.86174392700195,1065600,0.0,0.0
2015-08-12 00:00:00-04:00,69.16000366210938,69.19999694824219,68.41999816894531,69.0999984741211,53.29104232788086,1670800,0.0,0.0
2015-08-13 00:00:00-04:00,69.02999877929688,69.2699966430664,68.58999633789062,68.70999908447266,52.99028015136719,812500,0.0,0.0
2015-08-14 00:00:00-04:00,68.8499984741211,69.47000122070312,68.66000366210938,69.4000015258789,53.52240753173828,678900,0.0,0.0
2015-08-17 00:00:00-04:00,69.20999908447266,69.72000122070312,68.54000091552734,69.69000244140625,53.74607467651367,976700,0.0,0.0
2015-08-18 00:00:00-04:00,69.72000122070312,70.37000274658203,69.4800033569336,69.75,53.792327880859375,1152000,0.0,0.0
2015-08-19 00:00:00-04:00,70.05999755859375,71.1500015258789,69.22000122070312,70.83000183105469,54.6252326965332,1780600,0.0,0.0
2015-08-20 00:00:00-04:00,70.0199966430664,70.31999969482422,69.12999725341797,69.22000122070312,53.38359069824219,1671000,0.0,0.0
2015-08-21 00:00:00-04:00,68.36000061035156,68.86000061035156,67.08999633789062,67.23999786376953,51.85659408569336,1545800,0.0,0.0
2015-08-24 00:00:00-04:00,65.16999816894531,66.31999969482422,64.08999633789062,65.16000366210938,50.25246047973633,3477600,0.0,0.0
2015-08-25 00:00:00-04:00,65.87000274658203,66.44999694824219,64.08999633789062,64.13999938964844,49.46580505371094,2282800,0.0,0.0
2015-08-26 00:00:00-04:00,65.73999786376953,67.30999755859375,65.52999877929688,67.26000213623047,51.872005462646484,2447000,0.0,0.0
2015-08-27 00:00:00-04:00,67.69999694824219,68.0,66.77999877929688,67.81999969482422,52.303897857666016,1545100,0.0,0.0
2015-08-28 00:00:00-04:00,67.69000244140625,68.05000305175781,66.70999908447266,67.23999786376953,51.85659408569336,1917900,0.0,0.0
2015-08-31 00:00:00-04:00,66.97000122070312,68.0999984741211,66.58999633789062,67.43000030517578,52.003116607666016,1336300,0.0,0.0
2015-09-01 00:00:00-04:00,66.08000183105469,67.08000183105469,65.73999786376953,66.0,50.900264739990234,1640600,0.0,0.0
2015-09-02 00:00:00-04:00,67.29000091552734,68.75,66.93000030517578,68.73999786376953,53.32040023803711,3147400,0.38,0.0
2015-09-03 00:00:00-04:00,68.72000122070312,69.37000274658203,68.08000183105469,68.19999694824219,52.90152359008789,1390100,0.0,0.0
2015-09-04 00:00:00-04:00,67.41999816894531,68.2300033569336,67.31999969482422,67.69999694824219,52.51369094848633,1207500,0.0,0.0
2015-09-08 00:00:00-04:00,68.76000213623047,69.12000274658203,68.16999816894531,68.94000244140625,53.47553253173828,1287300,0.0,0.0
2015-09-09 00:00:00-04:00,69.51000213623047,69.58999633789062,68.58000183105469,68.83000183105469,53.39021682739258,1155100,0.0,0.0
2015-09-10 00:00:00-04:00,68.33000183105469,69.4800033569336,68.16000366210938,69.0,53.522071838378906,1479300,0.0,0.0
2015-09-11 00:00:00-04:00,68.79000091552734,69.06999969482422,68.20999908447266,68.68000030517578,53.27384567260742,1364000,0.0,0.0
2015-09-14 00:00:00-04:00,69.08999633789062,69.43000030517578,68.38999938964844,68.5999984741211,53.211814880371094,751200,0.0,0.0
2015-09-15 00:00:00-04:00,68.69999694824219,69.63999938964844,68.47000122070312,69.48999786376953,53.90215301513672,1074800,0.0,0.0
2015-09-16 00:00:00-04:00,69.45999908447266,69.91999816894531,69.0999984741211,69.79000091552734,54.134864807128906,988400,0.0,0.0
2015-09-17 00:00:00-04:00,69.83999633789062,69.98999786376953,68.88999938964844,69.02999877929688,53.545352935791016,1032800,0.0,0.0
2015-09-18 00:00:00-04:00,68.16999816894531,68.33999633789062,67.44999694824219,67.56999969482422,52.4128532409668,2350000,0.0,0.0
2015-09-21 00:00:00-04:00,67.80999755859375,68.86000061035156,67.56999969482422,68.5199966430664,53.14975357055664,695700,0.0,0.0
2015-09-22 00:00:00-04:00,67.55999755859375,67.83999633789062,66.44999694824219,66.86000061035156,51.862117767333984,1105300,0.0,0.0
2015-09-23 00:00:00-04:00,66.81999969482422,67.56999969482422,66.52999877929688,67.4000015258789,52.281005859375,1375600,0.0,0.0
2015-09-24 00:00:00-04:00,67.23999786376953,67.94000244140625,66.45999908447266,67.52999877929688,52.3818359375,2097400,0.0,0.0
2015-09-25 00:00:00-04:00,67.6500015258789,68.80000305175781,67.19000244140625,68.52999877929688,53.15749740600586,1410600,0.0,0.0
2015-09-28 00:00:00-04:00,68.7300033569336,69.44000244140625,67.81999969482422,67.86000061035156,52.63780212402344,1758900,0.0,0.0
2015-09-29 00:00:00-04:00,67.70999908447266,68.23999786376953,67.62000274658203,68.1500015258789,52.862735748291016,2089000,0.0,0.0
2015-09-30 00:00:00-04:00,67.58000183105469,68.36000061035156,67.41000366210938,67.77999877929688,52.575748443603516,2064200,0.0,0.0
2015-10-01 00:00:00-04:00,68.16000366210938,68.2300033569336,66.88999938964844,67.70999908447266,52.521446228027344,1674800,0.0,0.0
2015-10-02 00:00:00-04:00,66.80999755859375,68.83000183105469,66.54000091552734,68.80999755859375,53.37469482421875,1565100,0.0,0.0
2015-10-05 00:00:00-04:00,69.18000030517578,70.37999725341797,68.94999694824219,70.04000091552734,54.328792572021484,1397600,0.0,0.0
2015-10-06 00:00:00-04:00,70.27999877929688,70.29000091552734,69.33000183105469,70.23999786376953,54.483917236328125,1217000,0.0,0.0
2015-10-07 00:00:00-04:00,70.25,71.0199966430664,69.80000305175781,70.18000030517578,54.437381744384766,2007600,0.0,0.0
2015-10-08 00:00:00-04:00,70.04000091552734,71.05999755859375,69.41999816894531,70.88999938964844,54.98811721801758,1709600,0.0,0.0
2015-10-09 00:00:00-04:00,71.12000274658203,72.38999938964844,70.8499984741211,71.70999908447266,55.62418746948242,1979100,0.0,0.0
2015-10-12 00:00:00-04:00,72.08000183105469,72.29000091552734,71.41000366210938,72.0,55.84912109375,895300,0.0,0.0
2015-10-13 00:00:00-04:00,71.8499984741211,72.19999694824219,71.29000091552734,71.3499984741211,55.34492492675781,1012300,0.0,0.0
2015-10-14 00:00:00-04:00,71.61000061035156,72.01000213623047,70.6500015258789,70.95999908447266,55.04242706298828,1340800,0.0,0.0
2015-10-15 00:00:00-04:00,71.25,72.5199966430664,70.37000274658203,72.30000305175781,56.08184051513672,1097600,0.0,0.0
2015-10-16 00:00:00-04:00,71.2699966430664,72.62000274658203,71.2699966430664,71.75,55.65520095825195,817600,0.0,0.0
2015-10-19 00:00:00-04:00,71.48999786376953,72.30999755859375,71.2300033569336,71.9000015258789,55.77156066894531,827000,0.0,0.0
2015-10-20 00:00:00-04:00,71.69000244140625,72.61000061035156,71.69000244140625,72.12999725341797,55.949981689453125,861600,0.0,0.0
2015-10-21 00:00:00-04:00,72.4800033569336,72.97000122070312,71.77999877929688,71.86000061035156,55.74052810668945,1093900,0.0,0.0
2015-10-22 00:00:00-04:00,72.3499984741211,73.22000122070312,72.30999755859375,72.72000122070312,56.407615661621094,1563200,0.0,0.0
2015-10-23 00:00:00-04:00,73.23999786376953,73.2699966430664,72.37000274658203,72.79000091552734,56.4619026184082,1229500,0.0,0.0
2015-10-26 00:00:00-04:00,73.08000183105469,73.33999633789062,72.08000183105469,72.5,56.23695373535156,1176500,0.0,0.0
2015-10-27 00:00:00-04:00,71.56999969482422,72.91000366210938,69.80999755859375,69.98999786376953,54.28999328613281,3199400,0.0,0.0
2015-10-28 00:00:00-04:00,70.72000122070312,70.97000122070312,66.54000091552734,67.98999786376953,52.7386474609375,3932300,0.0,0.0
2015-10-29 00:00:00-04:00,67.9000015258789,69.48999786376953,67.66999816894531,69.37999725341797,53.81684494018555,1882200,0.0,0.0
2015-10-30 00:00:00-04:00,69.30999755859375,69.79000091552734,68.91999816894531,69.37999725341797,53.81684494018555,1333100,0.0,0.0
2015-11-02 00:00:00-05:00,69.37999725341797,70.33000183105469,69.37999725341797,70.23999786376953,54.483917236328125,978600,0.0,0.0
2015-11-03 00:00:00-05:00,70.16000366210938,70.37999725341797,69.75,70.13999938964844,54.4063606262207,705500,0.0,0.0
2015-11-04 00:00:00-05:00,69.97000122070312,70.26000213623047,68.30000305175781,68.70999908447266,53.29713821411133,1281200,0.0,0.0
2015-11-05 00:00:00-05:00,68.7699966430664,68.91000366210938,67.7300033569336,68.30000305175781,52.979103088378906,1215000,0.0,0.0
2015-11-06 00:00:00-05:00,68.55000305175781,68.7300033569336,67.62000274658203,68.72000122070312,53.304893493652344,1028900,0.0,0.0
2015-11-09 00:00:00-05:00,68.3499984741211,68.56999969482422,67.19000244140625,67.81999969482422,52.606773376464844,972900,0.0,0.0
2015-11-10 00:00:00-05:00,67.62999725341797,69.08999633789062,67.62999725341797,68.75,53.32815170288086,927700,0.0,0.0
2015-11-11 00:00:00-05:00,68.93000030517578,69.25,68.33999633789062,68.75,53.32815170288086,560100,0.0,0.0
2015-11-12 00:00:00-05:00,68.25,69.05000305175781,67.43000030517578,67.4800033569336,52.34304428100586,791100,0.0,0.0
2015-11-13 00:00:00-05:00,67.37999725341797,67.83000183105469,66.69000244140625,67.0199966430664,51.98622131347656,707900,0.0,0.0
2015-11-16 00:00:00-05:00,67.18000030517578,67.6500015258789,66.66999816894531,67.41000366210938,52.28875732421875,770400,0.0,0.0
2015-11-17 00:00:00-05:00,67.33999633789062,68.76000213623047,66.5999984741211,67.83000183105469,52.614524841308594,830500,0.0,0.0
2015-11-18 00:00:00-05:00,67.83999633789062,68.38999938964844,67.54000091552734,68.27999877929688,52.96358871459961,835300,0.0,0.0
2015-11-19 00:00:00-05:00,68.19000244140625,69.02999877929688,67.91999816894531,68.30999755859375,52.98685836791992,825600,0.0,0.0
2015-11-20 00:00:00-05:00,68.58000183105469,69.55000305175781,68.02999877929688,68.52999877929688,53.15749740600586,727800,0.0,0.0
2015-11-23 00:00:00-05:00,68.79000091552734,69.05999755859375,68.16999816894531,68.25,52.9403190612793,977800,0.0,0.0
2015-11-24 00:00:00-05:00,68.12000274658203,69.72000122070312,67.66999816894531,68.22000122070312,52.91705322265625,844200,0.0,0.0
2015-11-25 00:00:00-05:00,68.43000030517578,68.83999633789062,68.20999908447266,68.61000061035156,53.21957778930664,700800,0.0,0.0
2015-11-27 00:00:00-05:00,68.66000366210938,69.31999969482422,68.66000366210938,68.86000061035156,53.41348648071289,348300,0.0,0.0
2015-11-30 00:00:00-05:00,68.83999633789062,69.44999694824219,67.37999725341797,67.43000030517578,52.30427551269531,1100800,0.0,0.0
2015-12-01 00:00:00-05:00,67.73999786376953,68.45999908447266,67.20999908447266,67.94999694824219,52.70759582519531,828500,0.0,0.0
2015-12-02 00:00:00-05:00,64.87000274658203,65.30999755859375,62.81999969482422,63.58000183105469,49.31787872314453,6043100,0.0,0.0
2015-12-03 00:00:00-05:00,63.349998474121094,64.20999908447266,61.88999938964844,62.220001220703125,48.262962341308594,4134700,0.0,0.0
2015-12-04 00:00:00-05:00,62.09000015258789,63.189998626708984,62.09000015258789,62.79999923706055,48.71285629272461,2946400,0.0,0.0
2015-12-07 00:00:00-05:00,62.5099983215332,63.04999923706055,61.709999084472656,62.08000183105469,48.154361724853516,1868100,0.0,0.0
2015-12-08 00:00:00-05:00,61.560001373291016,61.869998931884766,59.709999084472656,60.5099983215332,46.93654251098633,3412300,0.0,0.0
2015-12-09 00:00:00-05:00,60.63999938964844,61.77000045776367,60.119998931884766,60.54999923706055,46.96756362915039,1811900,0.0,0.0
2015-12-10 00:00:00-05:00,60.63999938964844,61.65999984741211,60.22999954223633,61.5099983215332,48.05348205566406,2173000,0.43,0.0
2015-12-11 00:00:00-05:00,60.91999816894531,62.11000061035156,60.61000061035156,62.0,48.4362907409668,2767000,0.0,0.0
2015-12-14 00:00:00-05:00,62.0,62.18000030517578,61.150001525878906,61.68000030517578,48.186283111572266,2358400,0.0,0.0
2015-12-15 00:00:00-05:00,61.900001525878906,63.209999084472656,61.209999084472656,62.61000061035156,48.91282653808594,2628900,0.0,0.0
2015-12-16 00:00:00-05:00,63.529998779296875,64.47000122070312,63.5,64.2699966430664,50.20966720581055,2123600,0.0,0.0
2015-12-17 00:00:00-05:00,64.4800033569336,65.0999984741211,64.19000244140625,64.19999694824219,50.154991149902344,2634300,0.0,0.0
2015-12-18 00:00:00-05:00,63.68000030517578,63.84000015258789,61.77000045776367,62.36000061035156,48.717529296875,7191000,0.0,0.0
2015-12-21 00:00:00-05:00,63.0099983215332,63.08000183105469,61.939998626708984,62.5,48.82689666748047,1284500,0.0,0.0
2015-12-22 00:00:00-05:00,62.869998931884766,63.41999816894531,62.459999084472656,63.400001525878906,49.530006408691406,1269200,0.0,0.0
2015-12-23 00:00:00-05:00,63.61000061035156,64.12999725341797,63.380001068115234,63.97999954223633,49.983116149902344,1274900,0.0,0.0
2015-12-24 00:00:00-05:00,63.959999084472656,64.54000091552734,63.290000915527344,63.529998779296875,49.63155746459961,571700,0.0,0.0
2015-12-28 00:00:00-05:00,63.38999938964844,63.529998779296875,62.56999969482422,63.18000030517578,49.358123779296875,811500,0.0,0.0
2015-12-29 00:00:00-05:00,63.72999954223633,63.72999954223633,62.33000183105469,63.189998626708984,49.36594009399414,994900,0.0,0.0
2015-12-30 00:00:00-05:00,62.880001068115234,63.400001525878906,62.29999923706055,62.36000061035156,48.717529296875,1502100,0.0,0.0
2015-12-31 00:00:00-05:00,62.22999954223633,62.63999938964844,61.86000061035156,62.02000045776367,48.4518928527832,1614000,0.0,0.0
2016-01-04 00:00:00-05:00,61.09000015258789,62.02000045776367,60.310001373291016,61.790000915527344,48.27222442626953,3072300,0.0,0.0
2016-01-05 00:00:00-05:00,61.689998626708984,63.91999816894531,61.11000061035156,63.470001220703125,49.584693908691406,3967000,0.0,0.0
2016-01-06 00:00:00-05:00,62.33000183105469,63.43000030517578,62.04999923706055,63.15999984741211,49.342498779296875,2929000,0.0,0.0
2016-01-07 00:00:00-05:00,64.0,64.08000183105469,62.66999816894531,63.09000015258789,49.28782653808594,3114600,0.0,0.0
2016-01-08 00:00:00-05:00,63.2400016784668,63.880001068115234,62.849998474121094,63.119998931884766,49.311248779296875,2448800,0.0,0.0
2016-01-11 00:00:00-05:00,63.06999969482422,63.2599983215332,61.11000061035156,61.75,48.24098205566406,1868400,0.0,0.0
2016-01-12 00:00:00-05:00,61.9900016784668,63.20000076293945,61.95000076293945,62.97999954223633,49.20186996459961,1410100,0.0,0.0
2016-01-13 00:00:00-05:00,63.060001373291016,63.59000015258789,62.4900016784668,62.689998626708984,48.97532272338867,2143000,0.0,0.0
2016-01-14 00:00:00-05:00,62.84000015258789,63.529998779296875,62.04999923706055,63.130001068115234,49.31905746459961,1691100,0.0,0.0
2016-01-15 00:00:00-05:00,61.93000030517578,63.93000030517578,61.849998474121094,63.560001373291016,49.65500259399414,2358400,0.0,0.0
2016-01-19 00:00:00-05:00,64.4800033569336,64.48999786376953,62.95000076293945,63.65999984741211,49.733123779296875,1468700,0.0,0.0
2016-01-20 00:00:00-05:00,62.77000045776367,64.31999969482422,62.18000030517578,63.72999954223633,49.787803649902344,1437400,0.0,0.0
2016-01-21 00:00:00-05:00,64.30000305175781,65.2300033569336,63.720001220703125,64.51000213623047,50.39716720581055,1999200,0.0,0.0
2016-01-22 00:00:00-05:00,65.08999633789062,65.5,64.02999877929688,64.2300033569336,50.17841720581055,1832400,0.0,0.0
2016-01-25 00:00:00-05:00,62.75,64.0,62.61000061035156,62.720001220703125,48.99877166748047,2699500,0.0,0.0
2016-01-26 00:00:00-05:00,63.099998474121094,64.3499984741211,62.72999954223633,64.06999969482422,50.05342102050781,2391600,0.0,0.0
2016-01-27 00:00:00-05:00,64.0,65.11000061035156,63.04999923706055,63.18000030517578,49.358123779296875,1995600,0.0,0.0
2016-01-28 00:00:00-05:00,63.54999923706055,64.16999816894531,62.720001220703125,63.04999923706055,49.256568908691406,1966800,0.0,0.0
2016-01-29 00:00:00-05:00,63.2599983215332,64.77999877929688,63.04999923706055,64.7699966430664,50.600276947021484,1821900,0.0,0.0
2016-02-01 00:00:00-05:00,64.05000305175781,65.62999725341797,63.939998626708984,65.20999908447266,50.94401931762695,1844300,0.0,0.0
2016-02-02 00:00:00-05:00,64.37999725341797,65.20999908447266,62.91999816894531,63.47999954223633,49.592491149902344,2705700,0.0,0.0
2016-02-03 00:00:00-05:00,65.20999908447266,66.61000061035156,64.2699966430664,64.91000366210938,50.70967483520508,3450200,0.0,0.0
2016-02-04 00:00:00-05:00,65.68000030517578,67.47000122070312,65.12000274658203,67.44999694824219,52.6939697265625,2292000,0.0,0.0
2016-02-05 00:00:00-05:00,66.95999908447266,68.87999725341797,66.51000213623047,68.08000183105469,53.18614196777344,3083900,0.0,0.0
2016-02-08 00:00:00-05:00,67.68000030517578,69.61000061035156,67.66000366210938,69.5199966430664,54.31113052368164,2430100,0.0,0.0
2016-02-09 00:00:00-05:00,68.77999877929688,70.4000015258789,68.41999816894531,69.69000244140625,54.44394302368164,1859900,0.0,0.0
2016-02-10 00:00:00-05:00,69.79000091552734,70.66000366210938,68.58000183105469,68.62999725341797,53.61582565307617,2082300,0.0,0.0
2016-02-11 00:00:00-05:00,68.0,69.1500015258789,67.69999694824219,68.83000183105469,53.7720832824707,1588200,0.0,0.0
2016-02-12 00:00:00-05:00,69.12000274658203,70.37000274658203,69.12000274658203,70.16000366210938,54.81111526489258,1520500,0.0,0.0
2016-02-16 00:00:00-05:00,70.16000366210938,71.62000274658203,69.93000030517578,71.20999908447266,55.63140869140625,1691100,0.0,0.0
2016-02-17 00:00:00-05:00,71.23999786376953,71.87999725341797,70.37999725341797,70.83999633789062,55.34233474731445,1655500,0.0,0.0
2016-02-18 00:00:00-05:00,70.69000244140625,71.11000061035156,70.0999984741211,70.95999908447266,55.43611145019531,1247700,0.0,0.0
2016-02-19 00:00:00-05:00,70.69000244140625,70.69000244140625,69.23999786376953,70.4800033569336,55.06110382080078,2010000,0.0,0.0
2016-02-22 00:00:00-05:00,71.41999816894531,71.87000274658203,69.69999694824219,70.06999969482422,54.74079132080078,2660300,0.0,0.0
2016-02-23 00:00:00-05:00,69.37000274658203,70.05999755859375,68.98999786376953,69.52999877929688,54.318946838378906,1371300,0.0,0.0
2016-02-24 00:00:00-05:00,69.19999694824219,70.36000061035156,68.97000122070312,70.2300033569336,54.865814208984375,1532900,0.0,0.0
2016-02-25 00:00:00-05:00,70.26000213623047,70.30999755859375,69.11000061035156,70.16000366210938,54.81111526489258,1353200,0.0,0.0
2016-02-26 00:00:00-05:00,70.36000061035156,70.66999816894531,69.97000122070312,70.3499984741211,54.95954895019531,1145400,0.0,0.0
2016-02-29 00:00:00-05:00,70.11000061035156,70.73999786376953,69.73999786376953,69.83000183105469,54.55331802368164,1631100,0.0,0.0
2016-03-01 00:00:00-05:00,70.79000091552734,70.94000244140625,69.98999786376953,70.73999786376953,55.26422882080078,2089600,0.0,0.0
2016-03-02 00:00:00-05:00,70.54000091552734,71.69000244140625,70.18000030517578,71.41000366210938,56.128849029541016,2525200,0.43,0.0
2016-03-03 00:00:00-05:00,71.13999938964844,71.95999908447266,70.9800033569336,71.51000213623047,56.20744323730469,1487700,0.0,0.0
2016-03-04 00:00:00-05:00,71.20999908447266,73.5,71.20999908447266,72.68000030517578,57.12705993652344,2288400,0.0,0.0
2016-03-07 00:00:00-05:00,71.4800033569336,72.13999938964844,70.41999816894531,71.5999984741211,56.27817916870117,1667700,0.0,0.0
2016-03-08 00:00:00-05:00,71.44000244140625,72.33000183105469,71.12000274658203,71.62999725341797,56.301753997802734,1153000,0.0,0.0
2016-03-09 00:00:00-05:00,71.26000213623047,72.2300033569336,70.55000305175781,71.41999816894531,56.13670349121094,899900,0.0,0.0
2016-03-10 00:00:00-05:00,71.86000061035156,72.06999969482422,70.56999969482422,71.51000213623047,56.20744323730469,1674600,0.0,0.0
2016-03-11 00:00:00-05:00,72.0199966430664,72.69999694824219,71.86000061035156,72.62999725341797,57.08774948120117,969200,0.0,0.0
2016-03-14 00:00:00-04:00,72.55000305175781,72.9800033569336,72.08999633789062,72.45999908447266,56.954139709472656,884200,0.0,0.0
2016-03-15 00:00:00-04:00,72.16999816894531,73.47000122070312,71.87999725341797,73.06999969482422,57.433597564697266,1459300,0.0,0.0
2016-03-16 00:00:00-04:00,72.56999969482422,73.41000366210938,72.33000183105469,73.11000061035156,57.46505355834961,1119800,0.0,0.0
2016-03-17 00:00:00-04:00,73.37000274658203,74.66000366210938,72.80999755859375,73.83000183105469,58.030975341796875,1158100,0.0,0.0
2016-03-18 00:00:00-04:00,74.12000274658203,75.11000061035156,73.7300033569336,74.33999633789062,58.43183898925781,1973000,0.0,0.0
2016-03-21 00:00:00-04:00,73.98999786376953,74.33999633789062,73.12000274658203,73.6500015258789,57.88950729370117,1013800,0.0,0.0
2016-03-22 00:00:00-04:00,72.97000122070312,73.80999755859375,72.97000122070312,73.4800033569336,57.75589370727539,718500,0.0,0.0
2016-03-23 00:00:00-04:00,73.4800033569336,73.9000015258789,73.18000030517578,73.4800033569336,57.75589370727539,728500,0.0,0.0
2016-03-24 00:00:00-04:00,73.08999633789062,73.7699966430664,73.08999633789062,73.73999786376953,57.96023941040039,608600,0.0,0.0
2016-03-28 00:00:00-04:00,73.88999938964844,74.2300033569336,73.37000274658203,74.04000091552734,58.19602966308594,818700,0.0,0.0
2016-03-29 00:00:00-04:00,73.98999786376953,74.62999725341797,73.68000030517578,74.5,58.55760192871094,767700,0.0,0.0
2016-03-30 00:00:00-04:00,74.69000244140625,74.94000244140625,74.12999725341797,74.55000305175781,58.596893310546875,612100,0.0,0.0
2016-03-31 00:00:00-04:00,74.37999725341797,74.5,73.80000305175781,74.2300033569336,58.34539031982422,1168800,0.0,0.0
2016-04-01 00:00:00-04:00,73.72000122070312,73.79000091552734,72.62000274658203,73.6500015258789,57.88950729370117,1313200,0.0,0.0
2016-04-04 00:00:00-04:00,73.72000122070312,74.62000274658203,73.29000091552734,73.47000122070312,57.748023986816406,1037400,0.0,0.0
2016-04-05 00:00:00-04:00,72.87000274658203,74.12999725341797,72.87000274658203,73.52999877929688,57.795188903808594,781000,0.0,0.0
2016-04-06 00:00:00-04:00,73.3499984741211,73.66999816894531,72.9000015258789,73.66000366210938,57.89737319946289,881900,0.0,0.0
2016-04-07 00:00:00-04:00,73.0,73.05999755859375,71.12000274658203,71.8499984741211,56.47468566894531,2129700,0.0,0.0
2016-04-08 00:00:00-04:00,72.18000030517578,72.86000061035156,71.66000366210938,71.83999633789062,56.466827392578125,1014200,0.0,0.0
2016-04-11 00:00:00-04:00,71.97000122070312,72.58000183105469,71.5199966430664,71.7699966430664,56.41179275512695,1361100,0.0,0.0
2016-04-12 00:00:00-04:00,72.02999877929688,72.69999694824219,71.45999908447266,72.48999786376953,56.97772979736328,1260400,0.0,0.0
2016-04-13 00:00:00-04:00,72.68000030517578,73.56999969482422,72.41999816894531,72.94999694824219,57.339290618896484,871200,0.0,0.0
2016-04-14 00:00:00-04:00,73.01000213623047,73.30999755859375,72.43000030517578,72.9000015258789,57.29999923706055,768000,0.0,0.0
2016-04-15 00:00:00-04:00,73.41000366210938,74.5199966430664,73.19999694824219,73.51000213623047,57.77944564819336,1367600,0.0,0.0
2016-04-18 00:00:00-04:00,73.47000122070312,74.5199966430664,73.33999633789062,74.11000061035156,58.25104904174805,991500,0.0,0.0
2016-04-19 00:00:00-04:00,74.47000122070312,75.30000305175781,74.11000061035156,75.2300033569336,59.13138961791992,1333900,0.0,0.0
2016-04-20 00:00:00-04:00,75.31999969482422,75.6500015258789,74.69000244140625,74.7300033569336,58.738380432128906,1085800,0.0,0.0
2016-04-21 00:00:00-04:00,74.55000305175781,75.29000091552734,74.20999908447266,74.30999755859375,58.40825271606445,716200,0.0,0.0
2016-04-22 00:00:00-04:00,74.44999694824219,74.9800033569336,74.29000091552734,74.55999755859375,58.60474395751953,639100,0.0,0.0
2016-04-25 00:00:00-04:00,74.86000061035156,75.08999633789062,74.31999969482422,74.5999984741211,58.63621139526367,890900,0.0,0.0
2016-04-26 00:00:00-04:00,74.56999969482422,76.0999984741211,74.30000305175781,75.70999908447266,59.5086784362793,1485900,0.0,0.0
2016-04-27 00:00:00-04:00,71.66000366210938,73.58000183105469,70.08000183105469,71.80999755859375,56.4432258605957,3508600,0.0,0.0
2016-04-28 00:00:00-04:00,70.94000244140625,71.61000061035156,69.83999633789062,70.83000183105469,55.672950744628906,2433800,0.0,0.0
2016-04-29 00:00:00-04:00,70.75,71.19999694824219,70.38999938964844,70.97000122070312,55.78300094604492,1398000,0.0,0.0
2016-05-02 00:00:00-04:00,71.2699966430664,71.97000122070312,71.16000366210938,71.80999755859375,56.4432258605957,1376000,0.0,0.0
2016-05-03 00:00:00-04:00,71.1500015258789,71.37999725341797,70.4800033569336,70.83999633789062,55.680809020996094,1185800,0.0,0.0
2016-05-04 00:00:00-04:00,70.5199966430664,71.97000122070312,70.33999633789062,71.73999786376953,56.38822555541992,1789200,0.0,0.0
2016-05-05 00:00:00-04:00,71.70999908447266,71.95999908447266,70.7300033569336,70.8499984741211,55.68867111206055,845500,0.0,0.0
2016-05-06 00:00:00-04:00,70.94999694824219,72.91000366210938,70.63999938964844,72.81999969482422,57.237091064453125,1789600,0.0,0.0
2016-05-09 00:00:00-04:00,72.5,73.26000213623047,72.20999908447266,73.13999938964844,57.48862838745117,1038900,0.0,0.0
2016-05-10 00:00:00-04:00,73.69000244140625,73.83000183105469,72.77999877929688,73.05000305175781,57.41789245605469,1065900,0.0,0.0
2016-05-11 00:00:00-04:00,72.83999633789062,73.19999694824219,72.33000183105469,72.58999633789062,57.05633544921875,941900,0.0,0.0
2016-05-12 00:00:00-04:00,72.5199966430664,72.98999786376953,72.0,72.47000122070312,56.962005615234375,840800,0.0,0.0
2016-05-13 00:00:00-04:00,72.55999755859375,72.75,71.83000183105469,72.30999755859375,56.83624267578125,1111200,0.0,0.0
2016-05-16 00:00:00-04:00,72.44000244140625,72.83000183105469,71.6500015258789,72.44000244140625,56.938438415527344,840200,0.0,0.0
2016-05-17 00:00:00-04:00,72.05999755859375,73.69999694824219,71.87000274658203,72.77999877929688,57.205684661865234,1162600,0.0,0.0
2016-05-18 00:00:00-04:00,72.61000061035156,73.41000366210938,72.22000122070312,73.1500015258789,57.49650192260742,1282700,0.0,0.0
2016-05-19 00:00:00-04:00,72.58000183105469,73.37999725341797,72.5,73.0999984741211,57.45718765258789,828800,0.0,0.0
2016-05-20 00:00:00-04:00,73.52999877929688,74.48999786376953,73.52999877929688,74.31999969482422,58.416133880615234,1093600,0.0,0.0
2016-05-23 00:00:00-04:00,74.05999755859375,74.52999877929688,74.05999755859375,74.36000061035156,58.44755172729492,846400,0.0,0.0
2016-05-24 00:00:00-04:00,74.41999816894531,74.98999786376953,74.02999877929688,74.69000244140625,58.706939697265625,1134900,0.0,0.0
2016-05-25 00:00:00-04:00,74.94000244140625,75.06999969482422,74.4800033569336,74.80999755859375,58.80126953125,1161400,0.0,0.0
2016-05-26 00:00:00-04:00,75.0999984741211,75.37000274658203,74.7300033569336,74.97000122070312,58.927024841308594,806700,0.0,0.0
2016-05-27 00:00:00-04:00,74.98999786376953,75.44000244140625,74.79000091552734,75.18000030517578,59.09206771850586,1108300,0.0,0.0
2016-05-31 00:00:00-04:00,75.41000366210938,75.77999877929688,74.36000061035156,74.9800033569336,58.93489074707031,4326800,0.0,0.0
2016-06-01 00:00:00-04:00,74.55999755859375,74.66000366210938,73.75,74.25,58.69772720336914,827600,0.43,0.0
2016-06-02 00:00:00-04:00,74.2300033569336,74.30000305175781,73.69999694824219,73.79000091552734,58.33408737182617,1063900,0.0,0.0
2016-06-03 00:00:00-04:00,73.26000213623047,73.41999816894531,72.95999908447266,73.36000061035156,57.994144439697266,2470600,0.0,0.0
2016-06-06 00:00:00-04:00,74.16000366210938,74.16000366210938,73.0,73.22000122070312,57.88346862792969,1340600,0.0,0.0
2016-06-07 00:00:00-04:00,73.12999725341797,73.16000366210938,72.7699966430664,72.94999694824219,57.66999816894531,1284600,0.0,0.0
2016-06-08 00:00:00-04:00,72.94999694824219,73.69999694824219,72.80999755859375,73.66999816894531,58.23922348022461,1759500,0.0,0.0
2016-06-09 00:00:00-04:00,73.7699966430664,74.25,73.20999908447266,74.11000061035156,58.58705520629883,1688500,0.0,0.0
2016-06-10 00:00:00-04:00,73.55999755859375,73.69000244140625,72.87999725341797,72.98999786376953,57.701622009277344,1032400,0.0,0.0
2016-06-13 00:00:00-04:00,73.06999969482422,73.33000183105469,72.87999725341797,72.9800033569336,57.69374465942383,971900,0.0,0.0
2016-06-14 00:00:00-04:00,73.0199966430664,73.13999938964844,72.0,72.47000122070312,57.290557861328125,1238000,0.0,0.0
2016-06-15 00:00:00-04:00,72.4800033569336,73.33000183105469,72.33999633789062,72.5199966430664,57.330101013183594,1389900,0.0,0.0
2016-06-16 00:00:00-04:00,72.45999908447266,72.45999908447266,71.26000213623047,72.08999633789062,56.990142822265625,1487600,0.0,0.0
2016-06-17 00:00:00-04:00,71.7699966430664,72.02999877929688,71.4000015258789,71.9800033569336,56.903194427490234,2029500,0.0,0.0
2016-06-20 00:00:00-04:00,72.68000030517578,73.11000061035156,72.48999786376953,72.54000091552734,57.34588623046875,747700,0.0,0.0
2016-06-21 00:00:00-04:00,72.45999908447266,72.55000305175781,71.55999755859375,72.08999633789062,56.990142822265625,930900,0.0,0.0
2016-06-22 00:00:00-04:00,72.0999984741211,72.43000030517578,71.55000305175781,71.86000061035156,56.80833053588867,1179100,0.0,0.0
2016-06-23 00:00:00-04:00,71.91000366210938,72.26000213623047,71.66999816894531,71.91999816894531,56.85575485229492,1402000,0.0,0.0
2016-06-24 00:00:00-04:00,70.31999969482422,71.95999908447266,70.1500015258789,71.63999938964844,56.63440704345703,2209000,0.0,0.0
2016-06-27 00:00:00-04:00,71.33999633789062,72.48999786376953,71.23999786376953,72.18000030517578,57.06129837036133,2020400,0.0,0.0
2016-06-28 00:00:00-04:00,72.23999786376953,73.44000244140625,72.18000030517578,73.41999816894531,58.04157257080078,1648200,0.0,0.0
2016-06-29 00:00:00-04:00,73.8499984741211,74.37999725341797,73.61000061035156,73.6500015258789,58.223411560058594,1159200,0.0,0.0
2016-06-30 00:00:00-04:00,73.30000305175781,74.31999969482422,72.91999816894531,74.25,58.69772720336914,1261000,0.0,0.0
2016-07-01 00:00:00-04:00,74.56999969482422,75.27999877929688,74.22000122070312,75.19000244140625,59.44083023071289,1393700,0.0,0.0
2016-07-05 00:00:00-04:00,75.08999633789062,75.44999694824219,74.7300033569336,75.02999877929688,59.31433868408203,957300,0.0,0.0
2016-07-06 00:00:00-04:00,75.02999877929688,75.69000244140625,74.37999725341797,74.80000305175781,59.13252639770508,965300,0.0,0.0
2016-07-07 00:00:00-04:00,74.93000030517578,74.98999786376953,73.29000091552734,73.36000061035156,57.994144439697266,2736200,0.0,0.0
2016-07-08 00:00:00-04:00,73.76000213623047,74.62000274658203,73.52999877929688,74.43000030517578,58.840030670166016,2164400,0.0,0.0
2016-07-11 00:00:00-04:00,72.4800033569336,73.06999969482422,71.12000274658203,71.86000061035156,56.80833053588867,3781800,0.0,0.0
2016-07-12 00:00:00-04:00,71.87999725341797,72.48999786376953,71.87999725341797,72.44999694824219,57.27473831176758,1362400,0.0,0.0
2016-07-13 00:00:00-04:00,72.54000091552734,73.01000213623047,72.29000091552734,72.83000183105469,57.57516098022461,1729900,0.0,0.0
2016-07-14 00:00:00-04:00,73.31999969482422,73.31999969482422,72.27999877929688,72.30000305175781,57.156185150146484,1049700,0.0,0.0
2016-07-15 00:00:00-04:00,72.5,72.5,71.58000183105469,71.94000244140625,56.871585845947266,2067600,0.0,0.0
2016-07-18 00:00:00-04:00,70.7300033569336,71.98999786376953,70.20999908447266,71.44000244140625,56.476287841796875,1971500,0.0,0.0
2016-07-19 00:00:00-04:00,71.05000305175781,71.79000091552734,70.66000366210938,71.62000274658203,56.61859130859375,1295300,0.0,0.0
2016-07-20 00:00:00-04:00,71.62000274658203,72.3499984741211,71.01000213623047,71.16999816894531,56.26285934448242,1276800,0.0,0.0
2016-07-21 00:00:00-04:00,71.16000366210938,71.62000274658203,70.86000061035156,71.2300033569336,56.31029510498047,1481100,0.0,0.0
2016-07-22 00:00:00-04:00,71.33000183105469,72.27999877929688,71.04000091552734,72.02999877929688,56.9427375793457,1134700,0.0,0.0
2016-07-25 00:00:00-04:00,71.76000213623047,72.05999755859375,71.43000030517578,71.5,56.52372360229492,1061700,0.0,0.0
2016-07-26 00:00:00-04:00,71.79000091552734,72.36000061035156,71.45999908447266,72.13999938964844,57.02967834472656,1749300,0.0,0.0
2016-07-27 00:00:00-04:00,68.41999816894531,70.47000122070312,66.62000274658203,68.3499984741211,54.03355026245117,4359700,0.0,0.0
2016-07-28 00:00:00-04:00,67.97000122070312,69.25,67.70999908447266,69.2300033569336,54.72919464111328,1514000,0.0,0.0
2016-07-29 00:00:00-04:00,69.1500015258789,69.86000061035156,68.75,69.62000274658203,55.03752517700195,1461500,0.0,0.0
2016-08-01 00:00:00-04:00,69.5,69.8499984741211,69.11000061035156,69.23999786376953,54.73711395263672,1817600,0.0,0.0
2016-08-02 00:00:00-04:00,69.23999786376953,69.36000061035156,68.31999969482422,68.36000061035156,54.04144287109375,1546400,0.0,0.0
2016-08-03 00:00:00-04:00,68.56999969482422,68.79000091552734,68.04000091552734,68.79000091552734,54.38135528564453,1446700,0.0,0.0
2016-08-04 00:00:00-04:00,68.79000091552734,69.06999969482422,67.77999877929688,68.48999786376953,54.14419937133789,1275600,0.0,0.0
2016-08-05 00:00:00-04:00,68.8499984741211,69.3499984741211,68.11000061035156,69.22000122070312,54.72129821777344,751200,0.0,0.0
2016-08-08 00:00:00-04:00,69.51000213623047,69.83999633789062,69.04000091552734,69.25,54.74501419067383,1299800,0.0,0.0
2016-08-09 00:00:00-04:00,69.37999725341797,69.61000061035156,68.75,68.91999816894531,54.484134674072266,1082400,0.0,0.0
2016-08-10 00:00:00-04:00,68.94999694824219,69.1500015258789,68.58999633789062,69.0199966430664,54.56318283081055,870800,0.0,0.0
2016-08-11 00:00:00-04:00,68.9800033569336,69.31999969482422,68.9800033569336,69.02999877929688,54.57109451293945,480400,0.0,0.0
2016-08-12 00:00:00-04:00,68.98999786376953,69.8499984741211,68.81999969482422,69.68000030517578,55.08494567871094,948400,0.0,0.0
2016-08-15 00:00:00-04:00,69.54000091552734,69.93000030517578,69.08000183105469,69.2300033569336,54.72919464111328,1014300,0.0,0.0
2016-08-16 00:00:00-04:00,69.25,70.01000213623047,68.9800033569336,69.81999969482422,55.19562530517578,1416500,0.0,0.0
2016-08-17 00:00:00-04:00,70.0,70.01000213623047,69.61000061035156,69.9000015258789,55.25888442993164,1443300,0.0,0.0
2016-08-18 00:00:00-04:00,69.9000015258789,70.0,68.79000091552734,68.95999908447266,54.5157585144043,1491500,0.0,0.0
2016-08-19 00:00:00-04:00,68.63999938964844,69.7300033569336,68.41999816894531,69.41999816894531,54.879417419433594,1606600,0.0,0.0
2016-08-22 00:00:00-04:00,69.29000091552734,69.62999725341797,69.05000305175781,69.44000244140625,54.89522933959961,993100,0.0,0.0
2016-08-23 00:00:00-04:00,69.79000091552734,69.86000061035156,69.31999969482422,69.4000015258789,54.86359405517578,1056900,0.0,0.0
2016-08-24 00:00:00-04:00,69.51000213623047,69.80000305175781,69.2300033569336,69.6500015258789,55.06122589111328,1063000,0.0,0.0
2016-08-25 00:00:00-04:00,69.38999938964844,69.62999725341797,68.79000091552734,68.87000274658203,54.44461441040039,898600,0.0,0.0
2016-08-26 00:00:00-04:00,69.02999877929688,69.69999694824219,68.52999877929688,68.77999877929688,54.37346267700195,976900,0.0,0.0
2016-08-29 00:00:00-04:00,68.77999877929688,69.44000244140625,68.7300033569336,69.43000030517578,54.887325286865234,768200,0.0,0.0
2016-08-30 00:00:00-04:00,69.4800033569336,69.70999908447266,69.37999725341797,69.5199966430664,54.95845413208008,707700,0.0,0.0
2016-08-31 00:00:00-04:00,69.05999755859375,69.58000183105469,68.94999694824219,69.41999816894531,55.22097396850586,1066100,0.43,0.0
2016-09-01 00:00:00-04:00,69.55999755859375,71.80999755859375,69.55999755859375,71.04000091552734,56.50961685180664,3754000,0.0,0.0
2016-09-02 00:00:00-04:00,71.36000061035156,71.97000122070312,70.8499984741211,71.31999969482422,56.73234558105469,1323600,0.0,0.0
2016-09-06 00:00:00-04:00,71.16000366210938,71.16000366210938,69.5999984741211,70.30999755859375,55.92892074584961,1200000,0.0,0.0
2016-09-07 00:00:00-04:00,70.33000183105469,70.61000061035156,70.01000213623047,70.22000122070312,55.85733413696289,957700,0.0,0.0
2016-09-08 00:00:00-04:00,70.36000061035156,70.7300033569336,69.70999908447266,70.06999969482422,55.73801803588867,1173300,0.0,0.0
2016-09-09 00:00:00-04:00,69.91000366210938,70.6500015258789,68.88999938964844,68.9000015258789,54.80733871459961,992000,0.0,0.0
2016-09-12 00:00:00-04:00,67.83999633789062,69.2300033569336,67.76000213623047,69.01000213623047,54.89482879638672,1356500,0.0,0.0
2016-09-13 00:00:00-04:00,68.56999969482422,69.19000244140625,67.47000122070312,67.76000213623047,53.90049743652344,1519600,0.0,0.0
2016-09-14 00:00:00-04:00,68.02999877929688,68.19999694824219,67.04000091552734,67.2699966430664,53.51071548461914,1142900,0.0,0.0
2016-09-15 00:00:00-04:00,67.27999877929688,67.55999755859375,67.04000091552734,67.36000061035156,53.58232498168945,1138000,0.0,0.0
2016-09-16 00:00:00-04:00,67.25,67.55999755859375,66.70999908447266,67.52999877929688,53.71754837036133,1665700,0.0,0.0
2016-09-19 00:00:00-04:00,67.9000015258789,67.9000015258789,67.25,67.27999877929688,53.5186767578125,822000,0.0,0.0
2016-09-20 00:00:00-04:00,67.80999755859375,68.11000061035156,67.23999786376953,68.04000091552734,54.123226165771484,1007600,0.0,0.0
2016-09-21 00:00:00-04:00,68.5199966430664,68.56999969482422,67.95999908447266,68.54000091552734,54.520965576171875,934400,0.0,0.0
2016-09-22 00:00:00-04:00,68.7300033569336,69.45999908447266,68.5999984741211,69.25,55.085731506347656,1495700,0.0,0.0
2016-09-23 00:00:00-04:00,69.12000274658203,69.66999816894531,68.5,69.58999633789062,55.356197357177734,1478700,0.0,0.0
2016-09-26 00:00:00-04:00,69.3499984741211,69.80999755859375,69.22000122070312,69.54000091552734,55.31643295288086,1147800,0.0,0.0
2016-09-27 00:00:00-04:00,69.52999877929688,70.13999938964844,69.0999984741211,70.12000274658203,55.77779006958008,999800,0.0,0.0
2016-09-28 00:00:00-04:00,70.20999908447266,70.51000213623047,69.58999633789062,70.25,55.88119125366211,1039500,0.0,0.0
2016-09-29 00:00:00-04:00,70.2300033569336,70.8499984741211,70.06999969482422,70.30999755859375,55.92892074584961,1402900,0.0,0.0
2016-09-30 00:00:00-04:00,70.72000122070312,71.06999969482422,70.37999725341797,70.45999908447266,56.04825210571289,1412900,0.0,0.0
2016-10-03 00:00:00-04:00,70.38999938964844,70.63999938964844,69.56999969482422,70.5,56.0800666809082,1387300,0.0,0.0
2016-10-04 00:00:00-04:00,70.66000366210938,70.83000183105469,69.93000030517578,70.19999694824219,55.841426849365234,953700,0.0,0.0
2016-10-05 00:00:00-04:00,70.58000183105469,70.58000183105469,69.87999725341797,70.18000030517578,55.82552719116211,1280400,0.0,0.0
2016-10-06 00:00:00-04:00,69.77999877929688,70.3499984741211,69.5,70.26000213623047,55.88915252685547,1298200,0.0,0.0
2016-10-07 00:00:00-04:00,70.5,70.58000183105469,69.9800033569336,70.33999633789062,55.95280075073242,1043800,0.0,0.0
2016-10-10 00:00:00-04:00,70.48999786376953,71.11000061035156,70.30999755859375,70.9000015258789,56.39826202392578,1024000,0.0,0.0
2016-10-11 00:00:00-04:00,70.75,71.04000091552734,70.38999938964844,70.70999908447266,56.24711608886719,1494700,0.0,0.0
2016-10-12 00:00:00-04:00,70.68000030517578,70.69999694824219,70.06999969482422,70.38999938964844,55.9925651550293,1281000,0.0,0.0
2016-10-13 00:00:00-04:00,70.0,70.37999725341797,69.8499984741211,70.30999755859375,55.92892074584961,919200,0.0,0.0
2016-10-14 00:00:00-04:00,70.55999755859375,70.94999694824219,70.12999725341797,70.26000213623047,55.88915252685547,1348600,0.0,0.0
2016-10-17 00:00:00-04:00,68.5,68.97000122070312,67.61000061035156,68.66999816894531,54.624366760253906,3417400,0.0,0.0
2016-10-18 00:00:00-04:00,69.19000244140625,70.44999694824219,68.62000274658203,68.80000305175781,54.727787017822266,1500800,0.0,0.0
2016-10-19 00:00:00-04:00,69.06999969482422,69.06999969482422,68.51000213623047,68.76000213623047,54.69596862792969,1073700,0.0,0.0
2016-10-20 00:00:00-04:00,68.63999938964844,68.97000122070312,68.47000122070312,68.75,54.68801498413086,1164200,0.0,0.0
2016-10-21 00:00:00-04:00,68.26000213623047,69.05000305175781,68.12000274658203,68.86000061035156,54.77549362182617,989800,0.0,0.0
2016-10-24 00:00:00-04:00,68.87999725341797,69.38999938964844,68.72000122070312,69.12000274658203,54.98233413696289,1165100,0.0,0.0
2016-10-25 00:00:00-04:00,68.54000091552734,69.56999969482422,67.76000213623047,69.43000030517578,55.22893524169922,2282400,0.0,0.0
2016-10-26 00:00:00-04:00,65.93000030517578,67.87999725341797,65.56999969482422,67.30000305175781,53.534584045410156,4499600,0.0,0.0
2016-10-27 00:00:00-04:00,67.47000122070312,67.86000061035156,67.01000213623047,67.43000030517578,53.63801193237305,2173200,0.0,0.0
2016-10-28 00:00:00-04:00,67.63999938964844,67.8499984741211,66.97000122070312,67.58999633789062,53.7652702331543,1586500,0.0,0.0
2016-10-31 00:00:00-04:00,67.9800033569336,68.25,67.58999633789062,68.12000274658203,54.18685531616211,2026800,0.0,0.0
2016-11-01 00:00:00-04:00,68.12000274658203,68.5199966430664,67.93000030517578,68.41999816894531,54.425506591796875,1504000,0.0,0.0
2016-11-02 00:00:00-04:00,68.44000244140625,68.86000061035156,68.20999908447266,68.45999908447266,54.457332611083984,1651900,0.0,0.0
2016-11-03 00:00:00-04:00,68.69999694824219,69.19999694824219,68.47000122070312,68.94000244140625,54.83913803100586,1339000,0.0,0.0
2016-11-04 00:00:00-04:00,69.12999725341797,69.27999877929688,68.33999633789062,68.69000244140625,54.64027404785156,1345500,0.0,0.0
2016-11-07 00:00:00-05:00,69.26000213623047,70.4800033569336,69.26000213623047,70.45999908447266,56.04825210571289,1312900,0.0,0.0
2016-11-08 00:00:00-05:00,70.63999938964844,70.7300033569336,69.5,70.48999786376953,56.07210159301758,1497700,0.0,0.0
2016-11-09 00:00:00-05:00,70.01000213623047,71.58999633789062,69.18000030517578,71.44999694824219,56.83574676513672,1242400,0.0,0.0
2016-11-10 00:00:00-05:00,71.55999755859375,73.6500015258789,71.55999755859375,72.80000305175781,57.90961837768555,1486600,0.0,0.0
2016-11-11 00:00:00-05:00,72.55000305175781,73.72000122070312,72.3499984741211,73.58000183105469,58.53007507324219,1551400,0.0,0.0
2016-11-14 00:00:00-05:00,73.93000030517578,74.33000183105469,73.37999725341797,73.51000213623047,58.47441101074219,2431000,0.0,0.0
2016-11-15 00:00:00-05:00,73.5199966430664,74.08999633789062,73.30999755859375,74.08000183105469,58.92781066894531,1429100,0.0,0.0
2016-11-16 00:00:00-05:00,73.81999969482422,74.30999755859375,73.58000183105469,74.18000030517578,59.00738525390625,1523200,0.0,0.0
2016-11-17 00:00:00-05:00,74.19999694824219,74.41999816894531,73.01000213623047,74.01000213623047,58.87213897705078,1194100,0.0,0.0
2016-11-18 00:00:00-05:00,73.88999938964844,74.58999633789062,73.70999908447266,74.4000015258789,59.18235778808594,2426900,0.0,0.0
2016-11-21 00:00:00-05:00,74.66999816894531,74.87999725341797,73.94999694824219,74.37000274658203,59.158504486083984,1840000,0.0,0.0
2016-11-22 00:00:00-05:00,73.91000366210938,74.37999725341797,73.75,73.94000244140625,58.81644058227539,2067100,0.0,0.0
2016-11-23 00:00:00-05:00,74.04000091552734,74.22000122070312,73.55999755859375,74.12000274658203,58.95962905883789,1072400,0.0,0.0
2016-11-25 00:00:00-05:00,74.2300033569336,74.81999969482422,74.11000061035156,74.30000305175781,59.10282516479492,705100,0.0,0.0
2016-11-28 00:00:00-05:00,74.31999969482422,74.88999938964844,74.12999725341797,74.20999908447266,59.031192779541016,1642300,0.0,0.0
2016-11-29 00:00:00-05:00,74.37999725341797,75.19999694824219,74.3499984741211,74.9800033569336,59.64373779296875,1450600,0.0,0.0
2016-11-30 00:00:00-05:00,75.04000091552734,75.4000015258789,74.72000122070312,74.8499984741211,59.54031753540039,1504100,0.0,0.0
2016-12-01 00:00:00-05:00,74.81999969482422,75.18000030517578,74.31999969482422,74.86000061035156,59.54825973510742,1440100,0.0,0.0
2016-12-02 00:00:00-05:00,75.08999633789062,75.51000213623047,74.0,74.04000091552734,58.895992279052734,1530000,0.0,0.0
2016-12-05 00:00:00-05:00,74.44000244140625,75.56999969482422,74.22000122070312,75.38999938964844,59.969879150390625,2429200,0.0,0.0
2016-12-06 00:00:00-05:00,75.55999755859375,75.76000213623047,74.98999786376953,75.55999755859375,60.10509490966797,1434300,0.0,0.0
2016-12-07 00:00:00-05:00,75.69000244140625,76.73999786376953,75.29000091552734,76.72000122070312,61.02782440185547,1756000,0.0,0.0
2016-12-08 00:00:00-05:00,76.73999786376953,77.5,75.58000183105469,77.47000122070312,61.62443923950195,1274800,0.0,0.0
2016-12-09 00:00:00-05:00,77.48999786376953,77.88999938964844,76.5199966430664,77.04000091552734,61.282386779785156,1417500,0.0,0.0
2016-12-12 00:00:00-05:00,77.05999755859375,77.44999694824219,76.58000183105469,77.25,61.44942092895508,1210700,0.0,0.0
2016-12-13 00:00:00-05:00,77.37999725341797,77.81999969482422,76.94000244140625,77.05999755859375,61.29828643798828,1560200,0.0,0.0
2016-12-14 00:00:00-05:00,77.2699966430664,77.56999969482422,76.43000030517578,76.62000274658203,60.94828414916992,1563300,0.0,0.0
2016-12-15 00:00:00-05:00,76.44000244140625,76.5999984741211,73.77999877929688,74.30999755859375,59.459991455078125,3268100,0.45,0.0
2016-12-16 00:00:00-05:00,74.16999816894531,74.97000122070312,72.55999755859375,73.11000061035156,58.49980163574219,2834100,0.0,0.0
2016-12-19 00:00:00-05:00,73.05000305175781,74.72000122070312,72.73999786376953,74.62000274658203,59.70804977416992,2129200,0.0,0.0
2016-12-20 00:00:00-05:00,74.61000061035156,75.11000061035156,74.38999938964844,74.52999877929688,59.63601303100586,1159600,0.0,0.0
2016-12-21 00:00:00-05:00,74.20999908447266,74.87999725341797,74.13999938964844,74.62999725341797,59.7160530090332,1102700,0.0,0.0
2016-12-22 00:00:00-05:00,74.2300033569336,74.69000244140625,74.16000366210938,74.47000122070312,59.58803176879883,671600,0.0,0.0
2016-12-23 00:00:00-05:00,74.5999984741211,74.80999755859375,74.30000305175781,74.54000091552734,59.6440315246582,420000,0.0,0.0
2016-12-27 00:00:00-05:00,74.6500015258789,75.0199966430664,74.19999694824219,74.4800033569336,59.596012115478516,581300,0.0,0.0
2016-12-28 00:00:00-05:00,74.69000244140625,74.76000213623047,73.45999908447266,73.47000122070312,58.78787612915039,906100,0.0,0.0
2016-12-29 00:00:00-05:00,73.68000030517578,73.94999694824219,73.51000213623047,73.7300033569336,58.99589538574219,835900,0.0,0.0
2016-12-30 00:00:00-05:00,74.0199966430664,74.12999725341797,73.01000213623047,73.26000213623047,58.619834899902344,989100,0.0,0.0
2017-01-03 00:00:00-05:00,73.5,73.80000305175781,72.16999816894531,72.8499984741211,58.291751861572266,1851800,0.0,0.0
2017-01-04 00:00:00-05:00,72.86000061035156,74.0,72.63999938964844,72.98999786376953,58.403751373291016,1012700,0.0,0.0
2017-01-05 00:00:00-05:00,72.79000091552734,73.81999969482422,72.58999633789062,73.73999786376953,59.00388717651367,1122100,0.0,0.0
2017-01-06 00:00:00-05:00,73.66999816894531,74.30999755859375,73.44999694824219,74.1500015258789,59.33199691772461,782500,0.0,0.0
2017-01-09 00:00:00-05:00,73.77999877929688,74.18000030517578,73.08999633789062,73.16000366210938,58.53982162475586,857600,0.0,0.0
2017-01-10 00:00:00-05:00,73.12000274658203,73.72000122070312,72.83999633789062,73.13999938964844,58.52381134033203,651700,0.0,0.0
2017-01-11 00:00:00-05:00,73.01000213623047,73.62999725341797,72.93000030517578,73.44000244140625,58.763851165771484,668200,0.0,0.0
2017-01-12 00:00:00-05:00,73.36000061035156,73.51000213623047,72.88999938964844,73.44000244140625,58.763851165771484,843900,0.0,0.0
2017-01-13 00:00:00-05:00,73.55000305175781,73.6500015258789,73.16000366210938,73.37999725341797,58.7158317565918,1036600,0.0,0.0
2017-01-17 00:00:00-05:00,73.18000030517578,73.93000030517578,72.9000015258789,73.55999755859375,58.85984802246094,720200,0.0,0.0
2017-01-18 00:00:00-05:00,73.58000183105469,74.44999694824219,72.94999694824219,74.05000305175781,59.251956939697266,1187900,0.0,0.0
2017-01-19 00:00:00-05:00,74.1500015258789,74.1500015258789,73.1500015258789,73.37000274658203,58.70783233642578,1198700,0.0,0.0
2017-01-20 00:00:00-05:00,73.51000213623047,73.91000366210938,72.91999816894531,73.5999984741211,58.891883850097656,1251900,0.0,0.0
2017-01-23 00:00:00-05:00,73.43000030517578,73.72000122070312,73.19000244140625,73.68000030517578,58.95589828491211,1615200,0.0,0.0
2017-01-24 00:00:00-05:00,73.94999694824219,75.0199966430664,73.51000213623047,74.66000366210938,59.74005126953125,1168400,0.0,0.0
2017-01-25 00:00:00-05:00,75.0,75.08000183105469,74.12999725341797,74.68000030517578,59.75605392456055,982000,0.0,0.0
2017-01-26 00:00:00-05:00,74.44999694824219,75.91000366210938,74.41999816894531,75.75,60.61223602294922,1416600,0.0,0.0
2017-01-27 00:00:00-05:00,75.87000274658203,77.6500015258789,75.58000183105469,77.58000183105469,62.0765266418457,2487800,0.0,0.0
2017-01-30 00:00:00-05:00,77.36000061035156,77.36000061035156,76.33000183105469,76.51000213623047,61.22032928466797,2616100,0.0,0.0
2017-01-31 00:00:00-05:00,76.73999786376953,76.73999786376953,75.75,76.05999755859375,60.860260009765625,1653800,0.0,0.0
2017-02-01 00:00:00-05:00,74.5999984741211,76.0,73.2699966430664,75.11000061035156,60.10012435913086,2936100,0.0,0.0
2017-02-02 00:00:00-05:00,74.86000061035156,75.55999755859375,74.45999908447266,74.94000244140625,59.964088439941406,1452300,0.0,0.0
2017-02-03 00:00:00-05:00,75.11000061035156,75.83000183105469,75.0,75.55000305175781,60.45219802856445,944100,0.0,0.0
2017-02-06 00:00:00-05:00,75.44999694824219,75.88999938964844,74.75,74.83000183105469,59.876094818115234,895300,0.0,0.0
2017-02-07 00:00:00-05:00,75.31999969482422,75.87000274658203,75.0199966430664,75.62000274658203,60.50820541381836,1128500,0.0,0.0
2017-02-08 00:00:00-05:00,75.69999694824219,76.22000122070312,75.20999908447266,76.12999725341797,60.91629409790039,785000,0.0,0.0
2017-02-09 00:00:00-05:00,75.95999908447266,76.30000305175781,75.58000183105469,75.62000274658203,60.50820541381836,1724800,0.0,0.0
2017-02-10 00:00:00-05:00,75.91999816894531,76.81999969482422,75.91000366210938,76.55999755859375,61.260372161865234,726100,0.0,0.0
2017-02-13 00:00:00-05:00,76.66999816894531,77.16999816894531,76.61000061035156,76.9800033569336,61.596397399902344,869000,0.0,0.0
2017-02-14 00:00:00-05:00,76.97000122070312,77.25,76.55999755859375,77.19999694824219,61.772464752197266,931100,0.0,0.0
2017-02-15 00:00:00-05:00,77.25,77.94000244140625,77.11000061035156,77.87999725341797,62.316585540771484,885200,0.0,0.0
2017-02-16 00:00:00-05:00,77.87999725341797,78.05999755859375,77.44000244140625,78.05999755859375,62.460575103759766,1091100,0.0,0.0
2017-02-17 00:00:00-05:00,77.95999908447266,79.08999633789062,77.19999694824219,79.05999755859375,63.26074981689453,1755900,0.0,0.0
2017-02-21 00:00:00-05:00,78.91999816894531,79.56999969482422,78.77999877929688,79.41999816894531,63.54880142211914,1388700,0.0,0.0
2017-02-22 00:00:00-05:00,79.37000274658203,79.45999908447266,78.86000061035156,79.41000366210938,63.54081726074219,1232000,0.0,0.0
2017-02-23 00:00:00-05:00,79.45999908447266,79.87999725341797,79.20999908447266,79.45999908447266,63.580814361572266,1294100,0.0,0.0
2017-02-24 00:00:00-05:00,79.11000061035156,80.2300033569336,78.87999725341797,80.12999725341797,64.11691284179688,1386600,0.0,0.0
2017-02-27 00:00:00-05:00,80.08000183105469,80.3499984741211,79.66000366210938,80.2300033569336,64.19696044921875,1080400,0.0,0.0
2017-02-28 00:00:00-05:00,80.12000274658203,80.47000122070312,80.0199966430664,80.37000274658203,64.30895233154297,1651000,0.0,0.0
2017-03-01 00:00:00-05:00,80.66999816894531,81.16000366210938,80.38999938964844,80.86000061035156,65.06536102294922,1499300,0.45,0.0
2017-03-02 00:00:00-05:00,81.12000274658203,81.12000274658203,80.20999908447266,80.52999877929688,64.7998046875,881400,0.0,0.0
2017-03-03 00:00:00-05:00,80.5199966430664,80.86000061035156,79.27999877929688,79.7699966430664,64.1882553100586,1049800,0.0,0.0
2017-03-06 00:00:00-05:00,78.86000061035156,79.6500015258789,78.86000061035156,79.27999877929688,63.79396057128906,1413100,0.0,0.0
2017-03-07 00:00:00-05:00,79.1500015258789,79.52999877929688,78.87000274658203,78.94000244140625,63.52040481567383,931200,0.0,0.0
2017-03-08 00:00:00-05:00,79.16000366210938,79.41000366210938,78.37999725341797,78.7300033569336,63.35140609741211,1183000,0.0,0.0
2017-03-09 00:00:00-05:00,78.7699966430664,79.0199966430664,78.33000183105469,78.5199966430664,63.18244552612305,729100,0.0,0.0
2017-03-10 00:00:00-05:00,78.8499984741211,79.41999816894531,78.44999694824219,79.33999633789062,63.842281341552734,668400,0.0,0.0
2017-03-13 00:00:00-04:00,79.33000183105469,79.62000274658203,78.62000274658203,79.30999755859375,63.81813430786133,580500,0.0,0.0
2017-03-14 00:00:00-04:00,79.20999908447266,79.26000213623047,78.30999755859375,78.55999755859375,63.21461868286133,575000,0.0,0.0
2017-03-15 00:00:00-04:00,78.72000122070312,79.16000366210938,78.30000305175781,78.54000091552734,63.198509216308594,1440900,0.0,0.0
2017-03-16 00:00:00-04:00,78.5,78.86000061035156,78.11000061035156,78.20999908447266,62.932987213134766,740700,0.0,0.0
2017-03-17 00:00:00-04:00,78.19000244140625,79.12999725341797,77.80999755859375,78.91999816894531,63.50433349609375,1483900,0.0,0.0
2017-03-20 00:00:00-04:00,78.91000366210938,79.04000091552734,78.5199966430664,78.93000030517578,63.512386322021484,937900,0.0,0.0
2017-03-21 00:00:00-04:00,79.06999969482422,79.4000015258789,78.18000030517578,78.36000061035156,63.05370330810547,1114900,0.0,0.0
2017-03-22 00:00:00-04:00,78.54000091552734,78.69999694824219,77.69999694824219,78.08999633789062,62.8364372253418,823400,0.0,0.0
2017-03-23 00:00:00-04:00,78.16000366210938,78.58999633789062,77.66000366210938,77.68000030517578,62.50651550292969,620900,0.0,0.0
2017-03-24 00:00:00-04:00,77.75,78.16999816894531,77.26000213623047,77.47000122070312,62.33753967285156,1374200,0.0,0.0
2017-03-27 00:00:00-04:00,76.93000030517578,77.37999725341797,76.33999633789062,77.0199966430664,61.975433349609375,993600,0.0,0.0
2017-03-28 00:00:00-04:00,77.0199966430664,77.91999816894531,76.58999633789062,77.5199966430664,62.37776565551758,1193900,0.0,0.0
2017-03-29 00:00:00-04:00,77.33999633789062,77.75,76.22000122070312,77.29000091552734,62.192691802978516,902300,0.0,0.0
2017-03-30 00:00:00-04:00,77.25,77.87999725341797,76.94999694824219,77.6500015258789,62.48237609863281,1118200,0.0,0.0
2017-03-31 00:00:00-04:00,77.4800033569336,78.02999877929688,77.2300033569336,77.29000091552734,62.192691802978516,1385300,0.0,0.0
2017-04-03 00:00:00-04:00,77.5199966430664,78.12999725341797,76.4800033569336,76.70999908447266,61.725975036621094,1573000,0.0,0.0
2017-04-04 00:00:00-04:00,76.75,77.1500015258789,76.41000366210938,76.86000061035156,61.8466682434082,1012700,0.0,0.0
2017-04-05 00:00:00-04:00,76.80000305175781,77.2300033569336,76.31999969482422,76.41000366210938,61.484596252441406,1122900,0.0,0.0
2017-04-06 00:00:00-04:00,76.58000183105469,77.45999908447266,75.95999908447266,76.27999877929688,61.379974365234375,1323800,0.0,0.0
2017-04-07 00:00:00-04:00,76.36000061035156,76.5999984741211,75.55999755859375,75.7300033569336,60.93743133544922,1536000,0.0,0.0
2017-04-10 00:00:00-04:00,75.81999969482422,76.66999816894531,75.69999694824219,76.23999786376953,61.347774505615234,1187700,0.0,0.0
2017-04-11 00:00:00-04:00,75.66000366210938,76.05999755859375,75.20999908447266,75.75,60.953521728515625,1225300,0.0,0.0
2017-04-12 00:00:00-04:00,75.77999877929688,75.77999877929688,74.69999694824219,74.79000091552734,60.1810188293457,1145000,0.0,0.0
2017-04-13 00:00:00-04:00,74.1500015258789,75.1500015258789,74.1500015258789,74.45999908447266,59.91549301147461,1571900,0.0,0.0
2017-04-17 00:00:00-04:00,74.52999877929688,75.86000061035156,74.41999816894531,75.66999816894531,60.889137268066406,1605700,0.0,0.0
2017-04-18 00:00:00-04:00,75.55999755859375,75.62999725341797,75.16999816894531,75.29000091552734,60.58335494995117,1067000,0.0,0.0
2017-04-19 00:00:00-04:00,75.5,75.88999938964844,75.19999694824219,75.33999633789062,60.623619079589844,797100,0.0,0.0
2017-04-20 00:00:00-04:00,75.58000183105469,76.54000091552734,74.29000091552734,76.44999694824219,61.51676559448242,1042200,0.0,0.0
2017-04-21 00:00:00-04:00,76.97000122070312,77.0999984741211,75.58999633789062,76.54000091552734,61.58921813964844,1582100,0.0,0.0
2017-04-24 00:00:00-04:00,77.0,77.83000183105469,76.9000015258789,77.58999633789062,62.434078216552734,1840100,0.0,0.0
2017-04-25 00:00:00-04:00,77.7300033569336,78.30999755859375,77.47000122070312,77.69999694824219,62.52260208129883,1374900,0.0,0.0
2017-04-26 00:00:00-04:00,73.16000366210938,74.2699966430664,72.43000030517578,72.80999755859375,58.5877799987793,5513900,0.0,0.0
2017-04-27 00:00:00-04:00,72.83000183105469,73.29000091552734,72.51000213623047,72.80999755859375,58.5877799987793,1692800,0.0,0.0
2017-04-28 00:00:00-04:00,72.87999725341797,73.16000366210938,72.52999877929688,72.69999694824219,58.49927520751953,1904200,0.0,0.0
2017-05-01 00:00:00-04:00,73.16000366210938,73.19000244140625,72.54000091552734,72.55000305175781,58.37856674194336,846400,0.0,0.0
2017-05-02 00:00:00-04:00,72.80000305175781,72.91000366210938,72.43000030517578,72.72000122070312,58.51536560058594,865900,0.0,0.0
2017-05-03 00:00:00-04:00,72.6500015258789,72.98999786376953,72.31999969482422,72.77999877929688,58.563655853271484,833600,0.0,0.0
2017-05-04 00:00:00-04:00,73.02999877929688,73.02999877929688,72.44999694824219,72.55999755859375,58.386619567871094,1210900,0.0,0.0
2017-05-05 00:00:00-04:00,72.93000030517578,73.37999725341797,72.79000091552734,73.3499984741211,59.02230453491211,917600,0.0,0.0
2017-05-08 00:00:00-04:00,73.19000244140625,73.29000091552734,71.29000091552734,71.45999908447266,57.50149917602539,1673900,0.0,0.0
2017-05-09 00:00:00-04:00,71.37000274658203,71.41000366210938,70.58000183105469,70.86000061035156,57.0186882019043,2040700,0.0,0.0
2017-05-10 00:00:00-04:00,70.98999786376953,71.47000122070312,69.98999786376953,70.16999816894531,56.46347427368164,2878600,0.0,0.0
2017-05-11 00:00:00-04:00,69.87999725341797,70.2699966430664,69.25,69.77999877929688,56.149635314941406,1655700,0.0,0.0
2017-05-12 00:00:00-04:00,69.52999877929688,69.87999725341797,68.87000274658203,69.3499984741211,55.80363464355469,1557700,0.0,0.0
2017-05-15 00:00:00-04:00,69.29000091552734,69.81999969482422,68.68000030517578,69.47000122070312,55.90019607543945,1051600,0.0,0.0
2017-05-16 00:00:00-04:00,69.33000183105469,69.75,69.29000091552734,69.5999984741211,56.00480270385742,1288600,0.0,0.0
2017-05-17 00:00:00-04:00,69.04000091552734,69.55000305175781,67.47000122070312,67.83999633789062,54.588584899902344,1999800,0.0,0.0
2017-05-18 00:00:00-04:00,67.69999694824219,68.98999786376953,67.5,68.05999755859375,54.765625,1783400,0.0,0.0
2017-05-19 00:00:00-04:00,68.16000366210938,68.16000366210938,67.08000183105469,67.36000061035156,54.20235824584961,2306700,0.0,0.0
2017-05-22 00:00:00-04:00,67.37999725341797,68.0999984741211,67.26000213623047,68.08000183105469,54.78171157836914,1453200,0.0,0.0
2017-05-23 00:00:00-04:00,68.1500015258789,68.36000061035156,67.73999786376953,68.33999633789062,54.99092483520508,885300,0.0,0.0
2017-05-24 00:00:00-04:00,68.43000030517578,68.61000061035156,68.01000213623047,68.37999725341797,55.02311706542969,1187500,0.0,0.0
2017-05-25 00:00:00-04:00,68.12000274658203,68.37999725341797,67.63999938964844,67.91000366210938,54.644920349121094,1894100,0.0,0.0
2017-05-26 00:00:00-04:00,67.7300033569336,67.9800033569336,66.97000122070312,67.04000091552734,53.94486618041992,1303200,0.0,0.0
2017-05-30 00:00:00-04:00,67.08999633789062,67.62000274658203,66.5999984741211,67.2699966430664,54.12993240356445,1613300,0.0,0.0
2017-05-31 00:00:00-04:00,67.01000213623047,67.18000030517578,66.33000183105469,67.01000213623047,54.283851623535156,2353700,0.45,0.0
2017-06-01 00:00:00-04:00,67.30999755859375,67.72000122070312,66.91999816894531,67.58000183105469,54.74560546875,1584700,0.0,0.0
2017-06-02 00:00:00-04:00,67.62999725341797,67.97000122070312,67.31999969482422,67.62000274658203,54.77799606323242,1038800,0.0,0.0
2017-06-05 00:00:00-04:00,67.41000366210938,67.93000030517578,67.22000122070312,67.26000213623047,54.48637771606445,1036000,0.0,0.0
2017-06-06 00:00:00-04:00,67.13999938964844,67.36000061035156,66.7300033569336,67.12000274658203,54.37296676635742,736100,0.0,0.0
2017-06-07 00:00:00-04:00,67.31999969482422,67.38999938964844,66.98999786376953,67.2300033569336,54.46207046508789,932900,0.0,0.0
2017-06-08 00:00:00-04:00,67.18000030517578,67.37999725341797,66.9000015258789,66.97000122070312,54.25144958496094,1237200,0.0,0.0
2017-06-09 00:00:00-04:00,66.86000061035156,67.91000366210938,66.77999877929688,67.86000061035156,54.972415924072266,1026200,0.0,0.0
2017-06-12 00:00:00-04:00,67.7699966430664,69.0999984741211,67.68000030517578,68.81999969482422,55.75011444091797,1557400,0.0,0.0
2017-06-13 00:00:00-04:00,69.08000183105469,69.31999969482422,68.66000366210938,69.08999633789062,55.968833923339844,1083200,0.0,0.0
2017-06-14 00:00:00-04:00,69.30000305175781,69.33000183105469,67.77999877929688,67.83999633789062,54.95622253417969,1288500,0.0,0.0
2017-06-15 00:00:00-04:00,67.48999786376953,69.5,67.48999786376953,69.44999694824219,56.26045608520508,1559100,0.0,0.0
2017-06-16 00:00:00-04:00,69.19000244140625,70.12999725341797,69.19000244140625,70.04000091552734,56.73841857910156,2388700,0.0,0.0
2017-06-19 00:00:00-04:00,70.0,70.4000015258789,69.66000366210938,70.0999984741211,56.78700637817383,1079100,0.0,0.0
2017-06-20 00:00:00-04:00,69.98999786376953,70.05000305175781,68.38999938964844,68.4000015258789,55.40987014770508,1061100,0.0,0.0
2017-06-21 00:00:00-04:00,68.27999877929688,69.81999969482422,67.0,67.16999816894531,54.413475036621094,1469800,0.0,0.0
2017-06-22 00:00:00-04:00,67.19000244140625,68.02999877929688,66.95999908447266,67.30000305175781,54.51877975463867,1324800,0.0,0.0
2017-06-23 00:00:00-04:00,67.30999755859375,67.73999786376953,66.95999908447266,66.98999786376953,54.26765441894531,1249700,0.0,0.0
2017-06-26 00:00:00-04:00,67.16000366210938,67.69000244140625,66.81999969482422,67.58000183105469,54.74560546875,843000,0.0,0.0
2017-06-27 00:00:00-04:00,67.5999984741211,68.0,67.29000091552734,67.33000183105469,54.54307556152344,914000,0.0,0.0
2017-06-28 00:00:00-04:00,67.73999786376953,68.2699966430664,67.29000091552734,67.33000183105469,54.54307556152344,1487800,0.0,0.0
2017-06-29 00:00:00-04:00,67.33000183105469,67.63999938964844,67.1500015258789,67.55000305175781,54.72129821777344,1188600,0.0,0.0
2017-06-30 00:00:00-04:00,67.76000213623047,68.94999694824219,67.6500015258789,68.68000030517578,55.63668441772461,1115600,0.0,0.0
2017-07-03 00:00:00-04:00,69.12999725341797,70.4800033569336,68.87999725341797,70.08000183105469,56.77082443237305,1533100,0.0,0.0
2017-07-05 00:00:00-04:00,69.91999816894531,70.05000305175781,68.7300033569336,68.76000213623047,55.70149612426758,1666000,0.0,0.0
2017-07-06 00:00:00-04:00,68.4800033569336,68.4800033569336,67.63999938964844,67.68000030517578,54.826602935791016,1375400,0.0,0.0
2017-07-07 00:00:00-04:00,67.83000183105469,68.16999816894531,67.47000122070312,67.97000122070312,55.06153869628906,1147900,0.0,0.0
2017-07-10 00:00:00-04:00,68.02999877929688,69.0199966430664,67.87999725341797,68.2300033569336,55.272159576416016,1158600,0.0,0.0
2017-07-11 00:00:00-04:00,68.47000122070312,68.62000274658203,67.7699966430664,68.5999984741211,55.571895599365234,945600,0.0,0.0
2017-07-12 00:00:00-04:00,68.95999908447266,69.19999694824219,68.58000183105469,68.87000274658203,55.79062271118164,1158600,0.0,0.0
2017-07-13 00:00:00-04:00,68.80000305175781,68.83999633789062,68.23999786376953,68.76000213623047,55.70149612426758,945100,0.0,0.0
2017-07-14 00:00:00-04:00,69.06999969482422,69.6500015258789,68.7300033569336,69.45999908447266,56.2685661315918,964400,0.0,0.0
2017-07-17 00:00:00-04:00,68.08999633789062,69.05000305175781,67.8499984741211,68.88999938964844,55.80680847167969,2382800,0.0,0.0
2017-07-18 00:00:00-04:00,68.87999725341797,69.55000305175781,68.55999755859375,69.5,56.30096435546875,1527200,0.0,0.0
2017-07-19 00:00:00-04:00,69.52999877929688,70.05000305175781,68.56999969482422,68.69000244140625,55.64479446411133,2404100,0.0,0.0
2017-07-20 00:00:00-04:00,63.619998931884766,65.33999633789062,63.40999984741211,65.01000213623047,52.6636848449707,8858400,0.0,0.0
2017-07-21 00:00:00-04:00,64.81999969482422,65.83000183105469,64.81999969482422,65.55999755859375,53.10922622680664,3162500,0.0,0.0
2017-07-24 00:00:00-04:00,65.69999694824219,65.75,65.12999725341797,65.62000274658203,53.15782928466797,1798800,0.0,0.0
2017-07-25 00:00:00-04:00,66.0999984741211,66.56999969482422,65.6500015258789,65.93000030517578,53.408958435058594,2578800,0.0,0.0
2017-07-26 00:00:00-04:00,67.29000091552734,67.47000122070312,65.63999938964844,65.91000366210938,53.39277648925781,1711900,0.0,0.0
2017-07-27 00:00:00-04:00,65.94000244140625,65.94000244140625,65.0199966430664,65.45999908447266,53.02821731567383,1981400,0.0,0.0
2017-07-28 00:00:00-04:00,65.48999786376953,65.8499984741211,64.97000122070312,65.25,52.85809326171875,1401500,0.0,0.0
2017-07-31 00:00:00-04:00,65.52999877929688,65.87999725341797,65.30999755859375,65.61000061035156,53.14972686767578,1323900,0.0,0.0
2017-08-01 00:00:00-04:00,65.6500015258789,65.76000213623047,64.61000061035156,64.9800033569336,52.6393928527832,1542700,0.0,0.0
2017-08-02 00:00:00-04:00,65.02999877929688,65.83999633789062,64.97000122070312,65.61000061035156,53.14972686767578,1053200,0.0,0.0
2017-08-03 00:00:00-04:00,65.41000366210938,65.7300033569336,64.93000030517578,65.69999694824219,53.222633361816406,1106900,0.0,0.0
2017-08-04 00:00:00-04:00,65.77999877929688,67.41000366210938,65.66000366210938,67.22000122070312,54.45397186279297,2295500,0.0,0.0
2017-08-07 00:00:00-04:00,67.12000274658203,67.38999938964844,66.06999969482422,66.54000091552734,53.90312576293945,2561600,0.0,0.0
2017-08-08 00:00:00-04:00,66.37999725341797,66.98999786376953,66.0199966430664,66.75,54.07322692871094,1668200,0.0,0.0
2017-08-09 00:00:00-04:00,66.6500015258789,66.68000030517578,65.95999908447266,66.12999725341797,53.570987701416016,1885500,0.0,0.0
2017-08-10 00:00:00-04:00,66.0,66.30000305175781,65.55000305175781,66.11000061035156,53.55478286743164,1890700,0.0,0.0
2017-08-11 00:00:00-04:00,66.58999633789062,66.66999816894531,65.56999969482422,65.62999725341797,53.165924072265625,1289200,0.0,0.0
2017-08-14 00:00:00-04:00,65.86000061035156,67.27999877929688,65.79000091552734,67.13999938964844,54.38916015625,1786100,0.0,0.0
2017-08-15 00:00:00-04:00,67.19999694824219,68.23999786376953,66.98999786376953,68.0199966430664,55.10203552246094,1741500,0.0,0.0
2017-08-16 00:00:00-04:00,68.27999877929688,68.91000366210938,67.45999908447266,68.01000213623047,55.09393310546875,1573700,0.0,0.0
2017-08-17 00:00:00-04:00,67.80000305175781,68.52999877929688,66.83000183105469,66.88999938964844,54.186641693115234,1480000,0.0,0.0
2017-08-18 00:00:00-04:00,66.91000366210938,67.25,66.56999969482422,66.77999877929688,54.0975341796875,2777600,0.0,0.0
2017-08-21 00:00:00-04:00,66.95999908447266,66.95999908447266,66.13999938964844,66.86000061035156,54.16233825683594,1518100,0.0,0.0
2017-08-22 00:00:00-04:00,66.8499984741211,67.19000244140625,66.52999877929688,67.0999984741211,54.35675048828125,1078200,0.0,0.0
2017-08-23 00:00:00-04:00,66.98999786376953,67.16999816894531,66.43000030517578,67.08999633789062,54.348663330078125,939300,0.0,0.0
2017-08-24 00:00:00-04:00,67.29000091552734,67.73999786376953,66.76000213623047,66.87000274658203,54.170448303222656,1070600,0.0,0.0
2017-08-25 00:00:00-04:00,67.05999755859375,69.37000274658203,66.87000274658203,69.06999969482422,55.95262908935547,2003900,0.0,0.0
2017-08-28 00:00:00-04:00,69.5,71.12000274658203,69.4000015258789,71.05000305175781,57.55661392211914,3135900,0.0,0.0
2017-08-29 00:00:00-04:00,70.69000244140625,72.19999694824219,70.56999969482422,71.56999969482422,57.977840423583984,2945800,0.0,0.0
2017-08-30 00:00:00-04:00,72.30000305175781,74.54000091552734,72.26000213623047,73.05999755859375,59.55935287475586,4058900,0.45,0.0
2017-08-31 00:00:00-04:00,73.0,73.05999755859375,70.58000183105469,70.62999725341797,57.57838439941406,2689800,0.0,0.0
2017-09-01 00:00:00-04:00,70.69000244140625,71.01000213623047,70.12000274658203,70.16999816894531,57.20341491699219,1397800,0.0,0.0
2017-09-05 00:00:00-04:00,70.93000030517578,72.19000244140625,70.93000030517578,71.79000091552734,58.5240364074707,1948200,0.0,0.0
2017-09-06 00:00:00-04:00,72.08999633789062,73.19000244140625,71.86000061035156,72.7699966430664,59.32293701171875,2167500,0.0,0.0
2017-09-07 00:00:00-04:00,72.7699966430664,73.61000061035156,72.68000030517578,73.2699966430664,59.73054504394531,1369200,0.0,0.0
2017-09-08 00:00:00-04:00,73.25,73.98999786376953,72.87999725341797,73.73999786376953,60.113685607910156,804800,0.0,0.0
2017-09-11 00:00:00-04:00,73.68000030517578,73.97000122070312,72.16999816894531,72.83000183105469,59.371864318847656,2013300,0.0,0.0
2017-09-12 00:00:00-04:00,72.69000244140625,73.27999877929688,72.13999938964844,72.79000091552734,59.339237213134766,1245700,0.0,0.0
2017-09-13 00:00:00-04:00,72.91000366210938,72.91000366210938,72.1500015258789,72.27999877929688,58.92348861694336,1324600,0.0,0.0
2017-09-14 00:00:00-04:00,71.87000274658203,71.87999725341797,70.22000122070312,70.7699966430664,57.692508697509766,3375500,0.0,0.0
2017-09-15 00:00:00-04:00,70.6500015258789,71.55999755859375,70.2300033569336,71.44999694824219,58.246864318847656,2340100,0.0,0.0
2017-09-18 00:00:00-04:00,71.5999984741211,72.30000305175781,71.30999755859375,72.25,58.89903259277344,1155600,0.0,0.0
2017-09-19 00:00:00-04:00,72.37000274658203,72.87000274658203,72.1500015258789,72.5999984741211,59.184364318847656,1041200,0.0,0.0
2017-09-20 00:00:00-04:00,72.94999694824219,73.26000213623047,72.3499984741211,72.79000091552734,59.339237213134766,1852800,0.0,0.0
2017-09-21 00:00:00-04:00,72.87000274658203,73.4000015258789,72.5199966430664,73.0,59.51044464111328,1051300,0.0,0.0
2017-09-22 00:00:00-04:00,73.16000366210938,73.80000305175781,72.80000305175781,73.12999725341797,59.61643600463867,1098000,0.0,0.0
2017-09-25 00:00:00-04:00,73.29000091552734,73.94000244140625,72.91999816894531,73.91999816894531,60.26042938232422,1043700,0.0,0.0
2017-09-26 00:00:00-04:00,74.0,75.11000061035156,73.48999786376953,74.88999938964844,61.05120086669922,1945300,0.0,0.0
2017-09-27 00:00:00-04:00,75.16999816894531,75.7300033569336,74.93000030517578,75.68000030517578,61.69520568847656,2092800,0.0,0.0
2017-09-28 00:00:00-04:00,75.69000244140625,76.01000213623047,75.25,75.4800033569336,61.532161712646484,974100,0.0,0.0
2017-09-29 00:00:00-04:00,75.37000274658203,76.16000366210938,75.25,76.0999984741211,62.03759765625,1348600,0.0,0.0
2017-10-02 00:00:00-04:00,76.27999877929688,77.37999725341797,75.62000274658203,77.30000305175781,63.01585388183594,1999100,0.0,0.0
2017-10-03 00:00:00-04:00,76.97000122070312,77.08000183105469,76.05000305175781,76.12999725341797,62.06205749511719,2354800,0.0,0.0
2017-10-04 00:00:00-04:00,76.04000091552734,76.1500015258789,74.30000305175781,75.0199966430664,61.15715789794922,1979400,0.0,0.0
2017-10-05 00:00:00-04:00,74.79000091552734,76.1500015258789,74.61000061035156,76.05000305175781,61.996822357177734,1869100,0.0,0.0
2017-10-06 00:00:00-04:00,75.93000030517578,76.56999969482422,75.66999816894531,76.5199966430664,62.37996292114258,1283800,0.0,0.0
2017-10-09 00:00:00-04:00,76.55000305175781,76.7300033569336,75.38999938964844,75.44999694824219,61.50770568847656,819500,0.0,0.0
2017-10-10 00:00:00-04:00,77.73999786376953,78.86000061035156,76.86000061035156,77.08999633789062,62.84465789794922,2527000,0.0,0.0
2017-10-11 00:00:00-04:00,76.98999786376953,77.43000030517578,76.43000030517578,76.69999694824219,62.52670669555664,857900,0.0,0.0
2017-10-12 00:00:00-04:00,76.93000030517578,77.25,76.41000366210938,77.18000030517578,62.918033599853516,1062300,0.0,0.0
2017-10-13 00:00:00-04:00,78.58000183105469,78.94000244140625,77.1500015258789,77.26000213623047,62.98324966430664,1655200,0.0,0.0
2017-10-16 00:00:00-04:00,78.12999725341797,78.69999694824219,76.47000122070312,77.33000183105469,63.04030990600586,1553200,0.0,0.0
2017-10-17 00:00:00-04:00,77.05999755859375,77.30000305175781,75.94999694824219,76.0199966430664,61.97235870361328,1586800,0.0,0.0
2017-10-18 00:00:00-04:00,75.94999694824219,77.66999816894531,75.93000030517578,77.33999633789062,63.04846954345703,1601000,0.0,0.0
2017-10-19 00:00:00-04:00,77.26000213623047,78.05000305175781,76.75,77.9800033569336,63.570194244384766,712600,0.0,0.0
2017-10-20 00:00:00-04:00,78.37999725341797,78.69999694824219,77.62000274658203,78.30000305175781,63.831058502197266,1471000,0.0,0.0
2017-10-23 00:00:00-04:00,78.68000030517578,78.72000122070312,77.79000091552734,78.43000030517578,63.93705368041992,1052500,0.0,0.0
2017-10-24 00:00:00-04:00,78.7300033569336,79.6500015258789,77.08000183105469,78.83000183105469,64.26312255859375,1218300,0.0,0.0
2017-10-25 00:00:00-04:00,78.43000030517578,78.91000366210938,77.94000244140625,78.5999984741211,64.07563018798828,1220900,0.0,0.0
2017-10-26 00:00:00-04:00,79.62999725341797,80.83000183105469,79.16000366210938,79.58999633789062,64.8826675415039,2095400,0.0,0.0
2017-10-27 00:00:00-04:00,80.08000183105469,80.08000183105469,78.5,79.81999969482422,65.0701675415039,1649000,0.0,0.0
2017-10-30 00:00:00-04:00,79.66999816894531,80.02999877929688,78.0199966430664,78.3499984741211,63.871822357177734,1665800,0.0,0.0
2017-10-31 00:00:00-04:00,78.30000305175781,79.33000183105469,78.30000305175781,78.52999877929688,64.0185775756836,2280600,0.0,0.0
2017-11-01 00:00:00-04:00,80.9000015258789,80.94000244140625,77.83000183105469,79.33000183105469,64.67072296142578,3029700,0.0,0.0
2017-11-02 00:00:00-04:00,80.1500015258789,81.3499984741211,78.5999984741211,79.55000305175781,64.8500747680664,4220600,0.0,0.0
2017-11-03 00:00:00-04:00,79.5,80.13999938964844,78.98999786376953,79.44000244140625,64.76041412353516,2348600,0.0,0.0
2017-11-06 00:00:00-05:00,79.44999694824219,79.66000366210938,78.31999969482422,79.08000183105469,64.4669189453125,2183200,0.0,0.0
2017-11-07 00:00:00-05:00,79.48999786376953,80.80000305175781,79.0999984741211,80.5,65.62451171875,2410800,0.0,0.0
2017-11-08 00:00:00-05:00,80.26000213623047,80.93000030517578,80.0,80.62999725341797,65.73050689697266,1567400,0.0,0.0
2017-11-09 00:00:00-05:00,80.20999908447266,81.08999633789062,80.13999938964844,80.68000030517578,65.77129364013672,2254700,0.0,0.0
2017-11-10 00:00:00-05:00,80.30999755859375,80.4800033569336,80.04000091552734,80.33000183105469,65.48592376708984,1115800,0.0,0.0
2017-11-13 00:00:00-05:00,80.33999633789062,80.5,79.79000091552734,80.36000061035156,65.5103988647461,1185800,0.0,0.0
2017-11-14 00:00:00-05:00,80.0999984741211,80.61000061035156,80.0,80.37000274658203,65.51853942871094,1016500,0.0,0.0
2017-11-15 00:00:00-05:00,80.0999984741211,80.19000244140625,79.5199966430664,79.94999694824219,65.17616271972656,1103400,0.0,0.0
2017-11-16 00:00:00-05:00,80.06999969482422,80.52999877929688,79.94999694824219,80.4000015258789,65.54299926757812,924800,0.0,0.0
2017-11-17 00:00:00-05:00,78.75,79.30999755859375,77.5199966430664,78.44000244140625,63.94517517089844,2570500,0.0,0.0
2017-11-20 00:00:00-05:00,78.61000061035156,78.94000244140625,78.2300033569336,78.43000030517578,63.93705368041992,1345500,0.0,0.0
2017-11-21 00:00:00-05:00,78.58000183105469,79.0,78.30000305175781,78.79000091552734,64.23052215576172,1314600,0.0,0.0
2017-11-22 00:00:00-05:00,78.70999908447266,79.7699966430664,78.69999694824219,79.23999786376953,64.59735870361328,896800,0.0,0.0
2017-11-24 00:00:00-05:00,79.44999694824219,79.91999816894531,77.9000015258789,79.66999816894531,64.94793701171875,325500,0.0,0.0
2017-11-27 00:00:00-05:00,79.5,80.04000091552734,79.36000061035156,79.54000091552734,64.84191131591797,1068000,0.0,0.0
2017-11-28 00:00:00-05:00,80.19999694824219,81.62999725341797,79.72000122070312,81.52999877929688,66.46419525146484,1405500,0.0,0.0
2017-11-29 00:00:00-05:00,81.4000015258789,84.55999755859375,81.13999938964844,84.48999786376953,68.87724304199219,2180700,0.0,0.0
2017-11-30 00:00:00-05:00,84.3499984741211,87.16999816894531,84.3499984741211,86.6500015258789,70.63807678222656,3268500,0.0,0.0
2017-12-01 00:00:00-05:00,86.5999984741211,87.02999877929688,84.55999755859375,86.54000091552734,70.54841613769531,2029000,0.0,0.0
2017-12-04 00:00:00-05:00,87.55000305175781,89.11000061035156,86.58000183105469,86.76000213623047,70.72776794433594,2544300,0.0,0.0
2017-12-05 00:00:00-05:00,86.93000030517578,87.37000274658203,85.70999908447266,85.91999816894531,70.04296112060547,1632300,0.0,0.0
2017-12-06 00:00:00-05:00,85.72000122070312,87.33000183105469,85.45999908447266,87.1500015258789,71.04566955566406,1479800,0.0,0.0
2017-12-07 00:00:00-05:00,86.8499984741211,87.75,86.43000030517578,87.41999816894531,71.26580047607422,1708900,0.0,0.0
2017-12-08 00:00:00-05:00,87.41000366210938,88.41000366210938,87.0999984741211,88.37999725341797,72.04837799072266,1251400,0.0,0.0
2017-12-11 00:00:00-05:00,88.27999877929688,88.41999816894531,87.61000061035156,87.97000122070312,71.7141342163086,963200,0.0,0.0
2017-12-12 00:00:00-05:00,88.19000244140625,88.44000244140625,87.41999816894531,88.0,71.73860168457031,912900,0.0,0.0
2017-12-13 00:00:00-05:00,88.08999633789062,88.54000091552734,87.58000183105469,87.7699966430664,71.55111694335938,1523500,0.0,0.0
2017-12-14 00:00:00-05:00,88.05000305175781,88.05000305175781,85.62000274658203,85.79000091552734,69.93699645996094,2319500,0.0,0.0
2017-12-15 00:00:00-05:00,85.5999984741211,86.75,85.19000244140625,86.20999908447266,70.65824127197266,3197500,0.46,0.0
2017-12-18 00:00:00-05:00,86.87999725341797,87.79000091552734,86.36000061035156,87.16000366210938,71.4368896484375,1819600,0.0,0.0
2017-12-19 00:00:00-05:00,86.77999877929688,87.30999755859375,86.41999816894531,86.62999725341797,71.00247955322266,1093900,0.0,0.0
2017-12-20 00:00:00-05:00,87.31999969482422,87.66000366210938,86.72000122070312,86.75,71.10081481933594,1250500,0.0,0.0
2017-12-21 00:00:00-05:00,86.9800033569336,87.26000213623047,86.36000061035156,87.12999725341797,71.41229248046875,946700,0.0,0.0
2017-12-22 00:00:00-05:00,87.22000122070312,89.23999786376953,86.88999938964844,88.69999694824219,72.69906616210938,1351600,0.0,0.0
2017-12-26 00:00:00-05:00,88.5999984741211,89.72000122070312,88.45999908447266,88.79000091552734,72.7728271484375,741000,0.0,0.0
2017-12-27 00:00:00-05:00,88.97000122070312,89.80000305175781,88.22000122070312,89.5,73.3547592163086,674500,0.0,0.0
2017-12-28 00:00:00-05:00,89.51000213623047,89.55000305175781,88.37000274658203,89.45999908447266,73.32196807861328,756000,0.0,0.0
2017-12-29 00:00:00-05:00,89.69999694824219,89.88999938964844,89.05000305175781,89.08999633789062,73.01871490478516,637700,0.0,0.0
2018-01-02 00:00:00-05:00,89.73999786376953,90.08000183105469,88.81999969482422,89.73999786376953,73.55147552490234,988800,0.0,0.0
2018-01-03 00:00:00-05:00,89.18000030517578,89.5999984741211,88.44999694824219,89.48999786376953,73.3465805053711,1214300,0.0,0.0
2018-01-04 00:00:00-05:00,90.33999633789062,90.61000061035156,89.18000030517578,89.72000122070312,73.53506469726562,1610700,0.0,0.0
2018-01-05 00:00:00-05:00,90.08000183105469,90.66999816894531,89.2300033569336,89.56999969482422,73.41211700439453,902500,0.0,0.0
2018-01-08 00:00:00-05:00,89.38999938964844,91.20999908447266,89.38999938964844,90.77999877929688,74.40382385253906,1083100,0.0,0.0
2018-01-09 00:00:00-05:00,90.91000366210938,92.41000366210938,90.91000366210938,91.45999908447266,74.9612045288086,1932600,0.0,0.0
2018-01-10 00:00:00-05:00,91.37999725341797,92.4000015258789,91.08999633789062,91.44000244140625,74.94480895996094,1043100,0.0,0.0
2018-01-11 00:00:00-05:00,91.69000244140625,94.01000213623047,91.68000030517578,93.91999816894531,76.97740173339844,1060300,0.0,0.0
2018-01-12 00:00:00-05:00,94.02999877929688,94.51000213623047,93.22000122070312,94.27999877929688,77.2724838256836,983300,0.0,0.0
2018-01-16 00:00:00-05:00,94.5,94.95999908447266,92.77999877929688,92.97000122070312,76.19879913330078,1601300,0.0,0.0
2018-01-17 00:00:00-05:00,93.2699966430664,93.62999725341797,92.69000244140625,92.9800033569336,76.20699310302734,1104300,0.0,0.0
2018-01-18 00:00:00-05:00,93.12999725341797,94.55000305175781,92.33999633789062,93.68000030517578,76.78070068359375,1378400,0.0,0.0
2018-01-19 00:00:00-05:00,94.04000091552734,95.27999877929688,93.58999633789062,95.16000366210938,77.99372863769531,1622300,0.0,0.0
2018-01-22 00:00:00-05:00,94.87000274658203,95.66999816894531,94.08999633789062,95.43000030517578,78.21503448486328,972500,0.0,0.0
2018-01-23 00:00:00-05:00,95.2300033569336,95.6500015258789,94.33000183105469,94.9000015258789,77.78062438964844,1021500,0.0,0.0
2018-01-24 00:00:00-05:00,95.12000274658203,96.5199966430664,94.31999969482422,96.18000030517578,78.8297348022461,1765600,0.0,0.0
2018-01-25 00:00:00-05:00,96.6500015258789,98.66000366210938,96.31999969482422,96.52999877929688,79.11658477783203,2246800,0.0,0.0
2018-01-26 00:00:00-05:00,97.33999633789062,100.18000030517578,96.58000183105469,96.7300033569336,79.28052520751953,2835700,0.0,0.0
2018-01-29 00:00:00-05:00,96.29000091552734,97.62999725341797,96.06999969482422,96.30999755859375,78.93624877929688,2123200,0.0,0.0
2018-01-30 00:00:00-05:00,95.75,96.83000183105469,94.81999969482422,94.93000030517578,77.80521392822266,3124700,0.0,0.0
2018-01-31 00:00:00-05:00,91.94000244140625,95.88999938964844,90.30999755859375,91.45999908447266,74.9612045288086,7558700,0.0,0.0
2018-02-01 00:00:00-05:00,91.25,92.68000030517578,90.18000030517578,91.9800033569336,75.38736724853516,2107300,0.0,0.0
2018-02-02 00:00:00-05:00,91.16999816894531,92.26000213623047,90.55999755859375,91.79000091552734,75.23163604736328,2045700,0.0,0.0
2018-02-05 00:00:00-05:00,91.23999786376953,92.12000274658203,90.29000091552734,90.33000183105469,74.03502655029297,2989200,0.0,0.0
2018-02-06 00:00:00-05:00,88.9800033569336,91.37999725341797,88.04000091552734,90.7699966430664,74.3956527709961,2467000,0.0,0.0
2018-02-07 00:00:00-05:00,90.47000122070312,93.6500015258789,90.47000122070312,92.56999969482422,75.87091827392578,2069300,0.0,0.0
2018-02-08 00:00:00-05:00,92.66999816894531,93.13999938964844,90.47000122070312,90.47000122070312,74.14977264404297,1641300,0.0,0.0
2018-02-09 00:00:00-05:00,90.83999633789062,91.26000213623047,87.16000366210938,89.3499984741211,73.23182678222656,2591400,0.0,0.0
2018-02-12 00:00:00-05:00,89.9000015258789,91.33000183105469,89.36000061035156,91.18000030517578,74.73168182373047,1357100,0.0,0.0
2018-02-13 00:00:00-05:00,90.7699966430664,93.25,90.4000015258789,92.72000122070312,75.99388122558594,1181400,0.0,0.0
2018-02-14 00:00:00-05:00,90.72000122070312,93.22000122070312,90.04000091552734,92.43000030517578,75.75621032714844,1482300,0.0,0.0
2018-02-15 00:00:00-05:00,92.54000091552734,92.94999694824219,91.44000244140625,92.94999694824219,76.1823959350586,1382500,0.0,0.0
2018-02-16 00:00:00-05:00,92.87999725341797,93.51000213623047,92.33000183105469,92.62000274658203,75.91193389892578,875700,0.0,0.0
2018-02-20 00:00:00-05:00,92.5,92.95999908447266,89.63999938964844,89.97000122070312,73.73997497558594,1204400,0.0,0.0
2018-02-21 00:00:00-05:00,90.01000213623047,91.56999969482422,90.01000213623047,90.18000030517578,73.91207122802734,1219900,0.0,0.0
2018-02-22 00:00:00-05:00,90.61000061035156,91.06999969482422,89.86000061035156,90.08999633789062,73.83830261230469,982000,0.0,0.0
2018-02-23 00:00:00-05:00,90.31999969482422,92.66999816894531,90.1500015258789,92.62999725341797,75.92013549804688,1003400,0.0,0.0
2018-02-26 00:00:00-05:00,93.0,94.66999816894531,92.41999816894531,94.62999725341797,77.55935668945312,854100,0.0,0.0
2018-02-27 00:00:00-05:00,94.80999755859375,95.66999816894531,93.45999908447266,93.47000122070312,76.60860443115234,1147400,0.0,0.0
2018-02-28 00:00:00-05:00,93.72000122070312,94.69000244140625,92.98999786376953,93.36000061035156,76.51844024658203,1573000,0.0,0.0
2018-03-01 00:00:00-05:00,92.70999908447266,93.19000244140625,89.54000091552734,89.69999694824219,73.88272094726562,1863300,0.46,0.0
2018-03-02 00:00:00-05:00,88.54000091552734,89.94999694824219,88.1500015258789,89.51000213623047,73.72620391845703,1418600,0.0,0.0
2018-03-05 00:00:00-05:00,89.20999908447266,89.97000122070312,87.75,89.77999877929688,73.94857788085938,1303700,0.0,0.0
2018-03-06 00:00:00-05:00,90.16999816894531,90.83999633789062,89.63999938964844,89.98999786376953,74.12158203125,941200,0.0,0.0
2018-03-07 00:00:00-05:00,89.11000061035156,90.2300033569336,87.94999694824219,90.01000213623047,74.13805389404297,1183500,0.0,0.0
2018-03-08 00:00:00-05:00,90.12999725341797,90.37999725341797,89.23999786376953,89.5999984741211,73.80033874511719,1045700,0.0,0.0
2018-03-09 00:00:00-05:00,90.01000213623047,91.79000091552734,89.26000213623047,91.73999786376953,75.56298065185547,1630600,0.0,0.0
2018-03-12 00:00:00-04:00,92.04000091552734,92.51000213623047,90.69999694824219,91.02999877929688,74.9781723022461,783600,0.0,0.0
2018-03-13 00:00:00-04:00,91.41000366210938,92.2699966430664,90.95999908447266,91.70999908447266,75.53825378417969,937000,0.0,0.0
2018-03-14 00:00:00-04:00,91.76000213623047,91.80999755859375,89.58999633789062,89.73999786376953,73.9156723022461,946800,0.0,0.0
2018-03-15 00:00:00-04:00,89.9800033569336,90.7300033569336,89.69999694824219,90.27999877929688,74.36042022705078,752500,0.0,0.0
2018-03-16 00:00:00-04:00,90.61000061035156,92.44999694824219,90.08000183105469,92.13999938964844,75.89244842529297,1817300,0.0,0.0
2018-03-19 00:00:00-04:00,92.12000274658203,94.05999755859375,91.86000061035156,92.62999725341797,76.2960433959961,1255700,0.0,0.0
2018-03-20 00:00:00-04:00,92.87000274658203,93.62999725341797,92.05000305175781,93.06999969482422,76.65845489501953,716200,0.0,0.0
2018-03-21 00:00:00-04:00,93.0999984741211,94.43000030517578,93.04000091552734,93.62000274658203,77.11148071289062,904600,0.0,0.0
2018-03-22 00:00:00-04:00,92.87999725341797,93.94999694824219,91.20999908447266,92.66000366210938,76.3207778930664,1229000,0.0,0.0
2018-03-23 00:00:00-04:00,92.58000183105469,93.31999969482422,90.79000091552734,90.86000061035156,74.83818817138672,1517600,0.0,0.0
2018-03-26 00:00:00-04:00,91.94000244140625,93.05000305175781,91.69000244140625,92.76000213623047,76.40312957763672,927000,0.0,0.0
2018-03-27 00:00:00-04:00,92.93000030517578,93.70999908447266,91.25,91.55999755859375,75.41470336914062,943400,0.0,0.0
2018-03-28 00:00:00-04:00,91.76000213623047,92.19999694824219,90.66000366210938,91.69000244140625,75.52181243896484,847200,0.0,0.0
2018-03-29 00:00:00-04:00,91.87999725341797,94.12999725341797,91.87999725341797,93.70999908447266,77.18561553955078,1333200,0.0,0.0
2018-04-02 00:00:00-04:00,93.52999877929688,93.69000244140625,91.62999725341797,92.2300033569336,75.96658325195312,1614100,0.0,0.0
2018-04-03 00:00:00-04:00,92.5999984741211,93.68000030517578,92.19999694824219,93.62999725341797,77.11971282958984,1298500,0.0,0.0
2018-04-04 00:00:00-04:00,92.58000183105469,94.58000183105469,92.43000030517578,94.36000061035156,77.72099304199219,1114900,0.0,0.0
2018-04-05 00:00:00-04:00,94.95999908447266,94.9800033569336,92.23999786376953,93.29000091552734,76.83965301513672,1688400,0.0,0.0
2018-04-06 00:00:00-04:00,92.76000213623047,93.0999984741211,89.76000213623047,90.4800033569336,74.5251693725586,1507300,0.0,0.0
2018-04-09 00:00:00-04:00,90.62999725341797,92.48999786376953,90.44999694824219,91.56999969482422,75.4229736328125,1083200,0.0,0.0
2018-04-10 00:00:00-04:00,92.87000274658203,94.37999725341797,92.69999694824219,94.12000274658203,77.52332305908203,1655500,0.0,0.0
2018-04-11 00:00:00-04:00,93.6500015258789,94.27999877929688,93.12999725341797,93.94999694824219,77.38327026367188,728800,0.0,0.0
2018-04-12 00:00:00-04:00,94.23999786376953,96.30999755859375,94.1500015258789,95.41000366210938,78.58583068847656,1218700,0.0,0.0
2018-04-13 00:00:00-04:00,95.43000030517578,95.98999786376953,93.87999725341797,94.2699966430664,77.6468505859375,1290300,0.0,0.0
2018-04-16 00:00:00-04:00,97.05000305175781,98.66000366210938,96.02999877929688,97.62000274658203,80.4061279296875,2290900,0.0,0.0
2018-04-17 00:00:00-04:00,98.33999633789062,98.5,95.22000122070312,96.02999877929688,79.09649658203125,1794300,0.0,0.0
2018-04-18 00:00:00-04:00,96.58000183105469,96.58000183105469,94.94000244140625,94.94000244140625,78.19869995117188,1834700,0.0,0.0
2018-04-19 00:00:00-04:00,94.48999786376953,95.31999969482422,94.08000183105469,94.29000091552734,77.66332244873047,2094800,0.0,0.0
2018-04-20 00:00:00-04:00,94.62000274658203,94.62999725341797,93.16999816894531,93.68000030517578,77.16088104248047,1151500,0.0,0.0
2018-04-23 00:00:00-04:00,93.51000213623047,94.36000061035156,93.0199966430664,93.70999908447266,77.18561553955078,1048000,0.0,0.0
2018-04-24 00:00:00-04:00,94.23999786376953,94.55000305175781,91.5,92.36000061035156,76.07365417480469,1267400,0.0,0.0
2018-04-25 00:00:00-04:00,92.55000305175781,93.12000274658203,92.16000366210938,92.58999633789062,76.26309204101562,1180000,0.0,0.0
2018-04-26 00:00:00-04:00,93.06999969482422,93.33000183105469,90.29000091552734,91.31999969482422,75.2170639038086,1882400,0.0,0.0
2018-04-27 00:00:00-04:00,91.27999877929688,92.16000366210938,90.76000213623047,92.0,75.77713012695312,972800,0.0,0.0
2018-04-30 00:00:00-04:00,92.08999633789062,92.73999786376953,91.80999755859375,92.02999877929688,75.80184936523438,1456000,0.0,0.0
2018-05-01 00:00:00-04:00,92.04000091552734,92.19000244140625,90.12999725341797,90.6500015258789,74.6651840209961,1660100,0.0,0.0
2018-05-02 00:00:00-04:00,84.5,86.6500015258789,82.48999786376953,82.9000015258789,68.28179168701172,4962300,0.0,0.0
2018-05-03 00:00:00-04:00,82.37999725341797,83.83000183105469,80.83000183105469,82.5999984741211,68.03469848632812,2740400,0.0,0.0
2018-05-04 00:00:00-04:00,81.6500015258789,82.86000061035156,80.87999725341797,82.54000091552734,67.98528289794922,1449900,0.0,0.0
2018-05-07 00:00:00-04:00,82.9000015258789,83.2300033569336,81.98999786376953,82.43000030517578,67.8946762084961,1203600,0.0,0.0
2018-05-08 00:00:00-04:00,82.58000183105469,84.48999786376953,82.37000274658203,83.93000030517578,69.13015747070312,1712600,0.0,0.0
2018-05-09 00:00:00-04:00,84.06999969482422,84.55999755859375,83.25,83.48999786376953,68.76776885986328,1376600,0.0,0.0
2018-05-10 00:00:00-04:00,83.80999755859375,84.7300033569336,83.58000183105469,84.58000183105469,69.66554260253906,1506100,0.0,0.0
2018-05-11 00:00:00-04:00,84.80000305175781,86.80999755859375,84.5999984741211,86.44000244140625,71.19758605957031,1383100,0.0,0.0
2018-05-14 00:00:00-04:00,86.63999938964844,86.95999908447266,85.27999877929688,85.68000030517578,70.57157135009766,1045300,0.0,0.0
2018-05-15 00:00:00-04:00,85.3499984741211,85.70999908447266,84.73999786376953,85.18000030517578,70.15972900390625,1454900,0.0,0.0
2018-05-16 00:00:00-04:00,85.22000122070312,86.08999633789062,85.08999633789062,85.73999786376953,70.62100982666016,1025000,0.0,0.0
2018-05-17 00:00:00-04:00,85.86000061035156,87.97000122070312,85.77999877929688,87.55999755859375,72.12006378173828,1729300,0.0,0.0
2018-05-18 00:00:00-04:00,87.48999786376953,89.23999786376953,87.2699966430664,88.5,72.89430236816406,1752600,0.0,0.0
2018-05-21 00:00:00-04:00,88.7699966430664,90.22000122070312,88.5,89.91000366210938,74.05569458007812,947800,0.0,0.0
2018-05-22 00:00:00-04:00,89.7699966430664,90.23999786376953,88.16999816894531,88.3499984741211,72.77075958251953,1229000,0.0,0.0
2018-05-23 00:00:00-04:00,87.98999786376953,87.98999786376953,86.83999633789062,87.44000244140625,72.02123260498047,1615400,0.0,0.0
2018-05-24 00:00:00-04:00,87.48999786376953,88.25,87.41999816894531,88.0,72.48246765136719,929000,0.0,0.0
2018-05-25 00:00:00-04:00,87.80999755859375,88.38999938964844,87.68000030517578,88.2300033569336,72.67192840576172,670800,0.0,0.0
2018-05-29 00:00:00-04:00,87.91000366210938,88.26000213623047,86.81999969482422,87.93000030517578,72.42479705810547,963200,0.0,0.0
2018-05-30 00:00:00-04:00,88.3499984741211,90.05000305175781,88.2300033569336,89.43000030517578,73.66031646728516,942000,0.0,0.0
2018-05-31 00:00:00-04:00,88.94999694824219,89.1500015258789,86.94000244140625,87.0,72.02930450439453,1295300,0.46,0.0
2018-06-01 00:00:00-04:00,87.62000274658203,88.2699966430664,87.01000213623047,87.5199966430664,72.45982360839844,1113900,0.0,0.0
2018-06-04 00:00:00-04:00,87.33999633789062,88.5999984741211,87.08999633789062,87.95999908447266,72.82412719726562,3034100,0.0,0.0
2018-06-05 00:00:00-04:00,88.2699966430664,88.5999984741211,87.51000213623047,87.83999633789062,72.7247543334961,1822600,0.0,0.0
2018-06-06 00:00:00-04:00,87.72000122070312,88.12000274658203,87.20999908447266,87.80000305175781,72.691650390625,1487500,0.0,0.0
2018-06-07 00:00:00-04:00,88.20999908447266,88.51000213623047,87.80000305175781,87.98999786376953,72.84895324707031,962500,0.0,0.0
2018-06-08 00:00:00-04:00,87.91000366210938,88.58999633789062,87.81999969482422,88.31999969482422,73.1221694946289,1212000,0.0,0.0
2018-06-11 00:00:00-04:00,88.47000122070312,89.18000030517578,88.01000213623047,88.68000030517578,73.42021942138672,1023100,0.0,0.0
2018-06-12 00:00:00-04:00,88.88999938964844,91.11000061035156,88.69000244140625,90.83000183105469,75.20026397705078,1544000,0.0,0.0
2018-06-13 00:00:00-04:00,91.06999969482422,91.75,90.47000122070312,90.79000091552734,75.1671371459961,1311800,0.0,0.0
2018-06-14 00:00:00-04:00,90.93000030517578,90.9800033569336,90.26000213623047,90.43000030517578,74.86907958984375,551400,0.0,0.0
2018-06-15 00:00:00-04:00,90.13999938964844,90.55999755859375,87.44000244140625,90.08999633789062,74.58759307861328,1414100,0.0,0.0
2018-06-18 00:00:00-04:00,89.54000091552734,90.98999786376953,88.73999786376953,90.62999725341797,75.03467559814453,1385400,0.0,0.0
2018-06-19 00:00:00-04:00,90.31999969482422,90.4800033569336,88.73999786376953,89.9800033569336,74.49652099609375,1529900,0.0,0.0
2018-06-20 00:00:00-04:00,89.98999786376953,90.87999725341797,89.54000091552734,90.2699966430664,74.73661041259766,867800,0.0,0.0
2018-06-21 00:00:00-04:00,90.37999725341797,90.37999725341797,89.58999633789062,89.79000091552734,74.33921813964844,1433500,0.0,0.0
2018-06-22 00:00:00-04:00,90.0,90.30999755859375,88.37000274658203,88.61000061035156,73.36227416992188,1235900,0.0,0.0
2018-06-25 00:00:00-04:00,88.22000122070312,88.22000122070312,85.08000183105469,85.58999633789062,70.8619384765625,1645100,0.0,0.0
2018-06-26 00:00:00-04:00,86.0,86.6500015258789,84.58999633789062,84.88999938964844,70.28237915039062,1021700,0.0,0.0
2018-06-27 00:00:00-04:00,84.94999694824219,86.83000183105469,83.69999694824219,83.72000122070312,69.31373596191406,923500,0.0,0.0
2018-06-28 00:00:00-04:00,83.47000122070312,83.94999694824219,82.2300033569336,83.52999877929688,69.15641021728516,1157600,0.0,0.0
2018-06-29 00:00:00-04:00,83.58999633789062,84.70999908447266,83.58999633789062,83.66000366210938,69.26405334472656,1494600,0.0,0.0
2018-07-02 00:00:00-04:00,83.66000366210938,85.69000244140625,83.66000366210938,85.62000274658203,70.88677978515625,1605100,0.0,0.0
2018-07-03 00:00:00-04:00,85.75,86.66000366210938,84.79000091552734,84.98999786376953,70.36518096923828,1009700,0.0,0.0
2018-07-05 00:00:00-04:00,85.36000061035156,85.48999786376953,83.75,84.4000015258789,69.876708984375,1633700,0.0,0.0
2018-07-06 00:00:00-04:00,84.22000122070312,84.77999877929688,83.69999694824219,84.45999908447266,69.9263916015625,1346500,0.0,0.0
2018-07-09 00:00:00-04:00,84.75,86.05000305175781,84.55000305175781,85.86000061035156,71.08545684814453,1350400,0.0,0.0
2018-07-10 00:00:00-04:00,85.87000274658203,86.33000183105469,85.41999816894531,85.87999725341797,71.10203552246094,722000,0.0,0.0
2018-07-11 00:00:00-04:00,86.5199966430664,86.91000366210938,85.38999938964844,85.83999633789062,71.06892395019531,947500,0.0,0.0
2018-07-12 00:00:00-04:00,86.04000091552734,86.1500015258789,85.3499984741211,85.83000183105469,71.06062316894531,858700,0.0,0.0
2018-07-13 00:00:00-04:00,86.69999694824219,87.0199966430664,85.80000305175781,86.73999786376953,71.81405639648438,1007700,0.0,0.0
2018-07-16 00:00:00-04:00,87.19999694824219,88.80000305175781,86.25,87.30000305175781,72.2776870727539,1692700,0.0,0.0
2018-07-17 00:00:00-04:00,87.0999984741211,88.06999969482422,87.0999984741211,87.69999694824219,72.60887908935547,1266100,0.0,0.0
2018-07-18 00:00:00-04:00,87.79000091552734,89.19999694824219,87.3499984741211,88.83999633789062,73.55267333984375,786700,0.0,0.0
2018-07-19 00:00:00-04:00,88.44999694824219,90.16999816894531,88.16999816894531,89.58999633789062,74.17362213134766,1552000,0.0,0.0
2018-07-20 00:00:00-04:00,89.5,90.56999969482422,89.12000274658203,90.31999969482422,74.77800750732422,894000,0.0,0.0
2018-07-23 00:00:00-04:00,90.31999969482422,91.1500015258789,89.08000183105469,89.63999938964844,74.21500396728516,1231900,0.0,0.0
2018-07-24 00:00:00-04:00,90.0,90.41999816894531,88.93000030517578,89.9800033569336,74.49652099609375,1236700,0.0,0.0
2018-07-25 00:00:00-04:00,90.19000244140625,91.87999725341797,89.86000061035156,91.75,75.96194458007812,1052000,0.0,0.0
2018-07-26 00:00:00-04:00,91.69000244140625,92.27999877929688,89.9800033569336,91.8499984741211,76.04473876953125,1454500,0.0,0.0
2018-07-27 00:00:00-04:00,91.80000305175781,92.48999786376953,90.77999877929688,91.44999694824219,75.71356201171875,1016900,0.0,0.0
2018-07-30 00:00:00-04:00,91.30000305175781,92.5,90.0,90.47000122070312,74.90221405029297,1515500,0.0,0.0
2018-07-31 00:00:00-04:00,90.88999938964844,92.62999725341797,90.76000213623047,92.2300033569336,76.35935974121094,1991400,0.0,0.0
2018-08-01 00:00:00-04:00,93.80000305175781,95.9000015258789,92.37999725341797,95.37999725341797,78.96733093261719,2109700,0.0,0.0
2018-08-02 00:00:00-04:00,95.47000122070312,96.05000305175781,94.6500015258789,95.43000030517578,79.00870513916016,1306500,0.0,0.0
2018-08-03 00:00:00-04:00,95.43000030517578,96.26000213623047,93.94000244140625,95.79000091552734,79.30675506591797,1021900,0.0,0.0
2018-08-06 00:00:00-04:00,95.88999938964844,96.38999938964844,95.66000366210938,96.22000122070312,79.66275024414062,783700,0.0,0.0
2018-08-07 00:00:00-04:00,96.0,96.38999938964844,95.11000061035156,96.31999969482422,79.74552917480469,1022500,0.0,0.0
2018-08-08 00:00:00-04:00,96.12999725341797,96.76000213623047,94.97000122070312,96.06999969482422,79.53858184814453,790400,0.0,0.0
2018-08-09 00:00:00-04:00,94.58000183105469,96.18000030517578,94.54000091552734,94.75,78.4457015991211,1055100,0.0,0.0
2018-08-10 00:00:00-04:00,94.4000015258789,95.2300033569336,94.0,94.9000015258789,78.56990051269531,925300,0.0,0.0
2018-08-13 00:00:00-04:00,95.1500015258789,95.1500015258789,93.76000213623047,93.94000244140625,77.77510070800781,773100,0.0,0.0
2018-08-14 00:00:00-04:00,94.1500015258789,94.55999755859375,93.76000213623047,93.97000122070312,77.79991912841797,920100,0.0,0.0
2018-08-15 00:00:00-04:00,93.2699966430664,94.70999908447266,93.12999725341797,94.56999969482422,78.29671478271484,873000,0.0,0.0
2018-08-16 00:00:00-04:00,94.94000244140625,96.41000366210938,94.93000030517578,96.4000015258789,79.81177520751953,708600,0.0,0.0
2018-08-17 00:00:00-04:00,96.43000030517578,97.48999786376953,92.56999969482422,97.13999938964844,80.42445373535156,1009000,0.0,0.0
2018-08-20 00:00:00-04:00,97.01000213623047,97.91000366210938,96.91000366210938,97.37000274658203,80.61488342285156,800300,0.0,0.0
2018-08-21 00:00:00-04:00,97.01000213623047,97.80999755859375,96.91000366210938,97.20999908447266,80.48241424560547,790400,0.0,0.0
2018-08-22 00:00:00-04:00,97.22000122070312,98.80000305175781,97.22000122070312,97.2699966430664,80.53206634521484,681300,0.0,0.0
2018-08-23 00:00:00-04:00,97.26000213623047,97.7699966430664,96.2699966430664,96.4000015258789,79.81177520751953,569100,0.0,0.0
2018-08-24 00:00:00-04:00,96.62999725341797,96.83999633789062,96.29000091552734,96.5,79.89458465576172,484200,0.0,0.0
2018-08-27 00:00:00-04:00,96.7300033569336,97.4800033569336,96.5199966430664,96.80999755859375,80.15121459960938,820000,0.0,0.0
2018-08-28 00:00:00-04:00,96.94999694824219,97.26000213623047,96.06999969482422,96.31999969482422,79.74552917480469,560500,0.0,0.0
2018-08-29 00:00:00-04:00,96.2699966430664,96.5199966430664,95.63999938964844,96.06999969482422,79.53858184814453,592900,0.0,0.0
2018-08-30 00:00:00-04:00,94.94000244140625,96.12999725341797,94.7699966430664,95.58000183105469,79.13290405273438,689900,0.0,0.0
2018-08-31 00:00:00-04:00,95.69999694824219,96.37000274658203,95.2699966430664,96.08000183105469,79.54685974121094,939500,0.0,0.0
2018-09-04 00:00:00-04:00,95.86000061035156,97.26000213623047,95.62999725341797,96.08999633789062,79.55509948730469,826500,0.0,0.0
2018-09-05 00:00:00-04:00,95.47000122070312,97.0199966430664,95.47000122070312,96.56999969482422,79.95252990722656,1158000,0.0,0.0
2018-09-06 00:00:00-04:00,96.37000274658203,98.0,96.37000274658203,97.19999694824219,80.85928344726562,1258000,0.46,0.0
2018-09-07 00:00:00-04:00,96.94000244140625,97.72000122070312,95.86000061035156,96.44000244140625,80.22706604003906,638200,0.0,0.0
2018-09-10 00:00:00-04:00,97.04000091552734,100.20999908447266,96.12000274658203,100.18000030517578,83.33829498291016,1609100,0.0,0.0
2018-09-11 00:00:00-04:00,100.0,101.19999694824219,99.47000122070312,99.66000366210938,82.90573120117188,1238500,0.0,0.0
2018-09-12 00:00:00-04:00,99.44999694824219,99.83999633789062,98.08999633789062,99.11000061035156,82.44819641113281,592100,0.0,0.0
2018-09-13 00:00:00-04:00,99.63999938964844,99.93000030517578,98.27999877929688,98.52999877929688,81.96568298339844,844000,0.0,0.0
2018-09-14 00:00:00-04:00,98.6500015258789,100.54000091552734,98.6500015258789,100.08999633789062,83.26342010498047,988300,0.0,0.0
2018-09-17 00:00:00-04:00,100.20999908447266,100.22000122070312,95.95999908447266,96.70999908447266,80.45166778564453,1187800,0.0,0.0
2018-09-18 00:00:00-04:00,96.83999633789062,97.51000213623047,95.9800033569336,97.19000244140625,80.85099029541016,700200,0.0,0.0
2018-09-19 00:00:00-04:00,97.13999938964844,98.04000091552734,96.7300033569336,96.86000061035156,80.57646179199219,546400,0.0,0.0
2018-09-20 00:00:00-04:00,97.19000244140625,98.48999786376953,96.12000274658203,96.36000061035156,80.16051483154297,697100,0.0,0.0
2018-09-21 00:00:00-04:00,96.83000183105469,97.72000122070312,96.08999633789062,97.56999969482422,81.16707611083984,1313300,0.0,0.0
2018-09-24 00:00:00-04:00,97.2699966430664,98.06999969482422,96.11000061035156,96.36000061035156,80.16051483154297,720700,0.0,0.0
2018-09-25 00:00:00-04:00,96.33999633789062,96.62000274658203,95.5,96.19000244140625,80.01910400390625,765000,0.0,0.0
2018-09-26 00:00:00-04:00,96.58000183105469,97.87999725341797,96.30999755859375,97.2300033569336,80.88424682617188,880300,0.0,0.0
2018-09-27 00:00:00-04:00,97.3499984741211,97.9800033569336,96.87999725341797,97.38999938964844,81.01734161376953,745500,0.0,0.0
2018-09-28 00:00:00-04:00,97.16999816894531,98.04000091552734,97.08999633789062,97.91999816894531,81.45824432373047,937500,0.0,0.0
2018-10-01 00:00:00-04:00,98.66000366210938,98.94999694824219,97.44000244140625,97.83999633789062,81.39167785644531,847900,0.0,0.0
2018-10-02 00:00:00-04:00,97.94000244140625,98.11000061035156,96.83000183105469,97.05000305175781,80.73451232910156,867100,0.0,0.0
2018-10-03 00:00:00-04:00,97.3499984741211,98.5999984741211,96.81999969482422,97.93000030517578,81.4665756225586,954800,0.0,0.0
2018-10-04 00:00:00-04:00,97.81999969482422,98.62000274658203,97.22000122070312,97.54000091552734,81.14213562011719,824600,0.0,0.0
2018-10-05 00:00:00-04:00,97.29000091552734,98.13999938964844,96.37000274658203,97.27999877929688,80.92583465576172,934300,0.0,0.0
2018-10-08 00:00:00-04:00,97.41999816894531,98.12000274658203,96.62000274658203,97.76000213623047,81.32515716552734,663300,0.0,0.0
2018-10-09 00:00:00-04:00,97.73999786376953,98.16000366210938,96.1500015258789,96.25,80.06900024414062,961600,0.0,0.0
2018-10-10 00:00:00-04:00,95.98999786376953,95.98999786376953,92.54000091552734,92.55000305175781,76.99102783203125,1900900,0.0,0.0
2018-10-11 00:00:00-04:00,92.5,93.18000030517578,90.76000213623047,91.11000061035156,75.7931137084961,1401500,0.0,0.0
2018-10-12 00:00:00-04:00,92.86000061035156,93.08999633789062,89.98999786376953,91.68000030517578,76.26728820800781,1136200,0.0,0.0
2018-10-15 00:00:00-04:00,92.0999984741211,93.31999969482422,91.04000091552734,93.01000213623047,77.37369537353516,1105800,0.0,0.0
2018-10-16 00:00:00-04:00,94.0,94.62999725341797,93.5,94.19999694824219,78.36363220214844,1127100,0.0,0.0
2018-10-17 00:00:00-04:00,94.04000091552734,94.31999969482422,91.83000183105469,93.68000030517578,77.93101501464844,979200,0.0,0.0
2018-10-18 00:00:00-04:00,93.9800033569336,94.30999755859375,92.62999725341797,93.33999633789062,77.64820098876953,1210500,0.0,0.0
2018-10-19 00:00:00-04:00,93.22000122070312,93.87999725341797,90.43000030517578,90.86000061035156,75.58515930175781,1920800,0.0,0.0
2018-10-22 00:00:00-04:00,90.70999908447266,91.9800033569336,89.98999786376953,91.63999938964844,76.23399353027344,1004400,0.0,0.0
2018-10-23 00:00:00-04:00,90.0,90.54000091552734,87.58000183105469,88.4000015258789,73.5386962890625,1393000,0.0,0.0
2018-10-24 00:00:00-04:00,87.94999694824219,88.83999633789062,86.08999633789062,86.29000091552734,71.78343200683594,1129800,0.0,0.0
2018-10-25 00:00:00-04:00,86.86000061035156,88.11000061035156,86.55999755859375,87.41000366210938,72.71514129638672,1029000,0.0,0.0
2018-10-26 00:00:00-04:00,86.63999938964844,87.43000030517578,84.7699966430664,86.19000244140625,71.7002182006836,1323800,0.0,0.0
2018-10-29 00:00:00-04:00,87.19000244140625,88.41999816894531,85.87999725341797,87.05999755859375,72.4239730834961,1051800,0.0,0.0
2018-10-30 00:00:00-04:00,87.4000015258789,88.87000274658203,86.73999786376953,88.29000091552734,73.44718933105469,1628900,0.0,0.0
2018-10-31 00:00:00-04:00,88.80999755859375,92.7300033569336,87.33000183105469,89.02999877929688,74.0627670288086,3673100,0.0,0.0
2018-11-01 00:00:00-04:00,89.04000091552734,91.22000122070312,88.11000061035156,90.9000015258789,75.61839294433594,1509900,0.0,0.0
2018-11-02 00:00:00-04:00,91.45999908447266,92.3499984741211,88.19000244140625,88.69999694824219,73.78827667236328,1506000,0.0,0.0
2018-11-05 00:00:00-05:00,88.9800033569336,89.44999694824219,87.5,88.12999725341797,73.3140869140625,1226100,0.0,0.0
2018-11-06 00:00:00-05:00,88.27999877929688,89.38999938964844,88.11000061035156,88.83000183105469,73.89639282226562,1264300,0.0,0.0
2018-11-07 00:00:00-05:00,89.5,90.97000122070312,88.12999725341797,90.87000274658203,75.59345245361328,671800,0.0,0.0
2018-11-08 00:00:00-05:00,90.77999877929688,91.44999694824219,89.86000061035156,91.37000274658203,76.00940704345703,889900,0.0,0.0
2018-11-09 00:00:00-05:00,91.13999938964844,91.56999969482422,89.58000183105469,89.61000061035156,74.54527282714844,1177400,0.0,0.0
2018-11-12 00:00:00-05:00,89.44999694824219,90.38999938964844,87.9800033569336,88.1500015258789,73.33070373535156,1221300,0.0,0.0
2018-11-13 00:00:00-05:00,88.55000305175781,89.06999969482422,87.66000366210938,88.19000244140625,73.36399841308594,1076100,0.0,0.0
2018-11-14 00:00:00-05:00,88.66999816894531,90.66999816894531,88.2699966430664,90.0,74.8697280883789,1249300,0.0,0.0
2018-11-15 00:00:00-05:00,89.62000274658203,91.80000305175781,88.7699966430664,91.26000213623047,75.91789245605469,1202600,0.0,0.0
2018-11-16 00:00:00-05:00,90.94000244140625,91.5,90.05999755859375,90.80000305175781,75.53520202636719,1017300,0.0,0.0
2018-11-19 00:00:00-05:00,90.72000122070312,91.20999908447266,89.87000274658203,90.56999969482422,75.34386444091797,870600,0.0,0.0
2018-11-20 00:00:00-05:00,89.81999969482422,90.47000122070312,87.80999755859375,88.04000091552734,73.23921203613281,753600,0.0,0.0
2018-11-21 00:00:00-05:00,88.5199966430664,89.33000183105469,88.18000030517578,89.23999786376953,74.23748016357422,775500,0.0,0.0
2018-11-23 00:00:00-05:00,88.93000030517578,89.98999786376953,88.56999969482422,89.2300033569336,74.22916412353516,385300,0.0,0.0
2018-11-26 00:00:00-05:00,90.0,90.75,89.12000274658203,90.69999694824219,75.45201110839844,729700,0.0,0.0
2018-11-27 00:00:00-05:00,90.30000305175781,91.05000305175781,89.54000091552734,91.02999877929688,75.72655487060547,1083300,0.0,0.0
2018-11-28 00:00:00-05:00,91.1500015258789,92.51000213623047,91.06999969482422,91.88999938964844,76.44197845458984,1695200,0.0,0.0
2018-11-29 00:00:00-05:00,91.88999938964844,92.25,91.02999877929688,91.75,76.32551574707031,852000,0.0,0.0
2018-11-30 00:00:00-05:00,92.0,92.98999786376953,91.45999908447266,92.33000183105469,76.80799102783203,2244900,0.0,0.0
2018-12-03 00:00:00-05:00,93.5,94.33999633789062,91.26000213623047,91.47000122070312,76.09259796142578,1605500,0.0,0.0
2018-12-04 00:00:00-05:00,90.94999694824219,92.0999984741211,88.4000015258789,88.87000274658203,73.92969512939453,2165800,0.0,0.0
2018-12-06 00:00:00-05:00,88.01000213623047,90.18000030517578,87.25,90.05000305175781,74.91128540039062,1221900,0.0,0.0
2018-12-07 00:00:00-05:00,90.02999877929688,90.80999755859375,87.36000061035156,87.69000244140625,72.94806671142578,1271400,0.0,0.0
2018-12-10 00:00:00-05:00,87.58000183105469,88.11000061035156,85.19000244140625,87.81999969482422,73.05619049072266,980000,0.0,0.0
2018-12-11 00:00:00-05:00,88.73999786376953,89.16000366210938,87.41000366210938,88.06999969482422,73.26416778564453,931700,0.0,0.0
2018-12-12 00:00:00-05:00,88.9000015258789,89.55999755859375,87.81999969482422,88.12000274658203,73.30577850341797,1053600,0.0,0.0
2018-12-13 00:00:00-05:00,88.37000274658203,88.44000244140625,83.81999969482422,84.83000183105469,70.5688705444336,2178800,0.0,0.0
2018-12-14 00:00:00-05:00,83.83000183105469,85.5,83.47000122070312,84.6500015258789,70.83663177490234,1920500,0.5,0.0
2018-12-17 00:00:00-05:00,84.5999984741211,85.2699966430664,83.36000061035156,84.83999633789062,70.99563598632812,1272300,0.0,0.0
2018-12-18 00:00:00-05:00,85.41999816894531,86.26000213623047,84.63999938964844,84.9800033569336,71.11279296875,1218700,0.0,0.0
2018-12-19 00:00:00-05:00,84.44000244140625,86.86000061035156,83.68000030517578,83.87999725341797,70.1922836303711,1535500,0.0,0.0
2018-12-20 00:00:00-05:00,83.48999786376953,84.1500015258789,81.77999877929688,82.58999633789062,69.1128158569336,1759400,0.0,0.0
2018-12-21 00:00:00-05:00,82.12999725341797,83.98999786376953,80.83000183105469,80.87000274658203,67.6734619140625,2206200,0.0,0.0
2018-12-24 00:00:00-05:00,80.75,81.29000091552734,78.91999816894531,79.05999755859375,66.15880584716797,715900,0.0,0.0
2018-12-26 00:00:00-05:00,79.37000274658203,82.30000305175781,78.83000183105469,82.22000122070312,68.80318450927734,1366700,0.0,0.0
2018-12-27 00:00:00-05:00,81.20999908447266,83.44999694824219,80.80000305175781,83.33000183105469,69.73204040527344,1253800,0.0,0.0
2018-12-28 00:00:00-05:00,83.83999633789062,84.77999877929688,82.69000244140625,83.20999908447266,69.63162231445312,848900,0.0,0.0
2018-12-31 00:00:00-05:00,83.55000305175781,84.19999694824219,83.12999725341797,84.08999633789062,70.36800384521484,702800,0.0,0.0
2019-01-02 00:00:00-05:00,82.66999816894531,83.80000305175781,82.22000122070312,82.9800033569336,69.43915557861328,937200,0.0,0.0
2019-01-03 00:00:00-05:00,82.13999938964844,82.70999908447266,79.81999969482422,79.91999816894531,66.87850189208984,1127400,0.0,0.0
2019-01-04 00:00:00-05:00,80.94000244140625,83.16000366210938,80.91999816894531,82.69000244140625,69.19647216796875,1724700,0.0,0.0
2019-01-07 00:00:00-05:00,82.33999633789062,83.63999938964844,81.58000183105469,83.08999633789062,69.53120422363281,1311600,0.0,0.0
2019-01-08 00:00:00-05:00,83.58000183105469,84.05999755859375,83.01000213623047,83.76000213623047,70.09188842773438,1085800,0.0,0.0
2019-01-09 00:00:00-05:00,84.23999786376953,85.08999633789062,83.52999877929688,84.72000122070312,70.89523315429688,743600,0.0,0.0
2019-01-10 00:00:00-05:00,84.63999938964844,85.5,83.76000213623047,85.44000244140625,71.49774169921875,955400,0.0,0.0
2019-01-11 00:00:00-05:00,84.80000305175781,85.97000122070312,84.3499984741211,85.62999725341797,71.65670776367188,613200,0.0,0.0
2019-01-14 00:00:00-05:00,84.7699966430664,85.98999786376953,84.44000244140625,85.8499984741211,71.84082794189453,784800,0.0,0.0
2019-01-15 00:00:00-05:00,85.7300033569336,86.06999969482422,84.73999786376953,85.2300033569336,71.3219985961914,1037100,0.0,0.0
2019-01-16 00:00:00-05:00,85.37999725341797,85.94999694824219,84.73999786376953,85.0199966430664,71.14627838134766,843300,0.0,0.0
2019-01-17 00:00:00-05:00,84.87999725341797,86.37999725341797,84.6500015258789,86.04000091552734,71.99983215332031,1085000,0.0,0.0
2019-01-18 00:00:00-05:00,87.47000122070312,88.73999786376953,86.87999725341797,88.66999816894531,74.20063781738281,3483300,0.0,0.0
2019-01-22 00:00:00-05:00,88.12999725341797,88.63999938964844,86.3499984741211,86.94999694824219,72.76130676269531,2219900,0.0,0.0
2019-01-23 00:00:00-05:00,87.02999877929688,87.18000030517578,85.66000366210938,86.9800033569336,72.78640747070312,1282600,0.0,0.0
2019-01-24 00:00:00-05:00,87.2300033569336,87.4000015258789,86.2300033569336,86.54000091552734,72.418212890625,1014000,0.0,0.0
2019-01-25 00:00:00-05:00,87.30999755859375,87.70999908447266,86.72000122070312,87.05000305175781,72.84500885009766,1460900,0.0,0.0
2019-01-28 00:00:00-05:00,87.16999816894531,87.30999755859375,86.01000213623047,86.7699966430664,72.61067962646484,1163900,0.0,0.0
2019-01-29 00:00:00-05:00,86.61000061035156,87.2300033569336,86.20999908447266,86.61000061035156,72.47682189941406,1539000,0.0,0.0
2019-01-30 00:00:00-05:00,87.51000213623047,87.7300033569336,85.0,86.7300033569336,72.57723236083984,4158200,0.0,0.0
2019-01-31 00:00:00-05:00,86.5999984741211,87.4800033569336,85.69000244140625,86.7699966430664,72.61067962646484,1767500,0.0,0.0
2019-02-01 00:00:00-05:00,86.66999816894531,87.94999694824219,86.2300033569336,87.72000122070312,73.4056625366211,1279300,0.0,0.0
2019-02-04 00:00:00-05:00,87.66000366210938,88.62000274658203,86.91000366210938,88.62000274658203,74.15882110595703,1194800,0.0,0.0
2019-02-05 00:00:00-05:00,88.63999938964844,89.7300033569336,88.37000274658203,89.72000122070312,75.0793228149414,1279800,0.0,0.0
2019-02-06 00:00:00-05:00,89.61000061035156,91.19999694824219,89.61000061035156,90.79000091552734,75.97470092773438,1627800,0.0,0.0
2019-02-07 00:00:00-05:00,90.1500015258789,91.11000061035156,89.93000030517578,90.36000061035156,75.6148681640625,1419500,0.0,0.0
2019-02-08 00:00:00-05:00,89.95999908447266,90.48999786376953,88.87999725341797,90.36000061035156,75.6148681640625,836800,0.0,0.0
2019-02-11 00:00:00-05:00,90.20999908447266,91.12000274658203,89.94999694824219,90.08999633789062,75.38890838623047,792800,0.0,0.0
2019-02-12 00:00:00-05:00,90.70999908447266,91.69000244140625,90.44999694824219,91.01000213623047,76.15880584716797,913400,0.0,0.0
2019-02-13 00:00:00-05:00,90.87000274658203,91.08000183105469,89.88999938964844,90.9000015258789,76.0667724609375,758800,0.0,0.0
2019-02-14 00:00:00-05:00,90.41000366210938,91.4800033569336,90.19999694824219,90.69999694824219,75.8994140625,751500,0.0,0.0
2019-02-15 00:00:00-05:00,91.08999633789062,91.93000030517578,90.16999816894531,91.44999694824219,76.52703094482422,1201800,0.0,0.0
2019-02-19 00:00:00-05:00,91.12999725341797,92.44000244140625,90.94000244140625,91.94999694824219,76.94540405273438,1020400,0.0,0.0
2019-02-20 00:00:00-05:00,91.7300033569336,92.23999786376953,91.37000274658203,92.0199966430664,77.00397491455078,792000,0.0,0.0
2019-02-21 00:00:00-05:00,91.8499984741211,92.48999786376953,91.56999969482422,92.18000030517578,77.13790130615234,1035300,0.0,0.0
2019-02-22 00:00:00-05:00,92.26000213623047,92.5999984741211,91.4000015258789,91.94000244140625,76.93704223632812,711600,0.0,0.0
2019-02-25 00:00:00-05:00,92.38999938964844,92.72000122070312,90.95999908447266,91.02999877929688,76.175537109375,993000,0.0,0.0
2019-02-26 00:00:00-05:00,91.01000213623047,91.58000183105469,90.9000015258789,91.11000061035156,76.24248504638672,1771900,0.0,0.0
2019-02-27 00:00:00-05:00,90.44000244140625,90.91999816894531,89.54000091552734,90.06999969482422,75.37220764160156,960400,0.0,0.0
2019-02-28 00:00:00-05:00,89.51000213623047,90.41999816894531,89.12999725341797,90.37999725341797,76.05379486083984,949300,0.5,0.0
2019-03-01 00:00:00-05:00,91.08000183105469,91.98999786376953,89.76000213623047,90.19999694824219,75.90231323242188,1424000,0.0,0.0
2019-03-04 00:00:00-05:00,90.4000015258789,91.12999725341797,88.52999877929688,88.73999786376953,74.67374420166016,1416400,0.0,0.0
2019-03-05 00:00:00-05:00,88.9000015258789,89.12000274658203,87.95999908447266,88.83000183105469,74.74948120117188,903100,0.0,0.0
2019-03-06 00:00:00-05:00,88.98999786376953,89.30999755859375,87.5199966430664,87.98999786376953,74.04264831542969,893600,0.0,0.0
2019-03-07 00:00:00-05:00,87.68000030517578,88.19999694824219,86.87000274658203,87.47000122070312,73.60504913330078,960200,0.0,0.0
2019-03-08 00:00:00-05:00,86.94000244140625,87.58999633789062,86.1500015258789,87.44000244140625,73.579833984375,563800,0.0,0.0
2019-03-11 00:00:00-04:00,87.33000183105469,88.91000366210938,87.16999816894531,88.87000274658203,74.78316497802734,777000,0.0,0.0
2019-03-12 00:00:00-04:00,89.08000183105469,89.69999694824219,88.22000122070312,88.75,74.68218231201172,592300,0.0,0.0
2019-03-13 00:00:00-04:00,89.0,89.80999755859375,88.3499984741211,89.08000183105469,74.95985412597656,735200,0.0,0.0
2019-03-14 00:00:00-04:00,89.4000015258789,89.8499984741211,88.75,89.33999633789062,75.17864990234375,750500,0.0,0.0
2019-03-15 00:00:00-04:00,89.33999633789062,90.12999725341797,88.69000244140625,89.0,74.89254760742188,1289100,0.0,0.0
2019-03-18 00:00:00-04:00,89.0,90.08999633789062,88.83999633789062,90.08999633789062,75.80975341796875,732400,0.0,0.0
2019-03-19 00:00:00-04:00,90.13999938964844,90.20999908447266,88.05000305175781,88.30999755859375,74.31192016601562,961100,0.0,0.0
2019-03-20 00:00:00-04:00,87.9000015258789,88.62999725341797,86.44999694824219,86.63999938964844,72.90663146972656,756100,0.0,0.0
2019-03-21 00:00:00-04:00,86.47000122070312,87.5,86.04000091552734,87.27999877929688,73.4451904296875,763500,0.0,0.0
2019-03-22 00:00:00-04:00,86.94999694824219,86.94999694824219,84.63999938964844,84.68000030517578,71.25731658935547,1094900,0.0,0.0
2019-03-25 00:00:00-04:00,84.56999969482422,84.8499984741211,82.94999694824219,83.43000030517578,70.20545196533203,1619100,0.0,0.0
2019-03-26 00:00:00-04:00,83.91000366210938,85.63999938964844,83.16000366210938,85.54000091552734,71.98099517822266,1645500,0.0,0.0
2019-03-27 00:00:00-04:00,85.5999984741211,86.41000366210938,85.05000305175781,85.81999969482422,72.21661376953125,1027300,0.0,0.0
2019-03-28 00:00:00-04:00,85.9000015258789,86.8499984741211,85.7300033569336,86.27999877929688,72.60369110107422,910300,0.0,0.0
2019-03-29 00:00:00-04:00,86.55000305175781,87.05000305175781,86.3499984741211,86.98999786376953,73.20114135742188,1273400,0.0,0.0
2019-04-01 00:00:00-04:00,87.62000274658203,88.47000122070312,87.19999694824219,88.30000305175781,74.30351257324219,695500,0.0,0.0
2019-04-02 00:00:00-04:00,88.58999633789062,88.93000030517578,87.97000122070312,88.48999786376953,74.46337127685547,1268600,0.0,0.0
2019-04-03 00:00:00-04:00,88.94999694824219,90.33000183105469,88.5,88.69999694824219,74.64007568359375,1178100,0.0,0.0
2019-04-04 00:00:00-04:00,88.95999908447266,90.33000183105469,88.91999816894531,89.2300033569336,75.0860824584961,659300,0.0,0.0
2019-04-05 00:00:00-04:00,89.31999969482422,89.91999816894531,89.0199966430664,89.45999908447266,75.27960968017578,476200,0.0,0.0
2019-04-08 00:00:00-04:00,89.36000061035156,90.0,89.05000305175781,89.62000274658203,75.41426849365234,624200,0.0,0.0
2019-04-09 00:00:00-04:00,89.16000366210938,89.43000030517578,88.44999694824219,89.2300033569336,75.0860824584961,673100,0.0,0.0
2019-04-10 00:00:00-04:00,89.0999984741211,89.0999984741211,87.79000091552734,88.33000183105469,74.3287353515625,760600,0.0,0.0
2019-04-11 00:00:00-04:00,88.94999694824219,89.87000274658203,88.76000213623047,89.66999816894531,75.45634460449219,871300,0.0,0.0
2019-04-12 00:00:00-04:00,90.0,90.97000122070312,89.69999694824219,90.79000091552734,76.39881134033203,813200,0.0,0.0
2019-04-15 00:00:00-04:00,90.94000244140625,91.48999786376953,90.19999694824219,90.87999725341797,76.47454833984375,946200,0.0,0.0
2019-04-16 00:00:00-04:00,87.72000122070312,89.87999725341797,87.5,89.5199966430664,75.33013153076172,1869200,0.0,0.0
2019-04-17 00:00:00-04:00,90.0999984741211,90.13999938964844,89.33000183105469,89.47000122070312,75.28804016113281,872800,0.0,0.0
2019-04-18 00:00:00-04:00,89.7699966430664,90.88999938964844,89.30000305175781,89.98999786376953,75.72560119628906,760800,0.0,0.0
2019-04-22 00:00:00-04:00,89.58999633789062,90.2300033569336,89.29000091552734,90.16000366210938,75.86866760253906,641500,0.0,0.0
2019-04-23 00:00:00-04:00,90.58999633789062,91.43000030517578,90.22000122070312,90.7300033569336,76.34832763671875,932100,0.0,0.0
2019-04-24 00:00:00-04:00,90.6500015258789,91.97000122070312,90.6500015258789,91.41999816894531,76.92893981933594,910900,0.0,0.0
2019-04-25 00:00:00-04:00,91.27999877929688,91.27999877929688,87.87999725341797,88.58000183105469,74.53911590576172,1059900,0.0,0.0
2019-04-26 00:00:00-04:00,88.69999694824219,88.94000244140625,87.48999786376953,87.76000213623047,73.8490982055664,1893000,0.0,0.0
2019-04-29 00:00:00-04:00,87.44000244140625,87.44000244140625,80.97000122070312,81.11000061035156,68.2531967163086,3803300,0.0,0.0
2019-04-30 00:00:00-04:00,81.45999908447266,82.11000061035156,80.94999694824219,81.0,68.16060638427734,2914600,0.0,0.0
2019-05-01 00:00:00-04:00,78.62000274658203,82.43000030517578,77.72000122070312,80.7300033569336,67.93344116210938,5235600,0.0,0.0
2019-05-02 00:00:00-04:00,81.04000091552734,84.66000366210938,80.72000122070312,83.41999816894531,70.19703674316406,3730700,0.0,0.0
2019-05-03 00:00:00-04:00,84.25,84.97000122070312,83.16000366210938,83.9000015258789,70.60094451904297,1673600,0.0,0.0
2019-05-06 00:00:00-04:00,82.80999755859375,83.97000122070312,82.1500015258789,83.20999908447266,70.02031707763672,1144900,0.0,0.0
2019-05-07 00:00:00-04:00,82.66999816894531,83.13999938964844,82.08000183105469,82.55000305175781,69.4649429321289,1769000,0.0,0.0
2019-05-08 00:00:00-04:00,82.62999725341797,84.45999908447266,82.02999877929688,83.26000213623047,70.06240844726562,2017800,0.0,0.0
2019-05-09 00:00:00-04:00,83.08000183105469,83.88999938964844,82.31999969482422,82.68000030517578,69.57433319091797,1783500,0.0,0.0
2019-05-10 00:00:00-04:00,82.55999755859375,82.55999755859375,80.51000213623047,81.7300033569336,68.77490997314453,1349300,0.0,0.0
2019-05-13 00:00:00-04:00,80.41999816894531,81.33000183105469,79.75,80.05000305175781,67.3612060546875,1388300,0.0,0.0
2019-05-14 00:00:00-04:00,80.41999816894531,82.12999725341797,80.33000183105469,81.38999938964844,68.48881530761719,1057800,0.0,0.0
2019-05-15 00:00:00-04:00,81.01000213623047,82.01000213623047,80.61000061035156,81.86000061035156,68.88430786132812,915500,0.0,0.0
2019-05-16 00:00:00-04:00,82.19999694824219,83.6500015258789,81.80999755859375,82.91000366210938,69.76787567138672,1631500,0.0,0.0
2019-05-17 00:00:00-04:00,82.19000244140625,83.23999786376953,81.76000213623047,82.22000122070312,69.18724822998047,809000,0.0,0.0
2019-05-20 00:00:00-04:00,81.83000183105469,82.43000030517578,81.48999786376953,81.79000091552734,68.8254165649414,1009200,0.0,0.0
2019-05-21 00:00:00-04:00,82.18000030517578,82.75,81.77999877929688,81.88999938964844,68.90956115722656,718700,0.0,0.0
2019-05-22 00:00:00-04:00,81.37000274658203,81.62999725341797,80.06999969482422,81.18000030517578,68.31210327148438,755600,0.0,0.0
2019-05-23 00:00:00-04:00,80.6500015258789,81.62999725341797,80.16000366210938,80.73999786376953,67.94184112548828,1542800,0.0,0.0
2019-05-24 00:00:00-04:00,81.0,81.26000213623047,79.47000122070312,79.72000122070312,67.08352661132812,1453500,0.0,0.0
2019-05-28 00:00:00-04:00,79.81999969482422,79.81999969482422,78.54000091552734,79.01000213623047,66.48607635498047,1994300,0.0,0.0
2019-05-29 00:00:00-04:00,78.94999694824219,80.0,78.0,79.69000244140625,67.05827331542969,1260200,0.0,0.0
2019-05-30 00:00:00-04:00,79.83999633789062,80.2300033569336,77.88999938964844,78.79000091552734,66.30091094970703,1400600,0.0,0.0
2019-05-31 00:00:00-04:00,78.01000213623047,79.88999938964844,78.01000213623047,79.62999725341797,67.00778198242188,1919200,0.0,0.0
2019-06-03 00:00:00-04:00,79.38999938964844,80.62000274658203,79.02999877929688,79.80000305175781,67.15084075927734,1049700,0.0,0.0
2019-06-04 00:00:00-04:00,80.3499984741211,80.5199966430664,79.5,80.23999786376953,67.5210952758789,2216400,0.0,0.0
2019-06-05 00:00:00-04:00,80.19000244140625,81.16000366210938,79.69999694824219,81.0,68.16060638427734,888700,0.0,0.0
2019-06-06 00:00:00-04:00,80.18000030517578,80.41000366210938,78.83000183105469,79.55999755859375,67.36471557617188,1274900,0.5,0.0
2019-06-07 00:00:00-04:00,79.97000122070312,80.97000122070312,79.66000366210938,79.69000244140625,67.47478485107422,761900,0.0,0.0
2019-06-10 00:00:00-04:00,80.13999938964844,81.23999786376953,79.9800033569336,80.19999694824219,67.9066162109375,828300,0.0,0.0
2019-06-11 00:00:00-04:00,80.7699966430664,81.33999633789062,80.06999969482422,80.41000366210938,68.0844497680664,733100,0.0,0.0
2019-06-12 00:00:00-04:00,80.62000274658203,82.26000213623047,80.38999938964844,82.22000122070312,69.61698913574219,1074400,0.0,0.0
2019-06-13 00:00:00-04:00,82.37000274658203,83.75,82.22000122070312,83.56999969482422,70.76004791259766,1404700,0.0,0.0
2019-06-14 00:00:00-04:00,83.6500015258789,83.80999755859375,82.69000244140625,83.69999694824219,70.87012481689453,1365000,0.0,0.0
2019-06-17 00:00:00-04:00,83.76000213623047,83.76000213623047,82.2300033569336,82.29000091552734,69.67625427246094,1074400,0.0,0.0
2019-06-18 00:00:00-04:00,83.0,84.4000015258789,82.87000274658203,83.5,70.70077514648438,1084400,0.0,0.0
2019-06-19 00:00:00-04:00,83.56999969482422,83.7300033569336,82.73999786376953,83.37000274658203,70.59068298339844,852300,0.0,0.0
2019-06-20 00:00:00-04:00,84.33999633789062,84.5,83.13999938964844,84.0,71.1241455078125,932100,0.0,0.0
2019-06-21 00:00:00-04:00,84.0199966430664,84.0199966430664,82.86000061035156,83.02999877929688,70.3028335571289,1626500,0.0,0.0
2019-06-24 00:00:00-04:00,82.94999694824219,83.48999786376953,82.37000274658203,82.87000274658203,70.16736602783203,1076600,0.0,0.0
2019-06-25 00:00:00-04:00,82.91000366210938,83.19999694824219,81.4800033569336,82.73999786376953,70.0572738647461,965200,0.0,0.0
2019-06-26 00:00:00-04:00,82.62000274658203,83.69000244140625,82.0999984741211,83.31999969482422,70.5483627319336,1229300,0.0,0.0
2019-06-27 00:00:00-04:00,83.62999725341797,84.87000274658203,83.4800033569336,84.16999816894531,71.26806640625,1074100,0.0,0.0
2019-06-28 00:00:00-04:00,84.33000183105469,85.36000061035156,84.0,84.3499984741211,71.42048645019531,2101100,0.0,0.0
2019-07-01 00:00:00-04:00,85.30999755859375,85.55999755859375,83.75,84.30999755859375,71.38661193847656,932700,0.0,0.0
2019-07-02 00:00:00-04:00,84.22000122070312,84.7699966430664,83.06999969482422,83.62999725341797,70.81084442138672,786200,0.0,0.0
2019-07-03 00:00:00-04:00,83.87999725341797,85.22000122070312,83.87000274658203,85.04000091552734,72.00469970703125,500500,0.0,0.0
2019-07-05 00:00:00-04:00,84.56999969482422,84.98999786376953,83.94000244140625,84.9000015258789,71.88618469238281,542300,0.0,0.0
2019-07-08 00:00:00-04:00,84.87000274658203,85.02999877929688,83.37000274658203,83.91999816894531,71.05638885498047,791000,0.0,0.0
2019-07-09 00:00:00-04:00,83.37999725341797,84.05000305175781,82.20999908447266,83.19000244140625,70.43831634521484,961000,0.0,0.0
2019-07-10 00:00:00-04:00,83.37999725341797,83.98999786376953,82.13999938964844,82.19000244140625,69.5915756225586,703100,0.0,0.0
2019-07-11 00:00:00-04:00,82.11000061035156,83.05000305175781,81.54000091552734,82.83999633789062,70.1419448852539,880100,0.0,0.0
2019-07-12 00:00:00-04:00,82.75,85.66999816894531,82.75,85.05999755859375,72.02164459228516,1379900,0.0,0.0
2019-07-15 00:00:00-04:00,85.08999633789062,85.23999786376953,84.2699966430664,84.51000213623047,71.55594635009766,769800,0.0,0.0
2019-07-16 00:00:00-04:00,84.61000061035156,86.01000213623047,83.88999938964844,84.94999694824219,71.92851257324219,1698400,0.0,0.0
2019-07-17 00:00:00-04:00,84.5999984741211,84.5999984741211,82.0,82.25,69.64237976074219,2522400,0.0,0.0
2019-07-18 00:00:00-04:00,81.83999633789062,82.66999816894531,81.41999816894531,82.45999908447266,69.8201904296875,1570600,0.0,0.0
2019-07-19 00:00:00-04:00,82.6500015258789,84.3499984741211,82.33999633789062,83.6500015258789,70.82779693603516,875800,0.0,0.0
2019-07-22 00:00:00-04:00,83.88999938964844,84.38999938964844,83.1500015258789,83.22000122070312,70.46369934082031,1012700,0.0,0.0
2019-07-23 00:00:00-04:00,83.48999786376953,83.54000091552734,82.4000015258789,83.41000366210938,70.62458801269531,860800,0.0,0.0
2019-07-24 00:00:00-04:00,83.6500015258789,86.83000183105469,83.43000030517578,85.88999938964844,72.72442626953125,2019700,0.0,0.0
2019-07-25 00:00:00-04:00,85.83000183105469,86.36000061035156,83.44999694824219,84.06999969482422,71.18342590332031,1855100,0.0,0.0
2019-07-26 00:00:00-04:00,83.58000183105469,85.2699966430664,83.44999694824219,85.12000274658203,72.07249450683594,1344600,0.0,0.0
2019-07-29 00:00:00-04:00,84.8499984741211,85.80999755859375,84.62000274658203,85.05999755859375,72.02164459228516,1232600,0.0,0.0
2019-07-30 00:00:00-04:00,84.8499984741211,85.87999725341797,84.3499984741211,84.7699966430664,71.77610778808594,1437200,0.0,0.0
2019-07-31 00:00:00-04:00,81.76000213623047,84.41000366210938,79.5199966430664,83.7300033569336,70.89552307128906,3196600,0.0,0.0
2019-08-01 00:00:00-04:00,83.12999725341797,83.29000091552734,80.16000366210938,81.0,68.5840072631836,2330500,0.0,0.0
2019-08-02 00:00:00-04:00,81.16000366210938,82.62999725341797,81.02999877929688,81.66000366210938,69.142822265625,1308200,0.0,0.0
2019-08-05 00:00:00-04:00,81.0,81.48999786376953,80.56999969482422,81.16000366210938,68.71947479248047,2238600,0.0,0.0
2019-08-06 00:00:00-04:00,81.72000122070312,82.19999694824219,80.87000274658203,81.33000183105469,68.86341094970703,1005000,0.0,0.0
2019-08-07 00:00:00-04:00,80.91000366210938,83.66999816894531,80.52999877929688,83.5,70.70077514648438,2055800,0.0,0.0
2019-08-08 00:00:00-04:00,83.75,86.47000122070312,83.5999984741211,86.05999755859375,72.8683853149414,1821000,0.0,0.0
2019-08-09 00:00:00-04:00,86.08999633789062,87.05999755859375,84.4000015258789,84.4800033569336,71.53057098388672,1800200,0.0,0.0
2019-08-12 00:00:00-04:00,84.26000213623047,85.11000061035156,83.58000183105469,84.43000030517578,71.48820495605469,1097500,0.0,0.0
2019-08-13 00:00:00-04:00,84.52999877929688,85.58000183105469,83.80999755859375,84.62999725341797,71.6575698852539,1104700,0.0,0.0
2019-08-14 00:00:00-04:00,83.66000366210938,84.01000213623047,82.0999984741211,82.38999938964844,69.76090240478516,1097300,0.0,0.0
2019-08-15 00:00:00-04:00,82.63999938964844,83.16000366210938,82.0,82.9000015258789,70.19274139404297,1027700,0.0,0.0
2019-08-16 00:00:00-04:00,83.52999877929688,84.33000183105469,82.87000274658203,83.81999969482422,70.97174835205078,1075700,0.0,0.0
2019-08-19 00:00:00-04:00,84.62000274658203,85.80999755859375,84.0999984741211,84.30999755859375,71.38661193847656,1474500,0.0,0.0
2019-08-20 00:00:00-04:00,84.41999816894531,84.83999633789062,83.69999694824219,84.16999816894531,71.26806640625,1491200,0.0,0.0
2019-08-21 00:00:00-04:00,84.76000213623047,85.16000366210938,84.1500015258789,84.26000213623047,71.34428405761719,1140700,0.0,0.0
2019-08-22 00:00:00-04:00,84.43000030517578,84.7300033569336,83.1500015258789,83.72000122070312,70.88705444335938,1237600,0.0,0.0
2019-08-23 00:00:00-04:00,83.58000183105469,83.58000183105469,81.87999725341797,82.2300033569336,69.62545013427734,1166200,0.0,0.0
2019-08-26 00:00:00-04:00,82.66999816894531,83.20999908447266,82.12000274658203,83.08999633789062,70.35360717773438,892300,0.0,0.0
2019-08-27 00:00:00-04:00,83.68000030517578,83.91999816894531,82.20999908447266,82.33000183105469,69.71012878417969,930500,0.0,0.0
2019-08-28 00:00:00-04:00,82.33999633789062,83.52999877929688,81.69000244140625,83.16999816894531,70.4213638305664,1004600,0.0,0.0
2019-08-29 00:00:00-04:00,84.0,85.30999755859375,83.76000213623047,84.12000274658203,71.2257308959961,881900,0.0,0.0
2019-08-30 00:00:00-04:00,84.5999984741211,85.5,84.22000122070312,84.48999786376953,71.53902435302734,819400,0.0,0.0
2019-09-03 00:00:00-04:00,83.68000030517578,84.5,81.87999725341797,82.05000305175781,69.47303771972656,1355300,0.0,0.0
2019-09-04 00:00:00-04:00,82.66999816894531,83.23999786376953,82.2300033569336,82.76000213623047,70.07421875,917200,0.0,0.0
2019-09-05 00:00:00-04:00,83.12000274658203,84.12000274658203,83.04000091552734,83.94000244140625,71.50534057617188,853900,0.5,0.0
2019-09-06 00:00:00-04:00,84.23999786376953,84.63999938964844,83.11000061035156,83.27999877929688,70.94309997558594,1586200,0.0,0.0
2019-09-09 00:00:00-04:00,83.41999816894531,83.80000305175781,82.47000122070312,83.29000091552734,70.9516372680664,1470700,0.0,0.0
2019-09-10 00:00:00-04:00,83.44000244140625,87.38999938964844,83.41000366210938,86.69999694824219,73.8564682006836,2586100,0.0,0.0
2019-09-11 00:00:00-04:00,86.61000061035156,89.16999816894531,85.75,89.06999969482422,75.8753890991211,2302000,0.0,0.0
2019-09-12 00:00:00-04:00,89.06999969482422,89.06999969482422,85.91999816894531,86.44999694824219,73.64351654052734,1145700,0.0,0.0
2019-09-13 00:00:00-04:00,86.5,87.41999816894531,86.37000274658203,87.0999984741211,74.19722747802734,1040000,0.0,0.0
2019-09-16 00:00:00-04:00,86.36000061035156,86.83000183105469,84.73999786376953,85.29000091552734,72.6553726196289,982200,0.0,0.0
2019-09-17 00:00:00-04:00,85.5,86.4000015258789,84.63999938964844,86.25,73.47314453125,1322900,0.0,0.0
2019-09-18 00:00:00-04:00,85.66999816894531,86.94000244140625,84.91999816894531,86.79000091552734,73.93313598632812,1212200,0.0,0.0
2019-09-19 00:00:00-04:00,86.37999725341797,86.5999984741211,85.4800033569336,85.5999984741211,72.91943359375,959600,0.0,0.0
2019-09-20 00:00:00-04:00,86.0999984741211,86.33000183105469,84.05999755859375,84.5,71.98238372802734,1623100,0.0,0.0
2019-09-23 00:00:00-04:00,84.2699966430664,84.55000305175781,83.69999694824219,83.88999938964844,71.46273040771484,858800,0.0,0.0
2019-09-24 00:00:00-04:00,84.2300033569336,84.55999755859375,83.01000213623047,83.18000030517578,70.85792541503906,1087800,0.0,0.0
2019-09-25 00:00:00-04:00,83.45999908447266,84.97000122070312,83.19999694824219,84.86000061035156,72.28907012939453,1064700,0.0,0.0
2019-09-26 00:00:00-04:00,84.4800033569336,84.6500015258789,84.0199966430664,84.08999633789062,71.63311004638672,620400,0.0,0.0
2019-09-27 00:00:00-04:00,84.58999633789062,84.87999725341797,83.36000061035156,83.79000091552734,71.3775634765625,699200,0.0,0.0
2019-09-30 00:00:00-04:00,84.2300033569336,85.26000213623047,84.16999816894531,84.77999877929688,72.22090148925781,1073500,0.0,0.0
2019-10-01 00:00:00-04:00,85.20999908447266,85.87999725341797,83.04000091552734,83.56999969482422,71.19017028808594,1262000,0.0,0.0
2019-10-02 00:00:00-04:00,83.26000213623047,84.05999755859375,82.0,82.19999694824219,70.0230941772461,1845600,0.0,0.0
2019-10-03 00:00:00-04:00,81.94999694824219,82.47000122070312,80.87999725341797,82.0999984741211,69.93791198730469,1252300,0.0,0.0
2019-10-04 00:00:00-04:00,82.37000274658203,83.47000122070312,82.36000061035156,83.29000091552734,70.9516372680664,759300,0.0,0.0
2019-10-07 00:00:00-04:00,82.93000030517578,83.8499984741211,82.19999694824219,83.43000030517578,71.07089233398438,771600,0.0,0.0
2019-10-08 00:00:00-04:00,82.94999694824219,82.94999694824219,82.11000061035156,82.1500015258789,69.98050689697266,1046000,0.0,0.0
2019-10-09 00:00:00-04:00,82.83000183105469,83.33999633789062,82.62999725341797,83.0199966430664,70.72163391113281,578200,0.0,0.0
2019-10-10 00:00:00-04:00,82.87000274658203,84.37000274658203,82.87000274658203,84.33000183105469,71.83758544921875,867600,0.0,0.0
2019-10-11 00:00:00-04:00,84.95999908447266,86.16999816894531,84.95999908447266,85.25,72.62129211425781,954700,0.0,0.0
2019-10-14 00:00:00-04:00,85.23999786376953,85.66999816894531,84.69999694824219,85.31999969482422,72.68091583251953,799900,0.0,0.0
2019-10-15 00:00:00-04:00,84.7300033569336,86.25,84.36000061035156,85.29000091552734,72.6553726196289,1361500,0.0,0.0
2019-10-16 00:00:00-04:00,84.25,86.68000030517578,84.16000366210938,86.0,73.26016998291016,1653500,0.0,0.0
2019-10-17 00:00:00-04:00,86.36000061035156,87.01000213623047,86.2699966430664,86.66000366210938,73.8224105834961,1085200,0.0,0.0
2019-10-18 00:00:00-04:00,86.73999786376953,87.30000305175781,85.87999725341797,86.55999755859375,73.73721313476562,1040400,0.0,0.0
2019-10-21 00:00:00-04:00,87.0199966430664,87.5,86.16999816894531,86.80999755859375,73.95018005371094,878500,0.0,0.0
2019-10-22 00:00:00-04:00,86.58000183105469,88.91000366210938,86.08999633789062,88.8499984741211,75.68797302246094,1117900,0.0,0.0
2019-10-23 00:00:00-04:00,89.0999984741211,90.04000091552734,88.48999786376953,89.04000091552734,75.849853515625,1529000,0.0,0.0
2019-10-24 00:00:00-04:00,88.52999877929688,88.7699966430664,87.23999786376953,87.68000030517578,74.69132232666016,1520000,0.0,0.0
2019-10-25 00:00:00-04:00,87.3499984741211,90.19000244140625,87.3499984741211,90.11000061035156,76.76134490966797,1467300,0.0,0.0
2019-10-28 00:00:00-04:00,91.01000213623047,91.2300033569336,90.08999633789062,90.33000183105469,76.94873046875,1533800,0.0,0.0
2019-10-29 00:00:00-04:00,89.83000183105469,91.16999816894531,89.45999908447266,90.5199966430664,77.1106185913086,2433200,0.0,0.0
2019-10-30 00:00:00-04:00,82.0999984741211,83.0,76.27999877929688,77.08000183105469,65.66156005859375,10644300,0.0,0.0
2019-10-31 00:00:00-04:00,77.08999633789062,77.80000305175781,74.93000030517578,75.63999938964844,64.43487548828125,4660900,0.0,0.0
2019-11-01 00:00:00-04:00,74.37000274658203,75.9800033569336,74.12000274658203,74.69999694824219,63.63412094116211,4215900,0.0,0.0
2019-11-04 00:00:00-05:00,74.2300033569336,75.80000305175781,74.2300033569336,75.52999877929688,64.3411865234375,5813600,0.0,0.0
2019-11-05 00:00:00-05:00,75.88999938964844,76.56999969482422,75.20999908447266,76.33999633789062,65.03118896484375,4339500,0.0,0.0
2019-11-06 00:00:00-05:00,76.70999908447266,78.73999786376953,76.16000366210938,78.61000061035156,66.96492767333984,2468800,0.0,0.0
2019-11-07 00:00:00-05:00,78.69999694824219,79.56999969482422,78.36000061035156,79.13999938964844,67.41641235351562,1964600,0.0,0.0
2019-11-08 00:00:00-05:00,79.06999969482422,79.37999725341797,77.9800033569336,78.05999755859375,66.49639129638672,1646800,0.0,0.0
2019-11-11 00:00:00-05:00,77.52999877929688,78.3499984741211,76.83000183105469,76.86000061035156,65.47415161132812,1055100,0.0,0.0
2019-11-12 00:00:00-05:00,76.75,76.8499984741211,75.45999908447266,75.5,64.31562042236328,1734500,0.0,0.0
2019-11-13 00:00:00-05:00,75.08000183105469,75.27999877929688,74.5,74.62999725341797,63.574501037597656,1689000,0.0,0.0
2019-11-14 00:00:00-05:00,74.61000061035156,75.43000030517578,74.38999938964844,74.66999816894531,63.608558654785156,1376300,0.0,0.0
2019-11-15 00:00:00-05:00,74.88999938964844,75.26000213623047,74.37999725341797,74.72000122070312,63.65117263793945,1044900,0.0,0.0
2019-11-18 00:00:00-05:00,74.51000213623047,75.30000305175781,74.4000015258789,75.19999694824219,64.06002807617188,1161600,0.0,0.0
2019-11-19 00:00:00-05:00,75.54000091552734,76.05000305175781,74.94000244140625,75.9000015258789,64.6563720703125,1236000,0.0,0.0
2019-11-20 00:00:00-05:00,75.4800033569336,75.98999786376953,75.05999755859375,75.55999755859375,64.36674499511719,968900,0.0,0.0
2019-11-21 00:00:00-05:00,75.51000213623047,75.80000305175781,74.41000366210938,74.5999984741211,63.548946380615234,932400,0.0,0.0
2019-11-22 00:00:00-05:00,74.98999786376953,75.70999908447266,74.4800033569336,75.58999633789062,64.39229583740234,791700,0.0,0.0
2019-11-25 00:00:00-05:00,75.91999816894531,76.56999969482422,75.5,76.20999908447266,64.92045593261719,841800,0.0,0.0
2019-11-26 00:00:00-05:00,76.02999877929688,77.30999755859375,76.02999877929688,77.05000305175781,65.63599395751953,2020600,0.0,0.0
2019-11-27 00:00:00-05:00,77.19000244140625,78.05999755859375,77.0199966430664,77.75,66.23230743408203,1527500,0.0,0.0
2019-11-29 00:00:00-05:00,78.13999938964844,78.20999908447266,76.80000305175781,76.8499984741211,65.46562957763672,922600,0.0,0.0
2019-12-02 00:00:00-05:00,76.94999694824219,78.47000122070312,76.8499984741211,77.75,66.23230743408203,1674700,0.0,0.0
2019-12-03 00:00:00-05:00,77.70999908447266,77.70999908447266,75.58000183105469,76.0199966430664,64.75856018066406,1386100,0.0,0.0
2019-12-04 00:00:00-05:00,76.04000091552734,77.08000183105469,76.0199966430664,76.38999938964844,65.07378387451172,983700,0.0,0.0
2019-12-05 00:00:00-05:00,76.62999725341797,76.86000061035156,75.72000122070312,76.30999755859375,65.00562286376953,1101800,0.0,0.0
2019-12-06 00:00:00-05:00,77.1500015258789,77.58999633789062,75.83000183105469,76.0199966430664,64.75856018066406,1129600,0.0,0.0
2019-12-09 00:00:00-05:00,76.08000183105469,76.58999633789062,75.75,76.2699966430664,64.97154235839844,821500,0.0,0.0
2019-12-10 00:00:00-05:00,76.08000183105469,76.77999877929688,75.45999908447266,75.80000305175781,64.57118225097656,1156200,0.0,0.0
2019-12-11 00:00:00-05:00,75.87000274658203,76.36000061035156,75.47000122070312,75.88999938964844,64.64784240722656,872600,0.0,0.0
2019-12-12 00:00:00-05:00,75.91000366210938,78.08999633789062,75.80000305175781,77.9800033569336,66.42822265625,1229600,0.0,0.0
2019-12-13 00:00:00-05:00,77.51000213623047,77.62000274658203,76.12000274658203,76.55000305175781,65.63935852050781,1063900,0.51,0.0
2019-12-16 00:00:00-05:00,76.75,77.3499984741211,76.43000030517578,77.05000305175781,66.0680923461914,827900,0.0,0.0
2019-12-17 00:00:00-05:00,76.6500015258789,77.88999938964844,76.6500015258789,77.7699966430664,66.68546295166016,1091700,0.0,0.0
2019-12-18 00:00:00-05:00,77.5199966430664,77.9000015258789,77.33000183105469,77.75,66.66831970214844,1237800,0.0,0.0
2019-12-19 00:00:00-05:00,77.9800033569336,77.98999786376953,76.63999938964844,76.7300033569336,65.79373168945312,1616400,0.0,0.0
2019-12-20 00:00:00-05:00,77.01000213623047,77.20999908447266,75.5,76.80000305175781,65.85372924804688,2522300,0.0,0.0
2019-12-23 00:00:00-05:00,77.0,77.33000183105469,76.5199966430664,76.80999755859375,65.86231994628906,909700,0.0,0.0
2019-12-24 00:00:00-05:00,76.72000122070312,77.55000305175781,76.55000305175781,77.54000091552734,66.48826599121094,298500,0.0,0.0
2019-12-26 00:00:00-05:00,77.75,77.97000122070312,77.33999633789062,77.91000366210938,66.80553436279297,590700,0.0,0.0
2019-12-27 00:00:00-05:00,78.08999633789062,78.5,77.79000091552734,77.93000030517578,66.82266998291016,1076900,0.0,0.0
2019-12-30 00:00:00-05:00,78.27999877929688,78.4000015258789,77.41000366210938,77.54000091552734,66.48826599121094,588300,0.0,0.0
2019-12-31 00:00:00-05:00,77.52999877929688,78.2699966430664,77.18000030517578,78.19999694824219,67.05419158935547,882300,0.0,0.0
2020-01-02 00:00:00-05:00,78.5,78.5,76.91000366210938,77.83000183105469,66.73692321777344,1258800,0.0,0.0
2020-01-03 00:00:00-05:00,77.11000061035156,77.80000305175781,76.77999877929688,77.73999786376953,66.65972900390625,892000,0.0,0.0
2020-01-06 00:00:00-05:00,77.06999969482422,77.62000274658203,75.86000061035156,76.51000213623047,65.60507202148438,1098300,0.0,0.0
2020-01-07 00:00:00-05:00,76.61000061035156,78.44000244140625,76.20999908447266,78.31999969482422,67.15709686279297,1147100,0.0,0.0
2020-01-08 00:00:00-05:00,78.33000183105469,79.69000244140625,78.2699966430664,78.80000305175781,67.56867980957031,1132400,0.0,0.0
2020-01-09 00:00:00-05:00,79.2300033569336,79.62999725341797,78.30999755859375,79.43000030517578,68.10887908935547,816400,0.0,0.0
2020-01-10 00:00:00-05:00,79.31999969482422,80.41000366210938,79.31999969482422,80.12000274658203,68.70052337646484,1427100,0.0,0.0
2020-01-13 00:00:00-05:00,80.0,80.62000274658203,79.66999816894531,80.45999908447266,68.9920654296875,938800,0.0,0.0
2020-01-14 00:00:00-05:00,80.29000091552734,82.08000183105469,80.29000091552734,81.75,70.09820556640625,1377900,0.0,0.0
2020-01-15 00:00:00-05:00,83.61000061035156,83.80000305175781,82.30000305175781,83.5,71.59877014160156,2229500,0.0,0.0
2020-01-16 00:00:00-05:00,83.81999969482422,84.93000030517578,83.54000091552734,84.0999984741211,72.11325073242188,2758100,0.0,0.0
2020-01-17 00:00:00-05:00,82.01000213623047,83.58000183105469,80.4000015258789,80.73999786376953,69.23217010498047,2780300,0.0,0.0
2020-01-21 00:00:00-05:00,80.4800033569336,81.05000305175781,79.93000030517578,80.19999694824219,68.76912689208984,1497500,0.0,0.0
2020-01-22 00:00:00-05:00,80.51000213623047,80.81999969482422,79.41999816894531,80.30999755859375,68.86344909667969,1045600,0.0,0.0
2020-01-23 00:00:00-05:00,80.18000030517578,80.22000122070312,78.87000274658203,79.80000305175781,68.42613220214844,1078000,0.0,0.0
2020-01-24 00:00:00-05:00,79.70999908447266,80.12000274658203,79.08000183105469,79.62000274658203,68.27178955078125,930200,0.0,0.0
2020-01-27 00:00:00-05:00,78.6500015258789,79.55999755859375,78.01000213623047,78.47000122070312,67.28571319580078,1462100,0.0,0.0
2020-01-28 00:00:00-05:00,78.4800033569336,78.98999786376953,77.8499984741211,77.87999725341797,66.77980041503906,2107400,0.0,0.0
2020-01-29 00:00:00-05:00,72.52999877929688,75.19000244140625,71.76000213623047,73.41000366210938,62.9469108581543,4850500,0.0,0.0
2020-01-30 00:00:00-05:00,72.1500015258789,73.48999786376953,71.80000305175781,72.63999938964844,62.286643981933594,1931600,0.0,0.0
2020-01-31 00:00:00-05:00,72.55999755859375,73.29000091552734,71.83000183105469,72.22000122070312,61.926513671875,2216500,0.0,0.0
2020-02-03 00:00:00-05:00,72.93000030517578,73.13999938964844,71.7300033569336,72.01000213623047,61.74644088745117,1542900,0.0,0.0
2020-02-04 00:00:00-05:00,72.68000030517578,72.75,71.73999786376953,72.2300033569336,61.93507766723633,1328800,0.0,0.0
2020-02-05 00:00:00-05:00,72.75,73.44000244140625,72.29000091552734,72.73999786376953,62.37238693237305,1106300,0.0,0.0
2020-02-06 00:00:00-05:00,73.13999938964844,73.94999694824219,72.36000061035156,73.58000183105469,63.092681884765625,1699700,0.0,0.0
2020-02-07 00:00:00-05:00,73.61000061035156,75.66000366210938,73.61000061035156,74.37999725341797,63.778656005859375,1656600,0.0,0.0
2020-02-10 00:00:00-05:00,74.08000183105469,74.47000122070312,72.69999694824219,72.91999816894531,62.52674102783203,1092000,0.0,0.0
2020-02-11 00:00:00-05:00,73.0999984741211,73.66000366210938,72.63999938964844,72.72000122070312,62.35525131225586,741500,0.0,0.0
2020-02-12 00:00:00-05:00,73.0,73.48999786376953,72.66000366210938,73.31999969482422,62.86974334716797,1240200,0.0,0.0
2020-02-13 00:00:00-05:00,73.08999633789062,73.36000061035156,71.98999786376953,72.12999725341797,61.8493537902832,965600,0.0,0.0
2020-02-14 00:00:00-05:00,72.02999877929688,72.4000015258789,71.69999694824219,72.01000213623047,61.74644088745117,904800,0.0,0.0
2020-02-18 00:00:00-05:00,71.86000061035156,72.45999908447266,71.75,72.44999694824219,62.12373733520508,731800,0.0,0.0
2020-02-19 00:00:00-05:00,72.5999984741211,73.93000030517578,72.58999633789062,73.4800033569336,63.006919860839844,814600,0.0,0.0
2020-02-20 00:00:00-05:00,73.62999725341797,74.95999908447266,73.26000213623047,74.81999969482422,64.15593719482422,1579100,0.0,0.0
2020-02-21 00:00:00-05:00,74.08999633789062,75.5999984741211,73.69999694824219,74.55000305175781,63.92441177368164,1497200,0.0,0.0
2020-02-24 00:00:00-05:00,73.20999908447266,74.0,71.62000274658203,72.13999938964844,61.8579216003418,1657900,0.0,0.0
2020-02-25 00:00:00-05:00,72.30999755859375,72.97000122070312,70.4800033569336,71.8499984741211,61.609256744384766,2344900,0.0,0.0
2020-02-26 00:00:00-05:00,72.52999877929688,72.93000030517578,71.19999694824219,71.66000366210938,61.44633102416992,1107400,0.0,0.0
2020-02-27 00:00:00-05:00,70.30999755859375,72.23999786376953,69.87000274658203,69.87000274658203,59.91147994995117,2325600,0.0,0.0
2020-02-28 00:00:00-05:00,68.94000244140625,69.7699966430664,67.3499984741211,68.9000015258789,59.07972717285156,3375800,0.0,0.0
2020-03-02 00:00:00-05:00,69.02999877929688,70.12000274658203,68.37999725341797,70.08999633789062,60.10010528564453,1786200,0.0,0.0
2020-03-03 00:00:00-05:00,69.62999725341797,70.69999694824219,67.13999938964844,68.2699966430664,58.53951644897461,1492700,0.0,0.0
2020-03-04 00:00:00-05:00,69.12000274658203,70.87999725341797,67.58999633789062,70.79000091552734,60.700340270996094,1394100,0.0,0.0
2020-03-05 00:00:00-05:00,68.31999969482422,69.41999816894531,65.9000015258789,66.37999725341797,57.331932067871094,2230200,0.51,0.0
2020-03-06 00:00:00-05:00,64.61000061035156,66.38999938964844,64.0999984741211,66.08000183105469,57.07282638549805,4034100,0.0,0.0
2020-03-09 00:00:00-04:00,61.91999816894531,64.52999877929688,61.7599983215332,62.66999816894531,54.127628326416016,3181200,0.0,0.0
2020-03-10 00:00:00-04:00,64.30000305175781,65.04000091552734,62.41999816894531,64.77999877929688,55.95001983642578,1552300,0.0,0.0
2020-03-11 00:00:00-04:00,63.54999923706055,64.83999633789062,62.93000030517578,64.11000061035156,55.3713493347168,2163200,0.0,0.0
2020-03-12 00:00:00-04:00,60.540000915527344,62.959999084472656,57.25,60.11000061035156,51.916587829589844,3143100,0.0,0.0
2020-03-13 00:00:00-04:00,62.40999984741211,64.27999877929688,59.18000030517578,62.369998931884766,53.868526458740234,2217500,0.0,0.0
2020-03-16 00:00:00-04:00,58.18000030517578,61.81999969482422,56.939998626708984,61.060001373291016,52.73708724975586,2906300,0.0,0.0
2020-03-17 00:00:00-04:00,62.0,66.91000366210938,58.25,64.5999984741211,55.7945556640625,3415700,0.0,0.0
2020-03-18 00:00:00-04:00,62.2400016784668,66.26000213623047,61.0099983215332,64.8499984741211,56.0104866027832,3763400,0.0,0.0
2020-03-19 00:00:00-04:00,64.69000244140625,67.29000091552734,60.560001373291016,64.05999755859375,55.32816696166992,3296700,0.0,0.0
2020-03-20 00:00:00-04:00,64.56999969482422,69.93000030517578,63.75,63.90999984741211,55.1986083984375,2945200,0.0,0.0
2020-03-23 00:00:00-04:00,64.58000183105469,64.91999816894531,60.91999816894531,63.2400016784668,54.61994171142578,3002900,0.0,0.0
2020-03-24 00:00:00-04:00,65.44999694824219,67.05000305175781,62.2400016784668,63.54999923706055,54.88767623901367,2409500,0.0,0.0
2020-03-25 00:00:00-04:00,63.88999938964844,64.62999725341797,60.369998931884766,62.290000915527344,53.79942321777344,3852600,0.0,0.0
2020-03-26 00:00:00-04:00,62.4900016784668,66.94999694824219,62.0099983215332,65.88999938964844,56.908729553222656,3038600,0.0,0.0
2020-03-27 00:00:00-04:00,63.0,65.37000274658203,62.209999084472656,62.5099983215332,53.989437103271484,2576600,0.0,0.0
2020-03-30 00:00:00-04:00,62.56999969482422,65.36000061035156,61.939998626708984,65.19000244140625,56.304141998291016,1658700,0.0,0.0
2020-03-31 00:00:00-04:00,64.79000091552734,66.72000122070312,64.2300033569336,66.19999694824219,57.17647171020508,2481700,0.0,0.0
2020-04-01 00:00:00-04:00,64.91999816894531,68.8499984741211,64.69999694824219,66.56999969482422,57.49604034423828,2847500,0.0,0.0
2020-04-02 00:00:00-04:00,65.79000091552734,69.55999755859375,65.79000091552734,68.91999816894531,59.52571487426758,2834600,0.0,0.0
2020-04-03 00:00:00-04:00,68.62999725341797,69.7699966430664,67.62999725341797,68.1500015258789,58.86067199707031,2166500,0.0,0.0
2020-04-06 00:00:00-04:00,69.7300033569336,73.08000183105469,69.44999694824219,72.38999938964844,62.522735595703125,2201200,0.0,0.0
2020-04-07 00:00:00-04:00,73.5,74.76000213623047,71.44999694824219,71.83999633789062,62.04771041870117,2132900,0.0,0.0
2020-04-08 00:00:00-04:00,72.30000305175781,73.44999694824219,71.05000305175781,72.81999969482422,62.89409637451172,1748900,0.0,0.0
2020-04-09 00:00:00-04:00,72.93000030517578,74.31999969482422,71.94999694824219,73.22000122070312,63.23958969116211,1584300,0.0,0.0
2020-04-13 00:00:00-04:00,72.93000030517578,73.94999694824219,70.54000091552734,71.2699966430664,61.55539321899414,1618200,0.0,0.0
2020-04-14 00:00:00-04:00,72.23999786376953,73.33999633789062,70.4000015258789,70.98999786376953,61.313568115234375,2097500,0.0,0.0
2020-04-15 00:00:00-04:00,69.94000244140625,71.08999633789062,68.61000061035156,70.91999816894531,61.25308609008789,2478100,0.0,0.0
2020-04-16 00:00:00-04:00,71.06999969482422,74.26000213623047,70.93000030517578,74.22000122070312,64.10328674316406,2002900,0.0,0.0
2020-04-17 00:00:00-04:00,73.9800033569336,74.72000122070312,72.30000305175781,74.2300033569336,64.11193084716797,1907500,0.0,0.0
2020-04-20 00:00:00-04:00,73.70999908447266,74.97000122070312,72.1500015258789,72.31999969482422,62.462276458740234,1728100,0.0,0.0
2020-04-21 00:00:00-04:00,71.5199966430664,72.25,70.37000274658203,70.95999908447266,61.28765869140625,1614700,0.0,0.0
2020-04-22 00:00:00-04:00,72.05999755859375,72.47000122070312,71.23999786376953,71.58000183105469,61.82314682006836,1230100,0.0,0.0
2020-04-23 00:00:00-04:00,71.62999725341797,72.43000030517578,70.16999816894531,70.4800033569336,60.873069763183594,1557800,0.0,0.0
2020-04-24 00:00:00-04:00,71.01000213623047,72.33000183105469,70.61000061035156,72.27999877929688,62.42771911621094,1768900,0.0,0.0
2020-04-27 00:00:00-04:00,72.8499984741211,74.63999938964844,72.12000274658203,74.04000091552734,63.94780349731445,1191700,0.0,0.0
2020-04-28 00:00:00-04:00,74.05999755859375,75.48999786376953,73.55999755859375,74.01000213623047,63.921913146972656,1710800,0.0,0.0
2020-04-29 00:00:00-04:00,73.4000015258789,73.48999786376953,68.45999908447266,71.26000213623047,61.546749114990234,3867500,0.0,0.0
2020-04-30 00:00:00-04:00,72.02999877929688,72.16000366210938,70.73999786376953,70.9000015258789,61.23582458496094,3136100,0.0,0.0
2020-05-01 00:00:00-04:00,70.11000061035156,70.88999938964844,69.41000366210938,70.83000183105469,61.175350189208984,1785400,0.0,0.0
2020-05-04 00:00:00-04:00,71.54000091552734,71.69000244140625,69.12999725341797,69.94000244140625,60.406673431396484,1886500,0.0,0.0
2020-05-05 00:00:00-04:00,70.62000274658203,71.91000366210938,70.33999633789062,71.12999725341797,61.43448257446289,1237200,0.0,0.0
2020-05-06 00:00:00-04:00,71.69999694824219,71.75,69.8499984741211,70.43000030517578,60.82987976074219,1288800,0.0,0.0
2020-05-07 00:00:00-04:00,71.0999984741211,72.30999755859375,70.80000305175781,71.94999694824219,62.1427116394043,1380500,0.0,0.0
2020-05-08 00:00:00-04:00,72.5,74.04000091552734,72.2300033569336,73.80000305175781,63.74053192138672,1466700,0.0,0.0
2020-05-11 00:00:00-04:00,73.44999694824219,75.16999816894531,73.2300033569336,74.4000015258789,64.2587661743164,1414300,0.0,0.0
2020-05-12 00:00:00-04:00,74.91999816894531,75.27999877929688,72.51000213623047,72.72000122070312,62.807735443115234,2097200,0.0,0.0
2020-05-13 00:00:00-04:00,72.9800033569336,73.36000061035156,71.01000213623047,71.79000091552734,62.004512786865234,2241200,0.0,0.0
2020-05-14 00:00:00-04:00,71.2300033569336,72.2699966430664,70.41999816894531,72.18000030517578,62.341339111328125,2162200,0.0,0.0
2020-05-15 00:00:00-04:00,72.6500015258789,73.5,71.9800033569336,72.5,62.617733001708984,3587900,0.0,0.0
2020-05-18 00:00:00-04:00,74.12000274658203,78.25,73.91000366210938,77.83999633789062,67.22986602783203,3280500,0.0,0.0
2020-05-19 00:00:00-04:00,77.81999969482422,78.27999877929688,75.69000244140625,75.95999908447266,65.6061019897461,1821800,0.0,0.0
2020-05-20 00:00:00-04:00,76.88999938964844,79.86000061035156,76.58999633789062,77.62000274658203,67.03983306884766,2144100,0.0,0.0
2020-05-21 00:00:00-04:00,77.2300033569336,78.30000305175781,77.0,77.9000015258789,67.28167724609375,1403100,0.0,0.0
2020-05-22 00:00:00-04:00,77.73999786376953,78.19000244140625,77.37000274658203,77.86000061035156,67.24713134765625,1098300,0.0,0.0
2020-05-26 00:00:00-04:00,78.87000274658203,79.77999877929688,78.12999725341797,78.25,67.58396911621094,1491100,0.0,0.0
2020-05-27 00:00:00-04:00,78.30999755859375,80.25,78.0999984741211,80.16000366210938,69.23362731933594,2337300,0.0,0.0
2020-05-28 00:00:00-04:00,80.22000122070312,81.8499984741211,80.22000122070312,80.86000061035156,69.83821868896484,2001700,0.0,0.0
2020-05-29 00:00:00-04:00,80.91999816894531,82.87999725341797,79.55999755859375,81.12999725341797,70.07139587402344,7262200,0.0,0.0
2020-06-01 00:00:00-04:00,80.9000015258789,81.12000274658203,80.05000305175781,80.66000366210938,69.66547393798828,1115400,0.0,0.0
2020-06-02 00:00:00-04:00,81.38999938964844,82.31999969482422,78.94000244140625,82.18000030517578,70.97826385498047,1291200,0.0,0.0
2020-06-03 00:00:00-04:00,83.0,84.05999755859375,82.5,83.80999755859375,72.38612365722656,1706700,0.0,0.0
2020-06-04 00:00:00-04:00,82.87999725341797,83.33000183105469,81.72000122070312,82.30000305175781,71.51708984375,1540200,0.51,0.0
2020-06-05 00:00:00-04:00,83.12000274658203,84.66000366210938,82.77999877929688,83.05999755859375,72.17753601074219,1512700,0.0,0.0
2020-06-08 00:00:00-04:00,82.91999816894531,85.23999786376953,82.91999816894531,85.0999984741211,73.95024871826172,1418700,0.0,0.0
2020-06-09 00:00:00-04:00,84.87000274658203,84.87000274658203,82.94000244140625,83.08999633789062,72.2035903930664,1238400,0.0,0.0
2020-06-10 00:00:00-04:00,83.5,83.62000274658203,82.05999755859375,82.19999694824219,71.43022155761719,1517300,0.0,0.0
2020-06-11 00:00:00-04:00,81.5,81.87000274658203,78.02999877929688,78.7699966430664,68.44963073730469,1678000,0.0,0.0
2020-06-12 00:00:00-04:00,80.30999755859375,80.58000183105469,76.94000244140625,77.7300033569336,67.5458755493164,1323100,0.0,0.0
2020-06-15 00:00:00-04:00,76.2699966430664,78.38999938964844,75.6500015258789,78.12999725341797,67.89346313476562,1391300,0.0,0.0
2020-06-16 00:00:00-04:00,80.0,80.54000091552734,77.70999908447266,78.08999633789062,67.85870361328125,1456400,0.0,0.0
2020-06-17 00:00:00-04:00,78.6500015258789,79.47000122070312,78.18000030517578,78.63999938964844,68.3366470336914,1189700,0.0,0.0
2020-06-18 00:00:00-04:00,78.2699966430664,78.86000061035156,77.05000305175781,77.86000061035156,67.65884399414062,1770700,0.0,0.0
2020-06-19 00:00:00-04:00,78.81999969482422,78.81999969482422,77.16999816894531,77.75,67.56326293945312,3584900,0.0,0.0
2020-06-22 00:00:00-04:00,77.22000122070312,77.30999755859375,75.58000183105469,77.04000091552734,66.94628143310547,1277300,0.0,0.0
2020-06-23 00:00:00-04:00,78.0,78.0,77.0,77.30999755859375,67.18091583251953,1819100,0.0,0.0
2020-06-24 00:00:00-04:00,77.0,79.11000061035156,76.62999725341797,78.54000091552734,68.24974822998047,1318000,0.0,0.0
2020-06-25 00:00:00-04:00,78.54000091552734,78.5999984741211,76.44000244140625,77.31999969482422,67.18958282470703,1238500,0.0,0.0
2020-06-26 00:00:00-04:00,77.12000274658203,77.77999877929688,75.94999694824219,76.66000366210938,66.61607360839844,3362200,0.0,0.0
2020-06-29 00:00:00-04:00,77.20999908447266,77.98999786376953,76.83000183105469,77.76000213623047,67.57193756103516,1753400,0.0,0.0
2020-06-30 00:00:00-04:00,77.79000091552734,79.4000015258789,77.54000091552734,79.05999755859375,68.70160675048828,1647800,0.0,0.0
2020-07-01 00:00:00-04:00,79.30999755859375,80.16999816894531,78.29000091552734,79.08999633789062,68.72767639160156,1579200,0.0,0.0
2020-07-02 00:00:00-04:00,79.83999633789062,79.83999633789062,78.47000122070312,79.18000030517578,68.805908203125,2571900,0.0,0.0
2020-07-06 00:00:00-04:00,80.98999786376953,81.19999694824219,79.9000015258789,80.20999908447266,69.70096588134766,2028500,0.0,0.0
2020-07-07 00:00:00-04:00,78.5999984741211,80.6500015258789,78.55999755859375,80.19999694824219,69.6922607421875,1517700,0.0,0.0
2020-07-08 00:00:00-04:00,80.11000061035156,80.9000015258789,79.91000366210938,80.5,69.95294189453125,1561600,0.0,0.0
2020-07-09 00:00:00-04:00,80.4000015258789,81.51000213623047,80.4000015258789,80.87000274658203,70.27446746826172,1292900,0.0,0.0
2020-07-10 00:00:00-04:00,81.27999877929688,82.58000183105469,81.27999877929688,82.20999908447266,71.43891906738281,1138200,0.0,0.0
2020-07-13 00:00:00-04:00,82.66999816894531,82.68000030517578,81.77999877929688,82.05999755859375,71.30855560302734,1789300,0.0,0.0
2020-07-14 00:00:00-04:00,82.4800033569336,83.94000244140625,82.11000061035156,83.79000091552734,72.81189727783203,1459500,0.0,0.0
2020-07-15 00:00:00-04:00,84.23999786376953,85.58999633789062,84.0,84.91000366210938,73.7851791381836,1426700,0.0,0.0
2020-07-16 00:00:00-04:00,84.3499984741211,86.08000183105469,84.2300033569336,85.91000366210938,74.65414428710938,1345100,0.0,0.0
2020-07-17 00:00:00-04:00,85.9000015258789,86.95999908447266,84.87000274658203,86.27999877929688,74.97566986083984,1391300,0.0,0.0
2020-07-20 00:00:00-04:00,86.29000091552734,86.66999816894531,85.02999877929688,85.30000305175781,74.12408447265625,973500,0.0,0.0
2020-07-21 00:00:00-04:00,85.37000274658203,86.19000244140625,85.26000213623047,85.58000183105469,74.36736297607422,795600,0.0,0.0
2020-07-22 00:00:00-04:00,85.54000091552734,86.25,84.72000122070312,85.19999694824219,74.03717803955078,893700,0.0,0.0
2020-07-23 00:00:00-04:00,85.27999877929688,85.63999938964844,84.73999786376953,85.2300033569336,74.06324005126953,1199300,0.0,0.0
2020-07-24 00:00:00-04:00,85.52999877929688,86.37000274658203,85.01000213623047,86.06999969482422,74.7931900024414,914700,0.0,0.0
2020-07-27 00:00:00-04:00,85.97000122070312,88.37000274658203,85.97000122070312,87.69999694824219,76.20960998535156,1668100,0.0,0.0
2020-07-28 00:00:00-04:00,87.83999633789062,88.48999786376953,87.04000091552734,87.1500015258789,75.73168182373047,3185900,0.0,0.0
2020-07-29 00:00:00-04:00,92.30999755859375,99.22000122070312,91.75,95.27999877929688,82.79649353027344,5582000,0.0,0.0
2020-07-30 00:00:00-04:00,94.37999725341797,96.55999755859375,92.44999694824219,93.55999755859375,81.30184936523438,2526300,0.0,0.0
2020-07-31 00:00:00-04:00,93.54000091552734,93.88999938964844,91.80999755859375,93.72000122070312,81.44088745117188,2037300,0.0,0.0
2020-08-03 00:00:00-04:00,93.66999816894531,94.5,91.86000061035156,93.54000091552734,81.28446197509766,1714100,0.0,0.0
2020-08-04 00:00:00-04:00,92.93000030517578,95.79000091552734,92.16999816894531,95.45999908447266,82.9529037475586,2278300,0.0,0.0
2020-08-05 00:00:00-04:00,96.23999786376953,96.48999786376953,94.41999816894531,95.51000213623047,82.9963607788086,1364000,0.0,0.0
2020-08-06 00:00:00-04:00,94.62999725341797,95.47000122070312,94.19999694824219,95.16000366210938,82.69219207763672,691100,0.0,0.0
2020-08-07 00:00:00-04:00,95.05000305175781,96.66999816894531,94.01000213623047,95.79000091552734,83.23965454101562,1270100,0.0,0.0
2020-08-10 00:00:00-04:00,96.3499984741211,96.9800033569336,95.72000122070312,96.63999938964844,83.97827911376953,977400,0.0,0.0
2020-08-11 00:00:00-04:00,97.0,97.48999786376953,95.11000061035156,95.30000305175781,82.8138656616211,980400,0.0,0.0
2020-08-12 00:00:00-04:00,96.16999816894531,96.86000061035156,95.51000213623047,95.68000030517578,83.14408874511719,1266600,0.0,0.0
2020-08-13 00:00:00-04:00,95.41999816894531,95.80000305175781,94.45999908447266,95.12000274658203,82.65746307373047,1235200,0.0,0.0
2020-08-14 00:00:00-04:00,95.62000274658203,96.01000213623047,94.69000244140625,95.08000183105469,82.6227035522461,910400,0.0,0.0
2020-08-17 00:00:00-04:00,93.7300033569336,95.93000030517578,93.52999877929688,95.27999877929688,82.79649353027344,982100,0.0,0.0
2020-08-18 00:00:00-04:00,95.26000213623047,95.6500015258789,94.5999984741211,94.95999908447266,82.51842498779297,766200,0.0,0.0
2020-08-19 00:00:00-04:00,95.19999694824219,95.88999938964844,94.66999816894531,95.43000030517578,82.92684173583984,785100,0.0,0.0
2020-08-20 00:00:00-04:00,95.19999694824219,96.63999938964844,94.91999816894531,96.52999877929688,83.88272094726562,1089600,0.0,0.0
2020-08-21 00:00:00-04:00,96.16999816894531,96.8499984741211,95.68000030517578,96.48999786376953,83.84796905517578,1225200,0.0,0.0
2020-08-24 00:00:00-04:00,96.94999694824219,97.19000244140625,95.75,96.9800033569336,84.27377319335938,1051300,0.0,0.0
2020-08-25 00:00:00-04:00,97.33000183105469,97.75,96.20999908447266,96.55000305175781,83.90010833740234,1008800,0.0,0.0
2020-08-26 00:00:00-04:00,96.2699966430664,97.5,95.94999694824219,97.27999877929688,84.53445434570312,882200,0.0,0.0
2020-08-27 00:00:00-04:00,97.91000366210938,98.9800033569336,97.1500015258789,98.26000213623047,85.38605499267578,1451900,0.0,0.0
2020-08-28 00:00:00-04:00,98.30999755859375,98.87999725341797,97.5999984741211,98.7300033569336,85.79448699951172,2159100,0.0,0.0
2020-08-31 00:00:00-04:00,98.91999816894531,99.66999816894531,97.80000305175781,98.30000305175781,85.42082214355469,1357500,0.0,0.0
2020-09-01 00:00:00-04:00,98.2300033569336,99.33999633789062,97.58999633789062,99.22000122070312,86.22029113769531,930900,0.0,0.0
2020-09-02 00:00:00-04:00,99.30999755859375,99.93000030517578,98.83000183105469,99.66999816894531,86.611328125,1273300,0.0,0.0
2020-09-03 00:00:00-04:00,99.0,99.0,96.72000122070312,97.61000061035156,85.25748443603516,1107100,0.51,0.0
2020-09-04 00:00:00-04:00,98.01000213623047,98.29000091552734,96.2300033569336,97.9000015258789,85.51078033447266,1263000,0.0,0.0
2020-09-08 00:00:00-04:00,97.33000183105469,97.33000183105469,95.69000244140625,95.72000122070312,83.60663604736328,1152200,0.0,0.0
2020-09-09 00:00:00-04:00,96.44999694824219,99.52999877929688,96.44999694824219,99.01000213623047,86.48030853271484,1122800,0.0,0.0
2020-09-10 00:00:00-04:00,99.4800033569336,101.06999969482422,98.38999938964844,98.55000305175781,86.07852935791016,1620500,0.0,0.0
2020-09-11 00:00:00-04:00,98.62000274658203,99.54000091552734,97.79000091552734,98.66000366210938,86.17460632324219,1259600,0.0,0.0
2020-09-14 00:00:00-04:00,99.18000030517578,101.2699966430664,99.0,100.70999908447266,87.96514892578125,2157700,0.0,0.0
2020-09-15 00:00:00-04:00,101.19000244140625,104.87000274658203,100.91999816894531,104.05999755859375,90.8912124633789,2748800,0.0,0.0
2020-09-16 00:00:00-04:00,104.94000244140625,105.70999908447266,103.33999633789062,103.48999786376953,90.39335632324219,2527100,0.0,0.0
2020-09-17 00:00:00-04:00,102.13999938964844,104.4800033569336,101.94999694824219,103.56999969482422,90.46322631835938,1267500,0.0,0.0
2020-09-18 00:00:00-04:00,103.25,104.83999633789062,102.5199966430664,103.12999725341797,90.07891082763672,2272500,0.0,0.0
2020-09-21 00:00:00-04:00,102.37000274658203,102.70999908447266,100.29000091552734,101.94999694824219,89.04824829101562,1266800,0.0,0.0
2020-09-22 00:00:00-04:00,102.61000061035156,103.56999969482422,101.91999816894531,102.55999755859375,89.58104705810547,1260500,0.0,0.0
2020-09-23 00:00:00-04:00,102.43000030517578,103.48999786376953,101.06999969482422,101.16999816894531,88.366943359375,1421800,0.0,0.0
2020-09-24 00:00:00-04:00,100.5,102.70999908447266,99.30999755859375,101.80000305175781,88.91722869873047,1113100,0.0,0.0
2020-09-25 00:00:00-04:00,101.19000244140625,102.83000183105469,100.97000122070312,102.36000061035156,89.40637969970703,848300,0.0,0.0
2020-09-28 00:00:00-04:00,103.5,104.54000091552734,102.68000030517578,103.25,90.18373107910156,1043800,0.0,0.0
2020-09-29 00:00:00-04:00,103.61000061035156,104.94999694824219,102.94999694824219,103.69999694824219,90.5767822265625,1198000,0.0,0.0
2020-09-30 00:00:00-04:00,104.11000061035156,105.5999984741211,101.7300033569336,102.19000244140625,89.25788879394531,1514700,0.0,0.0
2020-10-01 00:00:00-04:00,103.08999633789062,103.70999908447266,100.83999633789062,101.22000122070312,88.41061401367188,936400,0.0,0.0
2020-10-02 00:00:00-04:00,100.12999725341797,101.69000244140625,99.0,100.87000274658203,88.10491943359375,1241100,0.0,0.0
2020-10-05 00:00:00-04:00,102.20999908447266,104.33999633789062,101.87999725341797,104.0,90.83882904052734,1271800,0.0,0.0
2020-10-06 00:00:00-04:00,103.4000015258789,104.2699966430664,102.25,103.58999633789062,90.480712890625,1112600,0.0,0.0
2020-10-07 00:00:00-04:00,104.66000366210938,106.47000122070312,104.20999908447266,106.16000366210938,92.72547149658203,1261000,0.0,0.0
2020-10-08 00:00:00-04:00,106.4800033569336,106.75,105.61000061035156,106.13999938964844,92.70801544189453,848300,0.0,0.0
2020-10-09 00:00:00-04:00,106.5999984741211,106.61000061035156,104.81999969482422,105.44999694824219,92.10531616210938,1019600,0.0,0.0
2020-10-12 00:00:00-04:00,106.0199966430664,106.29000091552734,104.4800033569336,105.0199966430664,91.729736328125,952000,0.0,0.0
2020-10-13 00:00:00-04:00,104.95999908447266,105.86000061035156,104.4800033569336,104.61000061035156,91.37162780761719,838200,0.0,0.0
2020-10-14 00:00:00-04:00,105.13999938964844,105.52999877929688,104.19000244140625,104.81999969482422,91.55504608154297,978000,0.0,0.0
2020-10-15 00:00:00-04:00,104.20999908447266,105.20999908447266,103.54000091552734,105.12000274658203,91.81707763671875,880100,0.0,0.0
2020-10-16 00:00:00-04:00,103.9000015258789,104.31999969482422,100.04000091552734,100.2300033569336,87.54591369628906,1926400,0.0,0.0
2020-10-19 00:00:00-04:00,100.26000213623047,101.43000030517578,99.48999786376953,100.0,87.34500885009766,1357200,0.0,0.0
2020-10-20 00:00:00-04:00,100.66999816894531,102.0999984741211,99.97000122070312,100.51000213623047,87.79046630859375,1019800,0.0,0.0
2020-10-21 00:00:00-04:00,100.44000244140625,102.47000122070312,99.97000122070312,100.7699966430664,88.0175552368164,1251800,0.0,0.0
2020-10-22 00:00:00-04:00,100.62000274658203,101.04000091552734,99.0,99.58000183105469,86.9781494140625,1144700,0.0,0.0
2020-10-23 00:00:00-04:00,99.80000305175781,100.73999786376953,99.16999816894531,100.54000091552734,87.8166732788086,945200,0.0,0.0
2020-10-26 00:00:00-04:00,100.31999969482422,100.43000030517578,98.08999633789062,99.58999633789062,86.98690032958984,1544000,0.0,0.0
2020-10-27 00:00:00-04:00,99.41000366210938,101.61000061035156,99.26000213623047,100.02999877929688,87.37122344970703,1626500,0.0,0.0
2020-10-28 00:00:00-04:00,94.43000030517578,95.02999877929688,88.3499984741211,88.58000183105469,77.37022399902344,4192600,0.0,0.0
2020-10-29 00:00:00-04:00,88.01000213623047,91.37000274658203,88.0,90.08000183105469,78.68040466308594,2031700,0.0,0.0
2020-10-30 00:00:00-04:00,89.62000274658203,90.0,86.80000305175781,88.43000030517578,77.23919677734375,2411400,0.0,0.0
2020-11-02 00:00:00-05:00,89.97000122070312,90.04000091552734,86.77999877929688,87.33999633789062,76.2871322631836,1800200,0.0,0.0
2020-11-03 00:00:00-05:00,88.5,89.5999984741211,87.52999877929688,89.22000122070312,77.92921447753906,1352300,0.0,0.0
2020-11-04 00:00:00-05:00,89.12999725341797,90.76000213623047,88.01000213623047,88.11000061035156,76.9596939086914,1173400,0.0,0.0
2020-11-05 00:00:00-05:00,89.68000030517578,89.93000030517578,87.97000122070312,88.80000305175781,77.5623779296875,1399200,0.0,0.0
2020-11-06 00:00:00-05:00,88.83999633789062,90.97000122070312,88.02999877929688,90.62000274658203,79.15206146240234,1362100,0.0,0.0
2020-11-09 00:00:00-05:00,95.2300033569336,95.98999786376953,91.4800033569336,93.91999816894531,82.03445434570312,2417500,0.0,0.0
2020-11-10 00:00:00-05:00,93.44999694824219,94.72000122070312,92.5,93.88999938964844,82.00823974609375,1404100,0.0,0.0
2020-11-11 00:00:00-05:00,93.80000305175781,94.55000305175781,91.98999786376953,93.33000183105469,81.51911163330078,1170400,0.0,0.0
2020-11-12 00:00:00-05:00,93.45999908447266,93.66999816894531,89.80999755859375,90.54000091552734,79.0821762084961,1359200,0.0,0.0
2020-11-13 00:00:00-05:00,91.19000244140625,92.62000274658203,91.18000030517578,91.97000122070312,80.3311996459961,836700,0.0,0.0
2020-11-16 00:00:00-05:00,93.1500015258789,93.98999786376953,91.66999816894531,92.91999816894531,81.1609878540039,968200,0.0,0.0
2020-11-17 00:00:00-05:00,92.80999755859375,93.95999908447266,91.30000305175781,93.55000305175781,81.71127319335938,881500,0.0,0.0
2020-11-18 00:00:00-05:00,93.22000122070312,93.97000122070312,92.23999786376953,92.87999725341797,81.12604522705078,2039400,0.0,0.0
2020-11-19 00:00:00-05:00,92.4000015258789,94.0199966430664,91.37000274658203,93.7699966430664,81.90343475341797,1207600,0.0,0.0
2020-11-20 00:00:00-05:00,94.69000244140625,94.86000061035156,91.97000122070312,92.58999633789062,80.87274169921875,1272000,0.0,0.0
2020-11-23 00:00:00-05:00,92.4000015258789,93.5199966430664,91.19000244140625,92.16999816894531,80.50590515136719,1211300,0.0,0.0
2020-11-24 00:00:00-05:00,92.87000274658203,95.05999755859375,92.16999816894531,94.41999816894531,82.47114562988281,1146000,0.0,0.0
2020-11-25 00:00:00-05:00,94.01000213623047,94.20999908447266,92.79000091552734,93.02999877929688,81.25707244873047,1021300,0.0,0.0
2020-11-27 00:00:00-05:00,92.83999633789062,93.25,91.80000305175781,92.72000122070312,80.9863052368164,682600,0.0,0.0
2020-11-30 00:00:00-05:00,93.04000091552734,94.04000091552734,92.62999725341797,93.97000122070312,82.07810974121094,2328700,0.0,0.0
2020-12-01 00:00:00-05:00,94.0199966430664,95.4000015258789,93.55999755859375,93.83000183105469,81.95584106445312,1716100,0.0,0.0
2020-12-02 00:00:00-05:00,93.55999755859375,93.81999969482422,91.25,92.30000305175781,80.61943817138672,951600,0.0,0.0
2020-12-03 00:00:00-05:00,92.11000061035156,93.52999877929688,92.11000061035156,92.52999877929688,80.8203353881836,805800,0.0,0.0
2020-12-04 00:00:00-05:00,92.66000366210938,93.3499984741211,92.01000213623047,92.93000030517578,81.16972351074219,965600,0.0,0.0
2020-12-07 00:00:00-05:00,92.8499984741211,93.26000213623047,92.52999877929688,93.22000122070312,81.42302703857422,656000,0.0,0.0
2020-12-08 00:00:00-05:00,93.05000305175781,94.66000366210938,92.95999908447266,94.27999877929688,82.34888458251953,826600,0.0,0.0
2020-12-09 00:00:00-05:00,94.30999755859375,95.13999938964844,93.94999694824219,95.08000183105469,83.04763793945312,1135700,0.0,0.0
2020-12-10 00:00:00-05:00,93.98999786376953,94.93000030517578,92.37999725341797,92.72000122070312,80.9863052368164,1110200,0.0,0.0
2020-12-11 00:00:00-05:00,92.62999725341797,93.66000366210938,92.20999908447266,93.16999816894531,81.82943725585938,875600,0.51,0.0
2020-12-14 00:00:00-05:00,94.08000183105469,94.3499984741211,91.33999633789062,91.77999877929688,80.60865020751953,1145000,0.0,0.0
2020-12-15 00:00:00-05:00,92.0199966430664,92.86000061035156,90.20999908447266,90.25,79.26487731933594,1435700,0.0,0.0
2020-12-16 00:00:00-05:00,90.6500015258789,91.87000274658203,90.44999694824219,91.44000244140625,80.31000518798828,798100,0.0,0.0
2020-12-17 00:00:00-05:00,91.94000244140625,92.83999633789062,91.3499984741211,92.29000091552734,81.05655670166016,996900,0.0,0.0
2020-12-18 00:00:00-05:00,91.9800033569336,92.94000244140625,91.2300033569336,92.5999984741211,81.32884216308594,2250700,0.0,0.0
2020-12-21 00:00:00-05:00,91.94999694824219,94.41999816894531,91.22000122070312,93.4800033569336,82.1017074584961,946900,0.0,0.0
2020-12-22 00:00:00-05:00,94.12999725341797,94.98999786376953,93.12000274658203,94.38999938964844,82.90095520019531,1028300,0.0,0.0
2020-12-23 00:00:00-05:00,94.19000244140625,95.19999694824219,93.26000213623047,93.79000091552734,82.37399291992188,925500,0.0,0.0
2020-12-24 00:00:00-05:00,94.72000122070312,95.0,93.91999816894531,94.66000366210938,83.1380844116211,405800,0.0,0.0
2020-12-28 00:00:00-05:00,94.43000030517578,95.56999969482422,94.26000213623047,94.66999816894531,83.1468734741211,608100,0.0,0.0
2020-12-29 00:00:00-05:00,94.87999725341797,95.45999908447266,93.30000305175781,93.72000122070312,82.31250762939453,1162000,0.0,0.0
2020-12-30 00:00:00-05:00,93.81999969482422,94.4000015258789,92.7699966430664,93.04000091552734,81.71526336669922,623600,0.0,0.0
2020-12-31 00:00:00-05:00,93.23999786376953,93.91000366210938,92.76000213623047,93.87000274658203,82.44424438476562,665200,0.0,0.0
2021-01-04 00:00:00-05:00,93.6500015258789,93.97000122070312,91.80000305175781,92.37000274658203,81.1268310546875,1138900,0.0,0.0
2021-01-05 00:00:00-05:00,91.93000030517578,93.58000183105469,90.58000183105469,91.5,80.36272430419922,1439800,0.0,0.0
2021-01-06 00:00:00-05:00,92.1500015258789,95.4000015258789,92.1500015258789,95.23999786376953,83.64749145507812,1509400,0.0,0.0
2021-01-07 00:00:00-05:00,95.48999786376953,96.33000183105469,94.44000244140625,96.16000366210938,84.45550537109375,1088700,0.0,0.0
2021-01-08 00:00:00-05:00,96.2699966430664,98.6500015258789,96.11000061035156,97.36000061035156,85.50943756103516,1249700,0.0,0.0
2021-01-11 00:00:00-05:00,97.18000030517578,97.19999694824219,94.45999908447266,96.52999877929688,84.78046417236328,991600,0.0,0.0
2021-01-12 00:00:00-05:00,96.36000061035156,98.18000030517578,95.25,97.9000015258789,85.98371887207031,936800,0.0,0.0
2021-01-13 00:00:00-05:00,97.86000061035156,98.02999877929688,95.4800033569336,95.70999908447266,84.06026458740234,954000,0.0,0.0
2021-01-14 00:00:00-05:00,96.61000061035156,97.70999908447266,95.83999633789062,97.37000274658203,85.51823425292969,772900,0.0,0.0
2021-01-15 00:00:00-05:00,97.33999633789062,97.9000015258789,94.69000244140625,95.20999908447266,83.62113189697266,1505700,0.0,0.0
2021-01-19 00:00:00-05:00,96.05999755859375,97.98999786376953,95.55999755859375,96.44000244140625,84.70143127441406,1608600,0.0,0.0
2021-01-20 00:00:00-05:00,97.5,100.5,96.58000183105469,98.80000305175781,86.774169921875,2013900,0.0,0.0
2021-01-21 00:00:00-05:00,98.44000244140625,99.9000015258789,97.94000244140625,97.94999694824219,86.02762603759766,1226700,0.0,0.0
2021-01-22 00:00:00-05:00,96.55000305175781,98.37000274658203,96.51000213623047,97.80000305175781,85.89588165283203,801500,0.0,0.0
2021-01-25 00:00:00-05:00,97.83000183105469,99.98999786376953,97.68000030517578,99.31999969482422,87.23088073730469,1377200,0.0,0.0
2021-01-26 00:00:00-05:00,99.16999816894531,100.45999908447266,96.5999984741211,97.5,85.63241577148438,2526900,0.0,0.0
2021-01-27 00:00:00-05:00,91.66000366210938,95.4000015258789,89.05999755859375,91.5199966430664,80.38027954101562,3167100,0.0,0.0
2021-01-28 00:00:00-05:00,92.94999694824219,93.52999877929688,88.91000366210938,88.98999786376953,78.15824127197266,1789600,0.0,0.0
2021-01-29 00:00:00-05:00,88.9800033569336,89.41000366210938,84.7699966430664,85.55999755859375,75.14573669433594,2347500,0.0,0.0
2021-02-01 00:00:00-05:00,85.55999755859375,86.81999969482422,85.30000305175781,86.43000030517578,75.90982818603516,1251800,0.0,0.0
2021-02-02 00:00:00-05:00,87.54000091552734,88.80000305175781,86.38999938964844,86.62000274658203,76.07671356201172,1289500,0.0,0.0
2021-02-03 00:00:00-05:00,86.61000061035156,87.5199966430664,86.27999877929688,86.93000030517578,76.3489761352539,970200,0.0,0.0
2021-02-04 00:00:00-05:00,87.4000015258789,87.98999786376953,86.23999786376953,87.30999755859375,76.68270874023438,888400,0.0,0.0
2021-02-05 00:00:00-05:00,87.37999725341797,88.86000061035156,86.87999725341797,88.83999633789062,78.02647399902344,766000,0.0,0.0
2021-02-08 00:00:00-05:00,89.19999694824219,90.08999633789062,88.8499984741211,89.97000122070312,79.01895141601562,1025200,0.0,0.0
2021-02-09 00:00:00-05:00,90.27999877929688,91.91999816894531,89.69000244140625,91.87000274658203,80.68768310546875,931000,0.0,0.0
2021-02-10 00:00:00-05:00,92.0,92.30000305175781,89.91999816894531,90.95999908447266,79.88845825195312,897300,0.0,0.0
2021-02-11 00:00:00-05:00,91.52999877929688,91.68000030517578,89.06999969482422,90.27999877929688,79.29122924804688,738200,0.0,0.0
2021-02-12 00:00:00-05:00,90.19999694824219,91.47000122070312,90.13999938964844,91.30000305175781,80.18705749511719,655300,0.0,0.0
2021-02-16 00:00:00-05:00,91.41000366210938,92.0,88.33999633789062,88.5,77.72785186767578,1057600,0.0,0.0
2021-02-17 00:00:00-05:00,88.25,90.04000091552734,87.33000183105469,89.94999694824219,79.00138092041016,883700,0.0,0.0
2021-02-18 00:00:00-05:00,89.51000213623047,91.44000244140625,89.33999633789062,91.23999786376953,80.13439178466797,713600,0.0,0.0
2021-02-19 00:00:00-05:00,91.41999816894531,92.19000244140625,90.54000091552734,90.77999877929688,79.7303466796875,941700,0.0,0.0
2021-02-22 00:00:00-05:00,90.7300033569336,90.7300033569336,89.37999725341797,89.81999969482422,78.88721466064453,735400,0.0,0.0
2021-02-23 00:00:00-05:00,89.77999877929688,90.7300033569336,88.36000061035156,89.77999877929688,78.8520736694336,736000,0.0,0.0
2021-02-24 00:00:00-05:00,89.66000366210938,90.5,89.2300033569336,90.02999877929688,79.07164001464844,1080400,0.0,0.0
2021-02-25 00:00:00-05:00,90.33000183105469,91.2300033569336,89.76000213623047,90.0,79.0452880859375,904600,0.0,0.0
2021-02-26 00:00:00-05:00,90.0,92.08000183105469,89.79000091552734,90.8499984741211,79.79185485839844,1404100,0.0,0.0
2021-03-01 00:00:00-05:00,91.47000122070312,93.08999633789062,91.3499984741211,92.22000122070312,80.99507904052734,849600,0.0,0.0
2021-03-02 00:00:00-05:00,92.20999908447266,94.30999755859375,91.94999694824219,93.12000274658203,81.7855224609375,1367900,0.0,0.0
2021-03-03 00:00:00-05:00,92.94999694824219,94.93000030517578,91.9800033569336,92.97000122070312,81.65381622314453,1183200,0.0,0.0
2021-03-04 00:00:00-05:00,92.87999725341797,93.33000183105469,91.69000244140625,91.98999786376953,81.23873138427734,1229400,0.51,0.0
2021-03-05 00:00:00-05:00,92.0,94.58999633789062,91.43000030517578,94.02999877929688,83.04029083251953,1000000,0.0,0.0
2021-03-08 00:00:00-05:00,94.87999725341797,95.37000274658203,91.73999786376953,91.80999755859375,81.07974243164062,1105200,0.0,0.0
2021-03-09 00:00:00-05:00,92.7699966430664,95.16000366210938,92.0999984741211,93.61000061035156,82.66938018798828,988500,0.0,0.0
2021-03-10 00:00:00-05:00,93.91000366210938,94.8499984741211,93.58999633789062,94.5199966430664,83.4730453491211,800700,0.0,0.0
2021-03-11 00:00:00-05:00,94.20999908447266,95.05999755859375,93.33999633789062,94.52999877929688,83.48185729980469,982900,0.0,0.0
2021-03-12 00:00:00-05:00,95.0,96.33000183105469,94.45999908447266,95.91999816894531,84.70940399169922,767200,0.0,0.0
2021-03-15 00:00:00-04:00,96.05000305175781,97.26000213623047,95.97000122070312,97.22000122070312,85.85747528076172,739600,0.0,0.0
2021-03-16 00:00:00-04:00,96.87999725341797,97.18000030517578,94.83999633789062,96.18000030517578,84.93901062011719,688400,0.0,0.0
2021-03-17 00:00:00-04:00,96.68000030517578,96.68000030517578,94.5,95.18000030517578,84.055908203125,696600,0.0,0.0
2021-03-18 00:00:00-04:00,94.76000213623047,97.2300033569336,94.76000213623047,95.61000061035156,84.43563842773438,844100,0.0,0.0
2021-03-19 00:00:00-04:00,96.30999755859375,97.37000274658203,95.45999908447266,96.69999694824219,85.39824676513672,2266600,0.0,0.0
2021-03-22 00:00:00-04:00,97.27999877929688,97.27999877929688,94.5999984741211,95.58999633789062,84.41796875,1311200,0.0,0.0
2021-03-23 00:00:00-04:00,95.38999938964844,96.05000305175781,94.66000366210938,95.11000061035156,83.99408721923828,669400,0.0,0.0
2021-03-24 00:00:00-04:00,95.13999938964844,96.63999938964844,94.83000183105469,95.06999969482422,83.95877075195312,808100,0.0,0.0
2021-03-25 00:00:00-04:00,95.62000274658203,96.73999786376953,94.5999984741211,96.27999877929688,85.02735137939453,699900,0.0,0.0
2021-03-26 00:00:00-04:00,96.86000061035156,97.87000274658203,96.5,97.69999694824219,86.28136444091797,1159500,0.0,0.0
2021-03-29 00:00:00-04:00,97.69999694824219,98.9000015258789,96.7300033569336,97.41000366210938,86.02527618408203,884600,0.0,0.0
2021-03-30 00:00:00-04:00,97.5,98.37999725341797,97.4000015258789,97.80999755859375,86.37852478027344,803900,0.0,0.0
2021-03-31 00:00:00-04:00,98.13999938964844,98.26000213623047,95.08000183105469,95.43000030517578,84.27666473388672,1259400,0.0,0.0
2021-04-01 00:00:00-04:00,95.5999984741211,97.48999786376953,95.0,97.1500015258789,85.795654296875,919600,0.0,0.0
2021-04-05 00:00:00-04:00,97.97000122070312,98.6500015258789,97.05000305175781,97.68000030517578,86.26370239257812,800600,0.0,0.0
2021-04-06 00:00:00-04:00,97.0,98.25,97.0,97.55999755859375,86.15773010253906,812400,0.0,0.0
2021-04-07 00:00:00-04:00,97.2699966430664,97.76000213623047,96.02999877929688,96.2699966430664,85.01848602294922,620000,0.0,0.0
2021-04-08 00:00:00-04:00,96.06999969482422,96.69999694824219,95.45999908447266,96.51000213623047,85.2304458618164,658800,0.0,0.0
2021-04-09 00:00:00-04:00,96.86000061035156,97.80999755859375,96.54000091552734,97.44999694824219,86.06060028076172,547500,0.0,0.0
2021-04-12 00:00:00-04:00,97.48999786376953,99.13999938964844,97.22000122070312,99.04000091552734,87.46475219726562,762400,0.0,0.0
2021-04-13 00:00:00-04:00,98.80000305175781,99.31999969482422,97.44999694824219,98.20999908447266,86.73176574707031,882300,0.0,0.0
2021-04-14 00:00:00-04:00,98.0,98.7300033569336,97.41999816894531,98.5199966430664,87.00553131103516,736700,0.0,0.0
2021-04-15 00:00:00-04:00,99.04000091552734,101.02999877929688,98.19000244140625,100.76000213623047,88.9837417602539,1202400,0.0,0.0
2021-04-16 00:00:00-04:00,101.37000274658203,104.3499984741211,100.30000305175781,100.76000213623047,88.9837417602539,1549600,0.0,0.0
2021-04-19 00:00:00-04:00,100.55999755859375,100.55999755859375,98.33999633789062,98.63999938964844,87.11150360107422,785100,0.0,0.0
2021-04-20 00:00:00-04:00,98.97000122070312,99.66999816894531,98.33000183105469,99.4800033569336,87.85333251953125,704300,0.0,0.0
2021-04-21 00:00:00-04:00,99.68000030517578,100.58000183105469,98.69000244140625,98.94999694824219,87.38526153564453,962000,0.0,0.0
2021-04-22 00:00:00-04:00,98.77999877929688,100.04000091552734,98.43000030517578,99.16999816894531,87.5795669555664,814700,0.0,0.0
2021-04-23 00:00:00-04:00,99.55999755859375,100.30000305175781,98.83999633789062,99.77999877929688,88.11827850341797,839300,0.0,0.0
2021-04-26 00:00:00-04:00,100.62000274658203,100.69999694824219,97.75,98.13999938964844,86.66996002197266,994700,0.0,0.0
2021-04-27 00:00:00-04:00,98.19999694824219,99.26000213623047,96.3499984741211,96.58999633789062,85.30109405517578,1755600,0.0,0.0
2021-04-28 00:00:00-04:00,93.9000015258789,95.0,92.0,93.62999725341797,82.68704223632812,2490400,0.0,0.0
2021-04-29 00:00:00-04:00,93.94000244140625,97.44000244140625,93.5999984741211,97.43000030517578,86.04293060302734,1642600,0.0,0.0
2021-04-30 00:00:00-04:00,97.47000122070312,98.5199966430664,96.26000213623047,97.08000183105469,85.73383331298828,2316300,0.0,0.0
2021-05-03 00:00:00-04:00,97.11000061035156,100.0,97.11000061035156,99.06999969482422,87.49124145507812,1390500,0.0,0.0
2021-05-04 00:00:00-04:00,99.94000244140625,99.94000244140625,98.37999725341797,99.30000305175781,87.69437408447266,1103600,0.0,0.0
2021-05-05 00:00:00-04:00,99.38999938964844,99.75,97.87000274658203,98.87000274658203,87.31462860107422,895300,0.0,0.0
2021-05-06 00:00:00-04:00,98.91999816894531,99.41000366210938,97.1500015258789,98.0199966430664,86.56396484375,962000,0.0,0.0
2021-05-07 00:00:00-04:00,98.05999755859375,99.77999877929688,97.33000183105469,99.51000213623047,87.87982177734375,897400,0.0,0.0
2021-05-10 00:00:00-04:00,100.0,102.6500015258789,99.94000244140625,101.7300033569336,89.84037017822266,1398000,0.0,0.0
2021-05-11 00:00:00-04:00,101.02999877929688,101.19999694824219,98.0199966430664,99.08999633789062,87.50891876220703,954100,0.0,0.0
2021-05-12 00:00:00-04:00,98.1500015258789,98.75,97.02999877929688,97.1500015258789,85.795654296875,1083500,0.0,0.0
2021-05-13 00:00:00-04:00,97.44999694824219,99.69000244140625,97.30000305175781,99.20999908447266,87.61490631103516,669000,0.0,0.0
2021-05-14 00:00:00-04:00,99.36000061035156,100.27999877929688,98.9000015258789,99.77999877929688,88.11827850341797,679800,0.0,0.0
2021-05-17 00:00:00-04:00,99.54000091552734,99.98999786376953,98.62000274658203,99.02999877929688,87.45592498779297,679600,0.0,0.0
2021-05-18 00:00:00-04:00,99.05999755859375,99.5,97.41000366210938,97.48999786376953,86.09590911865234,660900,0.0,0.0
2021-05-19 00:00:00-04:00,97.02999877929688,97.47000122070312,95.41999816894531,97.37999725341797,85.99876403808594,1011800,0.0,0.0
2021-05-20 00:00:00-04:00,97.3499984741211,98.0199966430664,96.4000015258789,96.51000213623047,85.2304458618164,946200,0.0,0.0
2021-05-21 00:00:00-04:00,96.37000274658203,97.93000030517578,96.33999633789062,96.58000183105469,85.29227447509766,2444900,0.0,0.0
2021-05-24 00:00:00-04:00,97.62000274658203,97.88999938964844,96.27999877929688,97.72000122070312,86.29904174804688,821800,0.0,0.0
2021-05-25 00:00:00-04:00,97.70999908447266,97.86000061035156,95.76000213623047,96.13999938964844,84.90369415283203,1015600,0.0,0.0
2021-05-26 00:00:00-04:00,96.0,97.3499984741211,95.97000122070312,97.33999633789062,85.96344757080078,857300,0.0,0.0
2021-05-27 00:00:00-04:00,97.73999786376953,98.37000274658203,96.94000244140625,97.12999725341797,85.77798461914062,1518800,0.0,0.0
2021-05-28 00:00:00-04:00,97.23999786376953,98.56999969482422,96.79000091552734,97.0199966430664,85.68086242675781,936300,0.0,0.0
2021-06-01 00:00:00-04:00,97.63999938964844,97.75,96.12999725341797,96.41999816894531,85.15098571777344,792100,0.0,0.0
2021-06-02 00:00:00-04:00,96.7300033569336,96.7300033569336,95.29000091552734,95.56999969482422,84.40032196044922,760100,0.0,0.0
2021-06-03 00:00:00-04:00,95.05999755859375,96.36000061035156,94.3499984741211,96.16000366210938,85.37696838378906,1332800,0.51,0.0
2021-06-04 00:00:00-04:00,95.81999969482422,96.54000091552734,95.58000183105469,96.33999633789062,85.5367660522461,971700,0.0,0.0
2021-06-07 00:00:00-04:00,98.58000183105469,98.73999786376953,96.88999938964844,98.55000305175781,87.49895477294922,1071400,0.0,0.0
2021-06-08 00:00:00-04:00,98.12999725341797,99.0999984741211,97.72000122070312,98.66999816894531,87.60549926757812,1035500,0.0,0.0
2021-06-09 00:00:00-04:00,99.11000061035156,99.31999969482422,98.2699966430664,99.0,87.89848327636719,1165200,0.0,0.0
2021-06-10 00:00:00-04:00,99.36000061035156,99.58999633789062,98.4000015258789,99.16999816894531,88.04943084716797,1106000,0.0,0.0
2021-06-11 00:00:00-04:00,99.30000305175781,100.06999969482422,99.16999816894531,100.0,88.78636169433594,760400,0.0,0.0
2021-06-14 00:00:00-04:00,100.1500015258789,100.22000122070312,98.41000366210938,98.70999908447266,87.64102935791016,897100,0.0,0.0
2021-06-15 00:00:00-04:00,98.68000030517578,99.37000274658203,97.87000274658203,99.18000030517578,88.05831146240234,742800,0.0,0.0
2021-06-16 00:00:00-04:00,99.37000274658203,99.37000274658203,96.36000061035156,96.47000122070312,85.6521987915039,986000,0.0,0.0
2021-06-17 00:00:00-04:00,96.4000015258789,96.69000244140625,94.5199966430664,95.0199966430664,84.36477661132812,990000,0.0,0.0
2021-06-18 00:00:00-04:00,93.94999694824219,94.38999938964844,92.02999877929688,92.88999938964844,82.47364807128906,1977500,0.0,0.0
2021-06-21 00:00:00-04:00,93.52999877929688,95.08000183105469,93.33999633789062,94.3499984741211,83.76991271972656,781100,0.0,0.0
2021-06-22 00:00:00-04:00,94.13999938964844,95.52999877929688,93.76000213623047,95.36000061035156,84.66667938232422,867900,0.0,0.0
2021-06-23 00:00:00-04:00,95.54000091552734,95.73999786376953,94.33000183105469,94.3499984741211,83.76991271972656,629600,0.0,0.0
2021-06-24 00:00:00-04:00,95.04000091552734,95.04000091552734,94.0199966430664,94.3499984741211,83.76991271972656,509600,0.0,0.0
2021-06-25 00:00:00-04:00,94.12000274658203,95.91999816894531,93.76000213623047,95.79000091552734,85.04844665527344,1018800,0.0,0.0
2021-06-28 00:00:00-04:00,95.98999786376953,95.98999786376953,94.11000061035156,94.2699966430664,83.69889068603516,711100,0.0,0.0
2021-06-29 00:00:00-04:00,94.29000091552734,94.9800033569336,93.5199966430664,94.54000091552734,83.93861389160156,704600,0.0,0.0
2021-06-30 00:00:00-04:00,94.20999908447266,94.4000015258789,93.1500015258789,93.66999816894531,83.16619873046875,2089200,0.0,0.0
2021-07-01 00:00:00-04:00,94.13999938964844,94.30999755859375,92.37000274658203,94.20999908447266,83.64561462402344,1300500,0.0,0.0
2021-07-02 00:00:00-04:00,94.25,94.6500015258789,93.54000091552734,93.77999877929688,83.26385498046875,758400,0.0,0.0
2021-07-06 00:00:00-04:00,93.61000061035156,93.61000061035156,91.93000030517578,92.81999969482422,82.41150665283203,948500,0.0,0.0
2021-07-07 00:00:00-04:00,92.7699966430664,93.80000305175781,92.36000061035156,93.33999633789062,82.87320709228516,847400,0.0,0.0
2021-07-08 00:00:00-04:00,92.5199966430664,92.69999694824219,91.41000366210938,91.76000213623047,81.47036743164062,782000,0.0,0.0
2021-07-09 00:00:00-04:00,92.66000366210938,93.37000274658203,92.36000061035156,93.16999816894531,82.72225952148438,829500,0.0,0.0
2021-07-12 00:00:00-04:00,93.16999816894531,93.56999969482422,92.41000366210938,92.73999786376953,82.34049224853516,686700,0.0,0.0
2021-07-13 00:00:00-04:00,92.0199966430664,92.98999786376953,92.0199966430664,92.62000274658203,82.23391723632812,1005900,0.0,0.0
2021-07-14 00:00:00-04:00,93.08999633789062,95.36000061035156,92.83000183105469,94.6500015258789,84.03628540039062,1332400,0.0,0.0
2021-07-15 00:00:00-04:00,94.20999908447266,95.5999984741211,93.81999969482422,93.94000244140625,83.4059066772461,905300,0.0,0.0
2021-07-16 00:00:00-04:00,94.11000061035156,94.20999908447266,93.26000213623047,93.30000305175781,82.83769989013672,1374800,0.0,0.0
2021-07-19 00:00:00-04:00,92.61000061035156,93.44999694824219,92.20999908447266,93.12999725341797,82.68672943115234,1135500,0.0,0.0
2021-07-20 00:00:00-04:00,93.37000274658203,94.41999816894531,92.86000061035156,93.11000061035156,82.66899108886719,1068800,0.0,0.0
2021-07-21 00:00:00-04:00,93.05000305175781,94.04000091552734,92.77999877929688,93.13999938964844,82.69562530517578,740200,0.0,0.0
2021-07-22 00:00:00-04:00,93.11000061035156,93.19999694824219,91.66999816894531,91.7699966430664,81.47923278808594,1043000,0.0,0.0
2021-07-23 00:00:00-04:00,92.2300033569336,92.94999694824219,91.23999786376953,92.87999725341797,82.46478271484375,707600,0.0,0.0
2021-07-26 00:00:00-04:00,92.61000061035156,93.81999969482422,92.36000061035156,92.5,82.12738037109375,865600,0.0,0.0
2021-07-27 00:00:00-04:00,91.88999938964844,92.29000091552734,91.13999938964844,91.31999969482422,81.07968139648438,2237400,0.0,0.0
2021-07-28 00:00:00-04:00,86.55999755859375,90.0,84.66999816894531,88.51000213623047,78.58480834960938,2734300,0.0,0.0
2021-07-29 00:00:00-04:00,89.1500015258789,89.95999908447266,88.81999969482422,89.2300033569336,79.22406768798828,1174100,0.0,0.0
2021-07-30 00:00:00-04:00,89.0,89.68000030517578,88.44999694824219,89.16999816894531,79.17079162597656,1566100,0.0,0.0
2021-08-02 00:00:00-04:00,89.27999877929688,90.27999877929688,88.91999816894531,89.6500015258789,79.59698486328125,1040900,0.0,0.0
2021-08-03 00:00:00-04:00,89.8499984741211,91.91000366210938,89.41999816894531,91.41000366210938,81.15959930419922,1256700,0.0,0.0
2021-08-04 00:00:00-04:00,90.9800033569336,91.29000091552734,90.08999633789062,90.36000061035156,80.22737121582031,798000,0.0,0.0
2021-08-05 00:00:00-04:00,90.81999969482422,91.20999908447266,89.12999725341797,89.73999786376953,79.67688751220703,934400,0.0,0.0
2021-08-06 00:00:00-04:00,90.44999694824219,91.3499984741211,90.13999938964844,91.0,80.79557037353516,1045600,0.0,0.0
2021-08-09 00:00:00-04:00,90.70999908447266,90.72000122070312,89.52999877929688,89.61000061035156,79.56143951416016,546300,0.0,0.0
2021-08-10 00:00:00-04:00,89.87000274658203,90.11000061035156,89.3499984741211,89.4000015258789,79.37501525878906,604300,0.0,0.0
2021-08-11 00:00:00-04:00,89.94000244140625,91.23999786376953,89.48999786376953,90.81999969482422,80.6357650756836,692100,0.0,0.0
2021-08-12 00:00:00-04:00,90.9800033569336,91.68000030517578,90.43000030517578,91.2300033569336,80.99978637695312,634800,0.0,0.0
2021-08-13 00:00:00-04:00,91.26000213623047,92.44000244140625,91.11000061035156,91.9000015258789,81.59467315673828,656300,0.0,0.0
2021-08-16 00:00:00-04:00,91.69000244140625,92.97000122070312,91.5199966430664,92.31999969482422,81.9675521850586,726800,0.0,0.0
2021-08-17 00:00:00-04:00,91.7699966430664,91.83999633789062,90.47000122070312,91.45999908447266,81.20401000976562,680500,0.0,0.0
2021-08-18 00:00:00-04:00,91.11000061035156,91.61000061035156,88.69999694824219,88.7699966430664,78.81564331054688,1078700,0.0,0.0
2021-08-19 00:00:00-04:00,88.27999877929688,88.75,87.12000274658203,87.7699966430664,77.92778015136719,830600,0.0,0.0
2021-08-20 00:00:00-04:00,87.47000122070312,88.9000015258789,87.47000122070312,88.69000244140625,78.74462890625,758100,0.0,0.0
2021-08-23 00:00:00-04:00,89.08999633789062,90.2300033569336,88.94999694824219,89.52999877929688,79.49042510986328,726600,0.0,0.0
2021-08-24 00:00:00-04:00,89.61000061035156,90.23999786376953,89.23999786376953,89.55999755859375,79.51704406738281,580600,0.0,0.0
2021-08-25 00:00:00-04:00,89.55999755859375,90.77999877929688,89.30999755859375,90.30999755859375,80.1829833984375,764200,0.0,0.0
2021-08-26 00:00:00-04:00,90.08000183105469,90.38999938964844,89.58999633789062,89.98999786376953,79.89885711669922,518200,0.0,0.0
2021-08-27 00:00:00-04:00,90.19000244140625,91.08000183105469,89.81999969482422,90.73999786376953,80.56473541259766,770200,0.0,0.0
2021-08-30 00:00:00-04:00,90.88999938964844,91.58999633789062,90.47000122070312,90.76000213623047,80.58250427246094,693100,0.0,0.0
2021-08-31 00:00:00-04:00,90.77999877929688,91.05000305175781,89.62000274658203,90.05999755859375,79.96100616455078,1727200,0.0,0.0
2021-09-01 00:00:00-04:00,90.06999969482422,90.06999969482422,87.55999755859375,89.16000366210938,79.16191864013672,1512000,0.0,0.0
2021-09-02 00:00:00-04:00,89.23999786376953,90.80999755859375,88.83000183105469,90.76000213623047,81.04608917236328,1198100,0.51,0.0
2021-09-03 00:00:00-04:00,90.55999755859375,91.13999938964844,89.97000122070312,90.08999633789062,80.44780731201172,759700,0.0,0.0
2021-09-07 00:00:00-04:00,90.30000305175781,90.30000305175781,88.41000366210938,88.48999786376953,79.01903533935547,900900,0.0,0.0
2021-09-08 00:00:00-04:00,88.33999633789062,89.38999938964844,87.87000274658203,89.11000061035156,79.57268524169922,882300,0.0,0.0
2021-09-09 00:00:00-04:00,88.83000183105469,89.26000213623047,86.80999755859375,87.27999877929688,77.93854522705078,1152800,0.0,0.0
2021-09-10 00:00:00-04:00,87.98999786376953,89.13999938964844,87.87000274658203,88.4000015258789,78.93868255615234,1158000,0.0,0.0
2021-09-13 00:00:00-04:00,89.68000030517578,90.79000091552734,88.94000244140625,89.12999725341797,79.59056854248047,1536500,0.0,0.0
2021-09-14 00:00:00-04:00,89.58999633789062,90.43000030517578,89.12000274658203,90.08000183105469,80.43887329101562,1132900,0.0,0.0
2021-09-15 00:00:00-04:00,90.36000061035156,91.3499984741211,89.9000015258789,90.66999816894531,80.9657211303711,1119400,0.0,0.0
2021-09-16 00:00:00-04:00,90.73999786376953,91.76000213623047,90.23999786376953,90.2699966430664,80.6085433959961,1043100,0.0,0.0
2021-09-17 00:00:00-04:00,89.80000305175781,89.80000305175781,86.87000274658203,87.44000244140625,78.0814208984375,4927200,0.0,0.0
2021-09-20 00:00:00-04:00,86.86000061035156,87.5,86.06999969482422,86.81999969482422,77.52777862548828,1230100,0.0,0.0
2021-09-21 00:00:00-04:00,87.31999969482422,87.73999786376953,86.37999725341797,87.44999694824219,78.0903549194336,857000,0.0,0.0
2021-09-22 00:00:00-04:00,87.7300033569336,88.08000183105469,87.2300033569336,87.51000213623047,78.14392852783203,806000,0.0,0.0
2021-09-23 00:00:00-04:00,87.83000183105469,88.68000030517578,87.75,88.45999908447266,78.99226379394531,752600,0.0,0.0
2021-09-24 00:00:00-04:00,88.16999816894531,89.2699966430664,87.87999725341797,88.51000213623047,79.03691101074219,859000,0.0,0.0
2021-09-27 00:00:00-04:00,88.75,90.25,88.13999938964844,89.70999908447266,80.10847473144531,772000,0.0,0.0
2021-09-28 00:00:00-04:00,90.08999633789062,90.08999633789062,88.51000213623047,88.69999694824219,79.20655059814453,698000,0.0,0.0
2021-09-29 00:00:00-04:00,88.83000183105469,88.94000244140625,87.68000030517578,88.44000244140625,78.97441864013672,699200,0.0,0.0
2021-09-30 00:00:00-04:00,88.58000183105469,89.0,86.41000366210938,87.0,77.68852233886719,1008400,0.0,0.0
2021-10-01 00:00:00-04:00,87.91000366210938,87.91000366210938,85.80000305175781,86.3499984741211,77.10808563232422,914200,0.0,0.0
2021-10-04 00:00:00-04:00,86.69000244140625,87.19999694824219,86.0999984741211,86.45999908447266,77.206298828125,1038000,0.0,0.0
2021-10-05 00:00:00-04:00,86.69999694824219,87.87999725341797,86.04000091552734,87.36000061035156,78.00997161865234,678100,0.0,0.0
2021-10-06 00:00:00-04:00,86.5199966430664,88.83999633789062,86.5,88.72000122070312,79.22444152832031,739100,0.0,0.0
2021-10-07 00:00:00-04:00,89.1500015258789,90.20999908447266,89.05999755859375,89.63999938964844,80.04597473144531,704200,0.0,0.0
2021-10-08 00:00:00-04:00,89.66000366210938,90.81999969482422,89.47000122070312,90.66000366210938,80.95680236816406,740200,0.0,0.0
2021-10-11 00:00:00-04:00,92.41000366210938,92.4800033569336,90.91000366210938,91.26000213623047,81.49259185791016,772100,0.0,0.0
2021-10-12 00:00:00-04:00,91.16000366210938,91.95999908447266,90.5,90.8499984741211,81.12645721435547,712100,0.0,0.0
2021-10-13 00:00:00-04:00,90.77999877929688,92.16000366210938,89.81999969482422,91.48999786376953,81.69795989990234,718000,0.0,0.0
2021-10-14 00:00:00-04:00,91.91999816894531,93.97000122070312,91.91999816894531,93.94000244140625,83.8857421875,886700,0.0,0.0
2021-10-15 00:00:00-04:00,94.98999786376953,96.4000015258789,94.56999969482422,94.62999725341797,84.50186920166016,1126000,0.0,0.0
2021-10-18 00:00:00-04:00,95.66000366210938,100.6500015258789,95.23999786376953,97.02999877929688,86.64501953125,2401400,0.0,0.0
2021-10-19 00:00:00-04:00,97.7699966430664,97.80000305175781,96.47000122070312,97.55999755859375,87.11830139160156,711500,0.0,0.0
2021-10-20 00:00:00-04:00,97.7300033569336,98.38999938964844,97.4000015258789,98.3499984741211,87.82373046875,594500,0.0,0.0
2021-10-21 00:00:00-04:00,98.80999755859375,99.22000122070312,97.98999786376953,98.80000305175781,88.22560119628906,600600,0.0,0.0
2021-10-22 00:00:00-04:00,99.0,99.97000122070312,98.80999755859375,99.69999694824219,89.02926635742188,639200,0.0,0.0
2021-10-25 00:00:00-04:00,99.69999694824219,99.8499984741211,97.86000061035156,98.19000244140625,87.68086242675781,1181400,0.0,0.0
2021-10-26 00:00:00-04:00,98.80999755859375,99.55000305175781,97.16999816894531,98.51000213623047,87.96661376953125,1758400,0.0,0.0
2021-10-27 00:00:00-04:00,98.48999786376953,98.48999786376953,94.12999725341797,97.63999938964844,87.18972778320312,2630300,0.0,0.0
2021-10-28 00:00:00-04:00,98.08000183105469,99.23999786376953,97.52999877929688,98.13999938964844,87.63622283935547,1211900,0.0,0.0
2021-10-29 00:00:00-04:00,97.2300033569336,98.4800033569336,96.33999633789062,96.98999786376953,86.60930633544922,1257300,0.0,0.0
2021-11-01 00:00:00-04:00,97.48999786376953,97.93000030517578,95.80999755859375,96.0,85.72525787353516,1210600,0.0,0.0
2021-11-02 00:00:00-04:00,96.0199966430664,96.26000213623047,94.05999755859375,94.56999969482422,84.44831848144531,1676500,0.0,0.0
2021-11-03 00:00:00-04:00,94.37999725341797,94.86000061035156,91.33999633789062,94.4800033569336,84.36796569824219,2267800,0.0,0.0
2021-11-04 00:00:00-04:00,95.06999969482422,96.87000274658203,94.76000213623047,96.05000305175781,85.76991271972656,966800,0.0,0.0
2021-11-05 00:00:00-04:00,96.68000030517578,96.94999694824219,93.5,93.81999969482422,83.77857208251953,944000,0.0,0.0
2021-11-08 00:00:00-05:00,94.19999694824219,95.05999755859375,93.81999969482422,94.45999908447266,84.3500747680664,854500,0.0,0.0
2021-11-09 00:00:00-05:00,94.4000015258789,95.0999984741211,94.01000213623047,94.18000030517578,84.10005950927734,563600,0.0,0.0
2021-11-10 00:00:00-05:00,94.0,94.44999694824219,92.30000305175781,92.86000061035156,82.92133331298828,815800,0.0,0.0
2021-11-11 00:00:00-05:00,93.06999969482422,93.5,92.44000244140625,92.8499984741211,82.91241455078125,595500,0.0,0.0
2021-11-12 00:00:00-05:00,92.62000274658203,94.76000213623047,92.48999786376953,94.48999786376953,84.37686157226562,658300,0.0,0.0
2021-11-15 00:00:00-05:00,94.83999633789062,95.69000244140625,94.11000061035156,95.62000274658203,85.38592529296875,905700,0.0,0.0
2021-11-16 00:00:00-05:00,95.5999984741211,97.79000091552734,95.37999725341797,96.48999786376953,86.1628189086914,1377200,0.0,0.0
2021-11-17 00:00:00-05:00,96.12000274658203,96.16000366210938,94.4000015258789,94.44999694824219,84.34114837646484,685600,0.0,0.0
2021-11-18 00:00:00-05:00,94.47000122070312,95.0,92.31999969482422,93.91000366210938,83.85895538330078,849100,0.0,0.0
2021-11-19 00:00:00-05:00,94.12999725341797,96.44000244140625,93.55000305175781,96.2699966430664,85.96636199951172,1189400,0.0,0.0
2021-11-22 00:00:00-05:00,96.95999908447266,98.20999908447266,96.23999786376953,96.77999877929688,86.42178344726562,932200,0.0,0.0
2021-11-23 00:00:00-05:00,96.55000305175781,97.80999755859375,95.8499984741211,97.7699966430664,87.30581665039062,763400,0.0,0.0
2021-11-24 00:00:00-05:00,97.4800033569336,98.44000244140625,97.36000061035156,98.26000213623047,87.74337005615234,732000,0.0,0.0
2021-11-26 00:00:00-05:00,96.88999938964844,98.16000366210938,95.54000091552734,96.27999877929688,85.97528839111328,614800,0.0,0.0
2021-11-29 00:00:00-05:00,96.56999969482422,96.83000183105469,95.43000030517578,95.62000274658203,85.38592529296875,837100,0.0,0.0
2021-11-30 00:00:00-05:00,94.91999816894531,95.7300033569336,94.20999908447266,95.08999633789062,84.91264343261719,2205500,0.0,0.0
2021-12-01 00:00:00-05:00,96.08999633789062,96.5999984741211,93.81999969482422,93.87000274658203,83.8232192993164,971800,0.0,0.0
2021-12-02 00:00:00-05:00,93.93000030517578,95.08000183105469,93.1500015258789,94.22000122070312,84.13578033447266,1306300,0.0,0.0
2021-12-03 00:00:00-05:00,94.81999969482422,97.05000305175781,94.81999969482422,97.0,86.61823272705078,1573900,0.0,0.0
2021-12-06 00:00:00-05:00,97.62000274658203,98.58000183105469,97.20999908447266,97.9000015258789,87.42192840576172,1100700,0.0,0.0
2021-12-07 00:00:00-05:00,98.33999633789062,100.5,98.08000183105469,98.29000091552734,87.77015686035156,966600,0.0,0.0
2021-12-08 00:00:00-05:00,98.80000305175781,99.95999908447266,98.62999725341797,99.58000183105469,88.92208862304688,1036700,0.0,0.0
2021-12-09 00:00:00-05:00,99.63999938964844,101.2300033569336,98.97000122070312,100.62999725341797,89.85972595214844,1160800,0.0,0.0
2021-12-10 00:00:00-05:00,102.0,104.80999755859375,101.61000061035156,104.69999694824219,93.49410247802734,2128800,0.0,0.0
2021-12-13 00:00:00-05:00,105.23999786376953,106.30000305175781,102.56999969482422,104.98999786376953,93.7530746459961,1620800,0.0,0.0
2021-12-14 00:00:00-05:00,104.30999755859375,105.69999694824219,103.31999969482422,103.62999725341797,93.02594757080078,1289800,0.55,0.0
2021-12-15 00:00:00-05:00,104.43000030517578,105.51000213623047,103.48999786376953,103.95999908447266,93.32220458984375,1153400,0.0,0.0
2021-12-16 00:00:00-05:00,104.47000122070312,105.66999816894531,104.13999938964844,104.38999938964844,93.70818328857422,977400,0.0,0.0
2021-12-17 00:00:00-05:00,104.29000091552734,104.63999938964844,101.12000274658203,101.37000274658203,90.99722290039062,2359000,0.0,0.0
2021-12-20 00:00:00-05:00,101.02999877929688,101.70999908447266,99.86000061035156,100.75,90.44064331054688,1149400,0.0,0.0
2021-12-21 00:00:00-05:00,100.9000015258789,102.27999877929688,100.41999816894531,101.72000122070312,91.31139373779297,1179200,0.0,0.0
2021-12-22 00:00:00-05:00,102.08999633789062,102.66999816894531,100.87000274658203,101.29000091552734,90.92540740966797,656300,0.0,0.0
2021-12-23 00:00:00-05:00,101.44999694824219,103.16000366210938,101.44999694824219,102.44999694824219,91.9666976928711,513400,0.0,0.0
2021-12-27 00:00:00-05:00,102.8499984741211,104.61000061035156,102.5,104.4800033569336,93.78898620605469,458600,0.0,0.0
2021-12-28 00:00:00-05:00,104.63999938964844,106.25,104.4000015258789,106.12999725341797,95.27014923095703,776400,0.0,0.0
2021-12-29 00:00:00-05:00,106.4000015258789,108.05999755859375,105.9000015258789,107.41999816894531,96.42815399169922,930500,0.0,0.0
2021-12-30 00:00:00-05:00,107.58000183105469,107.91999816894531,106.5999984741211,107.08999633789062,96.13189697265625,483400,0.0,0.0
2021-12-31 00:00:00-05:00,107.08999633789062,107.91999816894531,106.68000030517578,107.62999725341797,96.61664581298828,589800,0.0,0.0
2022-01-03 00:00:00-05:00,109.12000274658203,110.5,107.30000305175781,107.9000015258789,96.85902404785156,1383200,0.0,0.0
2022-01-04 00:00:00-05:00,107.73999786376953,110.93000030517578,107.16000366210938,110.37999725341797,99.08525085449219,1409400,0.0,0.0
2022-01-05 00:00:00-05:00,110.55000305175781,111.98999786376953,109.5,109.66000366210938,98.43893432617188,1600700,0.0,0.0
2022-01-06 00:00:00-05:00,111.16999816894531,112.1500015258789,108.86000061035156,110.94999694824219,99.59693145751953,1062300,0.0,0.0
2022-01-07 00:00:00-05:00,110.73999786376953,110.73999786376953,107.9800033569336,108.43000030517578,97.33479309082031,1321400,0.0,0.0
2022-01-10 00:00:00-05:00,108.11000061035156,108.66999816894531,106.36000061035156,107.83999633789062,96.80516815185547,1340700,0.0,0.0
2022-01-11 00:00:00-05:00,108.16999816894531,108.63999938964844,106.52999877929688,107.9800033569336,96.93083190917969,964500,0.0,0.0
2022-01-12 00:00:00-05:00,108.52999877929688,109.1500015258789,106.54000091552734,107.3499984741211,96.36530303955078,994800,0.0,0.0
2022-01-13 00:00:00-05:00,107.6500015258789,108.94999694824219,107.30000305175781,108.44999694824219,97.35274505615234,1165600,0.0,0.0
2022-01-14 00:00:00-05:00,107.54000091552734,108.44000244140625,106.08999633789062,108.29000091552734,97.20911407470703,1101300,0.0,0.0
2022-01-18 00:00:00-05:00,107.18000030517578,109.29000091552734,106.69000244140625,109.0999984741211,97.93623352050781,881200,0.0,0.0
2022-01-19 00:00:00-05:00,108.62999725341797,109.9800033569336,107.44000244140625,107.51000213623047,96.50894927978516,1019900,0.0,0.0
2022-01-20 00:00:00-05:00,109.4800033569336,109.62999725341797,104.87999725341797,105.04000091552734,94.29168701171875,1243500,0.0,0.0
2022-01-21 00:00:00-05:00,105.3499984741211,107.41999816894531,104.69999694824219,104.9800033569336,94.2378158569336,1047300,0.0,0.0
2022-01-24 00:00:00-05:00,104.73999786376953,107.83000183105469,104.13999938964844,107.58000183105469,96.57178497314453,1226800,0.0,0.0
2022-01-25 00:00:00-05:00,106.41000366210938,107.5,104.4800033569336,105.13999938964844,94.38145446777344,1056500,0.0,0.0
2022-01-26 00:00:00-05:00,104.0,104.98999786376953,101.83999633789062,102.6500015258789,92.14623260498047,1322200,0.0,0.0
2022-01-27 00:00:00-05:00,103.7300033569336,105.3499984741211,102.61000061035156,102.81999969482422,92.29884338378906,1245400,0.0,0.0
2022-01-28 00:00:00-05:00,103.0,104.12999725341797,101.9000015258789,104.0999984741211,93.44788360595703,841100,0.0,0.0
2022-01-31 00:00:00-05:00,103.69999694824219,104.7699966430664,102.72000122070312,104.6500015258789,93.94158935546875,1488900,0.0,0.0
2022-02-01 00:00:00-05:00,104.98999786376953,107.18000030517578,103.4800033569336,104.56999969482422,93.8697738647461,1479800,0.0,0.0
2022-02-02 00:00:00-05:00,93.25,96.97000122070312,92.30000305175781,92.54000091552734,83.07075500488281,3569600,0.0,0.0
2022-02-03 00:00:00-05:00,92.25,93.23999786376953,89.41000366210938,89.55999755859375,80.39566040039062,2275200,0.0,0.0
2022-02-04 00:00:00-05:00,88.91000366210938,90.05000305175781,86.56999969482422,88.7300033569336,79.65060424804688,2028800,0.0,0.0
2022-02-07 00:00:00-05:00,88.18000030517578,90.0199966430664,87.38999938964844,89.31999969482422,80.18025207519531,1470400,0.0,0.0
2022-02-08 00:00:00-05:00,89.66999816894531,90.01000213623047,87.9000015258789,88.20999908447266,79.18382263183594,1273800,0.0,0.0
2022-02-09 00:00:00-05:00,88.37999725341797,89.68000030517578,87.58000183105469,89.37000274658203,80.22512817382812,2039200,0.0,0.0
2022-02-10 00:00:00-05:00,88.73999786376953,91.75,88.18000030517578,90.33000183105469,81.08688354492188,1493100,0.0,0.0
2022-02-11 00:00:00-05:00,90.66000366210938,90.95999908447266,89.22000122070312,89.5,80.3418197631836,1541100,0.0,0.0
2022-02-14 00:00:00-05:00,89.54000091552734,89.69999694824219,88.30999755859375,89.20999908447266,80.0815200805664,855900,0.0,0.0
2022-02-15 00:00:00-05:00,89.5,90.4000015258789,89.06999969482422,89.86000061035156,80.66497802734375,1102200,0.0,0.0
2022-02-16 00:00:00-05:00,89.80000305175781,90.8499984741211,88.87000274658203,90.41000366210938,81.1587142944336,1094800,0.0,0.0
2022-02-17 00:00:00-05:00,89.69999694824219,91.08000183105469,89.06999969482422,90.8499984741211,81.5536880493164,1097900,0.0,0.0
2022-02-18 00:00:00-05:00,91.33999633789062,92.75,90.80999755859375,91.9800033569336,82.56805419921875,1506600,0.0,0.0
2022-02-22 00:00:00-05:00,91.91999816894531,93.23999786376953,91.80000305175781,92.37000274658203,82.91815948486328,1595500,0.0,0.0
2022-02-23 00:00:00-05:00,92.38999938964844,93.41999816894531,91.79000091552734,92.41999816894531,82.96304321289062,1377300,0.0,0.0
2022-02-24 00:00:00-05:00,91.16000366210938,96.55999755859375,90.98999786376953,96.19999694824219,86.3562240600586,2255800,0.0,0.0
2022-02-25 00:00:00-05:00,96.06999969482422,97.26000213623047,95.12999725341797,96.79000091552734,86.8858642578125,1743600,0.0,0.0
2022-02-28 00:00:00-05:00,96.19999694824219,96.79000091552734,94.83999633789062,96.68000030517578,86.78712463378906,1638300,0.0,0.0
2022-03-01 00:00:00-05:00,99.37999725341797,105.66999816894531,99.37999725341797,104.81999969482422,94.09419250488281,3192200,0.0,0.0
2022-03-02 00:00:00-05:00,104.26000213623047,104.26000213623047,101.56999969482422,102.94000244140625,92.40657806396484,1649300,0.0,0.0
2022-03-03 00:00:00-05:00,103.06999969482422,104.87000274658203,102.13999938964844,102.56999969482422,92.56901550292969,1963800,0.55,0.0
2022-03-04 00:00:00-05:00,102.5999984741211,107.54000091552734,102.5999984741211,106.4800033569336,96.0977783203125,2033500,0.0,0.0
2022-03-07 00:00:00-05:00,105.7699966430664,107.58000183105469,104.63999938964844,105.12999725341797,94.87940979003906,1410200,0.0,0.0
2022-03-08 00:00:00-05:00,104.16000366210938,105.70999908447266,101.4800033569336,101.55999755859375,91.65748596191406,1266100,0.0,0.0
2022-03-09 00:00:00-05:00,102.54000091552734,102.69999694824219,99.58000183105469,101.58999633789062,91.68456268310547,1694100,0.0,0.0
2022-03-10 00:00:00-05:00,100.9800033569336,103.18000030517578,100.61000061035156,102.30999755859375,92.33436584472656,1026900,0.0,0.0
2022-03-11 00:00:00-05:00,102.16000366210938,103.11000061035156,101.31999969482422,102.23999786376953,92.27118682861328,1603800,0.0,0.0
2022-03-14 00:00:00-04:00,101.5,102.26000213623047,97.43000030517578,98.83000183105469,89.19367218017578,1531300,0.0,0.0
2022-03-15 00:00:00-04:00,99.66000366210938,99.94000244140625,97.33000183105469,98.54000091552734,88.93194580078125,1519100,0.0,0.0
2022-03-16 00:00:00-04:00,98.91000366210938,102.05000305175781,98.69000244140625,102.02999877929688,92.08167266845703,1294200,0.0,0.0
2022-03-17 00:00:00-04:00,101.0,104.2300033569336,100.4000015258789,104.0199966430664,93.87761688232422,945000,0.0,0.0
2022-03-18 00:00:00-04:00,103.91000366210938,105.0199966430664,102.41000366210938,104.91000366210938,94.68087005615234,2957700,0.0,0.0
2022-03-21 00:00:00-04:00,105.33999633789062,107.30000305175781,104.91000366210938,105.30999755859375,95.0418472290039,1098900,0.0,0.0
2022-03-22 00:00:00-04:00,105.55000305175781,106.13999938964844,103.7699966430664,106.08000183105469,95.73676300048828,819800,0.0,0.0
2022-03-23 00:00:00-04:00,106.45999908447266,107.2300033569336,104.52999877929688,104.66999816894531,94.46424102783203,881600,0.0,0.0
2022-03-24 00:00:00-04:00,104.9800033569336,106.66999816894531,104.80000305175781,106.37000274658203,95.99850463867188,744800,0.0,0.0
2022-03-25 00:00:00-04:00,106.5,109.55999755859375,106.30999755859375,109.51000213623047,98.83234405517578,1159300,0.0,0.0
2022-03-28 00:00:00-04:00,109.05000305175781,110.51000213623047,108.1500015258789,110.12999725341797,99.39187622070312,977900,0.0,0.0
2022-03-29 00:00:00-04:00,110.12999725341797,111.18000030517578,109.4000015258789,110.62000274658203,99.8341064453125,1329700,0.0,0.0
2022-03-30 00:00:00-04:00,110.87999725341797,111.41000366210938,108.2699966430664,109.76000213623047,99.05795288085938,1065600,0.0,0.0
2022-03-31 00:00:00-04:00,109.58999633789062,110.62999725341797,107.41999816894531,107.70999908447266,97.20785522460938,1355400,0.0,0.0
2022-04-01 00:00:00-04:00,107.56999969482422,107.77999877929688,100.83000183105469,103.12999725341797,93.07440948486328,2040700,0.0,0.0
2022-04-04 00:00:00-04:00,101.66000366210938,103.30999755859375,100.69000244140625,102.72000122070312,92.70438385009766,1661900,0.0,0.0
2022-04-05 00:00:00-04:00,102.41999816894531,103.31999969482422,100.58000183105469,101.51000213623047,91.61237335205078,1825700,0.0,0.0
2022-04-06 00:00:00-04:00,101.12000274658203,101.94000244140625,99.55999755859375,99.7300033569336,90.00592041015625,1820500,0.0,0.0
2022-04-07 00:00:00-04:00,100.45999908447266,101.08000183105469,98.56999969482422,100.87000274658203,91.0347671508789,1458200,0.0,0.0
2022-04-08 00:00:00-04:00,104.33999633789062,104.72000122070312,100.81999969482422,102.04000091552734,92.09068298339844,1668700,0.0,0.0
2022-04-11 00:00:00-04:00,101.6500015258789,103.72000122070312,101.54000091552734,102.62000274658203,92.6141357421875,1404700,0.0,0.0
2022-04-12 00:00:00-04:00,102.56999969482422,104.04000091552734,101.22000122070312,101.41000366210938,91.5221176147461,1102700,0.0,0.0
2022-04-13 00:00:00-04:00,101.75,101.76000213623047,99.69000244140625,101.66000366210938,91.74774932861328,1344000,0.0,0.0
2022-04-14 00:00:00-04:00,101.13999938964844,103.6500015258789,101.13999938964844,103.27999877929688,93.20977783203125,826500,0.0,0.0
2022-04-18 00:00:00-04:00,102.66999816894531,103.94000244140625,102.0,102.75,92.73147583007812,810200,0.0,0.0
2022-04-19 00:00:00-04:00,103.0199966430664,104.08000183105469,102.19000244140625,103.38999938964844,93.3090591430664,1030600,0.0,0.0
2022-04-20 00:00:00-04:00,104.0,104.83999633789062,103.06999969482422,103.19999694824219,93.13758850097656,1124200,0.0,0.0
2022-04-21 00:00:00-04:00,103.66999816894531,104.61000061035156,102.76000213623047,103.23999786376953,93.17366790771484,907900,0.0,0.0
2022-04-22 00:00:00-04:00,102.70999908447266,103.94000244140625,101.94999694824219,102.13999938964844,92.18093872070312,797800,0.0,0.0
2022-04-25 00:00:00-04:00,101.7300033569336,103.22000122070312,100.72000122070312,103.16999816894531,93.11051940917969,1150700,0.0,0.0
2022-04-26 00:00:00-04:00,103.25,104.66000366210938,101.26000213623047,101.36000061035156,91.47697448730469,1382300,0.0,0.0
2022-04-27 00:00:00-04:00,101.54000091552734,103.38999938964844,101.30000305175781,102.83000183105469,92.80366516113281,1880300,0.0,0.0
2022-04-28 00:00:00-04:00,106.73999786376953,110.44999694824219,106.2699966430664,110.33999633789062,99.58141326904297,2138200,0.0,0.0
2022-04-29 00:00:00-04:00,110.33999633789062,112.1500015258789,105.93000030517578,106.1500015258789,95.7999267578125,1584100,0.0,0.0
2022-05-02 00:00:00-04:00,105.37999725341797,109.97000122070312,105.37999725341797,108.30000305175781,97.74032592773438,1179900,0.0,0.0
2022-05-03 00:00:00-04:00,108.98999786376953,110.33000183105469,108.0,108.61000061035156,98.02008819580078,1379300,0.0,0.0
2022-05-04 00:00:00-04:00,109.0999984741211,110.91999816894531,108.75,110.55000305175781,99.77092742919922,1142300,0.0,0.0
2022-05-05 00:00:00-04:00,110.04000091552734,111.44999694824219,105.41000366210938,106.37000274658203,95.99850463867188,1465700,0.0,0.0
2022-05-06 00:00:00-04:00,106.51000213623047,109.69000244140625,105.69000244140625,106.97000122070312,96.54000091552734,1327900,0.0,0.0
2022-05-09 00:00:00-04:00,106.38999938964844,108.7699966430664,105.80000305175781,107.94999694824219,97.4244384765625,973400,0.0,0.0
2022-05-10 00:00:00-04:00,108.94000244140625,110.58000183105469,107.48999786376953,110.29000091552734,99.5362777709961,1522800,0.0,0.0
2022-05-11 00:00:00-04:00,110.2699966430664,110.66999816894531,107.18000030517578,108.2699966430664,97.71322631835938,1186000,0.0,0.0
2022-05-12 00:00:00-04:00,108.30000305175781,108.31999969482422,105.11000061035156,107.70999908447266,97.20785522460938,1285800,0.0,0.0
2022-05-13 00:00:00-04:00,108.08999633789062,108.77999877929688,105.43000030517578,105.79000091552734,95.47505187988281,1172100,0.0,0.0
2022-05-16 00:00:00-04:00,106.22000122070312,108.19000244140625,105.66999816894531,106.86000061035156,96.44071197509766,1056600,0.0,0.0
2022-05-17 00:00:00-04:00,107.19999694824219,110.05000305175781,106.76000213623047,109.69999694824219,99.0038070678711,744700,0.0,0.0
2022-05-18 00:00:00-04:00,109.31999969482422,109.75,102.94000244140625,103.16999816894531,93.11051940917969,1715500,0.0,0.0
2022-05-19 00:00:00-04:00,102.30000305175781,102.69999694824219,99.52999877929688,101.19000244140625,91.32357025146484,1348000,0.0,0.0
2022-05-20 00:00:00-04:00,102.38999938964844,104.77999877929688,100.7300033569336,101.91999816894531,91.98238372802734,1533100,0.0,0.0
2022-05-23 00:00:00-04:00,102.41000366210938,104.83999633789062,101.94000244140625,104.44000244140625,94.25667572021484,746300,0.0,0.0
2022-05-24 00:00:00-04:00,103.97000122070312,105.30999755859375,102.83000183105469,104.79000091552734,94.57256317138672,1420300,0.0,0.0
2022-05-25 00:00:00-04:00,104.66000366210938,106.9000015258789,104.37000274658203,106.18000030517578,95.82701110839844,1004400,0.0,0.0
2022-05-26 00:00:00-04:00,106.62000274658203,107.94999694824219,106.56999969482422,107.61000061035156,97.11759185791016,975000,0.0,0.0
2022-05-27 00:00:00-04:00,108.33000183105469,108.94000244140625,106.5,107.44999694824219,96.97318267822266,1349700,0.0,0.0
2022-05-31 00:00:00-04:00,106.69000244140625,109.05000305175781,105.22000122070312,108.51000213623047,97.9298324584961,2447900,0.0,0.0
2022-06-01 00:00:00-04:00,108.87000274658203,109.97000122070312,108.48999786376953,108.94000244140625,98.31792449951172,990100,0.0,0.0
2022-06-02 00:00:00-04:00,109.25,109.5,106.6500015258789,107.56999969482422,97.57412719726562,1152000,0.55,0.0
2022-06-03 00:00:00-04:00,107.33999633789062,109.20999908447266,107.08999633789062,108.0199966430664,97.9822769165039,782200,0.0,0.0
2022-06-06 00:00:00-04:00,108.22000122070312,110.13999938964844,107.51000213623047,109.33999633789062,99.17961883544922,775200,0.0,0.0
2022-06-07 00:00:00-04:00,108.76000213623047,108.76000213623047,106.87999725341797,107.08999633789062,97.13870239257812,807700,0.0,0.0
2022-06-08 00:00:00-04:00,106.13999938964844,106.48999786376953,103.19999694824219,103.7300033569336,94.0909423828125,917700,0.0,0.0
2022-06-09 00:00:00-04:00,103.16000366210938,104.81999969482422,102.08000183105469,102.12000274658203,92.63054656982422,826500,0.0,0.0
2022-06-10 00:00:00-04:00,101.2699966430664,102.66999816894531,100.63999938964844,101.7300033569336,92.27677917480469,856100,0.0,0.0
2022-06-13 00:00:00-04:00,100.08000183105469,101.94999694824219,99.19999694824219,100.31999969482422,90.997802734375,1709200,0.0,0.0
2022-06-14 00:00:00-04:00,104.33999633789062,115.98999786376953,104.05999755859375,106.3499984741211,96.46748352050781,4031200,0.0,0.0
2022-06-15 00:00:00-04:00,105.91999816894531,107.20999908447266,102.06999969482422,103.13999938964844,93.5557632446289,1765500,0.0,0.0
2022-06-16 00:00:00-04:00,102.26000213623047,103.0199966430664,100.54000091552734,101.08999633789062,91.69625854492188,1242400,0.0,0.0
2022-06-17 00:00:00-04:00,100.87000274658203,101.16999816894531,98.31999969482422,99.0,89.80046081542969,2513800,0.0,0.0
2022-06-21 00:00:00-04:00,100.51000213623047,101.27999877929688,99.5999984741211,101.25,91.84137725830078,825300,0.0,0.0
2022-06-22 00:00:00-04:00,100.0,100.58000183105469,98.94000244140625,99.9000015258789,90.61685180664062,771900,0.0,0.0
2022-06-23 00:00:00-04:00,100.94000244140625,100.94000244140625,98.88999938964844,100.29000091552734,90.9706039428711,619200,0.0,0.0
2022-06-24 00:00:00-04:00,101.04000091552734,104.44000244140625,101.04000091552734,103.86000061035156,94.20885467529297,1215500,0.0,0.0
2022-06-27 00:00:00-04:00,104.52999877929688,105.7699966430664,104.23999786376953,105.13999938964844,95.36991119384766,573000,0.0,0.0
2022-06-28 00:00:00-04:00,104.27999877929688,105.16000366210938,100.80000305175781,101.06999969482422,91.67810821533203,1053300,0.0,0.0
2022-06-29 00:00:00-04:00,101.30999755859375,102.1500015258789,100.31999969482422,101.44999694824219,92.02279663085938,585100,0.0,0.0
2022-06-30 00:00:00-04:00,101.20999908447266,102.20999908447266,100.33000183105469,101.37000274658203,91.95024108886719,1482800,0.0,0.0
2022-07-01 00:00:00-04:00,101.44999694824219,102.56999969482422,100.2699966430664,102.05999755859375,92.57611846923828,955700,0.0,0.0
2022-07-05 00:00:00-04:00,102.26000213623047,102.38999938964844,98.0199966430664,99.45999908447266,90.21773529052734,1174800,0.0,0.0
2022-07-06 00:00:00-04:00,100.0,101.43000030517578,97.80999755859375,101.04000091552734,91.65091705322266,1628300,0.0,0.0
2022-07-07 00:00:00-04:00,101.9800033569336,102.81999969482422,99.44000244140625,100.26000213623047,90.9433822631836,1481800,0.0,0.0
2022-07-08 00:00:00-04:00,101.20999908447266,102.11000061035156,99.47000122070312,100.26000213623047,90.9433822631836,1177200,0.0,0.0
2022-07-11 00:00:00-04:00,100.26000213623047,100.87999725341797,97.4000015258789,97.9000015258789,88.80270385742188,820500,0.0,0.0
2022-07-12 00:00:00-04:00,97.0199966430664,98.5199966430664,94.5999984741211,96.91000366210938,87.90469360351562,1229200,0.0,0.0
2022-07-13 00:00:00-04:00,96.81999969482422,97.13999938964844,93.95999908447266,95.16999816894531,86.32637786865234,1095700,0.0,0.0
2022-07-14 00:00:00-04:00,94.47000122070312,95.7300033569336,93.83999633789062,95.56999969482422,86.68920135498047,805900,0.0,0.0
2022-07-15 00:00:00-04:00,96.30999755859375,98.94000244140625,96.18000030517578,98.4800033569336,89.32879638671875,1424700,0.0,0.0
2022-07-18 00:00:00-04:00,99.2300033569336,99.86000061035156,98.31999969482422,98.55000305175781,89.39228820800781,863400,0.0,0.0
2022-07-19 00:00:00-04:00,98.8499984741211,101.27999877929688,97.98999786376953,100.93000030517578,91.55111694335938,1361100,0.0,0.0
2022-07-20 00:00:00-04:00,100.93000030517578,102.13999938964844,100.66000366210938,101.75,92.29492950439453,1103000,0.0,0.0
2022-07-21 00:00:00-04:00,101.62000274658203,101.80000305175781,100.70999908447266,101.37999725341797,91.95931243896484,940300,0.0,0.0
2022-07-22 00:00:00-04:00,101.94000244140625,102.33000183105469,101.19000244140625,101.98999786376953,92.51263427734375,727700,0.0,0.0
2022-07-25 00:00:00-04:00,102.56999969482422,102.56999969482422,100.54000091552734,100.91000366210938,91.53297424316406,879200,0.0,0.0
2022-07-26 00:00:00-04:00,100.29000091552734,100.52999877929688,98.56999969482422,99.8499984741211,90.57149505615234,935600,0.0,0.0
2022-07-27 00:00:00-04:00,99.8499984741211,101.80999755859375,98.41000366210938,101.12999725341797,91.7325439453125,1656900,0.0,0.0
2022-07-28 00:00:00-04:00,104.13999938964844,108.88999938964844,101.79000091552734,108.06999969482422,98.02764129638672,3277700,0.0,0.0
2022-07-29 00:00:00-04:00,108.06999969482422,110.79000091552734,107.87000274658203,110.69999694824219,100.41325378417969,1782900,0.0,0.0
2022-08-01 00:00:00-04:00,110.2300033569336,110.8499984741211,107.87000274658203,109.69999694824219,99.50617218017578,1368500,0.0,0.0
2022-08-02 00:00:00-04:00,109.87000274658203,110.08000183105469,107.19999694824219,109.02999877929688,98.89845275878906,1657300,0.0,0.0
2022-08-03 00:00:00-04:00,109.94999694824219,109.9800033569336,107.97000122070312,109.2300033569336,99.0798568725586,900800,0.0,0.0
2022-08-04 00:00:00-04:00,109.41999816894531,109.7699966430664,106.94999694824219,107.5199966430664,97.52875518798828,1101500,0.0,0.0
2022-08-05 00:00:00-04:00,107.41999816894531,109.86000061035156,107.27999877929688,109.73999786376953,99.54244232177734,684600,0.0,0.0
2022-08-08 00:00:00-04:00,109.73999786376953,112.23999786376953,109.62999725341797,111.19000244140625,100.85773468017578,1264400,0.0,0.0
2022-08-09 00:00:00-04:00,112.16000366210938,114.33999633789062,111.5199966430664,111.95999908447266,101.55618286132812,1217700,0.0,0.0
2022-08-10 00:00:00-04:00,113.0,115.98999786376953,112.44000244140625,115.5999984741211,104.8579330444336,1357600,0.0,0.0
2022-08-11 00:00:00-04:00,116.70999908447266,118.98999786376953,115.68000030517578,117.43000030517578,106.51788330078125,1346100,0.0,0.0
2022-08-12 00:00:00-04:00,117.5999984741211,118.48999786376953,116.69000244140625,117.27999877929688,106.3818130493164,1123900,0.0,0.0
2022-08-15 00:00:00-04:00,117.0,118.88999938964844,116.30999755859375,117.88999938964844,106.93511962890625,1049500,0.0,0.0
2022-08-16 00:00:00-04:00,117.8499984741211,118.44999694824219,117.22000122070312,117.55000305175781,106.62671661376953,841800,0.0,0.0
2022-08-17 00:00:00-04:00,116.13999938964844,117.37000274658203,115.25,116.11000061035156,105.3205337524414,1227700,0.0,0.0
2022-08-18 00:00:00-04:00,116.41999816894531,118.9800033569336,116.19000244140625,118.7699966430664,107.73335266113281,848300,0.0,0.0
2022-08-19 00:00:00-04:00,118.4800033569336,118.9000015258789,117.05000305175781,117.12000274658203,106.23668670654297,881400,0.0,0.0
2022-08-22 00:00:00-04:00,116.27999877929688,117.08000183105469,115.51000213623047,115.9800033569336,105.20262908935547,1017200,0.0,0.0
2022-08-23 00:00:00-04:00,116.19999694824219,117.79000091552734,116.19999694824219,117.0199966430664,106.14596557617188,1302000,0.0,0.0
2022-08-24 00:00:00-04:00,116.81999969482422,119.26000213623047,116.81999969482422,118.91000366210938,107.86035919189453,1144800,0.0,0.0
2022-08-25 00:00:00-04:00,119.6500015258789,121.2300033569336,117.69999694824219,119.55000305175781,108.44087219238281,1181000,0.0,0.0
2022-08-26 00:00:00-04:00,119.08000183105469,119.48999786376953,115.19000244140625,115.30999755859375,104.59485626220703,745900,0.0,0.0
2022-08-29 00:00:00-04:00,114.68000030517578,116.22000122070312,113.88999938964844,115.02999877929688,104.34089660644531,772800,0.0,0.0
2022-08-30 00:00:00-04:00,114.83999633789062,115.5,113.66000366210938,114.48999786376953,103.85105895996094,1153300,0.0,0.0
2022-08-31 00:00:00-04:00,115.13999938964844,115.62000274658203,113.18000030517578,114.1500015258789,103.54266357421875,1434300,0.0,0.0
2022-09-01 00:00:00-04:00,113.25,115.31999969482422,112.81999969482422,114.87999725341797,104.7093276977539,967500,0.55,0.0
2022-09-02 00:00:00-04:00,115.62000274658203,116.7699966430664,114.75,115.36000061035156,105.1468505859375,1195300,0.0,0.0
2022-09-06 00:00:00-04:00,114.25,114.9800033569336,111.86000061035156,112.9000015258789,102.90463256835938,1846400,0.0,0.0
2022-09-07 00:00:00-04:00,113.02999877929688,114.48999786376953,111.52999877929688,114.1500015258789,104.0439682006836,1037100,0.0,0.0
2022-09-08 00:00:00-04:00,113.81999969482422,114.26000213623047,112.7699966430664,113.2300033569336,103.20540618896484,938500,0.0,0.0
2022-09-09 00:00:00-04:00,114.33999633789062,114.88999938964844,113.93000030517578,114.29000091552734,104.17157745361328,972200,0.0,0.0
2022-09-12 00:00:00-04:00,114.43000030517578,114.56999969482422,113.19000244140625,113.55000305175781,103.4970703125,903500,0.0,0.0
2022-09-13 00:00:00-04:00,111.86000061035156,112.88999938964844,109.62999725341797,110.05999755859375,100.3160629272461,1252100,0.0,0.0
2022-09-14 00:00:00-04:00,110.45999908447266,110.45999908447266,108.19999694824219,110.0,100.2613754272461,1553600,0.0,0.0
2022-09-15 00:00:00-04:00,109.54000091552734,109.87000274658203,106.95999908447266,107.7300033569336,98.19235229492188,1252600,0.0,0.0
2022-09-16 00:00:00-04:00,104.16000366210938,104.98999786376953,101.4800033569336,103.79000091552734,94.60116577148438,3622800,0.0,0.0
2022-09-19 00:00:00-04:00,103.55999755859375,106.06999969482422,103.2300033569336,105.97000122070312,96.58818054199219,1565000,0.0,0.0
2022-09-20 00:00:00-04:00,105.76000213623047,105.76000213623047,102.41000366210938,102.5,93.42536926269531,1725100,0.0,0.0
2022-09-21 00:00:00-04:00,103.08000183105469,104.55999755859375,101.44999694824219,101.47000122070312,92.48656463623047,1375300,0.0,0.0
2022-09-22 00:00:00-04:00,101.16000366210938,101.20999908447266,100.12999725341797,100.33999633789062,91.45660400390625,904400,0.0,0.0
2022-09-23 00:00:00-04:00,99.02999877929688,99.5199966430664,96.58999633789062,97.68000030517578,89.03209686279297,1476700,0.0,0.0
2022-09-26 00:00:00-04:00,97.81999969482422,98.37000274658203,96.4800033569336,97.19999694824219,88.59458923339844,1291100,0.0,0.0
2022-09-27 00:00:00-04:00,97.58999633789062,99.8499984741211,97.06999969482422,98.05999755859375,89.37845611572266,1194200,0.0,0.0
2022-09-28 00:00:00-04:00,98.05999755859375,100.01000213623047,97.69999694824219,99.4800033569336,90.67274475097656,1537900,0.0,0.0
2022-09-29 00:00:00-04:00,98.87999725341797,98.87999725341797,97.13999938964844,98.7300033569336,89.9891586303711,1078200,0.0,0.0
2022-09-30 00:00:00-04:00,98.91999816894531,98.91999816894531,96.04000091552734,96.30999755859375,87.78338623046875,1432600,0.0,0.0
2022-10-03 00:00:00-04:00,97.05000305175781,99.31999969482422,97.0,98.72000122070312,89.98003387451172,1398900,0.0,0.0
2022-10-04 00:00:00-04:00,98.55000305175781,100.4800033569336,97.62000274658203,100.37999725341797,91.49307250976562,1554500,0.0,0.0
2022-10-05 00:00:00-04:00,99.5999984741211,100.48999786376953,99.18000030517578,99.63999938964844,90.81857299804688,1150200,0.0,0.0
2022-10-06 00:00:00-04:00,99.80000305175781,99.87000274658203,97.37999725341797,97.48999786376953,88.85893249511719,1374400,0.0,0.0
2022-10-07 00:00:00-04:00,95.0999984741211,96.0,93.0,94.80999755859375,86.41619873046875,2086800,0.0,0.0
2022-10-10 00:00:00-04:00,95.05000305175781,95.38999938964844,93.58000183105469,94.13999938964844,85.8055191040039,1025700,0.0,0.0
2022-10-11 00:00:00-04:00,93.93000030517578,95.12999725341797,93.58999633789062,94.05000305175781,85.7234878540039,1105600,0.0,0.0
2022-10-12 00:00:00-04:00,94.1500015258789,95.94000244140625,93.51000213623047,94.4800033569336,86.11543273925781,949500,0.0,0.0
2022-10-13 00:00:00-04:00,93.0,95.87000274658203,91.87000274658203,95.30000305175781,86.86280822753906,1247200,0.0,0.0
2022-10-14 00:00:00-04:00,96.41999816894531,96.80999755859375,94.2699966430664,94.88999938964844,86.4891128540039,1287300,0.0,0.0
2022-10-17 00:00:00-04:00,96.06999969482422,96.5199966430664,94.95999908447266,96.29000091552734,87.7651596069336,1265600,0.0,0.0
2022-10-18 00:00:00-04:00,97.7699966430664,98.4000015258789,95.81999969482422,96.19999694824219,87.68311309814453,979200,0.0,0.0
2022-10-19 00:00:00-04:00,95.62999725341797,95.62999725341797,90.83000183105469,93.44999694824219,85.17659759521484,2226600,0.0,0.0
2022-10-20 00:00:00-04:00,92.83999633789062,94.33000183105469,91.91999816894531,92.47000122070312,84.28335571289062,1196300,0.0,0.0
2022-10-21 00:00:00-04:00,92.44999694824219,94.3499984741211,92.13999938964844,94.08000183105469,85.7508316040039,922500,0.0,0.0
2022-10-24 00:00:00-04:00,94.2300033569336,95.77999877929688,93.88999938964844,94.44000244140625,86.0789566040039,982700,0.0,0.0
2022-10-25 00:00:00-04:00,94.55999755859375,95.5199966430664,94.11000061035156,94.80000305175781,86.4070816040039,1083400,0.0,0.0
2022-10-26 00:00:00-04:00,95.5,97.41000366210938,94.30999755859375,96.5,87.95658111572266,1105600,0.0,0.0
2022-10-27 00:00:00-04:00,97.29000091552734,98.3499984741211,96.77999877929688,96.80000305175781,88.23001098632812,1258400,0.0,0.0
2022-10-28 00:00:00-04:00,97.19999694824219,98.0,95.98999786376953,97.80000305175781,89.14148712158203,1123300,0.0,0.0
2022-10-31 00:00:00-04:00,97.80000305175781,99.6500015258789,97.43000030517578,97.72000122070312,89.06856536865234,1682600,0.0,0.0
2022-11-01 00:00:00-04:00,98.27999877929688,98.7699966430664,95.9000015258789,97.83999633789062,89.17792510986328,1561300,0.0,0.0
2022-11-02 00:00:00-04:00,89.08000183105469,93.2300033569336,87.66000366210938,88.16999816894531,80.36405944824219,6191900,0.0,0.0
2022-11-03 00:00:00-04:00,87.52999877929688,89.33000183105469,86.5999984741211,88.47000122070312,80.63749694824219,2439800,0.0,0.0
2022-11-04 00:00:00-04:00,89.1500015258789,90.29000091552734,88.23999786376953,89.97000122070312,82.00469970703125,1870500,0.0,0.0
2022-11-07 00:00:00-05:00,90.44000244140625,92.72000122070312,90.4000015258789,92.05999755859375,83.90966033935547,1727900,0.0,0.0
2022-11-08 00:00:00-05:00,92.86000061035156,94.19000244140625,91.97000122070312,92.5,84.31070709228516,1376500,0.0,0.0
2022-11-09 00:00:00-05:00,91.9000015258789,94.37999725341797,90.25,90.30999755859375,82.3145980834961,1875100,0.0,0.0
2022-11-10 00:00:00-05:00,93.11000061035156,94.13999938964844,92.11000061035156,93.93000030517578,85.61408996582031,1761300,0.0,0.0
2022-11-11 00:00:00-05:00,94.43000030517578,98.62999725341797,94.0199966430664,98.26000213623047,89.56075286865234,1943300,0.0,0.0
2022-11-14 00:00:00-05:00,97.9000015258789,100.58999633789062,97.76000213623047,97.95999908447266,89.28732299804688,1288400,0.0,0.0
2022-11-15 00:00:00-05:00,97.4800033569336,98.7300033569336,95.55000305175781,97.68000030517578,89.03209686279297,2147100,0.0,0.0
2022-11-16 00:00:00-05:00,96.97000122070312,96.97000122070312,92.16999816894531,92.80000305175781,84.58415222167969,1903300,0.0,0.0
2022-11-17 00:00:00-05:00,92.19000244140625,95.2699966430664,91.83999633789062,95.2300033569336,86.79901123046875,1181700,0.0,0.0
2022-11-18 00:00:00-05:00,96.75,97.43000030517578,95.52999877929688,97.08999633789062,88.49432373046875,1141700,0.0,0.0
2022-11-21 00:00:00-05:00,96.77999877929688,97.80999755859375,96.37000274658203,97.56999969482422,88.93184661865234,741300,0.0,0.0
2022-11-22 00:00:00-05:00,97.83000183105469,98.98999786376953,96.58999633789062,97.6500015258789,89.00476837158203,878600,0.0,0.0
2022-11-23 00:00:00-05:00,98.31999969482422,98.98999786376953,98.02999877929688,98.05999755859375,89.37845611572266,672500,0.0,0.0
2022-11-25 00:00:00-05:00,98.16000366210938,98.79000091552734,97.79000091552734,98.76000213623047,90.01649475097656,366000,0.0,0.0
2022-11-28 00:00:00-05:00,98.0,99.7300033569336,97.52999877929688,97.66999816894531,89.02298736572266,1231400,0.0,0.0
2022-11-29 00:00:00-05:00,97.77999877929688,98.69999694824219,96.69000244140625,97.5999984741211,88.95919036865234,1172100,0.0,0.0
2022-11-30 00:00:00-05:00,97.8499984741211,100.79000091552734,96.3499984741211,100.22000122070312,91.34723663330078,2310800,0.0,0.0
2022-12-01 00:00:00-05:00,99.9000015258789,100.68000030517578,97.9800033569336,98.7699966430664,90.576904296875,1470000,0.61,0.0
2022-12-02 00:00:00-05:00,96.79000091552734,98.08999633789062,96.02999877929688,96.70999908447266,88.68779754638672,1467000,0.0,0.0
2022-12-05 00:00:00-05:00,96.22000122070312,97.19999694824219,95.06999969482422,95.41999816894531,87.50479125976562,1350500,0.0,0.0
2022-12-06 00:00:00-05:00,95.37000274658203,95.5,93.76000213623047,95.38999938964844,87.4772720336914,1352500,0.0,0.0
2022-12-07 00:00:00-05:00,94.83000183105469,97.38999938964844,94.2300033569336,96.11000061035156,88.13756561279297,1551600,0.0,0.0
2022-12-08 00:00:00-05:00,96.23999786376953,97.33999633789062,95.30000305175781,96.08000183105469,88.11005401611328,977600,0.0,0.0
2022-12-09 00:00:00-05:00,96.19999694824219,96.5999984741211,95.04000091552734,95.30000305175781,87.39474487304688,881200,0.0,0.0
2022-12-12 00:00:00-05:00,95.63999938964844,97.75,95.22000122070312,97.62999725341797,89.53147888183594,905600,0.0,0.0
2022-12-13 00:00:00-05:00,100.73999786376953,100.87999725341797,95.3499984741211,95.56999969482422,87.64234161376953,1514900,0.0,0.0
2022-12-14 00:00:00-05:00,95.56999969482422,97.51000213623047,95.01000213623047,96.20999908447266,88.22926330566406,1835800,0.0,0.0
2022-12-15 00:00:00-05:00,95.1500015258789,95.55000305175781,93.88999938964844,94.76000213623047,86.89954376220703,1979900,0.0,0.0
2022-12-16 00:00:00-05:00,93.52999877929688,95.45999908447266,93.22000122070312,94.08000183105469,86.27595520019531,4376600,0.0,0.0
2022-12-19 00:00:00-05:00,94.13999938964844,94.75,92.02999877929688,93.51000213623047,85.75323486328125,1292900,0.0,0.0
2022-12-20 00:00:00-05:00,92.93000030517578,93.4800033569336,92.08999633789062,92.37999725341797,84.71697235107422,1060700,0.0,0.0
2022-12-21 00:00:00-05:00,94.01000213623047,94.29000091552734,92.77999877929688,92.91999816894531,85.212158203125,795900,0.0,0.0
2022-12-22 00:00:00-05:00,92.5999984741211,92.5999984741211,90.7300033569336,92.45999908447266,84.79032897949219,782200,0.0,0.0
2022-12-23 00:00:00-05:00,92.66999816894531,93.33000183105469,92.04000091552734,93.08000183105469,85.3589096069336,515300,0.0,0.0
2022-12-27 00:00:00-05:00,93.18000030517578,93.87000274658203,92.31999969482422,93.13999938964844,85.41390991210938,530200,0.0,0.0
2022-12-28 00:00:00-05:00,93.33000183105469,93.63999938964844,91.05000305175781,91.12000274658203,83.56149291992188,566400,0.0,0.0
2022-12-29 00:00:00-05:00,91.83999633789062,93.56999969482422,91.1500015258789,92.25,84.5977554321289,808200,0.0,0.0
2022-12-30 00:00:00-05:00,91.5999984741211,91.94999694824219,90.4800033569336,91.55999755859375,83.96499633789062,822300,0.0,0.0
2023-01-03 00:00:00-05:00,91.69000244140625,92.70999908447266,88.31999969482422,90.27999877929688,82.79116821289062,2124200,0.0,0.0
2023-01-04 00:00:00-05:00,87.58999633789062,91.08000183105469,86.94000244140625,90.80000305175781,83.26803588867188,2246900,0.0,0.0
2023-01-05 00:00:00-05:00,89.11000061035156,90.19999694824219,88.4000015258789,90.01000213623047,82.54356384277344,1717300,0.0,0.0
2023-01-06 00:00:00-05:00,91.08999633789062,93.43000030517578,90.55999755859375,93.30999755859375,85.5698013305664,1113800,0.0,0.0
2023-01-09 00:00:00-05:00,93.38999938964844,94.37000274658203,91.88999938964844,93.36000061035156,85.61567687988281,1954800,0.0,0.0
2023-01-10 00:00:00-05:00,92.37999725341797,93.11000061035156,91.70999908447266,92.80000305175781,85.10213470458984,1682500,0.0,0.0
2023-01-11 00:00:00-05:00,93.4000015258789,95.13999938964844,93.0199966430664,94.9800033569336,87.1012954711914,1765000,0.0,0.0
2023-01-12 00:00:00-05:00,95.31999969482422,95.54000091552734,93.06999969482422,93.5,85.74405670166016,1269500,0.0,0.0
2023-01-13 00:00:00-05:00,93.44000244140625,93.87000274658203,92.94000244140625,93.62999725341797,85.86326599121094,917600,0.0,0.0
2023-01-17 00:00:00-05:00,93.58999633789062,94.44999694824219,92.52999877929688,92.68000030517578,84.99209594726562,1645400,0.0,0.0
2023-01-18 00:00:00-05:00,93.0,96.91000366210938,92.9800033569336,93.2300033569336,85.49646759033203,2046100,0.0,0.0
2023-01-19 00:00:00-05:00,92.9800033569336,93.66999816894531,91.4000015258789,92.79000091552734,85.09295654296875,1974600,0.0,0.0
2023-01-20 00:00:00-05:00,93.05000305175781,94.19000244140625,92.19999694824219,93.55000305175781,85.7899398803711,1163400,0.0,0.0
2023-01-23 00:00:00-05:00,93.87999725341797,98.16999816894531,93.76000213623047,98.05999755859375,89.92579650878906,1832600,0.0,0.0
2023-01-24 00:00:00-05:00,97.41000366210938,100.37000274658203,97.12999725341797,99.08999633789062,90.87035369873047,2187700,0.0,0.0
2023-01-25 00:00:00-05:00,98.27999877929688,98.76000213623047,96.5,96.83999633789062,88.8070068359375,1392000,0.0,0.0
2023-01-26 00:00:00-05:00,97.80000305175781,98.12000274658203,96.41000366210938,97.4800033569336,89.39391326904297,1194800,0.0,0.0
2023-01-27 00:00:00-05:00,97.44999694824219,99.88999938964844,97.44000244140625,98.0,89.87078094482422,1268800,0.0,0.0
2023-01-30 00:00:00-05:00,97.54000091552734,98.27999877929688,96.41000366210938,96.61000061035156,88.5960922241211,1182000,0.0,0.0
2023-01-31 00:00:00-05:00,96.61000061035156,100.38999938964844,96.61000061035156,100.16999816894531,91.86077880859375,7929600,0.0,0.0
2023-02-01 00:00:00-05:00,99.37999725341797,102.5199966430664,98.52999877929688,102.12000274658203,93.64901733398438,3374700,0.0,0.0
2023-02-02 00:00:00-05:00,97.30999755859375,108.05000305175781,97.2300033569336,104.37999725341797,95.72154998779297,4809500,0.0,0.0
2023-02-03 00:00:00-05:00,103.11000061035156,104.55000305175781,101.63999938964844,103.62000274658203,95.02458953857422,2005300,0.0,0.0
2023-02-06 00:00:00-05:00,104.26000213623047,104.26000213623047,102.58000183105469,102.94999694824219,94.41017150878906,1286500,0.0,0.0
2023-02-07 00:00:00-05:00,102.4000015258789,105.41000366210938,102.1500015258789,105.22000122070312,96.49186706542969,1799500,0.0,0.0
2023-02-08 00:00:00-05:00,105.30000305175781,106.08999633789062,102.30000305175781,103.43000030517578,94.85034942626953,1382200,0.0,0.0
2023-02-09 00:00:00-05:00,103.75,103.8499984741211,101.02999877929688,101.66999816894531,93.2363510131836,1013100,0.0,0.0
2023-02-10 00:00:00-05:00,101.70999908447266,103.30999755859375,101.44000244140625,103.12000274658203,94.56607818603516,783500,0.0,0.0
2023-02-13 00:00:00-05:00,102.22000122070312,104.3499984741211,101.94999694824219,103.87000274658203,95.25387573242188,1009000,0.0,0.0
2023-02-14 00:00:00-05:00,103.30999755859375,105.25,102.63999938964844,104.97000122070312,96.26261901855469,1170100,0.0,0.0
2023-02-15 00:00:00-05:00,103.86000061035156,105.30000305175781,103.36000061035156,105.18000030517578,96.4551773071289,1040100,0.0,0.0
2023-02-16 00:00:00-05:00,103.62000274658203,104.31999969482422,103.0199966430664,103.7300033569336,95.12547302246094,941800,0.0,0.0
2023-02-17 00:00:00-05:00,102.75,103.41999816894531,101.01000213623047,101.16999816894531,92.7778091430664,1253200,0.0,0.0
2023-02-21 00:00:00-05:00,100.43000030517578,101.1500015258789,99.25,99.79000091552734,91.5123062133789,1248000,0.0,0.0
2023-02-22 00:00:00-05:00,100.43000030517578,101.05999755859375,99.48999786376953,99.87999725341797,91.5948257446289,946000,0.0,0.0
2023-02-23 00:00:00-05:00,100.63999938964844,101.91000366210938,100.22000122070312,100.94999694824219,92.57606506347656,1050700,0.0,0.0
2023-02-24 00:00:00-05:00,100.25,100.58999633789062,99.69000244140625,100.33999633789062,92.01667022705078,910700,0.0,0.0
2023-02-27 00:00:00-05:00,101.05000305175781,101.69000244140625,100.55000305175781,100.95999908447266,92.58525085449219,1054100,0.0,0.0
2023-02-28 00:00:00-05:00,100.38999938964844,101.2699966430664,99.77999877929688,99.95999908447266,91.6681900024414,1628700,0.0,0.0
2023-03-01 00:00:00-05:00,99.80999755859375,100.66999816894531,99.08999633789062,99.37999725341797,91.13629913330078,1075800,0.0,0.0
2023-03-02 00:00:00-05:00,98.30999755859375,101.58999633789062,97.79000091552734,101.30000305175781,93.47077178955078,931900,0.61,0.0
2023-03-03 00:00:00-05:00,101.9000015258789,102.02999877929688,100.62000274658203,100.9800033569336,93.17549896240234,863600,0.0,0.0
2023-03-06 00:00:00-05:00,100.87999725341797,102.01000213623047,100.37000274658203,100.4800033569336,92.71414184570312,1032500,0.0,0.0
2023-03-07 00:00:00-05:00,100.5,101.77999877929688,100.2699966430664,101.05000305175781,93.24009704589844,974500,0.0,0.0
2023-03-08 00:00:00-05:00,101.48999786376953,102.87000274658203,101.23999786376953,102.66000366210938,94.72564697265625,1197000,0.0,0.0
2023-03-09 00:00:00-05:00,103.08999633789062,106.36000061035156,102.79000091552734,103.3499984741211,95.36231994628906,2120300,0.0,0.0
2023-03-10 00:00:00-05:00,103.68000030517578,105.66000366210938,102.13999938964844,102.31999969482422,94.41192626953125,1526600,0.0,0.0
2023-03-13 00:00:00-04:00,101.19000244140625,102.62000274658203,99.76000213623047,101.29000091552734,93.46154022216797,984900,0.0,0.0
2023-03-14 00:00:00-04:00,102.06999969482422,103.23999786376953,96.83999633789062,97.77999877929688,90.22282409667969,1675500,0.0,0.0
2023-03-15 00:00:00-04:00,96.30999755859375,98.37999725341797,96.0,97.5999984741211,90.0567398071289,1337700,0.0,0.0
2023-03-16 00:00:00-04:00,97.06999969482422,98.69000244140625,96.91999816894531,98.20999908447266,90.61959838867188,1081400,0.0,0.0
2023-03-17 00:00:00-04:00,98.58999633789062,99.3499984741211,95.29000091552734,95.91000366210938,88.49736022949219,2919700,0.0,0.0
2023-03-20 00:00:00-04:00,96.0,96.37999725341797,95.02999877929688,95.97000122070312,88.5527114868164,1014000,0.0,0.0
2023-03-21 00:00:00-04:00,96.83000183105469,97.52999877929688,96.0999984741211,96.62000274658203,89.1524658203125,971000,0.0,0.0
2023-03-22 00:00:00-04:00,96.36000061035156,97.54000091552734,94.91999816894531,94.95999908447266,87.62078094482422,803000,0.0,0.0
2023-03-23 00:00:00-04:00,94.95999908447266,96.43000030517578,94.2300033569336,94.87000274658203,87.53773498535156,1053500,0.0,0.0
2023-03-24 00:00:00-04:00,94.66000366210938,95.9800033569336,93.87999725341797,95.4800033569336,88.10057830810547,892300,0.0,0.0
2023-03-27 00:00:00-04:00,96.37000274658203,96.80999755859375,95.55999755859375,96.45999908447266,89.00484466552734,544100,0.0,0.0
2023-03-28 00:00:00-04:00,96.25,97.38999938964844,95.94999694824219,96.51000213623047,89.05097961425781,711100,0.0,0.0
2023-03-29 00:00:00-04:00,96.94000244140625,97.29000091552734,95.76000213623047,96.43000030517578,88.9771499633789,694700,0.0,0.0
2023-03-30 00:00:00-04:00,96.73999786376953,97.5199966430664,96.5,96.6500015258789,89.18016052246094,657000,0.0,0.0
2023-03-31 00:00:00-04:00,97.08000183105469,99.61000061035156,96.83999633789062,99.37000274658203,91.68993377685547,1117200,0.0,0.0
2023-04-03 00:00:00-04:00,99.0999984741211,99.0999984741211,95.95999908447266,97.01000213623047,89.51232147216797,996400,0.0,0.0
2023-04-04 00:00:00-04:00,97.16999816894531,97.62000274658203,94.2699966430664,94.66999816894531,87.35317993164062,1039800,0.0,0.0
2023-04-05 00:00:00-04:00,94.62999725341797,95.43000030517578,92.91999816894531,93.18000030517578,85.97835540771484,1116300,0.0,0.0
2023-04-06 00:00:00-04:00,92.87000274658203,93.25,92.1500015258789,92.66999816894531,85.50775146484375,868000,0.0,0.0
2023-04-10 00:00:00-04:00,92.19999694824219,95.13999938964844,91.52999877929688,95.13999938964844,87.78685760498047,1114800,0.0,0.0
2023-04-11 00:00:00-04:00,95.36000061035156,96.68000030517578,94.01000213623047,95.69000244140625,88.29435729980469,853300,0.0,0.0
2023-04-12 00:00:00-04:00,96.31999969482422,96.4000015258789,94.6500015258789,94.7300033569336,87.40856170654297,726100,0.0,0.0
2023-04-13 00:00:00-04:00,94.86000061035156,96.05000305175781,93.36000061035156,95.58000183105469,88.19285583496094,1022700,0.0,0.0
2023-04-14 00:00:00-04:00,95.30000305175781,96.6500015258789,95.06999969482422,95.56999969482422,88.1836166381836,768900,0.0,0.0
2023-04-17 00:00:00-04:00,96.13999938964844,96.13999938964844,94.68000030517578,95.7699966430664,88.36817169189453,933600,0.0,0.0
2023-04-18 00:00:00-04:00,95.72000122070312,97.37999725341797,95.2699966430664,95.91999816894531,88.50657653808594,1038700,0.0,0.0
2023-04-19 00:00:00-04:00,95.69999694824219,96.1500015258789,95.01000213623047,96.0,88.58039855957031,840300,0.0,0.0
2023-04-20 00:00:00-04:00,95.94999694824219,97.5999984741211,95.94999694824219,97.11000061035156,89.60460662841797,862400,0.0,0.0
2023-04-21 00:00:00-04:00,97.56999969482422,98.0199966430664,96.56999969482422,97.38999938964844,89.86296081542969,792000,0.0,0.0
2023-04-24 00:00:00-04:00,97.13999938964844,98.69000244140625,97.0999984741211,98.56999969482422,90.9517593383789,1012300,0.0,0.0
2023-04-25 00:00:00-04:00,97.47000122070312,98.01000213623047,95.62000274658203,95.86000061035156,88.45121002197266,1212600,0.0,0.0
2023-04-26 00:00:00-04:00,94.7300033569336,95.41000366210938,92.30999755859375,92.5,85.35089111328125,1888900,0.0,0.0
2023-04-27 00:00:00-04:00,95.26000213623047,100.6500015258789,94.97000122070312,99.68000030517578,91.97595977783203,3024700,0.0,0.0
2023-04-28 00:00:00-04:00,99.8499984741211,102.08000183105469,99.3499984741211,100.87000274658203,93.07400512695312,2102000,0.0,0.0
2023-05-01 00:00:00-04:00,101.26000213623047,104.77999877929688,101.26000213623047,104.44000244140625,96.36808776855469,2131700,0.0,0.0
2023-05-02 00:00:00-04:00,104.2300033569336,104.83000183105469,102.27999877929688,104.4000015258789,96.33119201660156,1512600,0.0,0.0
2023-05-03 00:00:00-04:00,105.0,106.13999938964844,104.73999786376953,105.06999969482422,96.94940185546875,1381900,0.0,0.0
2023-05-04 00:00:00-04:00,104.68000030517578,105.18000030517578,102.66999816894531,102.73999786376953,94.7994613647461,1021200,0.0,0.0
2023-05-05 00:00:00-04:00,103.16000366210938,104.87999725341797,103.16000366210938,104.5,96.42345428466797,843000,0.0,0.0
2023-05-08 00:00:00-04:00,104.5,104.58000183105469,102.79000091552734,102.95999908447266,95.00247955322266,941100,0.0,0.0
2023-05-09 00:00:00-04:00,102.33999633789062,102.62999725341797,101.4000015258789,101.58999633789062,93.73834228515625,1019500,0.0,0.0
2023-05-10 00:00:00-04:00,102.16999816894531,102.48999786376953,99.55999755859375,100.66000366210938,92.88023376464844,999600,0.0,0.0
2023-05-11 00:00:00-04:00,100.41999816894531,100.83999633789062,99.12999725341797,99.30000305175781,91.6253433227539,709600,0.0,0.0
2023-05-12 00:00:00-04:00,99.73999786376953,100.22000122070312,98.69999694824219,99.23999786376953,91.56997680664062,668700,0.0,0.0
2023-05-15 00:00:00-04:00,99.23999786376953,100.18000030517578,98.47000122070312,100.0199966430664,92.2896957397461,659000,0.0,0.0
2023-05-16 00:00:00-04:00,99.20999908447266,99.20999908447266,96.6500015258789,97.97000122070312,90.39813232421875,996900,0.0,0.0
2023-05-17 00:00:00-04:00,98.4800033569336,100.94000244140625,98.22000122070312,100.70999908447266,92.92635345458984,1131600,0.0,0.0
2023-05-18 00:00:00-04:00,100.58000183105469,101.63999938964844,99.87999725341797,101.48999786376953,93.64608001708984,757300,0.0,0.0
2023-05-19 00:00:00-04:00,101.72000122070312,101.83999633789062,98.72000122070312,100.43000030517578,92.66800689697266,791200,0.0,0.0
2023-05-22 00:00:00-04:00,101.37000274658203,101.55999755859375,99.8499984741211,101.08999633789062,93.27700805664062,688900,0.0,0.0
2023-05-23 00:00:00-04:00,101.19000244140625,102.23999786376953,100.91000366210938,101.47000122070312,93.62763214111328,778200,0.0,0.0
2023-05-24 00:00:00-04:00,101.0,101.0,98.38999938964844,99.31999969482422,91.643798828125,835800,0.0,0.0
2023-05-25 00:00:00-04:00,99.44000244140625,99.93000030517578,98.73999786376953,99.41999816894531,91.7360610961914,663900,0.0,0.0
2023-05-26 00:00:00-04:00,99.0,99.12000274658203,97.33999633789062,97.54000091552734,90.0013656616211,1569800,0.0,0.0
2023-05-30 00:00:00-04:00,97.66999816894531,98.72000122070312,96.5199966430664,97.55000305175781,90.01060485839844,1063200,0.0,0.0
2023-05-31 00:00:00-04:00,97.36000061035156,97.87000274658203,94.25,94.54000091552734,87.23322296142578,2772600,0.0,0.0
2023-06-01 00:00:00-04:00,94.54000091552734,95.58999633789062,93.52999877929688,94.87000274658203,88.10623931884766,1530800,0.61,0.0
2023-06-02 00:00:00-04:00,94.75,98.26000213623047,94.26000213623047,97.66999816894531,90.70659637451172,1809400,0.0,0.0
2023-06-05 00:00:00-04:00,95.02999877929688,95.20999908447266,91.18000030517578,91.4000015258789,84.88362121582031,2679100,0.0,0.0
2023-06-06 00:00:00-04:00,91.4800033569336,93.31999969482422,90.48999786376953,91.38999938964844,84.87432098388672,1641500,0.0,0.0
2023-06-07 00:00:00-04:00,90.91000366210938,92.1500015258789,90.62999725341797,91.9000015258789,85.34796905517578,1338200,0.0,0.0
2023-06-08 00:00:00-04:00,92.12999725341797,92.37000274658203,90.91999816894531,91.22000122070312,84.71643829345703,1007100,0.0,0.0
2023-06-09 00:00:00-04:00,91.22000122070312,91.7699966430664,89.44999694824219,89.7300033569336,83.33267974853516,1177400,0.0,0.0
2023-06-12 00:00:00-04:00,90.56999969482422,90.88999938964844,89.05999755859375,90.31999969482422,83.880615234375,1170300,0.0,0.0
2023-06-13 00:00:00-04:00,90.44999694824219,91.72000122070312,90.08999633789062,91.33999633789062,84.82788848876953,1037100,0.0,0.0
2023-06-14 00:00:00-04:00,92.01000213623047,95.44000244140625,91.4800033569336,94.61000061035156,87.86474609375,1518600,0.0,0.0
2023-06-15 00:00:00-04:00,94.61000061035156,95.75,94.37999725341797,95.36000061035156,88.56127166748047,924000,0.0,0.0
2023-06-16 00:00:00-04:00,95.98999786376953,96.33999633789062,94.41000366210938,94.62000274658203,87.87405395507812,1841100,0.0,0.0
2023-06-20 00:00:00-04:00,94.06999969482422,94.58999633789062,92.56999969482422,92.66000366210938,86.05378723144531,944400,0.0,0.0
2023-06-21 00:00:00-04:00,91.9800033569336,93.8499984741211,91.68000030517578,93.41999816894531,86.75961303710938,666800,0.0,0.0
2023-06-22 00:00:00-04:00,93.33999633789062,93.4000015258789,91.86000061035156,92.04000091552734,85.47798919677734,897100,0.0,0.0
2023-06-23 00:00:00-04:00,91.55000305175781,92.05999755859375,90.16000366210938,90.44999694824219,84.0013427734375,3115700,0.0,0.0
2023-06-26 00:00:00-04:00,90.20999908447266,92.6500015258789,90.20999908447266,92.55999755859375,85.96090698242188,843500,0.0,0.0
2023-06-27 00:00:00-04:00,92.93000030517578,95.04000091552734,92.68000030517578,94.44000244140625,87.70687103271484,694700,0.0,0.0
2023-06-28 00:00:00-04:00,94.55999755859375,94.70999908447266,92.9000015258789,93.87999725341797,87.1867904663086,646200,0.0,0.0
2023-06-29 00:00:00-04:00,93.41000366210938,94.52999877929688,93.27999877929688,94.27999877929688,87.55828094482422,593800,0.0,0.0
2023-06-30 00:00:00-04:00,94.69999694824219,94.75,93.13999938964844,94.3499984741211,87.62327575683594,915300,0.0,0.0
2023-07-03 00:00:00-04:00,94.01000213623047,95.66999816894531,93.87999725341797,95.5199966430664,88.70989227294922,470000,0.0,0.0
2023-07-05 00:00:00-04:00,94.8499984741211,95.91999816894531,94.1500015258789,94.6500015258789,87.90188598632812,767200,0.0,0.0
2023-07-06 00:00:00-04:00,93.4800033569336,95.20999908447266,93.20999908447266,94.94000244140625,88.17122650146484,762900,0.0,0.0
2023-07-07 00:00:00-04:00,95.04000091552734,96.5,95.04000091552734,95.26000213623047,88.4684066772461,1155000,0.0,0.0
2023-07-10 00:00:00-04:00,95.58000183105469,96.93000030517578,95.58000183105469,96.2300033569336,89.36924743652344,641600,0.0,0.0
2023-07-11 00:00:00-04:00,96.19000244140625,98.33000183105469,96.12999725341797,98.20999908447266,91.20808410644531,840300,0.0,0.0
2023-07-12 00:00:00-04:00,99.1500015258789,99.1500015258789,97.02999877929688,97.63999938964844,90.6787338256836,925700,0.0,0.0
2023-07-13 00:00:00-04:00,97.80000305175781,97.98999786376953,96.72000122070312,96.8499984741211,89.94505310058594,713900,0.0,0.0
2023-07-14 00:00:00-04:00,97.16999816894531,97.16999816894531,95.12999725341797,95.5999984741211,88.78416442871094,751000,0.0,0.0
2023-07-17 00:00:00-04:00,94.93000030517578,95.30000305175781,94.0,94.8499984741211,88.08763885498047,674400,0.0,0.0
2023-07-18 00:00:00-04:00,95.0,96.73999786376953,95.0,95.9000015258789,89.06278228759766,679700,0.0,0.0
2023-07-19 00:00:00-04:00,96.16000366210938,98.56999969482422,96.12999725341797,98.31999969482422,91.31025695800781,959700,0.0,0.0
2023-07-20 00:00:00-04:00,98.31999969482422,99.44000244140625,97.36000061035156,98.55999755859375,91.53314971923828,1031600,0.0,0.0
2023-07-21 00:00:00-04:00,98.41000366210938,98.9800033569336,97.95999908447266,98.5999984741211,91.5702896118164,635000,0.0,0.0
2023-07-24 00:00:00-04:00,97.86000061035156,99.05000305175781,97.27999877929688,97.94000244140625,90.95734405517578,874400,0.0,0.0
2023-07-25 00:00:00-04:00,97.97000122070312,98.66000366210938,97.29000091552734,97.91999816894531,90.93875885009766,620700,0.0,0.0
2023-07-26 00:00:00-04:00,98.1500015258789,99.11000061035156,97.7300033569336,98.27999877929688,91.27308654785156,982900,0.0,0.0
2023-07-27 00:00:00-04:00,98.80000305175781,98.80000305175781,97.2699966430664,97.66000366210938,90.69730377197266,724900,0.0,0.0
2023-07-28 00:00:00-04:00,98.75,100.6500015258789,98.29000091552734,100.4000015258789,93.24195861816406,1176200,0.0,0.0
2023-07-31 00:00:00-04:00,100.44000244140625,100.87999725341797,99.4800033569336,100.18000030517578,93.03763580322266,1201300,0.0,0.0
2023-08-01 00:00:00-04:00,99.9000015258789,99.94999694824219,98.68000030517578,99.38999938964844,92.30396270751953,835400,0.0,0.0
2023-08-02 00:00:00-04:00,98.6500015258789,99.5999984741211,97.0999984741211,97.44000244140625,90.49298858642578,1387900,0.0,0.0
2023-08-03 00:00:00-04:00,99.62000274658203,100.01000213623047,96.5,98.22000122070312,91.21737670898438,1598300,0.0,0.0
2023-08-04 00:00:00-04:00,98.5,99.62000274658203,98.05000305175781,98.5199966430664,91.49598693847656,808100,0.0,0.0
2023-08-07 00:00:00-04:00,99.33999633789062,100.43000030517578,99.23999786376953,100.0,92.87045288085938,916400,0.0,0.0
2023-08-08 00:00:00-04:00,99.43000030517578,99.6500015258789,97.30000305175781,97.91999816894531,90.93875885009766,1057200,0.0,0.0
2023-08-09 00:00:00-04:00,97.79000091552734,98.75,97.3499984741211,97.95999908447266,90.9759292602539,916200,0.0,0.0
2023-08-10 00:00:00-04:00,98.45999908447266,99.05999755859375,96.11000061035156,96.44000244140625,89.56428527832031,875000,0.0,0.0
2023-08-11 00:00:00-04:00,95.88999938964844,95.88999938964844,94.66000366210938,95.2300033569336,88.44054412841797,872700,0.0,0.0
2023-08-14 00:00:00-04:00,95.04000091552734,95.6500015258789,93.8499984741211,95.38999938964844,88.5891342163086,923200,0.0,0.0
2023-08-15 00:00:00-04:00,95.12000274658203,95.33999633789062,94.01000213623047,94.55999755859375,87.81832122802734,781300,0.0,0.0
2023-08-16 00:00:00-04:00,94.45999908447266,95.20999908447266,93.91000366210938,94.30999755859375,87.58612823486328,660000,0.0,0.0
2023-08-17 00:00:00-04:00,94.73999786376953,95.05000305175781,93.08000183105469,93.33000183105469,86.67601013183594,692900,0.0,0.0
2023-08-18 00:00:00-04:00,92.80999755859375,95.04000091552734,92.62000274658203,94.98999786376953,88.21765899658203,850300,0.0,0.0
2023-08-21 00:00:00-04:00,94.91000366210938,95.30000305175781,93.05999755859375,93.5199966430664,86.85246276855469,825900,0.0,0.0
2023-08-22 00:00:00-04:00,93.5199966430664,93.9000015258789,92.41999816894531,92.86000061035156,86.2395248413086,581700,0.0,0.0
2023-08-23 00:00:00-04:00,92.86000061035156,93.2699966430664,92.3499984741211,93.19000244140625,86.54600524902344,452800,0.0,0.0
2023-08-24 00:00:00-04:00,92.87999725341797,93.54000091552734,92.44000244140625,93.13999938964844,86.49957275390625,529000,0.0,0.0
2023-08-25 00:00:00-04:00,93.26000213623047,94.27999877929688,93.12000274658203,93.76000213623047,87.07535552978516,463000,0.0,0.0
2023-08-28 00:00:00-04:00,94.22000122070312,94.30000305175781,92.62000274658203,93.04000091552734,86.40670013427734,648200,0.0,0.0
2023-08-29 00:00:00-04:00,92.88999938964844,94.41999816894531,92.61000061035156,94.37999725341797,87.65115356445312,664000,0.0,0.0
2023-08-30 00:00:00-04:00,94.5199966430664,94.97000122070312,93.91999816894531,94.62999725341797,87.8833236694336,984000,0.0,0.0
2023-08-31 00:00:00-04:00,92.66000366210938,93.19000244140625,90.38999938964844,90.43000030517578,84.52764129638672,1911000,0.61,0.0
2023-09-01 00:00:00-04:00,91.04000091552734,91.04000091552734,87.93000030517578,88.3499984741211,82.5833969116211,1402500,0.0,0.0
2023-09-05 00:00:00-04:00,88.30999755859375,89.16000366210938,87.5199966430664,88.6500015258789,82.86384582519531,1143200,0.0,0.0
2023-09-06 00:00:00-04:00,88.58000183105469,89.31999969482422,87.22000122070312,87.37999725341797,81.67670440673828,1092000,0.0,0.0
2023-09-07 00:00:00-04:00,87.23999786376953,87.62999725341797,86.0199966430664,86.19000244140625,80.56439208984375,1691900,0.0,0.0
2023-09-08 00:00:00-04:00,86.25,86.69999694824219,85.2300033569336,86.31999969482422,80.68592071533203,1114500,0.0,0.0
2023-09-11 00:00:00-04:00,86.80000305175781,87.05999755859375,86.12000274658203,86.55000305175781,80.9009017944336,651900,0.0,0.0
2023-09-12 00:00:00-04:00,86.19000244140625,87.83000183105469,85.91000366210938,86.9800033569336,81.30282592773438,917100,0.0,0.0
2023-09-13 00:00:00-04:00,87.44000244140625,87.70999908447266,86.43000030517578,87.37000274658203,81.66737365722656,1177800,0.0,0.0
2023-09-14 00:00:00-04:00,88.4000015258789,90.06999969482422,88.16000366210938,89.88999938964844,84.02289581298828,1015200,0.0,0.0
2023-09-15 00:00:00-04:00,89.88999938964844,91.26000213623047,89.7300033569336,90.54000091552734,84.63046264648438,2382500,0.0,0.0
2023-09-18 00:00:00-04:00,90.2300033569336,90.36000061035156,87.5999984741211,87.81999969482422,82.08802032470703,838400,0.0,0.0
2023-09-19 00:00:00-04:00,87.97000122070312,88.75,87.75,88.5,82.72361755371094,1012000,0.0,0.0
2023-09-20 00:00:00-04:00,88.58000183105469,88.83999633789062,87.52999877929688,87.58000183105469,81.86367797851562,518300,0.0,0.0
2023-09-21 00:00:00-04:00,87.69000244140625,87.86000061035156,86.73999786376953,86.75,81.08784484863281,656300,0.0,0.0
2023-09-22 00:00:00-04:00,86.94999694824219,87.13999938964844,85.86000061035156,85.93000030517578,80.32136535644531,507800,0.0,0.0
2023-09-25 00:00:00-04:00,85.80999755859375,86.48999786376953,85.31999969482422,85.58999633789062,80.00355529785156,723900,0.0,0.0
2023-09-26 00:00:00-04:00,85.61000061035156,86.37999725341797,84.76000213623047,84.94999694824219,79.40533447265625,1009800,0.0,0.0
2023-09-27 00:00:00-04:00,84.94000244140625,86.76000213623047,84.80000305175781,86.29000091552734,80.65787506103516,938400,0.0,0.0
2023-09-28 00:00:00-04:00,86.30999755859375,87.44000244140625,85.12000274658203,87.13999938964844,81.45237731933594,908800,0.0,0.0
2023-09-29 00:00:00-04:00,87.55999755859375,88.13999938964844,85.76000213623047,86.12999725341797,80.50830841064453,962700,0.0,0.0
2023-10-02 00:00:00-04:00,85.75,86.13999938964844,84.52999877929688,85.6500015258789,80.05963897705078,1030900,0.0,0.0
2023-10-03 00:00:00-04:00,85.3499984741211,86.43000030517578,85.29000091552734,85.70999908447266,80.11573791503906,851100,0.0,0.0
2023-10-04 00:00:00-04:00,85.9800033569336,86.41999816894531,84.58000183105469,85.51000213623047,79.92877960205078,643800,0.0,0.0
2023-10-05 00:00:00-04:00,85.20999908447266,85.51000213623047,83.80000305175781,84.3499984741211,78.8445053100586,650900,0.0,0.0
2023-10-06 00:00:00-04:00,84.22000122070312,85.54000091552734,83.75,84.86000061035156,79.32119750976562,719900,0.0,0.0
2023-10-09 00:00:00-04:00,84.37999725341797,86.80000305175781,84.29000091552734,86.3499984741211,80.71394348144531,722100,0.0,0.0
2023-10-10 00:00:00-04:00,86.3499984741211,87.08000183105469,86.26000213623047,86.5,80.85416412353516,620200,0.0,0.0
2023-10-11 00:00:00-04:00,86.38999938964844,87.13999938964844,85.12999725341797,85.98999786376953,80.37744903564453,632800,0.0,0.0
2023-10-12 00:00:00-04:00,86.16999816894531,86.30999755859375,83.70999908447266,84.73999786376953,79.20903778076172,898200,0.0,0.0
2023-10-13 00:00:00-04:00,84.91999816894531,86.18000030517578,83.93000030517578,84.0,78.517333984375,1234000,0.0,0.0
2023-10-16 00:00:00-04:00,84.48999786376953,86.19999694824219,84.48999786376953,85.75,80.1530990600586,1268100,0.0,0.0
2023-10-17 00:00:00-04:00,85.75,86.58999633789062,85.54000091552734,86.20999908447266,80.58307647705078,924500,0.0,0.0
2023-10-18 00:00:00-04:00,83.2300033569336,84.18000030517578,82.45999908447266,83.77999877929688,78.31168365478516,1465600,0.0,0.0
2023-10-19 00:00:00-04:00,83.91999816894531,84.25,82.87999725341797,83.30999755859375,77.87236022949219,1142600,0.0,0.0
2023-10-20 00:00:00-04:00,84.04000091552734,85.94999694824219,83.02999877929688,85.33000183105469,79.76052856445312,1581600,0.0,0.0
2023-10-23 00:00:00-04:00,85.2300033569336,85.91999816894531,83.94000244140625,84.19000244140625,78.69493865966797,1148500,0.0,0.0
2023-10-24 00:00:00-04:00,84.5,85.01000213623047,83.43000030517578,83.75,78.28364562988281,959700,0.0,0.0
2023-10-25 00:00:00-04:00,83.55999755859375,83.55999755859375,81.94000244140625,82.7300033569336,77.33023834228516,815100,0.0,0.0
2023-10-26 00:00:00-04:00,82.80000305175781,82.93000030517578,80.18000030517578,81.0199966430664,75.73182678222656,1167600,0.0,0.0
2023-10-27 00:00:00-04:00,81.77999877929688,83.23999786376953,80.94999694824219,81.26000213623047,75.95616912841797,1511300,0.0,0.0
2023-10-30 00:00:00-04:00,81.80999755859375,82.30000305175781,80.16999816894531,80.62000274658203,75.35794830322266,1499000,0.0,0.0
2023-10-31 00:00:00-04:00,80.69999694824219,82.22000122070312,80.41999816894531,81.83000183105469,76.48896026611328,1450000,0.0,0.0
2023-11-01 00:00:00-04:00,82.19999694824219,82.19999694824219,80.41000366210938,81.45999908447266,76.14311218261719,1377200,0.0,0.0
2023-11-02 00:00:00-04:00,83.91000366210938,83.91000366210938,81.13999938964844,81.43000030517578,76.11507415771484,2481400,0.0,0.0
2023-11-03 00:00:00-04:00,81.95999908447266,82.44999694824219,80.73999786376953,81.69000244140625,76.35810089111328,1470900,0.0,0.0
2023-11-06 00:00:00-05:00,81.80000305175781,82.37999725341797,80.83000183105469,82.0,76.64788055419922,956400,0.0,0.0
2023-11-07 00:00:00-05:00,81.44000244140625,83.16000366210938,81.05999755859375,82.7699966430664,77.36761474609375,1152200,0.0,0.0
2023-11-08 00:00:00-05:00,82.55999755859375,83.05000305175781,81.1500015258789,81.4000015258789,76.0870361328125,850200,0.0,0.0
2023-11-09 00:00:00-05:00,81.87999725341797,81.87999725341797,80.06999969482422,80.12000274658203,74.89057922363281,951000,0.0,0.0
2023-11-10 00:00:00-05:00,80.7300033569336,80.7300033569336,79.20999908447266,79.95999908447266,74.74102783203125,1711600,0.0,0.0
2023-11-13 00:00:00-05:00,79.8499984741211,80.5,78.69000244140625,78.97000122070312,73.81562805175781,974600,0.0,0.0
2023-11-14 00:00:00-05:00,80.0,83.55000305175781,79.80999755859375,83.29000091552734,77.85366821289062,1234800,0.0,0.0
2023-11-15 00:00:00-05:00,83.36000061035156,84.47000122070312,82.88999938964844,83.25,77.81627655029297,1076800,0.0,0.0
2023-11-16 00:00:00-05:00,82.9000015258789,83.66000366210938,81.79000091552734,81.86000061035156,76.51701354980469,1687800,0.0,0.0
2023-11-17 00:00:00-05:00,82.87000274658203,83.0,81.48999786376953,82.5999984741211,77.20872497558594,1154400,0.0,0.0
2023-11-20 00:00:00-05:00,82.30999755859375,82.4000015258789,81.41999816894531,82.02999877929688,76.67591857910156,853000,0.0,0.0
2023-11-21 00:00:00-05:00,81.83000183105469,82.4000015258789,81.30999755859375,82.30999755859375,76.9376449584961,1198700,0.0,0.0
2023-11-22 00:00:00-05:00,82.33999633789062,83.04000091552734,82.08000183105469,82.73999786376953,77.3395767211914,1064000,0.0,0.0
2023-11-24 00:00:00-05:00,82.73999786376953,82.73999786376953,81.86000061035156,82.51000213623047,77.12458801269531,405700,0.0,0.0
2023-11-27 00:00:00-05:00,82.16999816894531,82.16999816894531,80.55000305175781,81.41000366210938,76.09639739990234,895300,0.0,0.0
2023-11-28 00:00:00-05:00,81.41000366210938,82.41999816894531,80.79000091552734,82.38999938964844,77.01242065429688,1150200,0.0,0.0
2023-11-29 00:00:00-05:00,82.16999816894531,83.11000061035156,81.37999725341797,81.56999969482422,76.24594116210938,1131400,0.0,0.0
2023-11-30 00:00:00-05:00,81.05999755859375,82.08000183105469,80.08000183105469,82.05000305175781,77.2724609375,3134900,0.61,0.0
2023-12-01 00:00:00-05:00,82.52999877929688,83.76000213623047,81.91999816894531,83.26000213623047,78.4120101928711,871300,0.0,0.0
2023-12-04 00:00:00-05:00,83.19000244140625,85.97000122070312,82.98999786376953,85.72000122070312,80.72879028320312,1941200,0.0,0.0
2023-12-05 00:00:00-05:00,85.23999786376953,85.48999786376953,84.44999694824219,85.06999969482422,80.11660766601562,1114900,0.0,0.0
2023-12-06 00:00:00-05:00,85.22000122070312,86.30999755859375,85.06999969482422,85.51000213623047,80.531005859375,954300,0.0,0.0
2023-12-07 00:00:00-05:00,85.54000091552734,86.76000213623047,85.04000091552734,86.0199966430664,81.01131439208984,781600,0.0,0.0
2023-12-08 00:00:00-05:00,86.08000183105469,86.23999786376953,84.45999908447266,84.5,79.57981872558594,1070000,0.0,0.0
2023-12-11 00:00:00-05:00,84.4000015258789,84.88999938964844,83.72000122070312,84.41999816894531,79.50447082519531,1043800,0.0,0.0
2023-12-12 00:00:00-05:00,84.55000305175781,84.55000305175781,83.43000030517578,83.5999984741211,78.73220825195312,1265100,0.0,0.0
2023-12-13 00:00:00-05:00,83.4000015258789,84.86000061035156,82.4000015258789,84.8499984741211,79.90943145751953,1531400,0.0,0.0
2023-12-14 00:00:00-05:00,85.62999725341797,86.56999969482422,84.77999877929688,85.04000091552734,80.08836364746094,1933300,0.0,0.0
2023-12-15 00:00:00-05:00,85.26000213623047,86.0,84.4800033569336,84.94999694824219,80.00361633300781,3614700,0.0,0.0
2023-12-18 00:00:00-05:00,85.5199966430664,85.69999694824219,84.19999694824219,84.41000366210938,79.49506378173828,1289100,0.0,0.0
2023-12-19 00:00:00-05:00,84.62999725341797,85.52999877929688,84.02999877929688,85.05999755859375,80.10721588134766,1627000,0.0,0.0
2023-12-20 00:00:00-05:00,84.41999816894531,86.48999786376953,84.08999633789062,85.23999786376953,80.27671813964844,1016300,0.0,0.0
2023-12-21 00:00:00-05:00,85.70999908447266,86.5,85.33000183105469,85.8499984741211,80.85120391845703,872900,0.0,0.0
2023-12-22 00:00:00-05:00,85.94000244140625,87.62000274658203,85.63999938964844,87.2699966430664,82.18852233886719,758700,0.0,0.0
2023-12-26 00:00:00-05:00,87.27999877929688,87.98999786376953,86.9000015258789,87.25,82.16968536376953,626100,0.0,0.0
2023-12-27 00:00:00-05:00,87.16000366210938,87.41000366210938,86.48999786376953,86.86000061035156,81.80239868164062,511900,0.0,0.0
2023-12-28 00:00:00-05:00,86.87999725341797,87.30000305175781,86.47000122070312,86.88999938964844,81.83065795898438,530800,0.0,0.0
2023-12-29 00:00:00-05:00,86.73999786376953,87.30000305175781,85.93000030517578,86.38999938964844,81.3597640991211,844100,0.0,0.0
2024-01-02 00:00:00-05:00,86.43000030517578,87.5999984741211,86.19999694824219,87.12999725341797,82.05667877197266,1250200,0.0,0.0
2024-01-03 00:00:00-05:00,87.0,89.70999908447266,86.68000030517578,87.33999633789062,82.25444030761719,2243400,0.0,0.0
2024-01-04 00:00:00-05:00,87.0,88.43000030517578,86.91000366210938,88.20999908447266,83.07379150390625,1614200,0.0,0.0
2024-01-05 00:00:00-05:00,87.8499984741211,89.70999908447266,87.58999633789062,88.58999633789062,83.4316635131836,1814600,0.0,0.0
2024-01-08 00:00:00-05:00,88.37000274658203,88.37000274658203,86.5999984741211,87.58999633789062,82.48989868164062,1258600,0.0,0.0
2024-01-09 00:00:00-05:00,87.02999877929688,87.61000061035156,86.30999755859375,86.62000274658203,81.57637786865234,992500,0.0,0.0
2024-01-10 00:00:00-05:00,86.68000030517578,87.43000030517578,86.63999938964844,87.19000244140625,82.1131820678711,875100,0.0,0.0
2024-01-11 00:00:00-05:00,87.12000274658203,87.48999786376953,85.91999816894531,87.0,81.93424987792969,1152200,0.0,0.0
2024-01-12 00:00:00-05:00,87.48999786376953,88.33999633789062,86.81999969482422,86.87000274658203,81.81182098388672,951700,0.0,0.0
2024-01-16 00:00:00-05:00,86.7300033569336,86.7300033569336,85.19999694824219,85.80999755859375,80.81353759765625,1225700,0.0,0.0
2024-01-17 00:00:00-05:00,85.33000183105469,85.83000183105469,84.69000244140625,84.94000244140625,79.99419403076172,902700,0.0,0.0
2024-01-18 00:00:00-05:00,85.08000183105469,85.76000213623047,84.79000091552734,85.56999969482422,80.58753204345703,783600,0.0,0.0
2024-01-19 00:00:00-05:00,86.02999877929688,86.5999984741211,84.37999725341797,86.25,81.22792053222656,1219600,0.0,0.0
2024-01-22 00:00:00-05:00,86.97000122070312,87.68000030517578,86.16000366210938,87.12999725341797,82.05667877197266,876300,0.0,0.0
2024-01-23 00:00:00-05:00,87.41999816894531,88.0,87.25,87.30000305175781,82.21678161621094,882900,0.0,0.0
2024-01-24 00:00:00-05:00,87.7300033569336,87.7300033569336,85.41999816894531,85.56999969482422,80.58753204345703,684200,0.0,0.0
2024-01-25 00:00:00-05:00,86.02999877929688,87.0,85.6500015258789,86.91999816894531,81.8589096069336,709700,0.0,0.0
2024-01-26 00:00:00-05:00,87.22000122070312,87.68000030517578,86.27999877929688,87.38999938964844,82.30154418945312,917100,0.0,0.0
2024-01-29 00:00:00-05:00,87.2300033569336,87.5,85.70999908447266,85.83999633789062,80.84178924560547,1553300,0.0,0.0
2024-01-30 00:00:00-05:00,84.80999755859375,86.01000213623047,84.12999725341797,85.91000366210938,80.90771484375,1289000,0.0,0.0
2024-01-31 00:00:00-05:00,85.8499984741211,85.87000274658203,83.97000122070312,84.08999633789062,79.19368743896484,2906700,0.0,0.0
2024-02-01 00:00:00-05:00,77.52999877929688,79.0,71.56999969482422,73.5,69.22030639648438,7420100,0.0,0.0
2024-02-02 00:00:00-05:00,73.12999725341797,75.05000305175781,72.4000015258789,74.12999725341797,69.8136215209961,2667600,0.0,0.0
2024-02-05 00:00:00-05:00,73.38999938964844,74.22000122070312,72.11000061035156,74.04000091552734,69.72886657714844,2192100,0.0,0.0
2024-02-06 00:00:00-05:00,74.0,75.81999969482422,74.0,74.5199966430664,70.18091583251953,1671500,0.0,0.0
2024-02-07 00:00:00-05:00,74.91999816894531,74.97000122070312,73.19000244140625,73.66000366210938,69.37100219726562,1613500,0.0,0.0
2024-02-08 00:00:00-05:00,73.81999969482422,74.72000122070312,72.05999755859375,74.66000366210938,70.3127670288086,1891800,0.0,0.0
2024-02-09 00:00:00-05:00,74.8499984741211,74.8499984741211,73.58999633789062,74.66999816894531,70.32218933105469,941700,0.0,0.0
2024-02-12 00:00:00-05:00,74.66999816894531,76.38999938964844,74.55000305175781,75.76000213623047,71.34871673583984,1069800,0.0,0.0
2024-02-13 00:00:00-05:00,74.7300033569336,75.05000305175781,73.37999725341797,74.08999633789062,69.77594757080078,1246400,0.0,0.0
2024-02-14 00:00:00-05:00,74.05999755859375,74.26000213623047,73.22000122070312,73.83999633789062,69.54051208496094,931500,0.0,0.0
2024-02-15 00:00:00-05:00,73.83000183105469,74.22000122070312,73.52999877929688,73.69999694824219,69.40866088867188,1301600,0.0,0.0
2024-02-16 00:00:00-05:00,73.38999938964844,73.4800033569336,72.18000030517578,72.25,68.04310607910156,876300,0.0,0.0
2024-02-20 00:00:00-05:00,72.0999984741211,72.5999984741211,71.29000091552734,71.63999938964844,67.46861267089844,1280800,0.0,0.0
2024-02-21 00:00:00-05:00,71.93000030517578,72.73999786376953,71.41999816894531,72.5,68.2785415649414,1108800,0.0,0.0
2024-02-22 00:00:00-05:00,72.02999877929688,73.8499984741211,72.01000213623047,73.6500015258789,69.36157989501953,1298700,0.0,0.0
2024-02-23 00:00:00-05:00,73.91000366210938,74.30000305175781,72.91999816894531,73.3499984741211,69.07904052734375,1351400,0.0,0.0
2024-02-26 00:00:00-05:00,73.1500015258789,73.87999725341797,72.9000015258789,73.43000030517578,69.15440368652344,1115600,0.0,0.0
2024-02-27 00:00:00-05:00,73.5999984741211,74.41000366210938,72.91000366210938,74.22000122070312,69.89838409423828,1492200,0.0,0.0
2024-02-28 00:00:00-05:00,73.93000030517578,74.55999755859375,73.79000091552734,74.38999938964844,70.05848693847656,1167100,0.0,0.0
2024-02-29 00:00:00-05:00,74.44000244140625,75.0199966430664,73.9000015258789,74.08000183105469,70.3433609008789,2670300,0.61,0.0
2024-03-01 00:00:00-05:00,74.6500015258789,74.6500015258789,72.63999938964844,73.87999725341797,70.15345001220703,1402500,0.0,0.0
2024-03-04 00:00:00-05:00,73.80000305175781,73.9000015258789,70.33000183105469,70.44999694824219,66.8964614868164,2261400,0.0,0.0
2024-03-05 00:00:00-05:00,70.08000183105469,70.66999816894531,69.11000061035156,69.6500015258789,66.13681030273438,1624600,0.0,0.0
2024-03-06 00:00:00-05:00,72.56999969482422,74.31999969482422,71.36000061035156,71.95999908447266,68.3302993774414,2525600,0.0,0.0
2024-03-07 00:00:00-05:00,72.06999969482422,72.73999786376953,71.54000091552734,72.61000061035156,68.94750213623047,1576900,0.0,0.0
2024-03-08 00:00:00-05:00,72.81999969482422,73.25,72.29000091552734,72.44999694824219,68.79556274414062,1066000,0.0,0.0
2024-03-11 00:00:00-04:00,72.81999969482422,75.38999938964844,72.81999969482422,75.0,71.21697235107422,1802200,0.0,0.0
2024-03-12 00:00:00-04:00,74.87000274658203,75.91999816894531,74.66000366210938,75.68000030517578,71.86264038085938,1391600,0.0,0.0
2024-03-13 00:00:00-04:00,75.38999938964844,77.41999816894531,75.26000213623047,75.30999755859375,71.51132202148438,1794900,0.0,0.0
2024-03-14 00:00:00-04:00,74.93000030517578,75.0999984741211,73.41999816894531,74.9000015258789,71.12200164794922,2175100,0.0,0.0
2024-03-15 00:00:00-04:00,74.45999908447266,75.87000274658203,73.91000366210938,73.94000244140625,70.2104263305664,10532600,0.0,0.0
2024-03-18 00:00:00-04:00,74.27999877929688,74.4000015258789,73.22000122070312,73.37999725341797,69.67864990234375,1794600,0.0,0.0
2024-03-19 00:00:00-04:00,73.61000061035156,74.52999877929688,73.0,74.05999755859375,70.32437133789062,1748800,0.0,0.0
2024-03-20 00:00:00-04:00,73.83000183105469,73.97000122070312,72.91999816894531,73.94999694824219,70.21991729736328,1146800,0.0,0.0
2024-03-21 00:00:00-04:00,73.81999969482422,74.43000030517578,72.76000213623047,74.3499984741211,70.59973907470703,1352000,0.0,0.0
2024-03-22 00:00:00-04:00,75.01000213623047,75.33000183105469,74.08999633789062,74.47000122070312,70.71369171142578,981100,0.0,0.0
2024-03-25 00:00:00-04:00,74.86000061035156,74.94999694824219,73.88999938964844,74.81999969482422,71.04603576660156,2006100,0.0,0.0
2024-03-26 00:00:00-04:00,74.91999816894531,75.01000213623047,72.81999969482422,72.83000183105469,69.15641021728516,1683000,0.0,0.0
2024-03-27 00:00:00-04:00,72.41999816894531,74.55000305175781,72.41999816894531,74.31999969482422,70.57125854492188,1185200,0.0,0.0
2024-03-28 00:00:00-04:00,75.06999969482422,76.27999877929688,74.47000122070312,76.13999938964844,72.29944610595703,1461700,0.0,0.0
2024-04-01 00:00:00-04:00,74.7300033569336,75.19000244140625,73.0999984741211,73.33999633789062,69.64067840576172,1324700,0.0,0.0
2024-04-02 00:00:00-04:00,73.37999725341797,73.4000015258789,72.04000091552734,72.22000122070312,68.57717895507812,1165700,0.0,0.0
2024-04-03 00:00:00-04:00,72.77999877929688,73.12999725341797,71.66999816894531,71.7699966430664,68.14988708496094,852200,0.0,0.0
2024-04-04 00:00:00-04:00,71.72000122070312,73.0,71.45999908447266,71.68000030517578,68.06441497802734,881300,0.0,0.0
2024-04-05 00:00:00-04:00,71.41000366210938,71.97000122070312,71.06999969482422,71.18000030517578,67.58963775634766,1034700,0.0,0.0
2024-04-08 00:00:00-04:00,70.86000061035156,72.55999755859375,70.80000305175781,72.05999755859375,68.42524719238281,1004700,0.0,0.0
2024-04-09 00:00:00-04:00,71.54000091552734,73.0199966430664,71.54000091552734,72.93000030517578,69.2513656616211,1049600,0.0,0.0
2024-04-10 00:00:00-04:00,72.19999694824219,72.68000030517578,71.01000213623047,72.01000213623047,68.37775421142578,1055600,0.0,0.0
2024-04-11 00:00:00-04:00,72.69999694824219,73.52999877929688,72.0199966430664,72.1500015258789,68.51071166992188,945700,0.0,0.0
2024-04-12 00:00:00-04:00,71.72000122070312,71.72000122070312,70.38999938964844,70.4800033569336,66.92495727539062,743300,0.0,0.0
2024-04-15 00:00:00-04:00,70.52999877929688,70.76000213623047,68.47000122070312,69.01000213623047,65.52909088134766,1285700,0.0,0.0
2024-04-16 00:00:00-04:00,68.83000183105469,68.83000183105469,67.3499984741211,67.88999938964844,64.46559143066406,1643000,0.0,0.0
2024-04-17 00:00:00-04:00,66.08000183105469,68.87000274658203,65.0,68.80999755859375,65.33917999267578,2071400,0.0,0.0
2024-04-18 00:00:00-04:00,69.25,69.94000244140625,68.9800033569336,69.87000274658203,66.3457260131836,1685900,0.0,0.0
2024-04-19 00:00:00-04:00,70.06999969482422,71.55000305175781,69.91999816894531,71.22000122070312,67.62762451171875,1570600,0.0,0.0
2024-04-22 00:00:00-04:00,71.66000366210938,71.88999938964844,70.52999877929688,70.76000213623047,67.19082641601562,1344600,0.0,0.0
2024-04-23 00:00:00-04:00,70.29000091552734,71.61000061035156,70.27999877929688,70.3499984741211,66.80149841308594,843200,0.0,0.0
2024-04-24 00:00:00-04:00,69.83999633789062,70.9800033569336,69.66000366210938,70.94000244140625,67.36174774169922,1136000,0.0,0.0
2024-04-25 00:00:00-04:00,71.19999694824219,71.58000183105469,69.69999694824219,70.26000213623047,66.7160415649414,2364300,0.0,0.0
2024-04-26 00:00:00-04:00,70.05999755859375,70.80000305175781,69.69000244140625,70.22000122070312,66.67806243896484,1026300,0.0,0.0
2024-04-29 00:00:00-04:00,70.27999877929688,71.80000305175781,70.26000213623047,71.69999694824219,68.08340454101562,1640700,0.0,0.0
2024-04-30 00:00:00-04:00,71.55000305175781,71.76000213623047,70.16000366210938,71.0,67.41871643066406,3140500,0.0,0.0
2024-05-01 00:00:00-04:00,70.94999694824219,72.83000183105469,70.41000366210938,72.08999633789062,68.4537353515625,2855900,0.0,0.0
2024-05-02 00:00:00-04:00,81.0,85.0,79.5999984741211,80.93000030517578,76.84783935546875,6430400,0.0,0.0
2024-05-03 00:00:00-04:00,81.22000122070312,81.66999816894531,79.87999725341797,81.19999694824219,77.1042251586914,2545800,0.0,0.0
2024-05-06 00:00:00-04:00,81.93000030517578,82.0999984741211,78.6500015258789,78.75,74.77780151367188,2101200,0.0,0.0
2024-05-07 00:00:00-04:00,78.91000366210938,79.9000015258789,78.16000366210938,79.52999877929688,75.51844787597656,1399600,0.0,0.0
2024-05-08 00:00:00-04:00,79.41999816894531,81.04000091552734,79.05000305175781,80.97000122070312,76.8858413696289,1192800,0.0,0.0
2024-05-09 00:00:00-04:00,81.2300033569336,81.94999694824219,80.41000366210938,81.26000213623047,77.16119384765625,1013300,0.0,0.0
2024-05-10 00:00:00-04:00,81.80000305175781,82.83000183105469,81.36000061035156,82.72000122070312,78.54755401611328,1289800,0.0,0.0
2024-05-13 00:00:00-04:00,82.95999908447266,84.68000030517578,82.72000122070312,84.47000122070312,80.20928955078125,1283100,0.0,0.0
2024-05-14 00:00:00-04:00,84.9800033569336,86.38999938964844,83.86000061035156,83.87000274658203,79.63954162597656,1465200,0.0,0.0
2024-05-15 00:00:00-04:00,84.2300033569336,84.2300033569336,82.04000091552734,83.3499984741211,79.14578247070312,1832700,0.0,0.0
2024-05-16 00:00:00-04:00,83.19999694824219,83.45999908447266,81.66999816894531,83.1500015258789,78.95587158203125,1334000,0.0,0.0
2024-05-17 00:00:00-04:00,83.22000122070312,84.55999755859375,83.08000183105469,84.11000061035156,79.86743927001953,1625400,0.0,0.0
2024-05-20 00:00:00-04:00,84.11000061035156,84.69000244140625,83.44999694824219,84.52999877929688,80.26626586914062,1268100,0.0,0.0
2024-05-21 00:00:00-04:00,84.29000091552734,84.4800033569336,82.37000274658203,82.5999984741211,78.4336166381836,1234600,0.0,0.0
2024-05-22 00:00:00-04:00,82.02999877929688,84.51000213623047,81.38999938964844,84.33999633789062,80.08583068847656,2018200,0.0,0.0
2024-05-23 00:00:00-04:00,84.01000213623047,85.58999633789062,83.8499984741211,84.5999984741211,80.33272552490234,2228300,0.0,0.0
2024-05-24 00:00:00-04:00,84.79000091552734,86.8499984741211,84.79000091552734,86.72000122070312,82.34579467773438,2141600,0.0,0.0
2024-05-28 00:00:00-04:00,86.58999633789062,86.73999786376953,85.06999969482422,86.02999877929688,81.69058990478516,2035500,0.0,0.0
2024-05-29 00:00:00-04:00,85.2300033569336,85.38999938964844,83.91000366210938,83.98999786376953,79.75348663330078,1411200,0.0,0.0
2024-05-30 00:00:00-04:00,84.0199966430664,85.16000366210938,83.37999725341797,84.88999938964844,80.60809326171875,1389700,0.0,0.0
2024-05-31 00:00:00-04:00,85.19999694824219,86.56999969482422,84.8499984741211,86.37000274658203,82.01343536376953,6564000,0.0,0.0
2024-06-03 00:00:00-04:00,86.7699966430664,87.98999786376953,86.66000366210938,87.11000061035156,82.71611785888672,1295500,0.0,0.0
2024-06-04 00:00:00-04:00,87.0,87.20999908447266,85.80999755859375,85.98999786376953,81.65261840820312,1143300,0.0,0.0
2024-06-05 00:00:00-04:00,86.25,87.69999694824219,85.87000274658203,87.63999938964844,83.21939086914062,1066500,0.0,0.0
2024-06-06 00:00:00-04:00,88.19999694824219,88.33999633789062,87.2699966430664,87.83000183105469,83.39979553222656,1023900,0.0,0.0
2024-06-07 00:00:00-04:00,86.58999633789062,88.61000061035156,86.3499984741211,86.9800033569336,83.17031860351562,1538100,0.61,0.0
2024-06-10 00:00:00-04:00,86.5199966430664,86.7699966430664,85.22000122070312,85.58999633789062,81.84119415283203,1321000,0.0,0.0
2024-06-11 00:00:00-04:00,84.8499984741211,84.94999694824219,84.0,84.44999694824219,80.75112915039062,1172300,0.0,0.0
2024-06-12 00:00:00-04:00,85.26000213623047,86.0999984741211,84.37000274658203,84.79000091552734,81.07623291015625,772600,0.0,0.0
2024-06-13 00:00:00-04:00,84.4800033569336,84.72000122070312,83.41000366210938,84.5199966430664,80.81805419921875,818600,0.0,0.0
2024-06-14 00:00:00-04:00,84.23999786376953,84.23999786376953,82.16000366210938,83.5999984741211,79.9383544921875,1009400,0.0,0.0
2024-06-17 00:00:00-04:00,83.5999984741211,86.01000213623047,83.2300033569336,85.80000305175781,82.04199981689453,1252200,0.0,0.0
2024-06-18 00:00:00-04:00,85.94999694824219,87.51000213623047,85.54000091552734,85.66999816894531,81.91768646240234,1211400,0.0,0.0
2024-06-20 00:00:00-04:00,85.31999969482422,87.66999816894531,85.31999969482422,87.48999786376953,83.6579818725586,1773300,0.0,0.0
2024-06-21 00:00:00-04:00,87.52999877929688,88.23999786376953,86.45999908447266,86.79000091552734,82.9886474609375,4336700,0.0,0.0
2024-06-24 00:00:00-04:00,87.12999725341797,89.06999969482422,86.6500015258789,88.48999786376953,84.61417388916016,1310300,0.0,0.0
2024-06-25 00:00:00-04:00,89.0199966430664,90.23999786376953,88.27999877929688,89.5,85.57994079589844,1478200,0.0,0.0
2024-06-26 00:00:00-04:00,89.0,90.08000183105469,88.75,89.26000213623047,85.35044860839844,1751400,0.0,0.0
2024-06-27 00:00:00-04:00,89.12000274658203,89.55999755859375,87.4800033569336,87.7300033569336,83.88748168945312,1087500,0.0,0.0
2024-06-28 00:00:00-04:00,88.22000122070312,88.6500015258789,87.2699966430664,88.12000274658203,84.26039123535156,3426300,0.0,0.0
2024-07-01 00:00:00-04:00,88.30999755859375,88.87999725341797,86.55000305175781,86.80999755859375,83.00775909423828,907300,0.0,0.0
2024-07-02 00:00:00-04:00,86.79000091552734,87.30000305175781,86.02999877929688,86.1500015258789,82.37667083740234,1396100,0.0,0.0
2024-07-03 00:00:00-04:00,86.55000305175781,87.81999969482422,86.4000015258789,87.51000213623047,83.67708587646484,799700,0.0,0.0
2024-07-05 00:00:00-04:00,86.23999786376953,87.5999984741211,85.51000213623047,86.48999786376953,82.70177459716797,1430300,0.0,0.0
2024-07-08 00:00:00-04:00,86.69999694824219,87.19000244140625,85.70999908447266,86.62000274658203,82.82609558105469,1043200,0.0,0.0
2024-07-09 00:00:00-04:00,87.66999816894531,87.9000015258789,86.41000366210938,86.55000305175781,82.7591552734375,1388700,0.0,0.0
2024-07-10 00:00:00-04:00,87.01000213623047,87.01000213623047,84.23999786376953,85.44000244140625,81.6977767944336,1653700,0.0,0.0
2024-07-11 00:00:00-04:00,85.88999938964844,87.12999725341797,85.47000122070312,86.37000274658203,82.58702850341797,1084800,0.0,0.0
2024-07-12 00:00:00-04:00,86.88999938964844,87.55000305175781,86.22000122070312,86.76000213623047,82.95995330810547,1702400,0.0,0.0
2024-07-15 00:00:00-04:00,87.0999984741211,87.3499984741211,86.0199966430664,87.02999877929688,83.21812438964844,1755500,0.0,0.0
2024-07-16 00:00:00-04:00,87.16999816894531,89.11000061035156,87.16999816894531,87.73999786376953,83.89702606201172,1606800,0.0,0.0
2024-07-17 00:00:00-04:00,87.08999633789062,89.0,86.54000091552734,88.97000122070312,85.07315063476562,1279700,0.0,0.0
2024-07-18 00:00:00-04:00,88.69999694824219,89.80999755859375,86.95999908447266,87.4000015258789,83.57191467285156,1457200,0.0,0.0
2024-07-19 00:00:00-04:00,87.62999725341797,88.9000015258789,86.79000091552734,88.86000061035156,84.96797943115234,1400300,0.0,0.0
2024-07-22 00:00:00-04:00,90.62000274658203,91.36000061035156,89.69000244140625,90.19000244140625,86.2397232055664,1549400,0.0,0.0
2024-07-23 00:00:00-04:00,89.04000091552734,91.08999633789062,88.5999984741211,90.62999725341797,86.66043853759766,1254600,0.0,0.0
2024-07-24 00:00:00-04:00,90.6500015258789,91.48999786376953,89.6500015258789,90.20999908447266,86.25885009765625,1160300,0.0,0.0
2024-07-25 00:00:00-04:00,90.51000213623047,91.61000061035156,89.2699966430664,89.41000366210938,85.49388885498047,1765000,0.0,0.0
2024-07-26 00:00:00-04:00,89.58000183105469,90.12000274658203,88.54000091552734,89.47000122070312,85.5512466430664,1379100,0.0,0.0
2024-07-29 00:00:00-04:00,89.58999633789062,89.91000366210938,88.51000213623047,89.25,85.34088897705078,1297400,0.0,0.0
2024-07-30 00:00:00-04:00,89.4800033569336,90.19000244140625,88.6500015258789,89.33999633789062,85.42695617675781,973400,0.0,0.0
2024-07-31 00:00:00-04:00,89.48999786376953,89.9800033569336,87.4800033569336,89.05000305175781,85.14965057373047,4435500,0.0,0.0
2024-08-01 00:00:00-04:00,98.86000061035156,105.41000366210938,98.27999877929688,102.20999908447266,97.73324584960938,4117400,0.0,0.0
2024-08-02 00:00:00-04:00,101.55000305175781,102.7300033569336,97.79000091552734,98.62999725341797,94.31004333496094,2362100,0.0,0.0
2024-08-05 00:00:00-04:00,98.0,99.37999725341797,96.51000213623047,98.7300033569336,94.40567779541016,1705400,0.0,0.0
2024-08-06 00:00:00-04:00,98.48999786376953,101.41000366210938,98.06999969482422,99.18000030517578,94.8359603881836,1626100,0.0,0.0
2024-08-07 00:00:00-04:00,99.26000213623047,100.2699966430664,97.66999816894531,97.7699966430664,93.48771667480469,1342400,0.0,0.0
2024-08-08 00:00:00-04:00,98.0999984741211,99.48999786376953,97.20999908447266,98.56999969482422,94.252685546875,1662200,0.0,0.0
2024-08-09 00:00:00-04:00,99.01000213623047,99.04000091552734,97.87999725341797,98.51000213623047,94.19530487060547,745100,0.0,0.0
2024-08-12 00:00:00-04:00,98.26000213623047,98.7699966430664,97.51000213623047,98.69999694824219,94.37696838378906,818700,0.0,0.0
2024-08-13 00:00:00-04:00,98.05000305175781,98.62000274658203,96.37000274658203,98.26000213623047,93.95626068115234,1169300,0.0,0.0
2024-08-14 00:00:00-04:00,98.26000213623047,98.44999694824219,97.36000061035156,97.79000091552734,93.50685119628906,798700,0.0,0.0
2024-08-15 00:00:00-04:00,98.62999725341797,99.9800033569336,97.69999694824219,97.83999633789062,93.55464935302734,771900,0.0,0.0
2024-08-16 00:00:00-04:00,97.93000030517578,99.5,97.19999694824219,99.22000122070312,94.87420654296875,1227200,0.0,0.0
2024-08-19 00:00:00-04:00,99.20999908447266,101.0999984741211,98.51000213623047,101.05000305175781,96.6240463256836,1153300,0.0,0.0
2024-08-20 00:00:00-04:00,101.0,101.0,99.01000213623047,99.18000030517578,94.8359603881836,770200,0.0,0.0
2024-08-21 00:00:00-04:00,99.66999816894531,101.0,99.19000244140625,100.66999816894531,96.26068878173828,755700,0.0,0.0
2024-08-22 00:00:00-04:00,100.62000274658203,101.5199966430664,100.56999969482422,101.33000183105469,96.89178466796875,663600,0.0,0.0
2024-08-23 00:00:00-04:00,101.2300033569336,102.08000183105469,101.11000061035156,101.79000091552734,97.33164978027344,605000,0.0,0.0
2024-08-26 00:00:00-04:00,102.38999938964844,102.66999816894531,101.61000061035156,102.30999755859375,97.82886505126953,628600,0.0,0.0
2024-08-27 00:00:00-04:00,102.47000122070312,103.75,101.87000274658203,103.5999984741211,99.0623550415039,849900,0.0,0.0
2024-08-28 00:00:00-04:00,103.55000305175781,104.0,102.66999816894531,103.95999908447266,99.40660095214844,915300,0.0,0.0
2024-08-29 00:00:00-04:00,104.23999786376953,104.6500015258789,102.9000015258789,103.01000213623047,98.49821472167969,1028800,0.0,0.0
2024-08-30 00:00:00-04:00,103.47000122070312,103.87000274658203,102.77999877929688,103.51000213623047,98.97631072998047,1640900,0.0,0.0
2024-09-03 00:00:00-04:00,103.25,104.0999984741211,102.5,103.61000061035156,99.07193756103516,1109300,0.0,0.0
2024-09-04 00:00:00-04:00,103.62999725341797,104.4000015258789,103.19000244140625,104.12999725341797,99.56915283203125,1213400,0.0,0.0
2024-09-05 00:00:00-04:00,104.20999908447266,104.5,101.18000030517578,102.18000030517578,97.7045669555664,1034700,0.0,0.0
2024-09-06 00:00:00-04:00,101.87000274658203,102.5199966430664,99.91999816894531,100.80000305175781,96.97342681884766,1148400,0.62,0.0
2024-09-09 00:00:00-04:00,100.86000061035156,102.55999755859375,100.86000061035156,101.06999969482422,97.23316192626953,1032200,0.0,0.0
2024-09-10 00:00:00-04:00,100.9800033569336,101.47000122070312,100.16000366210938,101.06999969482422,97.23316192626953,859300,0.0,0.0
2024-09-11 00:00:00-04:00,100.83000183105469,100.83999633789062,98.94999694824219,100.06999969482422,96.27112579345703,876100,0.0,0.0
2024-09-12 00:00:00-04:00,100.0,100.6500015258789,98.38999938964844,99.45999908447266,95.68428802490234,974000,0.0,0.0
2024-09-13 00:00:00-04:00,99.7300033569336,100.4000015258789,97.7699966430664,100.06999969482422,96.27112579345703,744200,0.0,0.0
2024-09-16 00:00:00-04:00,100.11000061035156,100.68000030517578,99.06999969482422,100.30999755859375,96.50202178955078,1049000,0.0,0.0
2024-09-17 00:00:00-04:00,100.83999633789062,101.41999816894531,99.2300033569336,100.26000213623047,96.45391845703125,1460200,0.0,0.0
2024-09-18 00:00:00-04:00,100.58999633789062,103.63999938964844,99.98999786376953,102.04000091552734,98.16634368896484,1649100,0.0,0.0
2024-09-19 00:00:00-04:00,102.98999786376953,103.8499984741211,102.2300033569336,103.63999938964844,99.70560455322266,1514800,0.0,0.0
2024-09-20 00:00:00-04:00,102.73999786376953,104.58999633789062,100.91000366210938,104.19999694824219,100.24433898925781,7034200,0.0,0.0
2024-09-23 00:00:00-04:00,104.19999694824219,106.86000061035156,104.05999755859375,106.44999694824219,102.40892791748047,2095000,0.0,0.0
2024-09-24 00:00:00-04:00,106.26000213623047,108.9800033569336,105.7300033569336,108.87000274658203,104.737060546875,1678200,0.0,0.0
2024-09-25 00:00:00-04:00,108.87000274658203,109.23999786376953,107.4800033569336,108.0199966430664,103.91932678222656,1115000,0.0,0.0
2024-09-26 00:00:00-04:00,108.55999755859375,109.33000183105469,107.22000122070312,107.54000091552734,103.45755004882812,1137100,0.0,0.0
2024-09-27 00:00:00-04:00,108.48999786376953,108.69000244140625,107.56999969482422,108.33999633789062,104.22718048095703,982100,0.0,0.0
2024-09-30 00:00:00-04:00,108.94000244140625,110.51000213623047,108.5199966430664,110.37000274658203,106.18012237548828,1474800,0.0,0.0
2024-10-01 00:00:00-04:00,110.37000274658203,110.37000274658203,108.37000274658203,109.80000305175781,105.63175964355469,1190500,0.0,0.0
2024-10-02 00:00:00-04:00,108.94999694824219,109.93000030517578,108.2300033569336,108.4000015258789,104.284912109375,649900,0.0,0.0
2024-10-03 00:00:00-04:00,108.01000213623047,108.29000091552734,105.2699966430664,105.5,101.4949951171875,976100,0.0,0.0
2024-10-04 00:00:00-04:00,106.8499984741211,108.51000213623047,105.45999908447266,106.7300033569336,102.67829895019531,1224300,0.0,0.0
2024-10-07 00:00:00-04:00,106.8499984741211,107.08999633789062,106.0,106.72000122070312,102.66867065429688,632300,0.0,0.0
2024-10-08 00:00:00-04:00,106.62000274658203,108.38999938964844,106.22000122070312,107.93000030517578,103.8327407836914,1105500,0.0,0.0
2024-10-09 00:00:00-04:00,107.26000213623047,108.55000305175781,106.20999908447266,108.26000213623047,104.15022277832031,1005100,0.0,0.0
2024-10-10 00:00:00-04:00,108.36000061035156,108.36000061035156,106.55000305175781,108.04000091552734,103.93856811523438,859900,0.0,0.0
2024-10-11 00:00:00-04:00,108.58000183105469,110.36000061035156,108.47000122070312,110.16999816894531,105.98770141601562,620900,0.0,0.0
2024-10-14 00:00:00-04:00,110.58999633789062,110.58999633789062,108.62999725341797,110.16000366210938,105.97808837890625,687300,0.0,0.0
2024-10-15 00:00:00-04:00,110.3499984741211,111.30999755859375,108.37000274658203,109.0999984741211,104.95832824707031,1181200,0.0,0.0
2024-10-16 00:00:00-04:00,111.01000213623047,113.0999984741211,110.5199966430664,110.63999938964844,106.43986511230469,1077000,0.0,0.0
2024-10-17 00:00:00-04:00,110.41999816894531,111.01000213623047,109.66999816894531,110.88999938964844,106.68038177490234,725800,0.0,0.0
2024-10-18 00:00:00-04:00,111.05000305175781,111.05000305175781,109.2699966430664,110.12999725341797,105.94921875,1684000,0.0,0.0
2024-10-21 00:00:00-04:00,109.9000015258789,109.9000015258789,108.45999908447266,108.87999725341797,104.7466812133789,1056900,0.0,0.0
2024-10-22 00:00:00-04:00,108.8499984741211,108.87999725341797,107.55999755859375,108.08999633789062,103.98666381835938,924100,0.0,0.0
2024-10-23 00:00:00-04:00,107.97000122070312,108.79000091552734,107.72000122070312,107.86000061035156,103.76539611816406,832400,0.0,0.0
2024-10-24 00:00:00-04:00,107.9000015258789,108.08999633789062,106.33999633789062,106.7300033569336,102.67829895019531,1089700,0.0,0.0
2024-10-25 00:00:00-04:00,107.33999633789062,108.37000274658203,106.7300033569336,108.12000274658203,104.01554107666016,954500,0.0,0.0
2024-10-28 00:00:00-04:00,108.87000274658203,109.12000274658203,107.8499984741211,108.94000244140625,104.80440521240234,1123500,0.0,0.0
2024-10-29 00:00:00-04:00,109.0,110.30000305175781,107.9000015258789,108.0,103.90007781982422,1091500,0.0,0.0
2024-10-30 00:00:00-04:00,107.91000366210938,109.9800033569336,107.27999877929688,109.63999938964844,105.47782897949219,2247100,0.0,0.0
2024-10-31 00:00:00-04:00,103.26000213623047,108.52999877929688,100.44000244140625,103.04000091552734,99.12837982177734,4086800,0.0,0.0
2024-11-01 00:00:00-04:00,102.9000015258789,103.47000122070312,101.56999969482422,101.81999969482422,97.9546890258789,1570100,0.0,0.0
2024-11-04 00:00:00-05:00,102.2699966430664,104.1500015258789,101.97000122070312,102.6500015258789,98.7531967163086,1027500,0.0,0.0
2024-11-05 00:00:00-05:00,102.98999786376953,105.0199966430664,102.51000213623047,104.93000030517578,100.9466323852539,1148000,0.0,0.0
2024-11-06 00:00:00-05:00,106.83000183105469,107.36000061035156,103.5,106.41999816894531,102.38007354736328,2331900,0.0,0.0
2024-11-07 00:00:00-05:00,106.66000366210938,109.4000015258789,106.47000122070312,107.91000366210938,103.81351470947266,1734200,0.0,0.0
2024-11-08 00:00:00-05:00,107.8499984741211,109.33999633789062,107.72000122070312,108.55999755859375,104.4388427734375,933100,0.0,0.0
2024-11-11 00:00:00-05:00,109.01000213623047,110.4800033569336,108.94000244140625,109.02999877929688,104.8909912109375,917600,0.0,0.0
2024-11-12 00:00:00-05:00,110.5199966430664,110.5199966430664,108.68000030517578,109.08999633789062,104.94869995117188,958000,0.0,0.0
2024-11-13 00:00:00-05:00,109.31999969482422,111.76000213623047,109.2699966430664,111.68000030517578,107.44039154052734,1462900,0.0,0.0
2024-11-14 00:00:00-05:00,111.33000183105469,112.23999786376953,110.58999633789062,111.4800033569336,107.24797821044922,1137000,0.0,0.0
2024-11-15 00:00:00-05:00,111.26000213623047,111.51000213623047,110.02999877929688,110.19000244140625,106.00695037841797,992100,0.0,0.0
2024-11-18 00:00:00-05:00,110.19000244140625,111.06999969482422,109.58999633789062,109.98999786376953,105.81452941894531,629400,0.0,0.0
2024-11-19 00:00:00-05:00,109.02999877929688,110.19000244140625,108.77999877929688,109.08000183105469,104.93909454345703,773700,0.0,0.0
2024-11-20 00:00:00-05:00,109.58000183105469,109.5999984741211,108.16999816894531,109.02999877929688,104.8909912109375,645400,0.0,0.0
2024-11-21 00:00:00-05:00,109.37000274658203,109.55000305175781,108.23999786376953,108.54000091552734,104.4195785522461,774000,0.0,0.0
2024-11-22 00:00:00-05:00,108.4000015258789,108.8499984741211,106.77999877929688,107.61000061035156,103.52490234375,1265700,0.0,0.0
2024-11-25 00:00:00-05:00,108.80000305175781,109.6500015258789,105.8499984741211,107.54000091552734,103.45755004882812,2658500,0.0,0.0
2024-11-26 00:00:00-05:00,107.70999908447266,108.11000061035156,105.80000305175781,106.36000061035156,102.32234191894531,1513800,0.0,0.0
2024-11-27 00:00:00-05:00,106.73999786376953,107.0999984741211,104.4000015258789,105.25,101.25447845458984,1315800,0.0,0.0
2024-11-29 00:00:00-05:00,105.43000030517578,105.7699966430664,104.93000030517578,105.58000183105469,101.57196807861328,499000,0.0,0.0
2024-12-02 00:00:00-05:00,105.97000122070312,107.4800033569336,104.73999786376953,106.18000030517578,102.149169921875,1200100,0.0,0.0
2024-12-03 00:00:00-05:00,105.8499984741211,108.06999969482422,105.48999786376953,107.5999984741211,103.51526641845703,1362900,0.0,0.0
2024-12-04 00:00:00-05:00,107.16000366210938,107.68000030517578,105.66000366210938,107.62000274658203,103.5345230102539,978200,0.0,0.0
2024-12-05 00:00:00-05:00,107.94000244140625,108.2699966430664,105.4800033569336,106.16999816894531,102.13955688476562,943800,0.0,0.0
2024-12-06 00:00:00-05:00,106.52999877929688,106.52999877929688,104.55999755859375,105.43000030517578,102.0234375,1013100,0.62,0.0
2024-12-09 00:00:00-05:00,106.0,108.76000213623047,105.91000366210938,108.13999938964844,104.64586639404297,1225600,0.0,0.0
2024-12-10 00:00:00-05:00,108.38999938964844,109.83000183105469,106.33999633789062,109.20999908447266,105.68130493164062,1211200,0.0,0.0
2024-12-11 00:00:00-05:00,110.0,110.66000366210938,108.66000366210938,109.12999725341797,105.60388946533203,1236700,0.0,0.0
2024-12-12 00:00:00-05:00,108.66000366210938,114.68000030517578,106.54000091552734,114.05999755859375,110.37459564208984,2392200,0.0,0.0
2024-12-13 00:00:00-05:00,114.81999969482422,114.81999969482422,110.30000305175781,111.37999725341797,107.78118133544922,1632100,0.0,0.0
2024-12-16 00:00:00-05:00,111.27999877929688,112.2300033569336,109.58999633789062,110.11000061035156,106.5522232055664,1064900,0.0,0.0
2024-12-17 00:00:00-05:00,109.72000122070312,110.5,108.76000213623047,108.87999725341797,105.3619613647461,792200,0.0,0.0
2024-12-18 00:00:00-05:00,109.19999694824219,109.54000091552734,106.3499984741211,106.44999694824219,103.0104751586914,947400,0.0,0.0
2024-12-19 00:00:00-05:00,107.0,107.5999984741211,104.87999725341797,105.0,101.60733795166016,1352100,0.0,0.0
2024-12-20 00:00:00-05:00,105.04000091552734,105.4000015258789,102.95999908447266,104.33999633789062,100.96865844726562,2001800,0.0,0.0
2024-12-23 00:00:00-05:00,104.12999725341797,104.68000030517578,102.8499984741211,104.01000213623047,100.64932250976562,864000,0.0,0.0
2024-12-24 00:00:00-05:00,103.87000274658203,104.37999725341797,102.8499984741211,104.27999877929688,100.91059875488281,271800,0.0,0.0
2024-12-26 00:00:00-05:00,104.30000305175781,104.63999938964844,103.41999816894531,104.31999969482422,100.94930267333984,526100,0.0,0.0
2024-12-27 00:00:00-05:00,104.1500015258789,104.73999786376953,103.19000244140625,103.88999938964844,100.53319549560547,517600,0.0,0.0
2024-12-30 00:00:00-05:00,103.04000091552734,104.58000183105469,102.16999816894531,103.4800033569336,100.1364517211914,881700,0.0,0.0
2024-12-31 00:00:00-05:00,103.80999755859375,104.27999877929688,103.05000305175781,103.31999969482422,99.98160552978516,573300,0.0,0.0
2025-01-02 00:00:00-05:00,104.08999633789062,104.73999786376953,102.25,102.77999877929688,99.45905303955078,614000,0.0,0.0
2025-01-03 00:00:00-05:00,103.94999694824219,104.54000091552734,102.8499984741211,104.44000244140625,101.06542205810547,810800,0.0,0.0
2025-01-06 00:00:00-05:00,104.44000244140625,105.36000061035156,101.7300033569336,103.5199966430664,100.17513275146484,929200,0.0,0.0
2025-01-07 00:00:00-05:00,103.77999877929688,105.61000061035156,103.5999984741211,104.05000305175781,100.6880111694336,720500,0.0,0.0
2025-01-08 00:00:00-05:00,104.33999633789062,105.04000091552734,103.05999755859375,103.61000061035156,100.26224517822266,931500,0.0,0.0
2025-01-10 00:00:00-05:00,103.0,104.1500015258789,101.69000244140625,101.76000213623047,98.4720230102539,849800,0.0,0.0
2025-01-13 00:00:00-05:00,101.38999938964844,103.70999908447266,100.91999816894531,103.56999969482422,100.22354125976562,818100,0.0,0.0
2025-01-14 00:00:00-05:00,103.80999755859375,104.56999969482422,102.51000213623047,102.83999633789062,99.51712036132812,838000,0.0,0.0
2025-01-15 00:00:00-05:00,104.48999786376953,105.18000030517578,102.58999633789062,103.02999877929688,99.70098876953125,1074700,0.0,0.0
2025-01-16 00:00:00-05:00,103.25,104.13999938964844,102.20999908447266,102.69000244140625,99.3719711303711,748300,0.0,0.0
2025-01-17 00:00:00-05:00,102.19999694824219,103.91000366210938,101.66999816894531,103.58000183105469,100.23320770263672,1119300,0.0,0.0
2025-01-21 00:00:00-05:00,103.91000366210938,105.48999786376953,103.66000366210938,105.38999938964844,101.9847412109375,840500,0.0,0.0
2025-01-22 00:00:00-05:00,105.58999633789062,106.9000015258789,104.4800033569336,105.25,101.84925842285156,976100,0.0,0.0
2025-01-23 00:00:00-05:00,106.22000122070312,107.05999755859375,104.87999725341797,107.0,103.54270935058594,1016000,0.0,0.0
2025-01-24 00:00:00-05:00,107.56999969482422,109.0999984741211,106.8499984741211,108.16000366210938,104.66522979736328,1083700,0.0,0.0
2025-01-27 00:00:00-05:00,108.48999786376953,109.72000122070312,108.45999908447266,109.05000305175781,105.52648162841797,1137200,0.0,0.0
2025-01-28 00:00:00-05:00,108.33000183105469,110.08999633789062,107.52999877929688,109.81999969482422,106.2716064453125,1017600,0.0,0.0
2025-01-29 00:00:00-05:00,109.2699966430664,110.25,107.69999694824219,107.93000030517578,104.44265747070312,1507800,0.0,0.0
2025-01-30 00:00:00-05:00,99.5999984741211,105.29000091552734,98.0,100.44000244140625,97.1946792602539,3351500,0.0,0.0
2025-01-31 00:00:00-05:00,102.94999694824219,103.47000122070312,98.9000015258789,99.48999786376953,96.27536010742188,2419300,0.0,0.0
2025-02-03 00:00:00-05:00,99.08000183105469,99.23999786376953,96.7300033569336,98.0999984741211,94.93028259277344,1343200,0.0,0.0
2025-02-04 00:00:00-05:00,99.18000030517578,99.43000030517578,98.0999984741211,98.83000183105469,95.6366958618164,951700,0.0,0.0
2025-02-05 00:00:00-05:00,98.94000244140625,98.94000244140625,97.11000061035156,97.25,94.10774993896484,1513300,0.0,0.0
2025-02-06 00:00:00-05:00,98.12999725341797,98.55000305175781,96.1500015258789,96.63999938964844,93.51744842529297,1139100,0.0,0.0
2025-02-07 00:00:00-05:00,96.66999816894531,97.16000366210938,95.68000030517578,96.58999633789062,93.46907043457031,1087400,0.0,0.0
2025-02-10 00:00:00-05:00,97.0199966430664,99.69999694824219,96.77999877929688,99.33999633789062,96.13020324707031,1300600,0.0,0.0
2025-02-11 00:00:00-05:00,99.16000366210938,99.80999755859375,98.31999969482422,99.73999786376953,96.51728820800781,1094700,0.0,0.0
2025-02-12 00:00:00-05:00,99.01000213623047,99.66999816894531,97.43000030517578,97.55000305175781,94.39805603027344,953800,0.0,0.0
2025-02-13 00:00:00-05:00,97.62999725341797,99.06999969482422,97.5199966430664,98.62000274658203,95.43347930908203,979800,0.0,0.0
2025-02-14 00:00:00-05:00,98.80000305175781,99.63999938964844,98.45999908447266,99.48999786376953,96.27536010742188,854000,0.0,0.0
2025-02-18 00:00:00-05:00,99.5999984741211,100.0,98.62999725341797,99.91999816894531,96.69146728515625,933200,0.0,0.0
2025-02-19 00:00:00-05:00,99.5,100.44000244140625,98.7300033569336,99.0199966430664,95.82054901123047,1158100,0.0,0.0
2025-02-20 00:00:00-05:00,99.0199966430664,100.58000183105469,98.08999633789062,100.41999816894531,97.1753158569336,1087000,0.0,0.0
2025-02-21 00:00:00-05:00,100.41000366210938,101.16999816894531,98.38999938964844,100.87999725341797,97.62045288085938,1616100,0.0,0.0
2025-02-24 00:00:00-05:00,101.05999755859375,102.27999877929688,100.3499984741211,100.68000030517578,97.42692565917969,1158800,0.0,0.0
2025-02-25 00:00:00-05:00,100.87999725341797,101.5999984741211,98.52999877929688,98.7699966430664,95.5786361694336,1281700,0.0,0.0
2025-02-26 00:00:00-05:00,98.83000183105469,99.91000366210938,98.02999877929688,98.18000030517578,95.00769805908203,1541200,0.0,0.0
2025-02-27 00:00:00-05:00,98.95999908447266,101.29000091552734,98.62999725341797,99.23999786376953,96.03343963623047,1573800,0.0,0.0
2025-02-28 00:00:00-05:00,99.33000183105469,101.75,99.33000183105469,101.62000274658203,98.3365478515625,1835500,0.0,0.0
2025-03-03 00:00:00-05:00,101.91999816894531,102.33000183105469,100.01000213623047,100.37000274658203,97.1269302368164,929500,0.0,0.0
2025-03-04 00:00:00-05:00,100.54000091552734,100.54000091552734,98.05999755859375,98.3499984741211,95.17219543457031,1469200,0.0,0.0
2025-03-05 00:00:00-05:00,98.08999633789062,99.30000305175781,97.5999984741211,97.91000366210938,94.74641418457031,1346600,0.0,0.0
2025-03-06 00:00:00-05:00,97.7300033569336,98.81999969482422,96.95999908447266,98.12000274658203,94.94963073730469,1063600,0.0,0.0
2025-03-07 00:00:00-05:00,97.80000305175781,103.20999908447266,97.68000030517578,102.44999694824219,99.77014923095703,1709000,0.62,0.0
2025-03-10 00:00:00-04:00,101.80000305175781,105.2699966430664,101.41999816894531,101.55999755859375,98.9034423828125,2159500,0.0,0.0
2025-03-11 00:00:00-04:00,101.70999908447266,102.44000244140625,97.44999694824219,98.05000305175781,95.4852523803711,1665800,0.0,0.0
2025-03-12 00:00:00-04:00,98.33000183105469,98.36000061035156,95.08000183105469,96.18000030517578,93.66416931152344,1325600,0.0,0.0
2025-03-13 00:00:00-04:00,96.97000122070312,97.55999755859375,96.02999877929688,96.31999969482422,93.80049896240234,1164800,0.0,0.0
2025-03-14 00:00:00-04:00,96.5,98.5199966430664,95.94999694824219,98.37999725341797,95.8066177368164,1231200,0.0,0.0
2025-03-17 00:00:00-04:00,98.56999969482422,101.31999969482422,98.12999725341797,101.0,98.35807800292969,1122800,0.0,0.0
2025-03-18 00:00:00-04:00,100.7699966430664,100.98999786376953,99.66999816894531,100.05999755859375,97.44266510009766,988400,0.0,0.0
2025-03-19 00:00:00-04:00,99.88999938964844,100.06999969482422,98.37999725341797,99.30999755859375,96.71228790283203,1130600,0.0,0.0
2025-03-20 00:00:00-04:00,98.6500015258789,99.36000061035156,97.16000366210938,99.30000305175781,96.70254516601562,1558000,0.0,0.0
2025-03-21 00:00:00-04:00,98.44999694824219,100.27999877929688,98.11000061035156,99.94999694824219,97.3355484008789,7028800,0.0,0.0
2025-03-24 00:00:00-04:00,100.30000305175781,100.95999908447266,99.93000030517578,100.4800033569336,97.8516845703125,1331300,0.0,0.0
2025-03-25 00:00:00-04:00,100.20999908447266,101.02999877929688,99.30999755859375,100.0,97.38424682617188,1400400,0.0,0.0
2025-03-26 00:00:00-04:00,100.26000213623047,102.19999694824219,100.26000213623047,101.87999725341797,99.21507263183594,1075600,0.0,0.0
2025-03-27 00:00:00-04:00,101.87999725341797,102.93000030517578,101.05000305175781,101.68000030517578,99.02029418945312,1082900,0.0,0.0
2025-03-28 00:00:00-04:00,101.9800033569336,102.52999877929688,100.77999877929688,101.12999725341797,98.48468017578125,1218400,0.0,0.0
2025-03-31 00:00:00-04:00,100.83000183105469,102.8499984741211,100.62999725341797,102.4000015258789,99.72146606445312,1662600,0.0,0.0
2025-04-01 00:00:00-04:00,101.83999633789062,102.95999908447266,100.79000091552734,102.76000213623047,100.07205200195312,1244900,0.0,0.0
2025-04-02 00:00:00-04:00,102.48999786376953,103.0,101.36000061035156,102.81999969482422,100.13047790527344,1176100,0.0,0.0
2025-04-03 00:00:00-04:00,100.44000244140625,101.70999908447266,94.12000274658203,94.7699966430664,92.2910385131836,1683000,0.0,0.0
2025-04-04 00:00:00-04:00,93.2699966430664,94.2300033569336,90.83000183105469,90.94000244140625,88.56123352050781,1524700,0.0,0.0
2025-04-07 00:00:00-04:00,89.19999694824219,92.16000366210938,86.47000122070312,89.16999816894531,86.8375244140625,2133600,0.0,0.0
2025-04-08 00:00:00-04:00,90.76000213623047,91.16999816894531,85.77999877929688,86.97000122070312,84.69507598876953,1976900,0.0,0.0
2025-04-09 00:00:00-04:00,85.87999725341797,93.47000122070312,84.68000030517578,91.94000244140625,89.53506469726562,2902900,0.0,0.0
2025-04-10 00:00:00-04:00,90.76000213623047,91.19000244140625,87.83000183105469,90.2699966430664,87.90875244140625,1447600,0.0,0.0
2025-04-11 00:00:00-04:00,89.55000305175781,92.19000244140625,88.68000030517578,91.26000213623047,88.87286376953125,1142000,0.0,0.0
2025-04-14 00:00:00-04:00,92.41000366210938,93.16000366210938,91.27999877929688,92.37000274658203,89.95382690429688,722800,0.0,0.0
2025-04-15 00:00:00-04:00,92.5199966430664,93.69999694824219,91.44000244140625,91.55999755859375,89.16500854492188,1125000,0.0,0.0
2025-04-16 00:00:00-04:00,90.87000274658203,91.63999938964844,89.0999984741211,89.86000061035156,87.50948333740234,817000,0.0,0.0
2025-04-17 00:00:00-04:00,90.47000122070312,91.83999633789062,90.18000030517578,91.13999938964844,88.75598907470703,1036100,0.0,0.0
2025-04-21 00:00:00-04:00,90.08999633789062,90.41000366210938,88.2699966430664,89.2699966430664,86.9349136352539,926800,0.0,0.0
2025-04-22 00:00:00-04:00,90.25,90.91000366210938,89.41000366210938,90.27999877929688,87.91850280761719,1109400,0.0,0.0
2025-04-23 00:00:00-04:00,91.88999938964844,93.12999725341797,90.06999969482422,90.61000061035156,88.23985290527344,1118500,0.0,0.0
2025-04-24 00:00:00-04:00,90.70999908447266,92.1500015258789,90.51000213623047,92.02999877929688,89.62271118164062,1365900,0.0,0.0
2025-04-25 00:00:00-04:00,90.79000091552734,91.3499984741211,88.79000091552734,89.75,87.40234375,1108200,0.0,0.0
2025-04-28 00:00:00-04:00,89.69999694824219,90.66999816894531,88.75,89.08000183105469,86.7498779296875,1513000,0.0,0.0
2025-04-29 00:00:00-04:00,88.33999633789062,89.08999633789062,87.73999786376953,88.33000183105469,86.0195083618164,2089700,0.0,0.0
2025-04-30 00:00:00-04:00,88.33000183105469,89.22000122070312,86.70999908447266,89.22000122070312,86.88621520996094,3008200,0.0,0.0
2025-05-01 00:00:00-04:00,87.61000061035156,92.6500015258789,87.13999938964844,90.27999877929688,87.91850280761719,1956000,0.0,0.0
2025-05-02 00:00:00-04:00,91.33000183105469,92.79000091552734,89.94999694824219,90.83000183105469,88.4541015625,1359600,0.0,0.0
2025-05-05 00:00:00-04:00,90.44999694824219,91.12000274658203,89.55000305175781,89.94000244140625,87.58739471435547,1118500,0.0,0.0
2025-05-06 00:00:00-04:00,89.01000213623047,89.47000122070312,88.0,88.31999969482422,86.00975036621094,1477700,0.0,0.0
2025-05-07 00:00:00-04:00,89.3499984741211,89.5,86.58000183105469,87.54000091552734,85.25016784667969,1592700,0.0,0.0
2025-05-08 00:00:00-04:00,87.86000061035156,90.01000213623047,87.41000366210938,89.58000183105469,87.23680114746094,1109500,0.0,0.0
2025-05-09 00:00:00-04:00,89.86000061035156,89.98999786376953,88.6500015258789,88.97000122070312,86.64276123046875,709600,0.0,0.0
2025-05-12 00:00:00-04:00,93.37999725341797,96.01000213623047,93.05000305175781,95.94999694824219,93.44017791748047,2228400,0.0,0.0
2025-05-13 00:00:00-04:00,96.30000305175781,96.95999908447266,95.55000305175781,96.27999877929688,93.76155090332031,1631600,0.0,0.0
2025-05-14 00:00:00-04:00,96.44999694824219,98.11000061035156,95.98999786376953,98.02999877929688,95.46577453613281,2583700,0.0,0.0
2025-05-15 00:00:00-04:00,98.11000061035156,99.41000366210938,97.70999908447266,98.75,96.16693115234375,1696600,0.0,0.0
2025-05-16 00:00:00-04:00,99.80999755859375,100.76000213623047,99.3499984741211,100.27999877929688,97.65691375732422,1634800,0.0,0.0
2025-05-19 00:00:00-04:00,99.29000091552734,100.4000015258789,98.97000122070312,100.08000183105469,97.46215057373047,1152700,0.0,0.0
2025-05-20 00:00:00-04:00,99.69999694824219,101.06999969482422,99.48999786376953,100.06999969482422,97.45240783691406,1263100,0.0,0.0
2025-05-21 00:00:00-04:00,99.12000274658203,99.56999969482422,97.08000183105469,97.18000030517578,94.63799285888672,1202700,0.0,0.0
2025-05-22 00:00:00-04:00,96.88999938964844,96.95999908447266,95.41000366210938,96.5199966430664,93.9952621459961,1194900,0.0,0.0
2025-05-23 00:00:00-04:00,95.5,96.18000030517578,95.30000305175781,95.75,93.24539947509766,938700,0.0,0.0
2025-05-27 00:00:00-04:00,96.76000213623047,97.45999908447266,95.75,97.30000305175781,94.75486755371094,913600,0.0,0.0
2025-05-28 00:00:00-04:00,97.51000213623047,97.52999877929688,95.37999725341797,95.58000183105469,93.07984924316406,1240000,0.0,0.0
2025-05-29 00:00:00-04:00,95.86000061035156,96.36000061035156,95.0999984741211,96.0999984741211,93.58625030517578,993600,0.0,0.0
2025-05-30 00:00:00-04:00,96.0999984741211,96.36000061035156,95.29000091552734,95.97000122070312,93.45966339111328,2199700,0.0,0.0
2025-06-02 00:00:00-04:00,96.06999969482422,96.33000183105469,94.1500015258789,96.12000274658203,93.6057357788086,1089500,0.0,0.0
2025-06-03 00:00:00-04:00,95.4000015258789,97.0,94.80999755859375,96.29000091552734,93.77128601074219,1197000,0.0,0.0
2025-06-04 00:00:00-04:00,96.5,96.88999938964844,95.81999969482422,96.16000366210938,93.64468383789062,724100,0.0,0.0
2025-06-05 00:00:00-04:00,96.38999938964844,96.5199966430664,95.41999816894531,95.51000213623047,93.01168823242188,697100,0.0,0.0
2025-06-06 00:00:00-04:00,96.0199966430664,96.81999969482422,95.56999969482422,95.80000305175781,93.90367889404297,690200,0.62,0.0
2025-06-09 00:00:00-04:00,96.04000091552734,96.5,95.5,95.73999786376953,93.84486389160156,683500,0.0,0.0
2025-06-10 00:00:00-04:00,95.72000122070312,96.56999969482422,94.69000244140625,96.16999816894531,94.26634979248047,686600,0.0,0.0
2025-06-11 00:00:00-04:00,96.5999984741211,96.63999938964844,93.91999816894531,94.58000183105469,92.70781707763672,1231000,0.0,0.0
2025-06-12 00:00:00-04:00,94.37999725341797,95.04000091552734,93.93000030517578,95.0,93.11951446533203,916500,0.0,0.0
2025-06-13 00:00:00-04:00,94.36000061035156,95.04000091552734,93.36000061035156,93.54000091552734,91.68840789794922,981500,0.0,0.0
2025-06-16 00:00:00-04:00,94.54000091552734,95.19000244140625,93.70999908447266,93.86000061035156,92.00208282470703,1159800,0.0,0.0
2025-06-17 00:00:00-04:00,93.62000274658203,94.29000091552734,93.08000183105469,93.58999633789062,91.73741149902344,1050300,0.0,0.0
2025-06-18 00:00:00-04:00,93.55000305175781,94.5,93.29000091552734,93.41000366210938,91.56098937988281,1077100,0.0,0.0
2025-06-20 00:00:00-04:00,93.87999725341797,94.26000213623047,92.37999725341797,92.62999725341797,90.79642486572266,1665300,0.0,0.0
2025-06-23 00:00:00-04:00,92.6500015258789,93.98999786376953,92.36000061035156,93.94999694824219,92.09030151367188,625800,0.0,0.0
2025-06-24 00:00:00-04:00,94.30999755859375,94.63999938964844,93.1500015258789,94.27999877929688,92.41375732421875,1396900,0.0,0.0
2025-06-25 00:00:00-04:00,94.12999725341797,94.12999725341797,92.36000061035156,92.70999908447266,90.87483978271484,818600,0.0,0.0
2025-06-26 00:00:00-04:00,93.12000274658203,93.83000183105469,92.79000091552734,93.19000244140625,91.34534454345703,732600,0.0,0.0
2025-06-27 00:00:00-04:00,93.47000122070312,96.87000274658203,93.47000122070312,96.66000366210938,94.74665832519531,1804400,0.0,0.0
2025-06-30 00:00:00-04:00,96.76000213623047,96.76000213623047,95.04000091552734,95.94999694824219,94.05070495605469,1110900,0.0,0.0
2025-07-01 00:00:00-04:00,96.44999694824219,99.63999938964844,96.23999786376953,98.30999755859375,96.36398315429688,1253200,0.0,0.0
2025-07-02 00:00:00-04:00,98.5999984741211,99.33999633789062,98.0,99.13999938964844,97.17755126953125,801300,0.0,0.0
2025-07-03 00:00:00-04:00,99.29000091552734,99.87000274658203,97.79000091552734,98.02999877929688,96.08953857421875,478200,0.0,0.0
2025-07-07 00:00:00-04:00,97.7699966430664,98.12999725341797,96.33999633789062,96.7300033569336,94.81526184082031,1211000,0.0,0.0
2025-07-08 00:00:00-04:00,96.7300033569336,98.56999969482422,96.7300033569336,98.33000183105469,96.38359832763672,1216700,0.0,0.0
2025-07-09 00:00:00-04:00,98.73999786376953,99.80000305175781,98.20999908447266,99.12000274658203,97.157958984375,965200,0.0,0.0
2025-07-10 00:00:00-04:00,99.62000274658203,102.58000183105469,99.62000274658203,100.83999633789062,98.84391021728516,835000,0.0,0.0
2025-07-11 00:00:00-04:00,100.87999725341797,102.0,99.13999938964844,99.4000015258789,97.43241119384766,776800,0.0,0.0
2025-07-14 00:00:00-04:00,98.79000091552734,99.18000030517578,97.45999908447266,98.0199966430664,96.0797348022461,1006400,0.0,0.0
2025-07-15 00:00:00-04:00,98.0,98.2699966430664,96.98999786376953,97.05999755859375,95.13873291015625,734600,0.0,0.0
2025-07-16 00:00:00-04:00,98.0199966430664,98.48999786376953,97.30999755859375,97.94000244140625,96.00131225585938,933800,0.0,0.0
2025-07-17 00:00:00-04:00,97.95999908447266,99.31999969482422,97.7300033569336,98.52999877929688,96.57963562011719,1041900,0.0,0.0
2025-07-18 00:00:00-04:00,99.5,99.5,96.77999877929688,97.4800033569336,95.55043029785156,1232700,0.0,0.0
2025-07-21 00:00:00-04:00,97.29000091552734,97.9800033569336,96.2699966430664,96.81999969482422,94.90348815917969,756100,0.0,0.0
2025-07-22 00:00:00-04:00,97.05000305175781,99.0999984741211,97.05000305175781,98.94000244140625,96.98152160644531,888100,0.0,0.0
2025-07-23 00:00:00-04:00,99.44999694824219,100.83999633789062,98.91999816894531,100.58999633789062,98.5988540649414,1063600,0.0,0.0
2025-07-24 00:00:00-04:00,100.5999984741211,103.2699966430664,100.3499984741211,103.16999816894531,101.1277847290039,1835400,0.0,0.0
2025-07-25 00:00:00-04:00,103.72000122070312,103.77999877929688,101.87000274658203,102.70999908447266,100.67688751220703,1416900,0.0,0.0
2025-07-28 00:00:00-04:00,102.2300033569336,102.76000213623047,101.23999786376953,101.48999786376953,99.48104858398438,1066400,0.0,0.0
2025-07-29 00:00:00-04:00,100.73999786376953,100.80999755859375,98.58000183105469,99.79000091552734,97.81468963623047,1540900,0.0,0.0
2025-07-30 00:00:00-04:00,99.88999938964844,100.16000366210938,96.88999938964844,97.6500015258789,95.71705627441406,2255300,0.0,0.0
2025-07-31 00:00:00-04:00,110.47000122070312,116.16000366210938,104.94999694824219,115.31999969482422,113.03728485107422,6470000,0.0,0.0
2025-08-01 00:00:00-04:00,114.18000030517578,115.0,111.73999786376953,113.86000061035156,111.60618591308594,2339400,0.0,0.0
2025-08-04 00:00:00-04:00,113.93000030517578,116.27999877929688,113.4000015258789,115.02999877929688,112.7530288696289,1318000,0.0,0.0
2025-08-05 00:00:00-04:00,115.4800033569336,116.4800033569336,114.63999938964844,116.31999969482422,114.01749420166016,1241000,0.0,0.0
2025-08-06 00:00:00-04:00,115.6500015258789,117.93000030517578,115.37999725341797,117.73999786376953,115.40937805175781,1244500,0.0,0.0
2025-08-07 00:00:00-04:00,118.41000366210938,119.19999694824219,117.48999786376953,117.81999969482422,115.48780059814453,1216700,0.0,0.0
2025-08-08 00:00:00-04:00,118.20999908447266,118.98999786376953,116.7300033569336,116.77999877929688,114.4683837890625,1091800,0.0,0.0
2025-08-11 00:00:00-04:00,116.77999877929688,116.97000122070312,115.70999908447266,116.23999786376953,113.93907165527344,1104500,0.0,0.0
2025-08-12 00:00:00-04:00,116.79000091552734,118.88999938964844,116.6500015258789,118.7699966430664,116.41898345947266,1293200,0.0,0.0
2025-08-13 00:00:00-04:00,119.2300033569336,121.04000091552734,118.20999908447266,120.98999786376953,118.59504699707031,1722200,0.0,0.0
2025-08-14 00:00:00-04:00,120.54000091552734,121.83999633789062,119.6500015258789,121.5199966430664,119.11454772949219,1375900,0.0,0.0
2025-08-15 00:00:00-04:00,121.73999786376953,122.05000305175781,120.55999755859375,121.23999786376953,118.84009552001953,1304600,0.0,0.0
2025-08-18 00:00:00-04:00,121.41999816894531,123.13999938964844,121.01000213623047,122.97000122070312,120.53585815429688,1259800,0.0,0.0
2025-08-19 00:00:00-04:00,123.33999633789062,124.94000244140625,122.7699966430664,123.81999969482422,121.36902618408203,1247000,0.0,0.0
2025-08-20 00:00:00-04:00,122.87999725341797,123.79000091552734,120.98999786376953,121.08000183105469,118.68326568603516,1303200,0.0,0.0
2025-08-21 00:00:00-04:00,120.9000015258789,123.11000061035156,120.6500015258789,122.80000305175781,120.36922454833984,1450200,0.0,0.0
2025-08-22 00:00:00-04:00,123.22000122070312,126.8499984741211,122.5,125.18000030517578,122.70211791992188,1577400,0.0,0.0
2025-08-25 00:00:00-04:00,124.81999969482422,126.68000030517578,124.11000061035156,126.41000366210938,123.90776824951172,1356100,0.0,0.0
2025-08-26 00:00:00-04:00,125.70999908447266,127.33999633789062,125.5999984741211,126.9000015258789,124.38806915283203,2340200,0.0,0.0
2025-08-27 00:00:00-04:00,126.31999969482422,128.4600067138672,125.97000122070312,128.05999755859375,125.52510070800781,2326500,0.0,0.0
2025-08-28 00:00:00-04:00,128.0,129.58999633789062,126.91999816894531,129.2899932861328,126.73074340820312,1711900,0.0,0.0
2025-08-29 00:00:00-04:00,129.60000610351562,131.1699981689453,127.91999816894531,128.6999969482422,126.15243530273438,2265000,0.0,0.0
2025-09-02 00:00:00-04:00,128.02999877929688,129.0500030517578,127.51000213623047,128.88999938964844,126.33866882324219,1366700,0.0,0.0
2025-09-03 00:00:00-04:00,128.36000061035156,129.38999938964844,127.3499984741211,128.7899932861328,126.24065399169922,1001500,0.0,0.0
2025-09-04 00:00:00-04:00,128.47000122070312,129.22999572753906,127.16999816894531,127.83999633789062,125.30946350097656,1285900,0.0,0.0
2025-09-05 00:00:00-04:00,126.97000122070312,127.80000305175781,124.1500015258789,126.12999725341797,124.2358169555664,1448000,0.62,0.0
2025-09-08 00:00:00-04:00,126.38999938964844,126.77999877929688,125.2300033569336,125.9000015258789,124.00928497314453,1217700,0.0,0.0
2025-09-09 00:00:00-04:00,125.5199966430664,126.58999633789062,125.12000274658203,126.05000305175781,124.15702819824219,944100,0.0,0.0
2025-09-10 00:00:00-04:00,125.33999633789062,127.83000183105469,125.30000305175781,127.63999938964844,125.72314453125,1180300,0.0,0.0
2025-09-11 00:00:00-04:00,127.23999786376953,131.17999267578125,126.9000015258789,131.02000427246094,129.05238342285156,1607100,0.0,0.0
2025-09-12 00:00:00-04:00,130.60000610351562,132.9199981689453,130.4499969482422,132.41000366210938,130.4215087890625,1412300,0.0,0.0
2025-09-15 00:00:00-04:00,132.7100067138672,134.91000366210938,132.02000427246094,133.27000427246094,131.2686004638672,1599000,0.0,0.0
2025-09-16 00:00:00-04:00,133.24000549316406,134.0399932861328,132.0399932861328,133.77000427246094,131.76109313964844,2061800,0.0,0.0
2025-09-17 00:00:00-04:00,133.7899932861328,137.02999877929688,133.25,135.08999633789062,133.06126403808594,2151900,0.0,0.0
2025-09-18 00:00:00-04:00,136.35000610351562,137.91000366210938,136.05999755859375,137.08999633789062,135.03121948242188,1809300,0.0,0.0
2025-09-19 00:00:00-04:00,137.25,138.0,134.91000366210938,136.07000732421875,134.0265350341797,4619000,0.0,0.0
2025-09-22 00:00:00-04:00,136.02000427246094,136.22000122070312,132.97000122070312,133.97999572753906,131.96792602539062,2037000,0.0,0.0
2025-09-23 00:00:00-04:00,133.97999572753906,136.30999755859375,133.57000732421875,134.24000549316406,132.22402954101562,1687500,0.0,0.0
2025-09-24 00:00:00-04:00,134.7899932861328,135.52999877929688,131.60000610351562,133.3000030517578,131.2981414794922,2231200,0.0,0.0
2025-09-25 00:00:00-04:00,133.0800018310547,134.5,132.39999389648438,133.83999633789062,131.8300323486328,1875500,0.0,0.0
2025-09-26 00:00:00-04:00,134.02000427246094,134.58999633789062,131.6300048828125,131.80999755859375,129.8305206298828,1701900,0.0,0.0
2025-09-29 00:00:00-04:00,133.35000610351562,133.35000610351562,130.52000427246094,131.8699951171875,129.88963317871094,1408000,0.0,0.0
2025-09-30 00:00:00-04:00,131.4499969482422,132.49000549316406,130.27000427246094,132.39999389648438,130.4116668701172,1928000,0.0,0.0
2025-10-01 00:00:00-04:00,132.86000061035156,133.4499969482422,131.7899932861328,132.66000366210938,130.66775512695312,1408500,0.0,0.0
2025-10-02 00:00:00-04:00,132.88999938964844,135.3800048828125,132.88999938964844,134.77000427246094,132.74607849121094,1203900,0.0,0.0
2025-10-03 00:00:00-04:00,135.0,137.77000427246094,134.8699951171875,135.39999389648438,133.36660766601562,1209200,0.0,0.0
2025-10-06 00:00:00-04:00,134.64999389648438,135.27999877929688,133.67999267578125,134.36000061035156,132.34222412109375,997500,0.0,0.0
2025-10-07 00:00:00-04:00,134.6699981689453,134.9600067138672,133.3000030517578,133.7899932861328,131.78077697753906,844800,0.0,0.0
2025-10-08 00:00:00-04:00,132.55999755859375,134.80999755859375,130.5500030517578,134.0399932861328,132.02703857421875,1560200,0.0,0.0
2025-10-09 00:00:00-04:00,133.55999755859375,133.6999969482422,128.69000244140625,128.89999389648438,126.9642105102539,1805300,0.0,0.0
2025-10-10 00:00:00-04:00,129.6699981689453,130.5,125.02999877929688,125.30999755859375,123.42813110351562,2183200,0.0,0.0
2025-10-13 00:00:00-04:00,125.69999694824219,126.33000183105469,124.33999633789062,124.38999938964844,122.5219497680664,998000,0.0,0.0
2025-10-14 00:00:00-04:00,124.38999938964844,128.1300048828125,123.63999938964844,127.9800033569336,126.05803680419922,1569500,0.0,0.0
2025-10-15 00:00:00-04:00,128.80999755859375,129.2100067138672,127.27999877929688,128.00999450683594,126.08759307861328,1150000,0.0,0.0
2025-10-16 00:00:00-04:00,129.36000061035156,129.86000061035156,125.76000213623047,125.98999786376953,124.0979232788086,1602400,0.0,0.0
2025-10-17 00:00:00-04:00,126.23999786376953,127.91000366210938,125.83000183105469,127.38999938964844,125.4769058227539,1417400,0.0,0.0
2025-10-20 00:00:00-04:00,127.77999877929688,128.60000610351562,126.44000244140625,127.45999908447266,125.54585266113281,1335200,0.0,0.0
2025-10-21 00:00:00-04:00,127.45999908447266,130.16000366210938,127.36000061035156,128.27999877929688,126.3535385131836,1106200,0.0,0.0
2025-10-22 00:00:00-04:00,128.30999755859375,129.22000122070312,126.88999938964844,127.1500015258789,125.24050903320312,1549700,0.0,0.0
2025-10-23 00:00:00-04:00,126.94999694824219,127.70999908447266,125.3499984741211,125.41000366210938,123.5266342163086,1358300,0.0,0.0
2025-10-24 00:00:00-04:00,126.86000061035156,127.30999755859375,125.41000366210938,126.05999755859375,124.16687774658203,1469400,0.0,0.0
2025-10-27 00:00:00-04:00,126.95999908447266,129.17999267578125,126.16999816894531,129.05999755859375,127.121826171875,1557800,0.0,0.0
2025-10-28 00:00:00-04:00,129.8699951171875,130.07000732421875,127.36000061035156,128.07000732421875,126.14669036865234,1476800,0.0,0.0
2025-10-29 00:00:00-04:00,127.19000244140625,131.10000610351562,126.83000183105469,129.3800048828125,127.43702697753906,2913700,0.0,0.0
2025-10-30 00:00:00-04:00,149.61000061035156,158.6999969482422,149.22000122070312,154.8800048828125,152.5540771484375,5571700,0.0,0.0
2025-10-31 00:00:00-04:00,154.8000030517578,156.22999572753906,150.92999267578125,153.99000549316406,151.67742919921875,2883100,0.0,0.0
2025-11-03 00:00:00-05:00,152.2100067138672,153.5399932861328,150.32000732421875,152.14999389648438,149.8650665283203,1730200,0.0,0.0
2025-11-04 00:00:00-05:00,151.9499969482422,154.67999267578125,151.85000610351562,152.91000366210938,150.61366271972656,1672500,0.0,0.0
2025-11-05 00:00:00-05:00,152.24000549316406,154.41000366210938,152.14999389648438,153.1300048828125,150.83035278320312,1209400,0.0,0.0
2025-11-06 00:00:00-05:00,152.77000427246094,153.74000549316406,148.19000244140625,148.22999572753906,146.00392150878906,1546800,0.0,0.0
2025-11-07 00:00:00-05:00,147.99000549316406,152.25999450683594,146.9600067138672,149.44000244140625,147.19577026367188,1553700,0.0,0.0
2025-11-10 00:00:00-05:00,149.6300048828125,152.39999389648438,148.75999450683594,151.72000122070312,149.4415283203125,1081400,0.0,0.0
2025-11-11 00:00:00-05:00,150.3699951171875,152.92999267578125,150.0500030517578,150.6999969482422,148.4368438720703,2171800,0.0,0.0
2025-11-12 00:00:00-05:00,150.77999877929688,153.88999938964844,150.1300048828125,152.99000549316406,150.69244384765625,1928700,0.0,0.0
2025-11-13 00:00:00-05:00,153.39999389648438,153.75999450683594,151.24000549316406,151.66000366210938,149.38243103027344,1522100,0.0,0.0
2025-11-14 00:00:00-05:00,150.13999938964844,153.4600067138672,149.0800018310547,152.8000030517578,150.5052947998047,1379100,0.0,0.0
2025-11-17 00:00:00-05:00,152.77000427246094,154.83999633789062,151.5,152.63999938964844,150.3477020263672,1200600,0.0,0.0
2025-11-18 00:00:00-05:00,152.30999755859375,153.0,150.75999450683594,151.69000244140625,149.41197204589844,1302700,0.0,0.0
2025-11-19 00:00:00-05:00,152.3800048828125,152.3800048828125,150.67999267578125,151.36000061035156,149.08692932128906,780400,0.0,0.0
2025-11-20 00:00:00-05:00,153.13999938964844,153.74000549316406,148.49000549316406,148.57000732421875,146.33883666992188,1090200,0.0,0.0
2025-11-21 00:00:00-05:00,149.02999877929688,152.41000366210938,148.89999389648438,151.67999267578125,149.40211486816406,1570100,0.0,0.0
2025-11-24 00:00:00-05:00,151.4499969482422,156.19000244140625,151.11000061035156,154.57000732421875,152.2487335205078,2233400,0.0,0.0
2025-11-25 00:00:00-05:00,154.60000610351562,158.11000061035156,154.60000610351562,157.35000610351562,154.9869842529297,1562700,0.0,0.0
2025-11-26 00:00:00-05:00,156.6300048828125,160.27000427246094,156.6300048828125,159.5399932861328,157.14407348632812,892900,0.0,0.0
2025-11-28 00:00:00-05:00,160.3000030517578,160.3000030517578,158.6999969482422,158.8699951171875,156.48414611816406,495300,0.0,0.0
2025-12-01 00:00:00-05:00,158.6199951171875,162.7899932861328,158.3699951171875,160.32000732421875,157.91238403320312,1594100,0.0,0.0
2025-12-02 00:00:00-05:00,159.7899932861328,161.17999267578125,159.25999450683594,159.6300048828125,157.2327423095703,1254800,0.0,0.0
2025-12-03 00:00:00-05:00,159.4199981689453,161.16000366210938,158.4600067138672,159.5399932861328,157.14407348632812,1577400,0.0,0.0
2025-12-04 00:00:00-05:00,159.02999877929688,159.9600067138672,157.77999877929688,158.0500030517578,155.67648315429688,1277800,0.0,0.0
2025-12-05 00:00:00-05:00,156.86000061035156,158.64999389648438,154.42999267578125,157.22000122070312,155.47866821289062,1388300,0.63,0.0
2025-12-08 00:00:00-05:00,156.36000061035156,156.5399932861328,152.85000610351562,153.41000366210938,151.7108612060547,1805200,0.0,0.0
2025-12-09 00:00:00-05:00,152.77000427246094,154.99000549316406,151.63999938964844,152.52000427246094,150.8307342529297,1296800,0.0,0.0
2025-12-10 00:00:00-05:00,151.63999938964844,159.3000030517578,151.63999938964844,158.33999633789062,156.58627319335938,1809600,0.0,0.0
2025-12-11 00:00:00-05:00,157.3699951171875,161.2100067138672,157.3699951171875,159.8000030517578,158.03009033203125,1364500,0.0,0.0
2025-12-12 00:00:00-05:00,160.19000244140625,161.5800018310547,156.39999389648438,157.08999633789062,155.35009765625,1298600,0.0,0.0
2025-12-15 00:00:00-05:00,157.1699981689453,158.02999877929688,156.0,157.61000061035156,155.86434936523438,1233300,0.0,0.0
2025-12-16 00:00:00-05:00,159.85000610351562,160.5399932861328,157.1999969482422,159.0399932861328,157.27850341796875,1510200,0.0,0.0
2025-12-17 00:00:00-05:00,158.1999969482422,161.11000061035156,158.00999450683594,160.10000610351562,158.3267822265625,1749300,0.0,0.0
2025-12-18 00:00:00-05:00,160.19000244140625,165.9199981689453,159.7899932861328,165.02999877929688,163.20216369628906,2432600,0.0,0.0
2025-12-19 00:00:00-05:00,165.0500030517578,167.10000610351562,164.49000549316406,166.4600067138672,164.61634826660156,4674800,0.0,0.0
2025-12-22 00:00:00-05:00,166.80999755859375,167.89999389648438,163.9499969482422,164.99000549316406,163.16261291503906,1443900,0.0,0.0
2025-12-23 00:00:00-05:00,164.99000549316406,166.1199951171875,163.8699951171875,164.58999633789062,162.76702880859375,1245300,0.0,0.0
2025-12-24 00:00:00-05:00,165.27999877929688,166.05999755859375,164.69000244140625,164.9499969482422,163.123046875,428100,0.0,0.0
2025-12-26 00:00:00-05:00,164.41000366210938,165.3300018310547,163.8000030517578,164.6300048828125,162.80661010742188,453800,0.0,0.0
2025-12-29 00:00:00-05:00,164.49000549316406,165.08999633789062,163.08999633789062,163.94000244140625,162.12425231933594,872100,0.0,0.0
2025-12-30 00:00:00-05:00,163.38999938964844,163.4600067138672,161.82000732421875,161.9600067138672,160.16616821289062,530000,0.0,0.0
2025-12-31 00:00:00-05:00,161.91000366210938,161.92999267578125,160.52999877929688,160.75999450683594,158.97947692871094,847600,0.0,0.0
2026-01-02 00:00:00-05:00,161.3699951171875,164.0,160.00999450683594,163.72000122070312,161.9066619873047,1058000,0.0,0.0
2026-01-05 00:00:00-05:00,163.8800048828125,167.57000732421875,163.2899932861328,167.2100067138672,165.35804748535156,1395700,0.0,0.0
2026-01-06 00:00:00-05:00,166.97999572753906,168.1699981689453,165.8000030517578,167.66000366210938,165.80303955078125,1205200,0.0,0.0
2026-01-07 00:00:00-05:00,167.47999572753906,167.60000610351562,161.9499969482422,166.72999572753906,164.88333129882812,3887900,0.0,0.0
2026-01-08 00:00:00-05:00,165.85000610351562,168.32000732421875,165.50999450683594,166.00999450683594,164.1713104248047,2316200,0.0,0.0
2026-01-09 00:00:00-05:00,166.1300048828125,170.80999755859375,166.1300048828125,170.77000427246094,168.87860107421875,2164000,0.0,0.0
2026-01-12 00:00:00-05:00,169.2100067138672,172.8800048828125,168.75999450683594,172.5399932861328,170.6289825439453,1200200,0.0,0.0
2026-01-13 00:00:00-05:00,172.25,174.25,171.85000610351562,173.4199981689453,171.49925231933594,1451400,0.0,0.0
2026-01-14 00:00:00-05:00,172.83999633789062,173.97999572753906,171.5,172.30999755859375,170.4015350341797,1561600,0.0,0.0
2026-01-15 00:00:00-05:00,173.50999450683594,175.4499969482422,171.58999633789062,175.3300018310547,173.3881072998047,1638900,0.0,0.0
2026-01-16 00:00:00-05:00,174.72999572753906,176.1699981689453,173.22000122070312,175.77000427246094,173.82321166992188,2072000,0.0,0.0
2026-01-20 00:00:00-05:00,174.41000366210938,178.1300048828125,172.1699981689453,175.10000610351562,173.16064453125,1784100,0.0,0.0
2026-01-21 00:00:00-05:00,175.77000427246094,180.2100067138672,175.5,179.3800048828125,177.39324951171875,1290800,0.0,0.0
2026-01-22 00:00:00-05:00,179.67999267578125,179.91000366210938,177.19000244140625,177.89999389648438,175.92962646484375,1551100,0.0,0.0
2026-01-23 00:00:00-05:00,179.00999450683594,179.77000427246094,175.52999877929688,176.66000366210938,174.703369140625,1569900,0.0,0.0
2026-01-26 00:00:00-05:00,176.89999389648438,178.3800048828125,175.75,178.11000061035156,176.13729858398438,1444500,0.0,0.0
2026-01-27 00:00:00-05:00,178.82000732421875,181.13999938964844,175.44000244140625,180.42999267578125,178.4315948486328,2269800,0.0,0.0
2026-01-28 00:00:00-05:00,180.19000244140625,184.8699951171875,179.8000030517578,184.27999877929688,182.23895263671875,3111300,0.0,0.0
2026-01-29 00:00:00-05:00,192.85000610351562,200.3300018310547,186.24000549316406,193.72000122070312,191.57440185546875,5005800,0.0,0.0
2026-01-30 00:00:00-05:00,191.9199981689453,195.82000732421875,189.80999755859375,194.9499969482422,192.790771484375,4240100,0.0,0.0
2026-02-02 00:00:00-05:00,194.1999969482422,198.82000732421875,193.8800048828125,198.5,196.3014678955078,2942500,0.0,0.0
2026-02-03 00:00:00-05:00,199.0,202.8000030517578,198.94000244140625,199.7100067138672,197.49806213378906,3120600,0.0,0.0
2026-02-04 00:00:00-05:00,201.6199951171875,202.05999755859375,193.3800048828125,198.74000549316406,196.53880310058594,2866400,0.0,0.0
2026-02-05 00:00:00-05:00,197.72999572753906,199.6300048828125,195.6999969482422,197.44000244140625,195.25320434570312,2129600,0.0,0.0
2026-02-06 00:00:00-05:00,198.67999267578125,203.33999633789062,197.5399932861328,200.58999633789062,198.36831665039062,2531600,0.0,0.0
2026-02-09 00:00:00-05:00,201.3000030517578,203.24000549316406,199.3699951171875,200.30999755859375,198.09141540527344,1681500,0.0,0.0
2026-02-10 00:00:00-05:00,199.5,200.99000549316406,195.47999572753906,196.61000061035156,194.43240356445312,1733500,0.0,0.0
2026-02-11 00:00:00-05:00,197.6999969482422,200.52999877929688,196.07000732421875,196.3300018310547,194.15550231933594,1726400,0.0,0.0
2026-02-12 00:00:00-05:00,196.6300048828125,196.83999633789062,149.36000061035156,167.77999877929688,165.9217071533203,16431900,0.0,0.0
2026-02-13 00:00:00-05:00,171.88999938964844,180.17999267578125,167.83999633789062,176.00999450683594,174.06056213378906,6397700,0.0,0.0
2026-02-17 00:00:00-05:00,179.19000244140625,182.8699951171875,177.0800018310547,177.3800048828125,175.41539001464844,3558300,0.0,0.0
2026-02-18 00:00:00-05:00,176.3699951171875,186.25999450683594,176.02999877929688,185.86000061035156,183.80145263671875,2970100,0.0,0.0
2026-02-19 00:00:00-05:00,185.5,187.27000427246094,183.75,185.19000244140625,183.13888549804688,2469700,0.0,0.0
2026-02-20 00:00:00-05:00,185.13999938964844,190.77000427246094,183.25999450683594,190.05999755859375,187.95494079589844,2327300,0.0,0.0
2026-02-23 00:00:00-05:00,188.64999389648438,189.94000244140625,177.0,177.1999969482422,175.23736572265625,2101000,0.0,0.0
2026-02-24 00:00:00-05:00,177.4199981689453,178.3699951171875,172.61000061035156,177.35000610351562,175.38572692871094,1825100,0.0,0.0
2026-02-25 00:00:00-05:00,179.49000549316406,180.6199951171875,173.1199951171875,175.91000366210938,173.961669921875,2166300,0.0,0.0
2026-02-26 00:00:00-05:00,176.17999267578125,185.14999389648438,175.33999633789062,184.0800018310547,182.0411834716797,1986000,0.0,0.0
2026-02-27 00:00:00-05:00,182.61000061035156,185.6199951171875,181.47999572753906,185.25,183.19821166992188,1944900,0.0,0.0
2026-03-02 00:00:00-05:00,184.08999633789062,190.30999755859375,184.0,187.24000549316406,185.1661834716797,2645900,0.0,0.0
2026-03-03 00:00:00-05:00,184.0,194.25999450683594,183.27000427246094,193.32000732421875,191.17884826660156,2323500,0.0,0.0
2026-03-04 00:00:00-05:00,193.52000427246094,194.5399932861328,186.50999450683594,189.8699951171875,187.76702880859375,1528500,0.0,0.0
2026-03-05 00:00:00-05:00,187.5,191.0,181.7100067138672,184.80999755859375,182.76309204101562,1622500,0.0,0.0
2026-03-06 00:00:00-05:00,180.1999969482422,184.0,177.74000549316406,179.63999938964844,178.25802612304688,1723200,0.63,0.0
2026-03-09 00:00:00-04:00,177.5800018310547,182.05999755859375,174.41000366210938,181.94000244140625,180.5403289794922,1431200,0.0,0.0
2026-03-10 00:00:00-04:00,181.5500030517578,181.9499969482422,175.72999572753906,175.86000061035156,174.50709533691406,1767700,0.0,0.0
2026-03-11 00:00:00-04:00,175.88999938964844,178.8699951171875,175.4600067138672,175.77999877929688,174.42771911621094,1125400,0.0,0.0
2026-03-12 00:00:00-04:00,173.41000366210938,175.5399932861328,170.9199981689453,171.86000061035156,170.53787231445312,1729100,0.0,0.0
2026-03-13 00:00:00-04:00,173.6199951171875,175.10000610351562,168.00999450683594,169.38999938964844,168.0868682861328,1613000,0.0,0.0
2026-03-16 00:00:00-04:00,171.75,173.50999450683594,170.42999267578125,170.47999572753906,169.16847229003906,1297200,0.0,0.0
2026-03-17 00:00:00-04:00,172.10000610351562,174.0,171.0500030517578,171.72000122070312,170.39894104003906,986100,0.0,0.0
2026-03-18 00:00:00-04:00,171.07000732421875,171.80999755859375,169.8800048828125,170.63999938964844,169.32725524902344,1261400,0.0,0.0
2026-03-19 00:00:00-04:00,169.2899932861328,175.74000549316406,168.1199951171875,174.80999755859375,173.46517944335938,1520300,0.0,0.0
2026-03-20 00:00:00-04:00,173.5399932861328,175.02000427246094,166.64999389648438,168.8800048828125,167.58079528808594,2788800,0.0,0.0
2026-03-23 00:00:00-04:00,171.55999755859375,174.22000122070312,166.69000244140625,166.83999633789062,165.55648803710938,1265100,0.0,0.0
2026-03-24 00:00:00-04:00,166.83999633789062,172.99000549316406,165.9199981689453,169.1999969482422,167.89833068847656,1224900,0.0,0.0
2026-03-25 00:00:00-04:00,169.94000244140625,172.85000610351562,167.64999389648438,169.74000549316406,168.43418884277344,1707500,0.0,0.0
2026-03-26 00:00:00-04:00,168.3300018310547,171.00999450683594,167.5800018310547,167.66000366210938,166.37017822265625,1014400,0.0,0.0
2026-03-27 00:00:00-04:00,166.92999267578125,167.19000244140625,160.92999267578125,161.57000732421875,160.32704162597656,1877900,0.0,0.0
2026-03-30 00:00:00-04:00,163.99000549316406,164.47999572753906,160.4499969482422,161.9199981689453,160.67433166503906,1389300,0.0,0.0
2026-03-31 00:00:00-04:00,163.33999633789062,168.24000549316406,162.88999938964844,166.07000732421875,164.79241943359375,1553200,0.0,0.0
2026-04-01 00:00:00-04:00,167.6999969482422,170.77999877929688,166.5800018310547,168.5,167.20372009277344,1468900,0.0,0.0
2026-04-02 00:00:00-04:00,165.47000122070312,170.0,165.17999267578125,167.83999633789062,166.54879760742188,1009700,0.0,0.0
2026-04-06 00:00:00-04:00,167.89999389648438,169.2100067138672,166.58999633789062,169.00999450683594,167.7097930908203,797000,0.0,0.0
2026-04-07 00:00:00-04:00,168.1300048828125,169.07000732421875,164.57000732421875,166.10000610351562,164.8221893310547,1647200,0.0,0.0
2026-04-08 00:00:00-04:00,166.35000610351562,172.74000549316406,166.35000610351562,172.4199981689453,171.0935516357422,1593500,0.0,0.0
2026-04-09 00:00:00-04:00,172.4199981689453,174.88999938964844,168.67999267578125,170.1999969482422,168.89064025878906,1467200,0.0,0.0
2026-04-10 00:00:00-04:00,169.72999572753906,171.52000427246094,163.16000366210938,163.49000549316406,162.23226928710938,2024900,0.0,0.0
2026-04-13 00:00:00-04:00,162.94000244140625,165.10000610351562,159.9600067138672,164.9199981689453,163.65126037597656,1837400,0.0,0.0
2026-04-14 00:00:00-04:00,164.72999572753906,168.57000732421875,163.8000030517578,168.50999450683594,167.21363830566406,1581900,0.0,0.0
2026-04-15 00:00:00-04:00,168.50999450683594,168.97999572753906,166.9600067138672,168.0800018310547,166.78695678710938,1228700,0.0,0.0
2026-04-16 00:00:00-04:00,168.0800018310547,183.25,168.0800018310547,181.61000061035156,180.21286010742188,3711500,0.0,0.0
2026-04-17 00:00:00-04:00,182.2899932861328,187.08999633789062,181.30999755859375,182.24000549316406,180.83802795410156,3901600,0.0,0.0
2026-04-20 00:00:00-04:00,180.0800018310547,184.63999938964844,177.5,183.9499969482422,182.5348663330078,2403500,0.0,0.0
2026-04-21 00:00:00-04:00,183.25,185.25,180.10000610351562,183.63999938964844,182.2272491455078,1443100,0.0,0.0
2026-04-22 00:00:00-04:00,183.99000549316406,185.72000122070312,181.77999877929688,182.35000610351562,180.94717407226562,1341500,0.0,0.0
2026-04-23 00:00:00-04:00,184.02999877929688,185.0399932861328,182.0500030517578,183.74000549316406,182.3264923095703,1526500,0.0,0.0
2026-04-24 00:00:00-04:00,183.0,183.77999877929688,180.30999755859375,183.02999877929688,181.62193298339844,1015400,0.0,0.0
2026-04-27 00:00:00-04:00,183.33999633789062,189.0399932861328,182.35000610351562,188.4199981689453,186.97047424316406,2144200,0.0,0.0
2026-04-28 00:00:00-04:00,188.41000366210938,190.14999389648438,186.77999877929688,187.9600067138672,186.51402282714844,2606400,0.0,0.0
2026-04-29 00:00:00-04:00,187.4499969482422,190.0500030517578,185.5399932861328,186.42999267578125,184.9957733154297,1902500,0.0,0.0
2026-04-30 00:00:00-04:00,189.3000030517578,190.0,179.50999450683594,181.80999755859375,180.41131591796875,3423300,0.0,0.0
2026-05-01 00:00:00-04:00,185.19000244140625,185.6699981689453,176.99000549316406,177.3000030517578,175.93601989746094,1517800,0.0,0.0
2026-05-04 00:00:00-04:00,171.57000732421875,172.25999450683594,159.1199951171875,161.24000549316406,159.99957275390625,5267100,0.0,0.0
2026-05-05 00:00:00-04:00,163.22999572753906,167.67999267578125,162.02000427246094,167.1300048828125,165.84426879882812,2027600,0.0,0.0
2026-05-06 00:00:00-04:00,165.52000427246094,169.75,165.52000427246094,168.58999633789062,167.2930145263672,1457400,0.0,0.0
2026-05-07 00:00:00-04:00,168.58999633789062,172.05999755859375,167.57000732421875,171.3699951171875,170.0516357421875,1760700,0.0,0.0
2026-05-08 00:00:00-04:00,171.3699951171875,172.25999450683594,168.32000732421875,171.38999938964844,170.0714874267578,1060800,0.0,0.0
2026-05-11 00:00:00-04:00,171.55999755859375,172.25,169.27000427246094,169.97999572753906,168.67233276367188,1283100,0.0,0.0
2026-05-12 00:00:00-04:00,169.2100067138672,170.0500030517578,163.61000061035156,167.2100067138672,165.9236602783203,1355200,0.0,0.0
2026-05-13 00:00:00-04:00,166.77999877929688,167.74000549316406,163.13999938964844,163.25999450683594,162.0040283203125,1209900,0.0,0.0
2026-05-14 00:00:00-04:00,164.83999633789062,165.17999267578125,150.39999389648438,159.77999877929688,158.55081176757812,5015900,0.0,0.0
2026-05-15 00:00:00-04:00,162.80999755859375,166.72000122070312,162.0500030517578,163.58999633789062,162.3314971923828,2785100,0.0,0.0
2026-05-18 00:00:00-04:00,165.02000427246094,170.69000244140625,162.41000366210938,169.72000122070312,168.41432189941406,1800900,0.0,0.0
2026-05-19 00:00:00-04:00,169.3699951171875,174.69000244140625,167.86000061035156,173.02000427246094,171.68894958496094,1991300,0.0,0.0
2026-05-20 00:00:00-04:00,177.5399932861328,184.27000427246094,176.5500030517578,180.63999938964844,179.2503204345703,3211100,0.0,0.0
2026-05-21 00:00:00-04:00,180.00999450683594,180.00999450683594,175.49000549316406,178.1300048828125,176.75962829589844,1610400,0.0,0.0
2026-05-22 00:00:00-04:00,178.25,178.75999450683594,173.1199951171875,174.22999572753906,172.88963317871094,1512700,0.0,0.0
2026-05-26 00:00:00-04:00,176.11000061035156,178.77999877929688,173.89999389648438,177.91000366210938,176.5413360595703,1133300,0.0,0.0
2026-05-27 00:00:00-04:00,179.27000427246094,181.0,175.66000366210938,176.49000549316406,175.1322479248047,1085700,0.0,0.0
2026-05-28 00:00:00-04:00,174.9600067138672,175.6699981689453,172.75999450683594,175.41000366210938,174.06056213378906,1115100,0.0,0.0
2026-05-29 00:00:00-04:00,174.27999877929688,179.49000549316406,174.16000366210938,178.64999389648438,177.275634765625,2720900,0.0,0.0
2026-06-01 00:00:00-04:00,178.57000732421875,180.86000061035156,175.89999389648438,179.88999938964844,178.506103515625,1473300,0.0,0.0
2026-06-02 00:00:00-04:00,181.22000122070312,181.22000122070312,177.2899932861328,178.52000427246094,177.14663696289062,1049600,0.0,0.0
2026-06-03 00:00:00-04:00,178.05999755859375,184.6300048828125,177.50999450683594,180.74000549316406,179.3495635986328,1568800,0.0,0.0
2026-06-04 00:00:00-04:00,183.0399932861328,187.97000122070312,182.5800018310547,184.58999633789062,183.169921875,1400400,0.0,0.0
2026-06-05 00:00:00-04:00,182.5800018310547,186.61000061035156,181.8300018310547,184.08999633789062,183.29937744140625,1004500,0.63,0.0
2026-06-08 00:00:00-04:00,184.85000610351562,189.27000427246094,180.36000061035156,188.13999938964844,187.3319854736328,1156300,0.0,0.0
2026-06-09 00:00:00-04:00,188.3300018310547,192.5,186.4600067138672,191.64999389648438,190.826904296875,1586800,0.0,0.0
2026-06-10 00:00:00-04:00,188.69000244140625,190.60000610351562,184.3300018310547,185.0,184.20547485351562,1153000,0.0,0.0
2026-06-11 00:00:00-04:00,185.97000122070312,191.75,185.97000122070312,191.11000061035156,190.2892303466797,970900,0.0,0.0
2026-06-12 00:00:00-04:00,194.47999572753906,195.0,191.77000427246094,193.74000549316406,192.90794372558594,1032700,0.0,0.0
2026-06-15 00:00:00-04:00,192.22000122070312,193.25,188.41000366210938,190.25,189.43292236328125,1140900,0.0,0.0
2026-06-16 00:00:00-04:00,188.85000610351562,191.02999877929688,187.30999755859375,189.39999389648438,188.58656311035156,1077200,0.0,0.0
2026-06-17 00:00:00-04:00,188.6999969482422,189.39999389648438,184.5,185.1999969482422,184.40460205078125,1086900,0.0,0.0
2026-06-18 00:00:00-04:00,186.9600067138672,188.44000244140625,182.77000427246094,185.0399932861328,184.2452850341797,1737000,0.0,0.0
2026-06-22 00:00:00-04:00,185.0399932861328,189.60000610351562,184.36000061035156,187.07000732421875,186.26658630371094,1459300,0.0,0.0
2026-06-23 00:00:00-04:00,187.77000427246094,190.0,177.5500030517578,178.83999633789062,178.07192993164062,1910300,0.0,0.0
2026-06-24 00:00:00-04:00,178.25999450683594,180.91000366210938,175.83999633789062,177.27999877929688,176.5186309814453,1478600,0.0,0.0
2026-06-25 00:00:00-04:00,179.27999877929688,183.22000122070312,177.52999877929688,180.33999633789062,179.5654754638672,1137900,0.0,0.0
2026-06-26 00:00:00-04:00,180.33999633789062,181.72000122070312,178.5500030517578,179.3300018310547,178.55982971191406,4016400,0.0,0.0
2026-06-29 00:00:00-04:00,179.3300018310547,185.0800018310547,178.8699951171875,184.75,183.95654296875,1141700,0.0,0.0
2026-06-30 00:00:00-04:00,184.75,188.94000244140625,181.7899932861328,188.33999633789062,187.5311279296875,1227700,0.0,0.0
2026-07-01 00:00:00-04:00,188.36000061035156,193.3800048828125,186.25,191.27000427246094,190.44854736328125,1949900,0.0,0.0
2026-07-02 00:00:00-04:00,193.27000427246094,193.97999572753906,187.77000427246094,189.85000610351562,189.03465270996094,1225900,0.0,0.0
2026-07-06 00:00:00-04:00,191.1699981689453,192.2899932861328,186.75,188.57000732421875,187.76014709472656,1129500,0.0,0.0
2026-07-07 00:00:00-04:00,189.6999969482422,191.3000030517578,188.38999938964844,190.9499969482422,190.12991333007812,1152700,0.0,0.0
2026-07-08 00:00:00-04:00,190.75,191.27000427246094,187.1199951171875,189.9499969482422,189.1342010498047,1017100,0.0,0.0
2026-07-09 00:00:00-04:00,190.80999755859375,195.25999450683594,190.25,192.75999450683594,191.93214416503906,1491900,0.0,0.0
2026-07-10 00:00:00-04:00,193.3300018310547,195.44000244140625,192.19000244140625,193.5,192.66896057128906,991100,0.0,0.0
2026-07-13 00:00:00-04:00,193.9499969482422,198.27999877929688,193.86000061035156,196.5,195.6560821533203,1364300,0.0,0.0
2026-07-14 00:00:00-04:00,198.92999267578125,199.7899932861328,196.52000427246094,199.61000061035156,198.7527313232422,1842600,0.0,0.0
2026-07-15 00:00:00-04:00,199.66000366210938,200.2100067138672,196.88999938964844,197.5,196.6517791748047,1161000,0.0,0.0
2026-07-16 00:00:00-04:00,200.44000244140625,208.6999969482422,200.3000030517578,205.75,204.86634826660156,2621500,0.0,0.0
2026-07-17 00:00:00-04:00,204.80999755859375,208.8300018310547,203.92999267578125,208.5,207.6045379638672,3798900,0.0,0.0
2026-07-20 00:00:00-04:00,209.0500030517578,209.64999389648438,204.7100067138672,205.8000030517578,204.9161376953125,1661900,0.0,0.0
2026-07-21 00:00:00-04:00,207.9199981689453,210.27000427246094,205.91000366210938,209.4199981689453,208.5205841064453,1148700,0.0,0.0
2026-07-22 00:00:00-04:00,210.3300018310547,210.3300018310547,206.24000549316406,207.35000610351562,206.45948791503906,1349000,0.0,0.0
2026-07-23 00:00:00-04:00,208.74000549316406,209.72999572753906,205.10000610351562,205.50999450683594,204.62738037109375,1442600,0.0,0.0
2026-07-24 00:00:00-04:00,191.80999755859375,194.8699951171875,186.13999938964844,186.50999450683594,185.708984375,3602100,0.0,0.0
2026-07-27 00:00:00-04:00,185.55999755859375,186.11000061035156,173.75999450683594,174.4600067138672,173.7107391357422,3139000,0.0,0.0
2026-07-28 00:00:00-04:00,171.7100067138672,172.82000732421875,168.3800048828125,169.33999633789062,168.6127166748047,2752500,0.0,0.0
2026-07-29 00:00:00-04:00,169.0,174.27000427246094,164.0800018310547,173.75,173.0037841796875,4086100,0.0,0.0
2026-07-30 00:00:00-04:00,161.88999938964844,164.27000427246094,143.16000366210938,146.9199981689453,146.2890167236328,7408100,0.0,0.0
2026-07-31 00:00:00-04:00,145.0,151.22999572753906,143.4600067138672,147.72999572753906,147.0955352783203,4180600,0.0,0.0
2026-08-03 00:00:00-04:00,149.19000244140625,149.83999633789062,144.8699951171875,147.0,146.36866760253906,2932800,0.0,0.0
2026-08-04 00:00:00-04:00,148.33999633789062,155.2100067138672,147.2100067138672,154.75,154.08538818359375,1872800,0.0,0.0
2026-08-05 00:00:00-04:00,155.47999572753906,157.6699981689453,152.85000610351562,153.60000610351562,152.94033813476562,1545000,0.0,0.0
2026-08-06 00:00:00-04:00,152.5800018310547,153.9199981689453,146.4499969482422,146.66000366210938,146.03013610839844,2397600,0.0,0.0
2026-08-07 00:00:00-04:00,146.08999633789062,150.99000549316406,145.66000366210938,149.35000610351562,148.70858764648438,1487500,0.0,0.0
2026-08-10 00:00:00-04:00,148.49000549316406,151.52000427246094,148.0399932861328,148.2899932861328,147.6531219482422,1309400,0.0,0.0
2026-08-11 00:00:00-04:00,147.44000244140625,148.11000061035156,143.17999267578125,145.10000610351562,144.47683715820312,1441900,0.0,0.0
2026-08-12 00:00:00-04:00,144.9199981689453,148.25,144.91000366210938,146.6999969482422,146.06996154785156,1170300,0.0,0.0
2026-08-13 00:00:00-04:00,146.97999572753906,150.8000030517578,145.80999755859375,149.35000610351562,148.70858764648438,1471700,0.0,0.0
2026-08-14 00:00:00-04:00,149.0500030517578,150.2899932861328,147.9499969482422,148.57000732421875,147.9319305419922,859500,0.0,0.0
2026-08-17 00:00:00-04:00,149.77000427246094,150.36000061035156,143.2899932861328,144.77999877929688,144.158203125,1840800,0.0,0.0
2026-08-18 00:00:00-04:00,144.94000244140625,147.25,143.52999877929688,144.6699981689453,144.04867553710938,1317300,0.0,0.0
2026-08-19 00:00:00-04:00,145.80999755859375,147.5,144.07000732421875,144.52000427246094,143.89932250976562,1127800,0.0,0.0
2026-08-20 00:00:00-04:00,144.9199981689453,145.50999450683594,143.16000366210938,143.8300018310547,143.2122802734375,1140500,0.0,0.0
2026-08-21 00:00:00-04:00,144.1699981689453,145.25,141.24000549316406,141.6300048828125,141.02174377441406,1034300,0.0,0.0
2026-08-24 00:00:00-04:00,141.6300048828125,143.77999877929688,141.57000732421875,142.86000061035156,142.24644470214844,1095900,0.0,0.0
2026-08-25 00:00:00-04:00,142.69000244140625,145.22999572753906,142.4600067138672,143.66000366210938,143.0430145263672,1002400,0.0,0.0
2026-08-26 00:00:00-04:00,143.86000061035156,153.25,143.75999450683594,151.72999572753906,151.07835388183594,1932900,0.0,0.0
2026-08-27 00:00:00-04:00,150.8800048828125,153.0800018310547,149.35000610351562,151.13999938964844,150.4908905029297,1595200,0.0,0.0
2026-08-28 00:00:00-04:00,152.32000732421875,152.94000244140625,149.6300048828125,150.38999938964844,149.74411010742188,878300,0.0,0.0
2026-08-31 00:00:00-04:00,150.08999633789062,151.49000549316406,148.86000061035156,149.66000366210938,149.0172576904297,1411000,0.0,0.0
2026-09-01 00:00:00-04:00,150.27000427246094,151.08999633789062,146.3699951171875,147.8800048828125,147.24490356445312,1139600,0.0,0.0
2026-09-02 00:00:00-04:00,147.9199981689453,148.0500030517578,145.0,145.1999969482422,144.57640075683594,1082000,0.0,0.0
2026-09-03 00:00:00-04:00,146.77999877929688,147.6300048828125,144.02000427246094,146.69000244140625,146.05999755859375,769300,0.0,0.0
2026-09-04 00:00:00-04:00,145.30999755859375,147.85000610351562,144.74000549316406,147.63999938964844,147.63999938964844,1116200,0.63,0.0
2026-09-08 00:00:00-04:00,149.47999572753906,152.22999572753906,147.4499969482422,150.10000610351562,150.10000610351562,1275500,0.0,0.0
2026-09-09 00:00:00-04:00,151.39999389648438,154.13999938964844,150.10000610351562,150.4499969482422,150.4499969482422,2174800,0.0,0.0
2026-09-10 00:00:00-04:00,150.64999389648438,152.83999633789062,150.2100067138672,152.4199981689453,152.4199981689453,1695300,0.0,0.0
2026-09-11 00:00:00-04:00,152.4199981689453,155.0,151.8000030517578,152.77999877929688,152.77999877929688,884800,0.0,0.0
2026-09-14 00:00:00-04:00,152.77999877929688,157.82000732421875,151.92999267578125,157.30999755859375,157.30999755859375,1659500,0.0,0.0
2026-09-15 00:00:00-04:00,156.8699951171875,158.07000732421875,155.4600067138672,157.6300048828125,157.6300048828125,1253100,0.0,0.0
2026-09-16 00:00:00-04:00,155.60000610351562,156.33999633789062,152.11000061035156,153.47000122070312,153.47000122070312,1584000,0.0,0.0
2026-09-17 00:00:00-04:00,154.5,154.6999969482422,151.60000610351562,153.82000732421875,153.82000732421875,1102800,0.0,0.0
2026-09-18 00:00:00-04:00,153.5,153.85000610351562,151.97999572753906,152.99000549316406,152.99000549316406,2042500,0.0,0.0
2026-09-21 00:00:00-04:00,153.66000366210938,154.97999572753906,149.9499969482422,152.83999633789062,152.83999633789062,1397900,0.0,0.0
2026-09-22 00:00:00-04:00,153.17999267578125,154.1199951171875,148.0500030517578,149.55999755859375,149.55999755859375,2586900,0.0,0.0
2026-09-23 00:00:00-04:00,149.80999755859375,151.39999389648438,147.38999938964844,149.6699981689453,149.6699981689453,1267300,0.0,0.0
2026-09-24 00:00:00-04:00,148.72000122070312,150.3699951171875,145.8800048828125,146.1999969482422,146.1999969482422,1495900,0.0,0.0
2026-09-25 00:00:00-04:00,145.97999572753906,147.5500030517578,145.39999389648438,147.10000610351562,147.10000610351562,1152000,0.0,0.0
2026-09-28 00:00:00-04:00,146.22999572753906,148.97999572753906,145.02000427246094,148.24000549316406,148.24000549316406,987100,0.0,0.0
2026-09-29 00:00:00-04:00,147.58999633789062,149.8300018310547,147.2100067138672,149.7100067138672,149.7100067138672,1060600,0.0,0.0
2026-09-30 00:00:00-04:00,151.74000549316406,151.8800048828125,147.7899932861328,147.9600067138672,147.9600067138672,1038300,0.0,0.0
