Date,Open,High,Low,Close,Adj Close,Volume,Dividends,Stock Splits
2013-06-19 00:00:00-04:00,15.279999732971191,16.25,15.199999809265137,15.800000190734863,13.771271705627441,31981500,0.0,0.0
2013-06-20 00:00:00-04:00,16.3700008392334,16.3700008392334,15.25,15.300000190734863,13.335469245910645,9274200,0.0,0.0
2013-06-21 00:00:00-04:00,15.699999809265137,15.800000190734863,15.399999618530273,15.619999885559082,13.614380836486816,8323500,0.0,0.0
2013-06-24 00:00:00-04:00,15.640000343322754,15.84000015258789,15.199999809265137,15.529999732971191,13.535937309265137,4279700,0.0,0.0
2013-06-25 00:00:00-04:00,15.550000190734863,15.739999771118164,15.350000381469727,15.720000267028809,13.701544761657715,3577300,0.0,0.0
2013-06-26 00:00:00-04:00,15.6899995803833,15.6899995803833,15.180000305175781,15.399999618530273,13.422630310058594,14755100,0.0,0.0
2013-06-27 00:00:00-04:00,15.34000015258789,15.869999885559082,14.850000381469727,15.5,13.509790420532227,12121700,0.0,0.0
2013-06-28 00:00:00-04:00,15.5,15.770000457763672,15.25,15.25,13.291890144348145,16988100,0.0,0.0
2013-07-01 00:00:00-04:00,14.789999961853027,15.59000015258789,14.75,14.789999961853027,12.89095687866211,25839400,0.0,0.0
2013-07-02 00:00:00-04:00,14.6899995803833,15.119999885559082,14.6899995803833,15.0,13.073988914489746,30520100,0.0,0.0
2013-07-03 00:00:00-04:00,14.949999809265137,15.09000015258789,14.729999542236328,14.869999885559082,12.96068286895752,8542600,0.0,0.0
2013-07-05 00:00:00-04:00,14.949999809265137,15.949999809265137,14.890000343322754,15.65999984741211,13.649246215820312,12427000,0.0,0.0
2013-07-08 00:00:00-04:00,15.630000114440918,16.040000915527344,15.5,15.960000038146973,13.910726547241211,15345100,0.0,0.0
2013-07-09 00:00:00-04:00,15.789999961853027,15.970000267028809,15.5,15.710000038146973,13.692827224731445,9936400,0.0,0.0
2013-07-10 00:00:00-04:00,15.5,15.569999694824219,15.149999618530273,15.390000343322754,13.413914680480957,16327000,0.0,0.0
2013-07-11 00:00:00-04:00,15.600000381469727,15.600000381469727,14.960000038146973,15.130000114440918,13.187295913696289,17029600,0.0,0.0
2013-07-12 00:00:00-04:00,15.069999694824219,15.119999885559082,14.899999618530273,14.930000305175781,13.012977600097656,10426300,0.0,0.0
2013-07-15 00:00:00-04:00,14.930000305175781,15.029999732971191,14.390000343322754,14.670000076293945,12.786361694335938,20636400,0.0,0.0
2013-07-16 00:00:00-04:00,14.569999694824219,15.34000015258789,14.569999694824219,15.279999732971191,13.318037033081055,9328500,0.0,0.0
2013-07-17 00:00:00-04:00,15.359999656677246,15.960000038146973,15.289999961853027,15.890000343322754,13.849713325500488,13411100,0.0,0.0
2013-07-18 00:00:00-04:00,15.9399995803833,16.100000381469727,15.329999923706055,15.470000267028809,13.483643531799316,10825700,0.0,0.0
2013-07-19 00:00:00-04:00,15.350000381469727,16.079999923706055,15.260000228881836,15.970000267028809,13.919442176818848,11658700,0.0,0.0
2013-07-22 00:00:00-04:00,16.09000015258789,16.1299991607666,15.609999656677246,15.729999542236328,13.710257530212402,6141600,0.0,0.0
2013-07-23 00:00:00-04:00,15.6899995803833,15.869999885559082,15.539999961853027,15.649999618530273,13.64052963256836,9298400,0.0,0.0
2013-07-24 00:00:00-04:00,15.649999618530273,15.890000343322754,15.420000076293945,15.710000038146973,13.692827224731445,6205200,0.0,0.0
2013-07-25 00:00:00-04:00,15.65999984741211,15.869999885559082,15.449999809265137,15.569999694824219,13.570802688598633,7069700,0.0,0.0
2013-07-26 00:00:00-04:00,15.539999961853027,15.970000267028809,15.3100004196167,15.890000343322754,13.849713325500488,5884800,0.0,0.0
2013-07-29 00:00:00-04:00,15.869999885559082,15.869999885559082,15.399999618530273,15.510000228881836,13.51850414276123,9020200,0.0,0.0
2013-07-30 00:00:00-04:00,15.600000381469727,15.960000038146973,15.460000038146973,15.949999809265137,13.902009010314941,12798200,0.0,0.0
2013-07-31 00:00:00-04:00,16.0,16.209999084472656,15.829999923706055,15.930000305175781,13.884578704833984,7681500,0.0,0.0
2013-08-01 00:00:00-04:00,15.9399995803833,16.280000686645508,15.9399995803833,16.209999084472656,14.12862491607666,10303300,0.0,0.0
2013-08-02 00:00:00-04:00,16.149999618530273,16.469999313354492,16.1200008392334,16.34000015258789,14.241936683654785,8258600,0.0,0.0
2013-08-05 00:00:00-04:00,16.329999923706055,16.329999923706055,15.890000343322754,16.0,13.945587158203125,8754100,0.0,0.0
2013-08-06 00:00:00-04:00,15.989999771118164,16.25,15.819999694824219,16.18000030517578,14.10247802734375,6232000,0.0,0.0
2013-08-07 00:00:00-04:00,16.149999618530273,16.149999618530273,15.850000381469727,15.949999809265137,13.902009010314941,4755000,0.0,0.0
2013-08-08 00:00:00-04:00,16.06999969482422,16.309999465942383,15.90999984741211,16.1299991607666,14.0588960647583,7110400,0.0,0.0
2013-08-09 00:00:00-04:00,16.09000015258789,16.15999984741211,15.960000038146973,15.979999542236328,13.928157806396484,4293800,0.0,0.0
2013-08-12 00:00:00-04:00,15.880000114440918,16.059999465942383,15.739999771118164,15.920000076293945,13.875862121582031,4882400,0.0,0.0
2013-08-13 00:00:00-04:00,15.90999984741211,15.949999809265137,15.800000190734863,15.829999923706055,13.797418594360352,3615400,0.0,0.0
2013-08-14 00:00:00-04:00,15.829999923706055,16.010000228881836,15.65999984741211,15.899999618530273,13.858431816101074,3940500,0.0,0.0
2013-08-15 00:00:00-04:00,15.789999961853027,16.190000534057617,15.699999809265137,16.100000381469727,14.032750129699707,5160000,0.0,0.0
2013-08-16 00:00:00-04:00,16.040000915527344,16.25,15.960000038146973,15.979999542236328,13.928157806396484,6373200,0.0,0.0
2013-08-19 00:00:00-04:00,16.049999237060547,16.059999465942383,15.6899995803833,15.699999809265137,13.684112548828125,6123600,0.0,0.0
2013-08-20 00:00:00-04:00,15.829999923706055,15.829999923706055,15.520000457763672,15.699999809265137,13.684112548828125,4265600,0.0,0.0
2013-08-21 00:00:00-04:00,15.609999656677246,15.779999732971191,15.489999771118164,15.760000228881836,13.736407279968262,5040000,0.0,0.0
2013-08-22 00:00:00-04:00,15.760000228881836,15.819999694824219,15.630000114440918,15.710000038146973,13.692827224731445,3731700,0.0,0.0
2013-08-23 00:00:00-04:00,15.710000038146973,15.789999961853027,15.569999694824219,15.75,13.727688789367676,3981300,0.0,0.0
2013-08-26 00:00:00-04:00,15.789999961853027,15.899999618530273,15.710000038146973,15.859999656677246,13.823566436767578,4125000,0.0,0.0
2013-08-27 00:00:00-04:00,15.75,16.0,15.6899995803833,15.729999542236328,13.710257530212402,9059500,0.0,0.0
2013-08-28 00:00:00-04:00,15.760000228881836,15.8100004196167,15.680000305175781,15.760000228881836,13.736407279968262,11099300,0.0,0.0
2013-08-29 00:00:00-04:00,15.729999542236328,15.890000343322754,15.640000343322754,15.770000457763672,13.745121955871582,2795500,0.0,0.0
2013-08-30 00:00:00-04:00,15.75,15.779999732971191,15.59000015258789,15.699999809265137,13.684112548828125,5386300,0.0,0.0
2013-09-03 00:00:00-04:00,15.890000343322754,16.030000686645508,15.6899995803833,15.779999732971191,13.75383472442627,3783600,0.0,0.0
2013-09-04 00:00:00-04:00,15.789999961853027,16.079999923706055,15.760000228881836,16.030000686645508,13.971738815307617,4992000,0.0,0.0
2013-09-05 00:00:00-04:00,15.970000267028809,16.270000457763672,15.880000114440918,16.239999771118164,14.154775619506836,3521200,0.0,0.0
2013-09-06 00:00:00-04:00,16.309999465942383,16.34000015258789,16.079999923706055,16.190000534057617,14.111194610595703,3358700,0.0,0.0
2013-09-09 00:00:00-04:00,16.15999984741211,16.34000015258789,16.15999984741211,16.34000015258789,14.241936683654785,3668900,0.0,0.0
2013-09-10 00:00:00-04:00,16.3799991607666,16.56999969482422,16.25,16.549999237060547,14.424969673156738,4292100,0.0,0.0
2013-09-11 00:00:00-04:00,16.649999618530273,17.059999465942383,16.5,17.049999237060547,14.860770225524902,7562700,0.0,0.0
2013-09-12 00:00:00-04:00,17.1200008392334,17.260000228881836,16.940000534057617,17.110000610351562,14.913064956665039,4836500,0.0,0.0
2013-09-13 00:00:00-04:00,17.059999465942383,17.079999923706055,16.770000457763672,16.889999389648438,14.721312522888184,2717700,0.0,0.0
2013-09-16 00:00:00-04:00,17.1200008392334,17.200000762939453,16.780000686645508,16.959999084472656,14.78232192993164,5758300,0.0,0.0
2013-09-17 00:00:00-04:00,17.030000686645508,17.170000076293945,16.889999389648438,17.0,14.81718921661377,2538500,0.0,0.0
2013-09-18 00:00:00-04:00,16.989999771118164,17.18000030517578,16.84000015258789,17.049999237060547,14.860770225524902,3862600,0.0,0.0
2013-09-19 00:00:00-04:00,17.100000381469727,17.100000381469727,16.65999984741211,16.8700008392334,14.703880310058594,3286100,0.0,0.0
2013-09-20 00:00:00-04:00,16.920000076293945,17.0,16.469999313354492,16.639999389648438,14.503412246704102,4594000,0.0,0.0
2013-09-23 00:00:00-04:00,16.6200008392334,16.639999389648438,16.3700008392334,16.530000686645508,14.407539367675781,2360000,0.0,0.0
2013-09-24 00:00:00-04:00,16.530000686645508,17.200000762939453,16.5,17.040000915527344,14.852055549621582,5611800,0.0,0.0
2013-09-25 00:00:00-04:00,17.030000686645508,17.040000915527344,16.68000030517578,16.799999237060547,14.642867088317871,4389700,0.0,0.0
2013-09-26 00:00:00-04:00,16.770000457763672,16.8700008392334,16.100000381469727,16.290000915527344,14.198356628417969,12737900,0.0,0.0
2013-09-27 00:00:00-04:00,16.100000381469727,16.25,15.989999771118164,16.170000076293945,14.09376335144043,7098300,0.0,0.0
2013-09-30 00:00:00-04:00,16.200000762939453,16.260000228881836,15.90999984741211,16.059999465942383,13.997883796691895,6237900,0.0,0.0
2013-10-01 00:00:00-04:00,16.049999237060547,16.139999389648438,15.800000190734863,15.90999984741211,13.867146492004395,8815300,0.0,0.0
2013-10-02 00:00:00-04:00,15.850000381469727,16.270000457763672,15.699999809265137,16.139999389648438,14.06761360168457,17758200,0.0,0.0
2013-10-03 00:00:00-04:00,16.139999389648438,16.25,15.789999961853027,15.869999885559082,13.832282066345215,17833500,0.0,0.0
2013-10-04 00:00:00-04:00,15.84000015258789,16.010000228881836,15.789999961853027,15.84000015258789,13.806135177612305,13660000,0.0,0.0
2013-10-07 00:00:00-04:00,15.699999809265137,15.979999542236328,15.6899995803833,15.90999984741211,13.867146492004395,8663200,0.0,0.0
2013-10-08 00:00:00-04:00,15.510000228881836,15.979999542236328,15.510000228881836,15.800000190734863,13.771271705627441,4825300,0.0,0.0
2013-10-09 00:00:00-04:00,15.800000190734863,15.949999809265137,15.75,15.880000114440918,13.840997695922852,4210300,0.0,0.0
2013-10-10 00:00:00-04:00,15.979999542236328,16.25,15.9399995803833,16.219999313354492,14.137341499328613,5506700,0.0,0.0
2013-10-11 00:00:00-04:00,16.15999984741211,16.600000381469727,16.139999389648438,16.40999984741211,14.302946090698242,5085700,0.0,0.0
2013-10-14 00:00:00-04:00,16.309999465942383,16.6200008392334,16.229999542236328,16.559999465942383,14.433685302734375,3606300,0.0,0.0
2013-10-15 00:00:00-04:00,16.459999084472656,16.670000076293945,16.420000076293945,16.579999923706055,14.451118469238281,4406800,0.0,0.0
2013-10-16 00:00:00-04:00,16.719999313354492,16.790000915527344,16.56999969482422,16.780000686645508,14.625439643859863,4511900,0.0,0.0
2013-10-17 00:00:00-04:00,16.639999389648438,16.809999465942383,16.6299991607666,16.799999237060547,14.642867088317871,3972000,0.0,0.0
2013-10-18 00:00:00-04:00,16.850000381469727,16.899999618530273,16.75,16.850000381469727,14.686446189880371,5809100,0.0,0.0
2013-10-21 00:00:00-04:00,16.860000610351562,16.979999542236328,16.790000915527344,16.850000381469727,14.686446189880371,3107000,0.0,0.0
2013-10-22 00:00:00-04:00,16.889999389648438,17.059999465942383,16.790000915527344,17.0,14.81718921661377,7274300,0.0,0.0
2013-10-23 00:00:00-04:00,16.799999237060547,17.239999771118164,16.799999237060547,17.110000610351562,14.913064956665039,5145800,0.0,0.0
2013-10-24 00:00:00-04:00,17.06999969482422,17.399999618530273,17.020000457763672,17.290000915527344,15.069952011108398,4734900,0.0,0.0
2013-10-25 00:00:00-04:00,17.549999237060547,17.549999237060547,17.09000015258789,17.149999618530273,14.947931289672852,6197900,0.0,0.0
2013-10-28 00:00:00-04:00,17.1200008392334,17.31999969482422,17.030000686645508,17.290000915527344,15.069952011108398,4131800,0.0,0.0
2013-10-29 00:00:00-04:00,17.299999237060547,17.510000228881836,17.239999771118164,17.459999084472656,15.218121528625488,6582700,0.0,0.0
2013-10-30 00:00:00-04:00,17.459999084472656,17.510000228881836,17.309999465942383,17.350000381469727,15.122246742248535,8031100,0.0,0.0
2013-10-31 00:00:00-04:00,17.3700008392334,17.770000457763672,17.34000015258789,17.600000381469727,15.34014892578125,4697900,0.0,0.0
2013-11-01 00:00:00-04:00,17.6200008392334,17.809999465942383,17.450000762939453,17.770000457763672,15.488320350646973,3714000,0.0,0.0
2013-11-04 00:00:00-05:00,17.729999542236328,17.860000610351562,17.670000076293945,17.760000228881836,15.479601860046387,2870800,0.0,0.0
2013-11-05 00:00:00-05:00,17.56999969482422,17.850000381469727,17.479999542236328,17.68000030517578,15.40987491607666,3820200,0.0,0.0
2013-11-06 00:00:00-05:00,17.729999542236328,17.81999969482422,17.350000381469727,17.40999984741211,15.174542427062988,3922700,0.0,0.0
2013-11-07 00:00:00-05:00,17.510000228881836,17.6200008392334,17.25,17.260000228881836,15.043806076049805,3888200,0.0,0.0
2013-11-08 00:00:00-05:00,17.309999465942383,17.6200008392334,17.170000076293945,17.600000381469727,15.34014892578125,1787500,0.0,0.0
2013-11-11 00:00:00-05:00,17.600000381469727,17.649999618530273,17.350000381469727,17.420000076293945,15.183259963989258,5387300,0.0,0.0
2013-11-12 00:00:00-05:00,16.850000381469727,17.309999465942383,16.719999313354492,17.149999618530273,14.947931289672852,12944400,0.0,0.0
2013-11-13 00:00:00-05:00,17.020000457763672,17.290000915527344,16.950000762939453,17.219999313354492,15.00893783569336,3673400,0.0,0.0
2013-11-14 00:00:00-05:00,17.239999771118164,17.3799991607666,17.18000030517578,17.25,15.035088539123535,2920600,0.0,0.0
2013-11-15 00:00:00-05:00,17.31999969482422,17.809999465942383,17.31999969482422,17.760000228881836,15.479601860046387,4606300,0.0,0.0
2013-11-18 00:00:00-05:00,17.770000457763672,17.81999969482422,17.3700008392334,17.420000076293945,15.183259963989258,4431400,0.0,0.0
2013-11-19 00:00:00-05:00,17.43000030517578,17.65999984741211,17.3799991607666,17.479999542236328,15.235560417175293,2961800,0.0,0.0
2013-11-20 00:00:00-05:00,17.540000915527344,17.790000915527344,17.450000762939453,17.670000076293945,15.401161193847656,6256400,0.0,0.0
2013-11-21 00:00:00-05:00,17.709999084472656,17.75,17.540000915527344,17.559999465942383,15.305282592773438,4075000,0.0,0.0
2013-11-22 00:00:00-05:00,17.610000610351562,17.690000534057617,17.5,17.549999237060547,15.296565055847168,3624500,0.0,0.0
2013-11-25 00:00:00-05:00,17.6299991607666,17.68000030517578,17.360000610351562,17.479999542236328,15.235560417175293,3397600,0.0,0.0
2013-11-26 00:00:00-05:00,17.43000030517578,17.709999084472656,17.3700008392334,17.690000534057617,15.418593406677246,5585700,0.0,0.0
2013-11-27 00:00:00-05:00,17.65999984741211,17.940000534057617,17.510000228881836,17.860000610351562,15.566766738891602,5083300,0.0,0.0
2013-11-29 00:00:00-05:00,17.850000381469727,17.969999313354492,17.84000015258789,17.959999084472656,15.653923034667969,1506100,0.0,0.0
2013-12-02 00:00:00-05:00,17.920000076293945,17.969999313354492,17.600000381469727,17.649999618530273,15.383726119995117,4610200,0.0,0.0
2013-12-03 00:00:00-05:00,17.6299991607666,17.6299991607666,17.399999618530273,17.5,15.252986907958984,3120100,0.0,0.0
2013-12-04 00:00:00-05:00,17.440000534057617,17.6200008392334,17.3799991607666,17.579999923706055,15.322718620300293,2676000,0.0,0.0
2013-12-05 00:00:00-05:00,16.540000915527344,17.549999237060547,16.540000915527344,17.459999084472656,15.218121528625488,2562600,0.0,0.0
2013-12-06 00:00:00-05:00,17.65999984741211,17.860000610351562,17.520000457763672,17.780000686645508,15.497036933898926,4483700,0.0,0.0
2013-12-09 00:00:00-05:00,17.889999389648438,17.899999618530273,17.459999084472656,17.520000457763672,15.270421028137207,4088800,0.0,0.0
2013-12-10 00:00:00-05:00,17.489999771118164,17.719999313354492,17.440000534057617,17.639999389648438,15.37501335144043,2618000,0.0,0.0
2013-12-11 00:00:00-05:00,17.649999618530273,17.739999771118164,17.479999542236328,17.600000381469727,15.34014892578125,3255300,0.0,0.0
2013-12-12 00:00:00-05:00,17.639999389648438,17.65999984741211,17.489999771118164,17.489999771118164,15.244274139404297,4073000,0.0,0.0
2013-12-13 00:00:00-05:00,17.489999771118164,17.700000762939453,17.31999969482422,17.65999984741211,15.392446517944336,4320800,0.0,0.0
2013-12-16 00:00:00-05:00,17.770000457763672,17.799999237060547,17.579999923706055,17.770000457763672,15.488320350646973,1885100,0.0,0.0
2013-12-17 00:00:00-05:00,17.56999969482422,17.56999969482422,17.170000076293945,17.350000381469727,15.122246742248535,4023000,0.0,0.0
2013-12-18 00:00:00-05:00,17.299999237060547,17.530000686645508,17.06999969482422,17.5,15.252986907958984,2539200,0.0,0.0
2013-12-19 00:00:00-05:00,17.40999984741211,17.469999313354492,17.290000915527344,17.360000610351562,15.130966186523438,2475900,0.0,0.0
2013-12-20 00:00:00-05:00,17.43000030517578,17.969999313354492,17.309999465942383,17.75,15.4708890914917,7055200,0.0,0.0
2013-12-23 00:00:00-05:00,17.93000030517578,17.969999313354492,17.729999542236328,17.899999618530273,15.601629257202148,1974600,0.0,0.0
2013-12-24 00:00:00-05:00,17.959999084472656,18.010000228881836,17.780000686645508,17.899999618530273,15.601629257202148,683100,0.0,0.0
2013-12-26 00:00:00-05:00,17.989999771118164,18.06999969482422,17.649999618530273,17.770000457763672,15.488320350646973,2259900,0.0,0.0
2013-12-27 00:00:00-05:00,17.739999771118164,17.81999969482422,17.559999465942383,17.729999542236328,15.453460693359375,2691300,0.0,0.0
2013-12-30 00:00:00-05:00,17.780000686645508,17.93000030517578,17.700000762939453,17.90999984741211,15.610343933105469,1918400,0.0,0.0
2013-12-31 00:00:00-05:00,17.979999542236328,18.09000015258789,17.84000015258789,18.020000457763672,15.706218719482422,2612000,0.0,0.0
2014-01-02 00:00:00-05:00,18.049999237060547,18.170000076293945,17.81999969482422,17.950000762939453,15.645211219787598,3673400,0.0,0.0
2014-01-03 00:00:00-05:00,17.93000030517578,18.010000228881836,17.780000686645508,17.81999969482422,15.531900405883789,2016600,0.0,0.0
2014-01-06 00:00:00-05:00,17.8799991607666,17.959999084472656,17.479999542236328,17.579999923706055,15.322718620300293,3388300,0.0,0.0
2014-01-07 00:00:00-05:00,17.649999618530273,17.649999618530273,17.329999923706055,17.399999618530273,15.165831565856934,3266000,0.0,0.0
2014-01-08 00:00:00-05:00,17.350000381469727,17.399999618530273,17.149999618530273,17.290000915527344,15.069952011108398,4109600,0.0,0.0
2014-01-09 00:00:00-05:00,17.3799991607666,17.479999542236328,17.270000457763672,17.34000015258789,15.11353588104248,2852700,0.0,0.0
2014-01-10 00:00:00-05:00,17.40999984741211,17.520000457763672,17.280000686645508,17.399999618530273,15.165831565856934,2063700,0.0,0.0
2014-01-13 00:00:00-05:00,17.40999984741211,17.440000534057617,17.06999969482422,17.149999618530273,14.947931289672852,2655600,0.0,0.0
2014-01-14 00:00:00-05:00,17.200000762939453,17.350000381469727,17.1299991607666,17.299999237060547,15.078668594360352,1935000,0.0,0.0
2014-01-15 00:00:00-05:00,17.239999771118164,17.329999923706055,17.100000381469727,17.209999084472656,15.000224113464355,2209400,0.0,0.0
2014-01-16 00:00:00-05:00,17.200000762939453,17.260000228881836,17.049999237060547,17.079999923706055,14.886919975280762,2833400,0.0,0.0
2014-01-17 00:00:00-05:00,17.09000015258789,17.18000030517578,16.940000534057617,17.079999923706055,14.886919975280762,2102700,0.0,0.0
2014-01-21 00:00:00-05:00,17.149999618530273,17.149999618530273,16.690000534057617,16.760000228881836,14.60800552368164,4664700,0.0,0.0
2014-01-22 00:00:00-05:00,16.75,16.989999771118164,16.559999465942383,16.649999618530273,14.512131690979004,3109900,0.0,0.0
2014-01-23 00:00:00-05:00,16.5,16.579999923706055,16.360000610351562,16.530000686645508,14.407539367675781,3085400,0.0,0.0
2014-01-24 00:00:00-05:00,16.270000457763672,16.329999923706055,16.010000228881836,16.170000076293945,14.09376335144043,6995600,0.0,0.0
2014-01-27 00:00:00-05:00,16.25,16.559999465942383,16.190000534057617,16.389999389648438,14.285513877868652,6241000,0.0,0.0
2014-01-28 00:00:00-05:00,16.3799991607666,16.459999084472656,16.229999542236328,16.239999771118164,14.154775619506836,4468400,0.0,0.0
2014-01-29 00:00:00-05:00,16.09000015258789,16.280000686645508,16.010000228881836,16.219999313354492,14.137341499328613,5574400,0.0,0.0
2014-01-30 00:00:00-05:00,16.280000686645508,16.299999237060547,16.15999984741211,16.200000762939453,14.11991024017334,9436500,0.0,0.0
2014-01-31 00:00:00-05:00,16.139999389648438,16.239999771118164,15.949999809265137,15.960000038146973,13.910726547241211,3040200,0.0,0.0
2014-02-03 00:00:00-05:00,16.0,16.059999465942383,15.479999542236328,15.520000457763672,13.527222633361816,4729900,0.0,0.0
2014-02-04 00:00:00-05:00,15.550000190734863,15.720000267028809,15.4399995803833,15.520000457763672,13.527222633361816,8117500,0.0,0.0
2014-02-05 00:00:00-05:00,15.5600004196167,15.899999618530273,15.550000190734863,15.609999656677246,13.605666160583496,5805700,0.0,0.0
2014-02-06 00:00:00-05:00,15.640000343322754,16.110000610351562,15.609999656677246,16.020000457763672,13.963021278381348,4984700,0.0,0.0
2014-02-07 00:00:00-05:00,17.479999542236328,18.0,17.06999969482422,17.40999984741211,15.174542427062988,13191600,0.0,0.0
2014-02-10 00:00:00-05:00,17.030000686645508,17.59000015258789,16.969999313354492,17.510000228881836,15.261704444885254,6085100,0.0,0.0
2014-02-11 00:00:00-05:00,17.530000686645508,18.0,17.40999984741211,17.93000030517578,15.627779006958008,6908500,0.0,0.0
2014-02-12 00:00:00-05:00,17.93000030517578,18.049999237060547,17.600000381469727,17.649999618530273,15.383726119995117,3310200,0.0,0.0
2014-02-13 00:00:00-05:00,17.549999237060547,17.81999969482422,17.40999984741211,17.65999984741211,15.392446517944336,2168600,0.0,0.0
2014-02-14 00:00:00-05:00,17.6200008392334,17.84000015258789,17.540000915527344,17.68000030517578,15.40987491607666,1827600,0.0,0.0
2014-02-18 00:00:00-05:00,17.719999313354492,17.81999969482422,17.559999465942383,17.75,15.4708890914917,2359300,0.0,0.0
2014-02-19 00:00:00-05:00,17.700000762939453,17.860000610351562,17.559999465942383,17.59000015258789,15.331436157226562,2217500,0.0,0.0
2014-02-20 00:00:00-05:00,17.600000381469727,17.639999389648438,17.309999465942383,17.5,15.252986907958984,2549700,0.0,0.0
2014-02-21 00:00:00-05:00,17.450000762939453,17.760000228881836,17.440000534057617,17.68000030517578,15.40987491607666,3193600,0.0,0.0
2014-02-24 00:00:00-05:00,17.75,18.049999237060547,17.739999771118164,17.940000534057617,15.636494636535645,2473300,0.0,0.0
2014-02-25 00:00:00-05:00,17.93000030517578,18.110000610351562,17.899999618530273,17.959999084472656,15.653923034667969,2396900,0.0,0.0
2014-02-26 00:00:00-05:00,17.950000762939453,18.139999389648438,17.829999923706055,18.030000686645508,15.714937210083008,2275700,0.0,0.0
2014-02-27 00:00:00-05:00,17.950000762939453,18.059999465942383,17.860000610351562,18.020000457763672,15.706218719482422,2363300,0.0,0.0
2014-02-28 00:00:00-05:00,18.059999465942383,18.399999618530273,17.920000076293945,18.329999923706055,15.976414680480957,2515100,0.0,0.0
2014-03-03 00:00:00-05:00,18.190000534057617,18.34000015258789,17.950000762939453,18.1200008392334,15.79338264465332,3592200,0.0,0.0
2014-03-04 00:00:00-05:00,18.200000762939453,18.40999984741211,18.149999618530273,18.399999618530273,16.037425994873047,3160600,0.0,0.0
2014-03-05 00:00:00-05:00,18.43000030517578,18.530000686645508,18.1299991607666,18.299999237060547,15.95026683807373,2321700,0.0,0.0
2014-03-06 00:00:00-05:00,18.31999969482422,18.43000030517578,18.190000534057617,18.280000686645508,15.932838439941406,1897600,0.0,0.0
2014-03-07 00:00:00-05:00,18.299999237060547,18.360000610351562,17.84000015258789,17.90999984741211,15.610343933105469,2501200,0.0,0.0
2014-03-10 00:00:00-04:00,17.959999084472656,18.0,17.709999084472656,17.760000228881836,15.479601860046387,1937800,0.0,0.0
2014-03-11 00:00:00-04:00,17.760000228881836,17.809999465942383,17.520000457763672,17.709999084472656,15.436027526855469,1971000,0.0,0.0
2014-03-12 00:00:00-04:00,17.700000762939453,17.889999389648438,17.399999618530273,17.829999923706055,15.540614128112793,2782300,0.0,0.0
2014-03-13 00:00:00-04:00,17.81999969482422,17.90999984741211,17.309999465942383,17.34000015258789,15.11353588104248,2515200,0.0,0.0
2014-03-14 00:00:00-04:00,17.3700008392334,17.639999389648438,17.25,17.43000030517578,15.191976547241211,2372300,0.0,0.0
2014-03-17 00:00:00-04:00,17.549999237060547,17.809999465942383,17.290000915527344,17.389999389648438,15.157115936279297,1707100,0.0,0.0
2014-03-18 00:00:00-04:00,17.420000076293945,17.739999771118164,17.3799991607666,17.709999084472656,15.436027526855469,3081100,0.0,0.0
2014-03-19 00:00:00-04:00,17.670000076293945,17.799999237060547,17.459999084472656,17.549999237060547,15.296565055847168,2405600,0.0,0.0
2014-03-20 00:00:00-04:00,17.450000762939453,17.56999969482422,17.31999969482422,17.510000228881836,15.261704444885254,1290800,0.0,0.0
2014-03-21 00:00:00-04:00,17.729999542236328,17.729999542236328,17.329999923706055,17.579999923706055,15.322718620300293,4658500,0.0,0.0
2014-03-24 00:00:00-04:00,17.600000381469727,17.670000076293945,17.389999389648438,17.469999313354492,15.226836204528809,2295500,0.0,0.0
2014-03-25 00:00:00-04:00,17.56999969482422,17.59000015258789,17.270000457763672,17.360000610351562,15.130966186523438,2258900,0.0,0.0
2014-03-26 00:00:00-04:00,17.3700008392334,17.420000076293945,17.020000457763672,17.030000686645508,14.843339920043945,3216400,0.0,0.0
2014-03-27 00:00:00-04:00,17.09000015258789,17.229999542236328,16.989999771118164,17.020000457763672,14.834619522094727,4109800,0.0,0.0
2014-03-28 00:00:00-04:00,17.010000228881836,17.280000686645508,17.0,17.030000686645508,14.843339920043945,2012300,0.0,0.0
2014-03-31 00:00:00-04:00,17.149999618530273,17.25,17.0,17.219999313354492,15.00893783569336,2399300,0.0,0.0
2014-04-01 00:00:00-04:00,17.34000015258789,17.5,17.200000762939453,17.440000534057617,15.200693130493164,3302700,0.0,0.0
2014-04-02 00:00:00-04:00,17.399999618530273,17.520000457763672,17.270000457763672,17.440000534057617,15.200693130493164,2373600,0.0,0.0
2014-04-03 00:00:00-04:00,17.469999313354492,17.520000457763672,17.09000015258789,17.110000610351562,14.913064956665039,3712800,0.0,0.0
2014-04-04 00:00:00-04:00,17.229999542236328,17.540000915527344,17.110000610351562,17.1200008392334,14.921781539916992,2828900,0.0,0.0
2014-04-07 00:00:00-04:00,17.110000610351562,17.3799991607666,17.0,17.079999923706055,14.886919975280762,3028700,0.0,0.0
2014-04-08 00:00:00-04:00,17.18000030517578,17.209999084472656,16.920000076293945,17.049999237060547,14.860770225524902,2520200,0.0,0.0
2014-04-09 00:00:00-04:00,17.059999465942383,17.219999313354492,16.959999084472656,17.200000762939453,14.991509437561035,1704500,0.0,0.0
2014-04-10 00:00:00-04:00,17.229999542236328,17.31999969482422,16.829999923706055,16.829999923706055,14.66901683807373,2395300,0.0,0.0
2014-04-11 00:00:00-04:00,16.780000686645508,17.15999984741211,16.469999313354492,16.540000915527344,14.416254043579102,3203000,0.0,0.0
2014-04-14 00:00:00-04:00,16.65999984741211,16.809999465942383,16.5,16.770000457763672,14.616720199584961,2453400,0.0,0.0
2014-04-15 00:00:00-04:00,16.780000686645508,16.950000762939453,16.31999969482422,16.6299991607666,14.494697570800781,2191900,0.0,0.0
2014-04-16 00:00:00-04:00,16.719999313354492,16.899999618530273,16.450000762939453,16.790000915527344,14.6341552734375,1600400,0.0,0.0
2014-04-17 00:00:00-04:00,16.719999313354492,17.020000457763672,16.719999313354492,16.8799991607666,14.71259880065918,1113000,0.0,0.0
2014-04-21 00:00:00-04:00,16.8700008392334,17.040000915527344,16.549999237060547,16.950000762939453,14.77361011505127,1777300,0.0,0.0
2014-04-22 00:00:00-04:00,16.940000534057617,17.049999237060547,16.729999542236328,17.010000228881836,14.825901985168457,1297400,0.0,0.0
2014-04-23 00:00:00-04:00,17.030000686645508,17.239999771118164,16.93000030517578,17.229999542236328,15.017657279968262,1563300,0.0,0.0
2014-04-24 00:00:00-04:00,17.290000915527344,17.440000534057617,17.010000228881836,17.280000686645508,15.061240196228027,1958100,0.0,0.0
2014-04-25 00:00:00-04:00,17.260000228881836,17.260000228881836,17.079999923706055,17.1299991607666,14.930497169494629,1166800,0.0,0.0
2014-04-28 00:00:00-04:00,17.170000076293945,17.219999313354492,16.81999969482422,17.1299991607666,14.930497169494629,1787100,0.0,0.0
2014-04-29 00:00:00-04:00,17.25,17.420000076293945,17.110000610351562,17.209999084472656,15.000224113464355,2230200,0.0,0.0
2014-04-30 00:00:00-04:00,17.200000762939453,17.200000762939453,16.780000686645508,17.020000457763672,14.834619522094727,2780900,0.0,0.0
2014-05-01 00:00:00-04:00,17.209999084472656,17.389999389648438,17.059999465942383,17.299999237060547,15.078668594360352,2417900,0.0,0.0
2014-05-02 00:00:00-04:00,17.229999542236328,17.440000534057617,17.020000457763672,17.309999465942383,15.087385177612305,2118000,0.0,0.0
2014-05-05 00:00:00-04:00,17.260000228881836,17.43000030517578,17.139999389648438,17.399999618530273,15.165831565856934,1564200,0.0,0.0
2014-05-06 00:00:00-04:00,17.31999969482422,17.34000015258789,17.1299991607666,17.139999389648438,14.939214706420898,1908900,0.0,0.0
2014-05-07 00:00:00-04:00,17.139999389648438,17.200000762939453,16.920000076293945,17.079999923706055,14.886919975280762,2508800,0.0,0.0
2014-05-08 00:00:00-04:00,17.09000015258789,17.170000076293945,16.8799991607666,17.110000610351562,14.913064956665039,3885700,0.0,0.0
2014-05-09 00:00:00-04:00,17.510000228881836,18.020000457763672,17.270000457763672,18.0,15.688788414001465,4623900,0.0,0.0
2014-05-12 00:00:00-04:00,18.049999237060547,18.18000030517578,17.760000228881836,17.850000381469727,15.558049201965332,2926300,0.0,0.0
2014-05-13 00:00:00-04:00,17.84000015258789,17.940000534057617,17.649999618530273,17.719999313354492,15.444742202758789,2205200,0.0,0.0
2014-05-14 00:00:00-04:00,17.739999771118164,17.790000915527344,17.170000076293945,17.190000534057617,14.982796669006348,3964200,0.0,0.0
2014-05-15 00:00:00-04:00,17.18000030517578,17.229999542236328,16.8700008392334,16.8700008392334,14.703880310058594,2974000,0.0,0.0
2014-05-16 00:00:00-04:00,16.889999389648438,17.100000381469727,16.670000076293945,17.049999237060547,14.860770225524902,2826600,0.0,0.0
2014-05-19 00:00:00-04:00,16.979999542236328,17.15999984741211,16.920000076293945,17.030000686645508,14.843339920043945,1613300,0.0,0.0
2014-05-20 00:00:00-04:00,16.979999542236328,17.0,16.65999984741211,16.75,14.599288940429688,3511200,0.0,0.0
2014-05-21 00:00:00-04:00,16.790000915527344,17.040000915527344,16.770000457763672,16.90999984741211,14.73874282836914,3463200,0.0,0.0
2014-05-22 00:00:00-04:00,16.979999542236328,17.219999313354492,16.829999923706055,17.170000076293945,14.965362548828125,2657700,0.0,0.0
2014-05-23 00:00:00-04:00,17.15999984741211,17.219999313354492,17.0,17.09000015258789,14.895636558532715,3382000,0.0,0.0
2014-05-27 00:00:00-04:00,17.1299991607666,17.290000915527344,17.059999465942383,17.219999313354492,15.00893783569336,1829500,0.0,0.0
2014-05-28 00:00:00-04:00,17.190000534057617,17.239999771118164,16.780000686645508,17.110000610351562,14.913064956665039,2019800,0.0,0.0
2014-05-29 00:00:00-04:00,17.09000015258789,17.170000076293945,16.969999313354492,17.1200008392334,14.921781539916992,2734800,0.0,0.0
2014-05-30 00:00:00-04:00,17.09000015258789,17.18000030517578,17.010000228881836,17.059999465942383,14.869485855102539,2971600,0.0,0.0
2014-06-02 00:00:00-04:00,17.100000381469727,17.329999923706055,17.030000686645508,17.260000228881836,15.043806076049805,2176800,0.0,0.0
2014-06-03 00:00:00-04:00,17.1299991607666,17.479999542236328,17.1299991607666,17.3700008392334,15.139681816101074,1993700,0.0,0.0
2014-06-04 00:00:00-04:00,17.299999237060547,17.600000381469727,17.280000686645508,17.469999313354492,15.226836204528809,1802300,0.0,0.0
2014-06-05 00:00:00-04:00,17.540000915527344,17.739999771118164,17.329999923706055,17.719999313354492,15.444742202758789,1616400,0.0,0.0
2014-06-06 00:00:00-04:00,17.719999313354492,17.920000076293945,17.600000381469727,17.690000534057617,15.418593406677246,2294000,0.0,0.0
2014-06-09 00:00:00-04:00,17.639999389648438,17.940000534057617,17.600000381469727,17.65999984741211,15.392446517944336,1958600,0.0,0.0
2014-06-10 00:00:00-04:00,17.65999984741211,17.75,17.479999542236328,17.610000610351562,15.348865509033203,1789300,0.0,0.0
2014-06-11 00:00:00-04:00,17.6299991607666,17.68000030517578,17.510000228881836,17.6299991607666,15.366296768188477,1201800,0.0,0.0
2014-06-12 00:00:00-04:00,17.559999465942383,17.559999465942383,17.299999237060547,17.299999237060547,15.078668594360352,7379600,0.0,0.0
2014-06-13 00:00:00-04:00,17.3799991607666,17.600000381469727,17.139999389648438,17.229999542236328,15.017657279968262,2298500,0.0,0.0
2014-06-16 00:00:00-04:00,17.139999389648438,17.229999542236328,16.920000076293945,17.1200008392334,14.921781539916992,2710500,0.0,0.0
2014-06-17 00:00:00-04:00,17.059999465942383,17.280000686645508,17.010000228881836,17.25,15.035088539123535,1869200,0.0,0.0
2014-06-18 00:00:00-04:00,17.25,17.579999923706055,17.190000534057617,17.579999923706055,15.322718620300293,3342300,0.0,0.0
2014-06-19 00:00:00-04:00,17.520000457763672,17.68000030517578,17.229999542236328,17.670000076293945,15.401161193847656,3407300,0.0,0.0
2014-06-20 00:00:00-04:00,17.760000228881836,17.809999465942383,17.34000015258789,17.6299991607666,15.366296768188477,4562300,0.0,0.0
2014-06-23 00:00:00-04:00,17.690000534057617,17.709999084472656,17.270000457763672,17.3700008392334,15.139681816101074,3982900,0.0,0.0
2014-06-24 00:00:00-04:00,17.3799991607666,17.639999389648438,17.190000534057617,17.489999771118164,15.244274139404297,3323100,0.0,0.0
2014-06-25 00:00:00-04:00,17.40999984741211,17.780000686645508,17.260000228881836,17.709999084472656,15.436027526855469,3172600,0.0,0.0
2014-06-26 00:00:00-04:00,17.799999237060547,18.030000686645508,17.549999237060547,18.020000457763672,15.706218719482422,6005500,0.0,0.0
2014-06-27 00:00:00-04:00,17.899999618530273,18.079999923706055,17.809999465942383,17.979999542236328,15.671358108520508,17508800,0.0,0.0
2014-06-30 00:00:00-04:00,17.969999313354492,18.1200008392334,17.770000457763672,17.940000534057617,15.636494636535645,3933100,0.0,0.0
2014-07-01 00:00:00-04:00,18.020000457763672,18.18000030517578,16.719999313354492,18.100000381469727,15.77595043182373,2928000,0.0,0.0
2014-07-02 00:00:00-04:00,18.030000686645508,18.299999237060547,17.979999542236328,18.260000228881836,15.91540241241455,2973400,0.0,0.0
2014-07-03 00:00:00-04:00,18.270000457763672,18.34000015258789,18.18000030517578,18.280000686645508,15.932838439941406,1421400,0.0,0.0
2014-07-07 00:00:00-04:00,18.239999771118164,18.25,18.09000015258789,18.1200008392334,15.79338264465332,1954000,0.0,0.0
2014-07-08 00:00:00-04:00,18.170000076293945,18.299999237060547,17.989999771118164,18.139999389648438,15.810812950134277,3532700,0.0,0.0
2014-07-09 00:00:00-04:00,18.239999771118164,18.3700008392334,18.110000610351562,18.219999313354492,15.880538940429688,4516800,0.0,0.0
2014-07-10 00:00:00-04:00,18.100000381469727,18.1299991607666,17.920000076293945,17.989999771118164,15.680069923400879,4187700,0.0,0.0
2014-07-11 00:00:00-04:00,18.0,18.18000030517578,17.959999084472656,18.09000015258789,15.767231941223145,2522200,0.0,0.0
2014-07-14 00:00:00-04:00,18.190000534057617,18.239999771118164,18.020000457763672,18.18000030517578,15.84567642211914,2144900,0.0,0.0
2014-07-15 00:00:00-04:00,18.18000030517578,18.389999389648438,18.1299991607666,18.270000457763672,15.92412281036377,4050100,0.0,0.0
2014-07-16 00:00:00-04:00,18.260000228881836,18.40999984741211,18.170000076293945,18.229999542236328,15.889256477355957,2717000,0.0,0.0
2014-07-17 00:00:00-04:00,18.200000762939453,18.239999771118164,18.040000915527344,18.049999237060547,15.732364654541016,2809400,0.0,0.0
2014-07-18 00:00:00-04:00,18.1200008392334,18.280000686645508,18.0,18.219999313354492,15.880538940429688,1713400,0.0,0.0
2014-07-21 00:00:00-04:00,18.079999923706055,18.299999237060547,18.0,18.1299991607666,15.802096366882324,1932900,0.0,0.0
2014-07-22 00:00:00-04:00,18.229999542236328,18.270000457763672,18.030000686645508,18.100000381469727,15.77595043182373,1590100,0.0,0.0
2014-07-23 00:00:00-04:00,18.040000915527344,18.1299991607666,17.920000076293945,18.110000610351562,15.784663200378418,2878800,0.0,0.0
2014-07-24 00:00:00-04:00,18.190000534057617,18.309999465942383,18.09000015258789,18.290000915527344,15.941554069519043,2703200,0.0,0.0
2014-07-25 00:00:00-04:00,18.25,18.290000915527344,18.1200008392334,18.139999389648438,15.810812950134277,3757200,0.0,0.0
2014-07-28 00:00:00-04:00,18.100000381469727,18.110000610351562,17.899999618530273,18.059999465942383,15.74108600616455,2637800,0.0,0.0
2014-07-29 00:00:00-04:00,18.110000610351562,18.200000762939453,17.850000381469727,17.8700008392334,15.575482368469238,3143200,0.0,0.0
2014-07-30 00:00:00-04:00,17.899999618530273,18.030000686645508,17.709999084472656,17.850000381469727,15.558049201965332,3688900,0.0,0.0
2014-07-31 00:00:00-04:00,17.770000457763672,17.93000030517578,17.6200008392334,17.649999618530273,15.383726119995117,2700700,0.0,0.0
2014-08-01 00:00:00-04:00,17.6299991607666,17.850000381469727,17.579999923706055,17.770000457763672,15.488320350646973,2618600,0.0,0.0
2014-08-04 00:00:00-04:00,17.799999237060547,17.8799991607666,17.610000610351562,17.84000015258789,15.549338340759277,2317200,0.0,0.0
2014-08-05 00:00:00-04:00,17.459999084472656,17.809999465942383,17.459999084472656,17.649999618530273,15.383726119995117,2887400,0.0,0.0
2014-08-06 00:00:00-04:00,17.600000381469727,17.709999084472656,17.5,17.6299991607666,15.366296768188477,2169500,0.0,0.0
2014-08-07 00:00:00-04:00,17.719999313354492,17.719999313354492,17.3700008392334,17.420000076293945,15.183259963989258,6681600,0.0,0.0
2014-08-08 00:00:00-04:00,16.459999084472656,17.270000457763672,16.329999923706055,17.149999618530273,14.947931289672852,13430800,0.0,0.0
2014-08-11 00:00:00-04:00,17.170000076293945,17.459999084472656,17.15999984741211,17.34000015258789,15.11353588104248,5998300,0.0,0.0
2014-08-12 00:00:00-04:00,17.360000610351562,17.5,17.219999313354492,17.25,15.035088539123535,5013200,0.0,0.0
2014-08-13 00:00:00-04:00,16.5,17.329999923706055,16.420000076293945,17.110000610351562,14.913064956665039,4534300,0.0,0.0
2014-08-14 00:00:00-04:00,17.170000076293945,17.31999969482422,17.1299991607666,17.309999465942383,15.087385177612305,1905800,0.0,0.0
2014-08-15 00:00:00-04:00,17.360000610351562,17.3799991607666,17.149999618530273,17.25,15.035088539123535,2948800,0.0,0.0
2014-08-18 00:00:00-04:00,17.270000457763672,17.40999984741211,17.149999618530273,17.200000762939453,14.991509437561035,4254500,0.0,0.0
2014-08-19 00:00:00-04:00,17.15999984741211,17.239999771118164,17.06999969482422,17.149999618530273,14.947931289672852,3164400,0.0,0.0
2014-08-20 00:00:00-04:00,17.139999389648438,17.5,17.079999923706055,17.450000762939453,15.20941162109375,2803400,0.0,0.0
2014-08-21 00:00:00-04:00,17.469999313354492,17.600000381469727,17.389999389648438,17.579999923706055,15.322718620300293,3522400,0.0,0.0
2014-08-22 00:00:00-04:00,17.600000381469727,17.600000381469727,17.389999389648438,17.489999771118164,15.244274139404297,2242800,0.0,0.0
2014-08-25 00:00:00-04:00,17.549999237060547,17.65999984741211,17.469999313354492,17.65999984741211,15.392446517944336,1954000,0.0,0.0
2014-08-26 00:00:00-04:00,17.709999084472656,17.709999084472656,17.59000015258789,17.6200008392334,15.35758113861084,1349400,0.0,0.0
2014-08-27 00:00:00-04:00,17.610000610351562,17.68000030517578,17.540000915527344,17.68000030517578,15.40987491607666,1802300,0.0,0.0
2014-08-28 00:00:00-04:00,17.649999618530273,17.75,17.510000228881836,17.670000076293945,15.401161193847656,2239400,0.0,0.0
2014-08-29 00:00:00-04:00,17.68000030517578,17.719999313354492,17.540000915527344,17.6299991607666,15.366296768188477,2377200,0.0,0.0
2014-09-02 00:00:00-04:00,17.649999618530273,17.739999771118164,17.420000076293945,17.43000030517578,15.191976547241211,4195600,0.0,0.0
2014-09-03 00:00:00-04:00,17.520000457763672,17.639999389648438,17.520000457763672,17.600000381469727,15.34014892578125,2224600,0.0,0.0
2014-09-04 00:00:00-04:00,17.670000076293945,17.799999237060547,17.56999969482422,17.600000381469727,15.34014892578125,1900400,0.0,0.0
2014-09-05 00:00:00-04:00,17.540000915527344,17.75,17.540000915527344,17.75,15.4708890914917,2047200,0.0,0.0
2014-09-08 00:00:00-04:00,17.700000762939453,17.739999771118164,17.559999465942383,17.6200008392334,15.35758113861084,2089400,0.0,0.0
2014-09-09 00:00:00-04:00,17.610000610351562,17.6200008392334,17.270000457763672,17.290000915527344,15.069952011108398,2590900,0.0,0.0
2014-09-10 00:00:00-04:00,17.270000457763672,17.510000228881836,17.200000762939453,17.469999313354492,15.226836204528809,1652100,0.0,0.0
2014-09-11 00:00:00-04:00,17.40999984741211,17.469999313354492,17.260000228881836,17.280000686645508,15.061240196228027,1507600,0.0,0.0
2014-09-12 00:00:00-04:00,17.270000457763672,17.270000457763672,17.049999237060547,17.1200008392334,14.921781539916992,1782300,0.0,0.0
2014-09-15 00:00:00-04:00,17.149999618530273,17.290000915527344,16.8700008392334,17.049999237060547,14.860770225524902,2548300,0.0,0.0
2014-09-16 00:00:00-04:00,17.020000457763672,17.18000030517578,16.979999542236328,17.040000915527344,14.852055549621582,1766900,0.0,0.0
2014-09-17 00:00:00-04:00,17.030000686645508,17.139999389648438,16.90999984741211,17.040000915527344,14.852055549621582,2411800,0.0,0.0
2014-09-18 00:00:00-04:00,17.06999969482422,17.15999984741211,16.940000534057617,17.030000686645508,14.843339920043945,2598700,0.0,0.0
2014-09-19 00:00:00-04:00,17.1200008392334,17.25,17.020000457763672,17.219999313354492,15.00893783569336,3239700,0.0,0.0
2014-09-22 00:00:00-04:00,17.139999389648438,17.219999313354492,17.010000228881836,17.049999237060547,14.860770225524902,2704200,0.0,0.0
2014-09-23 00:00:00-04:00,16.979999542236328,17.09000015258789,16.920000076293945,16.920000076293945,14.747459411621094,3013400,0.0,0.0
2014-09-24 00:00:00-04:00,16.889999389648438,16.989999771118164,16.790000915527344,16.90999984741211,14.73874282836914,2351800,0.0,0.0
2014-09-25 00:00:00-04:00,16.780000686645508,16.8799991607666,16.68000030517578,16.709999084472656,14.564420700073242,2239600,0.0,0.0
2014-09-26 00:00:00-04:00,16.709999084472656,17.0,16.690000534057617,16.979999542236328,14.79975700378418,1981400,0.0,0.0
2014-09-29 00:00:00-04:00,16.8799991607666,16.959999084472656,16.719999313354492,16.799999237060547,14.642867088317871,6009300,0.0,0.0
2014-09-30 00:00:00-04:00,16.719999313354492,16.770000457763672,16.329999923706055,16.350000381469727,14.250651359558105,9190600,0.0,0.0
2014-10-01 00:00:00-04:00,16.270000457763672,16.34000015258789,15.949999809265137,15.979999542236328,13.928157806396484,8270600,0.0,0.0
2014-10-02 00:00:00-04:00,16.0,16.06999969482422,15.680000305175781,15.8100004196167,13.779987335205078,5823600,0.0,0.0
2014-10-03 00:00:00-04:00,15.880000114440918,15.989999771118164,15.850000381469727,15.90999984741211,13.867146492004395,6948700,0.0,0.0
2014-10-06 00:00:00-04:00,15.960000038146973,16.049999237060547,15.869999885559082,15.930000305175781,13.884578704833984,7170500,0.0,0.0
2014-10-07 00:00:00-04:00,15.84000015258789,15.920000076293945,15.470000267028809,15.470000267028809,13.483643531799316,7976600,0.0,0.0
2014-10-08 00:00:00-04:00,15.5,15.979999542236328,15.460000038146973,15.979999542236328,13.928157806396484,7541600,0.0,0.0
2014-10-09 00:00:00-04:00,15.970000267028809,15.970000267028809,15.369999885559082,15.479999542236328,13.492359161376953,6348700,0.0,0.0
2014-10-10 00:00:00-04:00,15.5,15.619999885559082,15.100000381469727,15.109999656677246,13.169865608215332,3119100,0.0,0.0
2014-10-13 00:00:00-04:00,15.029999732971191,15.100000381469727,14.630000114440918,14.640000343322754,12.760214805603027,4396100,0.0,0.0
2014-10-14 00:00:00-04:00,14.770000457763672,15.050000190734863,14.739999771118164,14.789999961853027,12.89095687866211,3988300,0.0,0.0
2014-10-15 00:00:00-04:00,14.510000228881836,14.960000038146973,14.470000267028809,14.699999809265137,12.812509536743164,5606900,0.0,0.0
2014-10-16 00:00:00-04:00,14.420000076293945,14.829999923706055,14.279999732971191,14.600000381469727,12.725351333618164,9051800,0.0,0.0
2014-10-17 00:00:00-04:00,14.770000457763672,14.9399995803833,14.579999923706055,14.710000038146973,12.821226119995117,4851300,0.0,0.0
2014-10-20 00:00:00-04:00,14.829999923706055,14.90999984741211,14.600000381469727,14.899999618530273,12.986831665039062,4289900,0.0,0.0
2014-10-21 00:00:00-04:00,15.0,15.470000267028809,15.0,15.40999984741211,13.431347846984863,4518900,0.0,0.0
2014-10-22 00:00:00-04:00,15.390000343322754,15.65999984741211,15.25,15.260000228881836,13.300606727600098,6159900,0.0,0.0
2014-10-23 00:00:00-04:00,15.539999961853027,15.630000114440918,15.390000343322754,15.510000228881836,13.51850414276123,2345900,0.0,0.0
2014-10-24 00:00:00-04:00,15.5,15.760000228881836,15.479999542236328,15.729999542236328,13.710257530212402,2193600,0.0,0.0
2014-10-27 00:00:00-04:00,15.710000038146973,15.710000038146973,15.380000114440918,15.460000038146973,13.474925994873047,2684400,0.0,0.0
2014-10-28 00:00:00-04:00,15.470000267028809,15.569999694824219,15.369999885559082,15.529999732971191,13.535937309265137,2926500,0.0,0.0
2014-10-29 00:00:00-04:00,15.479999542236328,15.649999618530273,15.420000076293945,15.529999732971191,13.535937309265137,1923200,0.0,0.0
2014-10-30 00:00:00-04:00,15.4399995803833,15.609999656677246,15.350000381469727,15.489999771118164,13.501075744628906,2491700,0.0,0.0
2014-10-31 00:00:00-04:00,15.739999771118164,15.800000190734863,15.289999961853027,15.479999542236328,13.492359161376953,4080400,0.0,0.0
2014-11-03 00:00:00-05:00,15.770000457763672,15.779999732971191,15.430000305175781,15.5600004196167,13.562087059020996,2643600,0.0,0.0
2014-11-04 00:00:00-05:00,15.489999771118164,15.649999618530273,15.069999694824219,15.149999618530273,13.204730033874512,4750700,0.0,0.0
2014-11-05 00:00:00-05:00,15.279999732971191,15.449999809265137,15.149999618530273,15.300000190734863,13.335469245910645,2763800,0.0,0.0
2014-11-06 00:00:00-05:00,15.84000015258789,15.90999984741211,15.319999694824219,15.329999923706055,13.361616134643555,9514200,0.0,0.0
2014-11-07 00:00:00-05:00,15.270000457763672,15.40999984741211,15.140000343322754,15.149999618530273,13.204730033874512,4958200,0.0,0.0
2014-11-10 00:00:00-05:00,15.130000114440918,15.300000190734863,15.079999923706055,15.239999771118164,13.283175468444824,4361500,0.0,0.0
2014-11-11 00:00:00-05:00,15.260000228881836,15.380000114440918,15.149999618530273,15.239999771118164,13.283175468444824,4077000,0.0,0.0
2014-11-12 00:00:00-05:00,15.180000305175781,15.430000305175781,15.180000305175781,15.270000457763672,13.309321403503418,3882000,0.0,0.0
2014-11-13 00:00:00-05:00,15.329999923706055,15.329999923706055,14.850000381469727,14.989999771118164,13.065271377563477,8896600,0.0,0.0
2014-11-14 00:00:00-05:00,14.949999809265137,15.199999809265137,14.930000305175781,15.199999809265137,13.248308181762695,2692400,0.0,0.0
2014-11-17 00:00:00-05:00,15.1899995803833,15.239999771118164,14.920000076293945,15.039999961853027,13.108854293823242,7164200,0.0,0.0
2014-11-18 00:00:00-05:00,14.979999542236328,15.119999885559082,14.960000038146973,15.010000228881836,13.0827054977417,6601000,0.0,0.0
2014-11-19 00:00:00-05:00,15.039999961853027,15.220000267028809,14.90999984741211,15.1899995803833,13.239592552185059,10770900,0.0,0.0
2014-11-20 00:00:00-05:00,14.6899995803833,15.210000038146973,14.680000305175781,15.140000343322754,13.196014404296875,7643600,0.0,0.0
2014-11-21 00:00:00-05:00,15.319999694824219,15.359999656677246,15.079999923706055,15.170000076293945,13.222162246704102,5263400,0.0,0.0
2014-11-24 00:00:00-05:00,15.329999923706055,15.529999732971191,15.069999694824219,15.460000038146973,13.474925994873047,7758000,0.0,0.0
2014-11-25 00:00:00-05:00,15.5600004196167,15.579999923706055,15.40999984741211,15.449999809265137,13.46621036529541,4557100,0.0,0.0
2014-11-26 00:00:00-05:00,15.449999809265137,15.6899995803833,15.40999984741211,15.680000305175781,13.666679382324219,3861900,0.0,0.0
2014-11-28 00:00:00-05:00,15.699999809265137,15.699999809265137,15.470000267028809,15.520000457763672,13.527222633361816,1813000,0.0,0.0
2014-12-01 00:00:00-05:00,15.670000076293945,15.6899995803833,15.40999984741211,15.5600004196167,13.562087059020996,3461000,0.0,0.0
2014-12-02 00:00:00-05:00,15.600000381469727,15.779999732971191,15.489999771118164,15.739999771118164,13.718975067138672,3297100,0.0,0.0
2014-12-03 00:00:00-05:00,15.720000267028809,15.8100004196167,15.619999885559082,15.789999961853027,13.762557029724121,4387400,0.0,0.0
2014-12-04 00:00:00-05:00,15.720000267028809,15.829999923706055,15.59000015258789,15.710000038146973,13.692827224731445,3567100,0.0,0.0
2014-12-05 00:00:00-05:00,15.710000038146973,15.84000015258789,15.630000114440918,15.819999694824219,13.788702011108398,3263700,0.0,0.0
2014-12-08 00:00:00-05:00,15.8100004196167,15.819999694824219,15.460000038146973,15.5,13.509790420532227,4257100,0.0,0.0
2014-12-09 00:00:00-05:00,15.369999885559082,15.699999809265137,15.359999656677246,15.6899995803833,13.675396919250488,3624100,0.0,0.0
2014-12-10 00:00:00-05:00,15.609999656677246,15.649999618530273,15.3100004196167,15.34000015258789,13.370335578918457,3756400,0.0,0.0
2014-12-11 00:00:00-05:00,15.600000381469727,15.600000381469727,15.229999542236328,15.329999923706055,13.361616134643555,3718800,0.0,0.0
2014-12-12 00:00:00-05:00,15.1899995803833,15.289999961853027,15.050000190734863,15.050000190734863,13.117570877075195,3817800,0.0,0.0
2014-12-15 00:00:00-05:00,15.09000015258789,15.180000305175781,14.739999771118164,14.760000228881836,12.864806175231934,3608400,0.0,0.0
2014-12-16 00:00:00-05:00,14.779999732971191,15.109999656677246,14.630000114440918,14.630000114440918,12.751500129699707,4151300,0.0,0.0
2014-12-17 00:00:00-05:00,14.630000114440918,14.930000305175781,14.59000015258789,14.890000343322754,12.978114128112793,3573300,0.0,0.0
2014-12-18 00:00:00-05:00,15.130000114440918,15.34000015258789,14.9399995803833,15.020000457763672,13.091422080993652,4005600,0.0,0.0
2014-12-19 00:00:00-05:00,15.0600004196167,15.279999732971191,15.0600004196167,15.220000267028809,13.265742301940918,6995400,0.0,0.0
2014-12-22 00:00:00-05:00,15.270000457763672,15.489999771118164,15.15999984741211,15.380000114440918,13.405198097229004,3942500,0.0,0.0
2014-12-23 00:00:00-05:00,15.40999984741211,15.670000076293945,15.34000015258789,15.609999656677246,13.605666160583496,2341300,0.0,0.0
2014-12-24 00:00:00-05:00,15.680000305175781,15.680000305175781,15.300000190734863,15.479999542236328,13.492359161376953,1496000,0.0,0.0
2014-12-26 00:00:00-05:00,15.550000190734863,15.609999656677246,15.510000228881836,15.569999694824219,13.570802688598633,1733300,0.0,0.0
2014-12-29 00:00:00-05:00,15.59000015258789,15.779999732971191,15.569999694824219,15.739999771118164,13.718975067138672,2359800,0.0,0.0
2014-12-30 00:00:00-05:00,15.600000381469727,15.859999656677246,15.529999732971191,15.770000457763672,13.745121955871582,2999700,0.0,0.0
2014-12-31 00:00:00-05:00,15.779999732971191,15.930000305175781,15.6899995803833,15.6899995803833,13.675396919250488,2476500,0.0,0.0
2015-01-02 00:00:00-05:00,15.819999694824219,15.90999984741211,15.40999984741211,15.59000015258789,13.588235855102539,3023100,0.0,0.0
2015-01-05 00:00:00-05:00,15.449999809265137,15.550000190734863,15.079999923706055,15.119999885559082,13.178582191467285,4016900,0.0,0.0
2015-01-06 00:00:00-05:00,15.100000381469727,15.199999809265137,14.760000228881836,14.90999984741211,12.9955472946167,4330200,0.0,0.0
2015-01-07 00:00:00-05:00,15.039999961853027,15.039999961853027,14.680000305175781,14.869999885559082,12.96068286895752,2516600,0.0,0.0
2015-01-08 00:00:00-05:00,15.050000190734863,15.390000343322754,14.829999923706055,15.34000015258789,13.370335578918457,4637100,0.0,0.0
2015-01-09 00:00:00-05:00,15.289999961853027,15.430000305175781,15.239999771118164,15.40999984741211,13.431347846984863,2470400,0.0,0.0
2015-01-12 00:00:00-05:00,15.390000343322754,15.430000305175781,15.119999885559082,15.279999732971191,13.318037033081055,3185200,0.0,0.0
2015-01-13 00:00:00-05:00,15.350000381469727,15.40999984741211,15.069999694824219,15.229999542236328,13.274457931518555,3781600,0.0,0.0
2015-01-14 00:00:00-05:00,15.149999618530273,15.210000038146973,14.720000267028809,15.100000381469727,13.161149024963379,4810200,0.0,0.0
2015-01-15 00:00:00-05:00,15.199999809265137,15.350000381469727,14.949999809265137,15.010000228881836,13.0827054977417,2692400,0.0,0.0
2015-01-16 00:00:00-05:00,14.989999771118164,15.119999885559082,14.970000267028809,15.0600004196167,13.126287460327148,1622000,0.0,0.0
2015-01-20 00:00:00-05:00,15.119999885559082,15.130000114440918,14.739999771118164,14.930000305175781,13.012977600097656,2922100,0.0,0.0
2015-01-21 00:00:00-05:00,14.90999984741211,15.0,14.760000228881836,14.949999809265137,13.030411720275879,3523600,0.0,0.0
2015-01-22 00:00:00-05:00,15.010000228881836,15.25,14.84000015258789,15.199999809265137,13.248308181762695,2155900,0.0,0.0
2015-01-23 00:00:00-05:00,15.1899995803833,15.329999923706055,15.079999923706055,15.180000305175781,13.230878829956055,2011100,0.0,0.0
2015-01-26 00:00:00-05:00,15.15999984741211,15.539999961853027,15.100000381469727,15.539999961853027,13.544655799865723,1898000,0.0,0.0
2015-01-27 00:00:00-05:00,15.65999984741211,15.670000076293945,15.34000015258789,15.449999809265137,13.46621036529541,2682800,0.0,0.0
2015-01-28 00:00:00-05:00,15.489999771118164,15.510000228881836,15.140000343322754,15.140000343322754,13.196014404296875,2522900,0.0,0.0
2015-01-29 00:00:00-05:00,15.130000114440918,15.229999542236328,14.75,14.930000305175781,13.012977600097656,2693600,0.0,0.0
2015-01-30 00:00:00-05:00,14.829999923706055,15.109999656677246,14.760000228881836,14.890000343322754,12.978114128112793,3106000,0.0,0.0
2015-02-02 00:00:00-05:00,14.9399995803833,15.109999656677246,14.710000038146973,14.9399995803833,13.02169418334961,3397500,0.0,0.0
2015-02-03 00:00:00-05:00,15.050000190734863,15.6899995803833,15.039999961853027,15.609999656677246,13.605666160583496,3703200,0.0,0.0
2015-02-04 00:00:00-05:00,15.640000343322754,15.680000305175781,15.420000076293945,15.59000015258789,13.588235855102539,2873700,0.0,0.0
2015-02-05 00:00:00-05:00,15.579999923706055,15.75,15.430000305175781,15.729999542236328,13.710257530212402,3814900,0.0,0.0
2015-02-06 00:00:00-05:00,16.100000381469727,16.350000381469727,15.949999809265137,16.260000228881836,14.17220687866211,7022500,0.0,0.0
2015-02-09 00:00:00-05:00,16.229999542236328,16.780000686645508,16.229999542236328,16.719999313354492,14.573138236999512,7034500,0.0,0.0
2015-02-10 00:00:00-05:00,16.760000228881836,16.829999923706055,16.290000915527344,16.770000457763672,14.616720199584961,4231600,0.0,0.0
2015-02-11 00:00:00-05:00,16.770000457763672,16.8700008392334,16.670000076293945,16.760000228881836,14.60800552368164,3838300,0.0,0.0
2015-02-12 00:00:00-05:00,16.479999542236328,16.989999771118164,16.479999542236328,16.84000015258789,14.677735328674316,2443300,0.0,0.0
2015-02-13 00:00:00-05:00,16.920000076293945,17.049999237060547,16.81999969482422,16.889999389648438,14.721312522888184,3057400,0.0,0.0
2015-02-17 00:00:00-05:00,16.889999389648438,17.110000610351562,16.809999465942383,17.110000610351562,14.913064956665039,2517100,0.0,0.0
2015-02-18 00:00:00-05:00,17.030000686645508,17.079999923706055,16.8799991607666,16.959999084472656,14.78232192993164,3488600,0.0,0.0
2015-02-19 00:00:00-05:00,16.969999313354492,17.049999237060547,16.850000381469727,17.040000915527344,14.852055549621582,1644500,0.0,0.0
2015-02-20 00:00:00-05:00,17.0,17.200000762939453,16.809999465942383,17.139999389648438,14.939214706420898,2040100,0.0,0.0
2015-02-23 00:00:00-05:00,17.1200008392334,17.329999923706055,17.010000228881836,17.31999969482422,15.096096992492676,2129400,0.0,0.0
2015-02-24 00:00:00-05:00,17.18000030517578,17.43000030517578,17.149999618530273,17.290000915527344,15.069952011108398,2492000,0.0,0.0
2015-02-25 00:00:00-05:00,17.239999771118164,17.549999237060547,17.239999771118164,17.440000534057617,15.200693130493164,2379900,0.0,0.0
2015-02-26 00:00:00-05:00,17.469999313354492,17.520000457763672,17.239999771118164,17.329999923706055,15.104817390441895,2004500,0.0,0.0
2015-02-27 00:00:00-05:00,17.31999969482422,17.420000076293945,17.219999313354492,17.270000457763672,15.052520751953125,2543100,0.0,0.0
2015-03-02 00:00:00-05:00,17.329999923706055,17.520000457763672,17.239999771118164,17.440000534057617,15.200693130493164,2466100,0.0,0.0
2015-03-03 00:00:00-05:00,17.389999389648438,17.43000030517578,17.190000534057617,17.209999084472656,15.000224113464355,2903000,0.0,0.0
2015-03-04 00:00:00-05:00,17.15999984741211,17.219999313354492,16.950000762939453,17.09000015258789,14.895636558532715,2869300,0.0,0.0
2015-03-05 00:00:00-05:00,17.219999313354492,17.219999313354492,17.040000915527344,17.100000381469727,14.904348373413086,2192600,0.0,0.0
2015-03-06 00:00:00-05:00,17.0,17.219999313354492,16.760000228881836,16.829999923706055,14.66901683807373,2489400,0.0,0.0
2015-03-09 00:00:00-04:00,16.93000030517578,16.979999542236328,16.639999389648438,16.68000030517578,14.538277626037598,3202700,0.0,0.0
2015-03-10 00:00:00-04:00,16.559999465942383,16.670000076293945,16.219999313354492,16.229999542236328,14.146059036254883,5368300,0.0,0.0
2015-03-11 00:00:00-04:00,16.219999313354492,16.469999313354492,16.190000534057617,16.399999618530273,14.294227600097656,2529400,0.0,0.0
2015-03-12 00:00:00-04:00,16.520000457763672,16.81999969482422,16.469999313354492,16.75,14.599288940429688,2149400,0.0,0.0
2015-03-13 00:00:00-04:00,16.670000076293945,16.770000457763672,16.440000534057617,16.700000762939453,14.555708885192871,2763000,0.0,0.0
2015-03-16 00:00:00-04:00,16.809999465942383,16.920000076293945,16.690000534057617,16.920000076293945,14.747459411621094,2049800,0.0,0.0
2015-03-17 00:00:00-04:00,16.780000686645508,16.860000610351562,16.6299991607666,16.75,14.599288940429688,1460200,0.0,0.0
2015-03-18 00:00:00-04:00,16.59000015258789,16.959999084472656,16.56999969482422,16.889999389648438,14.721312522888184,2186000,0.0,0.0
2015-03-19 00:00:00-04:00,16.81999969482422,16.829999923706055,16.510000228881836,16.690000534057617,14.546995162963867,2566500,0.0,0.0
2015-03-20 00:00:00-04:00,16.760000228881836,16.979999542236328,16.760000228881836,16.84000015258789,14.677735328674316,3670500,0.0,0.0
2015-03-23 00:00:00-04:00,16.81999969482422,16.989999771118164,16.81999969482422,16.8799991607666,14.71259880065918,2144300,0.0,0.0
2015-03-24 00:00:00-04:00,16.84000015258789,16.889999389648438,16.719999313354492,16.770000457763672,14.616720199584961,2552900,0.0,0.0
2015-03-25 00:00:00-04:00,16.8799991607666,16.8799991607666,16.420000076293945,16.420000076293945,14.311661720275879,1884400,0.0,0.0
2015-03-26 00:00:00-04:00,16.31999969482422,16.31999969482422,16.110000610351562,16.18000030517578,14.10247802734375,3618600,0.0,0.0
2015-03-27 00:00:00-04:00,16.110000610351562,16.25,16.09000015258789,16.149999618530273,14.076330184936523,2420700,0.0,0.0
2015-03-30 00:00:00-04:00,16.219999313354492,16.450000762939453,16.15999984741211,16.219999313354492,14.137341499328613,2205000,0.0,0.0
2015-03-31 00:00:00-04:00,16.15999984741211,16.229999542236328,15.979999542236328,16.010000228881836,13.954307556152344,2785300,0.0,0.0
2015-04-01 00:00:00-04:00,16.030000686645508,16.1299991607666,15.880000114440918,16.110000610351562,14.041464805603027,2807300,0.0,0.0
2015-04-02 00:00:00-04:00,16.09000015258789,16.229999542236328,16.010000228881836,16.18000030517578,14.10247802734375,1720000,0.0,0.0
2015-04-06 00:00:00-04:00,16.040000915527344,16.389999389648438,16.030000686645508,16.25,14.16348934173584,1196200,0.0,0.0
2015-04-07 00:00:00-04:00,16.18000030517578,16.34000015258789,16.1200008392334,16.1200008392334,14.050183296203613,1261400,0.0,0.0
2015-04-08 00:00:00-04:00,16.15999984741211,16.270000457763672,16.010000228881836,16.059999465942383,13.997883796691895,1756200,0.0,0.0
2015-04-09 00:00:00-04:00,16.030000686645508,16.110000610351562,15.84000015258789,15.9399995803833,13.893293380737305,1925700,0.0,0.0
2015-04-10 00:00:00-04:00,15.9399995803833,16.020000457763672,15.859999656677246,15.920000076293945,13.875862121582031,3884700,0.0,0.0
2015-04-13 00:00:00-04:00,15.930000305175781,16.100000381469727,15.890000343322754,16.06999969482422,14.006599426269531,1774700,0.0,0.0
2015-04-14 00:00:00-04:00,16.040000915527344,16.190000534057617,15.979999542236328,15.979999542236328,13.928157806396484,1993000,0.0,0.0
2015-04-15 00:00:00-04:00,15.970000267028809,16.079999923706055,15.9399995803833,15.949999809265137,13.902009010314941,4011100,0.0,0.0
2015-04-16 00:00:00-04:00,15.869999885559082,16.139999389648438,15.680000305175781,15.890000343322754,13.849713325500488,3488400,0.0,0.0
2015-04-17 00:00:00-04:00,15.710000038146973,15.789999961853027,15.539999961853027,15.59000015258789,13.588235855102539,3227300,0.0,0.0
2015-04-20 00:00:00-04:00,15.670000076293945,15.739999771118164,15.569999694824219,15.649999618530273,13.64052963256836,2427200,0.0,0.0
2015-04-21 00:00:00-04:00,15.65999984741211,15.739999771118164,15.510000228881836,15.520000457763672,13.527222633361816,1906100,0.0,0.0
2015-04-22 00:00:00-04:00,15.539999961853027,15.640000343322754,15.40999984741211,15.5600004196167,13.562087059020996,4363500,0.0,0.0
2015-04-23 00:00:00-04:00,15.510000228881836,15.640000343322754,15.4399995803833,15.5600004196167,13.562087059020996,2628500,0.0,0.0
2015-04-24 00:00:00-04:00,15.529999732971191,15.65999984741211,15.430000305175781,15.529999732971191,13.535937309265137,1681500,0.0,0.0
2015-04-27 00:00:00-04:00,15.59000015258789,15.859999656677246,15.550000190734863,15.569999694824219,13.570802688598633,2900600,0.0,0.0
2015-04-28 00:00:00-04:00,15.59000015258789,16.0,15.510000228881836,15.970000267028809,13.919442176818848,3971800,0.0,0.0
2015-04-29 00:00:00-04:00,15.899999618530273,15.989999771118164,15.770000457763672,15.789999961853027,13.762557029724121,3211000,0.0,0.0
2015-04-30 00:00:00-04:00,15.720000267028809,15.880000114440918,15.65999984741211,15.779999732971191,13.75383472442627,4276000,0.0,0.0
2015-05-01 00:00:00-04:00,15.899999618530273,16.079999923706055,15.890000343322754,16.049999237060547,13.989168167114258,2537000,0.0,0.0
2015-05-04 00:00:00-04:00,16.049999237060547,16.190000534057617,15.9399995803833,16.170000076293945,14.09376335144043,2291400,0.0,0.0
2015-05-05 00:00:00-04:00,16.1299991607666,16.270000457763672,15.920000076293945,16.020000457763672,13.963021278381348,5742300,0.0,0.0
2015-05-06 00:00:00-04:00,15.050000190734863,15.329999923706055,14.819999694824219,14.989999771118164,13.065271377563477,11731400,0.0,0.0
2015-05-07 00:00:00-04:00,15.010000228881836,15.020000457763672,14.819999694824219,14.970000267028809,13.047843933105469,7108400,0.0,0.0
2015-05-08 00:00:00-04:00,15.09000015258789,15.220000267028809,15.029999732971191,15.140000343322754,13.196014404296875,3376100,0.0,0.0
2015-05-11 00:00:00-04:00,15.119999885559082,15.920000076293945,15.119999885559082,15.710000038146973,13.692827224731445,7703000,0.0,0.0
2015-05-12 00:00:00-04:00,15.600000381469727,15.600000381469727,15.279999732971191,15.350000381469727,13.379050254821777,4116200,0.0,0.0
2015-05-13 00:00:00-04:00,15.319999694824219,15.5,15.210000038146973,15.260000228881836,13.300606727600098,3045900,0.0,0.0
2015-05-14 00:00:00-04:00,15.380000114440918,15.4399995803833,15.130000114440918,15.390000343322754,13.413914680480957,3264900,0.0,0.0
2015-05-15 00:00:00-04:00,15.350000381469727,15.59000015258789,15.3100004196167,15.550000190734863,13.55337142944336,2960500,0.0,0.0
2015-05-18 00:00:00-04:00,15.5600004196167,15.6899995803833,15.380000114440918,15.680000305175781,13.666679382324219,3538500,0.0,0.0
2015-05-19 00:00:00-04:00,15.670000076293945,15.699999809265137,15.539999961853027,15.680000305175781,13.666679382324219,2719300,0.0,0.0
2015-05-20 00:00:00-04:00,15.670000076293945,15.739999771118164,15.600000381469727,15.630000114440918,13.62309741973877,2039400,0.0,0.0
2015-05-21 00:00:00-04:00,15.579999923706055,15.6899995803833,15.520000457763672,15.630000114440918,13.62309741973877,1579100,0.0,0.0
2015-05-22 00:00:00-04:00,15.630000114440918,15.65999984741211,15.5,15.539999961853027,13.544655799865723,2800100,0.0,0.0
2015-05-26 00:00:00-04:00,15.550000190734863,15.640000343322754,15.260000228881836,15.34000015258789,13.370335578918457,2740700,0.0,0.0
2015-05-27 00:00:00-04:00,15.399999618530273,15.569999694824219,15.3100004196167,15.4399995803833,13.45749282836914,2706200,0.0,0.0
2015-05-28 00:00:00-04:00,15.369999885559082,15.40999984741211,15.260000228881836,15.350000381469727,13.379050254821777,3222200,0.0,0.0
2015-05-29 00:00:00-04:00,15.3100004196167,15.399999618530273,15.149999618530273,15.149999618530273,13.204730033874512,2048600,0.0,0.0
2015-06-01 00:00:00-04:00,15.199999809265137,15.470000267028809,15.010000228881836,15.229999542236328,13.274457931518555,2371800,0.0,0.0
2015-06-02 00:00:00-04:00,15.15999984741211,15.270000457763672,15.079999923706055,15.15999984741211,13.213444709777832,1541600,0.0,0.0
2015-06-03 00:00:00-04:00,15.220000267028809,15.300000190734863,15.100000381469727,15.220000267028809,13.265742301940918,1751400,0.0,0.0
2015-06-04 00:00:00-04:00,15.170000076293945,15.229999542236328,14.970000267028809,15.0,13.073988914489746,2167800,0.0,0.0
2015-06-05 00:00:00-04:00,15.010000228881836,15.0600004196167,14.850000381469727,15.0,13.073988914489746,1913600,0.0,0.0
2015-06-08 00:00:00-04:00,14.930000305175781,14.979999542236328,14.819999694824219,14.84000015258789,12.934534072875977,1731500,0.0,0.0
2015-06-09 00:00:00-04:00,14.8100004196167,14.850000381469727,14.539999961853027,14.5600004196167,12.690488815307617,2793300,0.0,0.0
2015-06-10 00:00:00-04:00,14.579999923706055,14.770000457763672,14.569999694824219,14.649999618530273,12.768930435180664,2368300,0.0,0.0
2015-06-11 00:00:00-04:00,14.65999984741211,14.699999809265137,14.550000190734863,14.579999923706055,12.707919120788574,2224200,0.0,0.0
2015-06-12 00:00:00-04:00,14.510000228881836,14.579999923706055,14.369999885559082,14.40999984741211,12.559746742248535,2247800,0.0,0.0
2015-06-15 00:00:00-04:00,14.329999923706055,14.380000114440918,14.199999809265137,14.199999809265137,12.376709938049316,3712500,0.0,0.0
2015-06-16 00:00:00-04:00,14.199999809265137,14.279999732971191,14.170000076293945,14.199999809265137,12.376709938049316,2405200,0.0,0.0
2015-06-17 00:00:00-04:00,14.260000228881836,14.34000015258789,14.170000076293945,14.220000267028809,12.394143104553223,2558200,0.0,0.0
2015-06-18 00:00:00-04:00,14.40999984741211,14.619999885559082,14.390000343322754,14.539999961853027,12.673054695129395,5027700,0.0,0.0
2015-06-19 00:00:00-04:00,14.470000267028809,14.989999771118164,14.470000267028809,14.970000267028809,13.047843933105469,5635500,0.0,0.0
2015-06-22 00:00:00-04:00,15.010000228881836,15.149999618530273,14.899999618530273,15.050000190734863,13.117570877075195,2044500,0.0,0.0
2015-06-23 00:00:00-04:00,15.09000015258789,15.15999984741211,14.979999542236328,14.989999771118164,13.065271377563477,2537400,0.0,0.0
2015-06-24 00:00:00-04:00,14.979999542236328,15.119999885559082,14.8100004196167,14.829999923706055,12.925817489624023,2491700,0.0,0.0
2015-06-25 00:00:00-04:00,14.819999694824219,14.90999984741211,14.680000305175781,14.75,12.85608959197998,3139500,0.0,0.0
2015-06-26 00:00:00-04:00,14.8100004196167,15.199999809265137,14.649999618530273,15.199999809265137,13.248308181762695,12078800,0.0,0.0
2015-06-29 00:00:00-04:00,15.039999961853027,15.109999656677246,14.4399995803833,14.449999809265137,12.594609260559082,3593200,0.0,0.0
2015-06-30 00:00:00-04:00,14.529999732971191,14.630000114440918,14.329999923706055,14.59000015258789,12.716634750366211,4457000,0.0,0.0
2015-07-01 00:00:00-04:00,14.729999542236328,14.8100004196167,14.539999961853027,14.640000343322754,12.760214805603027,2384000,0.0,0.0
2015-07-02 00:00:00-04:00,14.6899995803833,14.989999771118164,14.5600004196167,14.600000381469727,12.725351333618164,2998600,0.0,0.0
2015-07-06 00:00:00-04:00,14.449999809265137,14.529999732971191,14.239999771118164,14.300000190734863,12.463871002197266,2853000,0.0,0.0
2015-07-07 00:00:00-04:00,14.34000015258789,14.399999618530273,14.039999961853027,14.350000381469727,12.507452964782715,3163500,0.0,0.0
2015-07-08 00:00:00-04:00,14.25,14.329999923706055,14.119999885559082,14.15999984741211,12.34184741973877,2478800,0.0,0.0
2015-07-09 00:00:00-04:00,14.3100004196167,14.40999984741211,14.140000343322754,14.180000305175781,12.359278678894043,2074200,0.0,0.0
2015-07-10 00:00:00-04:00,14.289999961853027,14.380000114440918,14.130000114440918,14.25,12.420291900634766,1638300,0.0,0.0
2015-07-13 00:00:00-04:00,14.319999694824219,14.510000228881836,14.210000038146973,14.430000305175781,12.577177047729492,2069500,0.0,0.0
2015-07-14 00:00:00-04:00,14.390000343322754,14.470000267028809,14.319999694824219,14.430000305175781,12.577177047729492,2159800,0.0,0.0
2015-07-15 00:00:00-04:00,14.40999984741211,14.539999961853027,14.350000381469727,14.430000305175781,12.577177047729492,1885700,0.0,0.0
2015-07-16 00:00:00-04:00,14.5600004196167,14.710000038146973,14.510000228881836,14.65999984741211,12.777647018432617,1713300,0.0,0.0
2015-07-17 00:00:00-04:00,14.630000114440918,14.84000015258789,14.550000190734863,14.8100004196167,12.908388137817383,3646600,0.0,0.0
2015-07-20 00:00:00-04:00,14.8100004196167,14.920000076293945,14.720000267028809,14.899999618530273,12.986831665039062,2080200,0.0,0.0
2015-07-21 00:00:00-04:00,14.869999885559082,14.90999984741211,14.579999923706055,14.579999923706055,12.707919120788574,3015600,0.0,0.0
2015-07-22 00:00:00-04:00,14.550000190734863,14.729999542236328,14.479999542236328,14.609999656677246,12.7340669631958,3084400,0.0,0.0
2015-07-23 00:00:00-04:00,14.59000015258789,14.760000228881836,14.5,14.720000267028809,12.82994270324707,2878200,0.0,0.0
2015-07-24 00:00:00-04:00,14.710000038146973,14.890000343322754,14.569999694824219,14.859999656677246,12.9519681930542,4045500,0.0,0.0
2015-07-27 00:00:00-04:00,15.069999694824219,15.079999923706055,14.710000038146973,14.829999923706055,12.925817489624023,4297900,0.0,0.0
2015-07-28 00:00:00-04:00,14.859999656677246,14.859999656677246,14.460000038146973,14.789999961853027,12.89095687866211,2679100,0.0,0.0
2015-07-29 00:00:00-04:00,14.720000267028809,14.880000114440918,14.65999984741211,14.829999923706055,12.925817489624023,3024800,0.0,0.0
2015-07-30 00:00:00-04:00,14.819999694824219,14.819999694824219,14.600000381469727,14.800000190734863,12.899672508239746,2129400,0.0,0.0
2015-07-31 00:00:00-04:00,14.880000114440918,14.9399995803833,14.710000038146973,14.729999542236328,12.83865737915039,2621800,0.0,0.0
2015-08-03 00:00:00-04:00,14.760000228881836,14.770000457763672,14.470000267028809,14.539999961853027,12.673054695129395,2265500,0.0,0.0
2015-08-04 00:00:00-04:00,14.5600004196167,14.770000457763672,14.510000228881836,14.5600004196167,12.690488815307617,1863000,0.0,0.0
2015-08-05 00:00:00-04:00,14.670000076293945,14.670000076293945,14.510000228881836,14.600000381469727,12.725351333618164,3079100,0.0,0.0
2015-08-06 00:00:00-04:00,14.5600004196167,14.600000381469727,13.729999542236328,14.020000457763672,12.219827651977539,3733800,0.0,0.0
2015-08-07 00:00:00-04:00,14.0600004196167,14.140000343322754,13.779999732971191,14.109999656677246,12.298266410827637,3427200,0.0,0.0
2015-08-10 00:00:00-04:00,14.199999809265137,14.380000114440918,14.069999694824219,14.350000381469727,12.507452964782715,2328700,0.0,0.0
2015-08-11 00:00:00-04:00,14.279999732971191,14.289999961853027,13.869999885559082,13.960000038146973,12.16752815246582,3066200,0.0,0.0
2015-08-12 00:00:00-04:00,13.680000305175781,14.260000228881836,13.59000015258789,14.119999885559082,12.30698299407959,4379800,0.0,0.0
2015-08-13 00:00:00-04:00,15.229999542236328,15.920000076293945,14.800000190734863,15.1899995803833,13.239592552185059,8863900,0.0,0.0
2015-08-14 00:00:00-04:00,15.25,15.350000381469727,15.079999923706055,15.180000305175781,13.230878829956055,4415900,0.0,0.0
2015-08-17 00:00:00-04:00,15.100000381469727,15.300000190734863,15.09000015258789,15.25,13.291890144348145,3251300,0.0,0.0
2015-08-18 00:00:00-04:00,15.239999771118164,15.279999732971191,15.069999694824219,15.130000114440918,13.187295913696289,2297700,0.0,0.0
2015-08-19 00:00:00-04:00,15.079999923706055,15.300000190734863,14.890000343322754,15.029999732971191,13.100137710571289,2317700,0.0,0.0
2015-08-20 00:00:00-04:00,14.869999885559082,14.869999885559082,14.25,14.260000228881836,12.429006576538086,3599300,0.0,0.0
2015-08-21 00:00:00-04:00,14.220000267028809,14.350000381469727,13.90999984741211,13.90999984741211,12.12394905090332,4667000,0.0,0.0
2015-08-24 00:00:00-04:00,13.100000381469727,13.579999923706055,12.670000076293945,13.039999961853027,11.365656852722168,11162600,0.0,0.0
2015-08-25 00:00:00-04:00,13.3100004196167,13.649999618530273,12.930000305175781,12.9399995803833,11.278497695922852,7805400,0.0,0.0
2015-08-26 00:00:00-04:00,13.260000228881836,13.470000267028809,12.859999656677246,13.220000267028809,11.522541999816895,5347600,0.0,0.0
2015-08-27 00:00:00-04:00,13.40999984741211,13.670000076293945,13.300000190734863,13.619999885559082,11.871184349060059,7053600,0.0,0.0
2015-08-28 00:00:00-04:00,13.569999694824219,13.890000343322754,13.5,13.800000190734863,12.028072357177734,4005000,0.0,0.0
2015-08-31 00:00:00-04:00,13.75,13.800000190734863,13.449999809265137,13.630000114440918,11.879899978637695,3669700,0.0,0.0
2015-09-01 00:00:00-04:00,13.3100004196167,13.359999656677246,12.979999542236328,13.069999694824219,11.391803741455078,4956600,0.0,0.0
2015-09-02 00:00:00-04:00,13.279999732971191,13.579999923706055,12.960000038146973,13.130000114440918,11.444099426269531,3997800,0.0,0.0
2015-09-03 00:00:00-04:00,12.920000076293945,13.489999771118164,12.920000076293945,13.319999694824219,11.609701156616211,3653700,0.0,0.0
2015-09-04 00:00:00-04:00,13.079999923706055,13.15999984741211,12.8100004196167,12.819999694824219,11.17390251159668,3948400,0.0,0.0
2015-09-08 00:00:00-04:00,13.09000015258789,13.359999656677246,12.979999542236328,13.350000381469727,11.63585376739502,3549800,0.0,0.0
2015-09-09 00:00:00-04:00,13.510000228881836,13.65999984741211,13.140000343322754,13.220000267028809,11.522541999816895,3928700,0.0,0.0
2015-09-10 00:00:00-04:00,13.140000343322754,13.3100004196167,12.979999542236328,13.010000228881836,11.339508056640625,4029200,0.0,0.0
2015-09-11 00:00:00-04:00,12.930000305175781,13.0600004196167,12.850000381469727,13.050000190734863,11.374371528625488,3705600,0.0,0.0
2015-09-14 00:00:00-04:00,12.989999771118164,12.989999771118164,12.739999771118164,12.8100004196167,11.251404762268066,2884100,0.1,0.0
2015-09-15 00:00:00-04:00,12.880000114440918,12.970000267028809,12.819999694824219,12.9399995803833,11.365589141845703,2731200,0.0,0.0
2015-09-16 00:00:00-04:00,12.789999961853027,13.0600004196167,12.789999961853027,13.039999961853027,11.453420639038086,3953200,0.0,0.0
2015-09-17 00:00:00-04:00,12.800000190734863,13.479999542236328,12.760000228881836,13.210000038146973,11.602737426757812,6287000,0.0,0.0
2015-09-18 00:00:00-04:00,13.029999732971191,13.180000305175781,12.789999961853027,12.920000076293945,11.348021507263184,21641100,0.0,0.0
2015-09-21 00:00:00-04:00,12.960000038146973,13.229999542236328,12.880000114440918,12.930000305175781,11.356806755065918,3538500,0.0,0.0
2015-09-22 00:00:00-04:00,12.75,12.949999809265137,12.699999809265137,12.789999961853027,11.23383903503418,3437300,0.0,0.0
2015-09-23 00:00:00-04:00,12.829999923706055,12.880000114440918,12.649999618530273,12.75,11.198704719543457,2352300,0.0,0.0
2015-09-24 00:00:00-04:00,12.680000305175781,12.890000343322754,12.630000114440918,12.829999923706055,11.268973350524902,3164100,0.0,0.0
2015-09-25 00:00:00-04:00,12.920000076293945,12.920000076293945,12.680000305175781,12.75,11.198704719543457,2808000,0.0,0.0
2015-09-28 00:00:00-04:00,12.670000076293945,12.9399995803833,12.260000228881836,12.289999961853027,10.79467487335205,4174500,0.0,0.0
2015-09-29 00:00:00-04:00,12.279999732971191,12.460000038146973,12.15999984741211,12.260000228881836,10.768324851989746,5347200,0.0,0.0
2015-09-30 00:00:00-04:00,12.319999694824219,12.649999618530273,12.15999984741211,12.619999885559082,11.084524154663086,3129600,0.0,0.0
2015-10-01 00:00:00-04:00,12.770000457763672,12.949999809265137,12.529999732971191,12.729999542236328,11.181140899658203,3589000,0.0,0.0
2015-10-02 00:00:00-04:00,12.520000457763672,13.050000190734863,12.350000381469727,13.039999961853027,11.453420639038086,3198000,0.0,0.0
2015-10-05 00:00:00-04:00,13.34000015258789,13.460000038146973,13.180000305175781,13.40999984741211,11.778402328491211,4380500,0.0,0.0
2015-10-06 00:00:00-04:00,13.420000076293945,13.609999656677246,13.289999961853027,13.5,11.857451438903809,2720500,0.0,0.0
2015-10-07 00:00:00-04:00,13.619999885559082,13.800000190734863,13.4399995803833,13.630000114440918,11.971635818481445,4490700,0.0,0.0
2015-10-08 00:00:00-04:00,13.609999656677246,14.0600004196167,13.609999656677246,14.050000190734863,12.340536117553711,2959300,0.0,0.0
2015-10-09 00:00:00-04:00,14.0,14.119999885559082,13.770000457763672,13.960000038146973,12.26148509979248,4233900,0.0,0.0
2015-10-12 00:00:00-04:00,13.979999542236328,14.039999961853027,13.800000190734863,13.90999984741211,12.217567443847656,2067700,0.0,0.0
2015-10-13 00:00:00-04:00,13.850000381469727,14.029999732971191,13.770000457763672,13.90999984741211,12.217567443847656,3003000,0.0,0.0
2015-10-14 00:00:00-04:00,13.9399995803833,14.079999923706055,13.84000015258789,13.979999542236328,12.279051780700684,3506600,0.0,0.0
2015-10-15 00:00:00-04:00,14.079999923706055,14.319999694824219,13.90999984741211,14.289999961853027,12.5513334274292,4286100,0.0,0.0
2015-10-16 00:00:00-04:00,14.359999656677246,14.609999656677246,14.100000381469727,14.59000015258789,12.814831733703613,3246700,0.0,0.0
2015-10-19 00:00:00-04:00,14.550000190734863,14.65999984741211,14.40999984741211,14.579999923706055,12.806047439575195,2978400,0.0,0.0
2015-10-20 00:00:00-04:00,14.579999923706055,14.670000076293945,14.460000038146973,14.569999694824219,12.79726791381836,2138000,0.0,0.0
2015-10-21 00:00:00-04:00,14.649999618530273,14.649999618530273,14.229999542236328,14.239999771118164,12.507417678833008,2530300,0.0,0.0
2015-10-22 00:00:00-04:00,14.380000114440918,14.710000038146973,14.279999732971191,14.6899995803833,12.902664184570312,2767400,0.0,0.0
2015-10-23 00:00:00-04:00,14.729999542236328,15.020000457763672,14.630000114440918,15.0,13.174948692321777,3998600,0.0,0.0
2015-10-26 00:00:00-04:00,15.010000228881836,15.039999961853027,14.40999984741211,14.710000038146973,12.920230865478516,4310700,0.0,0.0
2015-10-27 00:00:00-04:00,14.640000343322754,14.699999809265137,14.430000305175781,14.6899995803833,12.902664184570312,3421300,0.0,0.0
2015-10-28 00:00:00-04:00,14.729999542236328,15.010000228881836,14.5,15.0,13.174948692321777,3318900,0.0,0.0
2015-10-29 00:00:00-04:00,14.890000343322754,15.180000305175781,14.890000343322754,15.119999885559082,13.28034782409668,3649900,0.0,0.0
2015-10-30 00:00:00-04:00,15.100000381469727,15.4399995803833,14.9399995803833,15.399999618530273,13.526278495788574,4694100,0.0,0.0
2015-11-02 00:00:00-05:00,15.359999656677246,15.680000305175781,15.170000076293945,15.630000114440918,13.728296279907227,4125900,0.0,0.0
2015-11-03 00:00:00-05:00,15.640000343322754,15.640000343322754,15.319999694824219,15.40999984741211,13.535061836242676,2829300,0.0,0.0
2015-11-04 00:00:00-05:00,15.5,15.529999732971191,15.260000228881836,15.4399995803833,13.56141471862793,3210800,0.0,0.0
2015-11-05 00:00:00-05:00,15.430000305175781,15.529999732971191,15.1899995803833,15.350000381469727,13.4823637008667,3084200,0.0,0.0
2015-11-06 00:00:00-05:00,15.59000015258789,15.59000015258789,14.699999809265137,14.880000114440918,13.069546699523926,4490400,0.0,0.0
2015-11-09 00:00:00-05:00,14.569999694824219,14.760000228881836,14.279999732971191,14.420000076293945,12.665515899658203,4350500,0.0,0.0
2015-11-10 00:00:00-05:00,14.350000381469727,14.529999732971191,14.279999732971191,14.4399995803833,12.683082580566406,3031500,0.0,0.0
2015-11-11 00:00:00-05:00,14.420000076293945,14.520000457763672,14.329999923706055,14.380000114440918,12.630382537841797,2257500,0.0,0.0
2015-11-12 00:00:00-05:00,14.260000228881836,14.369999885559082,14.09000015258789,14.109999656677246,12.393234252929688,3368400,0.0,0.0
2015-11-13 00:00:00-05:00,14.119999885559082,14.329999923706055,13.779999732971191,13.779999732971191,12.103386878967285,3176500,0.0,0.0
2015-11-16 00:00:00-05:00,13.789999961853027,14.149999618530273,13.760000228881836,14.140000343322754,12.419583320617676,3065300,0.0,0.0
2015-11-17 00:00:00-05:00,14.140000343322754,14.3100004196167,14.020000457763672,14.140000343322754,12.419583320617676,2671000,0.0,0.0
2015-11-18 00:00:00-05:00,14.15999984741211,14.289999961853027,14.069999694824219,14.270000457763672,12.533766746520996,2565600,0.0,0.0
2015-11-19 00:00:00-05:00,14.289999961853027,14.3100004196167,14.079999923706055,14.1899995803833,12.463497161865234,2509800,0.0,0.0
2015-11-20 00:00:00-05:00,14.260000228881836,14.420000076293945,14.029999732971191,14.260000228881836,12.524985313415527,2710000,0.0,0.0
2015-11-23 00:00:00-05:00,14.029999732971191,14.489999771118164,13.970000267028809,14.319999694824219,12.577683448791504,1784900,0.0,0.0
2015-11-24 00:00:00-05:00,14.260000228881836,14.449999809265137,14.210000038146973,14.430000305175781,12.674300193786621,2248400,0.0,0.0
2015-11-25 00:00:00-05:00,14.4399995803833,14.489999771118164,14.3100004196167,14.430000305175781,12.674300193786621,1732700,0.0,0.0
2015-11-27 00:00:00-05:00,14.4399995803833,14.4399995803833,14.1899995803833,14.25,12.516199111938477,938800,0.0,0.0
2015-11-30 00:00:00-05:00,14.300000190734863,14.430000305175781,14.140000343322754,14.350000381469727,12.604033470153809,2252200,0.0,0.0
2015-12-01 00:00:00-05:00,14.470000267028809,14.65999984741211,14.380000114440918,14.630000114440918,12.849967956542969,2262100,0.0,0.0
2015-12-02 00:00:00-05:00,14.59000015258789,14.619999885559082,14.369999885559082,14.40999984741211,12.656733512878418,2567300,0.0,0.0
2015-12-03 00:00:00-05:00,14.40999984741211,14.510000228881836,13.59000015258789,13.779999732971191,12.103386878967285,3799700,0.0,0.0
2015-12-04 00:00:00-05:00,13.789999961853027,14.09000015258789,13.710000038146973,14.0600004196167,12.34931755065918,1915600,0.0,0.0
2015-12-07 00:00:00-05:00,14.0,14.050000190734863,13.829999923706055,13.869999885559082,12.18243408203125,2559100,0.0,0.0
2015-12-08 00:00:00-05:00,14.010000228881836,14.010000228881836,13.470000267028809,13.5,11.857451438903809,2554300,0.0,0.0
2015-12-09 00:00:00-05:00,13.460000038146973,13.789999961853027,13.390000343322754,13.5,11.857451438903809,2181100,0.0,0.0
2015-12-10 00:00:00-05:00,13.479999542236328,13.880000114440918,13.460000038146973,13.75,12.077035903930664,3208400,0.0,0.0
2015-12-11 00:00:00-05:00,13.550000190734863,13.609999656677246,13.260000228881836,13.319999694824219,11.699353218078613,2198400,0.0,0.0
2015-12-14 00:00:00-05:00,13.359999656677246,13.40999984741211,13.119999885559082,13.260000228881836,11.646655082702637,2651200,0.0,0.0
2015-12-15 00:00:00-05:00,13.390000343322754,13.619999885559082,13.329999923706055,13.460000038146973,11.822319984436035,1891400,0.0,0.0
2015-12-16 00:00:00-05:00,13.59000015258789,13.770000457763672,13.470000267028809,13.670000076293945,12.006767272949219,3077600,0.0,0.0
2015-12-17 00:00:00-05:00,13.680000305175781,13.729999542236328,13.350000381469727,13.359999656677246,11.73448657989502,2510300,0.0,0.0
2015-12-18 00:00:00-05:00,13.270000457763672,13.390000343322754,13.149999618530273,13.180000305175781,11.576387405395508,4357900,0.0,0.0
2015-12-21 00:00:00-05:00,13.270000457763672,13.380000114440918,13.130000114440918,13.359999656677246,11.73448657989502,2291200,0.0,0.0
2015-12-22 00:00:00-05:00,13.4399995803833,13.489999771118164,13.270000457763672,13.3100004196167,11.690572738647461,2899500,0.0,0.0
2015-12-23 00:00:00-05:00,13.430000305175781,13.729999542236328,13.390000343322754,13.699999809265137,12.033119201660156,3562700,0.0,0.0
2015-12-24 00:00:00-05:00,13.460000038146973,13.84000015258789,13.319999694824219,13.619999885559082,11.96285343170166,994300,0.0,0.0
2015-12-28 00:00:00-05:00,13.510000228881836,13.630000114440918,13.319999694824219,13.520000457763672,11.875021934509277,1768600,0.0,0.0
2015-12-29 00:00:00-05:00,13.630000114440918,13.8100004196167,13.520000457763672,13.720000267028809,12.050688743591309,1720200,0.0,0.0
2015-12-30 00:00:00-05:00,13.670000076293945,13.75,13.449999809265137,13.520000457763672,11.875021934509277,1811700,0.0,0.0
2015-12-31 00:00:00-05:00,13.5,13.550000190734863,13.350000381469727,13.359999656677246,11.73448657989502,1899300,0.0,0.0
2016-01-04 00:00:00-05:00,13.119999885559082,13.210000038146973,13.010000228881836,13.210000038146973,11.602737426757812,3980000,0.0,0.0
2016-01-05 00:00:00-05:00,13.260000228881836,13.319999694824219,12.6899995803833,12.770000457763672,11.216272354125977,4867700,0.0,0.0
2016-01-06 00:00:00-05:00,12.529999732971191,12.819999694824219,12.479999542236328,12.710000038146973,11.16357421875,3682000,0.0,0.0
2016-01-07 00:00:00-05:00,12.4399995803833,12.609999656677246,12.390000343322754,12.420000076293945,10.908856391906738,3197100,0.0,0.0
2016-01-08 00:00:00-05:00,12.5600004196167,12.710000038146973,12.420000076293945,12.579999923706055,11.04938793182373,4502000,0.0,0.0
2016-01-11 00:00:00-05:00,12.399999618530273,12.640000343322754,12.0600004196167,12.210000038146973,10.724409103393555,5272200,0.0,0.0
2016-01-12 00:00:00-05:00,12.350000381469727,12.479999542236328,12.220000267028809,12.430000305175781,10.917642593383789,3800600,0.0,0.0
2016-01-13 00:00:00-05:00,12.510000228881836,12.539999961853027,12.079999923706055,12.1899995803833,10.706841468811035,4484900,0.0,0.0
2016-01-14 00:00:00-05:00,12.289999961853027,12.8100004196167,12.180000305175781,12.710000038146973,11.16357421875,5457800,0.0,0.0
2016-01-15 00:00:00-05:00,12.359999656677246,12.729999542236328,12.25,12.510000228881836,10.987906455993652,6232000,0.0,0.0
2016-01-19 00:00:00-05:00,12.670000076293945,12.670000076293945,12.119999885559082,12.350000381469727,10.84737491607666,4828700,0.0,0.0
2016-01-20 00:00:00-05:00,12.119999885559082,12.279999732971191,11.800000190734863,12.149999618530273,10.671709060668945,4935200,0.0,0.0
2016-01-21 00:00:00-05:00,12.149999618530273,12.579999923706055,12.050000190734863,12.369999885559082,10.864937782287598,3375200,0.0,0.0
2016-01-22 00:00:00-05:00,12.699999809265137,12.720000267028809,12.529999732971191,12.699999809265137,11.15478801727295,2533100,0.0,0.0
2016-01-25 00:00:00-05:00,12.65999984741211,12.729999542236328,12.460000038146973,12.5,10.979126930236816,3245900,0.0,0.0
2016-01-26 00:00:00-05:00,12.569999694824219,12.800000190734863,12.40999984741211,12.800000190734863,11.242622375488281,2480000,0.0,0.0
2016-01-27 00:00:00-05:00,12.680000305175781,12.960000038146973,12.600000381469727,12.699999809265137,11.15478801727295,3398400,0.0,0.0
2016-01-28 00:00:00-05:00,12.960000038146973,12.960000038146973,12.539999961853027,12.84000015258789,11.277755737304688,4184700,0.0,0.0
2016-01-29 00:00:00-05:00,12.890000343322754,13.050000190734863,12.670000076293945,12.970000267028809,11.391940116882324,4118500,0.0,0.0
2016-02-01 00:00:00-05:00,13.100000381469727,13.100000381469727,12.5,12.699999809265137,11.15478801727295,4617500,0.0,0.0
2016-02-02 00:00:00-05:00,12.550000190734863,12.680000305175781,12.069999694824219,12.119999885559082,10.645358085632324,3915800,0.0,0.0
2016-02-03 00:00:00-05:00,12.260000228881836,12.649999618530273,11.9399995803833,12.239999771118164,10.75075626373291,3775900,0.0,0.0
2016-02-04 00:00:00-05:00,12.220000267028809,12.5,12.15999984741211,12.210000038146973,10.724409103393555,6302000,0.0,0.0
2016-02-05 00:00:00-05:00,11.430000305175781,11.789999961853027,10.960000038146973,11.100000381469727,9.74946117401123,9924600,0.0,0.0
2016-02-08 00:00:00-05:00,10.970000267028809,11.09000015258789,10.260000228881836,10.5600004196167,9.275163650512695,6769000,0.0,0.0
2016-02-09 00:00:00-05:00,10.369999885559082,10.649999618530273,10.289999961853027,10.489999771118164,9.213678359985352,5450100,0.0,0.0
2016-02-10 00:00:00-05:00,10.520000457763672,10.770000457763672,10.470000267028809,10.600000381469727,9.310296058654785,5478400,0.0,0.0
2016-02-11 00:00:00-05:00,10.4399995803833,10.479999542236328,10.210000038146973,10.399999618530273,9.13463020324707,4924300,0.0,0.0
2016-02-12 00:00:00-05:00,10.529999732971191,10.989999771118164,10.470000267028809,10.75,9.442045211791992,4348100,0.0,0.0
2016-02-16 00:00:00-05:00,10.920000076293945,11.100000381469727,10.640000343322754,10.9399995803833,9.608928680419922,4088800,0.0,0.0
2016-02-17 00:00:00-05:00,11.020000457763672,11.270000457763672,10.930000305175781,11.0,9.661630630493164,3483800,0.0,0.0
2016-02-18 00:00:00-05:00,11.020000457763672,11.050000190734863,10.829999923706055,10.850000381469727,9.529878616333008,3177300,0.0,0.0
2016-02-19 00:00:00-05:00,10.800000190734863,11.0600004196167,10.75,10.920000076293945,9.591361045837402,4886400,0.0,0.0
2016-02-22 00:00:00-05:00,11.039999961853027,11.1899995803833,11.020000457763672,11.100000381469727,9.74946117401123,2634400,0.0,0.0
2016-02-23 00:00:00-05:00,11.020000457763672,11.170000076293945,10.880000114440918,10.890000343322754,9.565014839172363,4069900,0.0,0.0
2016-02-24 00:00:00-05:00,10.489999771118164,10.859999656677246,10.489999771118164,10.789999961853027,9.477178573608398,5656500,0.0,0.0
2016-02-25 00:00:00-05:00,10.8100004196167,10.880000114440918,10.579999923706055,10.869999885559082,9.547446250915527,3211900,0.0,0.0
2016-02-26 00:00:00-05:00,10.949999809265137,11.039999961853027,10.819999694824219,10.920000076293945,9.591361045837402,2657400,0.0,0.0
2016-02-29 00:00:00-05:00,10.90999984741211,11.170000076293945,10.800000190734863,10.819999694824219,9.503528594970703,3483100,0.0,0.0
2016-03-01 00:00:00-05:00,10.899999618530273,10.9399995803833,10.6899995803833,10.770000457763672,9.459611892700195,4231700,0.0,0.0
2016-03-02 00:00:00-05:00,10.729999542236328,10.9399995803833,10.710000038146973,10.890000343322754,9.565014839172363,6110900,0.0,0.0
2016-03-03 00:00:00-05:00,10.890000343322754,10.970000267028809,10.770000457763672,10.90999984741211,9.582578659057617,7581100,0.0,0.0
2016-03-04 00:00:00-05:00,10.920000076293945,11.130000114440918,10.829999923706055,11.0,9.661630630493164,10888200,0.0,0.0
2016-03-07 00:00:00-05:00,10.869999885559082,11.350000381469727,10.84000015258789,11.3100004196167,10.02504825592041,5735500,0.1,0.0
2016-03-08 00:00:00-05:00,11.220000267028809,11.270000457763672,10.869999885559082,10.920000076293945,9.67935562133789,3562500,0.0,0.0
2016-03-09 00:00:00-05:00,11.0,11.350000381469727,10.880000114440918,11.09000015258789,9.83004093170166,6572000,0.0,0.0
2016-03-10 00:00:00-05:00,11.170000076293945,11.1899995803833,10.869999885559082,11.09000015258789,9.83004093170166,6216600,0.0,0.0
2016-03-11 00:00:00-05:00,11.25,11.770000457763672,11.050000190734863,11.75,10.415057182312012,5102200,0.0,0.0
2016-03-14 00:00:00-04:00,11.6899995803833,11.920000076293945,11.350000381469727,11.5600004196167,10.2466459274292,3136400,0.0,0.0
2016-03-15 00:00:00-04:00,11.510000228881836,11.619999885559082,11.34000015258789,11.569999694824219,10.255508422851562,2613700,0.0,0.0
2016-03-16 00:00:00-04:00,11.529999732971191,12.130000114440918,11.529999732971191,12.0600004196167,10.689837455749512,7135200,0.0,0.0
2016-03-17 00:00:00-04:00,12.069999694824219,12.65999984741211,12.069999694824219,12.4399995803833,11.026666641235352,6206600,0.0,0.0
2016-03-18 00:00:00-04:00,12.489999771118164,12.59000015258789,12.210000038146973,12.3100004196167,10.9114351272583,4493300,0.0,0.0
2016-03-21 00:00:00-04:00,12.289999961853027,12.4399995803833,12.180000305175781,12.380000114440918,10.973483085632324,2459200,0.0,0.0
2016-03-22 00:00:00-04:00,12.329999923706055,12.649999618530273,12.300000190734863,12.640000343322754,11.203944206237793,3985900,0.0,0.0
2016-03-23 00:00:00-04:00,12.609999656677246,12.75,12.520000457763672,12.539999961853027,11.115304946899414,6079700,0.0,0.0
2016-03-24 00:00:00-04:00,12.4399995803833,12.539999961853027,12.289999961853027,12.5,11.079850196838379,3301000,0.0,0.0
2016-03-28 00:00:00-04:00,12.520000457763672,12.859999656677246,12.489999771118164,12.850000381469727,11.390085220336914,3674100,0.0,0.0
2016-03-29 00:00:00-04:00,12.819999694824219,12.899999618530273,12.609999656677246,12.859999656677246,11.39894962310791,3073300,0.0,0.0
2016-03-30 00:00:00-04:00,12.9399995803833,12.9399995803833,12.630000114440918,12.75,11.301445007324219,2631100,0.0,0.0
2016-03-31 00:00:00-04:00,12.739999771118164,12.880000114440918,12.609999656677246,12.770000457763672,11.319171905517578,2351000,0.0,0.0
2016-04-01 00:00:00-04:00,12.680000305175781,13.050000190734863,12.510000228881836,13.029999732971191,11.54963493347168,3538800,0.0,0.0
2016-04-04 00:00:00-04:00,13.0,13.0600004196167,12.739999771118164,12.760000228881836,11.310309410095215,3024700,0.0,0.0
2016-04-05 00:00:00-04:00,12.6899995803833,12.869999885559082,12.529999732971191,12.609999656677246,11.177351951599121,2933300,0.0,0.0
2016-04-06 00:00:00-04:00,12.65999984741211,12.8100004196167,12.489999771118164,12.770000457763672,11.319171905517578,3254600,0.0,0.0
2016-04-07 00:00:00-04:00,12.729999542236328,12.850000381469727,12.460000038146973,12.59000015258789,11.159623146057129,6162900,0.0,0.0
2016-04-08 00:00:00-04:00,12.6899995803833,12.6899995803833,12.329999923706055,12.40999984741211,11.000075340270996,2661000,0.0,0.0
2016-04-11 00:00:00-04:00,12.420000076293945,12.489999771118164,12.289999961853027,12.289999961853027,10.893705368041992,2524900,0.0,0.0
2016-04-12 00:00:00-04:00,12.350000381469727,12.550000190734863,12.260000228881836,12.470000267028809,11.053257942199707,2251100,0.0,0.0
2016-04-13 00:00:00-04:00,12.539999961853027,12.710000038146973,12.489999771118164,12.699999809265137,11.257126808166504,1852100,0.0,0.0
2016-04-14 00:00:00-04:00,12.75,12.859999656677246,12.710000038146973,12.729999542236328,11.283717155456543,1733900,0.0,0.0
2016-04-15 00:00:00-04:00,12.729999542236328,12.75,12.59000015258789,12.699999809265137,11.257126808166504,1519300,0.0,0.0
2016-04-18 00:00:00-04:00,12.59000015258789,12.649999618530273,12.430000305175781,12.460000038146973,11.044392585754395,5917900,0.0,0.0
2016-04-19 00:00:00-04:00,12.460000038146973,12.680000305175781,12.390000343322754,12.539999961853027,11.115304946899414,3525400,0.0,0.0
2016-04-20 00:00:00-04:00,12.5600004196167,12.670000076293945,12.479999542236328,12.539999961853027,11.115304946899414,3392000,0.0,0.0
2016-04-21 00:00:00-04:00,12.539999961853027,12.90999984741211,12.489999771118164,12.739999771118164,11.292582511901855,4207700,0.0,0.0
2016-04-22 00:00:00-04:00,12.760000228881836,12.90999984741211,12.729999542236328,12.800000190734863,11.345766067504883,2667700,0.0,0.0
2016-04-25 00:00:00-04:00,12.760000228881836,12.819999694824219,12.520000457763672,12.619999885559082,11.186214447021484,1687400,0.0,0.0
2016-04-26 00:00:00-04:00,12.640000343322754,12.84000015258789,12.550000190734863,12.789999961853027,11.33690071105957,1248600,0.0,0.0
2016-04-27 00:00:00-04:00,12.789999961853027,12.880000114440918,12.579999923706055,12.670000076293945,11.230535507202148,1403000,0.0,0.0
2016-04-28 00:00:00-04:00,12.600000381469727,12.789999961853027,12.5,12.539999961853027,11.115304946899414,1763200,0.0,0.0
2016-04-29 00:00:00-04:00,12.479999542236328,12.579999923706055,12.220000267028809,12.420000076293945,11.008938789367676,1964300,0.0,0.0
2016-05-02 00:00:00-04:00,12.449999809265137,12.6899995803833,12.390000343322754,12.609999656677246,11.177351951599121,1925400,0.0,0.0
2016-05-03 00:00:00-04:00,12.489999771118164,12.529999732971191,12.180000305175781,12.229999542236328,10.840523719787598,2713400,0.0,0.0
2016-05-04 00:00:00-04:00,12.15999984741211,12.3100004196167,12.069999694824219,12.149999618530273,10.769613265991211,2163200,0.0,0.0
2016-05-05 00:00:00-04:00,12.220000267028809,12.229999542236328,12.069999694824219,12.170000076293945,10.78734016418457,2325900,0.0,0.0
2016-05-06 00:00:00-04:00,11.829999923706055,12.729999542236328,11.829999923706055,12.699999809265137,11.257126808166504,5245400,0.0,0.0
2016-05-09 00:00:00-04:00,12.460000038146973,12.670000076293945,12.079999923706055,12.279999732971191,10.884844779968262,3979700,0.0,0.0
2016-05-10 00:00:00-04:00,12.34000015258789,12.359999656677246,12.140000343322754,12.319999694824219,10.920299530029297,2155500,0.0,0.0
2016-05-11 00:00:00-04:00,12.239999771118164,12.319999694824219,12.180000305175781,12.199999809265137,10.813933372497559,1849200,0.0,0.0
2016-05-12 00:00:00-04:00,12.229999542236328,12.270000457763672,11.890000343322754,11.9399995803833,10.583470344543457,2406300,0.0,0.0
2016-05-13 00:00:00-04:00,11.930000305175781,12.010000228881836,11.649999618530273,11.649999618530273,10.326419830322266,1880400,0.0,0.0
2016-05-16 00:00:00-04:00,11.65999984741211,11.770000457763672,11.619999885559082,11.75,10.415057182312012,2468500,0.0,0.0
2016-05-17 00:00:00-04:00,11.739999771118164,11.90999984741211,11.649999618530273,11.6899995803833,10.36187744140625,2549600,0.0,0.0
2016-05-18 00:00:00-04:00,11.859999656677246,11.859999656677246,11.3100004196167,11.609999656677246,10.290964126586914,6814100,0.0,0.0
2016-05-19 00:00:00-04:00,11.520000457763672,11.649999618530273,11.479999542236328,11.520000457763672,10.211188316345215,3322200,0.0,0.0
2016-05-20 00:00:00-04:00,11.569999694824219,11.920000076293945,11.529999732971191,11.850000381469727,10.503697395324707,2584000,0.0,0.0
2016-05-23 00:00:00-04:00,11.84000015258789,11.960000038146973,11.569999694824219,11.699999809265137,10.370738983154297,1530300,0.0,0.0
2016-05-24 00:00:00-04:00,11.800000190734863,11.880000114440918,11.710000038146973,11.8100004196167,10.468242645263672,1818500,0.0,0.0
2016-05-25 00:00:00-04:00,11.850000381469727,12.09000015258789,11.829999923706055,12.029999732971191,10.663248062133789,1484800,0.0,0.0
2016-05-26 00:00:00-04:00,12.0,12.0600004196167,11.850000381469727,11.859999656677246,10.512561798095703,1309000,0.0,0.0
2016-05-27 00:00:00-04:00,11.859999656677246,11.949999809265137,11.739999771118164,11.90999984741211,10.556879043579102,2892800,0.0,0.0
2016-05-31 00:00:00-04:00,11.90999984741211,12.0,11.760000228881836,11.960000038146973,10.60119915008545,2956500,0.0,0.0
2016-06-01 00:00:00-04:00,11.90999984741211,12.069999694824219,11.829999923706055,12.020000457763672,10.65438175201416,2448200,0.0,0.0
2016-06-02 00:00:00-04:00,11.989999771118164,12.140000343322754,11.930000305175781,12.140000343322754,10.760747909545898,2744300,0.0,0.0
2016-06-03 00:00:00-04:00,12.079999923706055,12.079999923706055,11.8100004196167,11.970000267028809,10.610063552856445,1735800,0.0,0.0
2016-06-06 00:00:00-04:00,11.989999771118164,12.210000038146973,11.960000038146973,12.15999984741211,10.778475761413574,1380200,0.0,0.0
2016-06-07 00:00:00-04:00,12.130000114440918,12.1899995803833,11.8100004196167,11.869999885559082,10.521425247192383,4646900,0.0,0.0
2016-06-08 00:00:00-04:00,11.869999885559082,11.9399995803833,11.760000228881836,11.800000190734863,10.459378242492676,3310100,0.0,0.0
2016-06-09 00:00:00-04:00,11.739999771118164,11.819999694824219,11.600000381469727,11.6899995803833,10.36187744140625,6365300,0.0,0.0
2016-06-10 00:00:00-04:00,11.600000381469727,11.619999885559082,11.3100004196167,11.510000228881836,10.202324867248535,6729800,0.0,0.0
2016-06-13 00:00:00-04:00,11.479999542236328,11.729999542236328,11.430000305175781,11.550000190734863,10.237781524658203,3840800,0.0,0.0
2016-06-14 00:00:00-04:00,11.529999732971191,11.619999885559082,11.25,11.449999809265137,10.14914321899414,6751000,0.0,0.0
2016-06-15 00:00:00-04:00,11.390000343322754,11.869999885559082,11.390000343322754,11.670000076293945,10.344146728515625,4401600,0.0,0.0
2016-06-16 00:00:00-04:00,11.579999923706055,11.65999984741211,11.300000190734863,11.399999618530273,10.104823112487793,2948000,0.0,0.0
2016-06-17 00:00:00-04:00,11.380000114440918,11.399999618530273,11.199999809265137,11.279999732971191,9.998457908630371,3089000,0.0,0.0
2016-06-20 00:00:00-04:00,11.40999984741211,11.550000190734863,11.3100004196167,11.40999984741211,10.113685607910156,2343800,0.0,0.0
2016-06-21 00:00:00-04:00,11.40999984741211,11.5600004196167,11.260000228881836,11.550000190734863,10.237781524658203,2933900,0.0,0.0
2016-06-22 00:00:00-04:00,11.569999694824219,11.829999923706055,11.539999961853027,11.65999984741211,10.335282325744629,2196400,0.0,0.0
2016-06-23 00:00:00-04:00,11.789999961853027,12.039999961853027,11.760000228881836,11.859999656677246,10.512561798095703,2370100,0.0,0.0
2016-06-24 00:00:00-04:00,11.300000190734863,11.329999923706055,11.069999694824219,11.130000114440918,9.865497589111328,5339700,0.0,0.0
2016-06-27 00:00:00-04:00,11.0600004196167,11.15999984741211,10.539999961853027,10.619999885559082,9.413440704345703,3858400,0.0,0.0
2016-06-28 00:00:00-04:00,10.729999542236328,10.829999923706055,10.569999694824219,10.729999542236328,9.510943412780762,2773800,0.0,0.0
2016-06-29 00:00:00-04:00,10.850000381469727,11.25,10.600000381469727,11.229999542236328,9.954136848449707,5615400,0.0,0.0
2016-06-30 00:00:00-04:00,11.300000190734863,11.430000305175781,11.199999809265137,11.350000381469727,10.060504913330078,3286300,0.0,0.0
2016-07-01 00:00:00-04:00,11.359999656677246,11.619999885559082,11.300000190734863,11.479999542236328,10.175734519958496,2490100,0.0,0.0
2016-07-05 00:00:00-04:00,11.449999809265137,11.449999809265137,11.100000381469727,11.239999771118164,9.96299934387207,3192200,0.0,0.0
2016-07-06 00:00:00-04:00,11.1899995803833,11.270000457763672,11.050000190734863,11.229999542236328,9.954136848449707,3704300,0.0,0.0
2016-07-07 00:00:00-04:00,11.229999542236328,11.449999809265137,11.229999542236328,11.359999656677246,10.069368362426758,2296000,0.0,0.0
2016-07-08 00:00:00-04:00,11.470000267028809,11.720000267028809,11.4399995803833,11.670000076293945,10.344146728515625,5229800,0.0,0.0
2016-07-11 00:00:00-04:00,11.720000267028809,11.869999885559082,11.699999809265137,11.850000381469727,10.503697395324707,1953800,0.0,0.0
2016-07-12 00:00:00-04:00,11.979999542236328,12.170000076293945,11.930000305175781,12.130000114440918,10.751887321472168,2366700,0.0,0.0
2016-07-13 00:00:00-04:00,12.180000305175781,12.34000015258789,12.130000114440918,12.260000228881836,10.867116928100586,3178500,0.0,0.0
2016-07-14 00:00:00-04:00,12.350000381469727,12.460000038146973,12.210000038146973,12.329999923706055,10.92916488647461,2746300,0.0,0.0
2016-07-15 00:00:00-04:00,12.399999618530273,12.399999618530273,12.140000343322754,12.300000190734863,10.902572631835938,1682400,0.0,0.0
2016-07-18 00:00:00-04:00,12.300000190734863,12.5600004196167,12.069999694824219,12.4399995803833,11.026666641235352,2063700,0.0,0.0
2016-07-19 00:00:00-04:00,12.40999984741211,12.529999732971191,12.279999732971191,12.5,11.079850196838379,2163400,0.0,0.0
2016-07-20 00:00:00-04:00,12.5600004196167,12.579999923706055,12.289999961853027,12.479999542236328,11.062121391296387,1593600,0.0,0.0
2016-07-21 00:00:00-04:00,12.229999542236328,12.539999961853027,12.229999542236328,12.399999618530273,10.991209983825684,2581800,0.0,0.0
2016-07-22 00:00:00-04:00,12.449999809265137,12.619999885559082,12.40999984741211,12.619999885559082,11.186214447021484,2134100,0.0,0.0
2016-07-25 00:00:00-04:00,12.630000114440918,12.670000076293945,12.550000190734863,12.609999656677246,11.177351951599121,3290400,0.0,0.0
2016-07-26 00:00:00-04:00,12.630000114440918,12.829999923706055,12.619999885559082,12.800000190734863,11.345766067504883,1777900,0.0,0.0
2016-07-27 00:00:00-04:00,12.770000457763672,12.90999984741211,12.619999885559082,12.739999771118164,11.292582511901855,3034900,0.0,0.0
2016-07-28 00:00:00-04:00,12.430000305175781,12.779999732971191,12.430000305175781,12.779999732971191,11.328036308288574,1602100,0.0,0.0
2016-07-29 00:00:00-04:00,12.539999961853027,13.020000457763672,12.539999961853027,12.970000267028809,11.496453285217285,2413900,0.0,0.0
2016-08-01 00:00:00-04:00,12.949999809265137,13.079999923706055,12.789999961853027,12.859999656677246,11.39894962310791,2777500,0.0,0.0
2016-08-02 00:00:00-04:00,12.829999923706055,12.84000015258789,12.579999923706055,12.680000305175781,11.239400863647461,2799800,0.0,0.0
2016-08-03 00:00:00-04:00,12.680000305175781,12.8100004196167,12.609999656677246,12.65999984741211,11.221671104431152,3667500,0.0,0.0
2016-08-04 00:00:00-04:00,12.65999984741211,12.760000228881836,12.649999618530273,12.739999771118164,11.292582511901855,1719300,0.0,0.0
2016-08-05 00:00:00-04:00,12.789999961853027,13.010000228881836,12.760000228881836,12.829999923706055,11.372358322143555,2291800,0.0,0.0
2016-08-08 00:00:00-04:00,12.869999885559082,13.029999732971191,12.75,12.84000015258789,11.381220817565918,2017600,0.0,0.0
2016-08-09 00:00:00-04:00,12.800000190734863,13.399999618530273,12.699999809265137,13.319999694824219,11.806685447692871,6175700,0.0,0.0
2016-08-10 00:00:00-04:00,13.369999885559082,13.380000114440918,13.020000457763672,13.149999618530273,11.655999183654785,4610600,0.0,0.0
2016-08-11 00:00:00-04:00,13.210000038146973,13.460000038146973,13.1899995803833,13.390000343322754,11.868733406066895,3118600,0.0,0.0
2016-08-12 00:00:00-04:00,13.40999984741211,13.539999961853027,13.40999984741211,13.510000228881836,11.975101470947266,2696200,0.0,0.0
2016-08-15 00:00:00-04:00,13.550000190734863,13.720000267028809,13.449999809265137,13.649999618530273,12.099194526672363,3057300,0.0,0.0
2016-08-16 00:00:00-04:00,13.550000190734863,13.729999542236328,13.420000076293945,13.680000305175781,12.125785827636719,4368000,0.0,0.0
2016-08-17 00:00:00-04:00,13.6899995803833,13.770000457763672,13.640000343322754,13.760000228881836,12.196697235107422,2984300,0.0,0.0
2016-08-18 00:00:00-04:00,13.729999542236328,13.880000114440918,13.699999809265137,13.75,12.187835693359375,3418500,0.0,0.0
2016-08-19 00:00:00-04:00,13.75,13.789999961853027,13.619999885559082,13.739999771118164,12.178970336914062,1939500,0.0,0.0
2016-08-22 00:00:00-04:00,13.65999984741211,13.84000015258789,13.579999923706055,13.819999694824219,12.24988079071045,3015300,0.0,0.0
2016-08-23 00:00:00-04:00,13.9399995803833,13.9399995803833,13.8100004196167,13.850000381469727,12.276473045349121,2663500,0.0,0.0
2016-08-24 00:00:00-04:00,13.899999618530273,13.949999809265137,13.819999694824219,13.84000015258789,12.267608642578125,3131600,0.0,0.0
2016-08-25 00:00:00-04:00,13.850000381469727,13.9399995803833,13.729999542236328,13.890000343322754,12.31192684173584,2809300,0.0,0.0
2016-08-26 00:00:00-04:00,13.970000267028809,14.119999885559082,13.829999923706055,13.979999542236328,12.391704559326172,2679100,0.0,0.0
2016-08-29 00:00:00-04:00,14.050000190734863,14.119999885559082,13.960000038146973,14.039999961853027,12.4448881149292,2316000,0.0,0.0
2016-08-30 00:00:00-04:00,13.9399995803833,14.130000114440918,13.880000114440918,14.010000228881836,12.418296813964844,2448700,0.0,0.0
2016-08-31 00:00:00-04:00,14.029999732971191,14.069999694824219,13.84000015258789,14.0600004196167,12.462615013122559,3291500,0.0,0.0
2016-09-01 00:00:00-04:00,14.09000015258789,14.140000343322754,13.829999923706055,13.970000267028809,12.382840156555176,2694600,0.0,0.0
2016-09-02 00:00:00-04:00,14.050000190734863,14.119999885559082,13.8100004196167,13.9399995803833,12.356245994567871,3401200,0.0,0.0
2016-09-06 00:00:00-04:00,14.34000015258789,14.34000015258789,13.670000076293945,13.760000228881836,12.196697235107422,4012600,0.0,0.0
2016-09-07 00:00:00-04:00,13.739999771118164,13.819999694824219,13.710000038146973,13.779999732971191,12.214425086975098,2919100,0.0,0.0
2016-09-08 00:00:00-04:00,13.75,14.039999961853027,13.710000038146973,13.8100004196167,12.24101734161377,3322400,0.0,0.0
2016-09-09 00:00:00-04:00,13.6899995803833,13.770000457763672,13.359999656677246,13.359999656677246,11.84213924407959,3417300,0.0,0.0
2016-09-12 00:00:00-04:00,13.220000267028809,13.920000076293945,13.180000305175781,13.899999618530273,12.413707733154297,4159600,0.1,0.0
2016-09-13 00:00:00-04:00,13.75,13.770000457763672,13.579999923706055,13.640000343322754,12.181509971618652,4084500,0.0,0.0
2016-09-14 00:00:00-04:00,13.649999618530273,13.760000228881836,13.569999694824219,13.710000038146973,12.244026184082031,3542500,0.0,0.0
2016-09-15 00:00:00-04:00,13.720000267028809,13.770000457763672,13.579999923706055,13.640000343322754,12.181509971618652,2798400,0.0,0.0
2016-09-16 00:00:00-04:00,13.520000457763672,13.6899995803833,13.470000267028809,13.640000343322754,12.181509971618652,5244300,0.0,0.0
2016-09-19 00:00:00-04:00,13.680000305175781,13.729999542236328,13.539999961853027,13.619999885559082,12.163649559020996,2316200,0.0,0.0
2016-09-20 00:00:00-04:00,13.729999542236328,13.779999732971191,13.640000343322754,13.710000038146973,12.244026184082031,2675300,0.0,0.0
2016-09-21 00:00:00-04:00,13.729999542236328,13.960000038146973,13.680000305175781,13.930000305175781,12.440502166748047,2123000,0.0,0.0
2016-09-22 00:00:00-04:00,14.020000457763672,14.170000076293945,13.960000038146973,14.140000343322754,12.628046035766602,1847000,0.0,0.0
2016-09-23 00:00:00-04:00,14.0,14.229999542236328,14.0,14.050000190734863,12.547670364379883,1358400,0.0,0.0
2016-09-26 00:00:00-04:00,13.989999771118164,13.989999771118164,13.779999732971191,13.819999694824219,12.342263221740723,2040000,0.0,0.0
2016-09-27 00:00:00-04:00,13.829999923706055,13.960000038146973,13.760000228881836,13.960000038146973,12.467293739318848,1906100,0.0,0.0
2016-09-28 00:00:00-04:00,13.960000038146973,14.039999961853027,13.850000381469727,14.020000457763672,12.520879745483398,2545500,0.0,0.0
2016-09-29 00:00:00-04:00,14.029999732971191,14.069999694824219,13.770000457763672,13.890000343322754,12.404778480529785,2697700,0.0,0.0
2016-09-30 00:00:00-04:00,13.90999984741211,14.109999656677246,13.899999618530273,13.979999542236328,12.485156059265137,3181000,0.0,0.0
2016-10-03 00:00:00-04:00,13.890000343322754,14.510000228881836,13.890000343322754,14.430000305175781,12.887035369873047,4067100,0.0,0.0
2016-10-04 00:00:00-04:00,14.4399995803833,14.510000228881836,14.1899995803833,14.279999732971191,12.753077507019043,4127400,0.0,0.0
2016-10-05 00:00:00-04:00,14.289999961853027,14.680000305175781,14.229999542236328,14.619999885559082,13.056720733642578,4944200,0.0,0.0
2016-10-06 00:00:00-04:00,14.569999694824219,14.609999656677246,14.25,14.520000457763672,12.967414855957031,3101000,0.0,0.0
2016-10-07 00:00:00-04:00,14.5,14.550000190734863,14.029999732971191,14.109999656677246,12.601255416870117,3453600,0.0,0.0
2016-10-10 00:00:00-04:00,14.170000076293945,14.350000381469727,13.890000343322754,13.920000076293945,12.431571006774902,2405200,0.0,0.0
2016-10-11 00:00:00-04:00,13.640000343322754,13.920000076293945,13.5600004196167,13.670000076293945,12.20830249786377,2159700,0.0,0.0
2016-10-12 00:00:00-04:00,13.680000305175781,13.699999809265137,13.460000038146973,13.470000267028809,12.029688835144043,2907000,0.0,0.0
2016-10-13 00:00:00-04:00,13.399999618530273,13.59000015258789,13.279999732971191,13.539999961853027,12.092202186584473,2464800,0.0,0.0
2016-10-14 00:00:00-04:00,13.619999885559082,13.649999618530273,13.34000015258789,13.369999885559082,11.94037914276123,1949800,0.0,0.0
2016-10-17 00:00:00-04:00,13.380000114440918,13.4399995803833,13.3100004196167,13.380000114440918,11.949311256408691,1338400,0.0,0.0
2016-10-18 00:00:00-04:00,13.539999961853027,13.630000114440918,13.359999656677246,13.510000228881836,12.065412521362305,2053300,0.0,0.0
2016-10-19 00:00:00-04:00,13.520000457763672,13.729999542236328,13.460000038146973,13.649999618530273,12.19044017791748,1376200,0.0,0.0
2016-10-20 00:00:00-04:00,13.59000015258789,13.6899995803833,13.40999984741211,13.510000228881836,12.065412521362305,2542300,0.0,0.0
2016-10-21 00:00:00-04:00,13.369999885559082,13.539999961853027,13.260000228881836,13.40999984741211,11.976101875305176,1444000,0.0,0.0
2016-10-24 00:00:00-04:00,13.529999732971191,13.529999732971191,12.960000038146973,12.970000267028809,11.583149909973145,3291900,0.0,0.0
2016-10-25 00:00:00-04:00,12.960000038146973,12.989999771118164,12.619999885559082,12.649999618530273,11.297369003295898,5417900,0.0,0.0
2016-10-26 00:00:00-04:00,12.630000114440918,12.970000267028809,12.619999885559082,12.90999984741211,11.529565811157227,2122100,0.0,0.0
2016-10-27 00:00:00-04:00,12.699999809265137,12.75,12.119999885559082,12.220000267028809,10.913347244262695,3474500,0.0,0.0
2016-10-28 00:00:00-04:00,12.15999984741211,12.40999984741211,12.119999885559082,12.170000076293945,10.868694305419922,2314500,0.0,0.0
2016-10-31 00:00:00-04:00,12.260000228881836,12.350000381469727,12.119999885559082,12.119999885559082,10.824039459228516,2533800,0.0,0.0
2016-11-01 00:00:00-04:00,12.220000267028809,12.279999732971191,11.850000381469727,12.050000190734863,10.761526107788086,3042000,0.0,0.0
2016-11-02 00:00:00-04:00,12.100000381469727,12.140000343322754,11.8100004196167,11.84000015258789,10.573980331420898,1941000,0.0,0.0
2016-11-03 00:00:00-04:00,11.920000076293945,11.970000267028809,11.779999732971191,11.829999923706055,10.565047264099121,1997000,0.0,0.0
2016-11-04 00:00:00-04:00,11.880000114440918,12.0600004196167,11.829999923706055,11.890000343322754,10.618632316589355,2337000,0.0,0.0
2016-11-07 00:00:00-05:00,12.069999694824219,12.319999694824219,11.960000038146973,12.220000267028809,10.913347244262695,5534500,0.0,0.0
2016-11-08 00:00:00-05:00,11.149999618530273,11.930000305175781,10.989999771118164,11.649999618530273,10.40429401397705,7399300,0.0,0.0
2016-11-09 00:00:00-05:00,11.460000038146973,12.149999618530273,11.319999694824219,11.979999542236328,10.69901180267334,4130000,0.0,0.0
2016-11-10 00:00:00-05:00,11.949999809265137,12.170000076293945,11.850000381469727,11.949999809265137,10.672218322753906,4314100,0.0,0.0
2016-11-11 00:00:00-05:00,11.869999885559082,12.180000305175781,11.8100004196167,12.119999885559082,10.824039459228516,2981200,0.0,0.0
2016-11-14 00:00:00-05:00,12.170000076293945,12.319999694824219,11.979999542236328,12.170000076293945,10.868694305419922,5278500,0.0,0.0
2016-11-15 00:00:00-05:00,12.199999809265137,12.25,12.0,12.010000228881836,10.72580337524414,3270000,0.0,0.0
2016-11-16 00:00:00-05:00,11.979999542236328,12.09000015258789,11.789999961853027,12.020000457763672,10.734732627868652,3858100,0.0,0.0
2016-11-17 00:00:00-05:00,12.0600004196167,12.1899995803833,11.920000076293945,12.0,10.716869354248047,3539100,0.0,0.0
2016-11-18 00:00:00-05:00,12.020000457763672,12.050000190734863,11.869999885559082,11.869999885559082,10.6007719039917,2352600,0.0,0.0
2016-11-21 00:00:00-05:00,12.010000228881836,12.010000228881836,11.729999542236328,11.729999542236328,10.475740432739258,2208800,0.0,0.0
2016-11-22 00:00:00-05:00,11.770000457763672,11.850000381469727,11.640000343322754,11.680000305175781,10.431089401245117,2661800,0.0,0.0
2016-11-23 00:00:00-05:00,11.630000114440918,11.819999694824219,11.630000114440918,11.800000190734863,10.53825569152832,1769800,0.0,0.0
2016-11-25 00:00:00-05:00,11.829999923706055,11.970000267028809,11.779999732971191,11.800000190734863,10.53825569152832,760500,0.0,0.0
2016-11-28 00:00:00-05:00,11.760000228881836,12.020000457763672,11.760000228881836,11.84000015258789,10.573980331420898,2685100,0.0,0.0
2016-11-29 00:00:00-05:00,11.829999923706055,11.869999885559082,11.449999809265137,11.539999961853027,10.30605697631836,3075600,0.0,0.0
2016-11-30 00:00:00-05:00,11.550000190734863,11.6899995803833,11.4399995803833,11.5600004196167,10.323917388916016,3443500,0.0,0.0
2016-12-01 00:00:00-05:00,11.59000015258789,11.800000190734863,11.539999961853027,11.760000228881836,10.502534866333008,3150500,0.0,0.0
2016-12-02 00:00:00-05:00,11.770000457763672,11.819999694824219,11.640000343322754,11.65999984741211,10.413227081298828,2739700,0.0,0.0
2016-12-05 00:00:00-05:00,11.720000267028809,11.829999923706055,11.640000343322754,11.8100004196167,10.547185897827148,2755100,0.0,0.0
2016-12-06 00:00:00-05:00,11.800000190734863,11.819999694824219,11.609999656677246,11.789999961853027,10.529326438903809,3704900,0.0,0.0
2016-12-07 00:00:00-05:00,11.800000190734863,11.9399995803833,11.579999923706055,11.829999923706055,10.565047264099121,3304700,0.0,0.0
2016-12-08 00:00:00-05:00,11.869999885559082,11.989999771118164,11.8100004196167,11.920000076293945,10.645425796508789,1957800,0.0,0.0
2016-12-09 00:00:00-05:00,11.930000305175781,12.130000114440918,11.90999984741211,12.050000190734863,10.761526107788086,3812100,0.0,0.0
2016-12-12 00:00:00-05:00,12.039999961853027,12.109999656677246,11.970000267028809,12.010000228881836,10.72580337524414,3456100,0.0,0.0
2016-12-13 00:00:00-05:00,12.050000190734863,12.149999618530273,11.779999732971191,11.880000114440918,10.60970401763916,2937300,0.0,0.0
2016-12-14 00:00:00-05:00,11.869999885559082,12.039999961853027,11.819999694824219,11.880000114440918,10.60970401763916,2906000,0.0,0.0
2016-12-15 00:00:00-05:00,11.920000076293945,12.010000228881836,11.630000114440918,11.6899995803833,10.440020561218262,2215200,0.0,0.0
2016-12-16 00:00:00-05:00,11.760000228881836,11.829999923706055,11.529999732971191,11.609999656677246,10.368573188781738,4065400,0.0,0.0
2016-12-19 00:00:00-05:00,11.649999618530273,11.779999732971191,11.5600004196167,11.729999542236328,10.475740432739258,1657600,0.0,0.0
2016-12-20 00:00:00-05:00,11.760000228881836,11.8100004196167,11.619999885559082,11.649999618530273,10.40429401397705,1807500,0.0,0.0
2016-12-21 00:00:00-05:00,11.65999984741211,11.770000457763672,11.569999694824219,11.720000267028809,10.46681022644043,1735200,0.0,0.0
2016-12-22 00:00:00-05:00,11.699999809265137,11.800000190734863,11.619999885559082,11.739999771118164,10.484672546386719,1459300,0.0,0.0
2016-12-23 00:00:00-05:00,11.739999771118164,11.770000457763672,11.649999618530273,11.729999542236328,10.475740432739258,1368800,0.0,0.0
2016-12-27 00:00:00-05:00,11.739999771118164,11.90999984741211,11.710000038146973,11.90999984741211,10.636493682861328,1504300,0.0,0.0
2016-12-28 00:00:00-05:00,11.90999984741211,11.920000076293945,11.670000076293945,11.6899995803833,10.440020561218262,2029900,0.0,0.0
2016-12-29 00:00:00-05:00,11.6899995803833,11.729999542236328,11.550000190734863,11.65999984741211,10.413227081298828,1511700,0.0,0.0
2016-12-30 00:00:00-05:00,11.670000076293945,11.6899995803833,11.420000076293945,11.460000038146973,10.234612464904785,1944200,0.0,0.0
2017-01-03 00:00:00-05:00,11.550000190734863,11.84000015258789,11.510000228881836,11.6899995803833,10.440020561218262,2011500,0.0,0.0
2017-01-04 00:00:00-05:00,11.699999809265137,11.899999618530273,11.699999809265137,11.869999885559082,10.6007719039917,1256000,0.0,0.0
2017-01-05 00:00:00-05:00,11.869999885559082,11.979999542236328,11.779999732971191,11.890000343322754,10.618632316589355,2412000,0.0,0.0
2017-01-06 00:00:00-05:00,11.880000114440918,12.0,11.760000228881836,11.930000305175781,10.654356956481934,1697200,0.0,0.0
2017-01-09 00:00:00-05:00,11.899999618530273,12.050000190734863,11.859999656677246,12.0,10.716869354248047,2372400,0.0,0.0
2017-01-10 00:00:00-05:00,12.050000190734863,12.069999694824219,11.899999618530273,12.0,10.716869354248047,2780900,0.0,0.0
2017-01-11 00:00:00-05:00,12.0,12.170000076293945,11.9399995803833,12.039999961853027,10.752594947814941,2550400,0.0,0.0
2017-01-12 00:00:00-05:00,12.010000228881836,12.180000305175781,11.859999656677246,12.020000457763672,10.734732627868652,2820400,0.0,0.0
2017-01-13 00:00:00-05:00,12.010000228881836,12.100000381469727,11.930000305175781,12.050000190734863,10.761526107788086,1561300,0.0,0.0
2017-01-17 00:00:00-05:00,11.970000267028809,12.260000228881836,11.890000343322754,12.229999542236328,10.922276496887207,2610100,0.0,0.0
2017-01-18 00:00:00-05:00,12.199999809265137,12.220000267028809,12.0,12.140000343322754,10.841902732849121,2310800,0.0,0.0
2017-01-19 00:00:00-05:00,12.140000343322754,12.140000343322754,11.970000267028809,12.039999961853027,10.752594947814941,2306400,0.0,0.0
2017-01-20 00:00:00-05:00,12.050000190734863,12.119999885559082,11.930000305175781,11.970000267028809,10.690078735351562,1497500,0.0,0.0
2017-01-23 00:00:00-05:00,11.970000267028809,12.010000228881836,11.880000114440918,11.960000038146973,10.681150436401367,1140200,0.0,0.0
2017-01-24 00:00:00-05:00,11.960000038146973,12.170000076293945,11.90999984741211,12.109999656677246,10.815109252929688,1961100,0.0,0.0
2017-01-25 00:00:00-05:00,12.130000114440918,12.359999656677246,12.119999885559082,12.3100004196167,10.99372386932373,1861100,0.0,0.0
2017-01-26 00:00:00-05:00,12.319999694824219,12.369999885559082,12.020000457763672,12.220000267028809,10.913347244262695,1395900,0.0,0.0
2017-01-27 00:00:00-05:00,12.1899995803833,12.369999885559082,12.109999656677246,12.359999656677246,11.03837776184082,1841800,0.0,0.0
2017-01-30 00:00:00-05:00,12.329999923706055,12.34000015258789,12.109999656677246,12.329999923706055,11.011584281921387,1406700,0.0,0.0
2017-01-31 00:00:00-05:00,12.279999732971191,12.319999694824219,12.079999923706055,12.289999961853027,10.975861549377441,1436900,0.0,0.0
2017-02-01 00:00:00-05:00,12.289999961853027,12.40999984741211,12.15999984741211,12.359999656677246,11.03837776184082,2004100,0.0,0.0
2017-02-02 00:00:00-05:00,12.380000114440918,12.380000114440918,12.180000305175781,12.220000267028809,10.913347244262695,2174700,0.0,0.0
2017-02-03 00:00:00-05:00,12.260000228881836,12.300000190734863,12.170000076293945,12.270000457763672,10.958001136779785,2440300,0.0,0.0
2017-02-06 00:00:00-05:00,12.260000228881836,12.350000381469727,12.199999809265137,12.220000267028809,10.913347244262695,1275600,0.0,0.0
2017-02-07 00:00:00-05:00,12.239999771118164,12.239999771118164,12.069999694824219,12.199999809265137,10.895486831665039,1639600,0.0,0.0
2017-02-08 00:00:00-05:00,12.199999809265137,12.289999961853027,12.0,12.15999984741211,10.859763145446777,2059400,0.0,0.0
2017-02-09 00:00:00-05:00,12.210000038146973,12.40999984741211,12.180000305175781,12.390000343322754,11.065169334411621,2419300,0.0,0.0
2017-02-10 00:00:00-05:00,12.5,13.420000076293945,12.1899995803833,13.289999961853027,11.868935585021973,4797500,0.0,0.0
2017-02-13 00:00:00-05:00,13.369999885559082,13.479999542236328,13.0600004196167,13.079999923706055,11.681390762329102,2640800,0.0,0.0
2017-02-14 00:00:00-05:00,13.109999656677246,13.170000076293945,12.949999809265137,13.079999923706055,11.681390762329102,3224400,0.0,0.0
2017-02-15 00:00:00-05:00,13.039999961853027,13.220000267028809,12.979999542236328,13.100000381469727,11.699251174926758,2738500,0.0,0.0
2017-02-16 00:00:00-05:00,13.09000015258789,13.279999732971191,12.979999542236328,13.050000190734863,11.6545991897583,2531700,0.0,0.0
2017-02-17 00:00:00-05:00,13.020000457763672,13.140000343322754,12.869999885559082,13.079999923706055,11.681390762329102,3753400,0.0,0.0
2017-02-21 00:00:00-05:00,13.079999923706055,13.470000267028809,13.050000190734863,13.329999923706055,11.904658317565918,2836400,0.0,0.0
2017-02-22 00:00:00-05:00,13.319999694824219,13.359999656677246,13.109999656677246,13.289999961853027,11.868935585021973,2592800,0.0,0.0
2017-02-23 00:00:00-05:00,13.270000457763672,13.380000114440918,13.09000015258789,13.239999771118164,11.824280738830566,3460600,0.0,0.0
2017-02-24 00:00:00-05:00,13.239999771118164,13.25,12.949999809265137,13.100000381469727,11.699251174926758,2170400,0.0,0.0
2017-02-27 00:00:00-05:00,13.130000114440918,13.170000076293945,13.0,13.0600004196167,11.663527488708496,1738800,0.0,0.0
2017-02-28 00:00:00-05:00,13.0600004196167,13.0600004196167,12.800000190734863,12.819999694824219,11.449190139770508,2559700,0.0,0.0
2017-03-01 00:00:00-05:00,12.920000076293945,13.109999656677246,12.850000381469727,13.09000015258789,11.690320014953613,1995100,0.0,0.0
2017-03-02 00:00:00-05:00,13.109999656677246,13.109999656677246,12.8100004196167,12.84000015258789,11.46705150604248,1427600,0.0,0.0
2017-03-03 00:00:00-05:00,12.789999961853027,12.930000305175781,12.739999771118164,12.899999618530273,11.520636558532715,2451200,0.0,0.0
2017-03-06 00:00:00-05:00,12.779999732971191,12.970000267028809,12.779999732971191,12.949999809265137,11.565291404724121,2218100,0.0,0.0
2017-03-07 00:00:00-05:00,13.069999694824219,13.34000015258789,12.619999885559082,12.65999984741211,11.306300163269043,2553800,0.0,0.0
2017-03-08 00:00:00-05:00,12.680000305175781,12.710000038146973,12.470000267028809,12.489999771118164,11.154475212097168,2167400,0.0,0.0
2017-03-09 00:00:00-05:00,12.489999771118164,12.5600004196167,12.329999923706055,12.40999984741211,11.083030700683594,1351600,0.0,0.0
2017-03-10 00:00:00-05:00,12.460000038146973,12.510000228881836,12.220000267028809,12.380000114440918,11.056239128112793,1689700,0.0,0.0
2017-03-13 00:00:00-04:00,12.25,12.369999885559082,12.25,12.279999732971191,11.056238174438477,1704500,0.1,0.0
2017-03-14 00:00:00-04:00,12.25,12.399999618530273,12.199999809265137,12.399999618530273,11.16427993774414,1698400,0.0,0.0
2017-03-15 00:00:00-04:00,12.40999984741211,13.069999694824219,12.350000381469727,12.600000381469727,11.34434986114502,1857400,0.0,0.0
2017-03-16 00:00:00-04:00,12.59000015258789,12.649999618530273,12.529999732971191,12.640000343322754,11.38036060333252,1541000,0.0,0.0
2017-03-17 00:00:00-04:00,12.600000381469727,12.710000038146973,12.569999694824219,12.649999618530273,11.389366149902344,2534200,0.0,0.0
2017-03-20 00:00:00-04:00,12.670000076293945,12.670000076293945,12.529999732971191,12.630000114440918,11.37136173248291,1121000,0.0,0.0
2017-03-21 00:00:00-04:00,12.699999809265137,12.760000228881836,12.5,12.520000457763672,11.272320747375488,3366600,0.0,0.0
2017-03-22 00:00:00-04:00,12.529999732971191,12.59000015258789,12.430000305175781,12.520000457763672,11.272320747375488,1429500,0.0,0.0
2017-03-23 00:00:00-04:00,12.520000457763672,12.619999885559082,12.489999771118164,12.550000190734863,11.299334526062012,1421700,0.0,0.0
2017-03-24 00:00:00-04:00,12.579999923706055,12.65999984741211,12.5,12.550000190734863,11.299334526062012,1180200,0.0,0.0
2017-03-27 00:00:00-04:00,12.5,12.609999656677246,12.5,12.579999923706055,11.326342582702637,1404900,0.0,0.0
2017-03-28 00:00:00-04:00,12.59000015258789,12.869999885559082,12.550000190734863,12.84000015258789,11.560431480407715,1211500,0.0,0.0
2017-03-29 00:00:00-04:00,12.8100004196167,13.029999732971191,12.75,13.0,11.704485893249512,1136500,0.0,0.0
2017-03-30 00:00:00-04:00,12.989999771118164,13.3100004196167,12.949999809265137,13.239999771118164,11.920570373535156,2539200,0.0,0.0
2017-03-31 00:00:00-04:00,13.09000015258789,13.100000381469727,12.890000343322754,13.0,11.704485893249512,3624000,0.0,0.0
2017-04-03 00:00:00-04:00,12.960000038146973,13.1899995803833,12.770000457763672,12.789999961853027,11.51541519165039,2463900,0.0,0.0
2017-04-04 00:00:00-04:00,12.84000015258789,12.890000343322754,12.739999771118164,12.770000457763672,11.497407913208008,1445400,0.0,0.0
2017-04-05 00:00:00-04:00,12.819999694824219,12.90999984741211,12.550000190734863,12.630000114440918,11.37136173248291,2085500,0.0,0.0
2017-04-06 00:00:00-04:00,12.59000015258789,12.670000076293945,12.5,12.569999694824219,11.317338943481445,1724900,0.0,0.0
2017-04-07 00:00:00-04:00,12.550000190734863,12.569999694824219,12.5,12.510000228881836,11.26331901550293,3552600,0.0,0.0
2017-04-10 00:00:00-04:00,12.510000228881836,12.630000114440918,12.5,12.529999732971191,11.281326293945312,1913100,0.0,0.0
2017-04-11 00:00:00-04:00,12.5,12.5600004196167,12.4399995803833,12.5,11.254316329956055,1623700,0.0,0.0
2017-04-12 00:00:00-04:00,12.489999771118164,12.569999694824219,12.40999984741211,12.489999771118164,11.24531364440918,1697200,0.0,0.0
2017-04-13 00:00:00-04:00,12.489999771118164,12.520000457763672,12.319999694824219,12.329999923706055,11.101256370544434,1857400,0.0,0.0
2017-04-17 00:00:00-04:00,12.390000343322754,12.4399995803833,12.300000190734863,12.40999984741211,11.173283576965332,1617700,0.0,0.0
2017-04-18 00:00:00-04:00,12.359999656677246,12.449999809265137,12.1899995803833,12.329999923706055,11.101256370544434,1668200,0.0,0.0
2017-04-19 00:00:00-04:00,12.380000114440918,12.479999542236328,12.34000015258789,12.430000305175781,11.191292762756348,1696500,0.0,0.0
2017-04-20 00:00:00-04:00,12.449999809265137,13.010000228881836,12.430000305175781,12.9399995803833,11.650467872619629,2718600,0.0,0.0
2017-04-21 00:00:00-04:00,12.90999984741211,12.989999771118164,12.720000267028809,12.890000343322754,11.605447769165039,2142300,0.0,0.0
2017-04-24 00:00:00-04:00,13.050000190734863,13.09000015258789,12.970000267028809,13.039999961853027,11.740500450134277,1498700,0.0,0.0
2017-04-25 00:00:00-04:00,13.079999923706055,13.130000114440918,13.0,13.069999694824219,11.767511367797852,1236300,0.0,0.0
2017-04-26 00:00:00-04:00,13.069999694824219,13.140000343322754,12.9399995803833,12.9399995803833,11.650467872619629,2187800,0.0,0.0
2017-04-27 00:00:00-04:00,12.960000038146973,13.029999732971191,12.880000114440918,12.960000038146973,11.668475151062012,1195100,0.0,0.0
2017-04-28 00:00:00-04:00,12.930000305175781,12.979999542236328,12.59000015258789,12.720000267028809,11.45238971710205,1872300,0.0,0.0
2017-05-01 00:00:00-04:00,12.75,12.859999656677246,12.649999618530273,12.739999771118164,11.470396995544434,1141800,0.0,0.0
2017-05-02 00:00:00-04:00,12.710000038146973,12.75,12.579999923706055,12.619999885559082,11.362356185913086,1508900,0.0,0.0
2017-05-03 00:00:00-04:00,12.59000015258789,12.609999656677246,12.489999771118164,12.569999694824219,11.317338943481445,1629900,0.0,0.0
2017-05-04 00:00:00-04:00,12.640000343322754,12.640000343322754,12.430000305175781,12.569999694824219,11.317338943481445,2490500,0.0,0.0
2017-05-05 00:00:00-04:00,12.59000015258789,12.6899995803833,12.59000015258789,12.6899995803833,11.42538070678711,951000,0.0,0.0
2017-05-08 00:00:00-04:00,12.699999809265137,12.920000076293945,12.65999984741211,12.789999961853027,11.51541519165039,2245400,0.0,0.0
2017-05-09 00:00:00-04:00,12.8100004196167,13.119999885559082,12.760000228881836,13.109999656677246,11.8035249710083,3330300,0.0,0.0
2017-05-10 00:00:00-04:00,12.300000190734863,13.300000190734863,12.260000228881836,12.710000038146973,11.443388938903809,4191700,0.0,0.0
2017-05-11 00:00:00-04:00,12.670000076293945,12.770000457763672,12.5600004196167,12.680000305175781,11.416377067565918,2551000,0.0,0.0
2017-05-12 00:00:00-04:00,12.670000076293945,12.729999542236328,12.59000015258789,12.710000038146973,11.443388938903809,1653800,0.0,0.0
2017-05-15 00:00:00-04:00,12.779999732971191,12.9399995803833,12.760000228881836,12.890000343322754,11.605447769165039,2005700,0.0,0.0
2017-05-16 00:00:00-04:00,12.960000038146973,12.960000038146973,12.8100004196167,12.930000305175781,11.641463279724121,1797100,0.0,0.0
2017-05-17 00:00:00-04:00,12.84000015258789,12.859999656677246,12.649999618530273,12.65999984741211,11.398370742797852,2493800,0.0,0.0
2017-05-18 00:00:00-04:00,12.6899995803833,12.779999732971191,12.579999923706055,12.699999809265137,11.4343843460083,2378000,0.0,0.0
2017-05-19 00:00:00-04:00,12.720000267028809,12.829999923706055,12.510000228881836,12.819999694824219,11.542425155639648,1682100,0.0,0.0
2017-05-22 00:00:00-04:00,12.859999656677246,13.149999618530273,12.710000038146973,13.119999885559082,11.812527656555176,1861200,0.0,0.0
2017-05-23 00:00:00-04:00,13.170000076293945,13.260000228881836,13.0600004196167,13.149999618530273,11.8395414352417,1455400,0.0,0.0
2017-05-24 00:00:00-04:00,13.1899995803833,13.229999542236328,13.119999885559082,13.220000267028809,11.902563095092773,1025300,0.0,0.0
2017-05-25 00:00:00-04:00,13.289999961853027,13.3100004196167,13.170000076293945,13.210000038146973,11.893561363220215,956700,0.0,0.0
2017-05-26 00:00:00-04:00,13.229999542236328,13.430000305175781,13.170000076293945,13.420000076293945,12.08263111114502,1871000,0.0,0.0
2017-05-30 00:00:00-04:00,13.319999694824219,13.430000305175781,13.140000343322754,13.289999961853027,11.96558666229248,1470600,0.0,0.0
2017-05-31 00:00:00-04:00,13.329999923706055,13.390000343322754,13.100000381469727,13.380000114440918,12.04661750793457,2527600,0.0,0.0
2017-06-01 00:00:00-04:00,13.5,13.619999885559082,13.380000114440918,13.569999694824219,12.217682838439941,1644100,0.0,0.0
2017-06-02 00:00:00-04:00,13.550000190734863,13.640000343322754,13.430000305175781,13.579999923706055,12.226688385009766,1507000,0.0,0.0
2017-06-05 00:00:00-04:00,13.609999656677246,13.609999656677246,13.40999984741211,13.4399995803833,12.100640296936035,1581100,0.0,0.0
2017-06-06 00:00:00-04:00,13.40999984741211,13.5,13.220000267028809,13.479999542236328,12.136655807495117,1459400,0.0,0.0
2017-06-07 00:00:00-04:00,13.539999961853027,13.550000190734863,13.3100004196167,13.359999656677246,12.02861213684082,1990700,0.0,0.0
2017-06-08 00:00:00-04:00,13.470000267028809,13.529999732971191,13.180000305175781,13.510000228881836,12.163664817810059,2104800,0.0,0.0
2017-06-09 00:00:00-04:00,13.550000190734863,13.680000305175781,13.430000305175781,13.649999618530273,12.289712905883789,1701200,0.0,0.0
2017-06-12 00:00:00-04:00,13.649999618530273,13.84000015258789,13.630000114440918,13.670000076293945,12.307717323303223,1603200,0.0,0.0
2017-06-13 00:00:00-04:00,13.649999618530273,13.699999809265137,13.529999732971191,13.5600004196167,12.2086820602417,1946300,0.0,0.0
2017-06-14 00:00:00-04:00,13.59000015258789,13.630000114440918,13.5,13.579999923706055,12.226688385009766,2748400,0.0,0.0
2017-06-15 00:00:00-04:00,13.59000015258789,13.720000267028809,13.4399995803833,13.609999656677246,12.253697395324707,1281200,0.0,0.0
2017-06-16 00:00:00-04:00,13.640000343322754,13.779999732971191,13.520000457763672,13.729999542236328,12.361740112304688,2200100,0.0,0.0
2017-06-19 00:00:00-04:00,13.75,13.850000381469727,13.630000114440918,13.779999732971191,12.406756401062012,827400,0.0,0.0
2017-06-20 00:00:00-04:00,13.75,13.75,13.479999542236328,13.489999771118164,12.14565658569336,914500,0.0,0.0
2017-06-21 00:00:00-04:00,13.539999961853027,13.609999656677246,13.4399995803833,13.529999732971191,12.181670188903809,1436100,0.0,0.0
2017-06-22 00:00:00-04:00,13.529999732971191,13.550000190734863,13.300000190734863,13.449999809265137,12.10964298248291,1379700,0.0,0.0
2017-06-23 00:00:00-04:00,13.4399995803833,13.619999885559082,13.380000114440918,13.59000015258789,12.235690116882324,1415800,0.0,0.0
2017-06-26 00:00:00-04:00,13.609999656677246,13.680000305175781,13.529999732971191,13.65999984741211,12.298714637756348,1030100,0.0,0.0
2017-06-27 00:00:00-04:00,13.609999656677246,13.789999961853027,13.579999923706055,13.65999984741211,12.298714637756348,1180800,0.0,0.0
2017-06-28 00:00:00-04:00,13.720000267028809,13.920000076293945,13.699999809265137,13.850000381469727,12.469779968261719,1760100,0.0,0.0
2017-06-29 00:00:00-04:00,13.850000381469727,13.920000076293945,13.390000343322754,13.600000381469727,12.244695663452148,1757200,0.0,0.0
2017-06-30 00:00:00-04:00,13.630000114440918,13.760000228881836,13.350000381469727,13.699999809265137,12.33473014831543,1754200,0.0,0.0
2017-07-03 00:00:00-04:00,13.739999771118164,13.920000076293945,13.649999618530273,13.890000343322754,12.505796432495117,1108000,0.0,0.0
2017-07-05 00:00:00-04:00,13.890000343322754,13.890000343322754,13.680000305175781,13.729999542236328,12.361740112304688,1875000,0.0,0.0
2017-07-06 00:00:00-04:00,13.670000076293945,13.680000305175781,13.229999542236328,13.239999771118164,11.920570373535156,2048200,0.0,0.0
2017-07-07 00:00:00-04:00,13.279999732971191,13.369999885559082,13.180000305175781,13.319999694824219,11.992596626281738,1692100,0.0,0.0
2017-07-10 00:00:00-04:00,13.279999732971191,13.40999984741211,13.140000343322754,13.149999618530273,11.8395414352417,1744800,0.0,0.0
2017-07-11 00:00:00-04:00,13.140000343322754,13.34000015258789,13.069999694824219,13.270000457763672,11.947580337524414,1618100,0.0,0.0
2017-07-12 00:00:00-04:00,13.319999694824219,13.430000305175781,13.180000305175781,13.199999809265137,11.88455581665039,2724400,0.0,0.0
2017-07-13 00:00:00-04:00,13.229999542236328,13.319999694824219,13.180000305175781,13.229999542236328,11.911568641662598,1252800,0.0,0.0
2017-07-14 00:00:00-04:00,13.300000190734863,13.619999885559082,13.239999771118164,13.569999694824219,12.217682838439941,1541300,0.0,0.0
2017-07-17 00:00:00-04:00,13.569999694824219,13.760000228881836,13.520000457763672,13.680000305175781,12.316722869873047,1289200,0.0,0.0
2017-07-18 00:00:00-04:00,13.649999618530273,13.680000305175781,13.520000457763672,13.630000114440918,12.271705627441406,1105200,0.0,0.0
2017-07-19 00:00:00-04:00,13.680000305175781,13.979999542236328,13.680000305175781,13.930000305175781,12.541810035705566,1339600,0.0,0.0
2017-07-20 00:00:00-04:00,13.90999984741211,14.079999923706055,13.880000114440918,13.960000038146973,12.568818092346191,1174800,0.0,0.0
2017-07-21 00:00:00-04:00,13.899999618530273,14.0600004196167,13.899999618530273,13.930000305175781,12.541810035705566,2521000,0.0,0.0
2017-07-24 00:00:00-04:00,13.949999809265137,14.039999961853027,13.920000076293945,13.979999542236328,12.586825370788574,1026700,0.0,0.0
2017-07-25 00:00:00-04:00,14.050000190734863,14.170000076293945,13.829999923706055,14.119999885559082,12.712875366210938,1271400,0.0,0.0
2017-07-26 00:00:00-04:00,14.119999885559082,14.34000015258789,14.119999885559082,14.229999542236328,12.811912536621094,1171200,0.0,0.0
2017-07-27 00:00:00-04:00,14.210000038146973,14.350000381469727,14.210000038146973,14.270000457763672,12.847928047180176,1157900,0.0,0.0
2017-07-28 00:00:00-04:00,14.260000228881836,14.489999771118164,14.25,14.390000343322754,12.955967903137207,1117700,0.0,0.0
2017-07-31 00:00:00-04:00,14.430000305175781,14.430000305175781,14.260000228881836,14.3100004196167,12.883938789367676,1051800,0.0,0.0
2017-08-01 00:00:00-04:00,14.380000114440918,14.460000038146973,14.270000457763672,14.430000305175781,12.99198055267334,972300,0.0,0.0
2017-08-02 00:00:00-04:00,14.399999618530273,14.399999618530273,14.1899995803833,14.270000457763672,12.847928047180176,1526000,0.0,0.0
2017-08-03 00:00:00-04:00,14.279999732971191,14.399999618530273,14.180000305175781,14.25,12.829919815063477,930400,0.0,0.0
2017-08-04 00:00:00-04:00,14.279999732971191,14.279999732971191,14.100000381469727,14.119999885559082,12.712875366210938,1779300,0.0,0.0
2017-08-07 00:00:00-04:00,14.119999885559082,14.430000305175781,14.119999885559082,14.34000015258789,12.910950660705566,954000,0.0,0.0
2017-08-08 00:00:00-04:00,14.319999694824219,14.319999694824219,14.09000015258789,14.239999771118164,12.820915222167969,993500,0.0,0.0
2017-08-09 00:00:00-04:00,14.170000076293945,14.220000267028809,14.039999961853027,14.170000076293945,12.757893562316895,896800,0.0,0.0
2017-08-10 00:00:00-04:00,14.130000114440918,14.180000305175781,13.59000015258789,13.680000305175781,12.316722869873047,2989500,0.0,0.0
2017-08-11 00:00:00-04:00,13.760000228881836,14.039999961853027,13.399999618530273,13.430000305175781,12.091635704040527,3491000,0.0,0.0
2017-08-14 00:00:00-04:00,13.539999961853027,13.609999656677246,13.300000190734863,13.369999885559082,12.037612915039062,2291700,0.0,0.0
2017-08-15 00:00:00-04:00,13.40999984741211,13.4399995803833,13.279999732971191,13.3100004196167,11.983596801757812,1063800,0.0,0.0
2017-08-16 00:00:00-04:00,13.40999984741211,13.479999542236328,13.210000038146973,13.25,11.929572105407715,1535900,0.0,0.0
2017-08-17 00:00:00-04:00,13.199999809265137,13.449999809265137,13.199999809265137,13.229999542236328,11.911568641662598,2230600,0.0,0.0
2017-08-18 00:00:00-04:00,13.25,13.470000267028809,13.050000190734863,13.270000457763672,11.947580337524414,2004500,0.0,0.0
2017-08-21 00:00:00-04:00,13.210000038146973,13.350000381469727,13.1899995803833,13.3100004196167,11.983596801757812,1631900,0.0,0.0
2017-08-22 00:00:00-04:00,13.279999732971191,13.4399995803833,13.279999732971191,13.390000343322754,12.055622100830078,1197000,0.0,0.0
2017-08-23 00:00:00-04:00,13.289999961853027,13.34000015258789,13.119999885559082,13.180000305175781,11.866549491882324,1586700,0.0,0.0
2017-08-24 00:00:00-04:00,13.210000038146973,13.229999542236328,13.09000015258789,13.199999809265137,11.88455581665039,1161400,0.0,0.0
2017-08-25 00:00:00-04:00,13.279999732971191,13.470000267028809,13.069999694824219,13.420000076293945,12.08263111114502,1492900,0.0,0.0
2017-08-28 00:00:00-04:00,13.369999885559082,13.470000267028809,13.289999961853027,13.430000305175781,12.091635704040527,1557900,0.0,0.0
2017-08-29 00:00:00-04:00,13.359999656677246,13.390000343322754,13.239999771118164,13.359999656677246,12.02861213684082,2164700,0.0,0.0
2017-08-30 00:00:00-04:00,13.359999656677246,13.359999656677246,13.15999984741211,13.300000190734863,11.974591255187988,1641800,0.0,0.0
2017-08-31 00:00:00-04:00,13.319999694824219,13.40999984741211,13.270000457763672,13.369999885559082,12.037612915039062,1226600,0.0,0.0
2017-09-01 00:00:00-04:00,13.399999618530273,13.520000457763672,13.380000114440918,13.449999809265137,12.10964298248291,924300,0.0,0.0
2017-09-05 00:00:00-04:00,13.449999809265137,13.460000038146973,13.1899995803833,13.279999732971191,11.956585884094238,1324600,0.0,0.0
2017-09-06 00:00:00-04:00,13.329999923706055,13.489999771118164,13.270000457763672,13.390000343322754,12.055622100830078,3573700,0.0,0.0
2017-09-07 00:00:00-04:00,13.430000305175781,13.579999923706055,13.390000343322754,13.529999732971191,12.181670188903809,1844500,0.0,0.0
2017-09-08 00:00:00-04:00,13.529999732971191,13.539999961853027,13.109999656677246,13.140000343322754,11.830534934997559,2108900,0.0,0.0
2017-09-11 00:00:00-04:00,13.229999542236328,13.40999984741211,13.199999809265137,13.34000015258789,12.010603904724121,2575500,0.0,0.0
2017-09-12 00:00:00-04:00,13.300000190734863,13.350000381469727,13.1899995803833,13.260000228881836,12.028745651245117,1808700,0.1,0.0
2017-09-13 00:00:00-04:00,13.210000038146973,13.210000038146973,12.84000015258789,13.0,11.792888641357422,2002900,0.0,0.0
2017-09-14 00:00:00-04:00,13.0,13.09000015258789,12.960000038146973,13.050000190734863,11.838248252868652,1776800,0.0,0.0
2017-09-15 00:00:00-04:00,13.050000190734863,13.15999984741211,12.9399995803833,13.09000015258789,11.874532699584961,2914400,0.0,0.0
2017-09-18 00:00:00-04:00,13.140000343322754,13.220000267028809,12.979999542236328,13.09000015258789,11.874532699584961,1811600,0.0,0.0
2017-09-19 00:00:00-04:00,13.100000381469727,13.15999984741211,12.960000038146973,13.050000190734863,11.838248252868652,1779200,0.0,0.0
2017-09-20 00:00:00-04:00,13.100000381469727,13.210000038146973,13.029999732971191,13.170000076293945,11.947104454040527,1475200,0.0,0.0
2017-09-21 00:00:00-04:00,13.15999984741211,13.1899995803833,13.020000457763672,13.079999923706055,11.865462303161621,1730000,0.0,0.0
2017-09-22 00:00:00-04:00,13.020000457763672,13.119999885559082,12.989999771118164,13.029999732971191,11.820104598999023,1098000,0.0,0.0
2017-09-25 00:00:00-04:00,13.050000190734863,13.229999542236328,13.010000228881836,13.199999809265137,11.974318504333496,1404800,0.0,0.0
2017-09-26 00:00:00-04:00,13.229999542236328,13.229999542236328,13.069999694824219,13.109999656677246,11.892674446105957,1158300,0.0,0.0
2017-09-27 00:00:00-04:00,13.130000114440918,13.300000190734863,13.069999694824219,13.260000228881836,12.028745651245117,1325700,0.0,0.0
2017-09-28 00:00:00-04:00,13.210000038146973,13.350000381469727,13.119999885559082,13.260000228881836,12.028745651245117,2190000,0.0,0.0
2017-09-29 00:00:00-04:00,13.220000267028809,13.260000228881836,13.15999984741211,13.260000228881836,12.028745651245117,939800,0.0,0.0
2017-10-02 00:00:00-04:00,13.289999961853027,13.369999885559082,13.1899995803833,13.279999732971191,12.046890258789062,1641100,0.0,0.0
2017-10-03 00:00:00-04:00,13.289999961853027,13.430000305175781,13.239999771118164,13.369999885559082,12.128532409667969,1592900,0.0,0.0
2017-10-04 00:00:00-04:00,13.380000114440918,13.420000076293945,13.300000190734863,13.359999656677246,12.119462966918945,903100,0.0,0.0
2017-10-05 00:00:00-04:00,13.40999984741211,13.460000038146973,13.329999923706055,13.430000305175781,12.182962417602539,1174900,0.0,0.0
2017-10-06 00:00:00-04:00,13.40999984741211,13.4399995803833,13.229999542236328,13.289999961853027,12.055961608886719,1654400,0.0,0.0
2017-10-09 00:00:00-04:00,13.270000457763672,13.289999961853027,13.140000343322754,13.180000305175781,11.9561767578125,817000,0.0,0.0
2017-10-10 00:00:00-04:00,13.260000228881836,13.550000190734863,13.25,13.5,12.246461868286133,2190200,0.0,0.0
2017-10-11 00:00:00-04:00,13.460000038146973,13.5,13.350000381469727,13.479999542236328,12.228320121765137,1167200,0.0,0.0
2017-10-12 00:00:00-04:00,13.460000038146973,13.579999923706055,13.369999885559082,13.539999961853027,12.282748222351074,1768900,0.0,0.0
2017-10-13 00:00:00-04:00,13.609999656677246,13.739999771118164,13.520000457763672,13.680000305175781,12.409749031066895,1440900,0.0,0.0
2017-10-16 00:00:00-04:00,13.680000305175781,13.760000228881836,13.609999656677246,13.680000305175781,12.409749031066895,1704600,0.0,0.0
2017-10-17 00:00:00-04:00,13.640000343322754,13.6899995803833,13.569999694824219,13.619999885559082,12.355319023132324,1285100,0.0,0.0
2017-10-18 00:00:00-04:00,13.619999885559082,13.770000457763672,13.609999656677246,13.729999542236328,12.455106735229492,1219200,0.0,0.0
2017-10-19 00:00:00-04:00,13.649999618530273,13.710000038146973,13.550000190734863,13.619999885559082,12.355319023132324,1846300,0.0,0.0
2017-10-20 00:00:00-04:00,13.6899995803833,13.779999732971191,13.65999984741211,13.710000038146973,12.436963081359863,1317500,0.0,0.0
2017-10-23 00:00:00-04:00,13.720000267028809,13.770000457763672,13.670000076293945,13.75,12.473247528076172,1012700,0.0,0.0
2017-10-24 00:00:00-04:00,13.75,13.779999732971191,13.569999694824219,13.630000114440918,12.36439037322998,1497100,0.0,0.0
2017-10-25 00:00:00-04:00,13.619999885559082,13.710000038146973,13.520000457763672,13.65999984741211,12.391605377197266,1272000,0.0,0.0
2017-10-26 00:00:00-04:00,13.6899995803833,13.819999694824219,13.619999885559082,13.680000305175781,12.409749031066895,1756300,0.0,0.0
2017-10-27 00:00:00-04:00,13.65999984741211,13.729999542236328,13.489999771118164,13.6899995803833,12.418819427490234,1578000,0.0,0.0
2017-10-30 00:00:00-04:00,13.680000305175781,13.829999923706055,13.640000343322754,13.8100004196167,12.527677536010742,1394500,0.0,0.0
2017-10-31 00:00:00-04:00,13.829999923706055,13.829999923706055,13.630000114440918,13.65999984741211,12.391605377197266,1665500,0.0,0.0
2017-11-01 00:00:00-04:00,13.729999542236328,13.869999885559082,13.609999656677246,13.710000038146973,12.436963081359863,1900400,0.0,0.0
2017-11-02 00:00:00-04:00,13.670000076293945,13.829999923706055,13.579999923706055,13.800000190734863,12.518607139587402,1696400,0.0,0.0
2017-11-03 00:00:00-04:00,13.760000228881836,13.869999885559082,13.699999809265137,13.869999885559082,12.58210563659668,2278500,0.0,0.0
2017-11-06 00:00:00-05:00,13.890000343322754,14.279999732971191,13.84000015258789,14.279999732971191,12.954036712646484,4244400,0.0,0.0
2017-11-07 00:00:00-05:00,14.210000038146973,14.529999732971191,14.09000015258789,14.149999618530273,12.836106300354004,2639600,0.0,0.0
2017-11-08 00:00:00-05:00,14.079999923706055,14.149999618530273,14.010000228881836,14.140000343322754,12.827034950256348,1389400,0.0,0.0
2017-11-09 00:00:00-05:00,14.130000114440918,14.5600004196167,14.069999694824219,14.359999656677246,13.026606559753418,2515900,0.0,0.0
2017-11-10 00:00:00-05:00,14.65999984741211,15.789999961853027,14.59000015258789,15.100000381469727,13.697896003723145,5305800,0.0,0.0
2017-11-13 00:00:00-05:00,15.100000381469727,15.40999984741211,15.0,15.229999542236328,13.815824508666992,2704200,0.0,0.0
2017-11-14 00:00:00-05:00,15.170000076293945,15.5,15.109999656677246,15.270000457763672,13.852110862731934,3283600,0.0,0.0
2017-11-15 00:00:00-05:00,15.229999542236328,15.279999732971191,15.100000381469727,15.1899995803833,13.77953815460205,1929400,0.0,0.0
2017-11-16 00:00:00-05:00,15.180000305175781,15.729999542236328,15.149999618530273,15.720000267028809,14.26032829284668,2648200,0.0,0.0
2017-11-17 00:00:00-05:00,15.6899995803833,15.930000305175781,15.59000015258789,15.84000015258789,14.369185447692871,2524700,0.0,0.0
2017-11-20 00:00:00-05:00,15.829999923706055,15.829999923706055,15.619999885559082,15.670000076293945,14.214970588684082,2456300,0.0,0.0
2017-11-21 00:00:00-05:00,15.739999771118164,15.819999694824219,15.670000076293945,15.789999961853027,14.32382583618164,2538000,0.0,0.0
2017-11-22 00:00:00-05:00,15.819999694824219,15.869999885559082,15.760000228881836,15.770000457763672,14.305681228637695,2121200,0.0,0.0
2017-11-24 00:00:00-05:00,15.819999694824219,15.819999694824219,15.699999809265137,15.770000457763672,14.305681228637695,845600,0.0,0.0
2017-11-27 00:00:00-05:00,15.760000228881836,15.8100004196167,15.649999618530273,15.739999771118164,14.27846908569336,2445500,0.0,0.0
2017-11-28 00:00:00-05:00,15.800000190734863,16.15999984741211,15.729999542236328,16.149999618530273,14.650397300720215,3296300,0.0,0.0
2017-11-29 00:00:00-05:00,16.100000381469727,16.43000030517578,16.100000381469727,16.350000381469727,14.831827163696289,2314000,0.0,0.0
2017-11-30 00:00:00-05:00,16.399999618530273,16.420000076293945,16.100000381469727,16.15999984741211,14.659470558166504,3442100,0.0,0.0
2017-12-01 00:00:00-05:00,16.239999771118164,16.31999969482422,15.890000343322754,16.200000762939453,14.695756912231445,3096000,0.0,0.0
2017-12-04 00:00:00-05:00,16.260000228881836,16.8700008392334,16.200000762939453,16.540000915527344,15.00418472290039,3559600,0.0,0.0
2017-12-05 00:00:00-05:00,16.59000015258789,16.649999618530273,16.270000457763672,16.399999618530273,14.877182960510254,2584700,0.0,0.0
2017-12-06 00:00:00-05:00,16.399999618530273,16.520000457763672,16.239999771118164,16.389999389648438,14.868109703063965,3525400,0.0,0.0
2017-12-07 00:00:00-05:00,16.3799991607666,16.389999389648438,16.25,16.360000610351562,14.840898513793945,2694200,0.0,0.0
2017-12-08 00:00:00-05:00,16.420000076293945,16.559999465942383,16.360000610351562,16.549999237060547,15.01325511932373,2012200,0.0,0.0
2017-12-11 00:00:00-05:00,16.559999465942383,16.75,16.5,16.59000015258789,15.049544334411621,3382000,0.0,0.0
2017-12-12 00:00:00-05:00,16.610000610351562,16.6200008392334,16.139999389648438,16.219999313354492,14.713896751403809,2410100,0.0,0.0
2017-12-13 00:00:00-05:00,16.270000457763672,16.329999923706055,16.170000076293945,16.280000686645508,14.768325805664062,3083000,0.0,0.0
2017-12-14 00:00:00-05:00,16.280000686645508,16.40999984741211,16.1200008392334,16.219999313354492,14.713896751403809,3204200,0.0,0.0
2017-12-15 00:00:00-05:00,16.229999542236328,16.25,16.0,16.020000457763672,14.532468795776367,5256300,0.0,0.0
2017-12-18 00:00:00-05:00,16.110000610351562,16.3700008392334,16.06999969482422,16.329999923706055,14.813684463500977,3059600,0.0,0.0
2017-12-19 00:00:00-05:00,16.389999389648438,16.459999084472656,16.18000030517578,16.270000457763672,14.75925350189209,3640500,0.0,0.0
2017-12-20 00:00:00-05:00,16.34000015258789,16.420000076293945,16.219999313354492,16.239999771118164,14.732040405273438,2599400,0.0,0.0
2017-12-21 00:00:00-05:00,16.270000457763672,16.5,16.170000076293945,16.34000015258789,14.822755813598633,2069500,0.0,0.0
2017-12-22 00:00:00-05:00,16.31999969482422,16.450000762939453,16.309999465942383,16.420000076293945,14.8953275680542,2790100,0.0,0.0
2017-12-26 00:00:00-05:00,16.420000076293945,16.479999542236328,16.299999237060547,16.309999465942383,14.795538902282715,669400,0.0,0.0
2017-12-27 00:00:00-05:00,16.34000015258789,16.3799991607666,16.209999084472656,16.25,14.74111270904541,1312600,0.0,0.0
2017-12-28 00:00:00-05:00,16.280000686645508,16.34000015258789,16.170000076293945,16.329999923706055,14.813684463500977,1133500,0.0,0.0
2017-12-29 00:00:00-05:00,16.34000015258789,16.3799991607666,16.209999084472656,16.209999084472656,14.704825401306152,1380400,0.0,0.0
2018-01-02 00:00:00-05:00,16.299999237060547,16.450000762939453,16.229999542236328,16.43000030517578,14.904398918151855,2475000,0.0,0.0
2018-01-03 00:00:00-05:00,16.450000762939453,16.530000686645508,16.40999984741211,16.489999771118164,14.95882797241211,2816600,0.0,0.0
2018-01-04 00:00:00-05:00,16.540000915527344,16.690000534057617,16.510000228881836,16.59000015258789,15.049544334411621,2343200,0.0,0.0
2018-01-05 00:00:00-05:00,16.889999389648438,17.100000381469727,16.520000457763672,16.799999237060547,15.240041732788086,1798400,0.0,0.0
2018-01-08 00:00:00-05:00,16.799999237060547,16.850000381469727,16.670000076293945,16.829999923706055,15.267257690429688,3595500,0.0,0.0
2018-01-09 00:00:00-05:00,16.860000610351562,16.969999313354492,16.790000915527344,16.8799991607666,15.312617301940918,2128200,0.0,0.0
2018-01-10 00:00:00-05:00,16.850000381469727,16.899999618530273,16.770000457763672,16.850000381469727,15.285399436950684,2523800,0.0,0.0
2018-01-11 00:00:00-05:00,16.8700008392334,17.219999313354492,16.8700008392334,17.079999923706055,15.494043350219727,3338200,0.0,0.0
2018-01-12 00:00:00-05:00,17.110000610351562,17.18000030517578,16.979999542236328,17.149999618530273,15.55754566192627,1864900,0.0,0.0
2018-01-16 00:00:00-05:00,17.200000762939453,17.260000228881836,16.940000534057617,16.969999313354492,15.394254684448242,1854100,0.0,0.0
2018-01-17 00:00:00-05:00,16.969999313354492,17.290000915527344,16.940000534057617,17.209999084472656,15.611970901489258,1902100,0.0,0.0
2018-01-18 00:00:00-05:00,17.18000030517578,17.229999542236328,17.0,17.010000228881836,15.430541038513184,2863900,0.0,0.0
2018-01-19 00:00:00-05:00,17.079999923706055,17.280000686645508,16.969999313354492,17.219999313354492,15.621042251586914,4544100,0.0,0.0
2018-01-22 00:00:00-05:00,17.15999984741211,17.190000534057617,16.979999542236328,17.18000030517578,15.584758758544922,1733000,0.0,0.0
2018-01-23 00:00:00-05:00,17.110000610351562,17.1200008392334,16.950000762939453,17.06999969482422,15.484971046447754,1519800,0.0,0.0
2018-01-24 00:00:00-05:00,17.1200008392334,17.190000534057617,16.979999542236328,17.09000015258789,15.503114700317383,1711800,0.0,0.0
2018-01-25 00:00:00-05:00,17.110000610351562,17.149999618530273,16.979999542236328,17.040000915527344,15.457759857177734,1250100,0.0,0.0
2018-01-26 00:00:00-05:00,17.110000610351562,17.15999984741211,16.920000076293945,17.139999389648438,15.548473358154297,1314700,0.0,0.0
2018-01-29 00:00:00-05:00,17.100000381469727,17.239999771118164,17.010000228881836,17.059999465942383,15.475895881652832,1280900,0.0,0.0
2018-01-30 00:00:00-05:00,17.020000457763672,17.209999084472656,16.920000076293945,17.049999237060547,15.466829299926758,1991000,0.0,0.0
2018-01-31 00:00:00-05:00,17.040000915527344,17.139999389648438,16.950000762939453,17.110000610351562,15.521260261535645,1710700,0.0,0.0
2018-02-01 00:00:00-05:00,17.020000457763672,17.100000381469727,16.799999237060547,16.81999969482422,15.25818157196045,2126600,0.0,0.0
2018-02-02 00:00:00-05:00,16.780000686645508,16.829999923706055,16.389999389648438,16.40999984741211,14.886255264282227,2367800,0.0,0.0
2018-02-05 00:00:00-05:00,16.399999618530273,16.59000015258789,15.829999923706055,15.829999923706055,14.360113143920898,3209600,0.0,0.0
2018-02-06 00:00:00-05:00,15.609999656677246,16.309999465942383,15.220000267028809,16.290000915527344,14.777400016784668,6201900,0.0,0.0
2018-02-07 00:00:00-05:00,16.209999084472656,16.360000610351562,15.970000267028809,16.059999465942383,14.568753242492676,2698100,0.0,0.0
2018-02-08 00:00:00-05:00,16.010000228881836,16.139999389648438,15.640000343322754,15.649999618530273,14.196823120117188,2564800,0.0,0.0
2018-02-09 00:00:00-05:00,15.789999961853027,16.350000381469727,15.350000381469727,15.770000457763672,14.305681228637695,3827900,0.0,0.0
2018-02-12 00:00:00-05:00,15.90999984741211,15.960000038146973,15.670000076293945,15.75,14.2875394821167,2714300,0.0,0.0
2018-02-13 00:00:00-05:00,15.699999809265137,16.25,15.699999809265137,16.219999313354492,14.713896751403809,2672100,0.0,0.0
2018-02-14 00:00:00-05:00,16.110000610351562,16.399999618530273,16.059999465942383,16.34000015258789,14.822755813598633,2778200,0.0,0.0
2018-02-15 00:00:00-05:00,16.3700008392334,16.489999771118164,16.229999542236328,16.3700008392334,14.849967956542969,1884900,0.0,0.0
2018-02-16 00:00:00-05:00,16.31999969482422,16.440000534057617,16.200000762939453,16.260000228881836,14.75018310546875,2258400,0.0,0.0
2018-02-20 00:00:00-05:00,16.149999618530273,16.229999542236328,15.930000305175781,15.949999809265137,14.468969345092773,2015700,0.0,0.0
2018-02-21 00:00:00-05:00,15.960000038146973,16.229999542236328,15.960000038146973,16.010000228881836,14.52340030670166,3429100,0.0,0.0
2018-02-22 00:00:00-05:00,16.1200008392334,16.34000015258789,16.1200008392334,16.219999313354492,14.713896751403809,2407600,0.0,0.0
2018-02-23 00:00:00-05:00,16.299999237060547,16.510000228881836,16.139999389648438,16.5,14.967896461486816,1737600,0.0,0.0
2018-02-26 00:00:00-05:00,16.530000686645508,16.65999984741211,16.450000762939453,16.639999389648438,15.094900131225586,1084600,0.0,0.0
2018-02-27 00:00:00-05:00,16.610000610351562,16.670000076293945,16.3700008392334,16.3799991607666,14.859041213989258,1359700,0.0,0.0
2018-02-28 00:00:00-05:00,16.389999389648438,16.450000762939453,16.1200008392334,16.1299991607666,14.632255554199219,2055300,0.0,0.0
2018-03-01 00:00:00-05:00,16.110000610351562,16.190000534057617,15.699999809265137,15.75,14.2875394821167,2916100,0.0,0.0
2018-03-02 00:00:00-05:00,15.75,15.899999618530273,15.640000343322754,15.869999885559082,14.396397590637207,4372600,0.0,0.0
2018-03-05 00:00:00-05:00,15.789999961853027,16.18000030517578,15.760000228881836,16.149999618530273,14.650397300720215,1831400,0.0,0.0
2018-03-06 00:00:00-05:00,16.15999984741211,16.440000534057617,16.09000015258789,16.420000076293945,14.8953275680542,1961900,0.0,0.0
2018-03-07 00:00:00-05:00,16.270000457763672,16.350000381469727,16.100000381469727,16.299999237060547,14.786469459533691,1819300,0.0,0.0
2018-03-08 00:00:00-05:00,16.3700008392334,16.389999389648438,16.149999618530273,16.219999313354492,14.713896751403809,1075800,0.0,0.0
2018-03-09 00:00:00-05:00,16.299999237060547,16.469999313354492,16.229999542236328,16.469999313354492,14.940681457519531,1245000,0.0,0.0
2018-03-12 00:00:00-04:00,16.510000228881836,16.670000076293945,16.459999084472656,16.549999237060547,15.01325511932373,956500,0.0,0.0
2018-03-13 00:00:00-04:00,16.559999465942383,16.670000076293945,16.309999465942383,16.3700008392334,14.940240859985352,1025500,0.1,0.0
2018-03-14 00:00:00-04:00,16.450000762939453,16.469999313354492,16.270000457763672,16.329999923706055,14.90373706817627,1461200,0.0,0.0
2018-03-15 00:00:00-04:00,16.34000015258789,16.5,16.34000015258789,16.420000076293945,14.98587703704834,1464600,0.0,0.0
2018-03-16 00:00:00-04:00,16.440000534057617,16.68000030517578,16.440000534057617,16.600000381469727,15.150155067443848,2281400,0.0,0.0
2018-03-19 00:00:00-04:00,16.549999237060547,16.649999618530273,16.31999969482422,16.34000015258789,14.912863731384277,2723400,0.0,0.0
2018-03-20 00:00:00-04:00,16.3700008392334,16.40999984741211,16.270000457763672,16.360000610351562,14.931117057800293,1672400,0.0,0.0
2018-03-21 00:00:00-04:00,16.360000610351562,16.579999923706055,16.329999923706055,16.510000228881836,15.06801700592041,1560300,0.0,0.0
2018-03-22 00:00:00-04:00,16.3799991607666,16.56999969482422,16.25,16.270000457763672,14.84897518157959,2142700,0.0,0.0
2018-03-23 00:00:00-04:00,16.290000915527344,16.329999923706055,15.5600004196167,15.5600004196167,14.20098876953125,2208000,0.0,0.0
2018-03-26 00:00:00-04:00,15.739999771118164,15.760000228881836,15.34000015258789,15.680000305175781,14.310507774353027,2485900,0.0,0.0
2018-03-27 00:00:00-04:00,15.710000038146973,15.880000114440918,15.510000228881836,15.579999923706055,14.219244003295898,1557600,0.0,0.0
2018-03-28 00:00:00-04:00,15.579999923706055,15.6899995803833,15.430000305175781,15.430000305175781,14.082343101501465,3200500,0.0,0.0
2018-03-29 00:00:00-04:00,15.5600004196167,15.949999809265137,15.4399995803833,15.800000190734863,14.420025825500488,1930600,0.0,0.0
2018-04-02 00:00:00-04:00,15.760000228881836,15.829999923706055,15.279999732971191,15.40999984741211,14.064090728759766,1884800,0.0,0.0
2018-04-03 00:00:00-04:00,15.420000076293945,15.65999984741211,15.199999809265137,15.640000343322754,14.274003982543945,1978900,0.0,0.0
2018-04-04 00:00:00-04:00,15.430000305175781,15.789999961853027,15.34000015258789,15.779999732971191,14.401774406433105,2055100,0.0,0.0
2018-04-05 00:00:00-04:00,15.779999732971191,15.9399995803833,15.630000114440918,15.75,14.374394416809082,2166900,0.0,0.0
2018-04-06 00:00:00-04:00,15.59000015258789,15.789999961853027,15.380000114440918,15.5,14.14622974395752,1306800,0.0,0.0
2018-04-09 00:00:00-04:00,15.550000190734863,15.899999618530273,15.510000228881836,15.649999618530273,14.283125877380371,2584000,0.0,0.0
2018-04-10 00:00:00-04:00,15.779999732971191,16.149999618530273,15.739999771118164,15.949999809265137,14.556927680969238,1651200,0.0,0.0
2018-04-11 00:00:00-04:00,15.829999923706055,15.930000305175781,15.760000228881836,15.800000190734863,14.420025825500488,2031600,0.0,0.0
2018-04-12 00:00:00-04:00,15.880000114440918,15.970000267028809,15.760000228881836,15.90999984741211,14.520419120788574,957100,0.0,0.0
2018-04-13 00:00:00-04:00,15.899999618530273,16.059999465942383,15.6899995803833,15.720000267028809,14.347016334533691,943300,0.0,0.0
2018-04-16 00:00:00-04:00,15.8100004196167,15.989999771118164,15.729999542236328,15.949999809265137,14.556927680969238,2730500,0.0,0.0
2018-04-17 00:00:00-04:00,16.020000457763672,16.1299991607666,15.930000305175781,16.100000381469727,14.693826675415039,1472400,0.0,0.0
2018-04-18 00:00:00-04:00,16.100000381469727,16.190000534057617,16.0,16.030000686645508,14.629939079284668,1515800,0.0,0.0
2018-04-19 00:00:00-04:00,15.979999542236328,16.219999313354492,15.949999809265137,16.190000534057617,14.775967597961426,1550500,0.0,0.0
2018-04-20 00:00:00-04:00,16.229999542236328,16.229999542236328,16.100000381469727,16.170000076293945,14.757710456848145,2417100,0.0,0.0
2018-04-23 00:00:00-04:00,16.18000030517578,16.270000457763672,16.09000015258789,16.18000030517578,14.766839027404785,1107800,0.0,0.0
2018-04-24 00:00:00-04:00,16.239999771118164,16.290000915527344,15.869999885559082,15.899999618530273,14.51129150390625,1173000,0.0,0.0
2018-04-25 00:00:00-04:00,15.869999885559082,15.949999809265137,15.75,15.880000114440918,14.49303913116455,1094500,0.0,0.0
2018-04-26 00:00:00-04:00,15.989999771118164,16.049999237060547,15.880000114440918,15.970000267028809,14.575181007385254,1101000,0.0,0.0
2018-04-27 00:00:00-04:00,15.949999809265137,16.290000915527344,15.859999656677246,16.010000228881836,14.611688613891602,883200,0.0,0.0
2018-04-30 00:00:00-04:00,16.059999465942383,16.15999984741211,15.920000076293945,15.979999542236328,14.584305763244629,1387600,0.0,0.0
2018-05-01 00:00:00-04:00,15.9399995803833,16.030000686645508,15.819999694824219,16.010000228881836,14.611688613891602,1874500,0.0,0.0
2018-05-02 00:00:00-04:00,15.949999809265137,16.0,15.6899995803833,15.710000038146973,14.337888717651367,2250600,0.0,0.0
2018-05-03 00:00:00-04:00,15.699999809265137,15.920000076293945,15.550000190734863,15.880000114440918,14.49303913116455,1368200,0.0,0.0
2018-05-04 00:00:00-04:00,15.8100004196167,16.149999618530273,15.770000457763672,16.139999389648438,14.730330467224121,1236100,0.0,0.0
2018-05-07 00:00:00-04:00,16.15999984741211,16.450000762939453,16.09000015258789,16.389999389648438,14.95849323272705,1493700,0.0,0.0
2018-05-08 00:00:00-04:00,16.309999465942383,16.469999313354492,16.309999465942383,16.3700008392334,14.940240859985352,2328600,0.0,0.0
2018-05-09 00:00:00-04:00,16.440000534057617,16.520000457763672,16.020000457763672,16.510000228881836,15.06801700592041,1688200,0.0,0.0
2018-05-10 00:00:00-04:00,16.559999465942383,16.649999618530273,16.440000534057617,16.59000015258789,15.141030311584473,1979700,0.0,0.0
2018-05-11 00:00:00-04:00,16.100000381469727,16.559999465942383,15.180000305175781,15.180000305175781,13.854178428649902,3252700,0.0,0.0
2018-05-14 00:00:00-04:00,15.430000305175781,15.930000305175781,15.40999984741211,15.819999694824219,14.438281059265137,4637800,0.0,0.0
2018-05-15 00:00:00-04:00,15.779999732971191,15.869999885559082,15.600000381469727,15.789999961853027,14.410901069641113,2364100,0.0,0.0
2018-05-16 00:00:00-04:00,15.800000190734863,15.989999771118164,15.6899995803833,15.890000343322754,14.502166748046875,1996400,0.0,0.0
2018-05-17 00:00:00-04:00,15.859999656677246,15.9399995803833,15.699999809265137,15.739999771118164,14.36526870727539,2517800,0.0,0.0
2018-05-18 00:00:00-04:00,15.680000305175781,15.739999771118164,15.59000015258789,15.630000114440918,14.264874458312988,2746100,0.0,0.0
2018-05-21 00:00:00-04:00,15.670000076293945,15.789999961853027,15.579999923706055,15.699999809265137,14.328761100769043,1570600,0.0,0.0
2018-05-22 00:00:00-04:00,15.699999809265137,15.800000190734863,15.59000015258789,15.609999656677246,14.246621131896973,1430100,0.0,0.0
2018-05-23 00:00:00-04:00,15.520000457763672,15.569999694824219,15.399999618530273,15.479999542236328,14.127974510192871,1275900,0.0,0.0
2018-05-24 00:00:00-04:00,15.449999809265137,15.569999694824219,15.399999618530273,15.520000457763672,14.164484024047852,1577000,0.0,0.0
2018-05-25 00:00:00-04:00,15.489999771118164,15.619999885559082,15.460000038146973,15.579999923706055,14.219244003295898,1269600,0.0,0.0
2018-05-29 00:00:00-04:00,15.460000038146973,15.619999885559082,15.029999732971191,15.079999923706055,13.76291275024414,2067200,0.0,0.0
2018-05-30 00:00:00-04:00,15.170000076293945,15.460000038146973,15.170000076293945,15.399999618530273,14.054963111877441,1667500,0.0,0.0
2018-05-31 00:00:00-04:00,15.390000343322754,15.430000305175781,14.970000267028809,15.029999732971191,13.717279434204102,2912600,0.0,0.0
2018-06-01 00:00:00-04:00,15.140000343322754,15.260000228881836,15.09000015258789,15.210000038146973,13.881558418273926,2238400,0.0,0.0
2018-06-04 00:00:00-04:00,15.300000190734863,15.350000381469727,15.220000267028809,15.289999961853027,13.954570770263672,1478800,0.0,0.0
2018-06-05 00:00:00-04:00,15.260000228881836,15.649999618530273,15.260000228881836,15.619999885559082,14.255748748779297,1727100,0.0,0.0
2018-06-06 00:00:00-04:00,15.640000343322754,15.779999732971191,15.539999961853027,15.699999809265137,14.328761100769043,1577500,0.0,0.0
2018-06-07 00:00:00-04:00,15.720000267028809,15.789999961853027,15.609999656677246,15.65999984741211,14.292254447937012,1539400,0.0,0.0
2018-06-08 00:00:00-04:00,15.670000076293945,15.859999656677246,15.630000114440918,15.819999694824219,14.438281059265137,1513800,0.0,0.0
2018-06-11 00:00:00-04:00,15.789999961853027,15.920000076293945,15.739999771118164,15.869999885559082,14.483914375305176,902500,0.0,0.0
2018-06-12 00:00:00-04:00,15.920000076293945,16.049999237060547,15.859999656677246,16.0,14.602560043334961,1137600,0.0,0.0
2018-06-13 00:00:00-04:00,16.049999237060547,16.350000381469727,15.84000015258789,15.850000381469727,14.46566104888916,2326700,0.0,0.0
2018-06-14 00:00:00-04:00,15.970000267028809,16.049999237060547,15.819999694824219,16.020000457763672,14.62081241607666,2124400,0.0,0.0
2018-06-15 00:00:00-04:00,15.989999771118164,16.09000015258789,15.779999732971191,15.979999542236328,14.584305763244629,3337100,0.0,0.0
2018-06-18 00:00:00-04:00,15.899999618530273,16.079999923706055,15.829999923706055,16.059999465942383,14.657317161560059,1922900,0.0,0.0
2018-06-19 00:00:00-04:00,15.920000076293945,16.010000228881836,15.880000114440918,15.949999809265137,14.556927680969238,1516700,0.0,0.0
2018-06-20 00:00:00-04:00,16.020000457763672,16.110000610351562,15.859999656677246,16.010000228881836,14.611688613891602,1407500,0.0,0.0
2018-06-21 00:00:00-04:00,15.979999542236328,15.979999542236328,15.729999542236328,15.789999961853027,14.410901069641113,1848400,0.0,0.0
2018-06-22 00:00:00-04:00,15.880000114440918,15.899999618530273,15.819999694824219,15.819999694824219,14.438281059265137,1954300,0.0,0.0
2018-06-25 00:00:00-04:00,15.8100004196167,15.880000114440918,15.470000267028809,15.539999961853027,14.18273639678955,2091500,0.0,0.0
2018-06-26 00:00:00-04:00,15.579999923706055,15.59000015258789,15.350000381469727,15.520000457763672,14.164484024047852,1961200,0.0,0.0
2018-06-27 00:00:00-04:00,15.520000457763672,15.729999542236328,15.430000305175781,15.4399995803833,14.091470718383789,1777200,0.0,0.0
2018-06-28 00:00:00-04:00,15.489999771118164,15.59000015258789,15.380000114440918,15.529999732971191,14.17360782623291,1260100,0.0,0.0
2018-06-29 00:00:00-04:00,15.529999732971191,15.720000267028809,15.479999542236328,15.5,14.14622974395752,1886300,0.0,0.0
2018-07-02 00:00:00-04:00,15.4399995803833,15.479999542236328,15.0600004196167,15.149999618530273,13.826797485351562,2719100,0.0,0.0
2018-07-03 00:00:00-04:00,15.239999771118164,15.359999656677246,15.220000267028809,15.279999732971191,13.945442199707031,1116000,0.0,0.0
2018-07-05 00:00:00-04:00,15.329999923706055,15.329999923706055,15.100000381469727,15.279999732971191,13.945442199707031,1325900,0.0,0.0
2018-07-06 00:00:00-04:00,15.34000015258789,15.489999771118164,15.229999542236328,15.399999618530273,14.054963111877441,1724500,0.0,0.0
2018-07-09 00:00:00-04:00,15.4399995803833,15.529999732971191,15.380000114440918,15.5,14.14622974395752,1912500,0.0,0.0
2018-07-10 00:00:00-04:00,15.539999961853027,15.8100004196167,15.420000076293945,15.770000457763672,14.392646789550781,2166200,0.0,0.0
2018-07-11 00:00:00-04:00,15.649999618530273,15.680000305175781,15.529999732971191,15.550000190734863,14.191862106323242,1139300,0.0,0.0
2018-07-12 00:00:00-04:00,15.619999885559082,15.65999984741211,15.449999809265137,15.5600004196167,14.20098876953125,1976400,0.0,0.0
2018-07-13 00:00:00-04:00,15.579999923706055,15.65999984741211,15.5600004196167,15.59000015258789,14.22836971282959,1013400,0.0,0.0
2018-07-16 00:00:00-04:00,15.609999656677246,15.630000114440918,15.380000114440918,15.40999984741211,14.064090728759766,1336400,0.0,0.0
2018-07-17 00:00:00-04:00,15.420000076293945,15.449999809265137,15.329999923706055,15.380000114440918,14.036710739135742,1929900,0.0,0.0
2018-07-18 00:00:00-04:00,15.350000381469727,15.630000114440918,15.300000190734863,15.550000190734863,14.191862106323242,1893800,0.0,0.0
2018-07-19 00:00:00-04:00,15.470000267028809,15.65999984741211,15.449999809265137,15.489999771118164,14.137102127075195,2064300,0.0,0.0
2018-07-20 00:00:00-04:00,15.489999771118164,15.520000457763672,15.270000457763672,15.279999732971191,13.945442199707031,1497900,0.0,0.0
2018-07-23 00:00:00-04:00,15.3100004196167,15.5,15.239999771118164,15.270000457763672,13.936318397521973,1387100,0.0,0.0
2018-07-24 00:00:00-04:00,15.15999984741211,15.40999984741211,15.0,15.050000190734863,13.735533714294434,1132700,0.0,0.0
2018-07-25 00:00:00-04:00,15.020000457763672,15.199999809265137,14.989999771118164,15.170000076293945,13.845051765441895,1286900,0.0,0.0
2018-07-26 00:00:00-04:00,15.1899995803833,15.300000190734863,15.029999732971191,15.09000015258789,13.772040367126465,1591000,0.0,0.0
2018-07-27 00:00:00-04:00,15.140000343322754,15.180000305175781,14.850000381469727,14.890000343322754,13.589508056640625,1455200,0.0,0.0
2018-07-30 00:00:00-04:00,14.890000343322754,15.050000190734863,14.789999961853027,14.949999809265137,13.644265174865723,1661200,0.0,0.0
2018-07-31 00:00:00-04:00,15.020000457763672,15.130000114440918,14.899999618530273,15.069999694824219,13.753786087036133,2125300,0.0,0.0
2018-08-01 00:00:00-04:00,14.989999771118164,15.100000381469727,14.949999809265137,15.069999694824219,13.753786087036133,2158600,0.0,0.0
2018-08-02 00:00:00-04:00,14.989999771118164,15.039999961853027,14.899999618530273,15.010000228881836,13.69902515411377,1234500,0.0,0.0
2018-08-03 00:00:00-04:00,15.050000190734863,15.100000381469727,14.930000305175781,15.079999923706055,13.76291275024414,1288100,0.0,0.0
2018-08-06 00:00:00-04:00,15.050000190734863,15.229999542236328,15.020000457763672,15.119999885559082,13.799420356750488,1736300,0.0,0.0
2018-08-07 00:00:00-04:00,15.119999885559082,15.210000038146973,14.989999771118164,15.140000343322754,13.817672729492188,1443600,0.0,0.0
2018-08-08 00:00:00-04:00,15.149999618530273,15.1899995803833,14.979999542236328,15.140000343322754,13.817672729492188,1715900,0.0,0.0
2018-08-09 00:00:00-04:00,15.170000076293945,15.4399995803833,15.039999961853027,15.260000228881836,13.927191734313965,3182900,0.0,0.0
2018-08-10 00:00:00-04:00,15.170000076293945,15.170000076293945,13.0,13.199999809265137,12.047111511230469,5990400,0.0,0.0
2018-08-13 00:00:00-04:00,13.399999618530273,13.789999961853027,13.329999923706055,13.579999923706055,12.393922805786133,5979300,0.0,0.0
2018-08-14 00:00:00-04:00,13.699999809265137,13.949999809265137,13.510000228881836,13.6899995803833,12.494314193725586,4395700,0.0,0.0
2018-08-15 00:00:00-04:00,13.59000015258789,13.699999809265137,13.489999771118164,13.670000076293945,12.476061820983887,4709900,0.0,0.0
2018-08-16 00:00:00-04:00,13.670000076293945,13.989999771118164,13.5600004196167,13.899999618530273,12.685973167419434,4227500,0.0,0.0
2018-08-17 00:00:00-04:00,13.859999656677246,13.970000267028809,13.720000267028809,13.899999618530273,12.685973167419434,3435800,0.0,0.0
2018-08-20 00:00:00-04:00,13.380000114440918,13.710000038146973,13.270000457763672,13.569999694824219,12.384793281555176,4740600,0.0,0.0
2018-08-21 00:00:00-04:00,13.579999923706055,13.640000343322754,13.390000343322754,13.569999694824219,12.384793281555176,4421500,0.0,0.0
2018-08-22 00:00:00-04:00,13.59000015258789,13.75,13.520000457763672,13.649999618530273,12.457807540893555,2518300,0.0,0.0
2018-08-23 00:00:00-04:00,13.569999694824219,13.649999618530273,13.350000381469727,13.40999984741211,12.238768577575684,2437900,0.0,0.0
2018-08-24 00:00:00-04:00,13.430000305175781,13.5600004196167,13.270000457763672,13.399999618530273,12.229642868041992,3671100,0.0,0.0
2018-08-27 00:00:00-04:00,13.399999618530273,13.5,13.170000076293945,13.25,12.092743873596191,3037000,0.0,0.0
2018-08-28 00:00:00-04:00,13.25,13.350000381469727,13.15999984741211,13.210000038146973,12.05623722076416,2180500,0.0,0.0
2018-08-29 00:00:00-04:00,13.350000381469727,13.5,13.279999732971191,13.34000015258789,12.174882888793945,2753400,0.0,0.0
2018-08-30 00:00:00-04:00,13.329999923706055,13.4399995803833,13.180000305175781,13.220000267028809,12.065363883972168,2144800,0.0,0.0
2018-08-31 00:00:00-04:00,13.170000076293945,13.199999809265137,13.0,13.069999694824219,11.928464889526367,3342100,0.0,0.0
2018-09-04 00:00:00-04:00,13.3100004196167,13.3100004196167,12.890000343322754,12.920000076293945,11.79156494140625,2744800,0.0,0.0
2018-09-05 00:00:00-04:00,12.880000114440918,13.020000457763672,12.770000457763672,12.880000114440918,11.755058288574219,4090900,0.0,0.0
2018-09-06 00:00:00-04:00,12.880000114440918,12.979999542236328,12.619999885559082,12.699999809265137,11.590780258178711,4415200,0.0,0.0
2018-09-07 00:00:00-04:00,12.619999885559082,12.779999732971191,12.430000305175781,12.65999984741211,11.55427360534668,2617100,0.0,0.0
2018-09-10 00:00:00-04:00,12.699999809265137,12.75,12.520000457763672,12.619999885559082,11.517767906188965,3080800,0.0,0.0
2018-09-11 00:00:00-04:00,12.539999961853027,12.59000015258789,12.329999923706055,12.529999732971191,11.526968002319336,3195200,0.1,0.0
2018-09-12 00:00:00-04:00,12.489999771118164,12.609999656677246,12.34000015258789,12.359999656677246,11.370576858520508,3030700,0.0,0.0
2018-09-13 00:00:00-04:00,12.390000343322754,12.600000381469727,12.390000343322754,12.5,11.499371528625488,1953000,0.0,0.0
2018-09-14 00:00:00-04:00,12.529999732971191,12.619999885559082,12.329999923706055,12.4399995803833,11.444173812866211,2412800,0.0,0.0
2018-09-17 00:00:00-04:00,12.539999961853027,12.539999961853027,12.270000457763672,12.270000457763672,11.28778076171875,2056400,0.0,0.0
2018-09-18 00:00:00-04:00,12.329999923706055,12.510000228881836,12.239999771118164,12.420000076293945,11.425774574279785,5667400,0.0,0.0
2018-09-19 00:00:00-04:00,12.449999809265137,12.649999618530273,12.420000076293945,12.520000457763672,11.517768859863281,2533300,0.0,0.0
2018-09-20 00:00:00-04:00,12.539999961853027,12.649999618530273,12.430000305175781,12.619999885559082,11.609762191772461,2988300,0.0,0.0
2018-09-21 00:00:00-04:00,12.649999618530273,12.8100004196167,12.510000228881836,12.8100004196167,11.784553527832031,8676600,0.0,0.0
2018-09-24 00:00:00-04:00,12.699999809265137,12.84000015258789,12.630000114440918,12.75,11.72935676574707,3589400,0.0,0.0
2018-09-25 00:00:00-04:00,12.760000228881836,12.9399995803833,12.720000267028809,12.90999984741211,11.87654972076416,3377900,0.0,0.0
2018-09-26 00:00:00-04:00,12.880000114440918,12.960000038146973,12.75,12.850000381469727,11.821351051330566,3863700,0.0,0.0
2018-09-27 00:00:00-04:00,13.0600004196167,13.079999923706055,12.760000228881836,12.880000114440918,11.848950386047363,8924700,0.0,0.0
2018-09-28 00:00:00-04:00,12.850000381469727,13.220000267028809,12.779999732971191,13.1899995803833,12.134134292602539,6623900,0.0,0.0
2018-10-01 00:00:00-04:00,13.220000267028809,13.300000190734863,13.0,13.100000381469727,12.051337242126465,4504800,0.0,0.0
2018-10-02 00:00:00-04:00,13.100000381469727,13.149999618530273,13.010000228881836,13.069999694824219,12.023740768432617,3415100,0.0,0.0
2018-10-03 00:00:00-04:00,13.109999656677246,13.40999984741211,13.0,13.380000114440918,12.308926582336426,8764400,0.0,0.0
2018-10-04 00:00:00-04:00,13.3100004196167,13.390000343322754,13.199999809265137,13.329999923706055,12.262927055358887,6250400,0.0,0.0
2018-10-05 00:00:00-04:00,13.460000038146973,13.5,13.229999542236328,13.289999961853027,12.226129531860352,5127000,0.0,0.0
2018-10-08 00:00:00-04:00,13.239999771118164,13.329999923706055,13.140000343322754,13.319999694824219,12.253727912902832,2361800,0.0,0.0
2018-10-09 00:00:00-04:00,13.489999771118164,13.520000457763672,13.260000228881836,13.479999542236328,12.400920867919922,5855900,0.0,0.0
2018-10-10 00:00:00-04:00,13.359999656677246,13.4399995803833,12.760000228881836,12.770000457763672,11.74775505065918,5587700,0.0,0.0
2018-10-11 00:00:00-04:00,12.75,12.829999923706055,12.600000381469727,12.699999809265137,11.683359146118164,8657800,0.0,0.0
2018-10-12 00:00:00-04:00,12.869999885559082,12.880000114440918,12.6899995803833,12.819999694824219,11.793754577636719,9594000,0.0,0.0
2018-10-15 00:00:00-04:00,12.739999771118164,13.09000015258789,12.65999984741211,12.989999771118164,11.95014476776123,2062800,0.0,0.0
2018-10-16 00:00:00-04:00,13.069999694824219,13.180000305175781,12.779999732971191,13.140000343322754,12.08813762664795,3384600,0.0,0.0
2018-10-17 00:00:00-04:00,13.140000343322754,13.270000457763672,13.020000457763672,13.210000038146973,12.152535438537598,4082900,0.0,0.0
2018-10-18 00:00:00-04:00,13.220000267028809,13.300000190734863,13.0600004196167,13.140000343322754,12.08813762664795,3213300,0.0,0.0
2018-10-19 00:00:00-04:00,13.210000038146973,13.380000114440918,13.09000015258789,13.130000114440918,12.078937530517578,2794800,0.0,0.0
2018-10-22 00:00:00-04:00,13.180000305175781,13.199999809265137,13.069999694824219,13.1899995803833,12.134134292602539,2750400,0.0,0.0
2018-10-23 00:00:00-04:00,13.020000457763672,13.180000305175781,12.869999885559082,13.09000015258789,12.042140007019043,4079000,0.0,0.0
2018-10-24 00:00:00-04:00,13.050000190734863,13.1899995803833,12.819999694824219,12.850000381469727,11.821351051330566,6921900,0.0,0.0
2018-10-25 00:00:00-04:00,12.920000076293945,13.010000228881836,12.729999542236328,12.859999656677246,11.830550193786621,4822400,0.0,0.0
2018-10-26 00:00:00-04:00,12.770000457763672,12.829999923706055,12.550000190734863,12.670000076293945,11.655760765075684,5926200,0.0,0.0
2018-10-29 00:00:00-04:00,12.789999961853027,12.949999809265137,12.380000114440918,12.470000267028809,11.471771240234375,5166300,0.0,0.0
2018-10-30 00:00:00-04:00,12.510000228881836,12.819999694824219,12.479999542236328,12.819999694824219,11.793754577636719,2854300,0.0,0.0
2018-10-31 00:00:00-04:00,12.970000267028809,13.329999923706055,12.859999656677246,13.1899995803833,12.134134292602539,9907100,0.0,0.0
2018-11-01 00:00:00-04:00,13.15999984741211,13.220000267028809,12.949999809265137,13.130000114440918,12.078937530517578,4138000,0.0,0.0
2018-11-02 00:00:00-04:00,13.15999984741211,13.260000228881836,13.0,13.170000076293945,12.115734100341797,2111300,0.0,0.0
2018-11-05 00:00:00-05:00,13.170000076293945,13.3100004196167,13.079999923706055,13.15999984741211,12.106534957885742,3608200,0.0,0.0
2018-11-06 00:00:00-05:00,13.170000076293945,13.329999923706055,12.880000114440918,13.270000457763672,12.207730293273926,3094800,0.0,0.0
2018-11-07 00:00:00-05:00,13.399999618530273,13.5,13.239999771118164,13.430000305175781,12.354923248291016,6278500,0.0,0.0
2018-11-08 00:00:00-05:00,13.989999771118164,14.140000343322754,13.449999809265137,14.140000343322754,13.008086204528809,9426100,0.0,0.0
2018-11-09 00:00:00-05:00,14.100000381469727,14.380000114440918,14.010000228881836,14.239999771118164,13.100083351135254,3770500,0.0,0.0
2018-11-12 00:00:00-05:00,14.229999542236328,14.270000457763672,13.670000076293945,13.6899995803833,12.594108581542969,3801400,0.0,0.0
2018-11-13 00:00:00-05:00,13.739999771118164,13.880000114440918,13.619999885559082,13.65999984741211,12.566511154174805,3371200,0.0,0.0
2018-11-14 00:00:00-05:00,13.699999809265137,13.84000015258789,13.609999656677246,13.8100004196167,12.704503059387207,2909100,0.0,0.0
2018-11-15 00:00:00-05:00,13.729999542236328,13.729999542236328,13.40999984741211,13.569999694824219,12.483716011047363,4242200,0.0,0.0
2018-11-16 00:00:00-05:00,13.550000190734863,13.760000228881836,13.489999771118164,13.569999694824219,12.483716011047363,2758100,0.0,0.0
2018-11-19 00:00:00-05:00,13.5600004196167,13.579999923706055,13.260000228881836,13.300000190734863,12.235329627990723,2801300,0.0,0.0
2018-11-20 00:00:00-05:00,13.170000076293945,13.319999694824219,12.5600004196167,12.600000381469727,11.591364860534668,4588800,0.0,0.0
2018-11-21 00:00:00-05:00,12.619999885559082,12.9399995803833,12.5600004196167,12.59000015258789,11.582165718078613,4066900,0.0,0.0
2018-11-23 00:00:00-05:00,12.550000190734863,12.720000267028809,12.5,12.609999656677246,11.600563049316406,1691700,0.0,0.0
2018-11-26 00:00:00-05:00,12.760000228881836,13.050000190734863,12.720000267028809,13.029999732971191,11.986945152282715,3508800,0.0,0.0
2018-11-27 00:00:00-05:00,12.970000267028809,13.170000076293945,12.789999961853027,12.869999885559082,11.839750289916992,3349800,0.0,0.0
2018-11-28 00:00:00-05:00,12.880000114440918,13.140000343322754,12.75,13.130000114440918,12.078937530517578,2652200,0.0,0.0
2018-11-29 00:00:00-05:00,13.0600004196167,13.369999885559082,13.0600004196167,13.210000038146973,12.152535438537598,2203400,0.0,0.0
2018-11-30 00:00:00-05:00,13.239999771118164,13.279999732971191,12.970000267028809,12.979999542236328,11.94094467163086,3953500,0.0,0.0
2018-12-03 00:00:00-05:00,13.1899995803833,13.430000305175781,13.100000381469727,13.300000190734863,12.235329627990723,3140600,0.0,0.0
2018-12-04 00:00:00-05:00,13.3100004196167,13.399999618530273,12.859999656677246,12.890000343322754,11.858152389526367,3087200,0.0,0.0
2018-12-06 00:00:00-05:00,12.699999809265137,12.760000228881836,12.319999694824219,12.470000267028809,11.471771240234375,4173400,0.0,0.0
2018-12-07 00:00:00-05:00,12.470000267028809,12.649999618530273,12.270000457763672,12.359999656677246,11.370576858520508,2538000,0.0,0.0
2018-12-10 00:00:00-05:00,12.359999656677246,12.5600004196167,12.109999656677246,12.529999732971191,11.526968002319336,3082800,0.0,0.0
2018-12-11 00:00:00-05:00,12.699999809265137,13.010000228881836,12.350000381469727,12.460000038146973,11.462571144104004,2465000,0.0,0.0
2018-12-12 00:00:00-05:00,12.8100004196167,12.880000114440918,12.479999542236328,12.729999542236328,11.710958480834961,3041600,0.0,0.0
2018-12-13 00:00:00-05:00,12.75,12.979999542236328,12.510000228881836,12.600000381469727,11.591364860534668,2915200,0.0,0.0
2018-12-14 00:00:00-05:00,12.5,12.510000228881836,12.199999809265137,12.25,11.26938533782959,3077100,0.0,0.0
2018-12-17 00:00:00-05:00,12.260000228881836,12.359999656677246,11.989999771118164,12.069999694824219,11.103790283203125,3732500,0.0,0.0
2018-12-18 00:00:00-05:00,12.109999656677246,12.350000381469727,11.869999885559082,11.970000267028809,11.011795997619629,3263400,0.0,0.0
2018-12-19 00:00:00-05:00,12.020000457763672,12.260000228881836,11.800000190734863,11.84000015258789,10.892204284667969,3575000,0.0,0.0
2018-12-20 00:00:00-05:00,11.829999923706055,11.829999923706055,11.270000457763672,11.34000015258789,10.432229042053223,4035000,0.0,0.0
2018-12-21 00:00:00-05:00,11.399999618530273,11.65999984741211,11.020000457763672,11.039999961853027,10.156242370605469,5418000,0.0,0.0
2018-12-24 00:00:00-05:00,11.010000228881836,11.170000076293945,10.859999656677246,10.869999885559082,9.99985122680664,1370400,0.0,0.0
2018-12-26 00:00:00-05:00,10.930000305175781,11.180000305175781,10.649999618530273,11.180000305175781,10.28503704071045,3033800,0.0,0.0
2018-12-27 00:00:00-05:00,11.050000190734863,11.210000038146973,10.760000228881836,11.210000038146973,10.312634468078613,3010300,0.0,0.0
2018-12-28 00:00:00-05:00,11.239999771118164,11.390000343322754,11.09000015258789,11.25,10.349431991577148,2471100,0.0,0.0
2018-12-31 00:00:00-05:00,11.300000190734863,11.399999618530273,11.109999656677246,11.350000381469727,10.441428184509277,1950900,0.0,0.0
2019-01-02 00:00:00-05:00,11.210000038146973,11.460000038146973,11.119999885559082,11.390000343322754,10.478226661682129,2196700,0.0,0.0
2019-01-03 00:00:00-05:00,11.350000381469727,11.470000267028809,11.15999984741211,11.279999732971191,10.377030372619629,2282000,0.0,0.0
2019-01-04 00:00:00-05:00,11.420000076293945,11.800000190734863,11.420000076293945,11.770000457763672,10.827805519104004,1830300,0.0,0.0
2019-01-07 00:00:00-05:00,11.729999542236328,12.0600004196167,11.670000076293945,11.979999542236328,11.02099609375,2191300,0.0,0.0
2019-01-08 00:00:00-05:00,12.0600004196167,12.229999542236328,11.989999771118164,12.15999984741211,11.186588287353516,2295600,0.0,0.0
2019-01-09 00:00:00-05:00,12.0600004196167,12.319999694824219,12.0600004196167,12.210000038146973,11.232584953308105,1344200,0.0,0.0
2019-01-10 00:00:00-05:00,12.1899995803833,12.229999542236328,12.069999694824219,12.180000305175781,11.204988479614258,1440700,0.0,0.0
2019-01-11 00:00:00-05:00,12.100000381469727,12.25,12.0600004196167,12.239999771118164,11.260184288024902,1758400,0.0,0.0
2019-01-14 00:00:00-05:00,12.520000457763672,12.520000457763672,12.220000267028809,12.289999961853027,11.306180000305176,1419000,0.0,0.0
2019-01-15 00:00:00-05:00,12.289999961853027,12.5,12.279999732971191,12.380000114440918,11.38897705078125,1882000,0.0,0.0
2019-01-16 00:00:00-05:00,12.369999885559082,12.489999771118164,12.3100004196167,12.380000114440918,11.38897705078125,1548300,0.0,0.0
2019-01-17 00:00:00-05:00,12.329999923706055,12.539999961853027,12.210000038146973,12.4399995803833,11.444173812866211,1851100,0.0,0.0
2019-01-18 00:00:00-05:00,12.520000457763672,12.5600004196167,12.420000076293945,12.520000457763672,11.517768859863281,1359000,0.0,0.0
2019-01-22 00:00:00-05:00,12.460000038146973,12.510000228881836,12.279999732971191,12.350000381469727,11.361377716064453,2076900,0.0,0.0
2019-01-23 00:00:00-05:00,12.390000343322754,12.390000343322754,11.989999771118164,12.170000076293945,11.195786476135254,3508800,0.0,0.0
2019-01-24 00:00:00-05:00,12.15999984741211,12.460000038146973,12.079999923706055,12.4399995803833,11.444173812866211,1978600,0.0,0.0
2019-01-25 00:00:00-05:00,12.550000190734863,12.789999961853027,12.539999961853027,12.6899995803833,11.674160957336426,3066300,0.0,0.0
2019-01-28 00:00:00-05:00,12.619999885559082,12.710000038146973,12.510000228881836,12.630000114440918,11.618964195251465,1664100,0.0,0.0
2019-01-29 00:00:00-05:00,12.630000114440918,12.819999694824219,12.630000114440918,12.720000267028809,11.70175838470459,3439200,0.0,0.0
2019-01-30 00:00:00-05:00,12.710000038146973,12.800000190734863,12.510000228881836,12.670000076293945,11.655760765075684,1449500,0.0,0.0
2019-01-31 00:00:00-05:00,12.680000305175781,12.869999885559082,12.649999618530273,12.829999923706055,11.802953720092773,2883500,0.0,0.0
2019-02-01 00:00:00-05:00,12.850000381469727,12.850000381469727,12.6899995803833,12.739999771118164,11.720157623291016,2227700,0.0,0.0
2019-02-04 00:00:00-05:00,12.729999542236328,12.960000038146973,12.6899995803833,12.869999885559082,11.839750289916992,2757700,0.0,0.0
2019-02-05 00:00:00-05:00,12.850000381469727,12.989999771118164,12.779999732971191,12.979999542236328,11.94094467163086,2788100,0.0,0.0
2019-02-06 00:00:00-05:00,12.979999542236328,13.130000114440918,12.90999984741211,12.920000076293945,11.885748863220215,2205700,0.0,0.0
2019-02-07 00:00:00-05:00,12.829999923706055,12.84000015258789,12.510000228881836,12.710000038146973,11.692561149597168,3518800,0.0,0.0
2019-02-08 00:00:00-05:00,12.670000076293945,12.949999809265137,12.1899995803833,12.460000038146973,11.462571144104004,3686200,0.0,0.0
2019-02-11 00:00:00-05:00,12.539999961853027,12.789999961853027,12.100000381469727,12.220000267028809,11.241782188415527,2912200,0.0,0.0
2019-02-12 00:00:00-05:00,12.260000228881836,12.520000457763672,12.260000228881836,12.399999618530273,11.407377243041992,2014200,0.0,0.0
2019-02-13 00:00:00-05:00,12.420000076293945,12.609999656677246,12.359999656677246,12.4399995803833,11.444173812866211,2069900,0.0,0.0
2019-02-14 00:00:00-05:00,12.390000343322754,12.649999618530273,12.350000381469727,12.5,11.499371528625488,1654000,0.0,0.0
2019-02-15 00:00:00-05:00,12.569999694824219,12.770000457763672,12.4399995803833,12.75,11.72935676574707,2198600,0.0,0.0
2019-02-19 00:00:00-05:00,12.739999771118164,12.899999618530273,12.710000038146973,12.760000228881836,11.738556861877441,2243100,0.0,0.0
2019-02-20 00:00:00-05:00,12.779999732971191,13.029999732971191,12.720000267028809,12.880000114440918,11.848950386047363,2385300,0.0,0.0
2019-02-21 00:00:00-05:00,12.829999923706055,12.859999656677246,12.75,12.800000190734863,11.775355339050293,2050500,0.0,0.0
2019-02-22 00:00:00-05:00,12.850000381469727,13.050000190734863,12.829999923706055,12.979999542236328,11.94094467163086,6132000,0.0,0.0
2019-02-25 00:00:00-05:00,13.109999656677246,13.1899995803833,12.989999771118164,13.020000457763672,11.977742195129395,3020700,0.0,0.0
2019-02-26 00:00:00-05:00,13.020000457763672,13.069999694824219,12.970000267028809,13.020000457763672,11.977742195129395,3982900,0.0,0.0
2019-02-27 00:00:00-05:00,12.949999809265137,13.109999656677246,12.890000343322754,13.039999961853027,11.996143341064453,2231500,0.0,0.0
2019-02-28 00:00:00-05:00,13.039999961853027,13.079999923706055,12.979999542236328,13.020000457763672,11.977742195129395,3344800,0.0,0.0
2019-03-01 00:00:00-05:00,13.09000015258789,13.279999732971191,13.0600004196167,13.25,12.1893310546875,2331100,0.0,0.0
2019-03-04 00:00:00-05:00,13.350000381469727,13.40999984741211,13.109999656677246,13.239999771118164,12.180131912231445,2566100,0.0,0.0
2019-03-05 00:00:00-05:00,13.25,13.279999732971191,13.100000381469727,13.180000305175781,12.124937057495117,2348600,0.0,0.0
2019-03-06 00:00:00-05:00,13.140000343322754,13.220000267028809,12.949999809265137,13.119999885559082,12.069737434387207,1859700,0.0,0.0
2019-03-07 00:00:00-05:00,13.109999656677246,13.119999885559082,12.859999656677246,12.899999618530273,11.867347717285156,1796400,0.0,0.0
2019-03-08 00:00:00-05:00,12.770000457763672,12.819999694824219,12.680000305175781,12.800000190734863,11.775355339050293,2167600,0.0,0.0
2019-03-11 00:00:00-04:00,12.869999885559082,13.079999923706055,12.829999923706055,13.039999961853027,11.996143341064453,2174300,0.0,0.0
2019-03-12 00:00:00-04:00,12.979999542236328,13.079999923706055,12.829999923706055,12.869999885559082,11.93124771118164,2183200,0.1,0.0
2019-03-13 00:00:00-04:00,12.899999618530273,12.90999984741211,12.6899995803833,12.739999771118164,11.810730934143066,2725700,0.0,0.0
2019-03-14 00:00:00-04:00,12.760000228881836,12.760000228881836,12.619999885559082,12.640000343322754,11.718025207519531,2152400,0.0,0.0
2019-03-15 00:00:00-04:00,12.680000305175781,12.720000267028809,12.5600004196167,12.640000343322754,11.718025207519531,4666300,0.0,0.0
2019-03-18 00:00:00-04:00,12.640000343322754,12.789999961853027,12.600000381469727,12.619999885559082,11.699481964111328,2704000,0.0,0.0
2019-03-19 00:00:00-04:00,12.640000343322754,12.699999809265137,12.479999542236328,12.539999961853027,11.62531852722168,2962000,0.0,0.0
2019-03-20 00:00:00-04:00,12.529999732971191,12.680000305175781,12.359999656677246,12.600000381469727,11.68094253540039,5394800,0.0,0.0
2019-03-21 00:00:00-04:00,12.5600004196167,12.970000267028809,12.539999961853027,12.850000381469727,11.91270637512207,4962600,0.0,0.0
2019-03-22 00:00:00-04:00,12.9399995803833,12.9399995803833,12.529999732971191,12.630000114440918,11.708755493164062,3032200,0.0,0.0
2019-03-25 00:00:00-04:00,12.630000114440918,12.699999809265137,12.510000228881836,12.5600004196167,11.64385986328125,7929400,0.0,0.0
2019-03-26 00:00:00-04:00,12.5600004196167,12.65999984741211,12.369999885559082,12.420000076293945,11.514073371887207,2788100,0.0,0.0
2019-03-27 00:00:00-04:00,12.460000038146973,12.479999542236328,12.229999542236328,12.3100004196167,11.412095069885254,4313900,0.0,0.0
2019-03-28 00:00:00-04:00,12.329999923706055,12.420000076293945,12.210000038146973,12.380000114440918,11.476990699768066,1850700,0.0,0.0
2019-03-29 00:00:00-04:00,12.430000305175781,12.460000038146973,12.350000381469727,12.4399995803833,11.532614707946777,2173400,0.0,0.0
2019-04-01 00:00:00-04:00,12.520000457763672,12.640000343322754,12.470000267028809,12.520000457763672,11.606778144836426,3528400,0.0,0.0
2019-04-02 00:00:00-04:00,12.520000457763672,12.569999694824219,12.40999984741211,12.4399995803833,11.532614707946777,3014000,0.0,0.0
2019-04-03 00:00:00-04:00,12.529999732971191,12.680000305175781,12.4399995803833,12.489999771118164,11.578965187072754,2727300,0.0,0.0
2019-04-04 00:00:00-04:00,12.529999732971191,12.609999656677246,12.489999771118164,12.5,11.588238716125488,2168700,0.0,0.0
2019-04-05 00:00:00-04:00,12.520000457763672,12.630000114440918,12.479999542236328,12.550000190734863,11.63459300994873,1921100,0.0,0.0
2019-04-08 00:00:00-04:00,12.569999694824219,12.670000076293945,12.489999771118164,12.520000457763672,11.606778144836426,1237900,0.0,0.0
2019-04-09 00:00:00-04:00,12.5,12.569999694824219,12.460000038146973,12.520000457763672,11.606778144836426,1664300,0.0,0.0
2019-04-10 00:00:00-04:00,12.479999542236328,12.65999984741211,12.479999542236328,12.649999618530273,11.727296829223633,1425300,0.0,0.0
2019-04-11 00:00:00-04:00,12.65999984741211,12.6899995803833,12.539999961853027,12.539999961853027,11.62531852722168,1616200,0.0,0.0
2019-04-12 00:00:00-04:00,12.619999885559082,12.699999809265137,12.579999923706055,12.649999618530273,11.727296829223633,1442300,0.0,0.0
2019-04-15 00:00:00-04:00,12.65999984741211,12.710000038146973,12.489999771118164,12.539999961853027,11.62531852722168,1877000,0.0,0.0
2019-04-16 00:00:00-04:00,12.59000015258789,12.720000267028809,12.529999732971191,12.670000076293945,11.74583625793457,2052300,0.0,0.0
2019-04-17 00:00:00-04:00,12.710000038146973,12.84000015258789,12.569999694824219,12.59000015258789,11.671672821044922,2170300,0.0,0.0
2019-04-18 00:00:00-04:00,12.579999923706055,12.579999923706055,12.329999923706055,12.520000457763672,11.606778144836426,4340000,0.0,0.0
2019-04-22 00:00:00-04:00,12.489999771118164,12.510000228881836,12.399999618530273,12.4399995803833,11.532614707946777,1845900,0.0,0.0
2019-04-23 00:00:00-04:00,12.420000076293945,12.59000015258789,12.420000076293945,12.5,11.588238716125488,3062800,0.0,0.0
2019-04-24 00:00:00-04:00,12.5,12.550000190734863,12.470000267028809,12.510000228881836,11.597509384155273,2137300,0.0,0.0
2019-04-25 00:00:00-04:00,12.4399995803833,12.489999771118164,12.229999542236328,12.350000381469727,11.449178695678711,2043700,0.0,0.0
2019-04-26 00:00:00-04:00,12.369999885559082,12.470000267028809,12.3100004196167,12.460000038146973,11.551154136657715,3988600,0.0,0.0
2019-04-29 00:00:00-04:00,12.449999809265137,12.600000381469727,12.369999885559082,12.4399995803833,11.532614707946777,2603300,0.0,0.0
2019-04-30 00:00:00-04:00,12.4399995803833,12.479999542236328,12.279999732971191,12.420000076293945,11.514073371887207,3836300,0.0,0.0
2019-05-01 00:00:00-04:00,12.4399995803833,12.529999732971191,12.350000381469727,12.369999885559082,11.467718124389648,2905000,0.0,0.0
2019-05-02 00:00:00-04:00,12.369999885559082,12.369999885559082,12.15999984741211,12.260000228881836,11.365742683410645,1920100,0.0,0.0
2019-05-03 00:00:00-04:00,12.289999961853027,12.369999885559082,12.289999961853027,12.34000015258789,11.439908027648926,1208800,0.0,0.0
2019-05-06 00:00:00-04:00,12.180000305175781,12.260000228881836,11.970000267028809,12.029999732971191,11.152520179748535,2023800,0.0,0.0
2019-05-07 00:00:00-04:00,11.890000343322754,11.989999771118164,11.489999771118164,11.569999694824219,10.726072311401367,3908000,0.0,0.0
2019-05-08 00:00:00-04:00,11.520000457763672,11.670000076293945,11.420000076293945,11.420000076293945,10.58701229095459,3533500,0.0,0.0
2019-05-09 00:00:00-04:00,11.350000381469727,11.520000457763672,11.220000267028809,11.430000305175781,10.596283912658691,4238600,0.0,0.0
2019-05-10 00:00:00-04:00,11.529999732971191,12.149999618530273,11.529999732971191,11.899999618530273,11.032003402709961,4656200,0.0,0.0
2019-05-13 00:00:00-04:00,11.65999984741211,11.819999694824219,11.369999885559082,11.460000038146973,10.624095916748047,3227800,0.0,0.0
2019-05-14 00:00:00-04:00,11.5,11.630000114440918,11.449999809265137,11.520000457763672,10.679719924926758,2653000,0.0,0.0
2019-05-15 00:00:00-04:00,11.40999984741211,11.609999656677246,11.3100004196167,11.569999694824219,10.726072311401367,2160700,0.0,0.0
2019-05-16 00:00:00-04:00,11.609999656677246,11.739999771118164,11.520000457763672,11.529999732971191,10.68898868560791,1644700,0.0,0.0
2019-05-17 00:00:00-04:00,11.4399995803833,11.529999732971191,11.350000381469727,11.40999984741211,10.577741622924805,1665100,0.0,0.0
2019-05-20 00:00:00-04:00,11.619999885559082,11.829999923706055,11.5600004196167,11.59000015258789,10.744612693786621,3033600,0.0,0.0
2019-05-21 00:00:00-04:00,11.699999809265137,11.829999923706055,11.640000343322754,11.800000190734863,10.939295768737793,1877500,0.0,0.0
2019-05-22 00:00:00-04:00,11.760000228881836,11.819999694824219,11.6899995803833,11.760000228881836,10.902215957641602,1778300,0.0,0.0
2019-05-23 00:00:00-04:00,11.699999809265137,11.8100004196167,11.59000015258789,11.789999961853027,10.930026054382324,4068100,0.0,0.0
2019-05-24 00:00:00-04:00,11.84000015258789,11.90999984741211,11.729999542236328,11.779999732971191,10.920754432678223,1709500,0.0,0.0
2019-05-28 00:00:00-04:00,11.8100004196167,11.850000381469727,11.649999618530273,11.779999732971191,10.920754432678223,2941900,0.0,0.0
2019-05-29 00:00:00-04:00,11.770000457763672,11.819999694824219,11.539999961853027,11.609999656677246,10.76315689086914,2416900,0.0,0.0
2019-05-30 00:00:00-04:00,11.619999885559082,11.720000267028809,11.430000305175781,11.449999809265137,10.614824295043945,2370800,0.0,0.0
2019-05-31 00:00:00-04:00,11.350000381469727,11.460000038146973,11.350000381469727,11.390000343322754,10.559202194213867,2083200,0.0,0.0
2019-06-03 00:00:00-04:00,11.359999656677246,11.5,11.350000381469727,11.420000076293945,10.58701229095459,3259400,0.0,0.0
2019-06-04 00:00:00-04:00,11.640000343322754,11.65999984741211,11.489999771118164,11.579999923706055,10.735342025756836,4425300,0.0,0.0
2019-06-05 00:00:00-04:00,11.619999885559082,11.649999618530273,11.369999885559082,11.619999885559082,10.772424697875977,5194500,0.0,0.0
2019-06-06 00:00:00-04:00,11.609999656677246,11.680000305175781,11.539999961853027,11.600000381469727,10.753884315490723,5363600,0.0,0.0
2019-06-07 00:00:00-04:00,11.609999656677246,11.75,11.59000015258789,11.720000267028809,10.865131378173828,3511800,0.0,0.0
2019-06-10 00:00:00-04:00,11.8100004196167,11.850000381469727,11.710000038146973,11.770000457763672,10.911482810974121,2692800,0.0,0.0
2019-06-11 00:00:00-04:00,11.850000381469727,11.869999885559082,11.760000228881836,11.800000190734863,10.939295768737793,2049200,0.0,0.0
2019-06-12 00:00:00-04:00,11.770000457763672,11.850000381469727,11.699999809265137,11.739999771118164,10.883670806884766,1673200,0.0,0.0
2019-06-13 00:00:00-04:00,11.760000228881836,11.829999923706055,11.6899995803833,11.789999961853027,10.930026054382324,2643400,0.0,0.0
2019-06-14 00:00:00-04:00,11.770000457763672,11.859999656677246,11.770000457763672,11.829999923706055,10.967107772827148,3202500,0.0,0.0
2019-06-17 00:00:00-04:00,11.850000381469727,12.279999732971191,11.850000381469727,12.239999771118164,11.347203254699707,6289000,0.0,0.0
2019-06-18 00:00:00-04:00,12.25,13.020000457763672,12.25,12.890000343322754,11.94979190826416,7611700,0.0,0.0
2019-06-19 00:00:00-04:00,12.899999618530273,13.449999809265137,12.899999618530273,13.369999885559082,12.394777297973633,6237200,0.0,0.0
2019-06-20 00:00:00-04:00,13.520000457763672,13.609999656677246,13.380000114440918,13.5600004196167,12.570918083190918,4299500,0.0,0.0
2019-06-21 00:00:00-04:00,13.550000190734863,13.6899995803833,13.369999885559082,13.529999732971191,12.543107986450195,7949600,0.0,0.0
2019-06-24 00:00:00-04:00,13.5,13.539999961853027,13.300000190734863,13.319999694824219,12.348424911499023,2619000,0.0,0.0
2019-06-25 00:00:00-04:00,13.3100004196167,13.369999885559082,13.239999771118164,13.25,12.283530235290527,2130000,0.0,0.0
2019-06-26 00:00:00-04:00,13.270000457763672,13.399999618530273,13.239999771118164,13.300000190734863,12.32988452911377,3143100,0.0,0.0
2019-06-27 00:00:00-04:00,13.319999694824219,13.5,13.319999694824219,13.430000305175781,12.45040225982666,2598700,0.0,0.0
2019-06-28 00:00:00-04:00,13.449999809265137,13.579999923706055,13.359999656677246,13.489999771118164,12.506024360656738,6401700,0.0,0.0
2019-07-01 00:00:00-04:00,13.729999542236328,13.789999961853027,13.420000076293945,13.600000381469727,12.608001708984375,3831000,0.0,0.0
2019-07-02 00:00:00-04:00,13.59000015258789,13.680000305175781,13.40999984741211,13.510000228881836,12.524566650390625,2082200,0.0,0.0
2019-07-03 00:00:00-04:00,13.569999694824219,13.569999694824219,13.40999984741211,13.449999809265137,12.468942642211914,1677100,0.0,0.0
2019-07-05 00:00:00-04:00,13.399999618530273,13.5600004196167,13.359999656677246,13.460000038146973,12.4782133102417,1215400,0.0,0.0
2019-07-08 00:00:00-04:00,13.380000114440918,13.479999542236328,13.260000228881836,13.289999961853027,12.320612907409668,1297900,0.0,0.0
2019-07-09 00:00:00-04:00,13.220000267028809,13.369999885559082,13.210000038146973,13.300000190734863,12.32988452911377,2472300,0.0,0.0
2019-07-10 00:00:00-04:00,13.369999885559082,13.390000343322754,13.25,13.300000190734863,12.32988452911377,1968800,0.0,0.0
2019-07-11 00:00:00-04:00,13.329999923706055,13.359999656677246,13.1899995803833,13.220000267028809,12.255720138549805,3165600,0.0,0.0
2019-07-12 00:00:00-04:00,13.239999771118164,13.399999618530273,13.1899995803833,13.3100004196167,12.339153289794922,2593200,0.0,0.0
2019-07-15 00:00:00-04:00,13.300000190734863,13.369999885559082,13.220000267028809,13.359999656677246,12.385507583618164,2167300,0.0,0.0
2019-07-16 00:00:00-04:00,13.399999618530273,13.609999656677246,13.380000114440918,13.579999923706055,12.589461326599121,2679000,0.0,0.0
2019-07-17 00:00:00-04:00,13.579999923706055,13.670000076293945,13.130000114440918,13.220000267028809,12.255720138549805,2936500,0.0,0.0
2019-07-18 00:00:00-04:00,13.149999618530273,13.329999923706055,13.149999618530273,13.279999732971191,12.3113431930542,2960100,0.0,0.0
2019-07-19 00:00:00-04:00,13.09000015258789,13.260000228881836,12.970000267028809,13.140000343322754,12.181554794311523,4466000,0.0,0.0
2019-07-22 00:00:00-04:00,13.140000343322754,13.300000190734863,13.109999656677246,13.260000228881836,12.292801856994629,2919000,0.0,0.0
2019-07-23 00:00:00-04:00,13.350000381469727,13.449999809265137,13.25,13.380000114440918,12.40404987335205,2417100,0.0,0.0
2019-07-24 00:00:00-04:00,13.329999923706055,13.649999618530273,13.329999923706055,13.569999694824219,12.58018970489502,3246800,0.0,0.0
2019-07-25 00:00:00-04:00,13.5600004196167,13.579999923706055,13.319999694824219,13.369999885559082,12.394777297973633,3153500,0.0,0.0
2019-07-26 00:00:00-04:00,13.40999984741211,13.470000267028809,13.359999656677246,13.430000305175781,12.45040225982666,1844500,0.0,0.0
2019-07-29 00:00:00-04:00,13.399999618530273,13.470000267028809,13.270000457763672,13.380000114440918,12.40404987335205,2277300,0.0,0.0
2019-07-30 00:00:00-04:00,13.279999732971191,13.40999984741211,13.260000228881836,13.380000114440918,12.40404987335205,1476600,0.0,0.0
2019-07-31 00:00:00-04:00,13.350000381469727,13.390000343322754,13.109999656677246,13.15999984741211,12.200094223022461,3304100,0.0,0.0
2019-08-01 00:00:00-04:00,13.119999885559082,13.260000228881836,12.979999542236328,13.029999732971191,12.079580307006836,4014800,0.0,0.0
2019-08-02 00:00:00-04:00,12.960000038146973,13.020000457763672,12.850000381469727,12.979999542236328,12.033224105834961,2978400,0.0,0.0
2019-08-05 00:00:00-04:00,12.819999694824219,12.829999923706055,12.649999618530273,12.760000228881836,11.829272270202637,4952800,0.0,0.0
2019-08-06 00:00:00-04:00,12.84000015258789,12.920000076293945,12.720000267028809,12.899999618530273,11.95905876159668,3276800,0.0,0.0
2019-08-07 00:00:00-04:00,12.75,12.829999923706055,12.489999771118164,12.789999961853027,11.857084274291992,5410600,0.0,0.0
2019-08-08 00:00:00-04:00,12.859999656677246,13.050000190734863,12.829999923706055,13.029999732971191,12.079580307006836,3310600,0.0,0.0
2019-08-09 00:00:00-04:00,12.90999984741211,13.770000457763672,12.90999984741211,13.699999809265137,12.70070743560791,4967700,0.0,0.0
2019-08-12 00:00:00-04:00,13.75,14.229999542236328,13.75,14.029999732971191,13.006637573242188,3267400,0.0,0.0
2019-08-13 00:00:00-04:00,14.0,14.350000381469727,14.0,14.039999961853027,13.015907287597656,4725000,0.0,0.0
2019-08-14 00:00:00-04:00,13.899999618530273,14.170000076293945,13.350000381469727,13.380000114440918,12.40404987335205,3794900,0.0,0.0
2019-08-15 00:00:00-04:00,13.390000343322754,13.9399995803833,13.34000015258789,13.649999618530273,12.654352188110352,4206600,0.0,0.0
2019-08-16 00:00:00-04:00,13.680000305175781,13.829999923706055,13.470000267028809,13.760000228881836,12.756333351135254,2429300,0.0,0.0
2019-08-19 00:00:00-04:00,14.0,14.140000343322754,13.9399995803833,13.989999771118164,12.969555854797363,2459100,0.0,0.0
2019-08-20 00:00:00-04:00,13.979999542236328,14.149999618530273,13.920000076293945,13.920000076293945,12.904661178588867,1986200,0.0,0.0
2019-08-21 00:00:00-04:00,13.989999771118164,14.1899995803833,13.890000343322754,14.100000381469727,13.071532249450684,2572500,0.0,0.0
2019-08-22 00:00:00-04:00,14.1899995803833,14.260000228881836,14.050000190734863,14.149999618530273,13.117883682250977,2120600,0.0,0.0
2019-08-23 00:00:00-04:00,14.069999694824219,14.119999885559082,13.520000457763672,13.539999961853027,12.552376747131348,3362900,0.0,0.0
2019-08-26 00:00:00-04:00,13.630000114440918,13.670000076293945,13.5600004196167,13.65999984741211,12.66362476348877,1704700,0.0,0.0
2019-08-27 00:00:00-04:00,13.729999542236328,13.760000228881836,13.460000038146973,13.510000228881836,12.524566650390625,1787800,0.0,0.0
2019-08-28 00:00:00-04:00,13.520000457763672,13.720000267028809,13.460000038146973,13.720000267028809,12.71925163269043,1405400,0.0,0.0
2019-08-29 00:00:00-04:00,13.859999656677246,13.90999984741211,13.779999732971191,13.800000190734863,12.793412208557129,1067800,0.0,0.0
2019-08-30 00:00:00-04:00,13.84000015258789,13.9399995803833,13.65999984741211,13.75,12.747063636779785,1994200,0.0,0.0
2019-09-03 00:00:00-04:00,13.649999618530273,13.65999984741211,13.489999771118164,13.550000190734863,12.56164836883545,1893000,0.0,0.0
2019-09-04 00:00:00-04:00,13.739999771118164,13.90999984741211,13.680000305175781,13.890000343322754,12.876849174499512,2712500,0.0,0.0
2019-09-05 00:00:00-04:00,14.0,14.140000343322754,13.930000305175781,14.0,12.978825569152832,2327300,0.0,0.0
2019-09-06 00:00:00-04:00,14.050000190734863,14.199999809265137,14.029999732971191,14.109999656677246,13.080801963806152,1594700,0.0,0.0
2019-09-09 00:00:00-04:00,14.039999961853027,14.380000114440918,14.039999961853027,14.369999885559082,13.321837425231934,1593500,0.0,0.0
2019-09-10 00:00:00-04:00,14.270000457763672,14.529999732971191,14.199999809265137,14.510000228881836,13.545891761779785,2442800,0.1,0.0
2019-09-11 00:00:00-04:00,14.529999732971191,14.649999618530273,14.40999984741211,14.550000190734863,13.583234786987305,3194100,0.0,0.0
2019-09-12 00:00:00-04:00,14.579999923706055,14.65999984741211,14.40999984741211,14.420000076293945,13.461873054504395,3394800,0.0,0.0
2019-09-13 00:00:00-04:00,14.510000228881836,14.579999923706055,14.40999984741211,14.550000190734863,13.583234786987305,1471100,0.0,0.0
2019-09-16 00:00:00-04:00,14.489999771118164,14.5,13.970000267028809,14.079999923706055,13.144464492797852,2705900,0.0,0.0
2019-09-17 00:00:00-04:00,14.069999694824219,14.270000457763672,13.949999809265137,14.25,13.303167343139648,1497800,0.0,0.0
2019-09-18 00:00:00-04:00,14.229999542236328,14.359999656677246,14.149999618530273,14.239999771118164,13.293831825256348,2364300,0.0,0.0
2019-09-19 00:00:00-04:00,14.300000190734863,14.300000190734863,13.930000305175781,13.949999809265137,13.023099899291992,2724800,0.0,0.0
2019-09-20 00:00:00-04:00,14.010000228881836,14.210000038146973,13.800000190734863,13.9399995803833,13.013763427734375,4084100,0.0,0.0
2019-09-23 00:00:00-04:00,13.880000114440918,14.119999885559082,13.8100004196167,14.010000228881836,13.079113960266113,1778300,0.0,0.0
2019-09-24 00:00:00-04:00,14.039999961853027,14.09000015258789,13.699999809265137,13.930000305175781,13.004430770874023,2526900,0.0,0.0
2019-09-25 00:00:00-04:00,13.920000076293945,14.119999885559082,13.850000381469727,14.039999961853027,13.1071195602417,1398600,0.0,0.0
2019-09-26 00:00:00-04:00,14.039999961853027,14.039999961853027,13.670000076293945,13.930000305175781,13.004430770874023,1870700,0.0,0.0
2019-09-27 00:00:00-04:00,13.960000038146973,14.029999732971191,13.779999732971191,13.859999656677246,12.939079284667969,1058300,0.0,0.0
2019-09-30 00:00:00-04:00,13.920000076293945,14.1899995803833,13.890000343322754,13.920000076293945,12.99509334564209,1881200,0.0,0.0
2019-10-01 00:00:00-04:00,13.9399995803833,14.119999885559082,13.84000015258789,13.880000114440918,12.957751274108887,2601900,0.0,0.0
2019-10-02 00:00:00-04:00,13.770000457763672,13.829999923706055,13.600000381469727,13.75,12.836390495300293,2156800,0.0,0.0
2019-10-03 00:00:00-04:00,13.800000190734863,13.819999694824219,13.470000267028809,13.6899995803833,12.780374526977539,1940100,0.0,0.0
2019-10-04 00:00:00-04:00,13.600000381469727,13.890000343322754,13.600000381469727,13.859999656677246,12.939079284667969,1325400,0.0,0.0
2019-10-07 00:00:00-04:00,13.789999961853027,13.859999656677246,13.699999809265137,13.710000038146973,12.799046516418457,1976100,0.0,0.0
2019-10-08 00:00:00-04:00,13.630000114440918,13.630000114440918,12.960000038146973,12.970000267028809,12.108216285705566,1879900,0.0,0.0
2019-10-09 00:00:00-04:00,13.020000457763672,13.130000114440918,12.890000343322754,13.079999923706055,12.210906982421875,2142900,0.0,0.0
2019-10-10 00:00:00-04:00,13.0600004196167,13.25,13.039999961853027,13.180000305175781,12.304264068603516,1609700,0.0,0.0
2019-10-11 00:00:00-04:00,13.300000190734863,13.59000015258789,13.300000190734863,13.5,12.603001594543457,2053100,0.0,0.0
2019-10-14 00:00:00-04:00,13.529999732971191,13.5600004196167,13.399999618530273,13.529999732971191,12.63100528717041,2043300,0.0,0.0
2019-10-15 00:00:00-04:00,13.489999771118164,13.539999961853027,12.84000015258789,13.420000076293945,12.528315544128418,3989700,0.0,0.0
2019-10-16 00:00:00-04:00,13.399999618530273,13.6899995803833,13.289999961853027,13.65999984741211,12.752367973327637,3234000,0.0,0.0
2019-10-17 00:00:00-04:00,13.710000038146973,13.819999694824219,13.569999694824219,13.670000076293945,12.761704444885254,2089800,0.0,0.0
2019-10-18 00:00:00-04:00,13.640000343322754,13.770000457763672,13.4399995803833,13.470000267028809,12.574992179870605,1776800,0.0,0.0
2019-10-21 00:00:00-04:00,13.529999732971191,13.710000038146973,13.520000457763672,13.649999618530273,12.74303150177002,2233100,0.0,0.0
2019-10-22 00:00:00-04:00,13.6899995803833,14.0,13.640000343322754,13.84000015258789,12.920408248901367,2102900,0.0,0.0
2019-10-23 00:00:00-04:00,13.869999885559082,13.930000305175781,13.729999542236328,13.850000381469727,12.929743766784668,1453100,0.0,0.0
2019-10-24 00:00:00-04:00,13.930000305175781,14.170000076293945,13.6899995803833,13.8100004196167,12.892401695251465,1974400,0.0,0.0
2019-10-25 00:00:00-04:00,13.779999732971191,13.880000114440918,13.720000267028809,13.800000190734863,12.883066177368164,2280800,0.0,0.0
2019-10-28 00:00:00-04:00,13.850000381469727,14.0,13.819999694824219,13.890000343322754,12.967086791992188,1220500,0.0,0.0
2019-10-29 00:00:00-04:00,14.069999694824219,14.069999694824219,13.829999923706055,13.960000038146973,13.032435417175293,1389200,0.0,0.0
2019-10-30 00:00:00-04:00,13.920000076293945,13.920000076293945,13.550000190734863,13.640000343322754,12.733695983886719,1913800,0.0,0.0
2019-10-31 00:00:00-04:00,13.65999984741211,13.720000267028809,13.4399995803833,13.710000038146973,12.799046516418457,1375000,0.0,0.0
2019-11-01 00:00:00-04:00,13.720000267028809,13.84000015258789,13.569999694824219,13.760000228881836,12.84572696685791,1569700,0.0,0.0
2019-11-04 00:00:00-05:00,13.819999694824219,13.9399995803833,13.729999542236328,13.8100004196167,12.892401695251465,2098000,0.0,0.0
2019-11-05 00:00:00-05:00,13.850000381469727,13.90999984741211,13.729999542236328,13.75,12.836390495300293,1453200,0.0,0.0
2019-11-06 00:00:00-05:00,13.729999542236328,13.760000228881836,13.420000076293945,13.550000190734863,12.649677276611328,1879200,0.0,0.0
2019-11-07 00:00:00-05:00,13.59000015258789,13.800000190734863,13.270000457763672,13.319999694824219,12.434959411621094,4306400,0.0,0.0
2019-11-08 00:00:00-05:00,13.260000228881836,13.460000038146973,12.619999885559082,12.899999618530273,12.042865753173828,6777400,0.0,0.0
2019-11-11 00:00:00-05:00,12.779999732971191,13.1899995803833,12.699999809265137,13.149999618530273,12.276253700256348,4014700,0.0,0.0
2019-11-12 00:00:00-05:00,13.140000343322754,13.15999984741211,12.920000076293945,13.119999885559082,12.248249053955078,4611100,0.0,0.0
2019-11-13 00:00:00-05:00,13.0600004196167,13.260000228881836,12.949999809265137,13.109999656677246,12.238912582397461,5528100,0.0,0.0
2019-11-14 00:00:00-05:00,13.0600004196167,13.100000381469727,12.760000228881836,12.90999984741211,12.052203178405762,2423100,0.0,0.0
2019-11-15 00:00:00-05:00,12.949999809265137,13.020000457763672,12.859999656677246,12.989999771118164,12.126885414123535,1987800,0.0,0.0
2019-11-18 00:00:00-05:00,12.930000305175781,13.050000190734863,12.869999885559082,12.890000343322754,12.033531188964844,1563500,0.0,0.0
2019-11-19 00:00:00-05:00,12.899999618530273,12.930000305175781,12.8100004196167,12.880000114440918,12.024195671081543,1539700,0.0,0.0
2019-11-20 00:00:00-05:00,12.8100004196167,12.859999656677246,12.670000076293945,12.729999542236328,11.884161949157715,1820200,0.0,0.0
2019-11-21 00:00:00-05:00,12.760000228881836,12.899999618530273,12.510000228881836,12.569999694824219,11.734792709350586,3250500,0.0,0.0
2019-11-22 00:00:00-05:00,12.619999885559082,12.739999771118164,12.550000190734863,12.710000038146973,11.865492820739746,2306100,0.0,0.0
2019-11-25 00:00:00-05:00,12.789999961853027,12.890000343322754,12.6899995803833,12.859999656677246,12.005523681640625,3179800,0.0,0.0
2019-11-26 00:00:00-05:00,12.989999771118164,13.079999923706055,12.850000381469727,13.039999961853027,12.173563957214355,3474300,0.0,0.0
2019-11-27 00:00:00-05:00,13.119999885559082,13.220000267028809,13.010000228881836,13.069999694824219,12.201569557189941,1997000,0.0,0.0
2019-11-29 00:00:00-05:00,13.010000228881836,13.050000190734863,12.779999732971191,12.880000114440918,12.024195671081543,1072800,0.0,0.0
2019-12-02 00:00:00-05:00,12.859999656677246,12.930000305175781,12.710000038146973,12.880000114440918,12.024195671081543,2473400,0.0,0.0
2019-12-03 00:00:00-05:00,12.930000305175781,13.069999694824219,12.529999732971191,12.670000076293945,11.828147888183594,2374000,0.0,0.0
2019-12-04 00:00:00-05:00,12.6899995803833,12.899999618530273,12.640000343322754,12.84000015258789,11.98685359954834,3196900,0.0,0.0
2019-12-05 00:00:00-05:00,12.880000114440918,13.050000190734863,12.8100004196167,13.0,12.136221885681152,2713300,0.0,0.0
2019-12-06 00:00:00-05:00,13.09000015258789,13.260000228881836,12.989999771118164,13.210000038146973,12.332270622253418,2171400,0.0,0.0
2019-12-09 00:00:00-05:00,13.1899995803833,13.5,13.149999618530273,13.229999542236328,12.350939750671387,1882300,0.0,0.0
2019-12-10 00:00:00-05:00,13.25,13.34000015258789,13.140000343322754,13.210000038146973,12.332270622253418,2155000,0.0,0.0
2019-12-11 00:00:00-05:00,13.25,13.420000076293945,13.229999542236328,13.3100004196167,12.425623893737793,2488100,0.0,0.0
2019-12-12 00:00:00-05:00,13.369999885559082,13.829999923706055,13.329999923706055,13.789999961853027,12.873730659484863,2787900,0.0,0.0
2019-12-13 00:00:00-05:00,13.8100004196167,13.84000015258789,13.5600004196167,13.59000015258789,12.687020301818848,2255600,0.0,0.0
2019-12-16 00:00:00-05:00,13.65999984741211,13.9399995803833,13.65999984741211,13.729999542236328,12.817716598510742,2146000,0.0,0.0
2019-12-17 00:00:00-05:00,13.779999732971191,13.84000015258789,13.619999885559082,13.789999961853027,12.873730659484863,1604600,0.0,0.0
2019-12-18 00:00:00-05:00,13.779999732971191,14.069999694824219,13.75,14.0600004196167,13.125792503356934,2697800,0.0,0.0
2019-12-19 00:00:00-05:00,14.010000228881836,14.050000190734863,13.819999694824219,13.920000076293945,12.99509334564209,3206900,0.0,0.0
2019-12-20 00:00:00-05:00,14.050000190734863,14.079999923706055,13.760000228881836,13.949999809265137,13.023099899291992,5927800,0.0,0.0
2019-12-23 00:00:00-05:00,14.270000457763672,14.270000457763672,13.890000343322754,14.0,13.069777488708496,1111000,0.0,0.0
2019-12-24 00:00:00-05:00,13.979999542236328,14.029999732971191,13.920000076293945,13.979999542236328,13.051107406616211,769000,0.0,0.0
2019-12-26 00:00:00-05:00,14.050000190734863,14.180000305175781,14.029999732971191,14.170000076293945,13.228480339050293,979600,0.0,0.0
2019-12-27 00:00:00-05:00,14.130000114440918,14.229999542236328,14.069999694824219,14.149999618530273,13.209810256958008,1020700,0.0,0.0
2019-12-30 00:00:00-05:00,14.130000114440918,14.15999984741211,14.0600004196167,14.069999694824219,13.135126113891602,1436800,0.0,0.0
2019-12-31 00:00:00-05:00,14.100000381469727,14.140000343322754,13.949999809265137,14.140000343322754,13.200475692749023,1456700,0.0,0.0
2020-01-02 00:00:00-05:00,14.170000076293945,14.449999809265137,14.15999984741211,14.4399995803833,13.480541229248047,2182900,0.0,0.0
2020-01-03 00:00:00-05:00,14.220000267028809,14.430000305175781,14.220000267028809,14.399999618530273,13.443201065063477,1976500,0.0,0.0
2020-01-06 00:00:00-05:00,14.34000015258789,14.369999885559082,14.199999809265137,14.359999656677246,13.40585708618164,2011900,0.0,0.0
2020-01-07 00:00:00-05:00,14.380000114440918,14.59000015258789,14.289999961853027,14.5,13.536555290222168,1585000,0.0,0.0
2020-01-08 00:00:00-05:00,14.470000267028809,14.680000305175781,14.470000267028809,14.539999961853027,13.573897361755371,1695900,0.0,0.0
2020-01-09 00:00:00-05:00,14.539999961853027,14.59000015258789,14.319999694824219,14.430000305175781,13.47120475769043,1846900,0.0,0.0
2020-01-10 00:00:00-05:00,14.40999984741211,14.470000267028809,14.319999694824219,14.350000381469727,13.396520614624023,1862500,0.0,0.0
2020-01-13 00:00:00-05:00,14.380000114440918,14.579999923706055,14.239999771118164,14.569999694824219,13.60190486907959,1675800,0.0,0.0
2020-01-14 00:00:00-05:00,14.510000228881836,14.6899995803833,14.489999771118164,14.670000076293945,13.695259094238281,1670100,0.0,0.0
2020-01-15 00:00:00-05:00,14.670000076293945,14.800000190734863,14.5,14.789999961853027,13.807286262512207,1399100,0.0,0.0
2020-01-16 00:00:00-05:00,14.829999923706055,14.979999542236328,14.770000457763672,14.90999984741211,13.919313430786133,2419900,0.0,0.0
2020-01-17 00:00:00-05:00,14.920000076293945,15.069999694824219,14.829999923706055,14.90999984741211,13.919313430786133,1838500,0.0,0.0
2020-01-21 00:00:00-05:00,14.770000457763672,14.880000114440918,14.390000343322754,14.489999771118164,13.52721881866455,2380500,0.0,0.0
2020-01-22 00:00:00-05:00,14.489999771118164,14.59000015258789,14.390000343322754,14.449999809265137,13.489877700805664,2262100,0.0,0.0
2020-01-23 00:00:00-05:00,14.369999885559082,14.430000305175781,14.239999771118164,14.350000381469727,13.396520614624023,1468400,0.0,0.0
2020-01-24 00:00:00-05:00,14.289999961853027,14.34000015258789,13.920000076293945,13.9399995803833,13.013763427734375,1806700,0.0,0.0
2020-01-27 00:00:00-05:00,13.699999809265137,13.859999656677246,13.649999618530273,13.65999984741211,12.752367973327637,3727000,0.0,0.0
2020-01-28 00:00:00-05:00,13.670000076293945,13.789999961853027,13.5,13.510000228881836,12.612335205078125,3163800,0.0,0.0
2020-01-29 00:00:00-05:00,13.510000228881836,13.640000343322754,13.319999694824219,13.369999885559082,12.481637001037598,2228300,0.0,0.0
2020-01-30 00:00:00-05:00,13.210000038146973,13.670000076293945,13.180000305175781,13.649999618530273,12.74303150177002,2949600,0.0,0.0
2020-01-31 00:00:00-05:00,13.59000015258789,13.720000267028809,13.510000228881836,13.619999885559082,12.715025901794434,4222300,0.0,0.0
2020-02-03 00:00:00-05:00,13.739999771118164,13.84000015258789,13.609999656677246,13.640000343322754,12.733695983886719,2519000,0.0,0.0
2020-02-04 00:00:00-05:00,13.8100004196167,13.829999923706055,13.619999885559082,13.8100004196167,12.892401695251465,2261900,0.0,0.0
2020-02-05 00:00:00-05:00,13.930000305175781,14.170000076293945,13.779999732971191,14.09000015258789,13.153796195983887,2464500,0.0,0.0
2020-02-06 00:00:00-05:00,14.210000038146973,14.569999694824219,14.119999885559082,14.470000267028809,13.508548736572266,4351600,0.0,0.0
2020-02-07 00:00:00-05:00,13.970000267028809,14.449999809265137,13.569999694824219,14.1899995803833,13.247151374816895,6367500,0.0,0.0
2020-02-10 00:00:00-05:00,14.1899995803833,14.1899995803833,13.630000114440918,13.760000228881836,12.84572696685791,3497000,0.0,0.0
2020-02-11 00:00:00-05:00,13.859999656677246,14.140000343322754,13.800000190734863,14.130000114440918,13.191140174865723,1834000,0.0,0.0
2020-02-12 00:00:00-05:00,14.15999984741211,14.5,14.15999984741211,14.4399995803833,13.480541229248047,2181000,0.0,0.0
2020-02-13 00:00:00-05:00,14.40999984741211,14.470000267028809,14.289999961853027,14.399999618530273,13.443201065063477,1794000,0.0,0.0
2020-02-14 00:00:00-05:00,14.420000076293945,14.619999885559082,14.319999694824219,14.600000381469727,13.629911422729492,1752000,0.0,0.0
2020-02-18 00:00:00-05:00,14.5600004196167,14.600000381469727,14.449999809265137,14.5,13.536555290222168,1710100,0.0,0.0
2020-02-19 00:00:00-05:00,14.550000190734863,14.789999961853027,14.460000038146973,14.609999656677246,13.639245986938477,1610800,0.0,0.0
2020-02-20 00:00:00-05:00,14.739999771118164,14.739999771118164,14.359999656677246,14.550000190734863,13.583234786987305,2027300,0.0,0.0
2020-02-21 00:00:00-05:00,14.470000267028809,14.489999771118164,14.300000190734863,14.34000015258789,13.387186050415039,1656800,0.0,0.0
2020-02-24 00:00:00-05:00,13.989999771118164,14.140000343322754,13.609999656677246,13.609999656677246,12.70569133758545,2171600,0.0,0.0
2020-02-25 00:00:00-05:00,13.670000076293945,13.869999885559082,12.8100004196167,12.859999656677246,12.005523681640625,5930600,0.0,0.0
2020-02-26 00:00:00-05:00,12.869999885559082,12.949999809265137,12.210000038146973,12.329999923706055,11.510740280151367,3233700,0.0,0.0
2020-02-27 00:00:00-05:00,12.100000381469727,12.40999984741211,11.729999542236328,11.930000305175781,11.137317657470703,4158000,0.0,0.0
2020-02-28 00:00:00-05:00,11.510000228881836,12.220000267028809,11.510000228881836,12.079999923706055,11.277352333068848,8734300,0.0,0.0
2020-03-02 00:00:00-05:00,12.119999885559082,12.4399995803833,11.739999771118164,12.430000305175781,11.604095458984375,4424900,0.0,0.0
2020-03-03 00:00:00-05:00,12.34000015258789,12.75,11.779999732971191,11.84000015258789,11.053298950195312,4159000,0.0,0.0
2020-03-04 00:00:00-05:00,11.6899995803833,11.970000267028809,11.520000457763672,11.770000457763672,10.987947463989258,4165800,0.0,0.0
2020-03-05 00:00:00-05:00,11.479999542236328,11.479999542236328,11.010000228881836,11.069999694824219,10.334460258483887,2542600,0.0,0.0
2020-03-06 00:00:00-05:00,10.680000305175781,11.109999656677246,10.579999923706055,11.020000457763672,10.287781715393066,4089300,0.0,0.0
2020-03-09 00:00:00-04:00,10.260000228881836,10.569999694824219,10.069999694824219,10.140000343322754,9.466252326965332,3928200,0.0,0.0
2020-03-10 00:00:00-04:00,10.350000381469727,10.829999923706055,10.0600004196167,10.800000190734863,10.182823181152344,3831700,0.1,0.0
2020-03-11 00:00:00-04:00,10.449999809265137,10.569999694824219,10.010000228881836,10.09000015258789,9.513394355773926,3876400,0.0,0.0
2020-03-12 00:00:00-04:00,9.380000114440918,9.829999923706055,9.109999656677246,9.220000267028809,8.693113327026367,9126200,0.0,0.0
2020-03-13 00:00:00-04:00,9.739999771118164,10.5,9.5,10.470000267028809,9.871682167053223,6720500,0.0,0.0
2020-03-16 00:00:00-04:00,10.5600004196167,10.5600004196167,9.449999809265137,10.140000343322754,9.560537338256836,5382500,0.0,0.0
2020-03-17 00:00:00-04:00,10.170000076293945,11.479999542236328,9.970000267028809,10.880000114440918,10.258252143859863,7291400,0.0,0.0
2020-03-18 00:00:00-04:00,10.569999694824219,10.619999885559082,9.520000457763672,9.880000114440918,9.31539535522461,4261500,0.0,0.0
2020-03-19 00:00:00-04:00,9.819999694824219,10.350000381469727,9.529999732971191,9.670000076293945,9.117398262023926,3494800,0.0,0.0
2020-03-20 00:00:00-04:00,9.359999656677246,9.710000038146973,8.920000076293945,9.020000457763672,8.504544258117676,5681300,0.0,0.0
2020-03-23 00:00:00-04:00,9.109999656677246,9.1899995803833,7.96999979019165,8.229999542236328,7.759687423706055,4201100,0.0,0.0
2020-03-24 00:00:00-04:00,8.649999618530273,8.699999809265137,8.329999923706055,8.680000305175781,8.183972358703613,2568500,0.0,0.0
2020-03-25 00:00:00-04:00,8.65999984741211,9.229999542236328,8.100000381469727,8.720000267028809,8.221685409545898,5042200,0.0,0.0
2020-03-26 00:00:00-04:00,8.779999732971191,9.399999618530273,8.710000038146973,9.15999984741211,8.636541366577148,3247600,0.0,0.0
2020-03-27 00:00:00-04:00,8.890000343322754,8.890000343322754,8.420000076293945,8.529999732971191,8.042542457580566,2888900,0.0,0.0
2020-03-30 00:00:00-04:00,8.470000267028809,8.930000305175781,8.289999961853027,8.819999694824219,8.315971374511719,4264800,0.0,0.0
2020-03-31 00:00:00-04:00,8.979999542236328,9.329999923706055,8.619999885559082,8.979999542236328,8.466826438903809,4254100,0.0,0.0
2020-04-01 00:00:00-04:00,8.420000076293945,9.069999694824219,8.40999984741211,8.640000343322754,8.146256446838379,3475300,0.0,0.0
2020-04-02 00:00:00-04:00,8.520000457763672,8.859999656677246,7.900000095367432,8.199999809265137,7.731402397155762,4876100,0.0,0.0
2020-04-03 00:00:00-04:00,8.15999984741211,8.3100004196167,8.0,8.180000305175781,7.712545871734619,3341400,0.0,0.0
2020-04-06 00:00:00-04:00,8.569999694824219,8.989999771118164,8.489999771118164,8.930000305175781,8.419687271118164,3163900,0.0,0.0
2020-04-07 00:00:00-04:00,8.829999923706055,9.550000190734863,8.630000114440918,8.789999961853027,8.287686347961426,5625500,0.0,0.0
2020-04-08 00:00:00-04:00,8.850000381469727,9.029999732971191,8.630000114440918,8.949999809265137,8.438542366027832,3740300,0.0,0.0
2020-04-09 00:00:00-04:00,9.119999885559082,9.609999656677246,9.050000190734863,9.489999771118164,8.947684288024902,5212200,0.0,0.0
2020-04-13 00:00:00-04:00,9.470000267028809,9.470000267028809,9.100000381469727,9.390000343322754,8.853397369384766,2398800,0.0,0.0
2020-04-14 00:00:00-04:00,9.579999923706055,9.600000381469727,9.140000343322754,9.40999984741211,8.872255325317383,2416400,0.0,0.0
2020-04-15 00:00:00-04:00,9.119999885559082,9.119999885559082,8.670000076293945,8.930000305175781,8.419687271118164,2408300,0.0,0.0
2020-04-16 00:00:00-04:00,8.9399995803833,9.100000381469727,8.399999618530273,8.4399995803833,7.957687854766846,2201400,0.0,0.0
2020-04-17 00:00:00-04:00,8.649999618530273,9.039999961853027,8.649999618530273,8.899999618530273,8.391397476196289,2435900,0.0,0.0
2020-04-20 00:00:00-04:00,8.739999771118164,8.920000076293945,8.609999656677246,8.770000457763672,8.268829345703125,1929600,0.0,0.0
2020-04-21 00:00:00-04:00,8.510000228881836,8.569999694824219,8.260000228881836,8.4399995803833,7.957687854766846,2360000,0.0,0.0
2020-04-22 00:00:00-04:00,8.619999885559082,8.670000076293945,8.40999984741211,8.4399995803833,7.957687854766846,1538300,0.0,0.0
2020-04-23 00:00:00-04:00,8.470000267028809,8.869999885559082,8.449999809265137,8.680000305175781,8.183972358703613,1576100,0.0,0.0
2020-04-24 00:00:00-04:00,8.729999542236328,8.90999984741211,8.649999618530273,8.829999923706055,8.325400352478027,3409300,0.0,0.0
2020-04-27 00:00:00-04:00,8.869999885559082,9.539999961853027,8.869999885559082,9.460000038146973,8.91939926147461,2944100,0.0,0.0
2020-04-28 00:00:00-04:00,9.649999618530273,9.949999809265137,9.489999771118164,9.8100004196167,9.249398231506348,3478700,0.0,0.0
2020-04-29 00:00:00-04:00,10.050000190734863,10.520000457763672,10.0,10.5,9.8999662399292,3903600,0.0,0.0
2020-04-30 00:00:00-04:00,10.260000228881836,10.59000015258789,9.859999656677246,9.90999984741211,9.343681335449219,2009900,0.0,0.0
2020-05-01 00:00:00-04:00,9.760000228881836,9.779999732971191,9.430000305175781,9.479999542236328,8.938254356384277,2056600,0.0,0.0
2020-05-04 00:00:00-04:00,9.34000015258789,9.6899995803833,9.199999809265137,9.640000343322754,9.089112281799316,2787500,0.0,0.0
2020-05-05 00:00:00-04:00,9.739999771118164,10.0,9.510000228881836,9.550000190734863,9.004254341125488,2174900,0.0,0.0
2020-05-06 00:00:00-04:00,9.600000381469727,9.8100004196167,9.5,9.670000076293945,9.117398262023926,1965500,0.0,0.0
2020-05-07 00:00:00-04:00,9.789999961853027,9.9399995803833,9.470000267028809,9.649999618530273,9.098539352416992,2823600,0.0,0.0
2020-05-08 00:00:00-04:00,10.609999656677246,11.0600004196167,10.210000038146973,10.930000305175781,10.30539321899414,3163600,0.0,0.0
2020-05-11 00:00:00-04:00,10.779999732971191,10.880000114440918,10.59000015258789,10.699999809265137,10.088537216186523,2494100,0.0,0.0
2020-05-12 00:00:00-04:00,10.739999771118164,10.989999771118164,10.569999694824219,10.59000015258789,9.984823226928711,2166100,0.0,0.0
2020-05-13 00:00:00-04:00,10.460000038146973,10.630000114440918,10.300000190734863,10.609999656677246,10.003679275512695,3623100,0.0,0.0
2020-05-14 00:00:00-04:00,10.390000343322754,10.800000190734863,10.069999694824219,10.729999542236328,10.116825103759766,3967500,0.0,0.0
2020-05-15 00:00:00-04:00,10.670000076293945,10.899999618530273,10.520000457763672,10.869999885559082,10.248821258544922,2877600,0.0,0.0
2020-05-18 00:00:00-04:00,11.350000381469727,11.539999961853027,11.09000015258789,11.15999984741211,10.522249221801758,2455500,0.0,0.0
2020-05-19 00:00:00-04:00,11.15999984741211,11.40999984741211,11.0600004196167,11.100000381469727,10.465678215026855,1906700,0.0,0.0
2020-05-20 00:00:00-04:00,11.239999771118164,11.510000228881836,11.1899995803833,11.449999809265137,10.795677185058594,1720900,0.0,0.0
2020-05-21 00:00:00-04:00,11.369999885559082,11.470000267028809,11.260000228881836,11.380000114440918,10.729680061340332,1658300,0.0,0.0
2020-05-22 00:00:00-04:00,11.449999809265137,11.579999923706055,11.329999923706055,11.520000457763672,10.861677169799805,1853100,0.0,0.0
2020-05-26 00:00:00-04:00,11.9399995803833,12.010000228881836,11.729999542236328,11.880000114440918,11.201105117797852,2986900,0.0,0.0
2020-05-27 00:00:00-04:00,12.0600004196167,12.09000015258789,11.779999732971191,12.09000015258789,11.399103164672852,3736200,0.0,0.0
2020-05-28 00:00:00-04:00,12.1899995803833,12.210000038146973,11.8100004196167,11.880000114440918,11.201105117797852,2614400,0.0,0.0
2020-05-29 00:00:00-04:00,11.84000015258789,12.289999961853027,11.770000457763672,12.25,11.54996109008789,4649400,0.0,0.0
2020-06-01 00:00:00-04:00,12.260000228881836,12.460000038146973,12.15999984741211,12.1899995803833,11.493388175964355,2103500,0.0,0.0
2020-06-02 00:00:00-04:00,12.390000343322754,12.390000343322754,12.050000190734863,12.25,11.54996109008789,3330800,0.0,0.0
2020-06-03 00:00:00-04:00,12.4399995803833,12.930000305175781,12.170000076293945,12.90999984741211,12.172245025634766,4388000,0.0,0.0
2020-06-04 00:00:00-04:00,12.789999961853027,12.989999771118164,12.630000114440918,12.789999961853027,12.059101104736328,5490200,0.0,0.0
2020-06-05 00:00:00-04:00,13.069999694824219,13.319999694824219,12.890000343322754,12.960000038146973,12.21938705444336,3410300,0.0,0.0
2020-06-08 00:00:00-04:00,12.949999809265137,13.380000114440918,12.920000076293945,13.359999656677246,12.596529006958008,2387400,0.0,0.0
2020-06-09 00:00:00-04:00,13.1899995803833,13.260000228881836,12.829999923706055,12.880000114440918,12.143959045410156,1769200,0.0,0.0
2020-06-10 00:00:00-04:00,12.880000114440918,12.880000114440918,12.369999885559082,12.390000343322754,11.681961059570312,2155600,0.0,0.0
2020-06-11 00:00:00-04:00,12.0,12.039999961853027,11.380000114440918,11.40999984741211,10.757962226867676,2152500,0.0,0.0
2020-06-12 00:00:00-04:00,11.880000114440918,11.930000305175781,11.420000076293945,11.720000267028809,11.050248146057129,1954600,0.0,0.0
2020-06-15 00:00:00-04:00,11.34000015258789,11.899999618530273,11.260000228881836,11.789999961853027,11.11624813079834,2142300,0.0,0.0
2020-06-16 00:00:00-04:00,12.229999542236328,12.289999961853027,11.739999771118164,11.9399995803833,11.257674217224121,2295600,0.0,0.0
2020-06-17 00:00:00-04:00,12.010000228881836,12.369999885559082,11.84000015258789,12.300000190734863,11.5971040725708,4060000,0.0,0.0
2020-06-18 00:00:00-04:00,12.09000015258789,12.210000038146973,11.829999923706055,11.930000305175781,11.248248100280762,2046300,0.0,0.0
2020-06-19 00:00:00-04:00,11.949999809265137,12.210000038146973,11.779999732971191,11.859999656677246,11.182247161865234,4731400,0.0,0.0
2020-06-22 00:00:00-04:00,11.779999732971191,12.029999732971191,11.720000267028809,11.960000038146973,11.276533126831055,1456500,0.0,0.0
2020-06-23 00:00:00-04:00,12.100000381469727,12.210000038146973,12.0,12.0,11.314248085021973,1713600,0.0,0.0
2020-06-24 00:00:00-04:00,11.819999694824219,11.9399995803833,11.640000343322754,11.670000076293945,11.003105163574219,1918600,0.0,0.0
2020-06-25 00:00:00-04:00,11.619999885559082,11.869999885559082,11.510000228881836,11.760000228881836,11.08796215057373,2881500,0.0,0.0
2020-06-26 00:00:00-04:00,11.670000076293945,11.729999542236328,11.239999771118164,11.479999542236328,10.82396411895752,2954700,0.0,0.0
2020-06-29 00:00:00-04:00,11.609999656677246,11.710000038146973,11.380000114440918,11.649999618530273,10.984248161315918,1445300,0.0,0.0
2020-06-30 00:00:00-04:00,11.680000305175781,11.899999618530273,11.600000381469727,11.859999656677246,11.182247161865234,2194300,0.0,0.0
2020-07-01 00:00:00-04:00,11.850000381469727,12.210000038146973,11.699999809265137,12.079999923706055,11.389677047729492,2016000,0.0,0.0
2020-07-02 00:00:00-04:00,12.210000038146973,12.329999923706055,12.0,12.029999732971191,11.34253215789795,1612900,0.0,0.0
2020-07-06 00:00:00-04:00,12.25,12.460000038146973,12.0600004196167,12.170000076293945,11.474532127380371,1550800,0.0,0.0
2020-07-07 00:00:00-04:00,12.039999961853027,12.15999984741211,11.979999542236328,12.0,11.314248085021973,1318400,0.0,0.0
2020-07-08 00:00:00-04:00,11.970000267028809,12.0,11.699999809265137,11.850000381469727,11.172820091247559,1618900,0.0,0.0
2020-07-09 00:00:00-04:00,11.789999961853027,12.130000114440918,11.569999694824219,11.729999542236328,11.059677124023438,2136200,0.0,0.0
2020-07-10 00:00:00-04:00,11.779999732971191,12.0,11.600000381469727,11.960000038146973,11.276533126831055,1671900,0.0,0.0
2020-07-13 00:00:00-04:00,12.029999732971191,12.220000267028809,11.859999656677246,11.930000305175781,11.248248100280762,1877300,0.0,0.0
2020-07-14 00:00:00-04:00,11.920000076293945,12.4399995803833,11.800000190734863,12.430000305175781,11.719675064086914,2656100,0.0,0.0
2020-07-15 00:00:00-04:00,12.539999961853027,12.710000038146973,12.4399995803833,12.649999618530273,11.927102088928223,2590300,0.0,0.0
2020-07-16 00:00:00-04:00,12.609999656677246,12.869999885559082,12.579999923706055,12.760000228881836,12.030816078186035,1130400,0.0,0.0
2020-07-17 00:00:00-04:00,12.789999961853027,12.890000343322754,12.640000343322754,12.819999694824219,12.087386131286621,1079000,0.0,0.0
2020-07-20 00:00:00-04:00,12.75,12.819999694824219,12.609999656677246,12.65999984741211,11.936530113220215,986500,0.0,0.0
2020-07-21 00:00:00-04:00,12.699999809265137,12.869999885559082,12.65999984741211,12.75,12.021388053894043,1205600,0.0,0.0
2020-07-22 00:00:00-04:00,13.050000190734863,13.050000190734863,12.75,12.850000381469727,12.115671157836914,1610600,0.0,0.0
2020-07-23 00:00:00-04:00,12.890000343322754,13.0,12.670000076293945,12.720000267028809,11.9931001663208,1409300,0.0,0.0
2020-07-24 00:00:00-04:00,12.8100004196167,12.899999618530273,12.670000076293945,12.710000038146973,11.983675003051758,921800,0.0,0.0
2020-07-27 00:00:00-04:00,12.720000267028809,12.90999984741211,12.649999618530273,12.880000114440918,12.143959045410156,1119400,0.0,0.0
2020-07-28 00:00:00-04:00,12.770000457763672,12.819999694824219,12.569999694824219,12.710000038146973,11.983675003051758,1208400,0.0,0.0
2020-07-29 00:00:00-04:00,12.819999694824219,12.949999809265137,12.760000228881836,12.869999885559082,12.134529113769531,1405200,0.0,0.0
2020-07-30 00:00:00-04:00,12.75,12.970000267028809,12.630000114440918,12.899999618530273,12.162814140319824,1148000,0.0,0.0
2020-07-31 00:00:00-04:00,12.850000381469727,12.920000076293945,12.600000381469727,12.720000267028809,11.9931001663208,1647700,0.0,0.0
2020-08-03 00:00:00-04:00,12.779999732971191,13.039999961853027,12.670000076293945,13.0,12.257100105285645,1944900,0.0,0.0
2020-08-04 00:00:00-04:00,12.979999542236328,13.40999984741211,12.640000343322754,13.390000343322754,12.624813079833984,1602300,0.0,0.0
2020-08-05 00:00:00-04:00,13.40999984741211,13.510000228881836,13.1899995803833,13.289999961853027,12.530529022216797,1918100,0.0,0.0
2020-08-06 00:00:00-04:00,13.149999618530273,13.600000381469727,13.020000457763672,13.510000228881836,12.737956047058105,2483000,0.0,0.0
2020-08-07 00:00:00-04:00,13.4399995803833,14.359999656677246,13.34000015258789,14.34000015258789,13.520524978637695,2532300,0.0,0.0
2020-08-10 00:00:00-04:00,14.34000015258789,14.970000267028809,14.34000015258789,14.84000015258789,13.991950988769531,4597900,0.0,0.0
2020-08-11 00:00:00-04:00,14.850000381469727,15.329999923706055,14.819999694824219,14.890000343322754,14.039094924926758,3044600,0.0,0.0
2020-08-12 00:00:00-04:00,15.100000381469727,15.40999984741211,15.050000190734863,15.170000076293945,14.303093910217285,3880000,0.0,0.0
2020-08-13 00:00:00-04:00,15.210000038146973,15.420000076293945,15.15999984741211,15.289999961853027,14.416236877441406,2111100,0.0,0.0
2020-08-14 00:00:00-04:00,15.3100004196167,15.460000038146973,15.199999809265137,15.329999923706055,14.453949928283691,1806100,0.0,0.0
2020-08-17 00:00:00-04:00,15.329999923706055,15.390000343322754,15.029999732971191,15.119999885559082,14.255951881408691,2019600,0.0,0.0
2020-08-18 00:00:00-04:00,14.890000343322754,15.270000457763672,14.829999923706055,15.180000305175781,14.312521934509277,2077500,0.0,0.0
2020-08-19 00:00:00-04:00,15.220000267028809,15.40999984741211,15.199999809265137,15.220000267028809,14.350235939025879,1805700,0.0,0.0
2020-08-20 00:00:00-04:00,15.039999961853027,15.279999732971191,15.010000228881836,15.140000343322754,14.274808883666992,1923700,0.0,0.0
2020-08-21 00:00:00-04:00,15.170000076293945,15.170000076293945,14.569999694824219,14.609999656677246,13.77509593963623,2293100,0.0,0.0
2020-08-24 00:00:00-04:00,14.850000381469727,14.880000114440918,14.739999771118164,14.869999885559082,14.020237922668457,1903400,0.0,0.0
2020-08-25 00:00:00-04:00,14.960000038146973,15.010000228881836,14.819999694824219,14.989999771118164,14.133378982543945,1414900,0.0,0.0
2020-08-26 00:00:00-04:00,15.050000190734863,15.149999618530273,14.880000114440918,15.0,14.142807960510254,1513500,0.0,0.0
2020-08-27 00:00:00-04:00,15.079999923706055,15.15999984741211,14.899999618530273,15.0600004196167,14.199380874633789,1175600,0.0,0.0
2020-08-28 00:00:00-04:00,15.149999618530273,15.279999732971191,14.949999809265137,15.260000228881836,14.387951850891113,1374800,0.0,0.0
2020-08-31 00:00:00-04:00,15.319999694824219,15.430000305175781,15.109999656677246,15.119999885559082,14.255951881408691,2079900,0.0,0.0
2020-09-01 00:00:00-04:00,15.109999656677246,15.300000190734863,14.960000038146973,15.180000305175781,14.312521934509277,1553100,0.0,0.0
2020-09-02 00:00:00-04:00,15.1899995803833,15.279999732971191,14.989999771118164,15.239999771118164,14.369093894958496,2486300,0.0,0.0
2020-09-03 00:00:00-04:00,15.270000457763672,15.449999809265137,15.050000190734863,15.210000038146973,14.340808868408203,2973200,0.0,0.0
2020-09-04 00:00:00-04:00,15.260000228881836,15.390000343322754,14.65999984741211,14.949999809265137,14.095666885375977,2423100,0.0,0.0
2020-09-08 00:00:00-04:00,14.850000381469727,14.899999618530273,14.619999885559082,14.640000343322754,13.803380966186523,1935100,0.0,0.0
2020-09-09 00:00:00-04:00,14.770000457763672,15.170000076293945,14.6899995803833,15.119999885559082,14.255951881408691,1965300,0.0,0.0
2020-09-10 00:00:00-04:00,15.09000015258789,15.229999542236328,14.829999923706055,14.84000015258789,13.991950988769531,1961100,0.0,0.0
2020-09-11 00:00:00-04:00,14.970000267028809,15.210000038146973,14.880000114440918,15.0600004196167,14.199380874633789,1964400,0.0,0.0
2020-09-14 00:00:00-04:00,15.170000076293945,15.369999885559082,15.140000343322754,15.3100004196167,14.43509292602539,2204200,0.0,0.0
2020-09-15 00:00:00-04:00,15.270000457763672,15.359999656677246,15.1899995803833,15.319999694824219,14.539490699768066,1630500,0.1,0.0
2020-09-16 00:00:00-04:00,15.399999618530273,15.399999618530273,15.079999923706055,15.109999656677246,14.340187072753906,2612400,0.0,0.0
2020-09-17 00:00:00-04:00,14.920000076293945,15.25,14.859999656677246,15.210000038146973,14.43509292602539,3641700,0.0,0.0
2020-09-18 00:00:00-04:00,14.979999542236328,15.899999618530273,14.899999618530273,15.640000343322754,14.843186378479004,8038400,0.0,0.0
2020-09-21 00:00:00-04:00,15.420000076293945,15.59000015258789,14.369999885559082,14.569999694824219,13.827698707580566,5159000,0.0,0.0
2020-09-22 00:00:00-04:00,14.670000076293945,14.8100004196167,14.470000267028809,14.739999771118164,13.98903751373291,2804000,0.0,0.0
2020-09-23 00:00:00-04:00,14.680000305175781,14.880000114440918,14.15999984741211,14.239999771118164,13.51451301574707,2924100,0.0,0.0
2020-09-24 00:00:00-04:00,14.289999961853027,14.329999923706055,13.960000038146973,14.020000457763672,13.305723190307617,1880200,0.0,0.0
2020-09-25 00:00:00-04:00,13.9399995803833,14.119999885559082,13.84000015258789,14.100000381469727,13.381646156311035,3076600,0.0,0.0
2020-09-28 00:00:00-04:00,14.350000381469727,14.550000190734863,14.170000076293945,14.34000015258789,13.609417915344238,2655400,0.0,0.0
2020-09-29 00:00:00-04:00,14.109999656677246,14.239999771118164,13.779999732971191,13.890000343322754,13.182344436645508,1632300,0.0,0.0
2020-09-30 00:00:00-04:00,13.970000267028809,14.149999618530273,13.899999618530273,14.020000457763672,13.305723190307617,2481900,0.0,0.0
2020-10-01 00:00:00-04:00,14.039999961853027,14.229999542236328,13.970000267028809,14.180000305175781,13.457569122314453,1607700,0.0,0.0
2020-10-02 00:00:00-04:00,14.010000228881836,14.319999694824219,13.890000343322754,14.220000267028809,13.495532035827637,1487900,0.0,0.0
2020-10-05 00:00:00-04:00,14.270000457763672,14.430000305175781,14.140000343322754,14.34000015258789,13.609417915344238,2590200,0.0,0.0
2020-10-06 00:00:00-04:00,14.40999984741211,14.699999809265137,14.130000114440918,14.319999694824219,13.590435028076172,2428400,0.0,0.0
2020-10-07 00:00:00-04:00,14.619999885559082,14.619999885559082,14.229999542236328,14.229999542236328,13.505020141601562,1893400,0.0,0.0
2020-10-08 00:00:00-04:00,14.270000457763672,14.449999809265137,14.039999961853027,14.4399995803833,13.70432186126709,2232500,0.0,0.0
2020-10-09 00:00:00-04:00,14.569999694824219,14.569999694824219,14.220000267028809,14.25,13.524003028869629,1832300,0.0,0.0
2020-10-12 00:00:00-04:00,14.359999656677246,14.539999961853027,14.130000114440918,14.210000038146973,13.486039161682129,1603800,0.0,0.0
2020-10-13 00:00:00-04:00,14.079999923706055,14.34000015258789,13.90999984741211,14.3100004196167,13.580945014953613,1948000,0.0,0.0
2020-10-14 00:00:00-04:00,14.369999885559082,14.600000381469727,14.130000114440918,14.180000305175781,13.457569122314453,1430600,0.0,0.0
2020-10-15 00:00:00-04:00,14.0600004196167,14.130000114440918,13.800000190734863,13.970000267028809,13.258268356323242,1713000,0.0,0.0
2020-10-16 00:00:00-04:00,14.050000190734863,14.229999542236328,13.920000076293945,14.0600004196167,13.343683242797852,974900,0.0,0.0
2020-10-19 00:00:00-04:00,13.970000267028809,14.100000381469727,13.609999656677246,13.770000457763672,13.068458557128906,1439500,0.0,0.0
2020-10-20 00:00:00-04:00,13.850000381469727,13.979999542236328,13.75,13.850000381469727,13.144381523132324,1350500,0.0,0.0
2020-10-21 00:00:00-04:00,13.789999961853027,14.010000228881836,13.760000228881836,13.949999809265137,13.239285469055176,1392000,0.0,0.0
2020-10-22 00:00:00-04:00,13.960000038146973,14.09000015258789,13.779999732971191,13.920000076293945,13.2108154296875,1258900,0.0,0.0
2020-10-23 00:00:00-04:00,13.989999771118164,14.539999961853027,13.729999542236328,13.979999542236328,13.267759323120117,1325400,0.0,0.0
2020-10-26 00:00:00-04:00,13.779999732971191,13.869999885559082,13.470000267028809,13.649999618530273,12.954569816589355,1829200,0.0,0.0
2020-10-27 00:00:00-04:00,13.630000114440918,13.739999771118164,13.399999618530273,13.430000305175781,12.745779991149902,1482200,0.0,0.0
2020-10-28 00:00:00-04:00,13.180000305175781,13.289999961853027,12.949999809265137,12.970000267028809,12.309216499328613,2628500,0.0,0.0
2020-10-29 00:00:00-04:00,12.920000076293945,13.25,12.789999961853027,13.09000015258789,12.423100471496582,1399900,0.0,0.0
2020-10-30 00:00:00-04:00,13.069999694824219,13.180000305175781,12.869999885559082,13.130000114440918,12.46106243133545,1856200,0.0,0.0
2020-11-02 00:00:00-05:00,13.3100004196167,13.4399995803833,13.069999694824219,13.289999961853027,12.61291217803955,1757600,0.0,0.0
2020-11-03 00:00:00-05:00,13.539999961853027,13.65999984741211,13.40999984741211,13.5,12.812214851379395,1208600,0.0,0.0
2020-11-04 00:00:00-05:00,13.489999771118164,13.710000038146973,13.319999694824219,13.539999961853027,12.850173950195312,1769400,0.0,0.0
2020-11-05 00:00:00-05:00,13.720000267028809,14.119999885559082,13.279999732971191,14.0,13.286739349365234,1640200,0.0,0.0
2020-11-06 00:00:00-05:00,15.670000076293945,15.90999984741211,14.789999961853027,15.15999984741211,14.387639045715332,2931700,0.0,0.0
2020-11-09 00:00:00-05:00,15.930000305175781,16.489999771118164,15.640000343322754,15.670000076293945,14.871658325195312,4351400,0.0,0.0
2020-11-10 00:00:00-05:00,15.720000267028809,16.3700008392334,15.720000267028809,16.270000457763672,15.441088676452637,4164700,0.0,0.0
2020-11-11 00:00:00-05:00,16.299999237060547,17.209999084472656,16.260000228881836,17.200000762939453,16.323705673217773,5795100,0.0,0.0
2020-11-12 00:00:00-05:00,17.079999923706055,17.18000030517578,16.229999542236328,16.389999389648438,15.554974555969238,2870600,0.0,0.0
2020-11-13 00:00:00-05:00,16.469999313354492,17.030000686645508,16.34000015258789,16.979999542236328,16.114919662475586,2040000,0.0,0.0
2020-11-16 00:00:00-05:00,17.790000915527344,18.149999618530273,17.149999618530273,17.389999389648438,16.5040283203125,2095100,0.0,0.0
2020-11-17 00:00:00-05:00,17.270000457763672,17.84000015258789,17.25,17.68000030517578,16.779254913330078,2312500,0.0,0.0
2020-11-18 00:00:00-05:00,17.600000381469727,17.959999084472656,17.5,17.549999237060547,16.655872344970703,1883200,0.0,0.0
2020-11-19 00:00:00-05:00,17.520000457763672,17.700000762939453,17.399999618530273,17.549999237060547,16.655872344970703,1950800,0.0,0.0
2020-11-20 00:00:00-05:00,17.530000686645508,17.600000381469727,17.25,17.520000457763672,16.627405166625977,1828900,0.0,0.0
2020-11-23 00:00:00-05:00,17.690000534057617,18.0,17.549999237060547,17.899999618530273,16.9880428314209,1554900,0.0,0.0
2020-11-24 00:00:00-05:00,18.059999465942383,18.270000457763672,17.809999465942383,18.170000076293945,17.24428939819336,2591300,0.0,0.0
2020-11-25 00:00:00-05:00,18.219999313354492,18.270000457763672,17.790000915527344,18.0,17.08295249938965,2540500,0.0,0.0
2020-11-27 00:00:00-05:00,17.989999771118164,18.010000228881836,17.65999984741211,17.709999084472656,16.807722091674805,1141700,0.0,0.0
2020-11-30 00:00:00-05:00,17.700000762939453,17.920000076293945,17.59000015258789,17.649999618530273,16.750783920288086,7736400,0.0,0.0
2020-12-01 00:00:00-05:00,17.700000762939453,18.209999084472656,17.700000762939453,18.06999969482422,17.149385452270508,6509300,0.0,0.0
2020-12-02 00:00:00-05:00,18.0,18.459999084472656,17.739999771118164,18.389999389648438,17.453083038330078,2754100,0.0,0.0
2020-12-03 00:00:00-05:00,18.329999923706055,18.600000381469727,18.219999313354492,18.56999969482422,17.6239070892334,2157700,0.0,0.0
2020-12-04 00:00:00-05:00,18.6299991607666,18.700000762939453,18.40999984741211,18.68000030517578,17.72830581665039,4480400,0.0,0.0
2020-12-07 00:00:00-05:00,18.520000457763672,18.6299991607666,18.389999389648438,18.5,17.557477951049805,1823700,0.0,0.0
2020-12-08 00:00:00-05:00,18.299999237060547,18.5,18.239999771118164,18.3799991607666,17.443592071533203,4797000,0.0,0.0
2020-12-09 00:00:00-05:00,18.43000030517578,18.469999313354492,18.18000030517578,18.270000457763672,17.339197158813477,3616100,0.0,0.0
2020-12-10 00:00:00-05:00,18.219999313354492,18.549999237060547,18.100000381469727,18.350000381469727,17.41512107849121,3937900,0.0,0.0
2020-12-11 00:00:00-05:00,18.280000686645508,18.399999618530273,17.920000076293945,17.959999084472656,17.04498863220215,2254400,0.0,0.0
2020-12-14 00:00:00-05:00,18.100000381469727,18.100000381469727,17.600000381469727,17.75,16.845684051513672,3148900,0.0,0.0
2020-12-15 00:00:00-05:00,18.0,18.200000762939453,17.8700008392334,18.09000015258789,17.168367385864258,5125400,0.0,0.0
2020-12-16 00:00:00-05:00,18.09000015258789,18.139999389648438,17.65999984741211,17.770000457763672,16.864669799804688,3088100,0.0,0.0
2020-12-17 00:00:00-05:00,17.8799991607666,17.959999084472656,17.469999313354492,17.709999084472656,16.807722091674805,2365900,0.0,0.0
2020-12-18 00:00:00-05:00,17.469999313354492,17.729999542236328,17.270000457763672,17.350000381469727,16.466068267822266,5936300,0.0,0.0
2020-12-21 00:00:00-05:00,17.18000030517578,17.709999084472656,17.149999618530273,17.649999618530273,16.750783920288086,3910100,0.0,0.0
2020-12-22 00:00:00-05:00,17.549999237060547,17.809999465942383,17.469999313354492,17.639999389648438,16.74129295349121,3627600,0.0,0.0
2020-12-23 00:00:00-05:00,17.649999618530273,17.81999969482422,17.6200008392334,17.68000030517578,16.779254913330078,3008300,0.0,0.0
2020-12-24 00:00:00-05:00,17.81999969482422,17.940000534057617,17.739999771118164,17.81999969482422,16.91211700439453,1100000,0.0,0.0
2020-12-28 00:00:00-05:00,17.93000030517578,18.309999465942383,17.899999618530273,18.18000030517578,17.253780364990234,1674700,0.0,0.0
2020-12-29 00:00:00-05:00,18.1299991607666,18.229999542236328,17.950000762939453,18.020000457763672,17.101932525634766,1198300,0.0,0.0
2020-12-30 00:00:00-05:00,18.020000457763672,18.290000915527344,17.950000762939453,18.030000686645508,17.111425399780273,1373500,0.0,0.0
2020-12-31 00:00:00-05:00,17.979999542236328,18.100000381469727,17.760000228881836,17.969999313354492,17.054479598999023,1822300,0.0,0.0
2021-01-04 00:00:00-05:00,18.040000915527344,18.299999237060547,17.75,18.15999984741211,17.234798431396484,3037700,0.0,0.0
2021-01-05 00:00:00-05:00,18.040000915527344,18.420000076293945,18.0,18.280000686645508,17.34868812561035,1844400,0.0,0.0
2021-01-06 00:00:00-05:00,18.420000076293945,19.43000030517578,18.219999313354492,19.25,18.269264221191406,3218600,0.0,0.0
2021-01-07 00:00:00-05:00,19.280000686645508,19.309999465942383,18.729999542236328,18.739999771118164,17.78525161743164,2406400,0.0,0.0
2021-01-08 00:00:00-05:00,18.770000457763672,18.90999984741211,18.3799991607666,18.6299991607666,17.68085289001465,1920300,0.0,0.0
2021-01-11 00:00:00-05:00,18.3700008392334,18.809999465942383,18.299999237060547,18.65999984741211,17.70932388305664,1465900,0.0,0.0
2021-01-12 00:00:00-05:00,18.610000610351562,18.739999771118164,18.34000015258789,18.399999618530273,17.462574005126953,1906000,0.0,0.0
2021-01-13 00:00:00-05:00,18.3700008392334,18.600000381469727,18.260000228881836,18.280000686645508,17.34868812561035,2430000,0.0,0.0
2021-01-14 00:00:00-05:00,18.350000381469727,18.889999389648438,18.350000381469727,18.690000534057617,17.7377986907959,1938500,0.0,0.0
2021-01-15 00:00:00-05:00,18.6299991607666,18.739999771118164,18.399999618530273,18.700000762939453,17.747289657592773,2016500,0.0,0.0
2021-01-19 00:00:00-05:00,18.790000915527344,18.850000381469727,18.520000457763672,18.75,17.794740676879883,2535800,0.0,0.0
2021-01-20 00:00:00-05:00,18.84000015258789,19.18000030517578,18.799999237060547,19.110000610351562,18.136398315429688,2357800,0.0,0.0
2021-01-21 00:00:00-05:00,19.06999969482422,19.450000762939453,19.020000457763672,19.209999084472656,18.23130226135254,1620900,0.0,0.0
2021-01-22 00:00:00-05:00,19.1200008392334,19.190000534057617,18.559999465942383,18.56999969482422,17.6239070892334,2832800,0.0,0.0
2021-01-25 00:00:00-05:00,18.420000076293945,18.860000610351562,18.290000915527344,18.75,17.794740676879883,2912000,0.0,0.0
2021-01-26 00:00:00-05:00,18.940000534057617,19.18000030517578,18.559999465942383,19.139999389648438,18.164871215820312,1743100,0.0,0.0
2021-01-27 00:00:00-05:00,19.420000076293945,20.049999237060547,19.170000076293945,19.579999923706055,18.582456588745117,5110200,0.0,0.0
2021-01-28 00:00:00-05:00,19.719999313354492,19.809999465942383,19.229999542236328,19.510000228881836,18.51601791381836,3810300,0.0,0.0
2021-01-29 00:00:00-05:00,19.489999771118164,19.93000030517578,19.389999389648438,19.399999618530273,18.411623001098633,3120700,0.0,0.0
2021-02-01 00:00:00-05:00,19.329999923706055,19.5,18.719999313354492,19.3700008392334,18.383153915405273,2304600,0.0,0.0
2021-02-02 00:00:00-05:00,19.520000457763672,20.0,19.40999984741211,19.790000915527344,18.781755447387695,2720900,0.0,0.0
2021-02-03 00:00:00-05:00,19.6200008392334,19.940000534057617,19.59000015258789,19.84000015258789,18.829206466674805,1751300,0.0,0.0
2021-02-04 00:00:00-05:00,19.93000030517578,20.889999389648438,19.84000015258789,20.299999237060547,19.265769958496094,3696900,0.0,0.0
2021-02-05 00:00:00-05:00,21.989999771118164,22.25,21.079999923706055,21.219999313354492,20.138898849487305,7117900,0.0,0.0
2021-02-08 00:00:00-05:00,21.270000457763672,21.81999969482422,21.270000457763672,21.700000762939453,20.594449996948242,3931200,0.0,0.0
2021-02-09 00:00:00-05:00,21.889999389648438,22.3799991607666,21.75,22.18000030517578,21.049991607666016,3659800,0.0,0.0
2021-02-10 00:00:00-05:00,22.299999237060547,22.889999389648438,22.200000762939453,22.6200008392334,21.467575073242188,3886200,0.0,0.0
2021-02-11 00:00:00-05:00,22.600000381469727,23.079999923706055,22.5,23.040000915527344,21.866178512573242,2715800,0.0,0.0
2021-02-12 00:00:00-05:00,23.860000610351562,24.059999465942383,23.3799991607666,23.719999313354492,22.511531829833984,4494000,0.0,0.0
2021-02-16 00:00:00-05:00,23.610000610351562,23.860000610351562,23.440000534057617,23.790000915527344,22.577964782714844,4886000,0.0,0.0
2021-02-17 00:00:00-05:00,24.040000915527344,24.219999313354492,23.079999923706055,23.18000030517578,21.99904441833496,3998800,0.0,0.0
2021-02-18 00:00:00-05:00,23.15999984741211,23.25,22.6200008392334,22.649999618530273,21.49604606628418,4511900,0.0,0.0
2021-02-19 00:00:00-05:00,22.670000076293945,22.81999969482422,22.43000030517578,22.5,21.35368537902832,5040500,0.0,0.0
2021-02-22 00:00:00-05:00,22.479999542236328,23.610000610351562,22.290000915527344,23.360000610351562,22.16987419128418,7168500,0.0,0.0
2021-02-23 00:00:00-05:00,23.200000762939453,23.610000610351562,23.0,23.43000030517578,22.236310958862305,4076200,0.0,0.0
2021-02-24 00:00:00-05:00,23.3799991607666,24.149999618530273,23.06999969482422,23.809999465942383,22.596948623657227,5901000,0.0,0.0
2021-02-25 00:00:00-05:00,23.780000686645508,24.09000015258789,23.200000762939453,23.209999084472656,22.027511596679688,2645600,0.0,0.0
2021-02-26 00:00:00-05:00,23.239999771118164,23.760000228881836,23.100000381469727,23.450000762939453,22.25528907775879,4359100,0.0,0.0
2021-03-01 00:00:00-05:00,23.799999237060547,24.5,23.6299991607666,24.360000610351562,23.118928909301758,3774800,0.0,0.0
2021-03-02 00:00:00-05:00,24.34000015258789,24.3799991607666,23.610000610351562,23.639999389648438,22.43560218811035,3991000,0.0,0.0
2021-03-03 00:00:00-05:00,23.639999389648438,24.18000030517578,23.559999465942383,23.790000915527344,22.577964782714844,3145600,0.0,0.0
2021-03-04 00:00:00-05:00,23.739999771118164,24.020000457763672,23.139999389648438,23.530000686645508,22.33121109008789,4400000,0.0,0.0
2021-03-05 00:00:00-05:00,25.059999465942383,25.059999465942383,23.309999465942383,24.3700008392334,23.128416061401367,5979100,0.0,0.0
2021-03-08 00:00:00-05:00,25.020000457763672,25.020000457763672,23.950000762939453,24.239999771118164,23.005041122436523,5290100,0.0,0.0
2021-03-09 00:00:00-05:00,24.399999618530273,25.579999923706055,24.280000686645508,24.850000381469727,23.583961486816406,7223000,0.0,0.0
2021-03-10 00:00:00-05:00,25.059999465942383,25.65999984741211,24.59000015258789,25.520000457763672,24.219829559326172,4632100,0.0,0.0
2021-03-11 00:00:00-05:00,25.479999542236328,25.850000381469727,25.290000915527344,25.729999542236328,24.41912841796875,2775400,0.0,0.0
2021-03-12 00:00:00-05:00,25.860000610351562,26.229999542236328,25.5,26.209999084472656,24.874675750732422,3789900,0.0,0.0
2021-03-15 00:00:00-04:00,26.239999771118164,26.239999771118164,25.700000762939453,26.110000610351562,24.779769897460938,3511000,0.0,0.0
2021-03-16 00:00:00-04:00,26.25,26.84000015258789,26.15999984741211,26.479999542236328,25.227535247802734,4250200,0.1,0.0
2021-03-17 00:00:00-04:00,26.440000534057617,26.469999313354492,25.829999923706055,26.350000381469727,25.103687286376953,4596300,0.0,0.0
2021-03-18 00:00:00-04:00,26.489999771118164,27.450000762939453,26.350000381469727,27.149999618530273,25.8658504486084,6585100,0.0,0.0
2021-03-19 00:00:00-04:00,27.059999465942383,27.68000030517578,26.75,27.299999237060547,26.008752822875977,8400800,0.0,0.0
2021-03-22 00:00:00-04:00,27.399999618530273,27.530000686645508,26.5,26.709999084472656,25.4466609954834,3919100,0.0,0.0
2021-03-23 00:00:00-04:00,26.639999389648438,26.719999313354492,25.979999542236328,26.110000610351562,24.87504005432129,4071900,0.0,0.0
2021-03-24 00:00:00-04:00,26.219999313354492,26.43000030517578,25.40999984741211,25.450000762939453,24.246259689331055,3561400,0.0,0.0
2021-03-25 00:00:00-04:00,25.329999923706055,26.31999969482422,25.010000228881836,26.209999084472656,24.97031021118164,3598900,0.0,0.0
2021-03-26 00:00:00-04:00,26.309999465942383,26.420000076293945,25.399999618530273,25.729999542236328,24.51301383972168,5184000,0.0,0.0
2021-03-29 00:00:00-04:00,26.020000457763672,26.030000686645508,24.829999923706055,25.030000686645508,23.84612274169922,4268700,0.0,0.0
2021-03-30 00:00:00-04:00,25.110000610351562,25.829999923706055,24.93000030517578,25.690000534057617,24.474905014038086,3147000,0.0,0.0
2021-03-31 00:00:00-04:00,25.59000015258789,26.100000381469727,25.40999984741211,25.43000030517578,24.227203369140625,4264200,0.0,0.0
2021-04-01 00:00:00-04:00,25.510000228881836,26.06999969482422,25.25,26.059999465942383,24.827404022216797,2708700,0.0,0.0
2021-04-05 00:00:00-04:00,26.139999389648438,26.549999237060547,25.860000610351562,26.420000076293945,25.170377731323242,2947700,0.0,0.0
2021-04-06 00:00:00-04:00,26.219999313354492,26.799999237060547,26.219999313354492,26.559999465942383,25.303754806518555,3106900,0.0,0.0
2021-04-07 00:00:00-04:00,26.520000457763672,26.81999969482422,26.309999465942383,26.420000076293945,25.170377731323242,2262200,0.0,0.0
2021-04-08 00:00:00-04:00,26.170000076293945,26.790000915527344,26.1200008392334,26.719999313354492,25.456186294555664,2209100,0.0,0.0
2021-04-09 00:00:00-04:00,26.829999923706055,26.950000762939453,26.450000762939453,26.68000030517578,25.41807746887207,2209000,0.0,0.0
2021-04-12 00:00:00-04:00,26.969999313354492,26.969999313354492,26.5,26.760000228881836,25.494293212890625,3618500,0.0,0.0
2021-04-13 00:00:00-04:00,26.84000015258789,26.920000076293945,26.06999969482422,26.139999389648438,24.903615951538086,4230000,0.0,0.0
2021-04-14 00:00:00-04:00,26.190000534057617,26.65999984741211,26.18000030517578,26.40999984741211,25.160850524902344,5053500,0.0,0.0
2021-04-15 00:00:00-04:00,26.6200008392334,26.860000610351562,26.350000381469727,26.610000610351562,25.351394653320312,3425100,0.0,0.0
2021-04-16 00:00:00-04:00,26.790000915527344,26.90999984741211,26.559999465942383,26.700000762939453,25.4371337890625,3560400,0.0,0.0
2021-04-19 00:00:00-04:00,26.649999618530273,26.84000015258789,26.389999389648438,26.739999771118164,25.47524070739746,3317800,0.0,0.0
2021-04-20 00:00:00-04:00,26.780000686645508,27.059999465942383,26.149999618530273,26.489999771118164,25.237062454223633,2232700,0.0,0.0
2021-04-21 00:00:00-04:00,26.260000228881836,27.34000015258789,26.010000228881836,27.31999969482422,26.02780532836914,2979900,0.0,0.0
2021-04-22 00:00:00-04:00,27.399999618530273,27.469999313354492,26.850000381469727,26.889999389648438,25.618146896362305,3650800,0.0,0.0
2021-04-23 00:00:00-04:00,27.1299991607666,27.229999542236328,26.68000030517578,26.729999542236328,25.465715408325195,3193800,0.0,0.0
2021-04-26 00:00:00-04:00,26.889999389648438,26.959999084472656,26.56999969482422,26.65999984741211,25.399023056030273,3269600,0.0,0.0
2021-04-27 00:00:00-04:00,26.510000228881836,26.829999923706055,26.450000762939453,26.549999237060547,25.29422378540039,2407400,0.0,0.0
2021-04-28 00:00:00-04:00,26.530000686645508,26.6299991607666,26.020000457763672,26.170000076293945,24.932201385498047,3050300,0.0,0.0
2021-04-29 00:00:00-04:00,26.40999984741211,26.6299991607666,26.15999984741211,26.520000457763672,25.265647888183594,2750300,0.0,0.0
2021-04-30 00:00:00-04:00,26.309999465942383,26.40999984741211,25.959999084472656,26.200000762939453,24.960783004760742,4022400,0.0,0.0
2021-05-03 00:00:00-04:00,26.309999465942383,26.540000915527344,26.1299991607666,26.360000610351562,25.11321449279785,3988300,0.0,0.0
2021-05-04 00:00:00-04:00,26.1200008392334,26.15999984741211,25.219999313354492,25.510000228881836,24.303417205810547,2748200,0.0,0.0
2021-05-05 00:00:00-04:00,25.770000457763672,26.350000381469727,25.510000228881836,26.1200008392334,24.884567260742188,3213200,0.0,0.0
2021-05-06 00:00:00-04:00,26.260000228881836,26.399999618530273,25.670000076293945,26.0,24.770244598388672,2672300,0.0,0.0
2021-05-07 00:00:00-04:00,26.610000610351562,27.700000762939453,26.510000228881836,27.440000534057617,26.142135620117188,4643600,0.0,0.0
2021-05-10 00:00:00-04:00,27.299999237060547,27.969999313354492,27.010000228881836,27.440000534057617,26.142135620117188,4742600,0.0,0.0
2021-05-11 00:00:00-04:00,27.399999618530273,27.65999984741211,26.770000457763672,27.639999389648438,26.332670211791992,3681700,0.0,0.0
2021-05-12 00:00:00-04:00,27.40999984741211,27.559999465942383,26.049999237060547,26.139999389648438,24.903615951538086,3808600,0.0,0.0
2021-05-13 00:00:00-04:00,26.170000076293945,26.790000915527344,25.920000076293945,26.25,25.0084171295166,2498100,0.0,0.0
2021-05-14 00:00:00-04:00,26.43000030517578,26.780000686645508,25.760000228881836,26.700000762939453,25.4371337890625,1778000,0.0,0.0
2021-05-17 00:00:00-04:00,26.969999313354492,27.469999313354492,26.59000015258789,26.90999984741211,25.6372013092041,2734500,0.0,0.0
2021-05-18 00:00:00-04:00,26.889999389648438,27.239999771118164,26.479999542236328,26.479999542236328,25.227535247802734,2916100,0.0,0.0
2021-05-19 00:00:00-04:00,26.06999969482422,26.299999237060547,25.81999969482422,26.010000228881836,24.779767990112305,4021500,0.0,0.0
2021-05-20 00:00:00-04:00,26.15999984741211,27.15999984741211,26.06999969482422,27.049999237060547,25.77057647705078,4844000,0.0,0.0
2021-05-21 00:00:00-04:00,26.65999984741211,27.170000076293945,26.469999313354492,26.489999771118164,25.237062454223633,3284500,0.0,0.0
2021-05-24 00:00:00-04:00,26.68000030517578,26.920000076293945,26.469999313354492,26.84000015258789,25.570507049560547,3107700,0.0,0.0
2021-05-25 00:00:00-04:00,27.030000686645508,27.139999389648438,26.6200008392334,26.639999389648438,25.37997055053711,3586300,0.0,0.0
2021-05-26 00:00:00-04:00,26.790000915527344,27.09000015258789,26.760000228881836,26.780000686645508,25.513349533081055,3887800,0.0,0.0
2021-05-27 00:00:00-04:00,26.829999923706055,27.510000228881836,26.829999923706055,27.100000381469727,25.81821632385254,18351500,0.0,0.0
2021-05-28 00:00:00-04:00,27.209999084472656,27.280000686645508,26.559999465942383,26.989999771118164,25.713415145874023,4046400,0.0,0.0
2021-06-01 00:00:00-04:00,26.59000015258789,26.90999984741211,26.040000915527344,26.510000228881836,25.256120681762695,3740600,0.0,0.0
2021-06-02 00:00:00-04:00,26.559999465942383,26.559999465942383,25.6200008392334,25.90999984741211,24.684499740600586,3354800,0.0,0.0
2021-06-03 00:00:00-04:00,25.420000076293945,25.93000030517578,25.360000610351562,25.889999389648438,24.665443420410156,2884300,0.0,0.0
2021-06-04 00:00:00-04:00,25.920000076293945,26.25,25.8799991607666,26.219999313354492,24.979835510253906,1733400,0.0,0.0
2021-06-07 00:00:00-04:00,26.219999313354492,26.270000457763672,25.6299991607666,25.850000381469727,24.627336502075195,2574400,0.0,0.0
2021-06-08 00:00:00-04:00,25.829999923706055,26.549999237060547,25.729999542236328,26.469999313354492,25.218008041381836,3996100,0.0,0.0
2021-06-09 00:00:00-04:00,26.360000610351562,26.709999084472656,26.270000457763672,26.530000686645508,25.27517318725586,1764700,0.0,0.0
2021-06-10 00:00:00-04:00,26.600000381469727,26.719999313354492,26.420000076293945,26.459999084472656,25.208484649658203,1524300,0.0,0.0
2021-06-11 00:00:00-04:00,26.59000015258789,26.860000610351562,26.020000457763672,26.84000015258789,25.570507049560547,1332700,0.0,0.0
2021-06-14 00:00:00-04:00,26.829999923706055,26.8700008392334,26.190000534057617,26.309999465942383,25.065580368041992,2269200,0.0,0.0
2021-06-15 00:00:00-04:00,26.399999618530273,26.510000228881836,25.950000762939453,26.0,24.770244598388672,1420000,0.0,0.0
2021-06-16 00:00:00-04:00,25.899999618530273,26.030000686645508,25.530000686645508,25.93000030517578,24.703548431396484,1986300,0.0,0.0
2021-06-17 00:00:00-04:00,25.920000076293945,26.010000228881836,25.1299991607666,25.5,24.29388999938965,2287900,0.0,0.0
2021-06-18 00:00:00-04:00,25.25,25.43000030517578,24.940000534057617,25.1299991607666,23.941390991210938,3721300,0.0,0.0
2021-06-21 00:00:00-04:00,25.1299991607666,25.84000015258789,25.040000915527344,25.729999542236328,24.51301383972168,1648400,0.0,0.0
2021-06-22 00:00:00-04:00,25.709999084472656,25.799999237060547,25.190000534057617,25.520000457763672,24.312946319580078,1722000,0.0,0.0
2021-06-23 00:00:00-04:00,25.520000457763672,25.709999084472656,25.229999542236328,25.450000762939453,24.246259689331055,1659000,0.0,0.0
2021-06-24 00:00:00-04:00,25.489999771118164,25.709999084472656,25.389999389648438,25.56999969482422,24.360580444335938,1290600,0.0,0.0
2021-06-25 00:00:00-04:00,25.649999618530273,25.969999313354492,25.610000610351562,25.729999542236328,24.51301383972168,2749500,0.0,0.0
2021-06-28 00:00:00-04:00,25.729999542236328,26.06999969482422,25.420000076293945,25.6200008392334,24.408214569091797,1882100,0.0,0.0
2021-06-29 00:00:00-04:00,25.670000076293945,26.06999969482422,25.549999237060547,25.559999465942383,24.351051330566406,1361900,0.0,0.0
2021-06-30 00:00:00-04:00,25.549999237060547,25.899999618530273,25.450000762939453,25.770000457763672,24.551116943359375,1778100,0.0,0.0
2021-07-01 00:00:00-04:00,25.899999618530273,26.25,25.729999542236328,26.139999389648438,24.903615951538086,1795600,0.0,0.0
2021-07-02 00:00:00-04:00,26.229999542236328,26.229999542236328,25.530000686645508,25.75,24.532068252563477,1602300,0.0,0.0
2021-07-06 00:00:00-04:00,25.829999923706055,25.829999923706055,25.3799991607666,25.540000915527344,24.332002639770508,2393900,0.0,0.0
2021-07-07 00:00:00-04:00,25.530000686645508,25.709999084472656,24.920000076293945,25.350000381469727,24.150985717773438,2653100,0.0,0.0
2021-07-08 00:00:00-04:00,25.100000381469727,25.25,24.690000534057617,24.799999237060547,23.62700080871582,2225000,0.0,0.0
2021-07-09 00:00:00-04:00,25.030000686645508,25.670000076293945,25.020000457763672,25.520000457763672,24.312946319580078,1919400,0.0,0.0
2021-07-12 00:00:00-04:00,25.40999984741211,25.920000076293945,24.899999618530273,25.829999923706055,24.608280181884766,1567900,0.0,0.0
2021-07-13 00:00:00-04:00,25.770000457763672,25.770000457763672,25.209999084472656,25.229999542236328,24.03666114807129,1478100,0.0,0.0
2021-07-14 00:00:00-04:00,25.350000381469727,25.559999465942383,24.950000762939453,25.0,23.817541122436523,1456200,0.0,0.0
2021-07-15 00:00:00-04:00,24.920000076293945,25.25,24.809999465942383,24.90999984741211,23.731800079345703,1483500,0.0,0.0
2021-07-16 00:00:00-04:00,25.040000915527344,25.149999618530273,24.18000030517578,24.219999313354492,23.074430465698242,1474100,0.0,0.0
2021-07-19 00:00:00-04:00,23.889999389648438,24.219999313354492,23.700000762939453,23.8799991607666,22.750513076782227,3828700,0.0,0.0
2021-07-20 00:00:00-04:00,23.899999618530273,24.389999389648438,23.540000915527344,24.31999969482422,23.16970443725586,3475300,0.0,0.0
2021-07-21 00:00:00-04:00,24.450000762939453,24.860000610351562,24.329999923706055,24.610000610351562,23.445985794067383,1637000,0.0,0.0
2021-07-22 00:00:00-04:00,24.579999923706055,24.610000610351562,24.25,24.40999984741211,23.25544548034668,991700,0.0,0.0
2021-07-23 00:00:00-04:00,24.40999984741211,24.780000686645508,24.290000915527344,24.75,23.579370498657227,1737600,0.0,0.0
2021-07-26 00:00:00-04:00,25.459999084472656,25.459999084472656,24.649999618530273,24.799999237060547,23.62700080871582,2276900,0.0,0.0
2021-07-27 00:00:00-04:00,24.65999984741211,24.8700008392334,24.420000076293945,24.719999313354492,23.55078125,1223000,0.0,0.0
2021-07-28 00:00:00-04:00,24.899999618530273,25.0,24.489999771118164,24.75,23.579370498657227,1094300,0.0,0.0
2021-07-29 00:00:00-04:00,24.860000610351562,24.950000762939453,24.559999465942383,24.579999923706055,23.417402267456055,1089700,0.0,0.0
2021-07-30 00:00:00-04:00,24.510000228881836,24.790000915527344,24.469999313354492,24.6299991607666,23.46504020690918,1990500,0.0,0.0
2021-08-02 00:00:00-04:00,24.709999084472656,25.020000457763672,24.6299991607666,24.739999771118164,23.569833755493164,2426500,0.0,0.0
2021-08-03 00:00:00-04:00,24.780000686645508,24.809999465942383,23.850000381469727,24.06999969482422,22.931529998779297,1885300,0.0,0.0
2021-08-04 00:00:00-04:00,24.43000030517578,24.65999984741211,24.190000534057617,24.329999923706055,23.179229736328125,2778000,0.0,0.0
2021-08-05 00:00:00-04:00,24.559999465942383,24.940000534057617,24.479999542236328,24.850000381469727,23.67463493347168,2619900,0.0,0.0
2021-08-06 00:00:00-04:00,26.049999237060547,26.420000076293945,24.6200008392334,24.719999313354492,23.55078125,5298500,0.0,0.0
2021-08-09 00:00:00-04:00,24.229999542236328,24.579999923706055,23.719999313354492,24.40999984741211,23.25544548034668,2908400,0.0,0.0
2021-08-10 00:00:00-04:00,24.299999237060547,24.450000762939453,24.049999237060547,24.280000686645508,23.131595611572266,1665800,0.0,0.0
2021-08-11 00:00:00-04:00,24.229999542236328,24.31999969482422,23.829999923706055,24.18000030517578,23.03632354736328,2697400,0.0,0.0
2021-08-12 00:00:00-04:00,24.06999969482422,24.1299991607666,23.829999923706055,23.969999313354492,22.83625602722168,1963000,0.0,0.0
2021-08-13 00:00:00-04:00,23.959999084472656,24.059999465942383,23.469999313354492,23.520000457763672,22.40754508972168,1645800,0.0,0.0
2021-08-16 00:00:00-04:00,23.329999923706055,23.670000076293945,23.100000381469727,23.600000381469727,22.48375701904297,2176100,0.0,0.0
2021-08-17 00:00:00-04:00,23.079999923706055,23.489999771118164,22.229999542236328,22.989999771118164,21.902610778808594,3045000,0.0,0.0
2021-08-18 00:00:00-04:00,22.889999389648438,23.020000457763672,22.149999618530273,22.18000030517578,21.130924224853516,3091800,0.0,0.0
2021-08-19 00:00:00-04:00,22.010000228881836,22.25,21.799999237060547,21.8700008392334,20.83558464050293,3018400,0.0,0.0
2021-08-20 00:00:00-04:00,21.81999969482422,22.18000030517578,21.709999084472656,22.100000381469727,21.054706573486328,2563700,0.0,0.0
2021-08-23 00:00:00-04:00,22.190000534057617,22.440000534057617,22.190000534057617,22.3799991607666,21.321462631225586,1346200,0.0,0.0
2021-08-24 00:00:00-04:00,22.360000610351562,22.549999237060547,22.270000457763672,22.31999969482422,21.264301300048828,1556600,0.0,0.0
2021-08-25 00:00:00-04:00,22.520000457763672,22.690000534057617,22.09000015258789,22.579999923706055,21.512001037597656,1568700,0.0,0.0
2021-08-26 00:00:00-04:00,22.510000228881836,22.700000762939453,22.34000015258789,22.360000610351562,21.30240821838379,1559800,0.0,0.0
2021-08-27 00:00:00-04:00,22.450000762939453,22.75,22.3799991607666,22.739999771118164,21.6644344329834,1764100,0.0,0.0
2021-08-30 00:00:00-04:00,22.68000030517578,22.719999313354492,22.34000015258789,22.3700008392334,21.31193733215332,1482700,0.0,0.0
2021-08-31 00:00:00-04:00,22.530000686645508,22.670000076293945,22.309999465942383,22.469999313354492,21.407201766967773,3563900,0.0,0.0
2021-09-01 00:00:00-04:00,22.639999389648438,23.040000915527344,22.5,22.81999969482422,21.74065399169922,2513500,0.0,0.0
2021-09-02 00:00:00-04:00,22.81999969482422,23.09000015258789,22.579999923706055,22.649999618530273,21.578689575195312,1374200,0.0,0.0
2021-09-03 00:00:00-04:00,22.670000076293945,22.739999771118164,22.399999618530273,22.559999465942383,21.492944717407227,1832800,0.0,0.0
2021-09-07 00:00:00-04:00,22.600000381469727,22.670000076293945,22.170000076293945,22.200000762939453,21.14997673034668,1934100,0.0,0.0
2021-09-08 00:00:00-04:00,22.18000030517578,22.290000915527344,21.690000534057617,22.079999923706055,21.035648345947266,2906600,0.0,0.0
2021-09-09 00:00:00-04:00,22.190000534057617,22.40999984741211,22.020000457763672,22.049999237060547,21.00706672668457,2910200,0.0,0.0
2021-09-10 00:00:00-04:00,22.18000030517578,22.290000915527344,21.8700008392334,21.889999389648438,20.854637145996094,1847700,0.0,0.0
2021-09-13 00:00:00-04:00,22.06999969482422,22.1299991607666,21.690000534057617,21.8799991607666,20.845108032226562,2541900,0.0,0.0
2021-09-14 00:00:00-04:00,21.889999389648438,22.239999771118164,21.729999542236328,22.010000228881836,21.06523895263672,3517500,0.1,0.0
2021-09-15 00:00:00-04:00,21.920000076293945,22.049999237060547,21.700000762939453,21.950000762939453,21.007814407348633,2424800,0.0,0.0
2021-09-16 00:00:00-04:00,21.93000030517578,22.649999618530273,21.850000381469727,22.469999313354492,21.5054931640625,2679600,0.0,0.0
2021-09-17 00:00:00-04:00,22.440000534057617,22.59000015258789,22.15999984741211,22.350000381469727,21.390644073486328,4683500,0.0,0.0
2021-09-20 00:00:00-04:00,22.0,22.06999969482422,21.610000610351562,21.860000610351562,20.921680450439453,2476300,0.0,0.0
2021-09-21 00:00:00-04:00,22.079999923706055,22.670000076293945,21.979999542236328,22.209999084472656,21.256654739379883,4714000,0.0,0.0
2021-09-22 00:00:00-04:00,22.59000015258789,23.25,22.549999237060547,23.1200008392334,22.127592086791992,3498600,0.0,0.0
2021-09-23 00:00:00-04:00,23.6299991607666,24.149999618530273,23.520000457763672,24.010000228881836,22.979393005371094,4536100,0.0,0.0
2021-09-24 00:00:00-04:00,23.75,24.5,23.75,24.3700008392334,23.323936462402344,2744000,0.0,0.0
2021-09-27 00:00:00-04:00,24.229999542236328,24.40999984741211,24.049999237060547,24.190000534057617,23.151662826538086,2607300,0.0,0.0
2021-09-28 00:00:00-04:00,24.100000381469727,24.34000015258789,23.860000610351562,23.920000076293945,22.893251419067383,2632900,0.0,0.0
2021-09-29 00:00:00-04:00,23.950000762939453,24.209999084472656,23.770000457763672,23.809999465942383,22.78797721862793,2582400,0.0,0.0
2021-09-30 00:00:00-04:00,23.90999984741211,23.950000762939453,23.3700008392334,23.530000686645508,22.51999282836914,3195000,0.0,0.0
2021-10-01 00:00:00-04:00,23.6299991607666,23.8799991607666,23.43000030517578,23.709999084472656,22.6922664642334,2799400,0.0,0.0
2021-10-04 00:00:00-04:00,23.65999984741211,23.850000381469727,23.280000686645508,23.450000762939453,22.443424224853516,2087300,0.0,0.0
2021-10-05 00:00:00-04:00,23.739999771118164,24.020000457763672,23.5,23.780000686645508,22.75926399230957,2039100,0.0,0.0
2021-10-06 00:00:00-04:00,23.459999084472656,23.809999465942383,23.149999618530273,23.6299991607666,22.615699768066406,2667600,0.0,0.0
2021-10-07 00:00:00-04:00,23.84000015258789,24.200000762939453,23.760000228881836,24.059999465942383,23.027244567871094,1652700,0.0,0.0
2021-10-08 00:00:00-04:00,24.149999618530273,24.510000228881836,24.020000457763672,24.079999923706055,23.046382904052734,1555000,0.0,0.0
2021-10-11 00:00:00-04:00,24.100000381469727,24.280000686645508,23.950000762939453,23.969999313354492,22.94110679626465,921100,0.0,0.0
2021-10-12 00:00:00-04:00,23.90999984741211,24.43000030517578,23.68000030517578,23.8799991607666,22.854969024658203,1992000,0.0,0.0
2021-10-13 00:00:00-04:00,23.889999389648438,24.15999984741211,23.5,23.690000534057617,22.67312240600586,3297500,0.0,0.0
2021-10-14 00:00:00-04:00,23.889999389648438,24.110000610351562,23.739999771118164,24.059999465942383,23.027244567871094,2121100,0.0,0.0
2021-10-15 00:00:00-04:00,24.1299991607666,24.229999542236328,23.8799991607666,23.899999618530273,22.874113082885742,1960500,0.0,0.0
2021-10-18 00:00:00-04:00,23.739999771118164,23.8700008392334,23.540000915527344,23.549999237060547,22.53913116455078,1809800,0.0,0.0
2021-10-19 00:00:00-04:00,23.600000381469727,23.829999923706055,23.579999923706055,23.700000762939453,22.682695388793945,1492400,0.0,0.0
2021-10-20 00:00:00-04:00,23.6200008392334,23.81999969482422,23.540000915527344,23.799999237060547,22.778404235839844,1897200,0.0,0.0
2021-10-21 00:00:00-04:00,23.90999984741211,23.989999771118164,23.65999984741211,23.81999969482422,22.79754638671875,1551300,0.0,0.0
2021-10-22 00:00:00-04:00,23.790000915527344,24.200000762939453,23.790000915527344,24.06999969482422,23.036819458007812,1802500,0.0,0.0
2021-10-25 00:00:00-04:00,24.170000076293945,24.40999984741211,24.049999237060547,24.15999984741211,23.122949600219727,1670000,0.0,0.0
2021-10-26 00:00:00-04:00,24.18000030517578,24.219999313354492,23.84000015258789,23.850000381469727,22.82625389099121,2159600,0.0,0.0
2021-10-27 00:00:00-04:00,23.780000686645508,23.780000686645508,22.719999313354492,22.959999084472656,21.97446060180664,4891400,0.0,0.0
2021-10-28 00:00:00-04:00,23.06999969482422,23.3700008392334,22.81999969482422,23.149999618530273,22.156301498413086,2066600,0.0,0.0
2021-10-29 00:00:00-04:00,22.959999084472656,23.18000030517578,22.75,22.899999618530273,21.917036056518555,3278400,0.0,0.0
2021-11-01 00:00:00-04:00,22.989999771118164,23.530000686645508,22.93000030517578,23.520000457763672,22.510421752929688,5300800,0.0,0.0
2021-11-02 00:00:00-04:00,23.510000228881836,23.6299991607666,23.239999771118164,23.520000457763672,22.510421752929688,2123900,0.0,0.0
2021-11-03 00:00:00-04:00,23.420000076293945,23.540000915527344,23.09000015258789,23.34000015258789,22.33814811706543,3140600,0.0,0.0
2021-11-04 00:00:00-04:00,23.31999969482422,23.5,23.030000686645508,23.469999313354492,22.462570190429688,2385800,0.0,0.0
2021-11-05 00:00:00-04:00,25.8700008392334,25.8700008392334,23.739999771118164,24.3700008392334,23.323936462402344,5487000,0.0,0.0
2021-11-08 00:00:00-05:00,24.450000762939453,24.780000686645508,23.959999084472656,24.049999237060547,23.017675399780273,4247000,0.0,0.0
2021-11-09 00:00:00-05:00,24.030000686645508,24.299999237060547,23.420000076293945,23.729999542236328,22.711408615112305,3485100,0.0,0.0
2021-11-10 00:00:00-05:00,23.700000762939453,23.8799991607666,23.360000610351562,23.5,22.49127960205078,2940600,0.0,0.0
2021-11-11 00:00:00-05:00,23.6200008392334,23.8700008392334,23.469999313354492,23.600000381469727,22.586986541748047,2740900,0.0,0.0
2021-11-12 00:00:00-05:00,23.799999237060547,23.899999618530273,23.6299991607666,23.809999465942383,22.78797721862793,2423100,0.0,0.0
2021-11-15 00:00:00-05:00,23.729999542236328,24.0,23.40999984741211,23.459999084472656,22.4529972076416,2208000,0.0,0.0
2021-11-16 00:00:00-05:00,23.489999771118164,23.709999084472656,23.34000015258789,23.6299991607666,22.615699768066406,2413700,0.0,0.0
2021-11-17 00:00:00-05:00,23.510000228881836,23.600000381469727,23.079999923706055,23.399999618530273,22.395572662353516,3199500,0.0,0.0
2021-11-18 00:00:00-05:00,23.459999084472656,23.59000015258789,23.0,23.219999313354492,22.22330093383789,3191000,0.0,0.0
2021-11-19 00:00:00-05:00,23.0,23.110000610351562,22.100000381469727,22.1299991607666,21.18008804321289,4543100,0.0,0.0
2021-11-22 00:00:00-05:00,22.329999923706055,22.719999313354492,21.90999984741211,22.440000534057617,21.476781845092773,5063300,0.0,0.0
2021-11-23 00:00:00-05:00,22.479999542236328,22.59000015258789,22.030000686645508,22.149999618530273,21.199228286743164,3216500,0.0,0.0
2021-11-24 00:00:00-05:00,22.020000457763672,22.06999969482422,21.700000762939453,21.979999542236328,21.03652572631836,3733800,0.0,0.0
2021-11-26 00:00:00-05:00,21.450000762939453,21.649999618530273,21.190000534057617,21.450000762939453,20.52927589416504,2945500,0.0,0.0
2021-11-29 00:00:00-05:00,21.700000762939453,21.979999542236328,21.350000381469727,21.81999969482422,20.883394241333008,5203600,0.0,0.0
2021-11-30 00:00:00-05:00,21.610000610351562,21.93000030517578,21.389999389648438,21.6200008392334,20.691978454589844,20078900,0.0,0.0
2021-12-01 00:00:00-05:00,22.059999465942383,22.149999618530273,21.09000015258789,21.09000015258789,20.184728622436523,4515500,0.0,0.0
2021-12-02 00:00:00-05:00,21.200000762939453,21.790000915527344,21.149999618530273,21.700000762939453,20.768545150756836,3421500,0.0,0.0
2021-12-03 00:00:00-05:00,21.68000030517578,21.780000686645508,21.450000762939453,21.760000228881836,20.825971603393555,2888600,0.0,0.0
2021-12-06 00:00:00-05:00,21.709999084472656,22.040000915527344,21.649999618530273,21.889999389648438,20.950389862060547,2811000,0.0,0.0
2021-12-07 00:00:00-05:00,22.100000381469727,22.309999465942383,21.790000915527344,21.989999771118164,21.046096801757812,4505600,0.0,0.0
2021-12-08 00:00:00-05:00,22.0,22.420000076293945,21.93000030517578,22.170000076293945,21.21837043762207,3543000,0.0,0.0
2021-12-09 00:00:00-05:00,21.940000534057617,22.209999084472656,21.709999084472656,21.770000457763672,20.83553695678711,2532400,0.0,0.0
2021-12-10 00:00:00-05:00,21.90999984741211,22.530000686645508,21.56999969482422,21.860000610351562,20.921680450439453,3297200,0.0,0.0
2021-12-13 00:00:00-05:00,21.8700008392334,21.920000076293945,21.34000015258789,21.450000762939453,20.52927589416504,2755500,0.0,0.0
2021-12-14 00:00:00-05:00,21.399999618530273,21.479999542236328,20.959999084472656,21.010000228881836,20.108163833618164,2866500,0.0,0.0
2021-12-15 00:00:00-05:00,21.059999465942383,21.329999923706055,20.8700008392334,21.25,20.337858200073242,3584600,0.0,0.0
2021-12-16 00:00:00-05:00,21.399999618530273,21.729999542236328,21.350000381469727,21.360000610351562,20.44314193725586,2978400,0.0,0.0
2021-12-17 00:00:00-05:00,21.3700008392334,21.43000030517578,21.0,21.280000686645508,20.366575241088867,4780500,0.0,0.0
2021-12-20 00:00:00-05:00,20.969999313354492,21.059999465942383,20.579999923706055,20.8799991607666,19.983739852905273,1797400,0.0,0.0
2021-12-21 00:00:00-05:00,20.979999542236328,21.719999313354492,20.959999084472656,21.700000762939453,20.768545150756836,2169200,0.0,0.0
2021-12-22 00:00:00-05:00,21.670000076293945,21.959999084472656,21.649999618530273,21.790000915527344,20.85468101501465,2004200,0.0,0.0
2021-12-23 00:00:00-05:00,21.84000015258789,22.440000534057617,21.84000015258789,22.329999923706055,21.37150001525879,2272800,0.0,0.0
2021-12-27 00:00:00-05:00,22.149999618530273,22.709999084472656,22.139999389648438,22.579999923706055,21.610769271850586,3021900,0.0,0.0
2021-12-28 00:00:00-05:00,22.549999237060547,22.829999923706055,22.479999542236328,22.65999984741211,21.687335968017578,1646000,0.0,0.0
2021-12-29 00:00:00-05:00,22.65999984741211,22.809999465942383,22.530000686645508,22.56999969482422,21.601198196411133,2627500,0.0,0.0
2021-12-30 00:00:00-05:00,22.59000015258789,22.790000915527344,22.459999084472656,22.5,21.534202575683594,2369000,0.0,0.0
2021-12-31 00:00:00-05:00,22.420000076293945,22.610000610351562,22.280000686645508,22.309999465942383,21.352359771728516,2593600,0.0,0.0
2022-01-03 00:00:00-05:00,22.3799991607666,22.959999084472656,22.350000381469727,22.770000457763672,21.79261589050293,3115000,0.0,0.0
2022-01-04 00:00:00-05:00,22.959999084472656,23.100000381469727,22.520000457763672,22.59000015258789,21.62034034729004,2880700,0.0,0.0
2022-01-05 00:00:00-05:00,22.700000762939453,22.959999084472656,21.799999237060547,21.829999923706055,20.89296531677246,3754300,0.0,0.0
2022-01-06 00:00:00-05:00,21.989999771118164,22.670000076293945,21.940000534057617,22.530000686645508,21.56291961669922,3241300,0.0,0.0
2022-01-07 00:00:00-05:00,22.520000457763672,22.780000686645508,22.459999084472656,22.5,21.534202575683594,3066300,0.0,0.0
2022-01-10 00:00:00-05:00,22.440000534057617,22.799999237060547,21.8799991607666,22.229999542236328,21.275794982910156,3082900,0.0,0.0
2022-01-11 00:00:00-05:00,22.31999969482422,22.459999084472656,22.100000381469727,22.450000762939453,21.48634910583496,2077500,0.0,0.0
2022-01-12 00:00:00-05:00,22.520000457763672,22.739999771118164,22.3700008392334,22.610000610351562,21.639484405517578,1509300,0.0,0.0
2022-01-13 00:00:00-05:00,22.65999984741211,23.200000762939453,22.579999923706055,22.959999084472656,21.97446060180664,2332000,0.0,0.0
2022-01-14 00:00:00-05:00,22.790000915527344,22.93000030517578,22.3700008392334,22.719999313354492,21.744760513305664,2564100,0.0,0.0
2022-01-18 00:00:00-05:00,22.59000015258789,22.639999389648438,21.969999313354492,22.190000534057617,21.237510681152344,2557200,0.0,0.0
2022-01-19 00:00:00-05:00,22.309999465942383,22.3700008392334,22.020000457763672,22.030000686645508,21.084381103515625,1796600,0.0,0.0
2022-01-20 00:00:00-05:00,21.729999542236328,22.450000762939453,21.690000534057617,21.75,20.81639862060547,2261100,0.0,0.0
2022-01-21 00:00:00-05:00,21.56999969482422,21.860000610351562,21.299999237060547,21.440000534057617,20.519704818725586,3013300,0.0,0.0
2022-01-24 00:00:00-05:00,21.25,22.030000686645508,20.860000610351562,22.0,21.0556697845459,4331500,0.0,0.0
2022-01-25 00:00:00-05:00,21.719999313354492,21.829999923706055,21.170000076293945,21.68000030517578,20.749404907226562,3314200,0.0,0.0
2022-01-26 00:00:00-05:00,21.829999923706055,22.149999618530273,21.15999984741211,21.360000610351562,20.44314193725586,2762100,0.0,0.0
2022-01-27 00:00:00-05:00,21.469999313354492,21.690000534057617,21.020000457763672,21.079999923706055,20.175161361694336,2885300,0.0,0.0
2022-01-28 00:00:00-05:00,20.979999542236328,21.780000686645508,20.90999984741211,21.760000228881836,20.825971603393555,2912500,0.0,0.0
2022-01-31 00:00:00-05:00,21.729999542236328,22.270000457763672,21.6200008392334,22.239999771118164,21.285364151000977,3730100,0.0,0.0
2022-02-01 00:00:00-05:00,22.219999313354492,22.469999313354492,22.010000228881836,22.260000228881836,21.304508209228516,3434700,0.0,0.0
2022-02-02 00:00:00-05:00,21.809999465942383,22.459999084472656,21.809999465942383,22.3700008392334,21.4097900390625,3302300,0.0,0.0
2022-02-03 00:00:00-05:00,22.229999542236328,22.729999542236328,22.229999542236328,22.450000762939453,21.48634910583496,4287900,0.0,0.0
2022-02-04 00:00:00-05:00,23.100000381469727,23.729999542236328,21.850000381469727,22.5,21.534202575683594,5636400,0.0,0.0
2022-02-07 00:00:00-05:00,22.579999923706055,22.950000762939453,22.3700008392334,22.450000762939453,21.48634910583496,3986200,0.0,0.0
2022-02-08 00:00:00-05:00,22.540000915527344,23.1200008392334,22.450000762939453,22.850000381469727,21.869182586669922,3923000,0.0,0.0
2022-02-09 00:00:00-05:00,23.190000534057617,23.530000686645508,23.139999389648438,23.459999084472656,22.4529972076416,3481400,0.0,0.0
2022-02-10 00:00:00-05:00,23.290000915527344,23.670000076293945,23.079999923706055,23.190000534057617,22.19458770751953,3192000,0.0,0.0
2022-02-11 00:00:00-05:00,23.1299991607666,23.34000015258789,22.579999923706055,22.649999618530273,21.677762985229492,3792800,0.0,0.0
2022-02-14 00:00:00-05:00,22.690000534057617,22.790000915527344,22.149999618530273,22.280000686645508,21.323650360107422,3279500,0.0,0.0
2022-02-15 00:00:00-05:00,22.68000030517578,23.200000762939453,22.579999923706055,23.139999389648438,22.146732330322266,3364100,0.0,0.0
2022-02-16 00:00:00-05:00,22.940000534057617,23.700000762939453,22.68000030517578,23.68000030517578,22.663555145263672,3532500,0.0,0.0
2022-02-17 00:00:00-05:00,23.469999313354492,23.56999969482422,22.690000534057617,22.760000228881836,21.78304672241211,2518800,0.0,0.0
2022-02-18 00:00:00-05:00,22.559999465942383,22.75,22.040000915527344,22.149999618530273,21.199228286743164,2985000,0.0,0.0
2022-02-22 00:00:00-05:00,22.059999465942383,22.190000534057617,21.770000457763672,21.8799991607666,20.94081687927246,2629600,0.0,0.0
2022-02-23 00:00:00-05:00,22.059999465942383,22.170000076293945,21.309999465942383,21.3700008392334,20.452709197998047,2026300,0.0,0.0
2022-02-24 00:00:00-05:00,20.829999923706055,21.6200008392334,20.530000686645508,21.56999969482422,20.64412498474121,2990700,0.0,0.0
2022-02-25 00:00:00-05:00,21.729999542236328,22.299999237060547,21.420000076293945,22.280000686645508,21.323650360107422,4092800,0.0,0.0
2022-02-28 00:00:00-05:00,22.1299991607666,22.459999084472656,21.8700008392334,22.31999969482422,21.3619327545166,3259100,0.0,0.0
2022-03-01 00:00:00-05:00,22.200000762939453,22.3799991607666,21.280000686645508,21.549999237060547,20.624980926513672,5102700,0.0,0.0
2022-03-02 00:00:00-05:00,21.719999313354492,22.6200008392334,21.59000015258789,22.530000686645508,21.56291961669922,3082900,0.0,0.0
2022-03-03 00:00:00-05:00,22.559999465942383,22.6200008392334,21.690000534057617,21.770000457763672,20.83553695678711,1807200,0.0,0.0
2022-03-04 00:00:00-05:00,21.559999465942383,21.559999465942383,21.049999237060547,21.219999313354492,20.30915069580078,3652500,0.0,0.0
2022-03-07 00:00:00-05:00,21.149999618530273,21.200000762939453,20.25,20.280000686645508,19.40949821472168,3009500,0.0,0.0
2022-03-08 00:00:00-05:00,20.209999084472656,20.950000762939453,20.049999237060547,20.329999923706055,19.457351684570312,3163500,0.0,0.0
2022-03-09 00:00:00-05:00,20.850000381469727,21.40999984741211,20.799999237060547,21.1299991607666,20.223012924194336,2999700,0.0,0.0
2022-03-10 00:00:00-05:00,20.860000610351562,21.09000015258789,20.68000030517578,20.979999542236328,20.079448699951172,2772900,0.0,0.0
2022-03-11 00:00:00-05:00,21.549999237060547,21.75,20.950000762939453,20.959999084472656,20.060312271118164,3937500,0.0,0.0
2022-03-14 00:00:00-04:00,21.049999237060547,21.280000686645508,20.889999389648438,21.110000610351562,20.20387077331543,4820300,0.0,0.0
2022-03-15 00:00:00-04:00,21.18000030517578,21.450000762939453,20.860000610351562,21.100000381469727,20.29041862487793,2326100,0.1,0.0
2022-03-16 00:00:00-04:00,21.40999984741211,21.829999923706055,21.110000610351562,21.6299991607666,20.80008316040039,4323200,0.0,0.0
2022-03-17 00:00:00-04:00,21.610000610351562,22.469999313354492,21.43000030517578,22.420000076293945,21.559768676757812,3131800,0.0,0.0
2022-03-18 00:00:00-04:00,22.31999969482422,22.40999984741211,22.06999969482422,22.139999389648438,21.290512084960938,5266700,0.0,0.0
2022-03-21 00:00:00-04:00,22.270000457763672,22.510000228881836,21.799999237060547,22.0,21.1558837890625,1727000,0.0,0.0
2022-03-22 00:00:00-04:00,22.030000686645508,22.43000030517578,21.989999771118164,22.239999771118164,21.386674880981445,2608700,0.0,0.0
2022-03-23 00:00:00-04:00,22.040000915527344,22.1200008392334,21.8700008392334,21.920000076293945,21.078954696655273,1836700,0.0,0.0
2022-03-24 00:00:00-04:00,22.020000457763672,22.559999465942383,21.610000610351562,22.549999237060547,21.684782028198242,2305400,0.0,0.0
2022-03-25 00:00:00-04:00,22.6200008392334,22.81999969482422,22.440000534057617,22.579999923706055,21.713632583618164,1630400,0.0,0.0
2022-03-28 00:00:00-04:00,22.56999969482422,22.639999389648438,22.350000381469727,22.510000228881836,21.646318435668945,1184900,0.0,0.0
2022-03-29 00:00:00-04:00,22.809999465942383,23.040000915527344,22.770000457763672,22.959999084472656,22.079050064086914,1505300,0.0,0.0
2022-03-30 00:00:00-04:00,22.84000015258789,23.06999969482422,22.68000030517578,22.770000457763672,21.896339416503906,1446100,0.0,0.0
2022-03-31 00:00:00-04:00,22.649999618530273,22.729999542236328,22.1299991607666,22.149999618530273,21.300127029418945,2707900,0.0,0.0
2022-04-01 00:00:00-04:00,22.290000915527344,22.420000076293945,21.81999969482422,21.93000030517578,21.088571548461914,1609800,0.0,0.0
2022-04-04 00:00:00-04:00,21.770000457763672,22.139999389648438,21.729999542236328,22.110000610351562,21.26166534423828,1592300,0.0,0.0
2022-04-05 00:00:00-04:00,21.989999771118164,22.1299991607666,21.770000457763672,22.0,21.1558837890625,1931800,0.0,0.0
2022-04-06 00:00:00-04:00,21.790000915527344,21.8799991607666,21.420000076293945,21.670000076293945,20.838546752929688,2584200,0.0,0.0
2022-04-07 00:00:00-04:00,21.559999465942383,21.670000076293945,20.920000076293945,21.299999237060547,20.48274040222168,2221700,0.0,0.0
2022-04-08 00:00:00-04:00,21.25,21.520000457763672,21.0,21.34000015258789,20.521207809448242,1568600,0.0,0.0
2022-04-11 00:00:00-04:00,21.139999389648438,21.489999771118164,21.049999237060547,21.100000381469727,20.29041862487793,2195100,0.0,0.0
2022-04-12 00:00:00-04:00,21.219999313354492,21.479999542236328,20.809999465942383,20.959999084472656,20.15578842163086,2562800,0.0,0.0
2022-04-13 00:00:00-04:00,20.959999084472656,21.65999984741211,20.760000228881836,21.6299991607666,20.80008316040039,2358800,0.0,0.0
2022-04-14 00:00:00-04:00,21.68000030517578,21.829999923706055,21.059999465942383,21.170000076293945,20.35773277282715,2699500,0.0,0.0
2022-04-18 00:00:00-04:00,21.149999618530273,21.34000015258789,20.959999084472656,21.18000030517578,20.36734962463379,1769700,0.0,0.0
2022-04-19 00:00:00-04:00,21.229999542236328,21.790000915527344,21.110000610351562,21.729999542236328,20.896242141723633,2199700,0.0,0.0
2022-04-20 00:00:00-04:00,21.81999969482422,22.0,21.479999542236328,21.8700008392334,21.030872344970703,3122600,0.0,0.0
2022-04-21 00:00:00-04:00,22.059999465942383,22.200000762939453,21.31999969482422,21.350000381469727,20.530824661254883,1997100,0.0,0.0
2022-04-22 00:00:00-04:00,21.229999542236328,21.31999969482422,20.739999771118164,20.860000610351562,20.05962562561035,2423400,0.0,0.0
2022-04-25 00:00:00-04:00,20.760000228881836,20.90999984741211,20.309999465942383,20.8799991607666,20.078855514526367,2756400,0.0,0.0
2022-04-26 00:00:00-04:00,20.6299991607666,20.700000762939453,20.049999237060547,20.049999237060547,19.280702590942383,1906100,0.0,0.0
2022-04-27 00:00:00-04:00,19.959999084472656,20.350000381469727,19.90999984741211,20.260000228881836,19.48264503479004,2536700,0.0,0.0
2022-04-28 00:00:00-04:00,20.329999923706055,20.530000686645508,20.030000686645508,20.420000076293945,19.636505126953125,1872900,0.0,0.0
2022-04-29 00:00:00-04:00,20.309999465942383,20.549999237060547,19.84000015258789,19.860000610351562,19.097993850708008,2537700,0.0,0.0
2022-05-02 00:00:00-04:00,19.93000030517578,20.309999465942383,19.760000228881836,20.219999313354492,19.44417953491211,2881800,0.0,0.0
2022-05-03 00:00:00-04:00,20.290000915527344,20.420000076293945,19.90999984741211,20.209999084472656,19.43456268310547,3285400,0.0,0.0
2022-05-04 00:00:00-04:00,20.209999084472656,20.899999618530273,20.139999389648438,20.850000381469727,20.050010681152344,2381600,0.0,0.0
2022-05-05 00:00:00-04:00,20.75,20.799999237060547,19.399999618530273,19.729999542236328,18.97298240661621,3161000,0.0,0.0
2022-05-06 00:00:00-04:00,19.1299991607666,19.219999313354492,16.540000915527344,17.110000610351562,16.453508377075195,7510500,0.0,0.0
2022-05-09 00:00:00-04:00,16.90999984741211,17.639999389648438,16.90999984741211,17.5,16.828542709350586,6307700,0.0,0.0
2022-05-10 00:00:00-04:00,17.600000381469727,18.0,17.200000762939453,17.56999969482422,16.895856857299805,5591500,0.0,0.0
2022-05-11 00:00:00-04:00,17.43000030517578,17.959999084472656,16.8700008392334,16.899999618530273,16.251567840576172,5200600,0.0,0.0
2022-05-12 00:00:00-04:00,16.690000534057617,17.389999389648438,16.670000076293945,17.3799991607666,16.71314811706543,6613300,0.0,0.0
2022-05-13 00:00:00-04:00,17.5,17.959999084472656,17.329999923706055,17.84000015258789,17.155500411987305,3456400,0.0,0.0
2022-05-16 00:00:00-04:00,17.829999923706055,17.899999618530273,17.479999542236328,17.6299991607666,16.95355796813965,2717100,0.0,0.0
2022-05-17 00:00:00-04:00,18.010000228881836,18.3799991607666,18.010000228881836,18.260000228881836,17.55938148498535,3726200,0.0,0.0
2022-05-18 00:00:00-04:00,18.020000457763672,18.399999618530273,17.420000076293945,17.479999542236328,16.809314727783203,3229900,0.0,0.0
2022-05-19 00:00:00-04:00,17.350000381469727,17.709999084472656,17.260000228881836,17.5,16.828542709350586,4818400,0.0,0.0
2022-05-20 00:00:00-04:00,17.670000076293945,17.889999389648438,17.209999084472656,17.610000610351562,16.934326171875,4727300,0.0,0.0
2022-05-23 00:00:00-04:00,17.860000610351562,17.899999618530273,17.299999237060547,17.420000076293945,16.751611709594727,3395500,0.0,0.0
2022-05-24 00:00:00-04:00,17.209999084472656,17.209999084472656,16.3799991607666,16.549999237060547,15.914995193481445,4137800,0.0,0.0
2022-05-25 00:00:00-04:00,16.5,17.0,16.3799991607666,16.850000381469727,16.2034854888916,2626100,0.0,0.0
2022-05-26 00:00:00-04:00,16.950000762939453,17.280000686645508,16.8799991607666,17.229999542236328,16.568904876708984,3346800,0.0,0.0
2022-05-27 00:00:00-04:00,17.34000015258789,17.68000030517578,17.260000228881836,17.68000030517578,17.001638412475586,1947300,0.0,0.0
2022-05-31 00:00:00-04:00,17.40999984741211,17.540000915527344,17.149999618530273,17.399999618530273,16.732383728027344,4435800,0.0,0.0
2022-06-01 00:00:00-04:00,17.479999542236328,17.6299991607666,16.90999984741211,17.209999084472656,16.549671173095703,4350500,0.0,0.0
2022-06-02 00:00:00-04:00,17.260000228881836,17.790000915527344,17.260000228881836,17.709999084472656,17.030485153198242,2112200,0.0,0.0
2022-06-03 00:00:00-04:00,17.450000762939453,17.510000228881836,17.010000228881836,17.200000762939453,16.54005241394043,1895200,0.0,0.0
2022-06-06 00:00:00-04:00,17.389999389648438,17.440000534057617,17.15999984741211,17.3799991607666,16.71314811706543,2115300,0.0,0.0
2022-06-07 00:00:00-04:00,17.049999237060547,17.610000610351562,16.989999771118164,17.56999969482422,16.895856857299805,2780900,0.0,0.0
2022-06-08 00:00:00-04:00,17.3799991607666,17.610000610351562,17.15999984741211,17.209999084472656,16.549671173095703,2401100,0.0,0.0
2022-06-09 00:00:00-04:00,17.219999313354492,17.260000228881836,16.850000381469727,16.860000610351562,16.213102340698242,2703800,0.0,0.0
2022-06-10 00:00:00-04:00,16.520000457763672,16.65999984741211,16.360000610351562,16.56999969482422,15.93422794342041,4140000,0.0,0.0
2022-06-13 00:00:00-04:00,16.09000015258789,16.200000762939453,15.600000381469727,15.670000076293945,15.06875991821289,3738100,0.0,0.0
2022-06-14 00:00:00-04:00,15.699999809265137,15.789999961853027,15.329999923706055,15.550000190734863,14.953363418579102,3712400,0.0,0.0
2022-06-15 00:00:00-04:00,15.770000457763672,15.84000015258789,15.34000015258789,15.539999961853027,14.943747520446777,4649200,0.0,0.0
2022-06-16 00:00:00-04:00,15.1899995803833,15.460000038146973,15.0,15.420000076293945,14.828351974487305,3580200,0.0,0.0
2022-06-17 00:00:00-04:00,15.5,15.800000190734863,15.430000305175781,15.5,14.905282974243164,6601700,0.0,0.0
2022-06-21 00:00:00-04:00,15.729999542236328,15.859999656677246,15.199999809265137,15.220000267028809,14.636025428771973,4288500,0.0,0.0
2022-06-22 00:00:00-04:00,15.09000015258789,15.260000228881836,14.960000038146973,15.100000381469727,14.5206298828125,4453000,0.0,0.0
2022-06-23 00:00:00-04:00,15.130000114440918,15.270000457763672,14.949999809265137,15.239999771118164,14.655257225036621,3601400,0.0,0.0
2022-06-24 00:00:00-04:00,15.380000114440918,15.899999618530273,15.359999656677246,15.779999732971191,15.174537658691406,5878700,0.0,0.0
2022-06-27 00:00:00-04:00,15.869999885559082,15.949999809265137,15.609999656677246,15.739999771118164,15.13607406616211,3349100,0.0,0.0
2022-06-28 00:00:00-04:00,15.829999923706055,16.1200008392334,15.479999542236328,15.489999771118164,14.895666122436523,3582900,0.0,0.0
2022-06-29 00:00:00-04:00,15.329999923706055,15.5,15.170000076293945,15.319999694824219,14.73218822479248,2784900,0.0,0.0
2022-06-30 00:00:00-04:00,15.15999984741211,15.739999771118164,15.100000381469727,15.579999923706055,14.98221492767334,4100400,0.0,0.0
2022-07-01 00:00:00-04:00,15.550000190734863,15.8100004196167,15.420000076293945,15.75,15.145689964294434,2006900,0.0,0.0
2022-07-05 00:00:00-04:00,15.430000305175781,15.649999618530273,15.170000076293945,15.630000114440918,15.030294418334961,2130200,0.0,0.0
2022-07-06 00:00:00-04:00,15.739999771118164,15.869999885559082,15.430000305175781,15.579999923706055,14.98221492767334,1883200,0.0,0.0
2022-07-07 00:00:00-04:00,15.710000038146973,15.890000343322754,15.65999984741211,15.84000015258789,15.23223876953125,2568600,0.0,0.0
2022-07-08 00:00:00-04:00,15.789999961853027,15.9399995803833,15.680000305175781,15.75,15.145689964294434,1459500,0.0,0.0
2022-07-11 00:00:00-04:00,15.510000228881836,15.600000381469727,15.34000015258789,15.399999618530273,14.809117317199707,1318100,0.0,0.0
2022-07-12 00:00:00-04:00,15.390000343322754,15.84000015258789,15.390000343322754,15.649999618530273,15.04952621459961,1476000,0.0,0.0
2022-07-13 00:00:00-04:00,15.380000114440918,15.59000015258789,15.109999656677246,15.489999771118164,14.895666122436523,1631300,0.0,0.0
2022-07-14 00:00:00-04:00,15.180000305175781,15.350000381469727,15.140000343322754,15.239999771118164,14.655257225036621,1452300,0.0,0.0
2022-07-15 00:00:00-04:00,15.5,15.739999771118164,15.319999694824219,15.729999542236328,15.126458168029785,2103300,0.0,0.0
2022-07-18 00:00:00-04:00,15.789999961853027,15.960000038146973,15.649999618530273,15.710000038146973,15.107224464416504,2435500,0.0,0.0
2022-07-19 00:00:00-04:00,15.970000267028809,16.3700008392334,15.84000015258789,16.309999465942383,15.68420124053955,1750100,0.0,0.0
2022-07-20 00:00:00-04:00,16.290000915527344,16.81999969482422,16.280000686645508,16.6200008392334,15.982308387756348,2328000,0.0,0.0
2022-07-21 00:00:00-04:00,16.59000015258789,16.84000015258789,16.450000762939453,16.829999923706055,16.184247970581055,2575300,0.0,0.0
2022-07-22 00:00:00-04:00,16.780000686645508,16.950000762939453,16.649999618530273,16.8799991607666,16.232332229614258,2297000,0.0,0.0
2022-07-25 00:00:00-04:00,16.899999618530273,17.15999984741211,16.770000457763672,16.899999618530273,16.251567840576172,2852600,0.0,0.0
2022-07-26 00:00:00-04:00,16.729999542236328,16.90999984741211,16.56999969482422,16.700000762939453,16.059240341186523,2340900,0.0,0.0
2022-07-27 00:00:00-04:00,16.739999771118164,17.110000610351562,16.68000030517578,17.049999237060547,16.395811080932617,3088000,0.0,0.0
2022-07-28 00:00:00-04:00,16.8799991607666,17.15999984741211,16.6299991607666,17.100000381469727,16.443891525268555,2401400,0.0,0.0
2022-07-29 00:00:00-04:00,17.030000686645508,17.299999237060547,16.899999618530273,17.139999389648438,16.482358932495117,2205900,0.0,0.0
2022-08-01 00:00:00-04:00,17.020000457763672,17.299999237060547,16.799999237060547,17.1299991607666,16.472740173339844,1428600,0.0,0.0
2022-08-02 00:00:00-04:00,17.049999237060547,17.170000076293945,16.90999984741211,17.0,16.347728729248047,1528900,0.0,0.0
2022-08-03 00:00:00-04:00,17.059999465942383,17.549999237060547,16.989999771118164,17.510000228881836,16.83816146850586,2222200,0.0,0.0
2022-08-04 00:00:00-04:00,17.40999984741211,17.559999465942383,17.260000228881836,17.3799991607666,16.71314811706543,1698200,0.0,0.0
2022-08-05 00:00:00-04:00,17.06999969482422,17.1299991607666,16.84000015258789,17.010000228881836,16.357345581054688,4076000,0.0,0.0
2022-08-08 00:00:00-04:00,17.079999923706055,17.639999389648438,17.010000228881836,17.3700008392334,16.70353126525879,4028400,0.0,0.0
2022-08-09 00:00:00-04:00,18.860000610351562,20.579999923706055,18.15999984741211,18.270000457763672,17.56900405883789,5158900,0.0,0.0
2022-08-10 00:00:00-04:00,18.40999984741211,18.540000915527344,18.18000030517578,18.450000762939453,17.74209213256836,3708700,0.0,0.0
2022-08-11 00:00:00-04:00,18.450000762939453,18.780000686645508,18.43000030517578,18.670000076293945,17.95365333557129,2768500,0.0,0.0
2022-08-12 00:00:00-04:00,18.719999313354492,18.889999389648438,18.6299991607666,18.829999923706055,18.107513427734375,2190000,0.0,0.0
2022-08-15 00:00:00-04:00,18.829999923706055,18.90999984741211,18.450000762939453,18.489999771118164,17.78055763244629,3705800,0.0,0.0
2022-08-16 00:00:00-04:00,18.34000015258789,18.809999465942383,18.34000015258789,18.59000015258789,17.87672233581543,2371000,0.0,0.0
2022-08-17 00:00:00-04:00,18.450000762939453,18.479999542236328,18.190000534057617,18.329999923706055,17.626697540283203,1877600,0.0,0.0
2022-08-18 00:00:00-04:00,18.25,18.350000381469727,17.989999771118164,18.280000686645508,17.578617095947266,1660100,0.0,0.0
2022-08-19 00:00:00-04:00,18.149999618530273,18.200000762939453,17.84000015258789,17.899999618530273,17.21319580078125,1677900,0.0,0.0
2022-08-22 00:00:00-04:00,17.6200008392334,17.790000915527344,17.43000030517578,17.450000762939453,16.78046417236328,1629500,0.0,0.0
2022-08-23 00:00:00-04:00,17.450000762939453,17.639999389648438,17.270000457763672,17.309999465942383,16.64583396911621,1400900,0.0,0.0
2022-08-24 00:00:00-04:00,17.399999618530273,17.559999465942383,17.25,17.479999542236328,16.809314727783203,1629300,0.0,0.0
2022-08-25 00:00:00-04:00,17.5,17.760000228881836,17.5,17.729999542236328,17.049720764160156,1360300,0.0,0.0
2022-08-26 00:00:00-04:00,17.770000457763672,17.940000534057617,17.350000381469727,17.350000381469727,16.68429946899414,2770100,0.0,0.0
2022-08-29 00:00:00-04:00,17.299999237060547,17.40999984741211,17.18000030517578,17.290000915527344,16.626602172851562,1374100,0.0,0.0
2022-08-30 00:00:00-04:00,17.31999969482422,17.34000015258789,17.010000228881836,17.100000381469727,16.443891525268555,2532800,0.0,0.0
2022-08-31 00:00:00-04:00,17.170000076293945,17.329999923706055,16.90999984741211,16.920000076293945,16.27079963684082,2932600,0.0,0.0
2022-09-01 00:00:00-04:00,16.780000686645508,16.920000076293945,16.700000762939453,16.920000076293945,16.27079963684082,2243000,0.0,0.0
2022-09-02 00:00:00-04:00,17.030000686645508,17.31999969482422,16.8799991607666,16.959999084472656,16.309263229370117,2127000,0.0,0.0
2022-09-06 00:00:00-04:00,17.040000915527344,17.06999969482422,16.420000076293945,16.450000762939453,15.818833351135254,2760700,0.0,0.0
2022-09-07 00:00:00-04:00,16.450000762939453,16.8700008392334,16.350000381469727,16.81999969482422,16.17463493347168,1994100,0.0,0.0
2022-09-08 00:00:00-04:00,16.6299991607666,16.93000030517578,16.5,16.799999237060547,16.1554012298584,2062300,0.0,0.0
2022-09-09 00:00:00-04:00,16.8700008392334,17.5,16.8700008392334,17.469999313354492,16.799694061279297,2124100,0.0,0.0
2022-09-12 00:00:00-04:00,17.579999923706055,17.84000015258789,17.579999923706055,17.610000610351562,16.934326171875,1835500,0.0,0.0
2022-09-13 00:00:00-04:00,17.110000610351562,17.40999984741211,16.770000457763672,16.829999923706055,16.27667808532715,2417900,0.1,0.0
2022-09-14 00:00:00-04:00,16.8799991607666,16.920000076293945,16.559999465942383,16.860000610351562,16.305694580078125,1756300,0.0,0.0
2022-09-15 00:00:00-04:00,16.860000610351562,17.40999984741211,16.860000610351562,17.139999389648438,16.57649040222168,2793800,0.0,0.0
2022-09-16 00:00:00-04:00,17.06999969482422,17.06999969482422,16.329999923706055,16.530000686645508,15.98654556274414,4057000,0.0,0.0
2022-09-19 00:00:00-04:00,16.350000381469727,16.68000030517578,16.31999969482422,16.540000915527344,15.9962158203125,1531700,0.0,0.0
2022-09-20 00:00:00-04:00,16.399999618530273,16.68000030517578,16.360000610351562,16.459999084472656,15.918844223022461,1900100,0.0,0.0
2022-09-21 00:00:00-04:00,16.600000381469727,16.65999984741211,15.989999771118164,16.010000228881836,15.48363971710205,2455300,0.0,0.0
2022-09-22 00:00:00-04:00,15.9399995803833,16.040000915527344,15.670000076293945,15.6899995803833,15.174159049987793,2242300,0.0,0.0
2022-09-23 00:00:00-04:00,15.600000381469727,15.6899995803833,15.180000305175781,15.329999923706055,14.825995445251465,2288700,0.0,0.0
2022-09-26 00:00:00-04:00,15.210000038146973,15.449999809265137,15.020000457763672,15.039999961853027,14.54552936553955,3913900,0.0,0.0
2022-09-27 00:00:00-04:00,15.09000015258789,15.359999656677246,14.899999618530273,14.949999809265137,14.458488464355469,2064800,0.0,0.0
2022-09-28 00:00:00-04:00,15.0,15.479999542236328,14.979999542236328,15.380000114440918,14.874351501464844,1897600,0.0,0.0
2022-09-29 00:00:00-04:00,15.079999923706055,15.239999771118164,14.869999885559082,15.050000190734863,14.555201530456543,2148600,0.0,0.0
2022-09-30 00:00:00-04:00,15.130000114440918,15.420000076293945,15.0,15.109999656677246,14.613227844238281,3899800,0.0,0.0
2022-10-03 00:00:00-04:00,15.350000381469727,15.680000305175781,15.220000267028809,15.630000114440918,15.116132736206055,2271400,0.0,0.0
2022-10-04 00:00:00-04:00,15.819999694824219,16.399999618530273,15.819999694824219,16.3799991607666,15.841476440429688,3629000,0.0,0.0
2022-10-05 00:00:00-04:00,16.049999237060547,16.260000228881836,15.960000038146973,16.139999389648438,15.609365463256836,1897800,0.0,0.0
2022-10-06 00:00:00-04:00,16.350000381469727,16.350000381469727,15.850000381469727,15.880000114440918,15.35791301727295,1460100,0.0,0.0
2022-10-07 00:00:00-04:00,15.75,15.819999694824219,15.460000038146973,15.550000190734863,15.038763046264648,1527800,0.0,0.0
2022-10-10 00:00:00-04:00,15.65999984741211,15.739999771118164,15.390000343322754,15.510000228881836,15.000078201293945,1222700,0.0,0.0
2022-10-11 00:00:00-04:00,15.350000381469727,15.75,15.220000267028809,15.460000038146973,14.95172119140625,2927800,0.0,0.0
2022-10-12 00:00:00-04:00,15.460000038146973,15.600000381469727,15.300000190734863,15.520000457763672,15.009749412536621,2001000,0.0,0.0
2022-10-13 00:00:00-04:00,15.239999771118164,15.989999771118164,15.050000190734863,15.9399995803833,15.415940284729004,2654900,0.0,0.0
2022-10-14 00:00:00-04:00,16.030000686645508,16.190000534057617,15.5600004196167,15.600000381469727,15.08712100982666,3080200,0.0,0.0
2022-10-17 00:00:00-04:00,16.25,16.829999923706055,16.1200008392334,16.1299991607666,15.599695205688477,8113400,0.0,0.0
2022-10-18 00:00:00-04:00,16.450000762939453,16.739999771118164,16.059999465942383,16.25,15.715747833251953,4179300,0.0,0.0
2022-10-19 00:00:00-04:00,16.40999984741211,16.760000228881836,16.360000610351562,16.59000015258789,16.044570922851562,4304700,0.0,0.0
2022-10-20 00:00:00-04:00,16.549999237060547,16.899999618530273,16.389999389648438,16.690000534057617,16.141284942626953,3862600,0.0,0.0
2022-10-21 00:00:00-04:00,16.65999984741211,17.219999313354492,16.510000228881836,17.200000762939453,16.63451385498047,4028400,0.0,0.0
2022-10-24 00:00:00-04:00,17.360000610351562,17.360000610351562,16.700000762939453,16.920000076293945,16.36372184753418,4399600,0.0,0.0
2022-10-25 00:00:00-04:00,16.989999771118164,17.239999771118164,16.920000076293945,17.170000076293945,16.605501174926758,3563700,0.0,0.0
2022-10-26 00:00:00-04:00,17.170000076293945,17.360000610351562,16.979999542236328,17.0,16.441091537475586,2937400,0.0,0.0
2022-10-27 00:00:00-04:00,17.1200008392334,17.219999313354492,16.690000534057617,16.739999771118164,16.189638137817383,2415300,0.0,0.0
2022-10-28 00:00:00-04:00,16.780000686645508,16.979999542236328,16.549999237060547,16.90999984741211,16.354049682617188,2929600,0.0,0.0
2022-10-31 00:00:00-04:00,16.90999984741211,16.959999084472656,16.770000457763672,16.8700008392334,16.315366744995117,3698400,0.0,0.0
2022-11-01 00:00:00-04:00,17.059999465942383,17.43000030517578,16.899999618530273,16.989999771118164,16.43141746520996,2430000,0.0,0.0
2022-11-02 00:00:00-04:00,16.84000015258789,16.979999542236328,16.40999984741211,16.469999313354492,15.928513526916504,3178600,0.0,0.0
2022-11-03 00:00:00-04:00,16.219999313354492,16.6299991607666,15.979999542236328,16.459999084472656,15.918844223022461,4055100,0.0,0.0
2022-11-04 00:00:00-04:00,16.690000534057617,16.700000762939453,16.139999389648438,16.68000030517578,16.131610870361328,2858100,0.0,0.0
2022-11-07 00:00:00-05:00,16.780000686645508,16.899999618530273,16.399999618530273,16.719999313354492,16.1702938079834,3790700,0.0,0.0
2022-11-08 00:00:00-05:00,16.790000915527344,17.299999237060547,16.65999984741211,17.09000015258789,16.528133392333984,3886900,0.0,0.0
2022-11-09 00:00:00-05:00,15.050000190734863,16.450000762939453,15.0,16.15999984741211,15.628706932067871,6692100,0.0,0.0
2022-11-10 00:00:00-05:00,16.75,17.399999618530273,16.5,17.299999237060547,16.73122787475586,5283000,0.0,0.0
2022-11-11 00:00:00-05:00,17.530000686645508,18.06999969482422,17.450000762939453,18.059999465942383,17.46624183654785,3456300,0.0,0.0
2022-11-14 00:00:00-05:00,17.959999084472656,18.450000762939453,17.84000015258789,18.18000030517578,17.582298278808594,3532100,0.0,0.0
2022-11-15 00:00:00-05:00,18.229999542236328,18.479999542236328,17.93000030517578,18.149999618530273,17.553281784057617,2191400,0.0,0.0
2022-11-16 00:00:00-05:00,18.079999923706055,18.1200008392334,17.81999969482422,17.90999984741211,17.32117462158203,2023900,0.0,0.0
2022-11-17 00:00:00-05:00,17.610000610351562,18.049999237060547,17.530000686645508,17.940000534057617,17.35018539428711,2002000,0.0,0.0
2022-11-18 00:00:00-05:00,18.200000762939453,18.209999084472656,17.719999313354492,17.829999923706055,17.24380111694336,2625000,0.0,0.0
2022-11-21 00:00:00-05:00,17.610000610351562,17.780000686645508,17.360000610351562,17.479999542236328,16.905311584472656,2455400,0.0,0.0
2022-11-22 00:00:00-05:00,17.530000686645508,17.850000381469727,17.40999984741211,17.829999923706055,17.24380111694336,1761200,0.0,0.0
2022-11-23 00:00:00-05:00,17.889999389648438,18.389999389648438,17.770000457763672,18.229999542236328,17.630653381347656,2091900,0.0,0.0
2022-11-25 00:00:00-05:00,18.170000076293945,18.479999542236328,18.09000015258789,18.299999237060547,17.69835090637207,1234300,0.0,0.0
2022-11-28 00:00:00-05:00,18.110000610351562,18.610000610351562,18.110000610351562,18.190000534057617,17.591970443725586,3510100,0.0,0.0
2022-11-29 00:00:00-05:00,18.209999084472656,18.6200008392334,18.100000381469727,18.559999465942383,17.949804306030273,2921100,0.0,0.0
2022-11-30 00:00:00-05:00,18.5,19.25,18.469999313354492,19.149999618530273,18.520402908325195,4878800,0.0,0.0
2022-12-01 00:00:00-05:00,19.09000015258789,19.360000610351562,19.020000457763672,19.15999984741211,18.53007698059082,2798600,0.0,0.0
2022-12-02 00:00:00-05:00,18.979999542236328,19.170000076293945,18.8799991607666,19.1200008392334,18.491392135620117,1671200,0.0,0.0
2022-12-05 00:00:00-05:00,19.020000457763672,19.06999969482422,18.700000762939453,18.719999313354492,18.104541778564453,1516700,0.0,0.0
2022-12-06 00:00:00-05:00,18.739999771118164,18.809999465942383,18.360000610351562,18.479999542236328,17.872432708740234,1880500,0.0,0.0
2022-12-07 00:00:00-05:00,18.450000762939453,18.479999542236328,18.059999465942383,18.200000762939453,17.60163688659668,2030900,0.0,0.0
2022-12-08 00:00:00-05:00,18.290000915527344,18.43000030517578,18.110000610351562,18.149999618530273,17.553281784057617,2257900,0.0,0.0
2022-12-09 00:00:00-05:00,18.149999618530273,18.209999084472656,17.989999771118164,18.049999237060547,17.456567764282227,1586000,0.0,0.0
2022-12-12 00:00:00-05:00,18.010000228881836,18.200000762939453,17.850000381469727,18.190000534057617,17.591970443725586,2185300,0.0,0.0
2022-12-13 00:00:00-05:00,18.739999771118164,18.950000762939453,18.450000762939453,18.700000762939453,18.085201263427734,2826500,0.0,0.0
2022-12-14 00:00:00-05:00,18.56999969482422,18.8799991607666,18.3700008392334,18.68000030517578,18.06585693359375,2329700,0.0,0.0
2022-12-15 00:00:00-05:00,18.3700008392334,18.56999969482422,17.739999771118164,17.780000686645508,17.195444107055664,2159400,0.0,0.0
2022-12-16 00:00:00-05:00,17.700000762939453,17.90999984741211,17.56999969482422,17.829999923706055,17.24380111694336,3888100,0.0,0.0
2022-12-19 00:00:00-05:00,17.780000686645508,17.829999923706055,17.31999969482422,17.43000030517578,16.85695457458496,2023700,0.0,0.0
2022-12-20 00:00:00-05:00,17.450000762939453,17.559999465942383,17.25,17.510000228881836,16.934324264526367,2486800,0.0,0.0
2022-12-21 00:00:00-05:00,17.649999618530273,17.860000610351562,17.510000228881836,17.729999542236328,17.147090911865234,1862500,0.0,0.0
2022-12-22 00:00:00-05:00,17.549999237060547,17.84000015258789,17.43000030517578,17.809999465942383,17.224458694458008,1585800,0.0,0.0
2022-12-23 00:00:00-05:00,18.18000030517578,18.540000915527344,17.90999984741211,18.309999465942383,17.708019256591797,3703900,0.0,0.0
2022-12-27 00:00:00-05:00,18.309999465942383,18.459999084472656,18.100000381469727,18.280000686645508,17.67900848388672,1506600,0.0,0.0
2022-12-28 00:00:00-05:00,18.25,18.389999389648438,17.940000534057617,17.950000762939453,17.3598575592041,1646100,0.0,0.0
2022-12-29 00:00:00-05:00,18.030000686645508,18.360000610351562,17.989999771118164,18.219999313354492,17.620983123779297,1461000,0.0,0.0
2022-12-30 00:00:00-05:00,18.030000686645508,18.209999084472656,17.950000762939453,18.200000762939453,17.60163688659668,1859900,0.0,0.0
2023-01-03 00:00:00-05:00,18.3700008392334,18.549999237060547,18.079999923706055,18.299999237060547,17.69835090637207,1859200,0.0,0.0
2023-01-04 00:00:00-05:00,18.530000686645508,19.010000228881836,18.350000381469727,18.979999542236328,18.35599708557129,2519200,0.0,0.0
2023-01-05 00:00:00-05:00,18.889999389648438,18.920000076293945,18.549999237060547,18.68000030517578,18.06585693359375,1439000,0.0,0.0
2023-01-06 00:00:00-05:00,18.90999984741211,19.06999969482422,18.6299991607666,19.0,18.375335693359375,1699300,0.0,0.0
2023-01-09 00:00:00-05:00,19.100000381469727,19.350000381469727,18.979999542236328,19.06999969482422,18.443037033081055,1504300,0.0,0.0
2023-01-10 00:00:00-05:00,19.040000915527344,19.399999618530273,18.889999389648438,19.389999389648438,18.752513885498047,1419100,0.0,0.0
2023-01-11 00:00:00-05:00,19.389999389648438,19.450000762939453,19.020000457763672,19.309999465942383,18.67514419555664,2293500,0.0,0.0
2023-01-12 00:00:00-05:00,19.34000015258789,19.450000762939453,19.190000534057617,19.350000381469727,18.713830947875977,1658200,0.0,0.0
2023-01-13 00:00:00-05:00,19.139999389648438,19.469999313354492,19.1299991607666,19.459999084472656,18.820213317871094,1605600,0.0,0.0
2023-01-17 00:00:00-05:00,19.43000030517578,19.510000228881836,19.170000076293945,19.270000457763672,18.63646125793457,1824600,0.0,0.0
2023-01-18 00:00:00-05:00,19.34000015258789,19.399999618530273,18.799999237060547,18.8700008392334,18.249614715576172,2078400,0.0,0.0
2023-01-19 00:00:00-05:00,18.729999542236328,18.799999237060547,18.510000228881836,18.709999084472656,18.094871520996094,1806700,0.0,0.0
2023-01-20 00:00:00-05:00,18.770000457763672,19.299999237060547,18.639999389648438,19.260000228881836,18.626787185668945,1807700,0.0,0.0
2023-01-23 00:00:00-05:00,19.299999237060547,19.56999969482422,19.170000076293945,19.549999237060547,18.90725326538086,1272900,0.0,0.0
2023-01-24 00:00:00-05:00,19.479999542236328,19.559999465942383,19.270000457763672,19.530000686645508,18.887914657592773,1489900,0.0,0.0
2023-01-25 00:00:00-05:00,20.510000228881836,21.280000686645508,20.420000076293945,20.639999389648438,19.96141815185547,9544600,0.0,0.0
2023-01-26 00:00:00-05:00,20.6299991607666,20.81999969482422,20.360000610351562,20.719999313354492,20.038789749145508,3052500,0.0,0.0
2023-01-27 00:00:00-05:00,20.700000762939453,20.780000686645508,20.450000762939453,20.520000457763672,19.845365524291992,2873400,0.0,0.0
2023-01-30 00:00:00-05:00,20.290000915527344,20.420000076293945,20.049999237060547,20.170000076293945,19.506872177124023,3404000,0.0,0.0
2023-01-31 00:00:00-05:00,20.15999984741211,20.290000915527344,20.100000381469727,20.260000228881836,19.593910217285156,2798000,0.0,0.0
2023-02-01 00:00:00-05:00,20.260000228881836,20.75,19.899999618530273,20.719999313354492,20.038789749145508,3252800,0.0,0.0
2023-02-02 00:00:00-05:00,20.940000534057617,21.690000534057617,20.8799991607666,21.469999313354492,20.764129638671875,3026000,0.0,0.0
2023-02-03 00:00:00-05:00,21.209999084472656,21.40999984741211,21.010000228881836,21.170000076293945,20.473997116088867,2510600,0.0,0.0
2023-02-06 00:00:00-05:00,20.959999084472656,21.040000915527344,20.59000015258789,20.770000457763672,20.08714485168457,2127800,0.0,0.0
2023-02-07 00:00:00-05:00,20.690000534057617,21.010000228881836,20.510000228881836,20.90999984741211,20.222543716430664,1771900,0.0,0.0
2023-02-08 00:00:00-05:00,20.790000915527344,21.18000030517578,20.739999771118164,20.8799991607666,20.193527221679688,2228800,0.0,0.0
2023-02-09 00:00:00-05:00,21.09000015258789,21.09000015258789,20.540000915527344,20.59000015258789,19.913063049316406,2655300,0.0,0.0
2023-02-10 00:00:00-05:00,19.649999618530273,19.739999771118164,18.610000610351562,18.65999984741211,18.0465145111084,8312600,0.0,0.0
2023-02-13 00:00:00-05:00,18.6299991607666,18.979999542236328,18.489999771118164,18.8700008392334,18.249614715576172,3645300,0.0,0.0
2023-02-14 00:00:00-05:00,18.780000686645508,18.90999984741211,18.5,18.81999969482422,18.201257705688477,2986600,0.0,0.0
2023-02-15 00:00:00-05:00,18.739999771118164,19.15999984741211,18.649999618530273,19.139999389648438,18.510732650756836,2801800,0.0,0.0
2023-02-16 00:00:00-05:00,18.8700008392334,19.059999465942383,18.68000030517578,18.700000762939453,18.085201263427734,2459100,0.0,0.0
2023-02-17 00:00:00-05:00,18.68000030517578,19.010000228881836,18.540000915527344,19.0,18.375335693359375,2682700,0.0,0.0
2023-02-21 00:00:00-05:00,18.75,18.8799991607666,18.239999771118164,18.260000228881836,17.659664154052734,2353700,0.0,0.0
2023-02-22 00:00:00-05:00,17.799999237060547,17.8799991607666,17.329999923706055,17.68000030517578,17.098735809326172,4609700,0.0,0.0
2023-02-23 00:00:00-05:00,17.6299991607666,17.719999313354492,17.329999923706055,17.5,16.924652099609375,2130100,0.0,0.0
2023-02-24 00:00:00-05:00,17.149999618530273,17.450000762939453,17.0,17.440000534057617,16.866626739501953,2722000,0.0,0.0
2023-02-27 00:00:00-05:00,17.549999237060547,17.549999237060547,17.25,17.270000457763672,16.70221519470215,2146000,0.0,0.0
2023-02-28 00:00:00-05:00,17.239999771118164,17.329999923706055,17.059999465942383,17.149999618530273,16.586158752441406,3739400,0.0,0.0
2023-03-01 00:00:00-05:00,17.010000228881836,17.09000015258789,16.84000015258789,16.920000076293945,16.36372184753418,2607100,0.0,0.0
2023-03-02 00:00:00-05:00,16.81999969482422,17.280000686645508,16.790000915527344,17.260000228881836,16.692541122436523,2123500,0.0,0.0
2023-03-03 00:00:00-05:00,17.329999923706055,17.360000610351562,17.1299991607666,17.260000228881836,16.692541122436523,2256700,0.0,0.0
2023-03-06 00:00:00-05:00,17.309999465942383,17.43000030517578,16.969999313354492,17.030000686645508,16.470109939575195,3163900,0.0,0.0
2023-03-07 00:00:00-05:00,17.020000457763672,17.1299991607666,16.829999923706055,16.860000610351562,16.305694580078125,2696200,0.0,0.0
2023-03-08 00:00:00-05:00,16.899999618530273,16.989999771118164,16.68000030517578,16.770000457763672,16.21865463256836,2907900,0.0,0.0
2023-03-09 00:00:00-05:00,16.770000457763672,16.84000015258789,16.270000457763672,16.290000915527344,15.754435539245605,3382300,0.0,0.0
2023-03-10 00:00:00-05:00,16.219999313354492,16.229999542236328,15.739999771118164,16.010000228881836,15.48363971710205,3741400,0.0,0.0
2023-03-13 00:00:00-04:00,15.920000076293945,15.920000076293945,15.579999923706055,15.600000381469727,15.08712100982666,3972700,0.0,0.0
2023-03-14 00:00:00-04:00,15.880000114440918,15.960000038146973,15.640000343322754,15.90999984741211,15.486197471618652,5555000,0.1,0.0
2023-03-15 00:00:00-04:00,15.640000343322754,15.930000305175781,15.59000015258789,15.920000076293945,15.495931625366211,3860000,0.0,0.0
2023-03-16 00:00:00-04:00,15.800000190734863,16.290000915527344,15.710000038146973,16.239999771118164,15.80740737915039,3160300,0.0,0.0
2023-03-17 00:00:00-04:00,16.170000076293945,16.200000762939453,15.90999984741211,15.90999984741211,15.486197471618652,4593400,0.0,0.0
2023-03-20 00:00:00-04:00,15.920000076293945,16.110000610351562,15.84000015258789,16.06999969482422,15.641935348510742,2186400,0.0,0.0
2023-03-21 00:00:00-04:00,16.280000686645508,16.3700008392334,16.170000076293945,16.209999084472656,15.778204917907715,3371400,0.0,0.0
2023-03-22 00:00:00-04:00,16.170000076293945,16.260000228881836,15.8100004196167,15.829999923706055,15.408327102661133,2495000,0.0,0.0
2023-03-23 00:00:00-04:00,15.899999618530273,16.290000915527344,15.899999618530273,16.18000030517578,15.749007225036621,6234800,0.0,0.0
2023-03-24 00:00:00-04:00,16.09000015258789,16.25,15.880000114440918,16.219999313354492,15.787939071655273,2939100,0.0,0.0
2023-03-27 00:00:00-04:00,16.399999618530273,16.56999969482422,16.350000381469727,16.489999771118164,16.050748825073242,3261100,0.0,0.0
2023-03-28 00:00:00-04:00,16.450000762939453,16.6200008392334,16.360000610351562,16.600000381469727,16.157817840576172,2194500,0.0,0.0
2023-03-29 00:00:00-04:00,16.780000686645508,16.969999313354492,16.700000762939453,16.93000030517578,16.479028701782227,1986600,0.0,0.0
2023-03-30 00:00:00-04:00,16.969999313354492,17.170000076293945,16.90999984741211,16.969999313354492,16.517963409423828,2254200,0.0,0.0
2023-03-31 00:00:00-04:00,17.040000915527344,17.290000915527344,16.979999542236328,17.270000457763672,16.809968948364258,2158700,0.0,0.0
2023-04-03 00:00:00-04:00,17.170000076293945,17.479999542236328,17.170000076293945,17.420000076293945,16.955976486206055,2854200,0.0,0.0
2023-04-04 00:00:00-04:00,17.5,17.65999984741211,17.219999313354492,17.31999969482422,16.858638763427734,3256100,0.0,0.0
2023-04-05 00:00:00-04:00,17.260000228881836,17.350000381469727,17.040000915527344,17.31999969482422,16.858638763427734,3128400,0.0,0.0
2023-04-06 00:00:00-04:00,17.270000457763672,17.3700008392334,17.1299991607666,17.270000457763672,16.809968948364258,1987100,0.0,0.0
2023-04-10 00:00:00-04:00,17.1299991607666,17.420000076293945,17.1299991607666,17.399999618530273,16.936506271362305,1380800,0.0,0.0
2023-04-11 00:00:00-04:00,17.40999984741211,17.65999984741211,17.399999618530273,17.600000381469727,17.131179809570312,1596800,0.0,0.0
2023-04-12 00:00:00-04:00,17.780000686645508,17.829999923706055,17.270000457763672,17.299999237060547,16.839168548583984,2766600,0.0,0.0
2023-04-13 00:00:00-04:00,17.280000686645508,17.670000076293945,17.280000686645508,17.6200008392334,17.150646209716797,2119800,0.0,0.0
2023-04-14 00:00:00-04:00,17.559999465942383,17.719999313354492,17.290000915527344,17.399999618530273,16.936506271362305,1367000,0.0,0.0
2023-04-17 00:00:00-04:00,17.360000610351562,17.450000762939453,17.170000076293945,17.31999969482422,16.858638763427734,2379600,0.0,0.0
2023-04-18 00:00:00-04:00,17.399999618530273,17.469999313354492,17.219999313354492,17.270000457763672,16.809968948364258,2857000,0.0,0.0
2023-04-19 00:00:00-04:00,17.15999984741211,17.5,17.059999465942383,17.399999618530273,16.936506271362305,2053200,0.0,0.0
2023-04-20 00:00:00-04:00,17.329999923706055,17.489999771118164,17.260000228881836,17.270000457763672,16.809968948364258,2164600,0.0,0.0
2023-04-21 00:00:00-04:00,17.31999969482422,17.389999389648438,17.200000762939453,17.280000686645508,16.819704055786133,1889200,0.0,0.0
2023-04-24 00:00:00-04:00,17.290000915527344,17.3799991607666,17.09000015258789,17.25,16.790504455566406,1288200,0.0,0.0
2023-04-25 00:00:00-04:00,17.06999969482422,17.110000610351562,16.790000915527344,16.899999618530273,16.449827194213867,2749400,0.0,0.0
2023-04-26 00:00:00-04:00,16.899999618530273,17.040000915527344,16.600000381469727,16.649999618530273,16.206485748291016,1739900,0.0,0.0
2023-04-27 00:00:00-04:00,16.760000228881836,17.170000076293945,16.59000015258789,17.149999618530273,16.693164825439453,1773800,0.0,0.0
2023-04-28 00:00:00-04:00,17.15999984741211,17.610000610351562,17.100000381469727,17.610000610351562,17.140914916992188,2754000,0.0,0.0
2023-05-01 00:00:00-04:00,17.520000457763672,17.65999984741211,17.329999923706055,17.3700008392334,16.90730857849121,1824000,0.0,0.0
2023-05-02 00:00:00-04:00,17.309999465942383,17.309999465942383,16.729999542236328,16.979999542236328,16.527694702148438,2267700,0.0,0.0
2023-05-03 00:00:00-04:00,17.049999237060547,17.270000457763672,17.020000457763672,17.030000686645508,16.576366424560547,1847000,0.0,0.0
2023-05-04 00:00:00-04:00,16.799999237060547,17.0,16.639999389648438,16.719999313354492,16.274620056152344,5698800,0.0,0.0
2023-05-05 00:00:00-04:00,16.93000030517578,17.18000030517578,16.81999969482422,17.1200008392334,16.66396713256836,1684000,0.0,0.0
2023-05-08 00:00:00-04:00,17.149999618530273,17.229999542236328,17.0,17.139999389648438,16.683433532714844,1127700,0.0,0.0
2023-05-09 00:00:00-04:00,17.100000381469727,17.100000381469727,16.850000381469727,16.93000030517578,16.479028701782227,2008500,0.0,0.0
2023-05-10 00:00:00-04:00,17.149999618530273,17.25,16.350000381469727,16.65999984741211,16.216217041015625,3342200,0.0,0.0
2023-05-11 00:00:00-04:00,16.610000610351562,16.790000915527344,16.399999618530273,16.739999771118164,16.29408836364746,3907300,0.0,0.0
2023-05-12 00:00:00-04:00,18.239999771118164,18.6299991607666,17.59000015258789,18.15999984741211,17.676259994506836,5659800,0.0,0.0
2023-05-15 00:00:00-04:00,18.309999465942383,18.829999923706055,18.25,18.770000457763672,18.270017623901367,4224400,0.0,0.0
2023-05-16 00:00:00-04:00,18.670000076293945,18.670000076293945,18.200000762939453,18.3700008392334,17.880672454833984,2721200,0.0,0.0
2023-05-17 00:00:00-04:00,18.520000457763672,18.739999771118164,18.239999771118164,18.719999313354492,18.221345901489258,2276900,0.0,0.0
2023-05-18 00:00:00-04:00,18.719999313354492,18.809999465942383,18.520000457763672,18.770000457763672,18.270017623901367,1714600,0.0,0.0
2023-05-19 00:00:00-04:00,18.84000015258789,18.84000015258789,18.510000228881836,18.579999923706055,18.08507537841797,1420100,0.0,0.0
2023-05-22 00:00:00-04:00,18.639999389648438,18.75,18.420000076293945,18.530000686645508,18.036407470703125,1772000,0.0,0.0
2023-05-23 00:00:00-04:00,18.420000076293945,18.610000610351562,18.360000610351562,18.3700008392334,17.880672454833984,1633800,0.0,0.0
2023-05-24 00:00:00-04:00,18.239999771118164,18.34000015258789,18.100000381469727,18.219999313354492,17.734664916992188,1625700,0.0,0.0
2023-05-25 00:00:00-04:00,18.219999313354492,18.43000030517578,18.139999389648438,18.229999542236328,17.744396209716797,2051900,0.0,0.0
2023-05-26 00:00:00-04:00,18.31999969482422,18.56999969482422,18.200000762939453,18.540000915527344,18.046142578125,1754700,0.0,0.0
2023-05-30 00:00:00-04:00,18.690000534057617,18.81999969482422,18.610000610351562,18.780000686645508,18.27975082397461,1818800,0.0,0.0
2023-05-31 00:00:00-04:00,18.700000762939453,18.709999084472656,18.170000076293945,18.309999465942383,17.822265625,3598100,0.0,0.0
2023-06-01 00:00:00-04:00,18.420000076293945,18.700000762939453,18.239999771118164,18.690000534057617,18.19214630126953,2285300,0.0,0.0
2023-06-02 00:00:00-04:00,18.81999969482422,18.969999313354492,18.579999923706055,18.799999237060547,18.299213409423828,1902100,0.0,0.0
2023-06-05 00:00:00-04:00,18.760000228881836,18.8700008392334,18.59000015258789,18.6299991607666,18.133745193481445,2224400,0.0,0.0
2023-06-06 00:00:00-04:00,18.649999618530273,18.979999542236328,18.59000015258789,18.950000762939453,18.445219039916992,2168700,0.0,0.0
2023-06-07 00:00:00-04:00,18.989999771118164,19.459999084472656,18.920000076293945,19.43000030517578,18.91243553161621,4897000,0.0,0.0
2023-06-08 00:00:00-04:00,19.3799991607666,19.420000076293945,18.979999542236328,19.200000762939453,18.68855857849121,2363500,0.0,0.0
2023-06-09 00:00:00-04:00,19.229999542236328,19.260000228881836,19.020000457763672,19.209999084472656,18.698291778564453,1783400,0.0,0.0
2023-06-12 00:00:00-04:00,19.200000762939453,19.280000686645508,18.950000762939453,19.0,18.493885040283203,4302600,0.0,0.0
2023-06-13 00:00:00-04:00,19.049999237060547,19.520000457763672,19.049999237060547,19.40999984741211,18.89296531677246,2540700,0.0,0.0
2023-06-14 00:00:00-04:00,19.459999084472656,19.700000762939453,19.18000030517578,19.260000228881836,18.746959686279297,2181200,0.0,0.0
2023-06-15 00:00:00-04:00,19.25,19.579999923706055,19.18000030517578,19.510000228881836,18.99030303955078,2395400,0.0,0.0
2023-06-16 00:00:00-04:00,19.65999984741211,19.690000534057617,19.43000030517578,19.56999969482422,19.0487060546875,3909900,0.0,0.0
2023-06-20 00:00:00-04:00,19.399999618530273,19.510000228881836,19.079999923706055,19.09000015258789,18.58148765563965,1672000,0.0,0.0
2023-06-21 00:00:00-04:00,19.06999969482422,19.299999237060547,18.93000030517578,19.270000457763672,18.756696701049805,1668600,0.0,0.0
2023-06-22 00:00:00-04:00,19.229999542236328,19.270000457763672,18.809999465942383,18.84000015258789,18.338151931762695,1163600,0.0,0.0
2023-06-23 00:00:00-04:00,18.639999389648438,18.899999618530273,18.59000015258789,18.760000228881836,18.260278701782227,2228600,0.0,0.0
2023-06-26 00:00:00-04:00,18.81999969482422,19.0,18.75,18.940000534057617,18.43548583984375,1178000,0.0,0.0
2023-06-27 00:00:00-04:00,18.950000762939453,19.3799991607666,18.899999618530273,19.229999542236328,18.717761993408203,1286800,0.0,0.0
2023-06-28 00:00:00-04:00,19.200000762939453,19.56999969482422,19.190000534057617,19.530000686645508,19.0097713470459,1905500,0.0,0.0
2023-06-29 00:00:00-04:00,19.530000686645508,19.68000030517578,19.450000762939453,19.530000686645508,19.0097713470459,1172000,0.0,0.0
2023-06-30 00:00:00-04:00,19.719999313354492,19.729999542236328,19.469999313354492,19.5,18.980566024780273,1497500,0.0,0.0
2023-07-03 00:00:00-04:00,19.420000076293945,19.610000610351562,19.329999923706055,19.549999237060547,19.02923583984375,1123000,0.0,0.0
2023-07-05 00:00:00-04:00,19.399999618530273,19.530000686645508,19.200000762939453,19.5,18.980566024780273,2286700,0.0,0.0
2023-07-06 00:00:00-04:00,19.299999237060547,19.520000457763672,18.979999542236328,19.489999771118164,18.970834732055664,2412900,0.0,0.0
2023-07-07 00:00:00-04:00,19.440000534057617,19.8700008392334,19.40999984741211,19.709999084472656,19.18497657775879,2559100,0.0,0.0
2023-07-10 00:00:00-04:00,19.600000381469727,19.809999465942383,19.489999771118164,19.56999969482422,19.0487060546875,1791000,0.0,0.0
2023-07-11 00:00:00-04:00,19.68000030517578,19.93000030517578,19.479999542236328,19.920000076293945,19.38938331604004,1780100,0.0,0.0
2023-07-12 00:00:00-04:00,20.15999984741211,20.40999984741211,20.100000381469727,20.15999984741211,19.622987747192383,2168400,0.0,0.0
2023-07-13 00:00:00-04:00,20.280000686645508,20.360000610351562,20.190000534057617,20.329999923706055,19.78845977783203,1356700,0.0,0.0
2023-07-14 00:00:00-04:00,20.34000015258789,20.3799991607666,20.030000686645508,20.209999084472656,19.671653747558594,1308100,0.0,0.0
2023-07-17 00:00:00-04:00,20.18000030517578,20.469999313354492,20.040000915527344,20.399999618530273,19.85659408569336,1699300,0.0,0.0
2023-07-18 00:00:00-04:00,20.360000610351562,20.700000762939453,20.360000610351562,20.59000015258789,20.041534423828125,1893600,0.0,0.0
2023-07-19 00:00:00-04:00,20.549999237060547,20.56999969482422,20.110000610351562,20.149999618530273,19.613252639770508,2026400,0.0,0.0
2023-07-20 00:00:00-04:00,20.1200008392334,20.200000762939453,19.739999771118164,19.8799991607666,19.350446701049805,2424500,0.0,0.0
2023-07-21 00:00:00-04:00,19.959999084472656,19.969999313354492,19.610000610351562,19.649999618530273,19.126569747924805,2572300,0.0,0.0
2023-07-24 00:00:00-04:00,19.649999618530273,19.790000915527344,19.280000686645508,19.34000015258789,18.824831008911133,2365500,0.0,0.0
2023-07-25 00:00:00-04:00,19.299999237060547,19.40999984741211,19.18000030517578,19.290000915527344,18.776165008544922,2261800,0.0,0.0
2023-07-26 00:00:00-04:00,19.270000457763672,19.469999313354492,19.09000015258789,19.200000762939453,18.68855857849121,1495300,0.0,0.0
2023-07-27 00:00:00-04:00,19.450000762939453,19.549999237060547,19.200000762939453,19.270000457763672,18.756696701049805,2283400,0.0,0.0
2023-07-28 00:00:00-04:00,19.559999465942383,19.559999465942383,19.200000762939453,19.3799991607666,18.863765716552734,1772200,0.0,0.0
2023-07-31 00:00:00-04:00,19.3799991607666,19.8799991607666,19.3700008392334,19.81999969482422,19.292043685913086,3161700,0.0,0.0
2023-08-01 00:00:00-04:00,19.68000030517578,19.950000762939453,19.520000457763672,19.809999465942383,19.282310485839844,2204300,0.0,0.0
2023-08-02 00:00:00-04:00,19.700000762939453,19.729999542236328,19.389999389648438,19.65999984741211,19.136308670043945,1711000,0.0,0.0
2023-08-03 00:00:00-04:00,19.489999771118164,19.81999969482422,19.420000076293945,19.709999084472656,19.18497657775879,2695900,0.0,0.0
2023-08-04 00:00:00-04:00,19.700000762939453,20.270000457763672,19.68000030517578,19.8799991607666,19.350446701049805,2677600,0.0,0.0
2023-08-07 00:00:00-04:00,20.030000686645508,20.360000610351562,19.979999542236328,20.209999084472656,19.671653747558594,2840300,0.0,0.0
2023-08-08 00:00:00-04:00,20.079999923706055,20.389999389648438,20.0,20.3799991607666,19.837125778198242,3094400,0.0,0.0
2023-08-09 00:00:00-04:00,20.440000534057617,20.59000015258789,20.219999313354492,20.34000015258789,19.798192977905273,2709200,0.0,0.0
2023-08-10 00:00:00-04:00,20.469999313354492,20.610000610351562,20.1200008392334,20.309999465942383,19.768991470336914,4137600,0.0,0.0
2023-08-11 00:00:00-04:00,20.639999389648438,21.290000915527344,20.40999984741211,21.239999771118164,20.67422103881836,4758200,0.0,0.0
2023-08-14 00:00:00-04:00,21.229999542236328,21.649999618530273,21.059999465942383,21.6200008392334,21.044099807739258,3981100,0.0,0.0
2023-08-15 00:00:00-04:00,21.34000015258789,21.389999389648438,20.860000610351562,20.90999984741211,20.353012084960938,2861500,0.0,0.0
2023-08-16 00:00:00-04:00,20.969999313354492,21.530000686645508,20.940000534057617,21.110000610351562,20.547685623168945,3403000,0.0,0.0
2023-08-17 00:00:00-04:00,21.149999618530273,21.219999313354492,20.760000228881836,20.780000686645508,20.226472854614258,3340100,0.0,0.0
2023-08-18 00:00:00-04:00,20.68000030517578,20.850000381469727,20.610000610351562,20.760000228881836,20.207008361816406,1689100,0.0,0.0
2023-08-21 00:00:00-04:00,20.780000686645508,20.8799991607666,20.360000610351562,20.59000015258789,20.041534423828125,2032100,0.0,0.0
2023-08-22 00:00:00-04:00,20.56999969482422,20.8700008392334,20.549999237060547,20.65999984741211,20.10966682434082,2247200,0.0,0.0
2023-08-23 00:00:00-04:00,20.690000534057617,20.959999084472656,20.670000076293945,20.8700008392334,20.314077377319336,1977600,0.0,0.0
2023-08-24 00:00:00-04:00,20.790000915527344,21.059999465942383,20.639999389648438,20.639999389648438,20.090198516845703,1544600,0.0,0.0
2023-08-25 00:00:00-04:00,20.600000381469727,20.889999389648438,20.59000015258789,20.739999771118164,20.187538146972656,1886000,0.0,0.0
2023-08-28 00:00:00-04:00,20.790000915527344,21.06999969482422,20.790000915527344,20.889999389648438,20.33354377746582,1840500,0.0,0.0
2023-08-29 00:00:00-04:00,20.899999618530273,21.270000457763672,20.84000015258789,21.219999313354492,20.65475082397461,1871100,0.0,0.0
2023-08-30 00:00:00-04:00,21.200000762939453,21.399999618530273,21.15999984741211,21.329999923706055,20.761821746826172,2071000,0.0,0.0
2023-08-31 00:00:00-04:00,21.309999465942383,21.639999389648438,21.299999237060547,21.489999771118164,20.917560577392578,3099900,0.0,0.0
2023-09-01 00:00:00-04:00,21.489999771118164,21.540000915527344,21.15999984741211,21.280000686645508,20.71315574645996,1779100,0.0,0.0
2023-09-05 00:00:00-04:00,21.049999237060547,21.229999542236328,20.93000030517578,21.190000534057617,20.625551223754883,2051900,0.0,0.0
2023-09-06 00:00:00-04:00,21.170000076293945,21.31999969482422,21.010000228881836,21.209999084472656,20.64501953125,2029000,0.0,0.0
2023-09-07 00:00:00-04:00,21.219999313354492,21.280000686645508,20.969999313354492,21.0,20.44061279296875,1962400,0.0,0.0
2023-09-08 00:00:00-04:00,21.09000015258789,21.25,21.030000686645508,21.059999465942383,20.49901580810547,2960200,0.0,0.0
2023-09-11 00:00:00-04:00,21.110000610351562,21.290000915527344,21.010000228881836,21.040000915527344,20.47954750061035,1769600,0.0,0.0
2023-09-12 00:00:00-04:00,20.84000015258789,21.059999465942383,20.700000762939453,20.81999969482422,20.362186431884766,2035900,0.1,0.0
2023-09-13 00:00:00-04:00,20.93000030517578,20.940000534057617,20.219999313354492,20.290000915527344,19.84383773803711,2106000,0.0,0.0
2023-09-14 00:00:00-04:00,20.450000762939453,20.559999465942383,20.309999465942383,20.510000228881836,20.059001922607422,2425600,0.0,0.0
2023-09-15 00:00:00-04:00,20.43000030517578,20.579999923706055,20.200000762939453,20.280000686645508,19.834062576293945,3698800,0.0,0.0
2023-09-18 00:00:00-04:00,20.299999237060547,20.350000381469727,19.8799991607666,19.920000076293945,19.481979370117188,2662100,0.0,0.0
2023-09-19 00:00:00-04:00,19.90999984741211,20.020000457763672,19.860000610351562,19.950000762939453,19.511316299438477,2421900,0.0,0.0
2023-09-20 00:00:00-04:00,20.0,20.059999465942383,19.649999618530273,19.670000076293945,19.23747444152832,1924400,0.0,0.0
2023-09-21 00:00:00-04:00,19.6299991607666,20.299999237060547,19.450000762939453,19.920000076293945,19.481979370117188,5569500,0.0,0.0
2023-09-22 00:00:00-04:00,19.950000762939453,20.040000915527344,19.579999923706055,19.68000030517578,19.247255325317383,2893900,0.0,0.0
2023-09-25 00:00:00-04:00,19.59000015258789,19.81999969482422,19.56999969482422,19.790000915527344,19.354835510253906,2867500,0.0,0.0
2023-09-26 00:00:00-04:00,19.600000381469727,19.790000915527344,19.579999923706055,19.59000015258789,19.15923309326172,2293900,0.0,0.0
2023-09-27 00:00:00-04:00,19.75,19.809999465942383,19.540000915527344,19.649999618530273,19.217910766601562,2329600,0.0,0.0
2023-09-28 00:00:00-04:00,19.6200008392334,20.06999969482422,19.6200008392334,19.979999542236328,19.5406551361084,2418600,0.0,0.0
2023-09-29 00:00:00-04:00,20.059999465942383,20.229999542236328,19.969999313354492,20.059999465942383,19.618898391723633,2545400,0.0,0.0
2023-10-02 00:00:00-04:00,20.040000915527344,20.170000076293945,19.920000076293945,20.0,19.56021499633789,2579900,0.0,0.0
2023-10-03 00:00:00-04:00,19.889999389648438,20.100000381469727,19.3799991607666,19.43000030517578,19.002750396728516,2795400,0.0,0.0
2023-10-04 00:00:00-04:00,19.459999084472656,19.84000015258789,19.25,19.81999969482422,19.384174346923828,2681300,0.0,0.0
2023-10-05 00:00:00-04:00,19.770000457763672,19.90999984741211,19.59000015258789,19.700000762939453,19.266813278198242,2270800,0.0,0.0
2023-10-06 00:00:00-04:00,19.68000030517578,20.360000610351562,19.639999389648438,20.15999984741211,19.716699600219727,2871400,0.0,0.0
2023-10-09 00:00:00-04:00,20.1299991607666,20.309999465942383,19.889999389648438,20.229999542236328,19.785160064697266,2309500,0.0,0.0
2023-10-10 00:00:00-04:00,20.239999771118164,20.65999984741211,20.100000381469727,20.639999389648438,20.186141967773438,2957500,0.0,0.0
2023-10-11 00:00:00-04:00,20.709999084472656,21.079999923706055,20.690000534057617,20.899999618530273,20.440425872802734,3939700,0.0,0.0
2023-10-12 00:00:00-04:00,20.93000030517578,21.06999969482422,20.610000610351562,20.809999465942383,20.352407455444336,2871800,0.0,0.0
2023-10-13 00:00:00-04:00,20.860000610351562,21.5,20.5,20.90999984741211,20.45020866394043,8201500,0.0,0.0
2023-10-16 00:00:00-04:00,21.190000534057617,21.940000534057617,21.1200008392334,21.889999389648438,21.40865707397461,7209900,0.0,0.0
2023-10-17 00:00:00-04:00,21.93000030517578,22.260000228881836,21.65999984741211,22.229999542236328,21.741178512573242,6778300,0.0,0.0
2023-10-18 00:00:00-04:00,22.149999618530273,22.31999969482422,21.8799991607666,21.889999389648438,21.40865707397461,4009000,0.0,0.0
2023-10-19 00:00:00-04:00,21.920000076293945,21.959999084472656,21.540000915527344,21.6200008392334,21.14459800720215,3956300,0.0,0.0
2023-10-20 00:00:00-04:00,21.670000076293945,21.709999084472656,21.010000228881836,21.209999084472656,20.743610382080078,3798000,0.0,0.0
2023-10-23 00:00:00-04:00,21.15999984741211,21.43000030517578,21.030000686645508,21.100000381469727,20.636028289794922,2743600,0.0,0.0
2023-10-24 00:00:00-04:00,21.200000762939453,21.610000610351562,21.18000030517578,21.459999084472656,20.988113403320312,2614600,0.0,0.0
2023-10-25 00:00:00-04:00,21.350000381469727,21.399999618530273,20.540000915527344,20.549999237060547,20.098121643066406,3149100,0.0,0.0
2023-10-26 00:00:00-04:00,20.540000915527344,20.700000762939453,20.420000076293945,20.5,20.04922103881836,3032200,0.0,0.0
2023-10-27 00:00:00-04:00,20.5,21.190000534057617,20.110000610351562,20.219999313354492,19.775379180908203,1917500,0.0,0.0
2023-10-30 00:00:00-04:00,20.579999923706055,20.639999389648438,20.329999923706055,20.6200008392334,20.16658592224121,2317300,0.0,0.0
2023-10-31 00:00:00-04:00,20.6200008392334,20.8700008392334,20.549999237060547,20.68000030517578,20.225265502929688,3041300,0.0,0.0
2023-11-01 00:00:00-04:00,20.729999542236328,20.799999237060547,20.5,20.780000686645508,20.32306671142578,2377600,0.0,0.0
2023-11-02 00:00:00-04:00,20.920000076293945,21.479999542236328,20.899999618530273,21.25,20.78272819519043,4933500,0.0,0.0
2023-11-03 00:00:00-04:00,21.469999313354492,21.940000534057617,21.469999313354492,21.93000030517578,21.447778701782227,5145200,0.0,0.0
2023-11-06 00:00:00-05:00,21.81999969482422,21.989999771118164,21.6200008392334,21.65999984741211,21.1837158203125,2915900,0.0,0.0
2023-11-07 00:00:00-05:00,21.6299991607666,21.709999084472656,21.389999389648438,21.43000030517578,20.95877456665039,3052600,0.0,0.0
2023-11-08 00:00:00-05:00,21.389999389648438,21.709999084472656,21.360000610351562,21.40999984741211,20.939212799072266,3273700,0.0,0.0
2023-11-09 00:00:00-05:00,21.469999313354492,21.59000015258789,21.110000610351562,21.290000915527344,20.82185173034668,4273300,0.0,0.0
2023-11-10 00:00:00-05:00,20.790000915527344,21.450000762939453,20.520000457763672,20.920000076293945,20.45998764038086,5597600,0.0,0.0
2023-11-13 00:00:00-05:00,20.799999237060547,20.81999969482422,20.350000381469727,20.450000762939453,20.000320434570312,3128000,0.0,0.0
2023-11-14 00:00:00-05:00,20.84000015258789,21.110000610351562,20.809999465942383,20.959999084472656,20.499107360839844,2819300,0.0,0.0
2023-11-15 00:00:00-05:00,20.969999313354492,21.299999237060547,20.850000381469727,20.8799991607666,20.420866012573242,2643500,0.0,0.0
2023-11-16 00:00:00-05:00,20.950000762939453,21.15999984741211,20.829999923706055,21.06999969482422,20.606691360473633,2710100,0.0,0.0
2023-11-17 00:00:00-05:00,21.18000030517578,21.209999084472656,20.90999984741211,21.030000686645508,20.567569732666016,2206400,0.0,0.0
2023-11-20 00:00:00-05:00,21.040000915527344,21.360000610351562,20.950000762939453,21.280000686645508,20.812070846557617,1625100,0.0,0.0
2023-11-21 00:00:00-05:00,21.25,21.459999084472656,21.110000610351562,21.450000762939453,20.97833251953125,2379400,0.0,0.0
2023-11-22 00:00:00-05:00,21.600000381469727,21.969999313354492,21.559999465942383,21.950000762939453,21.467336654663086,2391800,0.0,0.0
2023-11-24 00:00:00-05:00,22.010000228881836,22.079999923706055,21.850000381469727,22.010000228881836,21.526020050048828,1165100,0.0,0.0
2023-11-27 00:00:00-05:00,21.969999313354492,22.43000030517578,21.829999923706055,22.389999389648438,21.897659301757812,2943400,0.0,0.0
2023-11-28 00:00:00-05:00,22.389999389648438,22.549999237060547,22.260000228881836,22.329999923706055,21.8389835357666,3006700,0.0,0.0
2023-11-29 00:00:00-05:00,22.329999923706055,22.469999313354492,22.020000457763672,22.34000015258789,21.84876251220703,2686500,0.0,0.0
2023-11-30 00:00:00-05:00,22.290000915527344,22.329999923706055,21.889999389648438,22.040000915527344,21.55535888671875,4690400,0.0,0.0
2023-12-01 00:00:00-05:00,22.100000381469727,22.280000686645508,22.0,22.149999618530273,21.662940979003906,2173700,0.0,0.0
2023-12-04 00:00:00-05:00,22.059999465942383,22.5,22.0,22.059999465942383,21.574922561645508,2369500,0.0,0.0
2023-12-05 00:00:00-05:00,21.93000030517578,21.93000030517578,21.520000457763672,21.770000457763672,21.291297912597656,2831000,0.0,0.0
2023-12-06 00:00:00-05:00,21.8799991607666,22.0,21.729999542236328,21.790000915527344,21.310855865478516,2002200,0.0,0.0
2023-12-07 00:00:00-05:00,21.920000076293945,21.989999771118164,21.649999618530273,21.950000762939453,21.467336654663086,1691700,0.0,0.0
2023-12-08 00:00:00-05:00,21.920000076293945,22.09000015258789,21.709999084472656,21.940000534057617,21.45755958557129,1801500,0.0,0.0
2023-12-11 00:00:00-05:00,22.020000457763672,22.18000030517578,21.889999389648438,22.06999969482422,21.584697723388672,1467100,0.0,0.0
2023-12-12 00:00:00-05:00,22.139999389648438,22.200000762939453,21.850000381469727,22.0,21.516237258911133,2398100,0.0,0.0
2023-12-13 00:00:00-05:00,21.979999542236328,22.709999084472656,21.8799991607666,22.68000030517578,22.18128776550293,3430500,0.0,0.0
2023-12-14 00:00:00-05:00,22.969999313354492,23.459999084472656,22.920000076293945,23.299999237060547,22.78765296936035,3639400,0.0,0.0
2023-12-15 00:00:00-05:00,23.309999465942383,23.479999542236328,23.100000381469727,23.399999618530273,22.885454177856445,5849300,0.0,0.0
2023-12-18 00:00:00-05:00,23.399999618530273,23.469999313354492,23.200000762939453,23.350000381469727,22.8365535736084,2269800,0.0,0.0
2023-12-19 00:00:00-05:00,23.489999771118164,23.799999237060547,23.43000030517578,23.739999771118164,23.21797752380371,1787900,0.0,0.0
2023-12-20 00:00:00-05:00,23.75,23.90999984741211,23.3799991607666,23.420000076293945,22.905014038085938,2133300,0.0,0.0
2023-12-21 00:00:00-05:00,23.579999923706055,23.739999771118164,23.43000030517578,23.700000762939453,23.178857803344727,1542300,0.0,0.0
2023-12-22 00:00:00-05:00,23.81999969482422,23.899999618530273,23.65999984741211,23.799999237060547,23.276657104492188,1202000,0.0,0.0
2023-12-26 00:00:00-05:00,23.790000915527344,24.170000076293945,23.68000030517578,24.1299991607666,23.59939956665039,1126500,0.0,0.0
2023-12-27 00:00:00-05:00,24.139999389648438,24.59000015258789,23.969999313354492,24.420000076293945,23.883026123046875,1822400,0.0,0.0
2023-12-28 00:00:00-05:00,24.540000915527344,24.770000457763672,24.43000030517578,24.6299991607666,24.088407516479492,1750100,0.0,0.0
2023-12-29 00:00:00-05:00,24.510000228881836,24.809999465942383,24.489999771118164,24.549999237060547,24.01016616821289,2162500,0.0,0.0
2024-01-02 00:00:00-05:00,24.3700008392334,24.450000762939453,24.149999618530273,24.420000076293945,23.883026123046875,2018400,0.0,0.0
2024-01-03 00:00:00-05:00,24.239999771118164,24.520000457763672,24.030000686645508,24.299999237060547,23.76566505432129,2362000,0.0,0.0
2024-01-04 00:00:00-05:00,24.360000610351562,24.43000030517578,24.06999969482422,24.239999771118164,23.706979751586914,2735800,0.0,0.0
2024-01-05 00:00:00-05:00,24.260000228881836,24.65999984741211,24.260000228881836,24.43000030517578,23.892805099487305,3243900,0.0,0.0
2024-01-08 00:00:00-05:00,24.3700008392334,24.670000076293945,24.209999084472656,24.639999389648438,24.09818458557129,2095500,0.0,0.0
2024-01-09 00:00:00-05:00,24.389999389648438,24.56999969482422,24.239999771118164,24.25,23.716766357421875,1874100,0.0,0.0
2024-01-10 00:00:00-05:00,24.170000076293945,24.399999618530273,24.110000610351562,24.190000534057617,23.658082962036133,1604700,0.0,0.0
2024-01-11 00:00:00-05:00,24.200000762939453,24.270000457763672,23.899999618530273,24.219999313354492,23.687421798706055,2035800,0.0,0.0
2024-01-12 00:00:00-05:00,24.399999618530273,24.549999237060547,24.09000015258789,24.239999771118164,23.706979751586914,2882000,0.0,0.0
2024-01-16 00:00:00-05:00,24.1200008392334,24.229999542236328,23.559999465942383,23.75,23.227758407592773,2774100,0.0,0.0
2024-01-17 00:00:00-05:00,23.450000762939453,23.729999542236328,23.399999618530273,23.479999542236328,22.963695526123047,2460600,0.0,0.0
2024-01-18 00:00:00-05:00,23.479999542236328,23.670000076293945,23.290000915527344,23.579999923706055,23.061494827270508,2381800,0.0,0.0
2024-01-19 00:00:00-05:00,23.65999984741211,24.059999465942383,23.5,24.030000686645508,23.501602172851562,2277300,0.0,0.0
2024-01-22 00:00:00-05:00,24.1299991607666,24.31999969482422,24.040000915527344,24.25,23.716766357421875,2174200,0.0,0.0
2024-01-23 00:00:00-05:00,24.450000762939453,24.559999465942383,24.100000381469727,24.309999465942383,23.77544403076172,2439900,0.0,0.0
2024-01-24 00:00:00-05:00,24.56999969482422,24.760000228881836,24.489999771118164,24.6299991607666,24.088407516479492,2040600,0.0,0.0
2024-01-25 00:00:00-05:00,24.90999984741211,25.049999237060547,24.639999389648438,24.700000762939453,24.156871795654297,2664900,0.0,0.0
2024-01-26 00:00:00-05:00,24.719999313354492,24.959999084472656,24.719999313354492,24.739999771118164,24.195987701416016,1975500,0.0,0.0
2024-01-29 00:00:00-05:00,24.739999771118164,25.110000610351562,24.6299991607666,25.09000015258789,24.538293838500977,1860500,0.0,0.0
2024-01-30 00:00:00-05:00,25.0,25.06999969482422,24.649999618530273,24.799999237060547,24.254671096801758,3094200,0.0,0.0
2024-01-31 00:00:00-05:00,24.84000015258789,25.020000457763672,24.559999465942383,24.639999389648438,24.09818458557129,3373200,0.0,0.0
2024-02-01 00:00:00-05:00,24.690000534057617,24.780000686645508,24.309999465942383,24.770000457763672,24.225330352783203,2134300,0.0,0.0
2024-02-02 00:00:00-05:00,24.68000030517578,24.799999237060547,24.459999084472656,24.700000762939453,24.156871795654297,2296000,0.0,0.0
2024-02-05 00:00:00-05:00,24.469999313354492,24.6200008392334,24.100000381469727,24.149999618530273,23.61896324157715,5426700,0.0,0.0
2024-02-06 00:00:00-05:00,24.350000381469727,24.700000762939453,24.239999771118164,24.68000030517578,24.137306213378906,2339400,0.0,0.0
2024-02-07 00:00:00-05:00,24.68000030517578,24.75,23.719999313354492,24.270000457763672,23.736324310302734,5263700,0.0,0.0
2024-02-08 00:00:00-05:00,26.8799991607666,28.0,25.43000030517578,25.84000015258789,25.271800994873047,9683700,0.0,0.0
2024-02-09 00:00:00-05:00,25.940000534057617,26.190000534057617,25.700000762939453,26.040000915527344,25.467405319213867,4480000,0.0,0.0
2024-02-12 00:00:00-05:00,26.200000762939453,26.31999969482422,25.979999542236328,26.06999969482422,25.496742248535156,3202100,0.0,0.0
2024-02-13 00:00:00-05:00,25.8700008392334,25.8700008392334,25.420000076293945,25.760000228881836,25.193559646606445,3933800,0.0,0.0
2024-02-14 00:00:00-05:00,25.959999084472656,26.1200008392334,25.770000457763672,26.010000228881836,25.438064575195312,2709000,0.0,0.0
2024-02-15 00:00:00-05:00,26.049999237060547,26.690000534057617,25.989999771118164,26.5,25.917287826538086,2898500,0.0,0.0
2024-02-16 00:00:00-05:00,26.5,26.59000015258789,26.219999313354492,26.239999771118164,25.663005828857422,1712800,0.0,0.0
2024-02-20 00:00:00-05:00,26.170000076293945,26.389999389648438,26.149999618530273,26.25,25.672786712646484,3965000,0.0,0.0
2024-02-21 00:00:00-05:00,26.110000610351562,26.5,25.84000015258789,26.079999923706055,25.506521224975586,2653900,0.0,0.0
2024-02-22 00:00:00-05:00,26.290000915527344,26.540000915527344,26.100000381469727,26.510000228881836,25.92706871032715,2018900,0.0,0.0
2024-02-23 00:00:00-05:00,26.510000228881836,26.579999923706055,26.389999389648438,26.43000030517578,25.848825454711914,2088400,0.0,0.0
2024-02-26 00:00:00-05:00,26.43000030517578,26.459999084472656,26.190000534057617,26.360000610351562,25.78036880493164,2356600,0.0,0.0
2024-02-27 00:00:00-05:00,26.389999389648438,26.459999084472656,26.229999542236328,26.43000030517578,25.848825454711914,1678300,0.0,0.0
2024-02-28 00:00:00-05:00,26.3700008392334,26.489999771118164,26.229999542236328,26.329999923706055,25.751026153564453,1823400,0.0,0.0
2024-02-29 00:00:00-05:00,26.600000381469727,26.950000762939453,26.43000030517578,26.8799991607666,26.288930892944336,6586500,0.0,0.0
2024-03-01 00:00:00-05:00,26.8799991607666,26.8799991607666,26.229999542236328,26.329999923706055,25.751026153564453,3534800,0.0,0.0
2024-03-04 00:00:00-05:00,26.389999389648438,26.459999084472656,25.760000228881836,25.93000030517578,25.359821319580078,3327600,0.0,0.0
2024-03-05 00:00:00-05:00,25.739999771118164,25.950000762939453,25.5,25.8700008392334,25.3011417388916,2788900,0.0,0.0
2024-03-06 00:00:00-05:00,26.110000610351562,26.139999389648438,25.860000610351562,26.030000686645508,25.457622528076172,3096300,0.0,0.0
2024-03-07 00:00:00-05:00,26.06999969482422,26.360000610351562,26.0,26.139999389648438,25.565202713012695,2535200,0.0,0.0
2024-03-08 00:00:00-05:00,26.209999084472656,26.59000015258789,26.209999084472656,26.34000015258789,25.760805130004883,2395300,0.0,0.0
2024-03-11 00:00:00-04:00,26.40999984741211,27.200000762939453,26.1200008392334,26.479999542236328,25.897727966308594,4101100,0.0,0.0
2024-03-12 00:00:00-04:00,26.520000457763672,26.700000762939453,26.309999465942383,26.329999923706055,25.848642349243164,2561400,0.1,0.0
2024-03-13 00:00:00-04:00,26.360000610351562,26.469999313354492,26.190000534057617,26.350000381469727,25.868276596069336,2974600,0.0,0.0
2024-03-14 00:00:00-04:00,26.260000228881836,26.280000686645508,25.93000030517578,26.09000015258789,25.61302947998047,2612300,0.0,0.0
2024-03-15 00:00:00-04:00,25.959999084472656,26.309999465942383,25.469999313354492,25.510000228881836,25.04363250732422,6474600,0.0,0.0
2024-03-18 00:00:00-04:00,25.649999618530273,25.770000457763672,25.31999969482422,25.450000762939453,24.984731674194336,3165700,0.0,0.0
2024-03-19 00:00:00-04:00,25.479999542236328,25.809999465942383,25.34000015258789,25.739999771118164,25.269428253173828,2231000,0.0,0.0
2024-03-20 00:00:00-04:00,25.639999389648438,25.959999084472656,25.6200008392334,25.90999984741211,25.43631935119629,2442700,0.0,0.0
2024-03-21 00:00:00-04:00,25.959999084472656,26.25,25.959999084472656,26.209999084472656,25.730833053588867,2519500,0.0,0.0
2024-03-22 00:00:00-04:00,26.190000534057617,26.239999771118164,25.889999389648438,25.899999618530273,25.42650032043457,1741200,0.0,0.0
2024-03-25 00:00:00-04:00,25.979999542236328,26.1200008392334,25.850000381469727,26.030000686645508,25.554126739501953,2075700,0.0,0.0
2024-03-26 00:00:00-04:00,26.149999618530273,26.350000381469727,26.020000457763672,26.06999969482422,25.59339714050293,1926100,0.0,0.0
2024-03-27 00:00:00-04:00,26.239999771118164,26.479999542236328,26.049999237060547,26.290000915527344,25.80937385559082,2041100,0.0,0.0
2024-03-28 00:00:00-04:00,26.3700008392334,26.530000686645508,26.170000076293945,26.18000030517578,25.701385498046875,3432600,0.0,0.0
2024-04-01 00:00:00-04:00,26.190000534057617,26.209999084472656,25.649999618530273,25.809999465942383,25.33814811706543,2248700,0.0,0.0
2024-04-02 00:00:00-04:00,25.670000076293945,25.799999237060547,25.450000762939453,25.510000228881836,25.04363250732422,1875100,0.0,0.0
2024-04-03 00:00:00-04:00,25.510000228881836,25.770000457763672,25.31999969482422,25.75,25.27924346923828,2111300,0.0,0.0
2024-04-04 00:00:00-04:00,25.860000610351562,26.139999389648438,25.479999542236328,25.549999237060547,25.082901000976562,3311100,0.0,0.0
2024-04-05 00:00:00-04:00,25.540000915527344,25.809999465942383,25.5,25.65999984741211,25.19089126586914,2048700,0.0,0.0
2024-04-08 00:00:00-04:00,25.799999237060547,25.920000076293945,25.670000076293945,25.739999771118164,25.269428253173828,2429600,0.0,0.0
2024-04-09 00:00:00-04:00,25.860000610351562,25.959999084472656,25.399999618530273,25.510000228881836,25.04363250732422,2921400,0.0,0.0
2024-04-10 00:00:00-04:00,25.1299991607666,25.399999618530273,24.790000915527344,24.829999923706055,24.37606430053711,3853600,0.0,0.0
2024-04-11 00:00:00-04:00,24.8700008392334,25.030000686645508,24.770000457763672,24.920000076293945,24.46441650390625,2431200,0.0,0.0
2024-04-12 00:00:00-04:00,24.700000762939453,24.790000915527344,24.299999237060547,24.360000610351562,23.914657592773438,2335500,0.0,0.0
2024-04-15 00:00:00-04:00,24.579999923706055,24.75,24.190000534057617,24.280000686645508,23.83612060546875,2219500,0.0,0.0
2024-04-16 00:00:00-04:00,24.1299991607666,24.260000228881836,23.940000534057617,24.100000381469727,23.65941047668457,1540200,0.0,0.0
2024-04-17 00:00:00-04:00,24.309999465942383,24.360000610351562,24.139999389648438,24.149999618530273,23.708494186401367,1565400,0.0,0.0
2024-04-18 00:00:00-04:00,24.309999465942383,24.350000381469727,23.979999542236328,24.030000686645508,23.5906925201416,1358200,0.0,0.0
2024-04-19 00:00:00-04:00,24.030000686645508,24.110000610351562,23.950000762939453,24.020000457763672,23.58087158203125,1433500,0.0,0.0
2024-04-22 00:00:00-04:00,24.209999084472656,24.540000915527344,24.100000381469727,24.43000030517578,23.983375549316406,2059700,0.0,0.0
2024-04-23 00:00:00-04:00,24.479999542236328,24.729999542236328,24.479999542236328,24.610000610351562,24.160085678100586,1174700,0.0,0.0
2024-04-24 00:00:00-04:00,24.56999969482422,24.719999313354492,24.479999542236328,24.559999465942383,24.111000061035156,1804800,0.0,0.0
2024-04-25 00:00:00-04:00,24.389999389648438,24.520000457763672,23.989999771118164,24.209999084472656,23.767398834228516,2004100,0.0,0.0
2024-04-26 00:00:00-04:00,24.170000076293945,24.31999969482422,23.989999771118164,24.219999313354492,23.7772159576416,1725000,0.0,0.0
2024-04-29 00:00:00-04:00,24.34000015258789,24.520000457763672,24.15999984741211,24.18000030517578,23.73794937133789,1966600,0.0,0.0
2024-04-30 00:00:00-04:00,24.110000610351562,24.229999542236328,23.6299991607666,23.799999237060547,23.36489486694336,4483700,0.0,0.0
2024-05-01 00:00:00-04:00,23.709999084472656,24.100000381469727,23.690000534057617,23.84000015258789,23.404163360595703,2930600,0.0,0.0
2024-05-02 00:00:00-04:00,23.93000030517578,24.06999969482422,23.739999771118164,24.0,23.561241149902344,2906200,0.0,0.0
2024-05-03 00:00:00-04:00,24.170000076293945,24.530000686645508,24.170000076293945,24.469999313354492,24.022645950317383,2640700,0.0,0.0
2024-05-06 00:00:00-04:00,24.530000686645508,24.6299991607666,24.219999313354492,24.559999465942383,24.111000061035156,3297900,0.0,0.0
2024-05-07 00:00:00-04:00,24.790000915527344,24.829999923706055,24.299999237060547,24.420000076293945,23.973560333251953,4734300,0.0,0.0
2024-05-08 00:00:00-04:00,24.1200008392334,24.309999465942383,23.979999542236328,24.139999389648438,23.69867706298828,5445100,0.0,0.0
2024-05-09 00:00:00-04:00,23.149999618530273,24.920000076293945,22.649999618530273,24.780000686645508,24.326980590820312,8134400,0.0,0.0
2024-05-10 00:00:00-04:00,24.799999237060547,25.06999969482422,24.59000015258789,25.030000686645508,24.572406768798828,4267500,0.0,0.0
2024-05-13 00:00:00-04:00,25.190000534057617,25.559999465942383,25.09000015258789,25.459999084472656,24.994544982910156,3344600,0.0,0.0
2024-05-14 00:00:00-04:00,25.530000686645508,25.65999984741211,25.360000610351562,25.56999969482422,25.102535247802734,2860900,0.0,0.0
2024-05-15 00:00:00-04:00,25.760000228881836,26.059999465942383,25.670000076293945,25.989999771118164,25.514856338500977,2383700,0.0,0.0
2024-05-16 00:00:00-04:00,26.030000686645508,26.540000915527344,26.030000686645508,26.299999237060547,25.819189071655273,2772700,0.0,0.0
2024-05-17 00:00:00-04:00,26.40999984741211,26.40999984741211,26.1200008392334,26.290000915527344,25.80937385559082,1866500,0.0,0.0
2024-05-20 00:00:00-04:00,26.329999923706055,26.440000534057617,26.219999313354492,26.420000076293945,25.936994552612305,1707600,0.0,0.0
2024-05-21 00:00:00-04:00,26.3700008392334,26.459999084472656,26.170000076293945,26.290000915527344,25.80937385559082,1589800,0.0,0.0
2024-05-22 00:00:00-04:00,26.260000228881836,26.329999923706055,25.940000534057617,25.950000762939453,25.475587844848633,2728500,0.0,0.0
2024-05-23 00:00:00-04:00,26.510000228881836,26.65999984741211,25.829999923706055,25.8799991607666,25.40686798095703,2675200,0.0,0.0
2024-05-24 00:00:00-04:00,25.979999542236328,26.799999237060547,25.8799991607666,26.739999771118164,26.251144409179688,2080300,0.0,0.0
2024-05-28 00:00:00-04:00,26.770000457763672,26.940000534057617,26.549999237060547,26.6299991607666,26.143156051635742,3117200,0.0,0.0
2024-05-29 00:00:00-04:00,26.389999389648438,26.739999771118164,26.389999389648438,26.6299991607666,26.143156051635742,1887100,0.0,0.0
2024-05-30 00:00:00-04:00,26.700000762939453,26.959999084472656,26.520000457763672,26.920000076293945,26.427854537963867,1969300,0.0,0.0
2024-05-31 00:00:00-04:00,26.809999465942383,27.209999084472656,26.739999771118164,27.190000534057617,26.692920684814453,3787200,0.0,0.0
2024-06-03 00:00:00-04:00,27.389999389648438,27.469999313354492,27.09000015258789,27.290000915527344,26.791093826293945,1957600,0.0,0.0
2024-06-04 00:00:00-04:00,27.18000030517578,27.450000762939453,27.049999237060547,27.229999542236328,26.732187271118164,2512000,0.0,0.0
2024-06-05 00:00:00-04:00,27.260000228881836,27.920000076293945,27.15999984741211,27.889999389648438,27.3801212310791,2168800,0.0,0.0
2024-06-06 00:00:00-04:00,27.860000610351562,27.920000076293945,27.670000076293945,27.709999084472656,27.203411102294922,2340800,0.0,0.0
2024-06-07 00:00:00-04:00,27.610000610351562,27.610000610351562,27.1200008392334,27.190000534057617,26.692920684814453,3109300,0.0,0.0
2024-06-10 00:00:00-04:00,27.06999969482422,27.25,26.979999542236328,27.209999084472656,26.712553024291992,1412100,0.0,0.0
2024-06-11 00:00:00-04:00,27.09000015258789,27.450000762939453,27.09000015258789,27.350000381469727,26.849994659423828,1618000,0.0,0.0
2024-06-12 00:00:00-04:00,27.670000076293945,27.739999771118164,27.420000076293945,27.549999237060547,27.046337127685547,1338600,0.0,0.0
2024-06-13 00:00:00-04:00,27.450000762939453,27.450000762939453,27.0,27.190000534057617,26.692920684814453,1235400,0.0,0.0
2024-06-14 00:00:00-04:00,27.020000457763672,27.15999984741211,26.780000686645508,27.079999923706055,26.584930419921875,2442700,0.0,0.0
2024-06-17 00:00:00-04:00,27.079999923706055,27.079999923706055,26.739999771118164,26.860000610351562,26.36894989013672,1780500,0.0,0.0
2024-06-18 00:00:00-04:00,26.799999237060547,27.1200008392334,26.600000381469727,27.010000228881836,26.516210556030273,1988900,0.0,0.0
2024-06-20 00:00:00-04:00,26.920000076293945,27.219999313354492,26.84000015258789,26.899999618530273,26.408222198486328,1901300,0.0,0.0
2024-06-21 00:00:00-04:00,26.959999084472656,27.1299991607666,26.600000381469727,26.850000381469727,26.3591365814209,8347600,0.0,0.0
2024-06-24 00:00:00-04:00,26.959999084472656,27.530000686645508,26.920000076293945,27.510000228881836,27.007070541381836,2594000,0.0,0.0
2024-06-25 00:00:00-04:00,27.520000457763672,27.889999389648438,27.360000610351562,27.8700008392334,27.36048698425293,2369400,0.0,0.0
2024-06-26 00:00:00-04:00,27.8700008392334,27.989999771118164,27.68000030517578,27.8700008392334,27.36048698425293,1780800,0.0,0.0
2024-06-27 00:00:00-04:00,27.8799991607666,27.920000076293945,27.6299991607666,27.690000534057617,27.183778762817383,2004100,0.0,0.0
2024-06-28 00:00:00-04:00,27.65999984741211,27.940000534057617,27.40999984741211,27.56999969482422,27.06597328186035,4829000,0.0,0.0
2024-07-01 00:00:00-04:00,27.559999465942383,27.860000610351562,27.280000686645508,27.290000915527344,26.791093826293945,2042900,0.0,0.0
2024-07-02 00:00:00-04:00,27.15999984741211,27.649999618530273,27.09000015258789,27.6299991607666,27.124874114990234,2368200,0.0,0.0
2024-07-03 00:00:00-04:00,27.65999984741211,27.829999923706055,27.610000610351562,27.65999984741211,27.154325485229492,1063300,0.0,0.0
2024-07-05 00:00:00-04:00,27.610000610351562,27.649999618530273,27.389999389648438,27.479999542236328,26.977617263793945,1772500,0.0,0.0
2024-07-08 00:00:00-04:00,27.649999618530273,27.770000457763672,27.170000076293945,27.25,26.751821517944336,2556100,0.0,0.0
2024-07-09 00:00:00-04:00,27.209999084472656,27.8799991607666,27.06999969482422,27.719999313354492,27.213228225708008,3186700,0.0,0.0
2024-07-10 00:00:00-04:00,27.829999923706055,27.899999618530273,27.6299991607666,27.790000915527344,27.281949996948242,1674300,0.0,0.0
2024-07-11 00:00:00-04:00,27.950000762939453,28.030000686645508,27.809999465942383,27.84000015258789,27.331035614013672,2112500,0.0,0.0
2024-07-12 00:00:00-04:00,27.920000076293945,28.09000015258789,27.700000762939453,27.739999771118164,27.23286247253418,3380400,0.0,0.0
2024-07-15 00:00:00-04:00,27.739999771118164,27.93000030517578,27.530000686645508,27.700000762939453,27.1935977935791,2502100,0.0,0.0
2024-07-16 00:00:00-04:00,27.799999237060547,28.6200008392334,27.75,28.440000534057617,27.920066833496094,4387900,0.0,0.0
2024-07-17 00:00:00-04:00,28.3799991607666,28.489999771118164,27.8700008392334,27.989999771118164,27.47829246520996,3877800,0.0,0.0
2024-07-18 00:00:00-04:00,28.020000457763672,28.1299991607666,27.68000030517578,27.780000686645508,27.27213478088379,2286800,0.0,0.0
2024-07-19 00:00:00-04:00,27.770000457763672,27.850000381469727,27.25,27.3700008392334,26.86962890625,3194900,0.0,0.0
2024-07-22 00:00:00-04:00,27.5,27.8700008392334,27.209999084472656,27.729999542236328,27.223047256469727,2333600,0.0,0.0
2024-07-23 00:00:00-04:00,27.690000534057617,28.200000762939453,27.579999923706055,28.100000381469727,27.58628273010254,2269500,0.0,0.0
2024-07-24 00:00:00-04:00,28.030000686645508,28.030000686645508,27.290000915527344,27.309999465942383,26.810726165771484,1793800,0.0,0.0
2024-07-25 00:00:00-04:00,27.440000534057617,27.649999618530273,27.149999618530273,27.149999618530273,26.653648376464844,2145500,0.0,0.0
2024-07-26 00:00:00-04:00,27.34000015258789,27.639999389648438,27.049999237060547,27.489999771118164,26.9874324798584,2205500,0.0,0.0
2024-07-29 00:00:00-04:00,27.700000762939453,27.799999237060547,27.549999237060547,27.690000534057617,27.183778762817383,1628200,0.0,0.0
2024-07-30 00:00:00-04:00,27.799999237060547,27.829999923706055,27.260000228881836,27.420000076293945,26.918716430664062,2345000,0.0,0.0
2024-07-31 00:00:00-04:00,27.65999984741211,27.75,27.469999313354492,27.579999923706055,27.075788497924805,3497400,0.0,0.0
2024-08-01 00:00:00-04:00,27.729999542236328,27.809999465942383,26.950000762939453,27.170000076293945,26.67328453063965,2663700,0.0,0.0
2024-08-02 00:00:00-04:00,26.760000228881836,26.969999313354492,25.989999771118164,26.299999237060547,25.819189071655273,3073700,0.0,0.0
2024-08-05 00:00:00-04:00,25.950000762939453,25.950000762939453,25.139999389648438,25.40999984741211,24.945459365844727,3575700,0.0,0.0
2024-08-06 00:00:00-04:00,25.530000686645508,26.15999984741211,25.40999984741211,26.059999465942383,25.583576202392578,5465500,0.0,0.0
2024-08-07 00:00:00-04:00,26.420000076293945,26.479999542236328,25.920000076293945,26.040000915527344,25.56394386291504,4195300,0.0,0.0
2024-08-08 00:00:00-04:00,26.1299991607666,26.940000534057617,26.0,26.780000686645508,26.290414810180664,4232500,0.0,0.0
2024-08-09 00:00:00-04:00,27.100000381469727,27.959999084472656,26.899999618530273,27.739999771118164,27.23286247253418,5104500,0.0,0.0
2024-08-12 00:00:00-04:00,27.6299991607666,27.829999923706055,27.059999465942383,27.110000610351562,26.614383697509766,2997000,0.0,0.0
2024-08-13 00:00:00-04:00,27.170000076293945,27.670000076293945,27.079999923706055,27.540000915527344,27.036521911621094,2644100,0.0,0.0
2024-08-14 00:00:00-04:00,27.489999771118164,27.600000381469727,27.290000915527344,27.31999969482422,26.820541381835938,1640900,0.0,0.0
2024-08-15 00:00:00-04:00,27.34000015258789,27.68000030517578,27.290000915527344,27.579999923706055,27.075788497924805,3741800,0.0,0.0
2024-08-16 00:00:00-04:00,27.450000762939453,27.6299991607666,27.350000381469727,27.399999618530273,26.899078369140625,2712300,0.0,0.0
2024-08-19 00:00:00-04:00,27.450000762939453,27.81999969482422,27.3799991607666,27.81999969482422,27.3114013671875,1597100,0.0,0.0
2024-08-20 00:00:00-04:00,27.81999969482422,27.93000030517578,27.25,27.389999389648438,26.889265060424805,1964800,0.0,0.0
2024-08-21 00:00:00-04:00,27.56999969482422,27.790000915527344,27.389999389648438,27.770000457763672,27.26231575012207,1443400,0.0,0.0
2024-08-22 00:00:00-04:00,27.920000076293945,27.93000030517578,27.690000534057617,27.84000015258789,27.331035614013672,1735800,0.0,0.0
2024-08-23 00:00:00-04:00,28.079999923706055,28.270000457763672,27.93000030517578,28.139999389648438,27.62555503845215,1350200,0.0,0.0
2024-08-26 00:00:00-04:00,28.209999084472656,28.459999084472656,27.989999771118164,28.020000457763672,27.50774383544922,1193100,0.0,0.0
2024-08-27 00:00:00-04:00,28.020000457763672,28.139999389648438,27.780000686645508,27.979999542236328,27.468475341796875,1304500,0.0,0.0
2024-08-28 00:00:00-04:00,27.979999542236328,28.479999542236328,27.969999313354492,28.079999923706055,27.566648483276367,1355700,0.0,0.0
2024-08-29 00:00:00-04:00,28.110000610351562,28.290000915527344,27.719999313354492,27.850000381469727,27.34085464477539,2895100,0.0,0.0
2024-08-30 00:00:00-04:00,27.969999313354492,28.360000610351562,27.950000762939453,28.329999923706055,27.81207847595215,2306300,0.0,0.0
2024-09-03 00:00:00-04:00,28.079999923706055,28.190000534057617,26.81999969482422,26.969999313354492,26.476940155029297,4278900,0.0,0.0
2024-09-04 00:00:00-04:00,26.93000030517578,27.600000381469727,26.889999389648438,27.139999389648438,26.64383316040039,2653800,0.0,0.0
2024-09-05 00:00:00-04:00,27.170000076293945,27.229999542236328,26.65999984741211,26.93000030517578,26.437673568725586,2248500,0.0,0.0
2024-09-06 00:00:00-04:00,27.0,27.18000030517578,26.459999084472656,26.56999969482422,26.084253311157227,2962300,0.0,0.0
2024-09-09 00:00:00-04:00,26.6299991607666,26.81999969482422,26.549999237060547,26.600000381469727,26.113704681396484,2069300,0.0,0.0
2024-09-10 00:00:00-04:00,26.719999313354492,26.780000686645508,26.100000381469727,26.3799991607666,25.897727966308594,3489400,0.0,0.0
2024-09-11 00:00:00-04:00,26.239999771118164,26.290000915527344,25.719999313354492,25.950000762939453,25.572526931762695,2311800,0.1,0.0
2024-09-12 00:00:00-04:00,25.90999984741211,26.049999237060547,25.739999771118164,25.959999084472656,25.582380294799805,2373100,0.0,0.0
2024-09-13 00:00:00-04:00,26.100000381469727,26.260000228881836,26.049999237060547,26.139999389648438,25.759761810302734,2025000,0.0,0.0
2024-09-16 00:00:00-04:00,26.139999389648438,26.18000030517578,25.8799991607666,26.09000015258789,25.710493087768555,2393000,0.0,0.0
2024-09-17 00:00:00-04:00,26.200000762939453,26.600000381469727,26.100000381469727,26.34000015258789,25.95685386657715,2374400,0.0,0.0
2024-09-18 00:00:00-04:00,26.3799991607666,26.8700008392334,26.34000015258789,26.450000762939453,26.06525421142578,2442600,0.0,0.0
2024-09-19 00:00:00-04:00,26.8700008392334,26.959999084472656,26.520000457763672,26.540000915527344,26.153947830200195,1803700,0.0,0.0
2024-09-20 00:00:00-04:00,26.530000686645508,26.600000381469727,26.040000915527344,26.34000015258789,25.95685386657715,7065700,0.0,0.0
2024-09-23 00:00:00-04:00,26.31999969482422,26.56999969482422,26.229999542236328,26.489999771118164,26.104671478271484,2016900,0.0,0.0
2024-09-24 00:00:00-04:00,26.489999771118164,26.709999084472656,26.440000534057617,26.709999084472656,26.321470260620117,1425100,0.0,0.0
2024-09-25 00:00:00-04:00,26.690000534057617,26.760000228881836,26.209999084472656,26.25,25.8681640625,1623700,0.0,0.0
2024-09-26 00:00:00-04:00,26.440000534057617,26.540000915527344,26.290000915527344,26.3799991607666,25.99627113342285,1650100,0.0,0.0
2024-09-27 00:00:00-04:00,26.56999969482422,26.770000457763672,26.420000076293945,26.5,26.11452865600586,1488700,0.0,0.0
2024-09-30 00:00:00-04:00,26.510000228881836,26.719999313354492,26.290000915527344,26.6299991607666,26.24263572692871,3560900,0.0,0.0
2024-10-01 00:00:00-04:00,26.610000610351562,26.729999542236328,26.15999984741211,26.40999984741211,26.025836944580078,2631600,0.0,0.0
2024-10-02 00:00:00-04:00,26.06999969482422,26.489999771118164,26.06999969482422,26.190000534057617,25.809036254882812,1285400,0.0,0.0
2024-10-03 00:00:00-04:00,26.06999969482422,26.18000030517578,25.889999389648438,26.020000457763672,25.641510009765625,1571900,0.0,0.0
2024-10-04 00:00:00-04:00,26.229999542236328,26.450000762939453,26.0,26.139999389648438,25.759761810302734,1128000,0.0,0.0
2024-10-07 00:00:00-04:00,26.0,26.170000076293945,25.940000534057617,25.989999771118164,25.6119441986084,1648400,0.0,0.0
2024-10-08 00:00:00-04:00,26.049999237060547,26.079999923706055,25.549999237060547,25.90999984741211,25.533109664916992,2675800,0.0,0.0
2024-10-09 00:00:00-04:00,25.940000534057617,26.440000534057617,25.93000030517578,26.280000686645508,25.897729873657227,2105500,0.0,0.0
2024-10-10 00:00:00-04:00,26.239999771118164,26.31999969482422,25.65999984741211,25.68000030517578,25.306455612182617,2039100,0.0,0.0
2024-10-11 00:00:00-04:00,25.65999984741211,26.1200008392334,25.65999984741211,25.93000030517578,25.552818298339844,1859500,0.0,0.0
2024-10-14 00:00:00-04:00,25.989999771118164,26.110000610351562,25.780000686645508,26.040000915527344,25.661218643188477,1494400,0.0,0.0
2024-10-15 00:00:00-04:00,26.18000030517578,26.739999771118164,26.049999237060547,26.469999313354492,26.084962844848633,2688100,0.0,0.0
2024-10-16 00:00:00-04:00,26.549999237060547,26.6200008392334,26.360000610351562,26.3700008392334,25.986417770385742,1692800,0.0,0.0
2024-10-17 00:00:00-04:00,26.420000076293945,26.579999923706055,26.260000228881836,26.440000534057617,26.055400848388672,1364200,0.0,0.0
2024-10-18 00:00:00-04:00,26.489999771118164,26.510000228881836,26.290000915527344,26.329999923706055,25.94700050354004,2255000,0.0,0.0
2024-10-21 00:00:00-04:00,26.270000457763672,26.59000015258789,26.270000457763672,26.329999923706055,25.94700050354004,1261400,0.0,0.0
2024-10-22 00:00:00-04:00,26.280000686645508,26.43000030517578,25.989999771118164,26.110000610351562,25.730199813842773,1901900,0.0,0.0
2024-10-23 00:00:00-04:00,26.110000610351562,26.200000762939453,25.790000915527344,25.8799991607666,25.503543853759766,1733300,0.0,0.0
2024-10-24 00:00:00-04:00,25.899999618530273,26.059999465942383,25.799999237060547,25.950000762939453,25.572526931762695,1577000,0.0,0.0
2024-10-25 00:00:00-04:00,25.989999771118164,26.200000762939453,25.940000534057617,25.989999771118164,25.6119441986084,1479300,0.0,0.0
2024-10-28 00:00:00-04:00,26.219999313354492,26.6299991607666,26.030000686645508,26.510000228881836,26.12438201904297,3403100,0.0,0.0
2024-10-29 00:00:00-04:00,26.510000228881836,27.3799991607666,26.43000030517578,27.329999923706055,26.932451248168945,2787200,0.0,0.0
2024-10-30 00:00:00-04:00,27.299999237060547,27.739999771118164,27.260000228881836,27.280000686645508,26.883180618286133,1967900,0.0,0.0
2024-10-31 00:00:00-04:00,27.25,27.3799991607666,27.100000381469727,27.25,26.85361671447754,3615000,0.0,0.0
2024-11-01 00:00:00-04:00,27.209999084472656,27.43000030517578,27.049999237060547,27.31999969482422,26.92259979248047,2326700,0.0,0.0
2024-11-04 00:00:00-05:00,27.549999237060547,27.719999313354492,27.31999969482422,27.420000076293945,27.02114486694336,2279900,0.0,0.0
2024-11-05 00:00:00-05:00,27.309999465942383,27.950000762939453,27.309999465942383,27.850000381469727,27.444889068603516,2099100,0.0,0.0
2024-11-06 00:00:00-05:00,28.75,29.1299991607666,28.670000076293945,28.950000762939453,28.52889060974121,2234500,0.0,0.0
2024-11-07 00:00:00-05:00,29.0,29.34000015258789,28.93000030517578,29.15999984741211,28.7358341217041,3088200,0.0,0.0
2024-11-08 00:00:00-05:00,28.860000610351562,30.040000915527344,28.520000457763672,29.520000457763672,29.09059715270996,4388300,0.0,0.0
2024-11-11 00:00:00-05:00,29.520000457763672,29.989999771118164,29.18000030517578,29.229999542236328,28.8048152923584,3637900,0.0,0.0
2024-11-12 00:00:00-05:00,29.25,29.510000228881836,29.100000381469727,29.329999923706055,28.90336036682129,3800700,0.0,0.0
2024-11-13 00:00:00-05:00,29.5,29.579999923706055,28.84000015258789,28.850000381469727,28.430343627929688,2241700,0.0,0.0
2024-11-14 00:00:00-05:00,28.65999984741211,29.15999984741211,28.540000915527344,29.110000610351562,28.686561584472656,3439900,0.0,0.0
2024-11-15 00:00:00-05:00,29.040000915527344,29.350000381469727,28.610000610351562,28.6200008392334,28.203689575195312,3945500,0.0,0.0
2024-11-18 00:00:00-05:00,28.649999618530273,28.8799991607666,28.510000228881836,28.610000610351562,28.19383430480957,3044100,0.0,0.0
2024-11-19 00:00:00-05:00,28.219999313354492,28.84000015258789,28.219999313354492,28.799999237060547,28.381071090698242,3528200,0.0,0.0
2024-11-20 00:00:00-05:00,28.81999969482422,29.209999084472656,28.729999542236328,29.149999618530273,28.725976943969727,3981400,0.0,0.0
2024-11-21 00:00:00-05:00,29.25,29.6200008392334,28.719999313354492,29.540000915527344,29.110305786132812,3105400,0.0,0.0
2024-11-22 00:00:00-05:00,29.530000686645508,29.899999618530273,29.450000762939453,29.489999771118164,29.061033248901367,3412000,0.0,0.0
2024-11-25 00:00:00-05:00,29.549999237060547,29.670000076293945,29.389999389648438,29.459999084472656,29.03146743774414,4575400,0.0,0.0
2024-11-26 00:00:00-05:00,29.3700008392334,29.520000457763672,29.190000534057617,29.280000686645508,28.854087829589844,1616800,0.0,0.0
2024-11-27 00:00:00-05:00,29.299999237060547,29.40999984741211,29.010000228881836,29.049999237060547,28.62743377685547,1808600,0.0,0.0
2024-11-29 00:00:00-05:00,28.989999771118164,29.469999313354492,28.989999771118164,29.350000381469727,28.923072814941406,1509000,0.0,0.0
2024-12-02 00:00:00-05:00,29.239999771118164,29.549999237060547,29.149999618530273,29.450000762939453,29.021617889404297,3694200,0.0,0.0
2024-12-03 00:00:00-05:00,29.56999969482422,29.950000762939453,29.3799991607666,29.860000610351562,29.4256534576416,2582000,0.0,0.0
2024-12-04 00:00:00-05:00,29.860000610351562,29.950000762939453,29.559999465942383,29.649999618530273,29.218704223632812,2267400,0.0,0.0
2024-12-05 00:00:00-05:00,29.5,29.850000381469727,29.479999542236328,29.520000457763672,29.09059715270996,2404300,0.0,0.0
2024-12-06 00:00:00-05:00,29.3799991607666,29.489999771118164,29.209999084472656,29.350000381469727,28.923072814941406,1389400,0.0,0.0
2024-12-09 00:00:00-05:00,29.34000015258789,29.559999465942383,29.260000228881836,29.3799991607666,28.952634811401367,1714100,0.0,0.0
2024-12-10 00:00:00-05:00,29.40999984741211,29.450000762939453,29.010000228881836,29.059999465942383,28.63728904724121,2233100,0.0,0.0
2024-12-11 00:00:00-05:00,29.219999313354492,29.3799991607666,28.93000030517578,29.06999969482422,28.64714241027832,2939900,0.0,0.0
2024-12-12 00:00:00-05:00,29.0,29.260000228881836,28.940000534057617,28.979999542236328,28.558452606201172,1661900,0.0,0.0
2024-12-13 00:00:00-05:00,28.8799991607666,28.940000534057617,28.559999465942383,28.610000610351562,28.19383430480957,1288200,0.0,0.0
2024-12-16 00:00:00-05:00,28.610000610351562,28.920000076293945,28.43000030517578,28.649999618530273,28.233253479003906,1641100,0.0,0.0
2024-12-17 00:00:00-05:00,28.5,28.719999313354492,28.239999771118164,28.25,27.83907127380371,2155900,0.0,0.0
2024-12-18 00:00:00-05:00,28.389999389648438,28.610000610351562,27.649999618530273,27.68000030517578,27.277362823486328,2053400,0.0,0.0
2024-12-19 00:00:00-05:00,27.719999313354492,28.229999542236328,27.600000381469727,27.610000610351562,27.20838165283203,1817000,0.0,0.0
2024-12-20 00:00:00-05:00,27.489999771118164,27.969999313354492,27.459999084472656,27.860000610351562,27.454744338989258,5791400,0.0,0.0
2024-12-23 00:00:00-05:00,27.969999313354492,28.270000457763672,27.889999389648438,28.049999237060547,27.641979217529297,2025600,0.0,0.0
2024-12-24 00:00:00-05:00,28.139999389648438,28.260000228881836,27.950000762939453,28.25,27.83907127380371,877600,0.0,0.0
2024-12-26 00:00:00-05:00,28.079999923706055,28.15999984741211,27.959999084472656,28.149999618530273,27.74052619934082,1351100,0.0,0.0
2024-12-27 00:00:00-05:00,27.989999771118164,28.110000610351562,27.690000534057617,27.790000915527344,27.38576316833496,1570300,0.0,0.0
2024-12-30 00:00:00-05:00,27.579999923706055,27.610000610351562,27.1200008392334,27.479999542236328,27.080270767211914,1821500,0.0,0.0
2024-12-31 00:00:00-05:00,27.6299991607666,27.780000686645508,27.479999542236328,27.540000915527344,27.139400482177734,1623000,0.0,0.0
2025-01-02 00:00:00-05:00,27.600000381469727,27.799999237060547,27.40999984741211,27.459999084472656,27.06056022644043,2101800,0.0,0.0
2025-01-03 00:00:00-05:00,27.610000610351562,27.610000610351562,27.1299991607666,27.549999237060547,27.14925193786621,1683700,0.0,0.0
2025-01-06 00:00:00-05:00,27.540000915527344,27.889999389648438,27.34000015258789,27.440000534057617,27.04085350036621,2189500,0.0,0.0
2025-01-07 00:00:00-05:00,27.600000381469727,27.829999923706055,27.440000534057617,27.600000381469727,27.19852638244629,2369900,0.0,0.0
2025-01-08 00:00:00-05:00,27.600000381469727,28.049999237060547,27.170000076293945,27.469999313354492,27.070417404174805,2669100,0.0,0.0
2025-01-10 00:00:00-05:00,27.360000610351562,27.559999465942383,26.969999313354492,26.979999542236328,26.58754539489746,2397000,0.0,0.0
2025-01-13 00:00:00-05:00,26.950000762939453,27.459999084472656,26.780000686645508,27.440000534057617,27.04085350036621,2910800,0.0,0.0
2025-01-14 00:00:00-05:00,27.59000015258789,27.75,27.3799991607666,27.549999237060547,27.14925193786621,2381400,0.0,0.0
2025-01-15 00:00:00-05:00,27.920000076293945,28.010000228881836,27.5,27.559999465942383,27.159107208251953,3935200,0.0,0.0
2025-01-16 00:00:00-05:00,27.520000457763672,27.799999237060547,27.459999084472656,27.5,27.09998321533203,1595000,0.0,0.0
2025-01-17 00:00:00-05:00,27.770000457763672,27.809999465942383,27.40999984741211,27.43000030517578,27.0310001373291,2506000,0.0,0.0
2025-01-21 00:00:00-05:00,27.510000228881836,27.979999542236328,27.43000030517578,27.860000610351562,27.454744338989258,2166100,0.0,0.0
2025-01-22 00:00:00-05:00,27.850000381469727,28.09000015258789,27.729999542236328,27.81999969482422,27.415327072143555,2209300,0.0,0.0
2025-01-23 00:00:00-05:00,27.860000610351562,27.90999984741211,27.68000030517578,27.8700008392334,27.464599609375,2167600,0.0,0.0
2025-01-24 00:00:00-05:00,27.8700008392334,28.290000915527344,27.84000015258789,28.079999923706055,27.671545028686523,1678800,0.0,0.0
2025-01-27 00:00:00-05:00,28.030000686645508,28.459999084472656,27.809999465942383,28.440000534057617,28.026309967041016,2675000,0.0,0.0
2025-01-28 00:00:00-05:00,28.440000534057617,28.440000534057617,28.09000015258789,28.149999618530273,27.74052619934082,2563000,0.0,0.0
2025-01-29 00:00:00-05:00,28.18000030517578,28.489999771118164,27.899999618530273,28.200000762939453,27.789798736572266,2212700,0.0,0.0
2025-01-30 00:00:00-05:00,28.43000030517578,28.65999984741211,27.959999084472656,28.079999923706055,27.671545028686523,2832500,0.0,0.0
2025-01-31 00:00:00-05:00,28.170000076293945,28.260000228881836,28.030000686645508,28.1200008392334,27.710962295532227,3373000,0.0,0.0
2025-02-03 00:00:00-05:00,27.860000610351562,28.239999771118164,27.700000762939453,28.079999923706055,27.671545028686523,3030400,0.0,0.0
2025-02-04 00:00:00-05:00,28.549999237060547,28.65999984741211,28.350000381469727,28.520000457763672,28.105146408081055,3315300,0.0,0.0
2025-02-05 00:00:00-05:00,28.549999237060547,28.889999389648438,28.309999465942383,28.780000686645508,28.361364364624023,4033400,0.0,0.0
2025-02-06 00:00:00-05:00,29.350000381469727,29.459999084472656,27.950000762939453,28.5,28.085432052612305,6970800,0.0,0.0
2025-02-07 00:00:00-05:00,28.729999542236328,29.110000610351562,28.479999542236328,29.040000915527344,28.617582321166992,4432400,0.0,0.0
2025-02-10 00:00:00-05:00,29.1299991607666,29.489999771118164,29.059999465942383,29.18000030517578,28.755542755126953,3033400,0.0,0.0
2025-02-11 00:00:00-05:00,28.65999984741211,29.6299991607666,28.65999984741211,29.450000762939453,29.021617889404297,2279000,0.0,0.0
2025-02-12 00:00:00-05:00,29.209999084472656,29.399999618530273,28.899999618530273,29.360000610351562,28.932926177978516,2136900,0.0,0.0
2025-02-13 00:00:00-05:00,29.3799991607666,29.579999923706055,29.25,29.510000228881836,29.080745697021484,1933700,0.0,0.0
2025-02-14 00:00:00-05:00,29.65999984741211,30.25,29.6299991607666,30.209999084472656,29.77056121826172,2641000,0.0,0.0
2025-02-18 00:00:00-05:00,30.309999465942383,30.309999465942383,29.8799991607666,30.209999084472656,29.77056121826172,1927700,0.0,0.0
2025-02-19 00:00:00-05:00,30.329999923706055,30.690000534057617,30.110000610351562,30.489999771118164,30.04648780822754,2737700,0.0,0.0
2025-02-20 00:00:00-05:00,30.3799991607666,30.43000030517578,28.40999984741211,28.850000381469727,28.430343627929688,5966300,0.0,0.0
2025-02-21 00:00:00-05:00,28.940000534057617,28.969999313354492,28.389999389648438,28.530000686645508,28.11499786376953,3541100,0.0,0.0
2025-02-24 00:00:00-05:00,28.790000915527344,28.790000915527344,28.3700008392334,28.459999084472656,28.0460147857666,3174600,0.0,0.0
2025-02-25 00:00:00-05:00,28.579999923706055,28.770000457763672,28.190000534057617,28.360000610351562,27.947471618652344,2434300,0.0,0.0
2025-02-26 00:00:00-05:00,28.34000015258789,28.420000076293945,27.979999542236328,28.079999923706055,27.671545028686523,2801900,0.0,0.0
2025-02-27 00:00:00-05:00,28.170000076293945,28.420000076293945,27.979999542236328,28.059999465942383,27.65183448791504,2618600,0.0,0.0
2025-02-28 00:00:00-05:00,28.270000457763672,28.68000030517578,28.0,28.6200008392334,28.203689575195312,5396700,0.0,0.0
2025-03-03 00:00:00-05:00,28.670000076293945,29.049999237060547,28.299999237060547,28.469999313354492,28.055870056152344,4506900,0.0,0.0
2025-03-04 00:00:00-05:00,28.450000762939453,28.479999542236328,27.690000534057617,28.059999465942383,27.65183448791504,4434900,0.0,0.0
2025-03-05 00:00:00-05:00,27.90999984741211,28.299999237060547,27.56999969482422,28.139999389648438,27.730670928955078,2976100,0.0,0.0
2025-03-06 00:00:00-05:00,27.940000534057617,29.06999969482422,27.8700008392334,28.260000228881836,27.848928451538086,3609700,0.0,0.0
2025-03-07 00:00:00-05:00,28.030000686645508,28.260000228881836,27.5,27.959999084472656,27.553287506103516,2403500,0.0,0.0
2025-03-10 00:00:00-04:00,27.670000076293945,27.950000762939453,27.18000030517578,27.350000381469727,26.952163696289062,3170200,0.0,0.0
2025-03-11 00:00:00-04:00,27.149999618530273,27.329999923706055,26.809999465942383,26.940000534057617,26.548126220703125,3264500,0.0,0.0
2025-03-12 00:00:00-04:00,27.049999237060547,27.209999084472656,26.670000076293945,26.770000457763672,26.47888946533203,3188500,0.1,0.0
2025-03-13 00:00:00-04:00,26.780000686645508,26.93000030517578,26.25,26.290000915527344,26.004108428955078,3049900,0.0,0.0
2025-03-14 00:00:00-04:00,26.6200008392334,27.079999923706055,26.440000534057617,26.979999542236328,26.686603546142578,2755300,0.0,0.0
2025-03-17 00:00:00-04:00,26.8799991607666,27.31999969482422,26.8799991607666,27.149999618530273,26.854755401611328,2930700,0.0,0.0
2025-03-18 00:00:00-04:00,27.15999984741211,27.15999984741211,26.649999618530273,26.799999237060547,26.508560180664062,3229900,0.0,0.0
2025-03-19 00:00:00-04:00,26.81999969482422,27.420000076293945,26.799999237060547,27.15999984741211,26.864646911621094,3281200,0.0,0.0
2025-03-20 00:00:00-04:00,27.020000457763672,27.260000228881836,26.950000762939453,27.15999984741211,26.864646911621094,3537900,0.0,0.0
2025-03-21 00:00:00-04:00,27.0,27.25,26.780000686645508,27.040000915527344,26.745952606201172,6211800,0.0,0.0
2025-03-24 00:00:00-04:00,27.34000015258789,27.3700008392334,27.079999923706055,27.299999237060547,27.003124237060547,3198700,0.0,0.0
2025-03-25 00:00:00-04:00,27.270000457763672,27.65999984741211,27.190000534057617,27.459999084472656,27.1613826751709,2667900,0.0,0.0
2025-03-26 00:00:00-04:00,27.510000228881836,27.75,27.399999618530273,27.469999313354492,27.171276092529297,2879900,0.0,0.0
2025-03-27 00:00:00-04:00,27.329999923706055,27.450000762939453,26.920000076293945,26.940000534057617,26.64703941345215,3727000,0.0,0.0
2025-03-28 00:00:00-04:00,26.969999313354492,27.520000457763672,26.450000762939453,26.59000015258789,26.300846099853516,3267400,0.0,0.0
2025-03-31 00:00:00-04:00,26.889999389648438,27.3799991607666,26.440000534057617,27.219999313354492,26.923992156982422,14343800,0.0,0.0
2025-04-01 00:00:00-04:00,27.020000457763672,27.440000534057617,26.799999237060547,27.0,26.70638656616211,4326400,0.0,0.0
2025-04-02 00:00:00-04:00,26.780000686645508,27.1200008392334,26.040000915527344,27.059999465942383,26.765731811523438,2972400,0.0,0.0
2025-04-03 00:00:00-04:00,26.260000228881836,26.770000457763672,25.93000030517578,26.06999969482422,25.7864990234375,6479000,0.0,0.0
2025-04-04 00:00:00-04:00,25.360000610351562,25.8799991607666,24.489999771118164,24.579999923706055,24.312702178955078,5835800,0.0,0.0
2025-04-07 00:00:00-04:00,24.15999984741211,25.139999389648438,23.3799991607666,24.079999923706055,23.818140029907227,6816000,0.0,0.0
2025-04-08 00:00:00-04:00,24.84000015258789,24.959999084472656,23.690000534057617,23.969999313354492,23.709335327148438,4801500,0.0,0.0
2025-04-09 00:00:00-04:00,23.780000686645508,26.34000015258789,23.6299991607666,26.18000030517578,25.89530372619629,5012200,0.0,0.0
2025-04-10 00:00:00-04:00,25.950000762939453,26.020000457763672,24.709999084472656,25.59000015258789,25.31171989440918,3701900,0.0,0.0
2025-04-11 00:00:00-04:00,25.520000457763672,26.260000228881836,25.40999984741211,26.190000534057617,25.905195236206055,3424700,0.0,0.0
2025-04-14 00:00:00-04:00,26.329999923706055,26.5,26.049999237060547,26.280000686645508,25.994216918945312,2692700,0.0,0.0
2025-04-15 00:00:00-04:00,26.399999618530273,26.56999969482422,26.270000457763672,26.3799991607666,26.093128204345703,2044100,0.0,0.0
2025-04-16 00:00:00-04:00,26.190000534057617,26.649999618530273,25.440000534057617,25.670000076293945,25.390850067138672,3058900,0.0,0.0
2025-04-17 00:00:00-04:00,25.8700008392334,25.969999313354492,25.649999618530273,25.860000610351562,25.57878303527832,2981000,0.0,0.0
2025-04-21 00:00:00-04:00,25.639999389648438,25.719999313354492,25.079999923706055,25.350000381469727,25.074329376220703,1999100,0.0,0.0
2025-04-22 00:00:00-04:00,25.639999389648438,26.190000534057617,25.530000686645508,26.18000030517578,25.89530372619629,2818900,0.0,0.0
2025-04-23 00:00:00-04:00,26.729999542236328,27.239999771118164,26.360000610351562,26.530000686645508,26.241498947143555,2667500,0.0,0.0
2025-04-24 00:00:00-04:00,26.510000228881836,26.950000762939453,26.40999984741211,26.84000015258789,26.548126220703125,3168100,0.0,0.0
2025-04-25 00:00:00-04:00,26.75,27.149999618530273,26.530000686645508,27.1299991607666,26.834970474243164,1889100,0.0,0.0
2025-04-28 00:00:00-04:00,27.149999618530273,27.219999313354492,26.739999771118164,26.920000076293945,26.62725830078125,3740900,0.0,0.0
2025-04-29 00:00:00-04:00,26.969999313354492,27.18000030517578,26.799999237060547,27.1200008392334,26.825082778930664,2080200,0.0,0.0
2025-04-30 00:00:00-04:00,26.989999771118164,27.209999084472656,26.479999542236328,27.1200008392334,26.825082778930664,2755100,0.0,0.0
2025-05-01 00:00:00-04:00,26.110000610351562,27.309999465942383,26.110000610351562,27.059999465942383,26.765731811523438,3020800,0.0,0.0
2025-05-02 00:00:00-04:00,27.3700008392334,27.639999389648438,27.100000381469727,27.579999923706055,27.280078887939453,1938600,0.0,0.0
2025-05-05 00:00:00-04:00,27.329999923706055,27.84000015258789,27.06999969482422,27.719999313354492,27.418556213378906,3549200,0.0,0.0
2025-05-06 00:00:00-04:00,27.549999237060547,27.860000610351562,27.5,27.729999542236328,27.42844581604004,2329000,0.0,0.0
2025-05-07 00:00:00-04:00,27.959999084472656,28.270000457763672,27.760000228881836,28.18000030517578,27.87355613708496,4874700,0.0,0.0
2025-05-08 00:00:00-04:00,28.270000457763672,28.81999969482422,28.190000534057617,28.479999542236328,28.170291900634766,3920900,0.0,0.0
2025-05-09 00:00:00-04:00,28.799999237060547,28.93000030517578,27.889999389648438,28.059999465942383,27.754859924316406,4454900,0.0,0.0
2025-05-12 00:00:00-04:00,28.780000686645508,28.780000686645508,28.049999237060547,28.280000686645508,27.97246742248535,3934700,0.0,0.0
2025-05-13 00:00:00-04:00,28.0,28.670000076293945,27.989999771118164,28.219999313354492,27.913118362426758,3289400,0.0,0.0
2025-05-14 00:00:00-04:00,28.170000076293945,28.3799991607666,28.049999237060547,28.270000457763672,27.962575912475586,3374600,0.0,0.0
2025-05-15 00:00:00-04:00,28.239999771118164,28.469999313354492,28.079999923706055,28.149999618530273,27.843881607055664,2999600,0.0,0.0
2025-05-16 00:00:00-04:00,28.149999618530273,28.3799991607666,27.920000076293945,28.31999969482422,28.01203155517578,3315400,0.0,0.0
2025-05-19 00:00:00-04:00,28.149999618530273,28.350000381469727,28.059999465942383,28.329999923706055,28.021921157836914,2529300,0.0,0.0
2025-05-20 00:00:00-04:00,28.25,28.389999389648438,28.170000076293945,28.329999923706055,28.021921157836914,2120100,0.0,0.0
2025-05-21 00:00:00-04:00,28.139999389648438,28.360000610351562,27.93000030517578,27.940000534057617,27.636165618896484,2658400,0.0,0.0
2025-05-22 00:00:00-04:00,27.940000534057617,28.3700008392334,27.610000610351562,27.649999618530273,27.34931755065918,2432900,0.0,0.0
2025-05-23 00:00:00-04:00,27.34000015258789,27.989999771118164,27.239999771118164,27.899999618530273,27.59659767150879,3307400,0.0,0.0
2025-05-27 00:00:00-04:00,28.209999084472656,28.299999237060547,27.959999084472656,28.25,27.942792892456055,4883700,0.0,0.0
2025-05-28 00:00:00-04:00,28.15999984741211,28.520000457763672,28.1200008392334,28.34000015258789,28.031814575195312,2631800,0.0,0.0
2025-05-29 00:00:00-04:00,28.34000015258789,28.43000030517578,27.989999771118164,28.399999618530273,28.091161727905273,2495400,0.0,0.0
2025-05-30 00:00:00-04:00,28.260000228881836,28.350000381469727,27.979999542236328,28.239999771118164,27.93290138244629,6253600,0.0,0.0
2025-06-02 00:00:00-04:00,28.059999465942383,28.149999618530273,27.709999084472656,28.079999923706055,27.774642944335938,3192500,0.0,0.0
2025-06-03 00:00:00-04:00,27.8799991607666,28.079999923706055,27.829999923706055,27.940000534057617,27.636165618896484,4169500,0.0,0.0
2025-06-04 00:00:00-04:00,27.8700008392334,28.040000915527344,27.700000762939453,27.850000381469727,27.547143936157227,2586300,0.0,0.0
2025-06-05 00:00:00-04:00,27.93000030517578,28.040000915527344,27.760000228881836,27.860000610351562,27.557035446166992,2479400,0.0,0.0
2025-06-06 00:00:00-04:00,28.06999969482422,28.1299991607666,27.6200008392334,27.809999465942383,27.507577896118164,3456600,0.0,0.0
2025-06-09 00:00:00-04:00,27.780000686645508,27.8700008392334,27.540000915527344,27.760000228881836,27.45812225341797,3211100,0.0,0.0
2025-06-10 00:00:00-04:00,27.760000228881836,28.020000457763672,27.68000030517578,27.959999084472656,27.655946731567383,2549100,0.0,0.0
2025-06-11 00:00:00-04:00,28.010000228881836,28.09000015258789,27.75,27.8799991607666,27.57681655883789,2582600,0.0,0.0
2025-06-12 00:00:00-04:00,27.739999771118164,27.8799991607666,27.559999465942383,27.670000076293945,27.36910057067871,2063800,0.0,0.0
2025-06-13 00:00:00-04:00,27.469999313354492,27.530000686645508,27.25,27.420000076293945,27.12181854248047,2606200,0.0,0.0
2025-06-16 00:00:00-04:00,27.579999923706055,28.280000686645508,27.56999969482422,28.239999771118164,27.93290138244629,2993200,0.0,0.0
2025-06-17 00:00:00-04:00,28.190000534057617,28.280000686645508,27.610000610351562,27.760000228881836,27.45812225341797,3432400,0.0,0.0
2025-06-18 00:00:00-04:00,27.729999542236328,28.260000228881836,27.610000610351562,28.059999465942383,27.754859924316406,3067600,0.0,0.0
2025-06-20 00:00:00-04:00,28.43000030517578,28.6200008392334,28.15999984741211,28.350000381469727,28.04170799255371,15258000,0.0,0.0
2025-06-23 00:00:00-04:00,28.43000030517578,28.8700008392334,28.280000686645508,28.860000610351562,28.546161651611328,2705300,0.0,0.0
2025-06-24 00:00:00-04:00,29.040000915527344,29.329999923706055,28.84000015258789,29.25,28.93191909790039,3627700,0.0,0.0
2025-06-25 00:00:00-04:00,29.200000762939453,29.510000228881836,29.1299991607666,29.399999618530273,29.080286026000977,3177000,0.0,0.0
2025-06-26 00:00:00-04:00,29.420000076293945,29.690000534057617,29.209999084472656,29.540000915527344,29.218765258789062,3552600,0.0,0.0
2025-06-27 00:00:00-04:00,29.6200008392334,29.6299991607666,29.309999465942383,29.43000030517578,29.109960556030273,5142500,0.0,0.0
2025-06-30 00:00:00-04:00,29.639999389648438,29.81999969482422,29.5,29.719999313354492,29.396808624267578,3166000,0.0,0.0
2025-07-01 00:00:00-04:00,29.690000534057617,29.920000076293945,29.440000534057617,29.729999542236328,29.406700134277344,2376400,0.0,0.0
2025-07-02 00:00:00-04:00,29.690000534057617,29.809999465942383,29.399999618530273,29.610000610351562,29.288005828857422,2498800,0.0,0.0
2025-07-03 00:00:00-04:00,29.639999389648438,29.920000076293945,29.56999969482422,29.739999771118164,29.416589736938477,1405200,0.0,0.0
2025-07-07 00:00:00-04:00,29.719999313354492,29.790000915527344,29.280000686645508,29.3700008392334,29.050615310668945,2699200,0.0,0.0
2025-07-08 00:00:00-04:00,29.3700008392334,29.59000015258789,29.34000015258789,29.469999313354492,29.149524688720703,2643900,0.0,0.0
2025-07-09 00:00:00-04:00,29.520000457763672,29.56999969482422,29.290000915527344,29.389999389648438,29.070396423339844,1722200,0.0,0.0
2025-07-10 00:00:00-04:00,29.399999618530273,29.75,29.239999771118164,29.65999984741211,29.337459564208984,2510200,0.0,0.0
2025-07-11 00:00:00-04:00,29.579999923706055,29.700000762939453,29.459999084472656,29.540000915527344,29.218765258789062,1793900,0.0,0.0
2025-07-14 00:00:00-04:00,29.540000915527344,29.790000915527344,29.459999084472656,29.729999542236328,29.406700134277344,1755900,0.0,0.0
2025-07-15 00:00:00-04:00,30.34000015258789,30.75,29.649999618530273,29.670000076293945,29.34735107421875,4258900,0.0,0.0
2025-07-16 00:00:00-04:00,29.799999237060547,29.93000030517578,29.420000076293945,29.8799991607666,29.55506706237793,2627800,0.0,0.0
2025-07-17 00:00:00-04:00,29.790000915527344,30.190000534057617,29.700000762939453,30.170000076293945,29.841915130615234,3242500,0.0,0.0
2025-07-18 00:00:00-04:00,30.31999969482422,30.3700008392334,29.799999237060547,29.860000610351562,29.53528594970703,2741000,0.0,0.0
2025-07-21 00:00:00-04:00,29.81999969482422,29.969999313354492,29.1299991607666,29.15999984741211,28.8428955078125,3004700,0.0,0.0
2025-07-22 00:00:00-04:00,29.239999771118164,29.600000381469727,29.209999084472656,29.43000030517578,29.109960556030273,2456300,0.0,0.0
2025-07-23 00:00:00-04:00,29.43000030517578,29.520000457763672,29.309999465942383,29.420000076293945,29.100069046020508,2371600,0.0,0.0
2025-07-24 00:00:00-04:00,29.31999969482422,29.610000610351562,29.18000030517578,29.350000381469727,29.030832290649414,2143600,0.0,0.0
2025-07-25 00:00:00-04:00,29.350000381469727,29.600000381469727,29.260000228881836,29.530000686645508,29.20887565612793,2332400,0.0,0.0
2025-07-28 00:00:00-04:00,29.479999542236328,29.540000915527344,29.329999923706055,29.3700008392334,29.050615310668945,2330200,0.0,0.0
2025-07-29 00:00:00-04:00,29.479999542236328,29.479999542236328,29.15999984741211,29.219999313354492,28.90224266052246,2366500,0.0,0.0
2025-07-30 00:00:00-04:00,29.270000457763672,29.510000228881836,29.149999618530273,29.299999237060547,28.981374740600586,2664900,0.0,0.0
2025-07-31 00:00:00-04:00,29.239999771118164,29.469999313354492,29.18000030517578,29.31999969482422,29.001155853271484,2557600,0.0,0.0
2025-08-01 00:00:00-04:00,29.209999084472656,29.25,28.65999984741211,29.09000015258789,28.773658752441406,2872100,0.0,0.0
2025-08-04 00:00:00-04:00,29.1299991607666,29.530000686645508,29.010000228881836,29.510000228881836,29.189090728759766,3014400,0.0,0.0
2025-08-05 00:00:00-04:00,29.440000534057617,29.520000457763672,29.149999618530273,29.290000915527344,28.971485137939453,4537500,0.0,0.0
2025-08-06 00:00:00-04:00,29.799999237060547,30.079999923706055,28.700000762939453,29.43000030517578,29.109960556030273,6538800,0.0,0.0
2025-08-07 00:00:00-04:00,29.6299991607666,30.1200008392334,28.899999618530273,28.969999313354492,28.654964447021484,4479800,0.0,0.0
2025-08-08 00:00:00-04:00,28.969999313354492,29.09000015258789,28.489999771118164,28.520000457763672,28.209857940673828,3740100,0.0,0.0
2025-08-11 00:00:00-04:00,28.59000015258789,28.860000610351562,28.209999084472656,28.3799991607666,28.071378707885742,4021600,0.0,0.0
2025-08-12 00:00:00-04:00,28.3799991607666,28.889999389648438,28.3799991607666,28.81999969482422,28.506593704223633,3853900,0.0,0.0
2025-08-13 00:00:00-04:00,28.920000076293945,29.639999389648438,28.81999969482422,29.6200008392334,29.297895431518555,3931100,0.0,0.0
2025-08-14 00:00:00-04:00,29.520000457763672,29.979999542236328,29.360000610351562,29.799999237060547,29.475936889648438,2855100,0.0,0.0
2025-08-15 00:00:00-04:00,29.940000534057617,29.940000534057617,29.399999618530273,29.469999313354492,29.149524688720703,7741800,0.0,0.0
2025-08-18 00:00:00-04:00,29.43000030517578,29.6200008392334,29.299999237060547,29.530000686645508,29.20887565612793,2718400,0.0,0.0
2025-08-19 00:00:00-04:00,29.68000030517578,29.850000381469727,29.469999313354492,29.850000381469727,29.525394439697266,2484000,0.0,0.0
2025-08-20 00:00:00-04:00,29.8799991607666,30.06999969482422,29.5,29.610000610351562,29.288005828857422,2421900,0.0,0.0
2025-08-21 00:00:00-04:00,29.479999542236328,29.84000015258789,29.440000534057617,29.739999771118164,29.416589736938477,2337000,0.0,0.0
2025-08-22 00:00:00-04:00,29.93000030517578,30.649999618530273,29.520000457763672,30.5,30.168325424194336,2448400,0.0,0.0
2025-08-25 00:00:00-04:00,30.3799991607666,30.559999465942383,30.1299991607666,30.139999389648438,29.812238693237305,1959300,0.0,0.0
2025-08-26 00:00:00-04:00,30.200000762939453,30.200000762939453,29.309999465942383,29.729999542236328,29.406700134277344,3022100,0.0,0.0
2025-08-27 00:00:00-04:00,29.639999389648438,29.889999389648438,29.579999923706055,29.65999984741211,29.337459564208984,1739100,0.0,0.0
2025-08-28 00:00:00-04:00,29.690000534057617,30.020000457763672,29.3799991607666,29.479999542236328,29.1594181060791,1708500,0.0,0.0
2025-08-29 00:00:00-04:00,29.459999084472656,29.540000915527344,29.239999771118164,29.40999984741211,29.090179443359375,2068700,0.0,0.0
2025-09-02 00:00:00-04:00,29.09000015258789,29.290000915527344,28.760000228881836,28.850000381469727,28.536270141601562,4671100,0.0,0.0
2025-09-03 00:00:00-04:00,28.719999313354492,28.979999542236328,28.010000228881836,28.940000534057617,28.625289916992188,4479800,0.0,0.0
2025-09-04 00:00:00-04:00,29.020000457763672,29.31999969482422,28.700000762939453,29.299999237060547,28.981374740600586,3666100,0.0,0.0
2025-09-05 00:00:00-04:00,29.329999923706055,29.760000228881836,29.190000534057617,29.440000534057617,29.11985206604004,3321300,0.0,0.0
2025-09-08 00:00:00-04:00,29.43000030517578,30.040000915527344,29.149999618530273,29.940000534057617,29.614416122436523,3796400,0.0,0.0
2025-09-09 00:00:00-04:00,29.350000381469727,29.639999389648438,28.829999923706055,29.420000076293945,29.100069046020508,11041600,0.0,0.0
2025-09-10 00:00:00-04:00,29.209999084472656,29.389999389648438,28.719999313354492,28.770000457763672,28.554195404052734,4806200,0.1,0.0
2025-09-11 00:00:00-04:00,28.799999237060547,29.559999465942383,28.65999984741211,29.520000457763672,29.29857063293457,5649300,0.0,0.0
2025-09-12 00:00:00-04:00,29.610000610351562,29.610000610351562,29.18000030517578,29.229999542236328,29.010746002197266,4752400,0.0,0.0
2025-09-15 00:00:00-04:00,29.5,29.920000076293945,29.280000686645508,29.889999389648438,29.665794372558594,4263300,0.0,0.0
2025-09-16 00:00:00-04:00,29.8700008392334,29.899999618530273,29.459999084472656,29.729999542236328,29.506996154785156,5085200,0.0,0.0
2025-09-17 00:00:00-04:00,29.809999465942383,30.510000228881836,29.770000457763672,30.229999542236328,30.003244400024414,5312000,0.0,0.0
2025-09-18 00:00:00-04:00,30.31999969482422,30.739999771118164,30.100000381469727,30.450000762939453,30.221595764160156,2591300,0.0,0.0
2025-09-19 00:00:00-04:00,30.520000457763672,30.860000610351562,30.389999389648438,30.6200008392334,30.39031982421875,6983400,0.0,0.0
2025-09-22 00:00:00-04:00,30.670000076293945,30.8799991607666,30.510000228881836,30.809999465942383,30.578893661499023,3333600,0.0,0.0
2025-09-23 00:00:00-04:00,30.84000015258789,30.950000762939453,30.510000228881836,30.579999923706055,30.350618362426758,2708300,0.0,0.0
2025-09-24 00:00:00-04:00,30.579999923706055,30.75,30.219999313354492,30.229999542236328,30.003244400024414,3791500,0.0,0.0
2025-09-25 00:00:00-04:00,30.299999237060547,30.440000534057617,30.06999969482422,30.18000030517578,29.95362091064453,2755900,0.0,0.0
2025-09-26 00:00:00-04:00,30.25,30.549999237060547,30.139999389648438,30.450000762939453,30.221595764160156,2594700,0.0,0.0
2025-09-29 00:00:00-04:00,30.540000915527344,31.110000610351562,30.280000686645508,31.030000686645508,30.797243118286133,4021000,0.0,0.0
2025-09-30 00:00:00-04:00,31.049999237060547,31.610000610351562,30.649999618530273,30.709999084472656,30.479644775390625,15257700,0.0,0.0
2025-10-01 00:00:00-04:00,30.559999465942383,30.559999465942383,28.940000534057617,28.950000762939453,28.732847213745117,6912800,0.0,0.0
2025-10-02 00:00:00-04:00,28.860000610351562,29.1200008392334,28.540000915527344,28.549999237060547,28.335845947265625,3911300,0.0,0.0
2025-10-03 00:00:00-04:00,28.600000381469727,28.860000610351562,28.239999771118164,28.3799991607666,28.1671199798584,4145900,0.0,0.0
2025-10-06 00:00:00-04:00,28.549999237060547,28.549999237060547,27.799999237060547,28.059999465942383,27.84952163696289,3880100,0.0,0.0
2025-10-07 00:00:00-04:00,28.049999237060547,28.1200008392334,27.350000381469727,27.3799991607666,27.17462158203125,3651800,0.0,0.0
2025-10-08 00:00:00-04:00,27.3700008392334,27.389999389648438,26.81999969482422,27.020000457763672,26.81732177734375,3489200,0.0,0.0
2025-10-09 00:00:00-04:00,26.989999771118164,26.989999771118164,26.43000030517578,26.459999084472656,26.26152229309082,3383100,0.0,0.0
2025-10-10 00:00:00-04:00,26.5,26.729999542236328,25.75,25.780000686645508,25.586626052856445,3196000,0.0,0.0
2025-10-13 00:00:00-04:00,25.8799991607666,26.149999618530273,25.739999771118164,26.09000015258789,25.89430046081543,3407000,0.0,0.0
2025-10-14 00:00:00-04:00,25.920000076293945,26.65999984741211,25.90999984741211,26.639999389648438,26.440174102783203,4928500,0.0,0.0
2025-10-15 00:00:00-04:00,26.760000228881836,27.1200008392334,26.479999542236328,26.56999969482422,26.370697021484375,3572200,0.0,0.0
2025-10-16 00:00:00-04:00,26.600000381469727,26.700000762939453,25.8799991607666,25.90999984741211,25.715648651123047,2564800,0.0,0.0
2025-10-17 00:00:00-04:00,25.959999084472656,26.170000076293945,25.700000762939453,26.020000457763672,25.8248233795166,2205700,0.0,0.0
2025-10-20 00:00:00-04:00,26.149999618530273,26.6299991607666,26.049999237060547,26.440000534057617,26.241674423217773,2997500,0.0,0.0
2025-10-21 00:00:00-04:00,26.389999389648438,26.6299991607666,26.299999237060547,26.3799991607666,26.1821231842041,2226700,0.0,0.0
2025-10-22 00:00:00-04:00,26.420000076293945,26.610000610351562,26.190000534057617,26.25,26.053098678588867,2356600,0.0,0.0
2025-10-23 00:00:00-04:00,26.25,26.510000228881836,26.139999389648438,26.399999618530273,26.20197296142578,2716100,0.0,0.0
2025-10-24 00:00:00-04:00,26.5,26.600000381469727,26.309999465942383,26.31999969482422,26.122573852539062,2101600,0.0,0.0
2025-10-27 00:00:00-04:00,26.5,26.850000381469727,26.479999542236328,26.75,26.549348831176758,3951300,0.0,0.0
2025-10-28 00:00:00-04:00,26.809999465942383,27.010000228881836,26.6200008392334,26.68000030517578,26.479873657226562,2679300,0.0,0.0
2025-10-29 00:00:00-04:00,26.6200008392334,26.6200008392334,25.989999771118164,26.049999237060547,25.854598999023438,3189100,0.0,0.0
2025-10-30 00:00:00-04:00,26.06999969482422,26.530000686645508,25.770000457763672,26.479999542236328,26.281373977661133,2738900,0.0,0.0
2025-10-31 00:00:00-04:00,26.399999618530273,26.56999969482422,26.229999542236328,26.5,26.301223754882812,3706800,0.0,0.0
2025-11-03 00:00:00-05:00,26.420000076293945,26.420000076293945,25.780000686645508,25.989999771118164,25.7950496673584,4605500,0.0,0.0
2025-11-04 00:00:00-05:00,26.040000915527344,26.260000228881836,25.770000457763672,25.799999237060547,25.606473922729492,4190900,0.0,0.0
2025-11-05 00:00:00-05:00,25.770000457763672,25.93000030517578,25.610000610351562,25.639999389648438,25.447673797607422,4583500,0.0,0.0
2025-11-06 00:00:00-05:00,25.56999969482422,25.889999389648438,25.010000228881836,25.079999923706055,24.891874313354492,6104100,0.0,0.0
2025-11-07 00:00:00-05:00,25.360000610351562,26.739999771118164,24.790000915527344,26.719999313354492,26.519573211669922,6327500,0.0,0.0
2025-11-10 00:00:00-05:00,26.850000381469727,27.010000228881836,26.5,26.799999237060547,26.59897232055664,5059000,0.0,0.0
2025-11-11 00:00:00-05:00,26.75,27.049999237060547,26.639999389648438,26.829999923706055,26.628747940063477,4201100,0.0,0.0
2025-11-12 00:00:00-05:00,26.709999084472656,26.8700008392334,26.579999923706055,26.81999969482422,26.618824005126953,3557100,0.0,0.0
2025-11-13 00:00:00-05:00,26.56999969482422,26.850000381469727,26.149999618530273,26.270000457763672,26.07295036315918,4795500,0.0,0.0
2025-11-14 00:00:00-05:00,26.229999542236328,26.34000015258789,25.719999313354492,26.149999618530273,25.95384979248047,4199000,0.0,0.0
2025-11-17 00:00:00-05:00,26.09000015258789,26.15999984741211,25.34000015258789,25.479999542236328,25.28887367248535,3711600,0.0,0.0
2025-11-18 00:00:00-05:00,25.3700008392334,25.59000015258789,25.139999389648438,25.309999465942383,25.120147705078125,4772200,0.0,0.0
2025-11-19 00:00:00-05:00,25.260000228881836,25.329999923706055,24.940000534057617,24.969999313354492,24.782699584960938,4419900,0.0,0.0
2025-11-20 00:00:00-05:00,25.200000762939453,25.459999084472656,24.780000686645508,24.799999237060547,24.61397361755371,4204400,0.0,0.0
2025-11-21 00:00:00-05:00,24.969999313354492,25.81999969482422,24.940000534057617,25.690000534057617,25.497299194335938,4076300,0.0,0.0
2025-11-24 00:00:00-05:00,25.3799991607666,25.670000076293945,25.149999618530273,25.229999542236328,25.04075050354004,6971800,0.0,0.0
2025-11-25 00:00:00-05:00,25.479999542236328,25.6299991607666,25.1299991607666,25.40999984741211,25.219398498535156,3336200,0.0,0.0
2025-11-26 00:00:00-05:00,25.3700008392334,25.610000610351562,25.290000915527344,25.579999923706055,25.388124465942383,3115100,0.0,0.0
2025-11-28 00:00:00-05:00,25.639999389648438,25.8799991607666,25.59000015258789,25.68000030517578,25.487375259399414,1748100,0.0,0.0
2025-12-01 00:00:00-05:00,25.600000381469727,25.860000610351562,25.389999389648438,25.520000457763672,25.328575134277344,2699300,0.0,0.0
2025-12-02 00:00:00-05:00,25.540000915527344,25.549999237060547,25.149999618530273,25.399999618530273,25.209474563598633,3032900,0.0,0.0
2025-12-03 00:00:00-05:00,25.510000228881836,25.649999618530273,25.40999984741211,25.559999465942383,25.368274688720703,2185200,0.0,0.0
2025-12-04 00:00:00-05:00,25.610000610351562,25.75,25.389999389648438,25.6299991607666,25.437747955322266,2467000,0.0,0.0
2025-12-05 00:00:00-05:00,25.6200008392334,26.139999389648438,25.43000030517578,26.040000915527344,25.844675064086914,3754800,0.0,0.0
2025-12-08 00:00:00-05:00,26.1200008392334,26.229999542236328,25.549999237060547,25.729999542236328,25.536998748779297,3639300,0.0,0.0
2025-12-09 00:00:00-05:00,25.770000457763672,26.0,25.579999923706055,25.950000762939453,25.75535011291504,2712900,0.0,0.0
2025-12-10 00:00:00-05:00,25.90999984741211,26.209999084472656,25.81999969482422,26.1200008392334,25.924074172973633,2834600,0.0,0.0
2025-12-11 00:00:00-05:00,26.18000030517578,26.450000762939453,26.030000686645508,26.100000381469727,25.904224395751953,2104100,0.0,0.0
2025-12-12 00:00:00-05:00,26.329999923706055,26.459999084472656,26.170000076293945,26.219999313354492,26.02332305908203,2535600,0.0,0.0
2025-12-15 00:00:00-05:00,26.290000915527344,26.329999923706055,26.0,26.049999237060547,25.854598999023438,3627500,0.0,0.0
2025-12-16 00:00:00-05:00,26.059999465942383,26.229999542236328,25.739999771118164,25.889999389648438,25.695798873901367,5639100,0.0,0.0
2025-12-17 00:00:00-05:00,25.899999618530273,26.239999771118164,25.75,26.030000686645508,25.834749221801758,5781700,0.0,0.0
2025-12-18 00:00:00-05:00,26.1200008392334,26.549999237060547,26.059999465942383,26.229999542236328,26.033248901367188,4114400,0.0,0.0
2025-12-19 00:00:00-05:00,25.8700008392334,26.360000610351562,25.799999237060547,26.079999923706055,25.88437271118164,14248300,0.0,0.0
2025-12-22 00:00:00-05:00,26.15999984741211,26.450000762939453,26.110000610351562,26.270000457763672,26.07295036315918,3350600,0.0,0.0
2025-12-23 00:00:00-05:00,26.299999237060547,26.420000076293945,26.219999313354492,26.399999618530273,26.20197296142578,2810900,0.0,0.0
2025-12-24 00:00:00-05:00,26.360000610351562,26.549999237060547,26.290000915527344,26.440000534057617,26.241674423217773,1606000,0.0,0.0
2025-12-26 00:00:00-05:00,26.3700008392334,26.530000686645508,26.170000076293945,26.219999313354492,26.02332305908203,2055900,0.0,0.0
2025-12-29 00:00:00-05:00,26.219999313354492,26.489999771118164,26.1299991607666,26.25,26.053098678588867,2953600,0.0,0.0
2025-12-30 00:00:00-05:00,26.149999618530273,26.5,26.149999618530273,26.389999389648438,26.192049026489258,2377800,0.0,0.0
2025-12-31 00:00:00-05:00,26.31999969482422,26.40999984741211,26.049999237060547,26.1200008392334,25.924074172973633,2164500,0.0,0.0
2026-01-02 00:00:00-05:00,26.139999389648438,26.350000381469727,25.889999389648438,26.190000534057617,25.993549346923828,4017200,0.0,0.0
2026-01-05 00:00:00-05:00,26.079999923706055,26.6200008392334,26.030000686645508,26.190000534057617,25.993549346923828,3563000,0.0,0.0
2026-01-06 00:00:00-05:00,26.110000610351562,26.510000228881836,26.030000686645508,26.459999084472656,26.26152229309082,3755100,0.0,0.0
2026-01-07 00:00:00-05:00,26.469999313354492,26.68000030517578,26.260000228881836,26.40999984741211,26.211898803710938,3193100,0.0,0.0
2026-01-08 00:00:00-05:00,26.299999237060547,26.700000762939453,26.209999084472656,26.450000762939453,26.251598358154297,3099600,0.0,0.0
2026-01-09 00:00:00-05:00,26.459999084472656,26.600000381469727,26.329999923706055,26.469999313354492,26.271446228027344,2226800,0.0,0.0
2026-01-12 00:00:00-05:00,26.3799991607666,26.65999984741211,26.3700008392334,26.540000915527344,26.340925216674805,2369800,0.0,0.0
2026-01-13 00:00:00-05:00,26.469999313354492,26.65999984741211,26.239999771118164,26.6299991607666,26.430246353149414,2319600,0.0,0.0
2026-01-14 00:00:00-05:00,26.549999237060547,26.790000915527344,26.549999237060547,26.790000915527344,26.589048385620117,2424300,0.0,0.0
2026-01-15 00:00:00-05:00,26.850000381469727,26.920000076293945,26.610000610351562,26.700000762939453,26.499725341796875,2435000,0.0,0.0
2026-01-16 00:00:00-05:00,26.739999771118164,26.829999923706055,26.139999389648438,26.25,26.053098678588867,3452600,0.0,0.0
2026-01-20 00:00:00-05:00,26.1200008392334,26.399999618530273,25.809999465942383,25.8700008392334,25.67595100402832,2973000,0.0,0.0
2026-01-21 00:00:00-05:00,26.020000457763672,26.31999969482422,26.010000228881836,26.1299991607666,25.933998107910156,2521100,0.0,0.0
2026-01-22 00:00:00-05:00,26.209999084472656,26.850000381469727,26.170000076293945,26.729999542236328,26.529497146606445,3806200,0.0,0.0
2026-01-23 00:00:00-05:00,26.6299991607666,26.8799991607666,26.56999969482422,26.829999923706055,26.628747940063477,2873700,0.0,0.0
2026-01-26 00:00:00-05:00,26.920000076293945,26.969999313354492,26.690000534057617,26.899999618530273,26.698223114013672,2424100,0.0,0.0
2026-01-27 00:00:00-05:00,26.81999969482422,26.90999984741211,26.559999465942383,26.649999618530273,26.450098037719727,2787200,0.0,0.0
2026-01-28 00:00:00-05:00,26.65999984741211,26.989999771118164,26.520000457763672,26.59000015258789,26.390548706054688,3943900,0.0,0.0
2026-01-29 00:00:00-05:00,26.670000076293945,26.809999465942383,26.299999237060547,26.770000457763672,26.569198608398438,3061800,0.0,0.0
2026-01-30 00:00:00-05:00,26.770000457763672,27.09000015258789,26.579999923706055,27.030000686645508,26.82724952697754,3436300,0.0,0.0
2026-02-02 00:00:00-05:00,27.1200008392334,27.209999084472656,26.56999969482422,26.770000457763672,26.569198608398438,3254000,0.0,0.0
2026-02-03 00:00:00-05:00,26.489999771118164,26.610000610351562,24.850000381469727,25.010000228881836,24.82240104675293,5450700,0.0,0.0
2026-02-04 00:00:00-05:00,24.75,24.989999771118164,24.420000076293945,24.690000534057617,24.50480079650879,7794600,0.0,0.0
2026-02-05 00:00:00-05:00,24.770000457763672,24.899999618530273,23.6200008392334,24.209999084472656,24.028398513793945,8195600,0.0,0.0
2026-02-06 00:00:00-05:00,24.010000228881836,24.15999984741211,22.40999984741211,22.5,22.331226348876953,9160400,0.0,0.0
2026-02-09 00:00:00-05:00,22.450000762939453,22.90999984741211,22.200000762939453,22.739999771118164,22.569427490234375,7581200,0.0,0.0
2026-02-10 00:00:00-05:00,22.8700008392334,23.770000457763672,22.829999923706055,23.579999923706055,23.403125762939453,5487100,0.0,0.0
2026-02-11 00:00:00-05:00,23.489999771118164,23.649999618530273,22.989999771118164,23.219999313354492,23.045825958251953,4458800,0.0,0.0
2026-02-12 00:00:00-05:00,23.31999969482422,23.450000762939453,22.239999771118164,22.399999618530273,22.231975555419922,5443500,0.0,0.0
2026-02-13 00:00:00-05:00,22.43000030517578,22.770000457763672,22.309999465942383,22.719999313354492,22.549575805664062,3415400,0.0,0.0
2026-02-17 00:00:00-05:00,22.760000228881836,23.290000915527344,22.75,23.190000534057617,23.01605224609375,4235100,0.0,0.0
2026-02-18 00:00:00-05:00,23.219999313354492,23.459999084472656,22.950000762939453,23.350000381469727,23.17485237121582,3299000,0.0,0.0
2026-02-19 00:00:00-05:00,23.3799991607666,23.459999084472656,23.18000030517578,23.360000610351562,23.184778213500977,2943600,0.0,0.0
2026-02-20 00:00:00-05:00,23.270000457763672,23.799999237060547,23.200000762939453,23.649999618530273,23.47260093688965,6508900,0.0,0.0
2026-02-23 00:00:00-05:00,23.479999542236328,23.610000610351562,22.920000076293945,23.0,22.827476501464844,4045900,0.0,0.0
2026-02-24 00:00:00-05:00,22.90999984741211,23.399999618530273,22.829999923706055,23.18000030517578,23.006128311157227,4071700,0.0,0.0
2026-02-25 00:00:00-05:00,23.25,23.59000015258789,23.049999237060547,23.579999923706055,23.403125762939453,2905600,0.0,0.0
2026-02-26 00:00:00-05:00,23.59000015258789,24.40999984741211,23.59000015258789,24.31999969482422,24.137575149536133,3435200,0.0,0.0
2026-02-27 00:00:00-05:00,24.209999084472656,24.440000534057617,23.969999313354492,24.290000915527344,24.10780143737793,4757300,0.0,0.0
2026-03-02 00:00:00-05:00,24.0,24.190000534057617,23.760000228881836,23.969999313354492,23.79020118713379,4252000,0.0,0.0
2026-03-03 00:00:00-05:00,23.540000915527344,24.079999923706055,23.540000915527344,23.809999465942383,23.63140106201172,4172400,0.0,0.0
2026-03-04 00:00:00-05:00,23.809999465942383,24.34000015258789,23.790000915527344,24.030000686645508,23.84975242614746,2523100,0.0,0.0
2026-03-05 00:00:00-05:00,24.100000381469727,24.56999969482422,24.049999237060547,24.280000686645508,24.097877502441406,2614800,0.0,0.0
2026-03-06 00:00:00-05:00,24.040000915527344,24.6200008392334,23.8700008392334,24.6200008392334,24.435327529907227,3647000,0.0,0.0
2026-03-09 00:00:00-04:00,24.350000381469727,24.600000381469727,23.969999313354492,24.540000915527344,24.355926513671875,3224000,0.0,0.0
2026-03-10 00:00:00-04:00,24.5,24.520000457763672,23.920000076293945,24.030000686645508,23.84975242614746,3850600,0.0,0.0
2026-03-11 00:00:00-04:00,23.899999618530273,24.389999389648438,23.899999618530273,24.239999771118164,24.15871238708496,3758600,0.1,0.0
2026-03-12 00:00:00-04:00,23.920000076293945,24.290000915527344,23.530000686645508,23.579999923706055,23.500925064086914,3658700,0.0,0.0
2026-03-13 00:00:00-04:00,23.93000030517578,24.010000228881836,23.549999237060547,23.700000762939453,23.62052345275879,3298200,0.0,0.0
2026-03-16 00:00:00-04:00,23.799999237060547,24.360000610351562,23.799999237060547,24.200000762939453,24.118846893310547,3786200,0.0,0.0
2026-03-17 00:00:00-04:00,24.3799991607666,24.6200008392334,24.25,24.34000015258789,24.258377075195312,3057300,0.0,0.0
2026-03-18 00:00:00-04:00,24.229999542236328,24.520000457763672,24.010000228881836,24.100000381469727,24.019182205200195,5458000,0.0,0.0
2026-03-19 00:00:00-04:00,24.0,24.399999618530273,23.510000228881836,23.93000030517578,23.84975242614746,4228600,0.0,0.0
2026-03-20 00:00:00-04:00,23.84000015258789,24.229999542236328,23.780000686645508,24.049999237060547,23.969348907470703,5990100,0.0,0.0
2026-03-23 00:00:00-04:00,24.450000762939453,24.639999389648438,24.149999618530273,24.260000228881836,24.17864418029785,4769500,0.0,0.0
2026-03-24 00:00:00-04:00,24.020000457763672,24.229999542236328,23.780000686645508,23.969999313354492,23.889616012573242,4504900,0.0,0.0
2026-03-25 00:00:00-04:00,24.170000076293945,24.360000610351562,23.790000915527344,24.270000457763672,24.18861198425293,2832500,0.0,0.0
2026-03-26 00:00:00-04:00,24.100000381469727,24.469999313354492,24.100000381469727,24.260000228881836,24.17864418029785,2223300,0.0,0.0
2026-03-27 00:00:00-04:00,24.18000030517578,24.469999313354492,23.899999618530273,24.239999771118164,24.15871238708496,4715700,0.0,0.0
2026-03-30 00:00:00-04:00,24.3799991607666,24.829999923706055,24.31999969482422,24.780000686645508,24.696901321411133,5405700,0.0,0.0
2026-03-31 00:00:00-04:00,25.06999969482422,25.510000228881836,24.6200008392334,24.93000030517578,24.846397399902344,30508100,0.0,0.0
2026-04-01 00:00:00-04:00,25.030000686645508,25.43000030517578,24.5,24.709999084472656,24.627134323120117,5604500,0.0,0.0
2026-04-02 00:00:00-04:00,24.530000686645508,24.690000534057617,24.079999923706055,24.399999618530273,24.318174362182617,4775700,0.0,0.0
2026-04-06 00:00:00-04:00,24.389999389648438,24.690000534057617,24.219999313354492,24.469999313354492,24.387939453125,2669600,0.0,0.0
2026-04-07 00:00:00-04:00,24.350000381469727,24.649999618530273,24.350000381469727,24.43000030517578,24.348073959350586,2754400,0.0,0.0
2026-04-08 00:00:00-04:00,24.600000381469727,24.969999313354492,24.600000381469727,24.889999389648438,24.80653190612793,3687800,0.0,0.0
2026-04-09 00:00:00-04:00,24.770000457763672,24.889999389648438,24.479999542236328,24.59000015258789,24.507537841796875,3110600,0.0,0.0
2026-04-10 00:00:00-04:00,24.5,24.729999542236328,24.420000076293945,24.479999542236328,24.397907257080078,2598200,0.0,0.0
2026-04-13 00:00:00-04:00,24.40999984741211,24.959999084472656,24.399999618530273,24.940000534057617,24.856365203857422,3761400,0.0,0.0
2026-04-14 00:00:00-04:00,24.959999084472656,25.399999618530273,24.920000076293945,25.030000686645508,24.946063995361328,2835500,0.0,0.0
2026-04-15 00:00:00-04:00,25.280000686645508,25.559999465942383,25.1299991607666,25.329999923706055,25.24505615234375,3202100,0.0,0.0
2026-04-16 00:00:00-04:00,25.469999313354492,25.8700008392334,25.360000610351562,25.790000915527344,25.703514099121094,3079100,0.0,0.0
2026-04-17 00:00:00-04:00,25.81999969482422,26.219999313354492,25.59000015258789,26.010000228881836,25.92277717590332,2646100,0.0,0.0
2026-04-20 00:00:00-04:00,25.969999313354492,26.1200008392334,25.84000015258789,25.969999313354492,25.882909774780273,2490300,0.0,0.0
2026-04-21 00:00:00-04:00,25.950000762939453,26.520000457763672,25.809999465942383,26.420000076293945,26.331401824951172,3740300,0.0,0.0
2026-04-22 00:00:00-04:00,26.229999542236328,26.8799991607666,25.8700008392334,26.649999618530273,26.56062889099121,3005300,0.0,0.0
2026-04-23 00:00:00-04:00,26.540000915527344,26.670000076293945,25.940000534057617,26.309999465942383,26.221769332885742,3152000,0.0,0.0
2026-04-24 00:00:00-04:00,26.489999771118164,26.540000915527344,26.079999923706055,26.200000762939453,26.112138748168945,3560900,0.0,0.0
2026-04-27 00:00:00-04:00,26.1200008392334,26.610000610351562,26.1200008392334,26.40999984741211,26.321434020996094,2868000,0.0,0.0
2026-04-28 00:00:00-04:00,26.559999465942383,26.649999618530273,26.139999389648438,26.15999984741211,26.07227325439453,4298400,0.0,0.0
2026-04-29 00:00:00-04:00,26.09000015258789,26.270000457763672,25.84000015258789,26.239999771118164,26.15200424194336,3457800,0.0,0.0
2026-04-30 00:00:00-04:00,26.010000228881836,26.579999923706055,25.940000534057617,26.31999969482422,26.23173713684082,4311100,0.0,0.0
2026-05-01 00:00:00-04:00,26.09000015258789,26.700000762939453,26.09000015258789,26.239999771118164,26.15200424194336,4174400,0.0,0.0
2026-05-04 00:00:00-04:00,26.200000762939453,26.389999389648438,25.780000686645508,25.799999237060547,25.71347999572754,4263200,0.0,0.0
2026-05-05 00:00:00-04:00,26.200000762939453,26.239999771118164,25.280000686645508,25.440000534057617,25.35468864440918,5009400,0.0,0.0
2026-05-06 00:00:00-04:00,25.700000762939453,26.559999465942383,25.700000762939453,26.200000762939453,26.112138748168945,5924600,0.0,0.0
2026-05-07 00:00:00-04:00,26.200000762939453,27.059999465942383,26.040000915527344,27.040000915527344,26.949323654174805,7251100,0.0,0.0
2026-05-08 00:00:00-04:00,26.809999465942383,27.030000686645508,25.969999313354492,27.020000457763672,26.92938995361328,8656800,0.0,0.0
2026-05-11 00:00:00-04:00,27.360000610351562,27.729999542236328,26.3700008392334,27.010000228881836,26.919422149658203,6803600,0.0,0.0
2026-05-12 00:00:00-04:00,27.010000228881836,27.209999084472656,26.309999465942383,26.540000915527344,26.451000213623047,5325000,0.0,0.0
2026-05-13 00:00:00-04:00,26.420000076293945,26.8799991607666,26.420000076293945,26.65999984741211,26.57059669494629,3960300,0.0,0.0
2026-05-14 00:00:00-04:00,26.729999542236328,26.8799991607666,26.040000915527344,26.25,26.161972045898438,4241300,0.0,0.0
2026-05-15 00:00:00-04:00,26.25,26.450000762939453,25.790000915527344,25.920000076293945,25.833078384399414,3342500,0.0,0.0
2026-05-18 00:00:00-04:00,25.940000534057617,26.350000381469727,25.940000534057617,26.270000457763672,26.181903839111328,3185100,0.0,0.0
2026-05-19 00:00:00-04:00,26.270000457763672,26.6200008392334,26.06999969482422,26.239999771118164,26.15200424194336,3383400,0.0,0.0
2026-05-20 00:00:00-04:00,26.139999389648438,26.200000762939453,25.579999923706055,25.770000457763672,25.683582305908203,3991600,0.0,0.0
2026-05-21 00:00:00-04:00,25.790000915527344,26.350000381469727,25.649999618530273,26.260000228881836,26.171937942504883,4480200,0.0,0.0
2026-05-22 00:00:00-04:00,26.260000228881836,26.5,25.6299991607666,25.889999389648438,25.803178787231445,3844000,0.0,0.0
2026-05-26 00:00:00-04:00,25.8799991607666,26.309999465942383,25.760000228881836,26.200000762939453,26.112138748168945,3507200,0.0,0.0
2026-05-27 00:00:00-04:00,26.18000030517578,27.040000915527344,26.059999465942383,26.610000610351562,26.52076530456543,4729700,0.0,0.0
2026-05-28 00:00:00-04:00,26.450000762939453,26.700000762939453,26.25,26.520000457763672,26.431066513061523,3007500,0.0,0.0
2026-05-29 00:00:00-04:00,26.420000076293945,26.489999771118164,25.989999771118164,26.100000381469727,26.012474060058594,6607800,0.0,0.0
2026-06-01 00:00:00-04:00,26.139999389648438,26.8700008392334,25.989999771118164,26.799999237060547,26.710126876831055,3495800,0.0,0.0
2026-06-02 00:00:00-04:00,26.850000381469727,27.059999465942383,26.18000030517578,26.40999984741211,26.321434020996094,6084100,0.0,0.0
2026-06-03 00:00:00-04:00,26.15999984741211,26.360000610351562,25.84000015258789,26.049999237060547,25.9626407623291,3579100,0.0,0.0
2026-06-04 00:00:00-04:00,26.420000076293945,27.0,26.280000686645508,26.84000015258789,26.74999237060547,3644100,0.0,0.0
2026-06-05 00:00:00-04:00,26.940000534057617,27.280000686645508,26.889999389648438,27.260000228881836,27.1685848236084,3633700,0.0,0.0
2026-06-08 00:00:00-04:00,27.1200008392334,27.15999984741211,26.489999771118164,27.059999465942383,26.969253540039062,3907300,0.0,0.0
2026-06-09 00:00:00-04:00,27.15999984741211,27.489999771118164,26.989999771118164,27.200000762939453,27.10878562927246,4691800,0.0,0.0
2026-06-10 00:00:00-04:00,27.329999923706055,27.6200008392334,26.950000762939453,26.969999313354492,26.87955665588379,3456600,0.0,0.0
2026-06-11 00:00:00-04:00,26.889999389648438,26.959999084472656,26.239999771118164,26.299999237060547,26.211803436279297,3979300,0.0,0.0
2026-06-12 00:00:00-04:00,26.719999313354492,26.75,25.520000457763672,25.68000030517578,25.593883514404297,6804000,0.0,0.0
2026-06-15 00:00:00-04:00,25.68000030517578,25.829999923706055,25.280000686645508,25.700000762939453,25.61381721496582,7544800,0.0,0.0
2026-06-16 00:00:00-04:00,25.719999313354492,25.989999771118164,25.149999618530273,25.93000030517578,25.84304428100586,7032400,0.0,0.0
2026-06-17 00:00:00-04:00,25.479999542236328,26.59000015258789,25.479999542236328,25.979999542236328,25.89287567138672,6176500,0.0,0.0
2026-06-18 00:00:00-04:00,25.979999542236328,25.989999771118164,24.920000076293945,25.280000686645508,25.19522476196289,28709400,0.0,0.0
2026-06-22 00:00:00-04:00,26.020000457763672,26.020000457763672,24.350000381469727,24.610000610351562,24.5274715423584,7680000,0.0,0.0
2026-06-23 00:00:00-04:00,24.639999389648438,25.040000915527344,24.40999984741211,24.979999542236328,24.896228790283203,6682900,0.0,0.0
2026-06-24 00:00:00-04:00,25.239999771118164,25.700000762939453,25.0,25.229999542236328,25.1453914642334,6930300,0.0,0.0
2026-06-25 00:00:00-04:00,25.31999969482422,25.399999618530273,24.989999771118164,25.030000686645508,24.946063995361328,4379700,0.0,0.0
2026-06-26 00:00:00-04:00,25.239999771118164,25.6299991607666,25.239999771118164,25.40999984741211,25.324787139892578,6568600,0.0,0.0
2026-06-29 00:00:00-04:00,25.65999984741211,25.90999984741211,25.139999389648438,25.260000228881836,25.175291061401367,4293900,0.0,0.0
2026-06-30 00:00:00-04:00,25.15999984741211,25.399999618530273,24.600000381469727,24.829999923706055,24.746732711791992,13662500,0.0,0.0
2026-07-01 00:00:00-04:00,24.90999984741211,26.360000610351562,24.790000915527344,25.780000686645508,25.69354820251465,7135400,0.0,0.0
2026-07-02 00:00:00-04:00,25.75,26.670000076293945,25.479999542236328,26.639999389648438,26.550662994384766,6227000,0.0,0.0
2026-07-06 00:00:00-04:00,26.489999771118164,26.719999313354492,26.190000534057617,26.639999389648438,26.550662994384766,4397500,0.0,0.0
2026-07-07 00:00:00-04:00,27.030000686645508,27.200000762939453,26.790000915527344,26.920000076293945,26.82972526550293,3721500,0.0,0.0
2026-07-08 00:00:00-04:00,27.020000457763672,27.110000610351562,26.600000381469727,26.719999313354492,26.630393981933594,3656600,0.0,0.0
2026-07-09 00:00:00-04:00,26.700000762939453,27.530000686645508,26.700000762939453,27.489999771118164,27.397811889648438,3529700,0.0,0.0
2026-07-10 00:00:00-04:00,27.809999465942383,27.90999984741211,27.190000534057617,27.3700008392334,27.278215408325195,2165800,0.0,0.0
2026-07-13 00:00:00-04:00,27.65999984741211,27.989999771118164,27.459999084472656,27.729999542236328,27.637006759643555,2578000,0.0,0.0
2026-07-14 00:00:00-04:00,27.56999969482422,27.729999542236328,27.270000457763672,27.600000381469727,27.507444381713867,2441600,0.0,0.0
2026-07-15 00:00:00-04:00,27.600000381469727,28.3799991607666,27.469999313354492,27.979999542236328,27.88616943359375,3150300,0.0,0.0
2026-07-16 00:00:00-04:00,28.260000228881836,28.700000762939453,28.18000030517578,28.690000534057617,28.59379005432129,3191200,0.0,0.0
2026-07-17 00:00:00-04:00,28.75,28.979999542236328,28.31999969482422,28.43000030517578,28.33466148376465,2689600,0.0,0.0
2026-07-20 00:00:00-04:00,28.399999618530273,28.65999984741211,28.270000457763672,28.290000915527344,28.195131301879883,2779100,0.0,0.0
2026-07-21 00:00:00-04:00,28.049999237060547,28.139999389648438,27.5,27.530000686645508,27.437679290771484,3230400,0.0,0.0
2026-07-22 00:00:00-04:00,27.690000534057617,27.790000915527344,27.25,27.34000015258789,27.248315811157227,3107500,0.0,0.0
2026-07-23 00:00:00-04:00,27.200000762939453,27.25,26.290000915527344,26.329999923706055,26.241703033447266,4672500,0.0,0.0
2026-07-24 00:00:00-04:00,26.350000381469727,26.889999389648438,26.350000381469727,26.760000228881836,26.67026138305664,3136600,0.0,0.0
2026-07-27 00:00:00-04:00,27.18000030517578,27.610000610351562,26.739999771118164,27.290000915527344,27.198484420776367,3119700,0.0,0.0
2026-07-28 00:00:00-04:00,27.489999771118164,28.270000457763672,27.219999313354492,28.18000030517578,28.085498809814453,2693900,0.0,0.0
2026-07-29 00:00:00-04:00,28.219999313354492,29.059999465942383,28.1200008392334,28.81999969482422,28.723352432250977,3965600,0.0,0.0
2026-07-30 00:00:00-04:00,28.219999313354492,28.3799991607666,27.6200008392334,28.09000015258789,27.99580192565918,3196900,0.0,0.0
2026-07-31 00:00:00-04:00,27.75,27.940000534057617,27.420000076293945,27.559999465942383,27.46757698059082,4084200,0.0,0.0
2026-08-03 00:00:00-04:00,27.850000381469727,28.3799991607666,27.700000762939453,27.940000534057617,27.846303939819336,3358800,0.0,0.0
2026-08-04 00:00:00-04:00,27.889999389648438,28.68000030517578,27.530000686645508,28.59000015258789,28.494123458862305,5046200,0.0,0.0
2026-08-05 00:00:00-04:00,28.440000534057617,29.170000076293945,28.09000015258789,29.059999465942383,28.962547302246094,7341600,0.0,0.0
2026-08-06 00:00:00-04:00,29.93000030517578,30.8799991607666,29.139999389648438,29.670000076293945,29.57050323486328,7686900,0.0,0.0
2026-08-07 00:00:00-04:00,29.420000076293945,29.540000915527344,28.389999389648438,28.520000457763672,28.424358367919922,4542900,0.0,0.0
2026-08-10 00:00:00-04:00,28.329999923706055,28.6299991607666,28.209999084472656,28.489999771118164,28.394458770751953,3434500,0.0,0.0
2026-08-11 00:00:00-04:00,28.34000015258789,28.719999313354492,28.260000228881836,28.6299991607666,28.53398895263672,3560100,0.0,0.0
2026-08-12 00:00:00-04:00,28.450000762939453,28.799999237060547,28.219999313354492,28.670000076293945,28.573856353759766,3175100,0.0,0.0
2026-08-13 00:00:00-04:00,28.75,29.09000015258789,28.649999618530273,28.940000534057617,28.84295082092285,3222800,0.0,0.0
2026-08-14 00:00:00-04:00,29.030000686645508,29.25,28.8700008392334,29.15999984741211,29.062211990356445,2160400,0.0,0.0
2026-08-17 00:00:00-04:00,28.760000228881836,29.15999984741211,28.56999969482422,28.700000762939453,28.603755950927734,3308800,0.0,0.0
2026-08-18 00:00:00-04:00,29.100000381469727,29.649999618530273,28.90999984741211,29.389999389648438,29.291440963745117,4096700,0.0,0.0
2026-08-19 00:00:00-04:00,29.389999389648438,29.68000030517578,29.0,29.450000762939453,29.351240158081055,3128000,0.0,0.0
2026-08-20 00:00:00-04:00,29.25,29.729999542236328,29.1200008392334,29.649999618530273,29.550569534301758,2519700,0.0,0.0
2026-08-21 00:00:00-04:00,29.8799991607666,30.420000076293945,29.790000915527344,30.3799991607666,30.278120040893555,3285200,0.0,0.0
2026-08-24 00:00:00-04:00,30.809999465942383,30.889999389648438,30.31999969482422,30.760000228881836,30.65684700012207,3053200,0.0,0.0
2026-08-25 00:00:00-04:00,30.5,31.020000457763672,30.219999313354492,30.920000076293945,30.81631088256836,2196400,0.0,0.0
2026-08-26 00:00:00-04:00,31.010000228881836,31.100000381469727,30.75,30.959999084472656,30.856176376342773,2709900,0.0,0.0
2026-08-27 00:00:00-04:00,30.8799991607666,31.65999984741211,30.649999618530273,31.190000534057617,31.085405349731445,5784400,0.0,0.0
2026-08-28 00:00:00-04:00,31.360000610351562,31.5,30.899999618530273,30.969999313354492,30.86614227294922,5268000,0.0,0.0
2026-08-31 00:00:00-04:00,30.81999969482422,30.989999771118164,30.690000534057617,30.709999084472656,30.607013702392578,5091800,0.0,0.0
2026-09-01 00:00:00-04:00,30.56999969482422,30.959999084472656,30.540000915527344,30.6299991607666,30.52728271484375,3413900,0.0,0.0
2026-09-02 00:00:00-04:00,30.700000762939453,31.31999969482422,30.540000915527344,30.649999618530273,30.547216415405273,3704600,0.0,0.0
2026-09-03 00:00:00-04:00,30.950000762939453,31.059999465942383,30.68000030517578,30.950000762939453,30.846210479736328,3809600,0.0,0.0
2026-09-04 00:00:00-04:00,30.790000915527344,30.889999389648438,30.350000381469727,30.389999389648438,30.288087844848633,4012900,0.0,0.0
2026-09-08 00:00:00-04:00,30.100000381469727,30.190000534057617,29.40999984741211,29.81999969482422,29.719999313354492,3820400,0.0,0.0
2026-09-09 00:00:00-04:00,29.559999465942383,29.809999465942383,29.219999313354492,29.610000610351562,29.610000610351562,3972900,0.1,0.0
2026-09-10 00:00:00-04:00,29.639999389648438,29.670000076293945,29.06999969482422,29.3799991607666,29.3799991607666,3371100,0.0,0.0
2026-09-11 00:00:00-04:00,29.469999313354492,29.68000030517578,29.229999542236328,29.440000534057617,29.440000534057617,3480200,0.0,0.0
2026-09-14 00:00:00-04:00,29.649999618530273,30.700000762939453,29.6299991607666,30.559999465942383,30.559999465942383,3528200,0.0,0.0
2026-09-15 00:00:00-04:00,30.190000534057617,30.610000610351562,30.0,30.440000534057617,30.440000534057617,2959800,0.0,0.0
2026-09-16 00:00:00-04:00,30.350000381469727,30.639999389648438,29.959999084472656,30.190000534057617,30.190000534057617,3200800,0.0,0.0
2026-09-17 00:00:00-04:00,30.139999389648438,30.43000030517578,29.989999771118164,30.18000030517578,30.18000030517578,2631800,0.0,0.0
2026-09-18 00:00:00-04:00,30.190000534057617,30.219999313354492,29.530000686645508,29.780000686645508,29.780000686645508,15318300,0.0,0.0
2026-09-21 00:00:00-04:00,29.84000015258789,29.959999084472656,29.600000381469727,29.700000762939453,29.700000762939453,3226300,0.0,0.0
2026-09-22 00:00:00-04:00,30.020000457763672,30.190000534057617,29.100000381469727,29.25,29.25,4267400,0.0,0.0
2026-09-23 00:00:00-04:00,29.010000228881836,29.110000610351562,28.059999465942383,28.1200008392334,28.1200008392334,8755500,0.0,0.0
2026-09-24 00:00:00-04:00,28.219999313354492,28.75,28.190000534057617,28.440000534057617,28.440000534057617,4268800,0.0,0.0
2026-09-25 00:00:00-04:00,28.290000915527344,28.600000381469727,28.239999771118164,28.489999771118164,28.489999771118164,2835200,0.0,0.0
2026-09-28 00:00:00-04:00,28.34000015258789,29.1299991607666,27.979999542236328,29.100000381469727,29.100000381469727,5097000,0.0,0.0
2026-09-29 00:00:00-04:00,29.049999237060547,29.049999237060547,28.18000030517578,28.520000457763672,28.520000457763672,5906100,0.0,0.0
2026-09-30 00:00:00-04:00,28.540000915527344,28.959999084472656,28.399999618530273,28.649999618530273,28.649999618530273,3689800,0.0,0.0
