Date,Open,High,Low,Close,Adj Close,Volume,Dividends,Stock Splits
2010-09-01 00:00:00-04:00,22.43000030517578,22.899999618530273,22.0,22.479999542236328,22.26984405517578,312600,0.0,0.0
2010-09-02 00:00:00-04:00,22.5,24.18000030517578,22.229999542236328,24.1200008392334,23.894514083862305,333600,0.0,0.0
2010-09-03 00:00:00-04:00,24.450000762939453,25.0,24.209999084472656,24.579999923706055,24.3502140045166,312100,0.0,0.0
2010-09-07 00:00:00-04:00,24.520000457763672,24.790000915527344,24.280000686645508,24.389999389648438,24.161989212036133,208800,0.0,0.0
2010-09-08 00:00:00-04:00,24.360000610351562,24.920000076293945,24.170000076293945,24.420000076293945,24.191707611083984,235000,0.0,0.0
2010-09-09 00:00:00-04:00,24.559999465942383,25.0,24.190000534057617,24.600000381469727,24.370027542114258,291100,0.0,0.0
2010-09-10 00:00:00-04:00,24.6200008392334,25.25,24.389999389648438,25.149999618530273,24.914884567260742,349200,0.0,0.0
2010-09-13 00:00:00-04:00,25.280000686645508,25.889999389648438,25.270000457763672,25.639999389648438,25.40030288696289,323500,0.0,0.0
2010-09-14 00:00:00-04:00,25.5,25.959999084472656,25.3799991607666,25.65999984741211,25.420116424560547,208500,0.0,0.0
2010-09-15 00:00:00-04:00,25.65999984741211,25.899999618530273,25.43000030517578,25.68000030517578,25.439931869506836,191000,0.0,0.0
2010-09-16 00:00:00-04:00,25.65999984741211,26.25,25.469999313354492,26.0,25.75693702697754,367600,0.0,0.0
2010-09-17 00:00:00-04:00,26.260000228881836,26.56999969482422,25.8700008392334,26.5,26.252267837524414,649500,0.0,0.0
2010-09-20 00:00:00-04:00,26.540000915527344,26.540000915527344,26.079999923706055,26.200000762939453,25.95507049560547,366800,0.0,0.0
2010-09-21 00:00:00-04:00,26.329999923706055,26.3799991607666,26.059999465942383,26.190000534057617,25.945161819458008,499400,0.0,0.0
2010-09-22 00:00:00-04:00,26.190000534057617,26.5,25.520000457763672,25.780000686645508,25.53899383544922,272300,0.0,0.0
2010-09-23 00:00:00-04:00,25.520000457763672,26.31999969482422,25.520000457763672,25.799999237060547,25.558807373046875,211200,0.0,0.0
2010-09-24 00:00:00-04:00,26.139999389648438,26.75,26.0,26.739999771118164,26.490018844604492,155300,0.0,0.0
2010-09-27 00:00:00-04:00,26.760000228881836,26.760000228881836,26.1200008392334,26.280000686645508,26.03432273864746,153300,0.0,0.0
2010-09-28 00:00:00-04:00,26.440000534057617,26.709999084472656,25.899999618530273,26.65999984741211,26.410768508911133,235500,0.0,0.0
2010-09-29 00:00:00-04:00,26.56999969482422,26.59000015258789,25.969999313354492,26.549999237060547,26.301795959472656,204300,0.0,0.0
2010-09-30 00:00:00-04:00,26.670000076293945,27.530000686645508,26.299999237060547,27.399999618530273,27.143848419189453,606200,0.0,0.0
2010-10-01 00:00:00-04:00,27.530000686645508,27.530000686645508,26.329999923706055,26.700000762939453,26.450395584106445,613000,0.0,0.0
2010-10-04 00:00:00-04:00,26.549999237060547,28.3700008392334,26.530000686645508,28.270000457763672,28.005718231201172,793900,0.0,0.0
2010-10-05 00:00:00-04:00,28.440000534057617,28.6299991607666,28.059999465942383,28.450000762939453,28.18403434753418,450800,0.0,0.0
2010-10-06 00:00:00-04:00,28.459999084472656,29.639999389648438,28.450000762939453,29.18000030517578,28.907207489013672,697600,0.0,0.0
2010-10-07 00:00:00-04:00,28.06999969482422,28.329999923706055,27.610000610351562,27.979999542236328,27.718425750732422,2219700,0.0,0.0
2010-10-08 00:00:00-04:00,28.020000457763672,28.290000915527344,27.979999542236328,28.18000030517578,27.91655731201172,1580900,0.0,0.0
2010-10-11 00:00:00-04:00,28.25,28.25,27.940000534057617,27.940000534057617,27.678802490234375,397100,0.0,0.0
2010-10-12 00:00:00-04:00,27.940000534057617,28.110000610351562,27.899999618530273,27.959999084472656,27.698612213134766,563700,0.0,0.0
2010-10-13 00:00:00-04:00,28.0,28.239999771118164,27.829999923706055,28.139999389648438,27.876930236816406,358000,0.0,0.0
2010-10-14 00:00:00-04:00,28.040000915527344,28.290000915527344,27.93000030517578,28.25,27.985902786254883,334800,0.0,0.0
2010-10-15 00:00:00-04:00,28.280000686645508,28.600000381469727,27.940000534057617,28.040000915527344,27.777870178222656,426300,0.0,0.0
2010-10-18 00:00:00-04:00,28.0,28.3700008392334,27.780000686645508,28.25,27.985902786254883,242300,0.0,0.0
2010-10-19 00:00:00-04:00,27.93000030517578,28.25,27.290000915527344,27.399999618530273,27.143848419189453,321200,0.0,0.0
2010-10-20 00:00:00-04:00,27.350000381469727,27.690000534057617,26.93000030517578,27.010000228881836,26.75750160217285,415300,0.0,0.0
2010-10-21 00:00:00-04:00,27.170000076293945,27.59000015258789,26.81999969482422,27.149999618530273,26.896188735961914,304900,0.0,0.0
2010-10-22 00:00:00-04:00,27.290000915527344,27.459999084472656,26.850000381469727,27.3700008392334,27.114131927490234,133900,0.0,0.0
2010-10-25 00:00:00-04:00,27.440000534057617,28.059999465942383,27.260000228881836,27.68000030517578,27.421232223510742,342500,0.0,0.0
2010-10-26 00:00:00-04:00,27.549999237060547,27.549999237060547,26.899999618530273,26.899999618530273,26.648527145385742,439000,0.0,0.0
2010-10-27 00:00:00-04:00,26.799999237060547,27.559999465942383,26.549999237060547,27.020000457763672,26.767404556274414,421100,0.0,0.0
2010-10-28 00:00:00-04:00,27.030000686645508,27.559999465942383,26.940000534057617,26.959999084472656,26.707962036132812,475900,0.0,0.0
2010-10-29 00:00:00-04:00,26.90999984741211,27.0,26.06999969482422,26.110000610351562,25.865909576416016,934900,0.0,0.0
2010-11-01 00:00:00-04:00,26.3700008392334,26.600000381469727,25.90999984741211,26.0,25.75693702697754,577500,0.0,0.0
2010-11-02 00:00:00-04:00,26.100000381469727,26.940000534057617,25.68000030517578,26.610000610351562,26.361236572265625,504100,0.0,0.0
2010-11-03 00:00:00-04:00,26.579999923706055,26.889999389648438,26.09000015258789,26.520000457763672,26.272075653076172,294500,0.0,0.0
2010-11-04 00:00:00-04:00,26.809999465942383,27.100000381469727,26.649999618530273,26.850000381469727,26.59899139404297,382200,0.0,0.0
2010-11-05 00:00:00-04:00,26.8700008392334,27.059999465942383,26.309999465942383,26.530000686645508,26.281986236572266,323500,0.0,0.0
2010-11-08 00:00:00-05:00,26.270000457763672,26.530000686645508,25.959999084472656,26.100000381469727,25.856002807617188,307500,0.0,0.0
2010-11-09 00:00:00-05:00,26.049999237060547,26.079999923706055,25.59000015258789,25.84000015258789,25.598434448242188,498500,0.0,0.0
2010-11-10 00:00:00-05:00,25.809999465942383,25.93000030517578,25.309999465942383,25.690000534057617,25.449838638305664,772400,0.0,0.0
2010-11-11 00:00:00-05:00,25.420000076293945,26.15999984741211,25.420000076293945,25.799999237060547,25.558807373046875,237600,0.0,0.0
2010-11-12 00:00:00-05:00,25.639999389648438,25.850000381469727,25.040000915527344,25.290000915527344,25.053579330444336,576400,0.0,0.0
2010-11-15 00:00:00-05:00,25.3799991607666,25.530000686645508,24.290000915527344,24.489999771118164,24.26105308532715,663500,0.0,0.0
2010-11-16 00:00:00-05:00,24.40999984741211,24.84000015258789,24.309999465942383,24.68000030517578,24.449277877807617,642500,0.0,0.0
2010-11-17 00:00:00-05:00,24.81999969482422,24.90999984741211,24.399999618530273,24.510000228881836,24.280868530273438,229000,0.0,0.0
2010-11-18 00:00:00-05:00,24.780000686645508,25.0,24.5,24.969999313354492,24.7365665435791,368500,0.0,0.0
2010-11-19 00:00:00-05:00,24.899999618530273,25.0,24.6299991607666,24.670000076293945,24.439373016357422,377200,0.0,0.0
2010-11-22 00:00:00-05:00,28.389999389648438,29.6200008392334,27.110000610351562,29.530000686645508,29.25394058227539,5260000,0.0,0.0
2010-11-23 00:00:00-05:00,29.25,30.899999618530273,28.709999084472656,29.989999771118164,29.709636688232422,2518800,0.0,0.0
2010-11-24 00:00:00-05:00,30.059999465942383,30.389999389648438,28.989999771118164,29.3700008392334,29.095436096191406,1205500,0.0,0.0
2010-11-26 00:00:00-05:00,29.270000457763672,29.280000686645508,28.799999237060547,28.829999923706055,28.560482025146484,185900,0.0,0.0
2010-11-29 00:00:00-05:00,28.739999771118164,29.06999969482422,28.440000534057617,28.68000030517578,28.411888122558594,582700,0.0,0.0
2010-11-30 00:00:00-05:00,28.489999771118164,28.93000030517578,28.15999984741211,28.81999969482422,28.550575256347656,581500,0.0,0.0
2010-12-01 00:00:00-05:00,29.1200008392334,29.950000762939453,28.950000762939453,29.489999771118164,29.214313507080078,748200,0.0,0.0
2010-12-02 00:00:00-05:00,29.579999923706055,30.100000381469727,29.010000228881836,29.479999542236328,29.204404830932617,846000,0.0,0.0
2010-12-03 00:00:00-05:00,29.43000030517578,30.149999618530273,29.1200008392334,29.979999542236328,29.699729919433594,747400,0.0,0.0
2010-12-06 00:00:00-05:00,29.950000762939453,30.3700008392334,29.639999389648438,30.139999389648438,29.85823631286621,490800,0.0,0.0
2010-12-07 00:00:00-05:00,30.5,30.809999465942383,30.219999313354492,30.31999969482422,30.03655242919922,608000,0.0,0.0
2010-12-08 00:00:00-05:00,30.3700008392334,30.5,30.030000686645508,30.09000015258789,29.80870246887207,387700,0.0,0.0
2010-12-09 00:00:00-05:00,30.200000762939453,30.239999771118164,29.950000762939453,30.100000381469727,29.8186092376709,585300,0.0,0.0
2010-12-10 00:00:00-05:00,30.15999984741211,30.31999969482422,30.030000686645508,30.200000762939453,29.917673110961914,380700,0.0,0.0
2010-12-13 00:00:00-05:00,30.540000915527344,31.0,30.209999084472656,30.65999984741211,30.373374938964844,434000,0.0,0.0
2010-12-14 00:00:00-05:00,30.760000228881836,30.8799991607666,30.3700008392334,30.610000610351562,30.32384490966797,443400,0.0,0.0
2010-12-15 00:00:00-05:00,30.540000915527344,31.959999084472656,30.540000915527344,31.719999313354492,31.4234619140625,754200,0.0,0.0
2010-12-16 00:00:00-05:00,31.829999923706055,32.22999954223633,31.360000610351562,32.029998779296875,31.730567932128906,509500,0.0,0.0
2010-12-17 00:00:00-05:00,31.8700008392334,33.119998931884766,31.75,33.060001373291016,32.750938415527344,1362800,0.0,0.0
2010-12-20 00:00:00-05:00,33.20000076293945,33.849998474121094,32.150001525878906,33.060001373291016,32.750938415527344,750600,0.0,0.0
2010-12-21 00:00:00-05:00,32.77000045776367,33.939998626708984,32.5099983215332,33.650001525878906,33.335426330566406,399700,0.0,0.0
2010-12-22 00:00:00-05:00,33.7400016784668,33.7400016784668,33.11000061035156,33.470001220703125,33.157108306884766,405600,0.0,0.0
2010-12-23 00:00:00-05:00,33.2599983215332,33.529998779296875,33.060001373291016,33.5,33.18682098388672,358800,0.0,0.0
2010-12-27 00:00:00-05:00,33.33000183105469,33.90999984741211,33.22999954223633,33.689998626708984,33.37504959106445,280500,0.0,0.0
2010-12-28 00:00:00-05:00,33.65999984741211,33.65999984741211,33.25,33.5,33.18682098388672,294300,0.0,0.0
2010-12-29 00:00:00-05:00,33.4900016784668,33.59000015258789,33.31999969482422,33.31999969482422,33.00850296020508,396200,0.0,0.0
2010-12-30 00:00:00-05:00,33.400001525878906,33.560001373291016,33.2599983215332,33.380001068115234,33.06795120239258,380600,0.0,0.0
2010-12-31 00:00:00-05:00,33.2599983215332,33.41999816894531,32.83000183105469,32.83000183105469,32.52308654785156,329600,0.0,0.0
2011-01-03 00:00:00-05:00,32.689998626708984,34.13999938964844,32.689998626708984,33.81999969482422,33.50383377075195,411800,0.0,0.0
2011-01-04 00:00:00-05:00,33.7400016784668,33.81999969482422,33.119998931884766,33.2599983215332,32.94906997680664,305600,0.0,0.0
2011-01-05 00:00:00-05:00,33.20000076293945,33.810001373291016,33.060001373291016,33.290000915527344,32.978790283203125,342000,0.0,0.0
2011-01-06 00:00:00-05:00,33.36000061035156,34.349998474121094,33.220001220703125,34.310001373291016,33.989253997802734,476100,0.0,0.0
2011-01-07 00:00:00-05:00,34.18000030517578,34.459999084472656,33.880001068115234,34.099998474121094,33.781211853027344,349800,0.0,0.0
2011-01-10 00:00:00-05:00,34.02000045776367,34.09000015258789,33.13999938964844,33.150001525878906,32.84009552001953,410000,0.0,0.0
2011-01-11 00:00:00-05:00,33.2599983215332,33.7599983215332,33.0,33.150001525878906,32.84009552001953,353600,0.0,0.0
2011-01-12 00:00:00-05:00,33.25,33.33000183105469,32.31999969482422,32.61000061035156,32.30514144897461,680000,0.0,0.0
2011-01-13 00:00:00-05:00,32.54999923706055,33.41999816894531,32.34000015258789,32.81999969482422,32.51318359375,366400,0.0,0.0
2011-01-14 00:00:00-05:00,32.97999954223633,34.5,32.810001373291016,34.5,34.1774787902832,602400,0.0,0.0
2011-01-18 00:00:00-05:00,34.4900016784668,35.630001068115234,34.119998931884766,35.43000030517578,35.09878158569336,613900,0.0,0.0
2011-01-19 00:00:00-05:00,35.5,35.869998931884766,33.099998474121094,33.29999923706055,32.98869705200195,1072400,0.0,0.0
2011-01-20 00:00:00-05:00,33.380001068115234,33.900001525878906,32.939998626708984,33.81999969482422,33.50383377075195,502900,0.0,0.0
2011-01-21 00:00:00-05:00,33.959999084472656,34.119998931884766,33.220001220703125,33.279998779296875,32.96887969970703,274400,0.0,0.0
2011-01-24 00:00:00-05:00,33.2599983215332,33.77000045776367,33.150001525878906,33.369998931884766,33.058040618896484,401100,0.0,0.0
2011-01-25 00:00:00-05:00,33.349998474121094,33.709999084472656,33.0,33.66999816894531,33.35523223876953,282800,0.0,0.0
2011-01-26 00:00:00-05:00,33.75,34.939998626708984,33.75,34.470001220703125,34.14775848388672,407600,0.0,0.0
2011-01-27 00:00:00-05:00,34.459999084472656,35.41999816894531,34.45000076293945,34.869998931884766,34.544010162353516,520600,0.0,0.0
2011-01-28 00:00:00-05:00,34.90999984741211,34.90999984741211,33.36000061035156,33.45000076293945,33.13729476928711,361200,0.0,0.0
2011-01-31 00:00:00-05:00,33.400001525878906,34.20000076293945,33.400001525878906,33.68000030517578,33.36514663696289,257700,0.0,0.0
2011-02-01 00:00:00-05:00,33.689998626708984,34.0,33.400001525878906,33.70000076293945,33.38495635986328,497400,0.0,0.0
2011-02-02 00:00:00-05:00,33.56999969482422,34.849998474121094,33.56999969482422,34.56999969482422,34.246822357177734,375100,0.0,0.0
2011-02-03 00:00:00-05:00,34.59000015258789,34.83000183105469,33.900001525878906,34.709999084472656,34.38551330566406,308600,0.0,0.0
2011-02-04 00:00:00-05:00,34.7400016784668,34.880001068115234,34.2599983215332,34.470001220703125,34.14775848388672,267700,0.0,0.0
2011-02-07 00:00:00-05:00,34.5,34.88999938964844,34.16999816894531,34.400001525878906,34.07841491699219,192600,0.0,0.0
2011-02-08 00:00:00-05:00,34.43000030517578,35.310001373291016,34.380001068115234,34.95000076293945,34.62327194213867,343000,0.0,0.0
2011-02-09 00:00:00-05:00,34.869998931884766,35.27000045776367,34.45000076293945,34.45000076293945,34.1279411315918,498300,0.0,0.0
2011-02-10 00:00:00-05:00,34.45000076293945,36.4900016784668,34.04999923706055,36.4900016784668,36.14887237548828,672900,0.0,0.0
2011-02-11 00:00:00-05:00,36.84000015258789,36.90999984741211,35.20000076293945,35.310001373291016,34.97990417480469,1035500,0.0,0.0
2011-02-14 00:00:00-05:00,36.099998474121094,38.099998474121094,35.93000030517578,37.709999084472656,37.35746383666992,2605300,0.0,0.0
2011-02-15 00:00:00-05:00,37.43000030517578,37.93000030517578,37.099998474121094,37.11000061035156,36.76308059692383,455000,0.0,0.0
2011-02-16 00:00:00-05:00,37.2599983215332,37.88999938964844,36.70000076293945,37.70000076293945,37.347557067871094,472700,0.0,0.0
2011-02-17 00:00:00-05:00,37.630001068115234,38.09000015258789,37.459999084472656,37.66999816894531,37.31783676147461,734300,0.0,0.0
2011-02-18 00:00:00-05:00,37.970001220703125,37.970001220703125,36.7599983215332,37.47999954223633,37.129615783691406,520700,0.0,0.0
2011-02-22 00:00:00-05:00,37.060001373291016,37.29999923706055,36.08000183105469,36.61000061035156,36.26775360107422,600000,0.0,0.0
2011-02-23 00:00:00-05:00,36.459999084472656,36.790000915527344,34.77000045776367,34.779998779296875,34.454856872558594,891400,0.0,0.0
2011-02-24 00:00:00-05:00,36.54999923706055,36.63999938964844,35.54999923706055,35.95000076293945,35.61391830444336,487300,0.0,0.0
2011-02-25 00:00:00-05:00,36.2599983215332,37.0,36.0099983215332,37.0,36.65410614013672,340100,0.0,0.0
2011-02-28 00:00:00-05:00,37.18000030517578,37.459999084472656,35.970001220703125,36.27000045776367,35.930931091308594,551600,0.0,0.0
2011-03-01 00:00:00-05:00,36.43000030517578,36.560001373291016,36.0099983215332,36.189998626708984,35.8516731262207,344700,0.0,0.0
2011-03-02 00:00:00-05:00,36.25,36.540000915527344,35.970001220703125,36.31999969482422,35.98046112060547,230100,0.0,0.0
2011-03-03 00:00:00-05:00,36.41999816894531,37.599998474121094,36.209999084472656,37.4900016784668,37.139522552490234,285900,0.0,0.0
2011-03-04 00:00:00-05:00,37.349998474121094,38.0099983215332,37.09000015258789,38.0,37.644752502441406,292300,0.0,0.0
2011-03-07 00:00:00-05:00,38.04999923706055,38.20000076293945,37.279998779296875,38.04999923706055,37.69429016113281,540100,0.0,0.0
2011-03-08 00:00:00-05:00,38.02000045776367,38.84000015258789,37.619998931884766,38.790000915527344,38.427371978759766,640800,0.0,0.0
2011-03-09 00:00:00-05:00,38.84000015258789,40.290000915527344,38.400001525878906,39.84000015258789,39.46755599975586,990900,0.0,0.0
2011-03-10 00:00:00-05:00,39.150001525878906,39.810001373291016,38.709999084472656,39.29999923706055,38.93260192871094,450600,0.0,0.0
2011-03-11 00:00:00-05:00,37.79999923706055,39.36000061035156,37.70000076293945,38.68000030517578,38.31840515136719,554000,0.0,0.0
2011-03-14 00:00:00-04:00,38.400001525878906,39.25,38.0099983215332,38.959999084472656,38.59577941894531,492300,0.0,0.0
2011-03-15 00:00:00-04:00,38.09000015258789,38.70000076293945,37.869998931884766,38.52000045776367,38.15989303588867,320400,0.0,0.0
2011-03-16 00:00:00-04:00,38.5,38.970001220703125,38.31999969482422,38.5099983215332,38.149986267089844,348700,0.0,0.0
2011-03-17 00:00:00-04:00,38.72999954223633,39.27000045776367,38.560001373291016,38.83000183105469,38.467002868652344,235500,0.0,0.0
2011-03-18 00:00:00-04:00,39.209999084472656,39.380001068115234,38.709999084472656,38.810001373291016,38.44718551635742,714900,0.0,0.0
2011-03-21 00:00:00-04:00,39.18000030517578,40.25,38.959999084472656,39.91999816894531,39.54680633544922,400200,0.0,0.0
2011-03-22 00:00:00-04:00,39.83000183105469,40.150001525878906,39.36000061035156,39.95000076293945,39.5765266418457,382700,0.0,0.0
2011-03-23 00:00:00-04:00,39.72999954223633,40.09000015258789,39.04999923706055,39.4900016784668,39.12083053588867,284400,0.0,0.0
2011-03-24 00:00:00-04:00,39.88999938964844,41.380001068115234,39.650001525878906,41.099998474121094,40.71577072143555,425600,0.0,0.0
2011-03-25 00:00:00-04:00,41.16999816894531,41.689998626708984,41.119998931884766,41.34000015258789,40.95353698730469,485300,0.0,0.0
2011-03-28 00:00:00-04:00,41.5099983215332,42.09000015258789,40.54999923706055,41.7400016784668,41.349796295166016,476500,0.0,0.0
2011-03-29 00:00:00-04:00,41.849998474121094,43.54999923706055,41.68000030517578,43.470001220703125,43.063621520996094,676200,0.0,0.0
2011-03-30 00:00:00-04:00,43.77000045776367,45.11000061035156,43.58000183105469,44.68000030517578,44.26231384277344,829500,0.0,0.0
2011-03-31 00:00:00-04:00,44.5,45.0,44.11000061035156,44.939998626708984,44.519874572753906,425900,0.0,0.0
2011-04-01 00:00:00-04:00,44.779998779296875,45.310001373291016,44.540000915527344,45.2599983215332,44.83688735961914,609300,0.0,0.0
2011-04-04 00:00:00-04:00,45.20000076293945,45.970001220703125,45.09000015258789,45.43000030517578,45.00529861450195,587200,0.0,0.0
2011-04-05 00:00:00-04:00,45.15999984741211,46.459999084472656,45.15999984741211,46.150001525878906,45.71856689453125,834300,0.0,0.0
2011-04-06 00:00:00-04:00,46.41999816894531,46.81999969482422,44.439998626708984,44.970001220703125,44.54959487915039,685700,0.0,0.0
2011-04-07 00:00:00-04:00,44.630001068115234,44.63999938964844,42.58000183105469,43.599998474121094,43.19240188598633,1574900,0.0,0.0
2011-04-08 00:00:00-04:00,43.959999084472656,44.25,41.83000183105469,42.70000076293945,42.30081558227539,1109400,0.0,0.0
2011-04-11 00:00:00-04:00,43.0099983215332,43.91999816894531,42.54999923706055,43.90999984741211,43.499507904052734,877300,0.0,0.0
2011-04-12 00:00:00-04:00,43.5,43.900001525878906,42.599998474121094,42.849998474121094,42.44940948486328,573300,0.0,0.0
2011-04-13 00:00:00-04:00,43.4900016784668,45.380001068115234,43.4900016784668,44.7400016784668,44.32175064086914,1159300,0.0,0.0
2011-04-14 00:00:00-04:00,44.220001220703125,45.400001525878906,44.130001068115234,44.84000015258789,44.420814514160156,630600,0.0,0.0
2011-04-15 00:00:00-04:00,45.130001068115234,45.84000015258789,44.68000030517578,45.84000015258789,45.411460876464844,600600,0.0,0.0
2011-04-18 00:00:00-04:00,45.959999084472656,49.439998626708984,45.2400016784668,48.650001525878906,48.195194244384766,1788500,0.0,0.0
2011-04-19 00:00:00-04:00,48.79999923706055,49.34000015258789,47.54999923706055,47.79999923706055,47.3531379699707,1046000,0.0,0.0
2011-04-20 00:00:00-04:00,48.959999084472656,49.7599983215332,47.939998626708984,49.689998626708984,49.22547149658203,757900,0.0,0.0
2011-04-21 00:00:00-04:00,49.900001525878906,50.150001525878906,49.220001220703125,49.75,49.284912109375,634900,0.0,0.0
2011-04-25 00:00:00-04:00,49.970001220703125,50.22999954223633,48.66999816894531,49.86000061035156,49.393882751464844,525700,0.0,0.0
2011-04-26 00:00:00-04:00,50.0,52.220001220703125,50.0,52.13999938964844,51.65256881713867,1398200,0.0,0.0
2011-04-27 00:00:00-04:00,56.0,71.73999786376953,54.95000076293945,67.05000305175781,66.42318725585938,9611500,0.0,0.0
2011-04-28 00:00:00-04:00,65.83999633789062,67.5199966430664,58.06999969482422,64.61000061035156,64.00598907470703,10900000,0.0,0.0
2011-04-29 00:00:00-04:00,62.25,62.59000015258789,50.75,51.040000915527344,50.5628547668457,8270100,0.0,0.0
2011-05-02 00:00:00-04:00,51.119998931884766,54.189998626708984,50.02000045776367,53.709999084472656,53.207889556884766,2578200,0.0,0.0
2011-05-03 00:00:00-04:00,53.459999084472656,56.0,49.33000183105469,51.11000061035156,50.632198333740234,2203700,0.0,0.0
2011-05-04 00:00:00-04:00,51.06999969482422,51.84000015258789,47.529998779296875,48.0,47.55127716064453,2000500,0.0,0.0
2011-05-05 00:00:00-04:00,47.61000061035156,49.83000183105469,46.599998474121094,47.04999923706055,46.61014938354492,1100000,0.0,0.0
2011-05-06 00:00:00-04:00,47.7599983215332,51.290000915527344,47.68000030517578,50.25,49.78023910522461,1132300,0.0,0.0
2011-05-09 00:00:00-04:00,51.18000030517578,52.84000015258789,50.400001525878906,52.040000915527344,51.553504943847656,756500,0.0,0.0
2011-05-10 00:00:00-04:00,52.34000015258789,52.810001373291016,50.900001525878906,52.380001068115234,51.890323638916016,713000,0.0,0.0
2011-05-11 00:00:00-04:00,52.29999923706055,52.97999954223633,51.529998779296875,52.119998931884766,51.63276290893555,727400,0.0,0.0
2011-05-12 00:00:00-04:00,51.77000045776367,52.709999084472656,50.75,52.68000030517578,52.18751907348633,407000,0.0,0.0
2011-05-13 00:00:00-04:00,52.400001525878906,53.45000076293945,51.880001068115234,53.029998779296875,52.53424835205078,780300,0.0,0.0
2011-05-16 00:00:00-04:00,52.27000045776367,54.09000015258789,52.15999984741211,53.20000076293945,52.702659606933594,940600,0.0,0.0
2011-05-17 00:00:00-04:00,53.0,54.290000915527344,52.560001373291016,53.52000045776367,53.0196647644043,758000,0.0,0.0
2011-05-18 00:00:00-04:00,53.849998474121094,55.7400016784668,53.22999954223633,55.63999938964844,55.119850158691406,650900,0.0,0.0
2011-05-19 00:00:00-04:00,55.849998474121094,56.459999084472656,54.65999984741211,54.84000015258789,54.327327728271484,996400,0.0,0.0
2011-05-20 00:00:00-04:00,54.790000915527344,57.40999984741211,54.790000915527344,56.90999984741211,56.37797164916992,863500,0.0,0.0
2011-05-23 00:00:00-04:00,56.34000015258789,56.34000015258789,54.880001068115234,55.400001525878906,54.88209533691406,816900,0.0,0.0
2011-05-24 00:00:00-04:00,55.65999984741211,57.66999816894531,55.43000030517578,57.029998779296875,56.49685287475586,921700,0.0,0.0
2011-05-25 00:00:00-04:00,56.88999938964844,58.599998474121094,56.560001373291016,58.29999923706055,57.75498580932617,812600,0.0,0.0
2011-05-26 00:00:00-04:00,58.25,59.27000045776367,57.630001068115234,58.650001525878906,58.101715087890625,632400,0.0,0.0
2011-05-27 00:00:00-04:00,59.0,59.099998474121094,58.0,58.27000045776367,57.72526168823242,611000,0.0,0.0
2011-05-31 00:00:00-04:00,59.06999969482422,60.380001068115234,58.4900016784668,60.02000045776367,59.45890426635742,2231000,0.0,0.0
2011-06-01 00:00:00-04:00,59.83000183105469,59.9900016784668,57.720001220703125,57.95000076293945,57.40825653076172,610000,0.0,0.0
2011-06-02 00:00:00-04:00,59.27000045776367,60.0,57.95000076293945,59.060001373291016,58.50788116455078,528700,0.0,0.0
2011-06-03 00:00:00-04:00,57.970001220703125,58.77000045776367,57.349998474121094,58.040000915527344,57.497413635253906,437100,0.0,0.0
2011-06-06 00:00:00-04:00,57.88999938964844,58.36000061035156,56.20000076293945,56.349998474121094,55.823211669921875,443000,0.0,0.0
2011-06-07 00:00:00-04:00,57.34000015258789,59.040000915527344,56.91999816894531,58.310001373291016,57.764892578125,492500,0.0,0.0
2011-06-08 00:00:00-04:00,57.97999954223633,58.29999923706055,56.54999923706055,56.7599983215332,56.22937774658203,447200,0.0,0.0
2011-06-09 00:00:00-04:00,57.02000045776367,57.02000045776367,55.18000030517578,55.77000045776367,55.24863052368164,1242900,0.0,0.0
2011-06-10 00:00:00-04:00,55.66999816894531,56.279998779296875,53.5099983215332,54.58000183105469,54.069759368896484,1445800,0.0,0.0
2011-06-13 00:00:00-04:00,54.70000076293945,55.220001220703125,53.08000183105469,53.93000030517578,53.42583465576172,612200,0.0,0.0
2011-06-14 00:00:00-04:00,54.36000061035156,56.310001373291016,53.130001068115234,55.029998779296875,54.51554870605469,935500,0.0,0.0
2011-06-15 00:00:00-04:00,57.5,61.04999923706055,57.5,57.81999969482422,57.27946472167969,1950700,0.0,0.0
2011-06-16 00:00:00-04:00,57.77000045776367,58.2400016784668,55.56999969482422,56.720001220703125,56.18975067138672,1057000,0.0,0.0
2011-06-17 00:00:00-04:00,59.06999969482422,59.91999816894531,53.689998626708984,54.02000045776367,53.5150032043457,1900600,0.0,0.0
2011-06-20 00:00:00-04:00,54.02000045776367,54.31999969482422,52.5,53.209999084472656,52.71256637573242,1683100,0.0,0.0
2011-06-21 00:00:00-04:00,53.599998474121094,54.220001220703125,52.7400016784668,53.0,52.50453567504883,1311100,0.0,0.0
2011-06-22 00:00:00-04:00,53.0,53.880001068115234,52.70000076293945,52.81999969482422,52.326210021972656,520600,0.0,0.0
2011-06-23 00:00:00-04:00,52.630001068115234,53.4900016784668,51.380001068115234,53.25,52.752197265625,672000,0.0,0.0
2011-06-24 00:00:00-04:00,53.279998779296875,53.56999969482422,51.720001220703125,52.88999938964844,52.39556121826172,1238300,0.0,0.0
2011-06-27 00:00:00-04:00,52.70000076293945,53.68000030517578,52.5,53.060001373291016,52.56397247314453,435300,0.0,0.0
2011-06-28 00:00:00-04:00,53.04999923706055,55.459999084472656,52.75,55.099998474121094,54.58489227294922,601100,0.0,0.0
2011-06-29 00:00:00-04:00,55.099998474121094,56.459999084472656,54.720001220703125,55.630001068115234,55.10993957519531,628000,0.0,0.0
2011-06-30 00:00:00-04:00,55.40999984741211,56.7400016784668,55.380001068115234,56.709999084472656,56.179847717285156,796800,0.0,0.0
2011-07-01 00:00:00-04:00,56.459999084472656,57.84000015258789,55.72999954223633,57.75,57.21012496948242,633500,0.0,0.0
2011-07-05 00:00:00-04:00,57.709999084472656,59.86000061035156,57.0099983215332,59.75,59.19142532348633,729900,0.0,0.0
2011-07-06 00:00:00-04:00,59.5099983215332,60.84000015258789,59.220001220703125,59.58000183105469,59.02301788330078,880900,0.0,0.0
2011-07-07 00:00:00-04:00,60.0,61.279998779296875,59.59000015258789,60.709999084472656,60.142452239990234,551000,0.0,0.0
2011-07-08 00:00:00-04:00,59.939998626708984,60.790000915527344,59.02000045776367,59.63999938964844,59.08244705200195,512400,0.0,0.0
2011-07-11 00:00:00-04:00,59.04999923706055,59.16999816894531,57.150001525878906,57.560001373291016,57.02190399169922,525600,0.0,0.0
2011-07-12 00:00:00-04:00,57.54999923706055,57.970001220703125,56.5,57.150001525878906,56.61573791503906,592100,0.0,0.0
2011-07-13 00:00:00-04:00,57.22999954223633,57.95000076293945,56.59000015258789,56.59000015258789,56.06096649169922,585000,0.0,0.0
2011-07-14 00:00:00-04:00,57.06999969482422,57.86000061035156,55.81999969482422,56.13999938964844,55.615169525146484,537200,0.0,0.0
2011-07-15 00:00:00-04:00,56.25,56.66999816894531,55.4900016784668,55.59000015258789,55.070316314697266,561600,0.0,0.0
2011-07-18 00:00:00-04:00,55.52000045776367,55.91999816894531,54.86000061035156,55.79999923706055,55.27835464477539,555900,0.0,0.0
2011-07-19 00:00:00-04:00,56.060001373291016,59.25,56.060001373291016,59.15999984741211,58.606937408447266,1135100,0.0,0.0
2011-07-20 00:00:00-04:00,59.220001220703125,59.22999954223633,57.40999984741211,58.40999984741211,57.863956451416016,435200,0.0,0.0
2011-07-21 00:00:00-04:00,58.86000061035156,59.58000183105469,56.029998779296875,57.41999816894531,56.88320541381836,952000,0.0,0.0
2011-07-22 00:00:00-04:00,57.45000076293945,57.84000015258789,56.939998626708984,57.470001220703125,56.9327392578125,393200,0.0,0.0
2011-07-25 00:00:00-04:00,56.939998626708984,56.939998626708984,55.58000183105469,55.650001525878906,55.1297607421875,623200,0.0,0.0
2011-07-26 00:00:00-04:00,55.7599983215332,56.0,53.439998626708984,53.52000045776367,53.0196647644043,832300,0.0,0.0
2011-07-27 00:00:00-04:00,53.83000183105469,54.040000915527344,52.31999969482422,52.650001525878906,52.15780258178711,1110800,0.0,0.0
2011-07-28 00:00:00-04:00,54.20000076293945,56.630001068115234,52.4900016784668,52.630001068115234,52.13798522949219,1147500,0.0,0.0
2011-07-29 00:00:00-04:00,52.189998626708984,53.810001373291016,51.5099983215332,53.060001373291016,52.56397247314453,937400,0.0,0.0
2011-08-01 00:00:00-04:00,54.0,54.18000030517578,52.0,52.65999984741211,52.16770935058594,896100,0.0,0.0
2011-08-02 00:00:00-04:00,52.34000015258789,53.38999938964844,51.22999954223633,52.29999923706055,51.811073303222656,1019600,0.0,0.0
2011-08-03 00:00:00-04:00,52.38999938964844,52.77000045776367,47.84000015258789,51.959999084472656,51.4742546081543,976600,0.0,0.0
2011-08-04 00:00:00-04:00,50.77000045776367,50.790000915527344,47.349998474121094,47.720001220703125,47.27389144897461,1979000,0.0,0.0
2011-08-05 00:00:00-04:00,48.279998779296875,48.959999084472656,44.40999984741211,46.810001373291016,46.37239456176758,994100,0.0,0.0
2011-08-08 00:00:00-04:00,45.349998474121094,47.060001373291016,42.83000183105469,44.959999084472656,44.53968811035156,1878200,0.0,0.0
2011-08-09 00:00:00-04:00,45.619998931884766,48.349998474121094,44.060001373291016,48.2400016784668,47.78902816772461,1303000,0.0,0.0
2011-08-10 00:00:00-04:00,47.9900016784668,48.95000076293945,45.369998931884766,47.099998474121094,46.659690856933594,1171000,0.0,0.0
2011-08-11 00:00:00-04:00,48.13999938964844,50.9900016784668,47.11000061035156,50.119998931884766,49.651451110839844,1163900,0.0,0.0
2011-08-12 00:00:00-04:00,51.0,56.7400016784668,50.209999084472656,54.18000030517578,53.673500061035156,1556300,0.0,0.0
2011-08-15 00:00:00-04:00,54.7400016784668,58.470001220703125,54.7400016784668,58.16999816894531,57.626197814941406,1079400,0.0,0.0
2011-08-16 00:00:00-04:00,57.58000183105469,57.9900016784668,56.0,57.41999816894531,56.88320541381836,1205300,0.0,0.0
2011-08-17 00:00:00-04:00,56.2599983215332,57.40999984741211,54.5099983215332,55.91999816894531,55.39722442626953,2967400,0.0,0.0
2011-08-18 00:00:00-04:00,54.060001373291016,54.43000030517578,52.040000915527344,53.20000076293945,52.702659606933594,1353700,0.0,0.0
2011-08-19 00:00:00-04:00,52.290000915527344,55.08000183105469,51.900001525878906,54.369998931884766,53.861724853515625,1597900,0.0,0.0
2011-08-22 00:00:00-04:00,55.15999984741211,55.77000045776367,52.91999816894531,53.40999984741211,52.910701751708984,1125300,0.0,0.0
2011-08-23 00:00:00-04:00,53.779998779296875,57.52000045776367,53.06999969482422,57.5,56.96246337890625,1158000,0.0,0.0
2011-08-24 00:00:00-04:00,57.4900016784668,57.4900016784668,55.33000183105469,56.79999923706055,56.26900100708008,756100,0.0,0.0
2011-08-25 00:00:00-04:00,57.0,57.90999984741211,55.630001068115234,56.290000915527344,55.763771057128906,734600,0.0,0.0
2011-08-26 00:00:00-04:00,53.59000015258789,56.15999984741211,52.22999954223633,55.810001373291016,55.28826141357422,1413500,0.0,0.0
2011-08-29 00:00:00-04:00,56.369998931884766,58.810001373291016,56.150001525878906,58.619998931884766,58.07198715209961,971900,0.0,0.0
2011-08-30 00:00:00-04:00,57.95000076293945,59.560001373291016,57.560001373291016,59.459999084472656,58.904136657714844,1150200,0.0,0.0
2011-08-31 00:00:00-04:00,59.5,63.45000076293945,58.470001220703125,59.029998779296875,58.47815704345703,1767700,0.0,0.0
2011-09-01 00:00:00-04:00,59.439998626708984,60.13999938964844,58.25,59.459999084472656,58.904136657714844,750900,0.0,0.0
2011-09-02 00:00:00-04:00,58.38999938964844,68.5999984741211,58.380001068115234,64.77999877929688,64.17440795898438,4892700,0.0,0.0
2011-09-06 00:00:00-04:00,63.0099983215332,68.95999908447266,62.54999923706055,68.55000305175781,67.90917205810547,2054600,0.0,0.0
2011-09-07 00:00:00-04:00,68.25,71.5,67.0199966430664,71.2699966430664,70.60372924804688,2038200,0.0,0.0
2011-09-08 00:00:00-04:00,70.6500015258789,74.83999633789062,70.3499984741211,72.19000244140625,71.51512908935547,2065200,0.0,0.0
2011-09-09 00:00:00-04:00,68.66999816894531,69.5,64.06999969482422,65.62000274658203,65.00654602050781,2172000,0.0,0.0
2011-09-12 00:00:00-04:00,63.400001525878906,66.66000366210938,63.029998779296875,65.55000305175781,64.93721008300781,1273600,0.0,0.0
2011-09-13 00:00:00-04:00,65.87999725341797,66.98999786376953,64.2699966430664,65.63999938964844,65.0263671875,1421800,0.0,0.0
2011-09-14 00:00:00-04:00,66.44000244140625,66.44000244140625,63.25,63.5099983215332,62.9162712097168,1269800,0.0,0.0
2011-09-15 00:00:00-04:00,64.26000213623047,64.26000213623047,61.0,62.029998779296875,61.450111389160156,1681600,0.0,0.0
2011-09-16 00:00:00-04:00,62.4900016784668,62.959999084472656,59.970001220703125,60.20000076293945,59.6372184753418,1360800,0.0,0.0
2011-09-19 00:00:00-04:00,60.0,65.62999725341797,59.68000030517578,64.91999816894531,64.3130874633789,1895400,0.0,0.0
2011-09-20 00:00:00-04:00,64.27999877929688,65.02999877929688,62.7599983215332,64.3499984741211,63.74842071533203,1146100,0.0,0.0
2011-09-21 00:00:00-04:00,65.20999908447266,79.9000015258789,63.79999923706055,70.27999877929688,69.62299346923828,4927700,0.0,0.0
2011-09-22 00:00:00-04:00,67.7699966430664,70.0,65.87000274658203,66.43000030517578,65.80897521972656,2219900,0.0,0.0
2011-09-23 00:00:00-04:00,66.0199966430664,66.58000183105469,65.27999877929688,66.19000244140625,65.57122802734375,598500,0.0,0.0
2011-09-26 00:00:00-04:00,66.97000122070312,67.77999877929688,63.130001068115234,64.26000213623047,63.65926742553711,928800,0.0,0.0
2011-09-27 00:00:00-04:00,65.48999786376953,65.61000061035156,63.0099983215332,63.09000015258789,62.50019836425781,641500,0.0,0.0
2011-09-28 00:00:00-04:00,63.95000076293945,64.48999786376953,61.02000045776367,61.09000015258789,60.518898010253906,784200,0.0,0.0
2011-09-29 00:00:00-04:00,62.310001373291016,62.599998474121094,57.75,59.939998626708984,59.37965393066406,647000,0.0,0.0
2011-09-30 00:00:00-04:00,58.720001220703125,59.720001220703125,57.43000030517578,58.20000076293945,57.655914306640625,897600,0.0,0.0
2011-10-03 00:00:00-04:00,57.369998931884766,58.900001525878906,55.36000061035156,55.43000030517578,54.91181182861328,930500,0.0,0.0
2011-10-04 00:00:00-04:00,55.0,57.650001525878906,54.029998779296875,57.54999923706055,57.01199722290039,1289500,0.0,0.0
2011-10-05 00:00:00-04:00,56.790000915527344,59.97999954223633,55.540000915527344,59.18000030517578,58.62675857543945,2832900,0.0,0.0
2011-10-06 00:00:00-04:00,59.119998931884766,64.83000183105469,58.400001525878906,64.7300033569336,64.1248779296875,1244500,0.0,0.0
2011-10-07 00:00:00-04:00,64.70999908447266,64.88999938964844,62.650001525878906,63.02000045776367,62.43085861206055,757300,0.0,0.0
2011-10-10 00:00:00-04:00,63.869998931884766,66.47000122070312,63.09000015258789,66.0,65.38300323486328,819500,0.0,0.0
2011-10-11 00:00:00-04:00,65.69999694824219,66.38999938964844,64.12999725341797,64.3499984741211,63.74842071533203,459900,0.0,0.0
2011-10-12 00:00:00-04:00,65.18000030517578,65.4800033569336,62.400001525878906,63.0,62.411041259765625,805100,0.0,0.0
2011-10-13 00:00:00-04:00,63.72999954223633,65.9800033569336,63.060001373291016,65.0999984741211,64.49140930175781,862900,0.0,0.0
2011-10-14 00:00:00-04:00,65.0,65.44999694824219,63.27000045776367,63.95000076293945,63.3521614074707,494200,0.0,0.0
2011-10-17 00:00:00-04:00,64.0,64.66000366210938,62.83000183105469,64.62999725341797,64.02580261230469,961400,0.0,0.0
2011-10-18 00:00:00-04:00,60.15999984741211,62.0,59.27000045776367,60.4900016784668,59.92451095581055,4916700,0.0,0.0
2011-10-19 00:00:00-04:00,60.5,61.849998474121094,59.380001068115234,60.099998474121094,59.53815460205078,1677400,0.0,0.0
2011-10-20 00:00:00-04:00,60.13999938964844,61.31999969482422,59.70000076293945,60.81999969482422,60.251426696777344,1064100,0.0,0.0
2011-10-21 00:00:00-04:00,61.52000045776367,62.810001373291016,60.220001220703125,62.16999816894531,61.58880615234375,1782800,0.0,0.0
2011-10-24 00:00:00-04:00,63.220001220703125,63.68000030517578,60.619998931884766,60.72999954223633,60.162261962890625,1208800,0.0,0.0
2011-10-25 00:00:00-04:00,60.65999984741211,60.720001220703125,56.060001373291016,57.09000015258789,56.55629348754883,1341700,0.0,0.0
2011-10-26 00:00:00-04:00,60.59000015258789,60.59000015258789,56.45000076293945,57.66999816894531,57.13086700439453,975900,0.0,0.0
2011-10-27 00:00:00-04:00,59.4900016784668,60.4900016784668,54.65999984741211,56.43000030517578,55.9024658203125,1531500,0.0,0.0
2011-10-28 00:00:00-04:00,56.38999938964844,56.599998474121094,54.7599983215332,55.65999984741211,55.13966369628906,789900,0.0,0.0
2011-10-31 00:00:00-04:00,54.54999923706055,55.81999969482422,54.54999923706055,55.29999923706055,54.783023834228516,638400,0.0,0.0
2011-11-01 00:00:00-04:00,54.279998779296875,55.97999954223633,52.88999938964844,54.959999084472656,54.446205139160156,921300,0.0,0.0
2011-11-02 00:00:00-04:00,55.95000076293945,56.36000061035156,53.2599983215332,55.709999084472656,55.18918991088867,838200,0.0,0.0
2011-11-03 00:00:00-04:00,55.72999954223633,56.099998474121094,53.70000076293945,54.880001068115234,54.36695098876953,473200,0.0,0.0
2011-11-04 00:00:00-04:00,54.61000061035156,57.63999938964844,54.34000015258789,56.41999816894531,55.89255905151367,1062800,0.0,0.0
2011-11-07 00:00:00-05:00,56.209999084472656,56.5,53.70000076293945,54.59000015258789,54.07966613769531,442800,0.0,0.0
2011-11-08 00:00:00-05:00,54.86000061035156,55.15999984741211,53.75,54.83000183105469,54.31741714477539,425200,0.0,0.0
2011-11-09 00:00:00-05:00,54.029998779296875,55.790000915527344,53.810001373291016,54.060001373291016,53.55461883544922,432100,0.0,0.0
2011-11-10 00:00:00-05:00,54.45000076293945,54.68000030517578,52.66999816894531,53.459999084472656,52.960227966308594,1203700,0.0,0.0
2011-11-11 00:00:00-05:00,54.38999938964844,54.5,52.849998474121094,52.93000030517578,52.4351806640625,705700,0.0,0.0
2011-11-14 00:00:00-05:00,53.22999954223633,55.060001373291016,53.18000030517578,53.9900016784668,53.48527145385742,588700,0.0,0.0
2011-11-15 00:00:00-05:00,54.02000045776367,54.20000076293945,52.34000015258789,52.939998626708984,52.44508743286133,573800,0.0,0.0
2011-11-16 00:00:00-05:00,52.81999969482422,52.849998474121094,50.529998779296875,50.7400016784668,50.265655517578125,945500,0.0,0.0
2011-11-17 00:00:00-05:00,50.45000076293945,52.2599983215332,50.45000076293945,51.130001068115234,50.65201187133789,815600,0.0,0.0
2011-11-18 00:00:00-05:00,51.5,52.2400016784668,49.58000183105469,49.810001373291016,49.34435272216797,1603300,0.0,0.0
2011-11-21 00:00:00-05:00,52.619998931884766,57.0,51.09000015258789,55.0,54.48583221435547,4301200,0.0,0.0
2011-11-22 00:00:00-05:00,55.0,56.86000061035156,54.66999816894531,56.72999954223633,56.19965362548828,1287600,0.0,0.0
2011-11-23 00:00:00-05:00,56.13999938964844,56.63999938964844,54.869998931884766,55.09000015258789,54.574989318847656,859800,0.0,0.0
2011-11-25 00:00:00-05:00,55.0,56.150001525878906,53.5,53.779998779296875,53.2772331237793,331100,0.0,0.0
2011-11-28 00:00:00-05:00,55.0,57.54999923706055,54.439998626708984,57.36000061035156,56.82377624511719,968500,0.0,0.0
2011-11-29 00:00:00-05:00,57.31999969482422,58.529998779296875,55.58000183105469,55.790000915527344,55.26844787597656,963100,0.0,0.0
2011-11-30 00:00:00-05:00,56.65999984741211,59.709999084472656,56.65999984741211,59.41999816894531,58.86450958251953,981500,0.0,0.0
2011-12-01 00:00:00-05:00,59.099998474121094,60.2599983215332,58.689998626708984,60.209999084472656,59.647125244140625,761700,0.0,0.0
2011-12-02 00:00:00-05:00,60.349998474121094,60.380001068115234,58.20000076293945,58.279998779296875,57.735164642333984,666100,0.0,0.0
2011-12-05 00:00:00-05:00,54.0,56.060001373291016,53.310001373291016,55.060001373291016,54.54527282714844,2057100,0.0,0.0
2011-12-06 00:00:00-05:00,55.650001525878906,55.650001525878906,54.02000045776367,54.439998626708984,53.93106460571289,1249800,0.0,0.0
2011-12-07 00:00:00-05:00,54.060001373291016,54.13999938964844,51.849998474121094,53.189998626708984,52.6927490234375,1340500,0.0,0.0
2011-12-08 00:00:00-05:00,52.79999923706055,53.720001220703125,50.880001068115234,51.38999938964844,50.90958023071289,1140700,0.0,0.0
2011-12-09 00:00:00-05:00,51.709999084472656,54.060001373291016,51.470001220703125,53.380001068115234,52.880977630615234,994100,0.0,0.0
2011-12-12 00:00:00-05:00,52.81999969482422,53.290000915527344,51.95000076293945,53.040000915527344,52.544151306152344,979000,0.0,0.0
2011-12-13 00:00:00-05:00,53.27000045776367,53.779998779296875,51.099998474121094,51.630001068115234,51.1473388671875,1004400,0.0,0.0
2011-12-14 00:00:00-05:00,51.34000015258789,52.09000015258789,50.27000045776367,51.77000045776367,51.28602600097656,836000,0.0,0.0
2011-12-15 00:00:00-05:00,52.04999923706055,52.83000183105469,51.33000183105469,51.95000076293945,51.46434783935547,761900,0.0,0.0
2011-12-16 00:00:00-05:00,51.77000045776367,53.720001220703125,50.33000183105469,53.0,52.50453567504883,13646100,0.0,0.0
2011-12-19 00:00:00-05:00,53.09000015258789,53.91999816894531,52.45000076293945,53.20000076293945,52.702659606933594,1329000,0.0,0.0
2011-12-20 00:00:00-05:00,53.810001373291016,56.040000915527344,53.77000045776367,55.029998779296875,54.51554870605469,1393400,0.0,0.0
2011-12-21 00:00:00-05:00,55.0099983215332,55.38999938964844,53.0,54.41999816894531,53.91124725341797,975900,0.0,0.0
2011-12-22 00:00:00-05:00,54.4900016784668,54.7400016784668,53.88999938964844,53.959999084472656,53.4555549621582,427300,0.0,0.0
2011-12-23 00:00:00-05:00,54.220001220703125,55.9900016784668,54.0,55.56999969482422,55.05050277709961,683900,0.0,0.0
2011-12-27 00:00:00-05:00,55.349998474121094,56.09000015258789,55.310001373291016,55.790000915527344,55.26844787597656,446200,0.0,0.0
2011-12-28 00:00:00-05:00,55.54999923706055,55.9900016784668,55.119998931884766,55.349998474121094,54.832557678222656,458100,0.0,0.0
2011-12-29 00:00:00-05:00,55.15999984741211,56.43000030517578,55.119998931884766,56.29999923706055,55.773677825927734,583300,0.0,0.0
2011-12-30 00:00:00-05:00,56.29999923706055,56.56999969482422,55.41999816894531,55.43000030517578,54.91181182861328,499000,0.0,0.0
2012-01-03 00:00:00-05:00,56.5099983215332,57.970001220703125,56.2400016784668,56.43000030517578,55.9024658203125,773900,0.0,0.0
2012-01-04 00:00:00-05:00,56.470001220703125,57.9900016784668,56.0099983215332,57.83000183105469,57.28937911987305,1864000,0.0,0.0
2012-01-05 00:00:00-05:00,57.72999954223633,62.20000076293945,57.70000076293945,60.939998626708984,60.37029266357422,2301200,0.0,0.0
2012-01-06 00:00:00-05:00,61.91999816894531,66.0,61.7400016784668,65.79000091552734,65.1749496459961,2495800,0.0,0.0
2012-01-09 00:00:00-05:00,66.01000213623047,68.41999816894531,65.22000122070312,65.4800033569336,64.86787414550781,1349800,0.0,0.0
2012-01-10 00:00:00-05:00,74.3499984741211,75.83000183105469,72.0,74.44000244140625,73.74410247802734,4556700,0.0,0.0
2012-01-11 00:00:00-05:00,74.0999984741211,77.44000244140625,73.69000244140625,77.36000061035156,76.63681030273438,2613800,0.0,0.0
2012-01-12 00:00:00-05:00,77.01000213623047,79.97000122070312,77.0,78.26000213623047,77.52837371826172,2335500,0.0,0.0
2012-01-13 00:00:00-05:00,78.33999633789062,79.88999938964844,77.77999877929688,78.91999816894531,78.18221282958984,1818000,0.0,0.0
2012-01-17 00:00:00-05:00,77.7699966430664,78.80999755859375,77.41999816894531,77.98999786376953,77.26091766357422,1745200,0.0,0.0
2012-01-18 00:00:00-05:00,77.9800033569336,79.29000091552734,76.69000244140625,78.91999816894531,78.18221282958984,1124000,0.0,0.0
2012-01-19 00:00:00-05:00,78.52999877929688,80.77999877929688,78.27999877929688,79.76000213623047,79.01435852050781,1068000,0.0,0.0
2012-01-20 00:00:00-05:00,79.73999786376953,79.80999755859375,77.44000244140625,78.33000183105469,77.59773254394531,659600,0.0,0.0
2012-01-23 00:00:00-05:00,78.66999816894531,79.9800033569336,78.02999877929688,78.55000305175781,77.815673828125,590800,0.0,0.0
2012-01-24 00:00:00-05:00,78.37999725341797,80.33000183105469,78.05999755859375,79.41000366210938,78.66764831542969,452000,0.0,0.0
2012-01-25 00:00:00-05:00,80.37000274658203,83.13999938964844,79.4000015258789,82.9000015258789,82.12501525878906,863600,0.0,0.0
2012-01-26 00:00:00-05:00,82.95999908447266,83.4000015258789,81.69999694824219,81.8499984741211,81.08482360839844,741100,0.0,0.0
2012-01-27 00:00:00-05:00,81.55000305175781,86.1500015258789,81.55000305175781,85.54000091552734,84.7403335571289,1136000,0.0,0.0
2012-01-30 00:00:00-05:00,86.75,89.08000183105469,85.0,88.87999725341797,88.04910278320312,1481700,0.0,0.0
2012-01-31 00:00:00-05:00,89.41999816894531,91.75,88.37999725341797,90.86000061035156,90.0105972290039,1250900,0.0,0.0
2012-02-01 00:00:00-05:00,90.45999908447266,93.0999984741211,89.91999816894531,92.43000030517578,91.56592559814453,1254600,0.0,0.0
2012-02-02 00:00:00-05:00,92.94000244140625,95.20999908447266,92.06999969482422,95.01000213623047,94.12181091308594,1058000,0.0,0.0
2012-02-03 00:00:00-05:00,95.54000091552734,97.55999755859375,95.0,96.86000061035156,95.95450592041016,1044700,0.0,0.0
2012-02-06 00:00:00-05:00,94.77999877929688,101.72000122070312,94.7300033569336,101.13999938964844,100.19448852539062,1706600,0.0,0.0
2012-02-07 00:00:00-05:00,101.41000366210938,101.93000030517578,99.0999984741211,100.33999633789062,99.40196990966797,1506400,0.0,0.0
2012-02-08 00:00:00-05:00,100.7300033569336,102.86000061035156,98.58999633789062,102.69999694824219,101.73990631103516,1405500,0.0,0.0
2012-02-09 00:00:00-05:00,102.51000213623047,105.41999816894531,101.41000366210938,103.5999984741211,102.6314926147461,1526200,0.0,0.0
2012-02-10 00:00:00-05:00,103.0,103.83999633789062,101.29000091552734,102.08000183105469,101.1257095336914,809100,0.0,0.0
2012-02-13 00:00:00-05:00,112.54000091552734,116.93000030517578,109.7699966430664,114.6500015258789,113.57819366455078,4161600,0.0,0.0
2012-02-14 00:00:00-05:00,113.25,114.43000030517578,107.58999633789062,110.0999984741211,109.07072448730469,2461500,0.0,0.0
2012-02-15 00:00:00-05:00,109.55999755859375,111.5,107.08000183105469,108.63999938964844,107.62437438964844,1348000,0.0,0.0
2012-02-16 00:00:00-05:00,107.7699966430664,108.5,105.7300033569336,105.83000183105469,104.84063720703125,1440200,0.0,0.0
2012-02-17 00:00:00-05:00,105.77999877929688,105.91999816894531,102.08000183105469,103.27999877929688,102.3144760131836,1634300,0.0,0.0
2012-02-21 00:00:00-05:00,102.72000122070312,103.2300033569336,97.4000015258789,99.26000213623047,98.33206939697266,2759000,0.0,0.0
2012-02-22 00:00:00-05:00,98.0,100.06999969482422,94.22000122070312,99.58999633789062,98.65897369384766,1944100,0.0,0.0
2012-02-23 00:00:00-05:00,99.4800033569336,104.55000305175781,99.22000122070312,103.31999969482422,102.35411071777344,1444500,0.0,0.0
2012-02-24 00:00:00-05:00,102.69000244140625,103.81999969482422,101.0999984741211,103.22000122070312,102.25504302978516,780000,0.0,0.0
2012-02-27 00:00:00-05:00,102.55999755859375,106.62999725341797,102.16000366210938,105.94000244140625,104.94961547851562,934800,0.0,0.0
2012-02-28 00:00:00-05:00,105.83999633789062,107.44999694824219,103.88999938964844,105.16999816894531,104.18680572509766,842700,0.0,0.0
2012-02-29 00:00:00-05:00,105.33999633789062,106.43000030517578,104.37000274658203,104.79000091552734,103.81037902832031,784800,0.0,0.0
2012-03-01 00:00:00-05:00,104.31999969482422,107.63999938964844,102.0199966430664,107.55999755859375,106.5544662475586,946700,0.0,0.0
2012-03-02 00:00:00-05:00,107.25,110.25,106.93000030517578,108.80000305175781,107.78288269042969,982800,0.0,0.0
2012-03-05 00:00:00-05:00,108.66000366210938,110.12999725341797,107.83000183105469,108.70999908447266,107.69371795654297,864900,0.0,0.0
2012-03-06 00:00:00-05:00,107.66000366210938,108.79000091552734,102.81999969482422,104.20999908447266,103.23578643798828,913100,0.0,0.0
2012-03-07 00:00:00-05:00,104.55999755859375,105.91000366210938,103.62999725341797,104.91000366210938,103.92923736572266,424000,0.0,0.0
2012-03-08 00:00:00-05:00,106.41000366210938,108.1500015258789,105.33000183105469,106.19999694824219,105.20718383789062,498200,0.0,0.0
2012-03-09 00:00:00-05:00,106.05000305175781,107.5,106.05000305175781,107.20999908447266,106.2077407836914,338300,0.0,0.0
2012-03-12 00:00:00-04:00,108.16999816894531,112.70999908447266,108.05999755859375,110.1500015258789,109.12025451660156,1108300,0.0,0.0
2012-03-13 00:00:00-04:00,110.55999755859375,112.06999969482422,109.48999786376953,112.06999969482422,111.0223159790039,660700,0.0,0.0
2012-03-14 00:00:00-04:00,111.62999725341797,113.0,110.23999786376953,110.7300033569336,109.69483947753906,613700,0.0,0.0
2012-03-15 00:00:00-04:00,111.19999694824219,115.98999786376953,110.01000213623047,115.75,114.66790771484375,855000,0.0,0.0
2012-03-16 00:00:00-04:00,115.31999969482422,118.12000274658203,114.54000091552734,115.33000183105469,114.2518310546875,1313500,0.0,0.0
2012-03-19 00:00:00-04:00,115.12999725341797,116.33999633789062,113.8499984741211,115.3499984741211,114.27164459228516,591100,0.0,0.0
2012-03-20 00:00:00-04:00,114.87000274658203,117.38999938964844,113.62000274658203,116.45999908447266,115.37127685546875,811200,0.0,0.0
2012-03-21 00:00:00-04:00,116.55000305175781,119.41000366210938,115.0,117.43000030517578,116.33219909667969,1121700,0.0,0.0
2012-03-22 00:00:00-04:00,117.45999908447266,118.51000213623047,115.69000244140625,118.0,116.8968734741211,688900,0.0,0.0
2012-03-23 00:00:00-04:00,118.5999984741211,119.3499984741211,116.30999755859375,119.18000030517578,118.06585693359375,551400,0.0,0.0
2012-03-26 00:00:00-04:00,119.26000213623047,121.38999938964844,118.02999877929688,119.95999908447266,118.83854675292969,1284400,0.0,0.0
2012-03-27 00:00:00-04:00,119.9000015258789,120.0999984741211,116.05000305175781,116.19000244140625,115.10379791259766,671600,0.0,0.0
2012-03-28 00:00:00-04:00,115.94999694824219,117.83999633789062,113.11000061035156,116.12999725341797,115.04434967041016,723000,0.0,0.0
2012-03-29 00:00:00-04:00,115.33000183105469,115.47000122070312,112.55000305175781,114.63999938964844,113.56828308105469,554100,0.0,0.0
2012-03-30 00:00:00-04:00,115.52999877929688,117.19999694824219,114.52999877929688,116.62000274658203,115.52978515625,766300,0.0,0.0
2012-04-02 00:00:00-04:00,117.45999908447266,121.55000305175781,116.0,120.19999694824219,119.07630920410156,1010100,0.0,0.0
2012-04-03 00:00:00-04:00,120.5,124.48999786376953,120.45999908447266,124.48999786376953,123.32620239257812,895600,0.0,0.0
2012-04-04 00:00:00-04:00,123.30000305175781,123.5,119.80000305175781,122.05000305175781,120.90902709960938,1332500,0.0,0.0
2012-04-05 00:00:00-04:00,122.16000366210938,123.87999725341797,120.91000366210938,123.44000244140625,122.28601837158203,683800,0.0,0.0
2012-04-09 00:00:00-04:00,122.12000274658203,122.41999816894531,119.6500015258789,121.12999725341797,119.99761199951172,465700,0.0,0.0
2012-04-10 00:00:00-04:00,120.93000030517578,122.69999694824219,115.91999816894531,117.0199966430664,115.92603302001953,759400,0.0,0.0
2012-04-11 00:00:00-04:00,118.47000122070312,121.5,117.7699966430664,121.41000366210938,120.2750015258789,870400,0.0,0.0
2012-04-12 00:00:00-04:00,123.20999908447266,124.0,121.48999786376953,123.0,121.85013580322266,760900,0.0,0.0
2012-04-13 00:00:00-04:00,122.79000091552734,123.95999908447266,121.5,122.5999984741211,121.4538803100586,497300,0.0,0.0
2012-04-16 00:00:00-04:00,123.36000061035156,124.5,119.51000213623047,122.54000091552734,121.39442443847656,579300,0.0,0.0
2012-04-17 00:00:00-04:00,123.25,125.0,122.94000244140625,123.44999694824219,122.2959213256836,627000,0.0,0.0
2012-04-18 00:00:00-04:00,123.20999908447266,124.7699966430664,122.43000030517578,124.08999633789062,122.92993927001953,497600,0.0,0.0
2012-04-19 00:00:00-04:00,124.31999969482422,127.80000305175781,124.31999969482422,125.98999786376953,124.81217956542969,743700,0.0,0.0
2012-04-20 00:00:00-04:00,126.0199966430664,128.0,125.29000091552734,126.37999725341797,125.19853973388672,447900,0.0,0.0
2012-04-23 00:00:00-04:00,125.05000305175781,126.31999969482422,122.16000366210938,126.30000305175781,125.11929321289062,723200,0.0,0.0
2012-04-24 00:00:00-04:00,125.55000305175781,125.55000305175781,122.27999877929688,122.54000091552734,121.39442443847656,783600,0.0,0.0
2012-04-25 00:00:00-04:00,123.58000183105469,127.80999755859375,123.05000305175781,127.11000061035156,125.92170715332031,950200,0.0,0.0
2012-04-26 00:00:00-04:00,143.05999755859375,145.0399932861328,138.0399932861328,138.60000610351562,137.3042755126953,3220300,0.0,0.0
2012-04-27 00:00:00-04:00,137.4199981689453,141.1199951171875,135.58999633789062,140.00999450683594,138.70111083984375,1057400,0.0,0.0
2012-04-30 00:00:00-04:00,140.1199951171875,141.41000366210938,135.1999969482422,135.25999450683594,133.99551391601562,1388300,0.0,0.0
2012-05-01 00:00:00-04:00,134.94000244140625,137.5399932861328,133.5800018310547,134.3800048828125,133.12376403808594,1288600,0.0,0.0
2012-05-02 00:00:00-04:00,134.0800018310547,138.72999572753906,134.0,137.30999755859375,136.0263671875,573900,0.0,0.0
2012-05-03 00:00:00-04:00,137.1999969482422,138.72999572753906,132.9499969482422,133.9199981689453,132.6680450439453,548700,0.0,0.0
2012-05-04 00:00:00-04:00,132.52999877929688,132.5500030517578,129.32000732421875,131.39999389648438,130.17160034179688,658000,0.0,0.0
2012-05-07 00:00:00-04:00,131.11000061035156,132.0,129.38999938964844,130.2899932861328,129.07199096679688,706800,0.0,0.0
2012-05-08 00:00:00-04:00,128.97000122070312,131.5,125.6500015258789,130.92999267578125,129.7060089111328,1405200,0.0,0.0
2012-05-09 00:00:00-04:00,127.63999938964844,130.69000244140625,126.45999908447266,129.39999389648438,128.19029235839844,849300,0.0,0.0
2012-05-10 00:00:00-04:00,130.47999572753906,132.02999877929688,129.5800018310547,131.13999938964844,129.91403198242188,592000,0.0,0.0
2012-05-11 00:00:00-04:00,130.47000122070312,135.0,130.47000122070312,134.08999633789062,132.8364715576172,796900,0.0,0.0
2012-05-14 00:00:00-04:00,132.92999267578125,134.10000610351562,129.86000061035156,131.61000061035156,130.37965393066406,513800,0.0,0.0
2012-05-15 00:00:00-04:00,132.19000244140625,133.1300048828125,130.6300048828125,131.10000610351562,129.87442016601562,762400,0.0,0.0
2012-05-16 00:00:00-04:00,131.6999969482422,132.99000549316406,129.97000122070312,131.1199951171875,129.89422607421875,798900,0.0,0.0
2012-05-17 00:00:00-04:00,131.60000610351562,132.94000244140625,125.5,125.73999786376953,124.56450653076172,1254800,0.0,0.0
2012-05-18 00:00:00-04:00,126.44000244140625,126.44000244140625,119.48999786376953,120.2300033569336,119.10603332519531,1302100,0.0,0.0
2012-05-21 00:00:00-04:00,120.38999938964844,126.5,120.08999633789062,126.16999816894531,124.99049377441406,1166900,0.0,0.0
2012-05-22 00:00:00-04:00,126.41999816894531,130.14999389648438,124.94000244140625,126.06999969482422,124.89143371582031,768900,0.0,0.0
2012-05-23 00:00:00-04:00,125.23999786376953,127.94000244140625,122.4800033569336,127.55000305175781,126.35759735107422,709000,0.0,0.0
2012-05-24 00:00:00-04:00,127.36000061035156,129.75,126.5199966430664,129.7100067138672,128.49740600585938,579600,0.0,0.0
2012-05-25 00:00:00-04:00,130.0,132.33999633789062,128.3300018310547,132.1699981689453,130.9344024658203,824300,0.0,0.0
2012-05-29 00:00:00-04:00,134.00999450683594,136.0,131.0500030517578,136.0,134.7285919189453,1407000,0.0,0.0
2012-05-30 00:00:00-04:00,134.86000061035156,137.5,132.64999389648438,135.75,134.48094177246094,1165500,0.0,0.0
2012-05-31 00:00:00-04:00,137.82000732421875,137.82000732421875,131.4600067138672,135.64999389648438,134.38186645507812,3753500,0.0,0.0
2012-06-01 00:00:00-04:00,133.22999572753906,133.22999572753906,122.56999969482422,123.93000030517578,122.77144622802734,1777400,0.0,0.0
2012-06-04 00:00:00-04:00,122.6500015258789,126.19999694824219,121.01000213623047,125.94000244140625,124.76265716552734,993600,0.0,0.0
2012-06-05 00:00:00-04:00,126.44000244140625,129.5,125.0999984741211,129.0500030517578,127.84355926513672,669000,0.0,0.0
2012-06-06 00:00:00-04:00,130.5,134.0,129.7100067138672,133.02000427246094,131.77647399902344,713300,0.0,0.0
2012-06-07 00:00:00-04:00,134.05999755859375,134.89999389648438,128.80999755859375,128.99000549316406,127.78414154052734,651900,0.0,0.0
2012-06-08 00:00:00-04:00,127.6500015258789,130.41000366210938,126.01000213623047,129.6199951171875,128.4082489013672,539000,0.0,0.0
2012-06-11 00:00:00-04:00,131.1999969482422,131.99000549316406,126.55000305175781,126.87999725341797,125.69384765625,638600,0.0,0.0
2012-06-12 00:00:00-04:00,127.55999755859375,128.66000366210938,124.77999877929688,127.8499984741211,126.65478515625,561500,0.0,0.0
2012-06-13 00:00:00-04:00,123.81999969482422,124.58999633789062,110.54000091552734,111.87999725341797,110.8340835571289,4471500,0.0,0.0
2012-06-14 00:00:00-04:00,112.5,112.80000305175781,108.66000366210938,110.88999938964844,109.85334014892578,1987000,0.0,0.0
2012-06-15 00:00:00-04:00,111.3499984741211,114.37999725341797,110.0,113.8499984741211,112.78567504882812,1347100,0.0,0.0
2012-06-18 00:00:00-04:00,113.1500015258789,117.47000122070312,113.11000061035156,116.93000030517578,115.83687591552734,1153300,0.0,0.0
2012-06-19 00:00:00-04:00,117.2300033569336,118.47000122070312,115.16000366210938,115.98999786376953,114.9056625366211,921100,0.0,0.0
2012-06-20 00:00:00-04:00,116.27999877929688,117.0,114.72000122070312,115.22000122070312,114.14286804199219,822700,0.0,0.0
2012-06-21 00:00:00-04:00,115.38999938964844,116.68000030517578,114.29000091552734,114.66000366210938,113.58810424804688,531500,0.0,0.0
2012-06-22 00:00:00-04:00,115.41000366210938,116.33999633789062,113.08000183105469,115.9000015258789,114.81651306152344,972000,0.0,0.0
2012-06-25 00:00:00-04:00,114.08000183105469,115.0,111.66999816894531,113.94999694824219,112.88472747802734,533000,0.0,0.0
2012-06-26 00:00:00-04:00,114.5999984741211,116.6500015258789,113.95999908447266,116.08999633789062,115.00473022460938,577700,0.0,0.0
2012-06-27 00:00:00-04:00,114.93000030517578,116.5199966430664,112.56999969482422,113.69999694824219,112.63707733154297,552700,0.0,0.0
2012-06-28 00:00:00-04:00,113.26000213623047,113.66000366210938,107.30999755859375,110.66000366210938,109.6255111694336,944300,0.0,0.0
2012-06-29 00:00:00-04:00,112.66000366210938,114.97000122070312,112.04000091552734,114.22000122070312,113.1522216796875,648100,0.0,0.0
2012-07-02 00:00:00-04:00,115.1500015258789,120.76000213623047,114.0199966430664,120.76000213623047,119.6310806274414,982200,0.0,0.0
2012-07-03 00:00:00-04:00,121.0,123.4800033569336,120.91000366210938,122.30000305175781,121.15668487548828,466400,0.0,0.0
2012-07-05 00:00:00-04:00,121.41000366210938,122.69999694824219,119.61000061035156,120.77999877929688,119.65088653564453,548800,0.0,0.0
2012-07-06 00:00:00-04:00,120.19999694824219,120.75,118.55000305175781,119.54000091552734,118.4224853515625,380800,0.0,0.0
2012-07-09 00:00:00-04:00,119.3499984741211,119.9000015258789,116.05000305175781,117.0,115.9062271118164,648300,0.0,0.0
2012-07-10 00:00:00-04:00,117.9800033569336,119.0,115.23999786376953,115.87999725341797,114.79669189453125,638500,0.0,0.0
2012-07-11 00:00:00-04:00,115.55999755859375,115.72000122070312,111.9000015258789,112.7699966430664,111.71575164794922,730600,0.0,0.0
2012-07-12 00:00:00-04:00,112.73999786376953,118.0,111.5,117.0199966430664,115.92603302001953,775700,0.0,0.0
2012-07-13 00:00:00-04:00,116.97000122070312,118.11000061035156,116.12999725341797,117.63999938964844,116.54025268554688,472900,0.0,0.0
2012-07-16 00:00:00-04:00,117.5199966430664,119.36000061035156,117.06999969482422,118.72000122070312,117.61014556884766,524900,0.0,0.0
2012-07-17 00:00:00-04:00,119.29000091552734,122.38999938964844,117.80000305175781,122.0199966430664,120.87928771972656,579600,0.0,0.0
2012-07-18 00:00:00-04:00,121.58000183105469,124.8499984741211,121.54000091552734,123.93000030517578,122.77144622802734,650700,0.0,0.0
2012-07-19 00:00:00-04:00,123.93000030517578,124.47000122070312,120.0,120.61000061035156,119.48246765136719,445200,0.0,0.0
2012-07-20 00:00:00-04:00,120.36000061035156,122.23999786376953,120.01000213623047,121.6500015258789,120.51275634765625,408800,0.0,0.0
2012-07-23 00:00:00-04:00,122.12000274658203,123.33999633789062,118.01000213623047,122.5,121.35480499267578,583800,0.0,0.0
2012-07-24 00:00:00-04:00,123.69000244140625,124.91000366210938,120.8499984741211,121.44000244140625,120.30472564697266,913700,0.0,0.0
2012-07-25 00:00:00-04:00,135.1300048828125,135.3800048828125,118.12999725341797,128.83999633789062,127.63550567626953,3648100,0.0,0.0
2012-07-26 00:00:00-04:00,130.2100067138672,136.42999267578125,130.0,135.63999938964844,134.3719482421875,1721600,0.0,0.0
2012-07-27 00:00:00-04:00,136.4199981689453,138.67999267578125,136.10000610351562,136.89999389648438,135.62017822265625,752800,0.0,0.0
2012-07-30 00:00:00-04:00,137.67999267578125,138.33999633789062,134.4199981689453,135.47000122070312,134.2035675048828,686400,0.0,0.0
2012-07-31 00:00:00-04:00,134.0,136.30999755859375,133.0,134.64999389648438,133.39122009277344,966000,0.0,0.0
2012-08-01 00:00:00-04:00,136.3000030517578,138.25,133.60000610351562,134.00999450683594,132.7572021484375,769400,0.0,0.0
2012-08-02 00:00:00-04:00,133.33999633789062,136.6999969482422,131.24000549316406,136.47000122070312,135.1942138671875,573000,0.0,0.0
2012-08-03 00:00:00-04:00,138.92999267578125,141.17999267578125,136.27000427246094,136.9600067138672,135.6796417236328,678900,0.0,0.0
2012-08-06 00:00:00-04:00,137.38999938964844,138.75999450683594,135.4199981689453,137.4499969482422,136.16505432128906,443700,0.0,0.0
2012-08-07 00:00:00-04:00,137.72999572753906,140.4499969482422,135.8800048828125,139.47999572753906,138.17604064941406,622900,0.0,0.0
2012-08-08 00:00:00-04:00,138.52000427246094,141.9600067138672,138.00999450683594,139.6300048828125,138.32467651367188,594800,0.0,0.0
2012-08-09 00:00:00-04:00,139.08999633789062,140.74000549316406,137.30999755859375,137.80999755859375,136.52169799804688,450900,0.0,0.0
2012-08-10 00:00:00-04:00,137.5399932861328,138.5800018310547,136.05999755859375,136.83999633789062,135.5607452392578,481600,0.0,0.0
2012-08-13 00:00:00-04:00,136.8800048828125,136.8800048828125,132.27999877929688,135.36000061035156,134.09458923339844,769000,0.0,0.0
2012-08-14 00:00:00-04:00,136.99000549316406,137.0,134.4499969482422,135.94000244140625,134.6691436767578,435700,0.0,0.0
2012-08-15 00:00:00-04:00,135.58999633789062,139.55999755859375,135.16000366210938,137.5800018310547,136.29383850097656,659900,0.0,0.0
2012-08-16 00:00:00-04:00,138.02000427246094,138.75999450683594,135.39999389648438,137.47999572753906,136.19476318359375,500500,0.0,0.0
2012-08-17 00:00:00-04:00,137.5,139.36000061035156,135.55999755859375,138.05999755859375,136.76934814453125,370800,0.0,0.0
2012-08-20 00:00:00-04:00,138.05999755859375,138.3699951171875,135.72999572753906,136.42999267578125,135.15457153320312,356000,0.0,0.0
2012-08-21 00:00:00-04:00,135.99000549316406,137.52999877929688,133.64999389648438,134.6199951171875,133.3614959716797,489400,0.0,0.0
2012-08-22 00:00:00-04:00,134.7100067138672,139.47999572753906,134.00999450683594,138.6999969482422,137.4033660888672,818200,0.0,0.0
2012-08-23 00:00:00-04:00,138.61000061035156,145.80999755859375,137.8800048828125,142.77999877929688,141.44520568847656,1355200,0.0,0.0
2012-08-24 00:00:00-04:00,142.41000366210938,146.25,142.41000366210938,145.08999633789062,143.73362731933594,627300,0.0,0.0
2012-08-27 00:00:00-04:00,144.3800048828125,146.3699951171875,143.33999633789062,145.49000549316406,144.1298828125,526800,0.0,0.0
2012-08-28 00:00:00-04:00,145.5399932861328,147.39999389648438,144.0,146.77000427246094,145.39793395996094,659800,0.0,0.0
2012-08-29 00:00:00-04:00,146.94000244140625,147.0,144.58999633789062,145.47999572753906,144.11997985839844,413800,0.0,0.0
2012-08-30 00:00:00-04:00,144.52999877929688,146.35000610351562,142.41000366210938,145.50999450683594,144.14968872070312,695300,0.0,0.0
2012-08-31 00:00:00-04:00,145.8000030517578,148.22999572753906,143.97000122070312,148.0500030517578,146.66595458984375,690500,0.0,0.0
2012-09-04 00:00:00-04:00,148.39999389648438,150.82000732421875,146.41000366210938,150.16000366210938,148.75624084472656,693900,0.0,0.0
2012-09-05 00:00:00-04:00,149.55999755859375,150.0,147.61000061035156,149.4600067138672,148.06277465820312,686200,0.0,0.0
2012-09-06 00:00:00-04:00,150.0,153.97999572753906,149.58999633789062,152.4499969482422,151.02481079101562,698600,0.0,0.0
2012-09-07 00:00:00-04:00,152.60000610351562,152.92999267578125,151.3000030517578,152.5500030517578,151.12387084960938,781000,0.0,0.0
2012-09-10 00:00:00-04:00,151.64999389648438,151.9199981689453,150.0500030517578,150.2899932861328,148.88499450683594,460500,0.0,0.0
2012-09-11 00:00:00-04:00,149.49000549316406,150.16000366210938,148.22999572753906,148.75999450683594,147.36932373046875,363100,0.0,0.0
2012-09-12 00:00:00-04:00,149.0,149.30999755859375,141.83999633789062,145.6300048828125,144.26856994628906,987700,0.0,0.0
2012-09-13 00:00:00-04:00,146.30999755859375,147.94000244140625,145.77000427246094,146.88999938964844,145.5167999267578,579200,0.0,0.0
2012-09-14 00:00:00-04:00,147.82000732421875,151.47999572753906,147.72000122070312,149.67999267578125,148.2807159423828,584000,0.0,0.0
2012-09-17 00:00:00-04:00,149.07000732421875,151.8300018310547,149.0,149.7100067138672,148.3104248046875,716900,0.0,0.0
2012-09-18 00:00:00-04:00,149.10000610351562,150.67999267578125,146.8699951171875,147.07000732421875,145.6951141357422,478400,0.0,0.0
2012-09-19 00:00:00-04:00,146.92999267578125,148.25,145.42999267578125,145.91000366210938,144.54595947265625,627200,0.0,0.0
2012-09-20 00:00:00-04:00,145.94000244140625,147.72999572753906,145.35000610351562,146.22000122070312,144.8530731201172,462000,0.0,0.0
2012-09-21 00:00:00-04:00,145.4499969482422,147.17999267578125,144.89999389648438,145.08999633789062,143.73362731933594,1385400,0.0,0.0
2012-09-24 00:00:00-04:00,145.25,145.74000549316406,142.1300048828125,144.16000366210938,142.8123321533203,644500,0.0,0.0
2012-09-25 00:00:00-04:00,144.7899932861328,148.6199951171875,144.7899932861328,146.0,144.63511657714844,717700,0.0,0.0
2012-09-26 00:00:00-04:00,145.58999633789062,146.3000030517578,142.1699981689453,142.97000122070312,141.63345336914062,786600,0.0,0.0
2012-09-27 00:00:00-04:00,143.22999572753906,151.8800048828125,143.1999969482422,151.1999969482422,149.78651428222656,996500,0.0,0.0
2012-09-28 00:00:00-04:00,150.66000366210938,153.38999938964844,149.82000732421875,152.66000366210938,151.2328643798828,827100,0.0,0.0
2012-10-01 00:00:00-04:00,153.11000061035156,155.72000122070312,152.27000427246094,154.4199981689453,152.97640991210938,959900,0.0,0.0
2012-10-02 00:00:00-04:00,154.0,157.05999755859375,153.02000427246094,157.02000427246094,155.55209350585938,429300,0.0,0.0
2012-10-03 00:00:00-04:00,156.89999389648438,158.50999450683594,154.7100067138672,158.07000732421875,156.59230041503906,428600,0.0,0.0
2012-10-04 00:00:00-04:00,158.85000610351562,164.07000732421875,157.97000122070312,161.3000030517578,159.79208374023438,1013400,0.0,0.0
2012-10-05 00:00:00-04:00,161.89999389648438,163.88999938964844,158.86000061035156,159.0,157.51358032226562,818800,0.0,0.0
2012-10-08 00:00:00-04:00,158.75999450683594,159.6199951171875,154.64999389648438,155.27999877929688,153.828369140625,448400,0.0,0.0
2012-10-09 00:00:00-04:00,154.9199981689453,155.35000610351562,151.36000061035156,152.47999572753906,151.0545196533203,455700,0.0,0.0
2012-10-10 00:00:00-04:00,152.02000427246094,153.75,150.00999450683594,152.77999877929688,151.3517303466797,485800,0.0,0.0
2012-10-11 00:00:00-04:00,154.2100067138672,155.6199951171875,152.33999633789062,153.6999969482422,152.2631378173828,784300,0.0,0.0
2012-10-12 00:00:00-04:00,152.8000030517578,154.5500030517578,150.1699981689453,150.72999572753906,149.3208770751953,311000,0.0,0.0
2012-10-15 00:00:00-04:00,151.6199951171875,155.07000732421875,150.69000244140625,154.49000549316406,153.04576110839844,693700,0.0,0.0
2012-10-16 00:00:00-04:00,155.17999267578125,158.16000366210938,155.0500030517578,157.91000366210938,156.43377685546875,464000,0.0,0.0
2012-10-17 00:00:00-04:00,158.9600067138672,166.38999938964844,158.30999755859375,164.22999572753906,162.6947021484375,1049000,0.0,0.0
2012-10-18 00:00:00-04:00,162.86000061035156,163.7100067138672,159.50999450683594,160.72000122070312,159.21751403808594,593700,0.0,0.0
2012-10-19 00:00:00-04:00,160.02999877929688,161.02999877929688,156.66000366210938,158.24000549316406,156.76071166992188,690700,0.0,0.0
2012-10-22 00:00:00-04:00,158.63999938964844,163.0800018310547,156.8300018310547,162.9499969482422,161.4266357421875,802400,0.0,0.0
2012-10-23 00:00:00-04:00,160.0,160.74000549316406,152.6300048828125,152.99000549316406,151.5597686767578,1123500,0.0,0.0
2012-10-24 00:00:00-04:00,158.4600067138672,163.1699981689453,152.4199981689453,162.69000244140625,161.16908264160156,1974200,0.0,0.0
2012-10-25 00:00:00-04:00,164.13999938964844,164.8800048828125,154.2100067138672,155.22999572753906,153.77883911132812,989700,0.0,0.0
2012-10-26 00:00:00-04:00,156.4199981689453,156.60000610351562,146.22000122070312,149.25,147.854736328125,927300,0.0,0.0
2012-10-31 00:00:00-04:00,149.52999877929688,149.6999969482422,141.57000732421875,142.3000030517578,140.9697265625,974800,0.0,0.0
2012-11-01 00:00:00-04:00,144.5,149.6999969482422,143.1999969482422,146.3699951171875,145.00164794921875,849400,0.0,0.0
2012-11-02 00:00:00-04:00,147.25999450683594,147.25999450683594,141.35000610351562,143.5,142.15846252441406,682900,0.0,0.0
2012-11-05 00:00:00-05:00,145.4199981689453,145.9600067138672,141.27999877929688,144.85000610351562,143.49588012695312,477500,0.0,0.0
2012-11-06 00:00:00-05:00,145.0,145.0,142.0500030517578,144.38999938964844,143.0401611328125,486400,0.0,0.0
2012-11-07 00:00:00-05:00,142.8300018310547,144.32000732421875,136.5,138.22999572753906,136.93777465820312,1043200,0.0,0.0
2012-11-08 00:00:00-05:00,138.27999877929688,141.32000732421875,137.6199951171875,137.66000366210938,136.37307739257812,637000,0.0,0.0
2012-11-09 00:00:00-05:00,136.8300018310547,142.97999572753906,136.1300048828125,140.74000549316406,139.42428588867188,493100,0.0,0.0
2012-11-12 00:00:00-05:00,142.6300048828125,146.22999572753906,142.24000549316406,144.89999389648438,143.54539489746094,508400,0.0,0.0
2012-11-13 00:00:00-05:00,145.0399932861328,148.97999572753906,144.2100067138672,148.0800018310547,146.6956787109375,544400,0.0,0.0
2012-11-14 00:00:00-05:00,149.75,149.9600067138672,146.0,147.5500030517578,146.17063903808594,696800,0.0,0.0
2012-11-15 00:00:00-05:00,146.85000610351562,147.55999755859375,141.2100067138672,142.47000122070312,141.1381378173828,939900,0.0,0.0
2012-11-16 00:00:00-05:00,143.00999450683594,160.0,141.00999450683594,157.69000244140625,156.21585083007812,1654200,0.0,0.0
2012-11-19 00:00:00-05:00,157.67999267578125,161.25,156.67999267578125,160.44000244140625,158.9401397705078,796100,0.0,0.0
2012-11-20 00:00:00-05:00,159.86000061035156,174.60000610351562,159.72999572753906,172.8699951171875,171.25392150878906,1909100,0.0,0.0
2012-11-21 00:00:00-05:00,172.0,176.14999389648438,171.5,174.5500030517578,172.91822814941406,893900,0.0,0.0
2012-11-23 00:00:00-05:00,175.0,176.5,173.5,176.0800018310547,174.4339141845703,300500,0.0,0.0
2012-11-26 00:00:00-05:00,174.8800048828125,175.91000366210938,170.72999572753906,174.38999938964844,172.75970458984375,816600,0.0,0.0
2012-11-27 00:00:00-05:00,173.3699951171875,176.57000732421875,172.0,174.6999969482422,173.0668182373047,887000,0.0,0.0
2012-11-28 00:00:00-05:00,173.30999755859375,175.22000122070312,171.10000610351562,174.91000366210938,173.27484130859375,425300,0.0,0.0
2012-11-29 00:00:00-05:00,175.99000549316406,188.9499969482422,175.4499969482422,187.74000549316406,185.9849090576172,1848100,0.0,0.0
2012-11-30 00:00:00-05:00,186.0,186.14999389648438,176.5500030517578,176.5500030517578,174.89950561523438,2335300,0.0,0.0
2012-12-03 00:00:00-05:00,180.14999389648438,182.0,176.07000732421875,180.6999969482422,179.01071166992188,910400,0.0,0.0
2012-12-04 00:00:00-05:00,180.3000030517578,181.2100067138672,177.7100067138672,180.6999969482422,179.01071166992188,627500,0.0,0.0
2012-12-05 00:00:00-05:00,181.0500030517578,186.1300048828125,178.0,185.1999969482422,183.4686737060547,903900,0.0,0.0
2012-12-06 00:00:00-05:00,185.91000366210938,188.9199981689453,180.63999938964844,181.8000030517578,180.10043334960938,801600,0.0,0.0
2012-12-07 00:00:00-05:00,179.47000122070312,182.11000061035156,178.0,180.8699951171875,179.1791229248047,627900,0.0,0.0
2012-12-10 00:00:00-05:00,181.0,185.0,180.35000610351562,184.69000244140625,182.96340942382812,470100,0.0,0.0
2012-12-11 00:00:00-05:00,185.0,186.61000061035156,184.10000610351562,184.60000610351562,182.874267578125,557800,0.0,0.0
2012-12-12 00:00:00-05:00,185.0,185.17999267578125,180.8000030517578,183.0399932861328,181.32884216308594,554000,0.0,0.0
2012-12-13 00:00:00-05:00,182.52999877929688,183.30999755859375,177.13999938964844,179.0399932861328,177.36624145507812,890400,0.0,0.0
2012-12-14 00:00:00-05:00,178.8699951171875,180.33999633789062,177.9199981689453,179.7100067138672,178.02999877929688,424700,0.0,0.0
2012-12-17 00:00:00-05:00,178.00999450683594,180.25,178.0,179.39999389648438,177.72286987304688,927300,0.0,0.0
2012-12-18 00:00:00-05:00,179.0,181.0500030517578,176.17999267578125,180.02000427246094,178.33709716796875,695000,0.0,0.0
2012-12-19 00:00:00-05:00,183.1300048828125,183.1300048828125,173.10000610351562,175.64999389648438,174.00791931152344,804400,0.0,0.0
2012-12-20 00:00:00-05:00,175.10000610351562,175.10000610351562,168.14999389648438,172.83999633789062,171.2241973876953,837600,0.0,0.0
2012-12-21 00:00:00-05:00,168.91000366210938,174.83999633789062,168.91000366210938,173.47999572753906,171.85824584960938,3872100,0.0,0.0
2012-12-24 00:00:00-05:00,173.39999389648438,174.52000427246094,171.00999450683594,173.0399932861328,171.4223175048828,378400,0.0,0.0
2012-12-26 00:00:00-05:00,173.0399932861328,173.38999938964844,167.8000030517578,170.00999450683594,168.42066955566406,567000,0.0,0.0
2012-12-27 00:00:00-05:00,169.32000732421875,172.60000610351562,164.05999755859375,168.77000427246094,167.1922607421875,750400,0.0,0.0
2012-12-28 00:00:00-05:00,166.30999755859375,171.3800048828125,165.2899932861328,167.97000122070312,166.3997039794922,484300,0.0,0.0
2012-12-31 00:00:00-05:00,167.02000427246094,171.55999755859375,165.25999450683594,171.07000732421875,169.47076416015625,488100,0.0,0.0
2013-01-02 00:00:00-05:00,176.4199981689453,181.82000732421875,173.82000732421875,181.1999969482422,179.5060272216797,939000,0.0,0.0
2013-01-03 00:00:00-05:00,181.5800018310547,183.82000732421875,179.66000366210938,180.7100067138672,179.02064514160156,566000,0.0,0.0
2013-01-04 00:00:00-05:00,182.25999450683594,183.3800048828125,179.8699951171875,181.07000732421875,179.3772735595703,438900,0.0,0.0
2013-01-07 00:00:00-05:00,180.14999389648438,183.6999969482422,178.5,182.52999877929688,180.82362365722656,464700,0.0,0.0
2013-01-08 00:00:00-05:00,175.0,176.7899932861328,169.97000122070312,176.6300048828125,174.97877502441406,1643600,0.0,0.0
2013-01-09 00:00:00-05:00,177.5,185.77999877929688,177.0,183.39999389648438,181.68545532226562,836000,0.0,0.0
2013-01-10 00:00:00-05:00,185.13999938964844,185.22999572753906,179.5500030517578,183.77000427246094,182.05203247070312,545300,0.0,0.0
2013-01-11 00:00:00-05:00,183.97000122070312,184.1999969482422,178.57000732421875,179.4600067138672,177.78231811523438,524600,0.0,0.0
2013-01-14 00:00:00-05:00,181.0500030517578,181.0500030517578,178.0,179.39999389648438,177.72286987304688,400100,0.0,0.0
2013-01-15 00:00:00-05:00,175.85000610351562,176.41000366210938,171.61000061035156,174.83999633789062,173.2055206298828,619700,0.0,0.0
2013-01-16 00:00:00-05:00,174.0,177.38999938964844,169.3699951171875,170.02999877929688,168.44046020507812,875400,0.0,0.0
2013-01-17 00:00:00-05:00,167.8699951171875,170.41000366210938,164.0,169.58999633789062,168.00457763671875,1229500,0.0,0.0
2013-01-18 00:00:00-05:00,168.02000427246094,170.8800048828125,165.32000732421875,167.97000122070312,166.3997039794922,720100,0.0,0.0
2013-01-22 00:00:00-05:00,168.0,175.24000549316406,167.16000366210938,175.07000732421875,173.43336486816406,904300,0.0,0.0
2013-01-23 00:00:00-05:00,174.97999572753906,177.25,173.57000732421875,176.16000366210938,174.51318359375,655800,0.0,0.0
2013-01-24 00:00:00-05:00,175.4600067138672,177.83999633789062,172.1699981689453,173.13999938964844,171.52139282226562,803800,0.0,0.0
2013-01-25 00:00:00-05:00,174.86000061035156,175.14999389648438,170.8000030517578,174.47999572753906,172.84886169433594,717400,0.0,0.0
2013-01-28 00:00:00-05:00,176.0800018310547,176.33999633789062,170.47000122070312,170.89999389648438,169.30233764648438,712500,0.0,0.0
2013-01-29 00:00:00-05:00,171.2899932861328,175.13999938964844,169.82000732421875,174.9600067138672,173.3243865966797,486500,0.0,0.0
2013-01-30 00:00:00-05:00,174.49000549316406,174.99000549316406,172.7899932861328,174.75999450683594,173.12623596191406,407200,0.0,0.0
2013-01-31 00:00:00-05:00,173.41000366210938,175.5399932861328,172.61000061035156,173.94000244140625,172.3139190673828,507800,0.0,0.0
2013-02-01 00:00:00-05:00,175.13999938964844,175.72000122070312,172.67999267578125,172.8800048828125,171.26382446289062,1005500,0.0,0.0
2013-02-04 00:00:00-05:00,172.0,174.3300018310547,167.85000610351562,170.67999267578125,169.08436584472656,855100,0.0,0.0
2013-02-05 00:00:00-05:00,171.17999267578125,171.99000549316406,168.0500030517578,169.94000244140625,168.35130310058594,894200,0.0,0.0
2013-02-06 00:00:00-05:00,169.44000244140625,170.50999450683594,166.33999633789062,167.6300048828125,166.06292724609375,631900,0.0,0.0
2013-02-07 00:00:00-05:00,167.91000366210938,168.99000549316406,162.25,163.99000549316406,162.4569549560547,1174600,0.0,0.0
2013-02-08 00:00:00-05:00,164.77000427246094,167.0,164.25,165.8800048828125,164.3292694091797,702400,0.0,0.0
2013-02-11 00:00:00-05:00,180.0,182.58999633789062,168.10000610351562,170.35000610351562,168.75747680664062,2342000,0.0,0.0
2013-02-12 00:00:00-05:00,170.1300048828125,170.86000061035156,167.13999938964844,168.17999267578125,166.6077423095703,785000,0.0,0.0
2013-02-13 00:00:00-05:00,168.49000549316406,171.0800018310547,167.77000427246094,170.3300018310547,168.7376708984375,869800,0.0,0.0
2013-02-14 00:00:00-05:00,169.64999389648438,171.72999572753906,163.0399932861328,169.24000549316406,167.65785217285156,1156200,0.0,0.0
2013-02-15 00:00:00-05:00,168.0,168.19000244140625,163.0500030517578,164.92999267578125,163.38815307617188,861400,0.0,0.0
2013-02-19 00:00:00-05:00,164.47000122070312,165.5,158.61000061035156,160.4199981689453,158.92031860351562,1018700,0.0,0.0
2013-02-20 00:00:00-05:00,160.0,161.0,158.10000610351562,158.4199981689453,156.93899536132812,949500,0.0,0.0
2013-02-21 00:00:00-05:00,158.32000732421875,159.72999572753906,154.16000366210938,159.30999755859375,157.82069396972656,1147200,0.0,0.0
2013-02-22 00:00:00-05:00,159.9199981689453,161.41000366210938,157.64999389648438,160.3800048828125,158.88067626953125,749600,0.0,0.0
2013-02-25 00:00:00-05:00,161.50999450683594,163.67999267578125,158.5,159.3699951171875,157.88011169433594,789400,0.0,0.0
2013-02-26 00:00:00-05:00,159.80999755859375,162.16000366210938,159.08999633789062,161.6300048828125,160.11898803710938,713700,0.0,0.0
2013-02-27 00:00:00-05:00,161.6699981689453,165.5800018310547,160.50999450683594,164.8000030517578,163.25938415527344,655900,0.0,0.0
2013-02-28 00:00:00-05:00,165.25,169.50999450683594,165.25,167.0,165.4387969970703,715000,0.0,0.0
2013-03-01 00:00:00-05:00,166.64999389648438,172.2100067138672,165.25,171.72999572753906,170.12457275390625,781800,0.0,0.0
2013-03-04 00:00:00-05:00,171.35000610351562,174.25,169.8699951171875,172.64999389648438,171.03599548339844,831400,0.0,0.0
2013-03-05 00:00:00-05:00,173.97000122070312,175.8800048828125,172.27000427246094,174.63999938964844,173.0073699951172,729300,0.0,0.0
2013-03-06 00:00:00-05:00,175.3000030517578,176.3699951171875,173.27000427246094,174.5500030517578,172.91822814941406,536100,0.0,0.0
2013-03-07 00:00:00-05:00,174.89999389648438,175.5800018310547,171.5,171.94000244140625,170.33261108398438,558900,0.0,0.0
2013-03-08 00:00:00-05:00,173.1300048828125,174.1699981689453,169.44000244140625,172.97000122070312,171.35301208496094,624700,0.0,0.0
2013-03-11 00:00:00-04:00,172.91000366210938,173.10000610351562,170.80999755859375,171.75,170.1444091796875,315200,0.0,0.0
2013-03-12 00:00:00-04:00,171.47000122070312,172.32000732421875,168.52000427246094,172.19000244140625,170.58029174804688,467800,0.0,0.0
2013-03-13 00:00:00-04:00,172.4499969482422,175.16000366210938,171.05999755859375,172.83999633789062,171.2241973876953,505700,0.0,0.0
2013-03-14 00:00:00-04:00,173.72000122070312,174.57000732421875,171.0,171.92999267578125,170.3227081298828,376800,0.0,0.0
2013-03-15 00:00:00-04:00,171.82000732421875,173.13999938964844,170.02000427246094,171.83999633789062,170.2335662841797,1140100,0.0,0.0
2013-03-18 00:00:00-04:00,170.7899932861328,171.4600067138672,169.02999877929688,170.11000061035156,168.5197296142578,392300,0.0,0.0
2013-03-19 00:00:00-04:00,171.1999969482422,177.99000549316406,171.1999969482422,175.27999877929688,173.64138793945312,791600,0.0,0.0
2013-03-20 00:00:00-04:00,175.5800018310547,177.5,174.60000610351562,175.50999450683594,173.86923217773438,369600,0.0,0.0
2013-03-21 00:00:00-04:00,174.60000610351562,174.63999938964844,171.11000061035156,171.3300018310547,169.72833251953125,416100,0.0,0.0
2013-03-22 00:00:00-04:00,172.35000610351562,172.89999389648438,170.4499969482422,172.39999389648438,170.78829956054688,277200,0.0,0.0
2013-03-25 00:00:00-04:00,172.69000244140625,173.1699981689453,169.2100067138672,170.13999938964844,168.54945373535156,248900,0.0,0.0
2013-03-26 00:00:00-04:00,171.3000030517578,172.27999877929688,168.24000549316406,169.7100067138672,168.12347412109375,281500,0.0,0.0
2013-03-27 00:00:00-04:00,169.25,171.0,168.1999969482422,170.89999389648438,169.30233764648438,398300,0.0,0.0
2013-03-28 00:00:00-04:00,170.4199981689453,177.75,169.8300018310547,176.39999389648438,174.75091552734375,911800,0.0,0.0
2013-04-01 00:00:00-04:00,180.0,180.75,177.1199951171875,178.50999450683594,176.8411865234375,586300,0.0,0.0
2013-04-02 00:00:00-04:00,179.8300018310547,185.75,178.9499969482422,185.0,183.27052307128906,988000,0.0,0.0
2013-04-03 00:00:00-04:00,185.13999938964844,189.89999389648438,182.0800018310547,182.69000244140625,180.9821319580078,862900,0.0,0.0
2013-04-04 00:00:00-04:00,183.88999938964844,186.19000244140625,182.0500030517578,185.08999633789062,183.3596649169922,483000,0.0,0.0
2013-04-05 00:00:00-04:00,181.99000549316406,185.85000610351562,179.75,185.41000366210938,183.6766815185547,641200,0.0,0.0
2013-04-08 00:00:00-04:00,185.05999755859375,188.5,183.1999969482422,188.47000122070312,186.7080841064453,394100,0.0,0.0
2013-04-09 00:00:00-04:00,189.85000610351562,192.8300018310547,189.35000610351562,191.0800018310547,189.29367065429688,831700,0.0,0.0
2013-04-10 00:00:00-04:00,191.67999267578125,201.35000610351562,190.32000732421875,201.1300048828125,199.24972534179688,967200,0.0,0.0
2013-04-11 00:00:00-04:00,200.91000366210938,209.2899932861328,199.85000610351562,208.35000610351562,206.40225219726562,1294000,0.0,0.0
2013-04-12 00:00:00-04:00,205.86000061035156,216.1999969482422,205.5,215.83999633789062,213.8222198486328,1157300,0.0,0.0
2013-04-15 00:00:00-04:00,215.0,215.75,208.17999267578125,209.0500030517578,207.09568786621094,1218700,0.0,0.0
2013-04-16 00:00:00-04:00,212.0,217.72000122070312,210.0,216.75999450683594,214.73361206054688,1234200,0.0,0.0
2013-04-17 00:00:00-04:00,215.25999450683594,215.61000061035156,208.7899932861328,213.0800018310547,211.0880126953125,1059500,0.0,0.0
2013-04-18 00:00:00-04:00,214.91000366210938,214.91000366210938,203.6999969482422,206.66000366210938,204.72805786132812,823300,0.0,0.0
2013-04-19 00:00:00-04:00,206.39999389648438,213.0,206.3300018310547,212.5800018310547,210.59268188476562,954900,0.0,0.0
2013-04-22 00:00:00-04:00,213.57000732421875,215.77999877929688,208.61000061035156,213.80999755859375,211.81118774414062,710800,0.0,0.0
2013-04-23 00:00:00-04:00,215.0,220.42999267578125,211.57000732421875,212.85000610351562,210.86016845703125,715500,0.0,0.0
2013-04-24 00:00:00-04:00,213.14999389648438,214.07000732421875,208.5399932861328,210.6199951171875,208.65098571777344,675900,0.0,0.0
2013-04-25 00:00:00-04:00,214.8800048828125,218.1300048828125,211.86000061035156,216.75,214.7237091064453,1055100,0.0,0.0
2013-04-26 00:00:00-04:00,216.52999877929688,220.97999572753906,214.05999755859375,216.60000610351562,214.57510375976562,658500,0.0,0.0
2013-04-29 00:00:00-04:00,217.72000122070312,219.1300048828125,215.32000732421875,215.47999572753906,213.465576171875,1157000,0.0,0.0
2013-04-30 00:00:00-04:00,217.5800018310547,217.88999938964844,212.5,215.13999938964844,213.1287384033203,15385400,0.0,0.0
2013-05-01 00:00:00-04:00,214.75,252.35000610351562,214.6999969482422,237.2899932861328,235.0717010498047,4759900,0.0,0.0
2013-05-02 00:00:00-04:00,242.94000244140625,249.83999633789062,237.9600067138672,248.6300048828125,246.30569458007812,1927700,0.0,0.0
2013-05-03 00:00:00-04:00,258.95001220703125,270.0,256.9200134277344,266.1600036621094,263.67181396484375,2322000,0.0,0.0
2013-05-06 00:00:00-04:00,264.1499938964844,265.0,255.8800048828125,262.75,260.2936706542969,1563400,0.0,0.0
2013-05-07 00:00:00-04:00,263.5,264.4700012207031,258.8699951171875,262.19000244140625,259.7389221191406,1255000,0.0,0.0
2013-05-08 00:00:00-04:00,261.3800048828125,264.32000732421875,260.5799865722656,263.739990234375,261.2743835449219,944600,0.0,0.0
2013-05-09 00:00:00-04:00,263.739990234375,265.20001220703125,260.75,261.95001220703125,259.50115966796875,744900,0.0,0.0
2013-05-10 00:00:00-04:00,262.8699951171875,274.6000061035156,262.20001220703125,273.5,270.94317626953125,907600,0.0,0.0
2013-05-13 00:00:00-04:00,273.5400085449219,280.6000061035156,271.3399963378906,280.510009765625,277.8876647949219,770300,0.0,0.0
2013-05-14 00:00:00-04:00,280.7699890136719,282.80999755859375,278.0199890136719,282.79998779296875,280.15625,1084200,0.0,0.0
2013-05-15 00:00:00-04:00,281.80999755859375,283.989990234375,272.1099853515625,274.1099853515625,271.5474548339844,844700,0.0,0.0
2013-05-16 00:00:00-04:00,272.8599853515625,275.7200012207031,261.0,264.6600036621094,262.18585205078125,987000,0.0,0.0
2013-05-17 00:00:00-04:00,262.04998779296875,270.20001220703125,262.04998779296875,266.9700012207031,264.4742126464844,738700,0.0,0.0
2013-05-20 00:00:00-04:00,265.7900085449219,269.7799987792969,263.489990234375,263.6400146484375,261.17535400390625,536300,0.0,0.0
2013-05-21 00:00:00-04:00,264.3900146484375,266.04998779296875,255.08999633789062,259.9599914550781,257.52972412109375,804900,0.0,0.0
2013-05-22 00:00:00-04:00,260.05999755859375,274.5,257.0799865722656,262.4200134277344,259.9667663574219,1060400,0.0,0.0
2013-05-23 00:00:00-04:00,257.42999267578125,260.4700012207031,245.52000427246094,254.8699951171875,252.48733520507812,848600,0.0,0.0
2013-05-24 00:00:00-04:00,253.60000610351562,254.69000244140625,246.22000122070312,250.30999755859375,247.969970703125,676600,0.0,0.0
2013-05-28 00:00:00-04:00,254.17999267578125,259.4599914550781,249.72999572753906,251.4499969482422,249.0993194580078,589200,0.0,0.0
2013-05-29 00:00:00-04:00,249.19000244140625,250.25,242.33999633789062,247.7100067138672,245.394287109375,557200,0.0,0.0
2013-05-30 00:00:00-04:00,248.50999450683594,253.42999267578125,246.69000244140625,252.17999267578125,249.82247924804688,435900,0.0,0.0
2013-05-31 00:00:00-04:00,248.6300048828125,253.0,241.8699951171875,241.8800048828125,239.61878967285156,771400,0.0,0.0
2013-06-03 00:00:00-04:00,241.8300018310547,242.5,229.52000427246094,236.07000732421875,233.8631134033203,794200,0.0,0.0
2013-06-04 00:00:00-04:00,235.25,239.69000244140625,232.3699951171875,232.8800048828125,230.7029266357422,870900,0.0,0.0
2013-06-05 00:00:00-04:00,231.72000122070312,239.97999572753906,227.47000122070312,229.63999938964844,227.49317932128906,854500,0.0,0.0
2013-06-06 00:00:00-04:00,230.22999572753906,252.5,229.6699981689453,252.1699981689453,249.8125762939453,1388300,0.0,0.0
2013-06-07 00:00:00-04:00,252.05999755859375,261.75,251.05999755859375,257.5,255.09274291992188,907000,0.0,0.0
2013-06-10 00:00:00-04:00,258.1400146484375,258.6000061035156,249.6999969482422,252.8300018310547,250.4664306640625,594000,0.0,0.0
2013-06-11 00:00:00-04:00,249.4199981689453,254.39999389648438,245.00999450683594,248.8800048828125,246.55332946777344,544600,0.0,0.0
2013-06-12 00:00:00-04:00,251.75,253.32000732421875,236.24000549316406,237.49000549316406,235.2698211669922,581900,0.0,0.0
2013-06-13 00:00:00-04:00,237.83999633789062,244.4600067138672,236.27999877929688,239.52000427246094,237.2808380126953,551100,0.0,0.0
2013-06-14 00:00:00-04:00,238.57000732421875,242.47999572753906,232.8800048828125,236.92999267578125,234.71505737304688,628100,0.0,0.0
2013-06-17 00:00:00-04:00,238.1999969482422,241.0500030517578,232.50999450683594,232.7100067138672,230.53451538085938,662000,0.0,0.0
2013-06-18 00:00:00-04:00,233.63999938964844,244.25999450683594,230.50999450683594,242.75999450683594,240.49053955078125,888800,0.0,0.0
2013-06-19 00:00:00-04:00,243.3800048828125,244.6999969482422,231.2899932861328,231.3800048828125,229.21694946289062,675600,0.0,0.0
2013-06-20 00:00:00-04:00,228.00999450683594,228.3000030517578,218.27999877929688,219.61000061035156,217.55699157714844,988900,0.0,0.0
2013-06-21 00:00:00-04:00,220.9499969482422,226.0,212.82000732421875,215.47000122070312,213.45567321777344,3137700,0.0,0.0
2013-06-24 00:00:00-04:00,212.89999389648438,224.08999633789062,206.3000030517578,218.3800048828125,216.3384552001953,1578400,0.0,0.0
2013-06-25 00:00:00-04:00,220.9499969482422,225.1999969482422,218.36000061035156,220.1699981689453,218.11175537109375,904800,0.0,0.0
2013-06-26 00:00:00-04:00,222.75999450683594,229.97000122070312,221.24000549316406,228.74000549316406,226.60162353515625,849000,0.0,0.0
2013-06-27 00:00:00-04:00,232.75999450683594,236.0500030517578,231.0500030517578,234.57000732421875,232.37713623046875,1064800,0.0,0.0
2013-06-28 00:00:00-04:00,233.05999755859375,234.25,224.42999267578125,224.8800048828125,222.7777099609375,1985800,0.0,0.0
2013-07-01 00:00:00-04:00,231.60000610351562,239.77999877929688,228.00999450683594,230.13999938964844,227.988525390625,1082700,0.0,0.0
2013-07-02 00:00:00-04:00,230.13999938964844,233.8800048828125,228.02000427246094,231.1199951171875,228.95936584472656,710500,0.0,0.0
2013-07-03 00:00:00-04:00,229.1999969482422,234.4600067138672,229.02999877929688,232.92999267578125,230.75244140625,363100,0.0,0.0
2013-07-05 00:00:00-04:00,233.97999572753906,237.10000610351562,231.0,233.47999572753906,231.29730224609375,439400,0.0,0.0
2013-07-08 00:00:00-04:00,234.80999755859375,235.99000549316406,225.77999877929688,229.02000427246094,226.8789825439453,699400,0.0,0.0
2013-07-09 00:00:00-04:00,228.22000122070312,237.7899932861328,228.22000122070312,235.9199981689453,233.71450805664062,606700,0.0,0.0
2013-07-10 00:00:00-04:00,236.8300018310547,239.25,232.2100067138672,236.6999969482422,234.4871826171875,518400,0.0,0.0
2013-07-11 00:00:00-04:00,242.19000244140625,248.67999267578125,239.1699981689453,247.8699951171875,245.5527801513672,889700,0.0,0.0
2013-07-12 00:00:00-04:00,255.52000427246094,268.67999267578125,253.0,266.0,263.5133056640625,1512800,0.0,0.0
2013-07-15 00:00:00-04:00,270.5,270.5,261.05999755859375,268.6400146484375,266.12860107421875,672200,0.0,0.0
2013-07-16 00:00:00-04:00,267.2300109863281,270.82000732421875,258.32000732421875,262.7099914550781,260.2540588378906,756200,0.0,0.0
2013-07-17 00:00:00-04:00,267.42999267578125,269.9800109863281,265.1400146484375,269.5199890136719,267.0003967285156,529900,0.0,0.0
2013-07-18 00:00:00-04:00,269.7099914550781,273.79998779296875,264.0,267.4800109863281,264.97943115234375,487400,0.0,0.0
2013-07-19 00:00:00-04:00,268.54998779296875,275.0,264.0,274.8599853515625,272.2904357910156,881600,0.0,0.0
2013-07-22 00:00:00-04:00,278.1099853515625,282.2699890136719,276.25,277.989990234375,275.39117431640625,855200,0.0,0.0
2013-07-23 00:00:00-04:00,278.44000244140625,279.9200134277344,267.75,268.3399963378906,265.8314208984375,789600,0.0,0.0
2013-07-24 00:00:00-04:00,270.3699951171875,270.92999267578125,264.2200012207031,267.92999267578125,265.4252624511719,606000,0.0,0.0
2013-07-25 00:00:00-04:00,269.19000244140625,272.6099853515625,261.489990234375,267.8299865722656,265.3262023925781,513900,0.0,0.0
2013-07-26 00:00:00-04:00,267.17999267578125,269.8900146484375,264.4100036621094,269.2099914550781,266.6932373046875,340300,0.0,0.0
2013-07-29 00:00:00-04:00,267.42999267578125,274.1600036621094,265.32000732421875,269.20001220703125,266.68341064453125,304400,0.0,0.0
2013-07-30 00:00:00-04:00,270.4100036621094,276.510009765625,268.7099914550781,273.6700134277344,271.1116027832031,444700,0.0,0.0
2013-07-31 00:00:00-04:00,275.3500061035156,276.1000061035156,269.510009765625,270.05999755859375,267.53533935546875,498100,0.0,0.0
2013-08-01 00:00:00-04:00,272.57000732421875,278.7300109863281,267.79998779296875,278.2900085449219,275.6884460449219,512600,0.0,0.0
2013-08-02 00:00:00-04:00,277.6400146484375,277.989990234375,270.4100036621094,272.3900146484375,269.84356689453125,636600,0.0,0.0
2013-08-05 00:00:00-04:00,273.29998779296875,276.0,269.7300109863281,270.989990234375,268.45660400390625,636700,0.0,0.0
2013-08-06 00:00:00-04:00,258.6499938964844,264.0,249.1699981689453,254.5,252.12081909179688,2044300,0.0,0.0
2013-08-07 00:00:00-04:00,254.32000732421875,258.55999755859375,251.14999389648438,253.22999572753906,250.8626708984375,727700,0.0,0.0
2013-08-08 00:00:00-04:00,254.97999572753906,255.99000549316406,251.8699951171875,252.49000549316406,250.12960815429688,425800,0.0,0.0
2013-08-09 00:00:00-04:00,251.0800018310547,256.0,249.5800018310547,250.00999450683594,247.6727752685547,391900,0.0,0.0
2013-08-12 00:00:00-04:00,248.58999633789062,249.14999389648438,242.83999633789062,245.9600067138672,243.66065979003906,491700,0.0,0.0
2013-08-13 00:00:00-04:00,245.58999633789062,246.41000366210938,242.02000427246094,244.38999938964844,242.10531616210938,619600,0.0,0.0
2013-08-14 00:00:00-04:00,244.0,248.1300048828125,240.8699951171875,241.27000427246094,239.0144805908203,369800,0.0,0.0
2013-08-15 00:00:00-04:00,240.1999969482422,240.8000030517578,233.5,233.82000732421875,231.63414001464844,664800,0.0,0.0
2013-08-16 00:00:00-04:00,233.72999572753906,236.77000427246094,230.77999877929688,230.97999572753906,228.82066345214844,698700,0.0,0.0
2013-08-19 00:00:00-04:00,229.89999389648438,231.88999938964844,227.63999938964844,227.64999389648438,225.52178955078125,550600,0.0,0.0
2013-08-20 00:00:00-04:00,229.5500030517578,238.8000030517578,227.97000122070312,233.3000030517578,231.11898803710938,692400,0.0,0.0
2013-08-21 00:00:00-04:00,231.7100067138672,236.5500030517578,230.6999969482422,232.3699951171875,230.19769287109375,602700,0.0,0.0
2013-08-22 00:00:00-04:00,233.83999633789062,240.22000122070312,233.05999755859375,237.35000610351562,235.1311492919922,410000,0.0,0.0
2013-08-23 00:00:00-04:00,239.52999877929688,240.0,236.42999267578125,238.85000610351562,236.61709594726562,484500,0.0,0.0
2013-08-26 00:00:00-04:00,239.0,246.58999633789062,238.02999877929688,245.00999450683594,242.71951293945312,738900,0.0,0.0
2013-08-27 00:00:00-04:00,240.74000549316406,243.27000427246094,238.19000244140625,239.1699981689453,236.9341278076172,672800,0.0,0.0
2013-08-28 00:00:00-04:00,239.92999267578125,243.47999572753906,235.02000427246094,243.07000732421875,240.79766845703125,559900,0.0,0.0
2013-08-29 00:00:00-04:00,241.0800018310547,247.75999450683594,241.02000427246094,243.5800018310547,241.30288696289062,606700,0.0,0.0
2013-08-30 00:00:00-04:00,243.1999969482422,244.27999877929688,237.8800048828125,242.30999755859375,240.0447540283203,462300,0.0,0.0
2013-09-03 00:00:00-04:00,245.99000549316406,259.9800109863281,245.99000549316406,259.1499938964844,256.72735595703125,919500,0.0,0.0
2013-09-04 00:00:00-04:00,258.8999938964844,269.1099853515625,255.0,268.2099914550781,265.70263671875,916100,0.0,0.0
2013-09-05 00:00:00-04:00,268.5199890136719,270.0,265.989990234375,268.6400146484375,266.12860107421875,602700,0.0,0.0
2013-09-06 00:00:00-04:00,270.0,270.1199951171875,261.79998779296875,267.57000732421875,265.068603515625,479100,0.0,0.0
2013-09-09 00:00:00-04:00,267.9100036621094,277.4800109863281,267.9100036621094,276.79998779296875,274.21234130859375,804700,0.0,0.0
2013-09-10 00:00:00-04:00,279.79998779296875,279.95001220703125,275.2799987792969,276.6400146484375,274.0538330078125,584800,0.0,0.0
2013-09-11 00:00:00-04:00,277.07000732421875,277.7699890136719,269.5,276.8500061035156,274.26190185546875,474400,0.0,0.0
2013-09-12 00:00:00-04:00,276.9700012207031,278.80999755859375,272.20001220703125,273.6000061035156,271.0422668457031,328700,0.0,0.0
2013-09-13 00:00:00-04:00,278.75,290.0,278.75,289.9700012207031,287.2591857910156,1007900,0.0,0.0
2013-09-16 00:00:00-04:00,291.7300109863281,295.9800109863281,285.2900085449219,294.3599853515625,291.608154296875,821200,0.0,0.0
2013-09-17 00:00:00-04:00,294.5899963378906,298.42999267578125,291.07000732421875,296.6199951171875,293.8470764160156,675300,0.0,0.0
2013-09-18 00:00:00-04:00,297.7799987792969,311.0,297.75,309.1700134277344,306.2797546386719,1263700,0.0,0.0
2013-09-19 00:00:00-04:00,309.9100036621094,310.6300048828125,298.1099853515625,307.1099853515625,304.2389831542969,1045400,0.0,0.0
2013-09-20 00:00:00-04:00,306.80999755859375,307.0,299.1099853515625,300.79998779296875,297.9879455566406,1837700,0.0,0.0
2013-09-23 00:00:00-04:00,299.19000244140625,300.0299987792969,292.0,295.760009765625,292.9950866699219,698000,0.0,0.0
2013-09-24 00:00:00-04:00,296.2200012207031,299.95001220703125,293.260009765625,295.1099853515625,292.3511657714844,579300,0.0,0.0
2013-09-25 00:00:00-04:00,295.04998779296875,296.8299865722656,291.6000061035156,292.2300109863281,289.4980773925781,679500,0.0,0.0
2013-09-26 00:00:00-04:00,295.239990234375,310.42999267578125,294.0799865722656,305.5299987792969,302.67376708984375,879900,0.0,0.0
2013-09-27 00:00:00-04:00,301.9200134277344,309.9100036621094,300.6600036621094,305.6499938964844,302.7926025390625,516700,0.0,0.0
2013-09-30 00:00:00-04:00,304.5899963378906,319.8299865722656,301.9700012207031,312.8699951171875,309.945068359375,1141300,0.0,0.0
2013-10-01 00:00:00-04:00,316.5799865722656,319.5,307.6499938964844,316.6300048828125,313.6699523925781,729500,0.0,0.0
2013-10-02 00:00:00-04:00,313.6099853515625,318.4800109863281,312.0,313.6700134277344,310.7377014160156,537100,0.0,0.0
2013-10-03 00:00:00-04:00,312.9200134277344,314.989990234375,300.17999267578125,303.57000732421875,300.7320556640625,919300,0.0,0.0
2013-10-04 00:00:00-04:00,303.5,310.760009765625,303.5,308.6000061035156,305.7150573730469,494000,0.0,0.0
2013-10-07 00:00:00-04:00,303.92999267578125,307.989990234375,296.19000244140625,298.95001220703125,296.1552734375,549000,0.0,0.0
2013-10-08 00:00:00-04:00,298.1499938964844,298.82000732421875,284.30999755859375,287.67999267578125,284.9906005859375,823100,0.0,0.0
2013-10-09 00:00:00-04:00,289.32000732421875,289.32000732421875,271.1499938964844,281.55999755859375,278.9278259277344,1445000,0.0,0.0
2013-10-10 00:00:00-04:00,289.3999938964844,295.0,286.1600036621094,294.0799865722656,291.3307800292969,576600,0.0,0.0
2013-10-11 00:00:00-04:00,293.9700012207031,293.9700012207031,287.5199890136719,290.29998779296875,287.5860900878906,556500,0.0,0.0
2013-10-14 00:00:00-04:00,287.3800048828125,296.3299865722656,284.1000061035156,295.6300048828125,292.8663024902344,370300,0.0,0.0
2013-10-15 00:00:00-04:00,294.0400085449219,298.0899963378906,290.0,290.42999267578125,287.71490478515625,430500,0.0,0.0
2013-10-16 00:00:00-04:00,302.0,307.760009765625,298.05999755859375,307.6499938964844,304.77392578125,1177000,0.0,0.0
2013-10-17 00:00:00-04:00,306.80999755859375,310.0,300.5299987792969,307.8599853515625,304.9819641113281,704300,0.0,0.0
2013-10-18 00:00:00-04:00,308.3999938964844,309.9599914550781,300.510009765625,303.55999755859375,300.72216796875,642600,0.0,0.0
2013-10-21 00:00:00-04:00,304.9100036621094,307.0,293.9100036621094,294.8900146484375,292.1331787109375,524600,0.0,0.0
2013-10-22 00:00:00-04:00,295.69000244140625,305.3999938964844,295.44000244140625,304.489990234375,301.6434631347656,642200,0.0,0.0
2013-10-23 00:00:00-04:00,302.489990234375,303.6600036621094,296.30999755859375,299.7900085449219,296.9873962402344,527100,0.0,0.0
2013-10-24 00:00:00-04:00,301.0199890136719,307.1400146484375,300.5199890136719,304.4200134277344,301.5741271972656,547100,0.0,0.0
2013-10-25 00:00:00-04:00,305.1000061035156,306.80999755859375,299.1700134277344,302.239990234375,299.4144592285156,448900,0.0,0.0
2013-10-28 00:00:00-04:00,302.8999938964844,308.69000244140625,301.30999755859375,302.9599914550781,300.12774658203125,537700,0.0,0.0
2013-10-29 00:00:00-04:00,301.45001220703125,302.510009765625,290.67999267578125,298.5299987792969,295.7391357421875,775900,0.0,0.0
2013-10-30 00:00:00-04:00,300.0,301.2099914550781,289.010009765625,291.1700134277344,288.447998046875,644300,0.0,0.0
2013-10-31 00:00:00-04:00,291.8599853515625,295.4800109863281,287.1099853515625,287.6000061035156,284.9113464355469,530000,0.0,0.0
2013-11-01 00:00:00-04:00,290.80999755859375,291.989990234375,284.0,285.7900085449219,283.1182861328125,499000,0.0,0.0
2013-11-04 00:00:00-05:00,285.94000244140625,290.989990234375,280.7200012207031,281.70001220703125,279.0665283203125,800600,0.0,0.0
2013-11-05 00:00:00-05:00,297.510009765625,305.6700134277344,289.30999755859375,302.32000732421875,299.4938049316406,2034000,0.0,0.0
2013-11-06 00:00:00-05:00,304.0,304.8500061035156,287.94000244140625,288.2699890136719,285.5751037597656,1119200,0.0,0.0
2013-11-07 00:00:00-05:00,290.2799987792969,290.6099853515625,271.0,276.989990234375,274.4005126953125,1416200,0.0,0.0
2013-11-08 00:00:00-05:00,277.29998779296875,287.6199951171875,277.29998779296875,283.07000732421875,280.4237365722656,747200,0.0,0.0
2013-11-11 00:00:00-05:00,283.8599853515625,285.260009765625,274.0,279.20001220703125,276.5899353027344,747900,0.0,0.0
2013-11-12 00:00:00-05:00,276.9200134277344,287.489990234375,276.0,286.8900146484375,284.2080383300781,783900,0.0,0.0
2013-11-13 00:00:00-05:00,282.0,282.989990234375,274.010009765625,277.20001220703125,274.6085510253906,1461700,0.0,0.0
2013-11-14 00:00:00-05:00,278.9599914550781,297.0,273.760009765625,288.8299865722656,286.12982177734375,1518300,0.0,0.0
2013-11-15 00:00:00-05:00,290.489990234375,290.489990234375,276.2900085449219,280.0,277.3824157714844,992200,0.0,0.0
2013-11-18 00:00:00-05:00,280.0,282.8800048828125,272.9200134277344,274.3699951171875,271.80499267578125,537100,0.0,0.0
2013-11-19 00:00:00-05:00,273.0400085449219,276.0,268.010009765625,273.7900085449219,271.2304992675781,1054100,0.0,0.0
2013-11-20 00:00:00-05:00,274.9200134277344,282.9800109863281,273.260009765625,274.67999267578125,272.1121520996094,552700,0.0,0.0
2013-11-21 00:00:00-05:00,276.0,281.9800109863281,275.0799865722656,276.4100036621094,273.82598876953125,538300,0.0,0.0
2013-11-22 00:00:00-05:00,286.0,294.7799987792969,280.6300048828125,293.67999267578125,290.93450927734375,1108800,0.0,0.0
2013-11-25 00:00:00-05:00,296.9599914550781,297.1600036621094,289.0,294.1000061035156,291.3506164550781,614300,0.0,0.0
2013-11-26 00:00:00-05:00,295.8500061035156,296.5400085449219,292.0,295.1199951171875,292.3610534667969,684700,0.0,0.0
2013-11-27 00:00:00-05:00,295.0400085449219,295.44000244140625,288.9599914550781,292.8800048828125,290.14202880859375,482200,0.0,0.0
2013-11-29 00:00:00-05:00,291.8599853515625,297.0,291.8599853515625,293.8599853515625,291.1128234863281,327800,0.0,0.0
2013-12-02 00:00:00-05:00,292.4100036621094,297.5899963378906,289.2799987792969,296.69000244140625,293.9164123535156,562700,0.0,0.0
2013-12-03 00:00:00-05:00,294.3599853515625,296.25,286.20001220703125,287.5,284.8122863769531,747400,0.0,0.0
2013-12-04 00:00:00-05:00,285.3299865722656,292.1300048828125,284.5199890136719,287.260009765625,284.5745544433594,602700,0.0,0.0
2013-12-05 00:00:00-05:00,287.80999755859375,289.6499938964844,282.95001220703125,283.20001220703125,280.5525207519531,497100,0.0,0.0
2013-12-06 00:00:00-05:00,285.6499938964844,287.0199890136719,279.25,282.739990234375,280.0968017578125,652900,0.0,0.0
2013-12-09 00:00:00-05:00,284.5199890136719,287.5,277.5199890136719,279.489990234375,276.8771667480469,779000,0.0,0.0
2013-12-10 00:00:00-05:00,276.989990234375,282.3800048828125,274.1499938964844,277.5,274.9057922363281,656600,0.0,0.0
2013-12-11 00:00:00-05:00,277.1700134277344,280.0,269.1000061035156,270.0199890136719,267.4956359863281,775000,0.0,0.0
2013-12-12 00:00:00-05:00,269.5299987792969,277.1099853515625,269.0,274.0,271.4385070800781,684700,0.0,0.0
2013-12-13 00:00:00-05:00,275.6099853515625,275.6099853515625,265.25,269.5899963378906,267.0697326660156,922900,0.0,0.0
2013-12-16 00:00:00-05:00,269.2900085449219,277.1400146484375,268.2799987792969,268.45001220703125,265.9404296875,704100,0.0,0.0
2013-12-17 00:00:00-05:00,269.5299987792969,270.3999938964844,261.70001220703125,261.8800048828125,259.4318542480469,861300,0.0,0.0
2013-12-18 00:00:00-05:00,261.6600036621094,272.0299987792969,257.69000244140625,271.7200012207031,269.1798400878906,1065900,0.0,0.0
2013-12-19 00:00:00-05:00,270.1700134277344,270.95001220703125,264.3500061035156,270.54998779296875,268.0207824707031,748400,0.0,0.0
2013-12-20 00:00:00-05:00,271.0899963378906,279.239990234375,268.2900085449219,278.69000244140625,276.0846862792969,1379700,0.0,0.0
2013-12-23 00:00:00-05:00,279.8800048828125,283.3699951171875,275.55999755859375,278.010009765625,275.4109802246094,654200,0.0,0.0
2013-12-24 00:00:00-05:00,278.1000061035156,279.8999938964844,273.0,275.69000244140625,273.1127014160156,230400,0.0,0.0
2013-12-26 00:00:00-05:00,276.1000061035156,280.9700012207031,275.8999938964844,278.6400146484375,276.03515625,371300,0.0,0.0
2013-12-27 00:00:00-05:00,278.8699951171875,279.6099853515625,275.2799987792969,277.0400085449219,274.4500732421875,343800,0.0,0.0
2013-12-30 00:00:00-05:00,275.6700134277344,279.8299865722656,273.0,278.0799865722656,275.4803466796875,427100,0.0,0.0
2013-12-31 00:00:00-05:00,277.1000061035156,278.32000732421875,273.8500061035156,275.239990234375,272.6669006347656,569800,0.0,0.0
2014-01-02 00:00:00-05:00,275.7699890136719,277.6000061035156,269.739990234375,274.5899963378906,272.0229797363281,553000,0.0,0.0
2014-01-03 00:00:00-05:00,274.5199890136719,276.8299865722656,271.2099914550781,271.75,269.2095642089844,392000,0.0,0.0
2014-01-06 00:00:00-05:00,270.9100036621094,273.80999755859375,266.5,268.8599853515625,266.3465881347656,759200,0.0,0.0
2014-01-07 00:00:00-05:00,269.1300048828125,275.80999755859375,266.05999755859375,274.07000732421875,271.50787353515625,777000,0.0,0.0
2014-01-08 00:00:00-05:00,273.2900085449219,277.8299865722656,272.010009765625,273.5,270.94317626953125,943800,0.0,0.0
2014-01-09 00:00:00-05:00,275.6400146484375,275.6400146484375,266.4100036621094,267.6199951171875,265.1181640625,888900,0.0,0.0
2014-01-10 00:00:00-05:00,268.0899963378906,274.5199890136719,262.9700012207031,274.3800048828125,271.8149719238281,923400,0.0,0.0
2014-01-13 00:00:00-05:00,275.6099853515625,281.2699890136719,266.42999267578125,268.67999267578125,266.16827392578125,942700,0.0,0.0
2014-01-14 00:00:00-05:00,269.6099853515625,304.4200134277344,265.29998779296875,300.32000732421875,297.5124816894531,2257600,0.0,0.0
2014-01-15 00:00:00-05:00,291.9700012207031,295.8800048828125,286.0199890136719,287.489990234375,284.8023986816406,1341200,0.0,0.0
2014-01-16 00:00:00-05:00,287.7200012207031,292.75,286.1199951171875,290.4800109863281,287.7644348144531,892100,0.0,0.0
2014-01-17 00:00:00-05:00,290.9200134277344,299.0,289.2200012207031,292.0,289.2702331542969,1001100,0.0,0.0
2014-01-21 00:00:00-05:00,293.82000732421875,296.5799865722656,291.0,295.70001220703125,292.9356384277344,981700,0.0,0.0
2014-01-22 00:00:00-05:00,296.6600036621094,298.7300109863281,292.0,295.3800048828125,292.6186218261719,590800,0.0,0.0
2014-01-23 00:00:00-05:00,293.0,293.8699951171875,285.6099853515625,291.5899963378906,288.864013671875,754700,0.0,0.0
2014-01-24 00:00:00-05:00,288.0799865722656,288.5299987792969,279.010009765625,279.6099853515625,276.99603271484375,745300,0.0,0.0
2014-01-27 00:00:00-05:00,279.70001220703125,281.7200012207031,267.55999755859375,270.739990234375,268.2089538574219,1121400,0.0,0.0
2014-01-28 00:00:00-05:00,273.0299987792969,280.0,273.0,278.6700134277344,276.0648498535156,830200,0.0,0.0
2014-01-29 00:00:00-05:00,277.6300048828125,286.7200012207031,276.04998779296875,281.5400085449219,278.90802001953125,1059500,0.0,0.0
2014-01-30 00:00:00-05:00,287.6300048828125,294.989990234375,284.6199951171875,292.9700012207031,290.23114013671875,980000,0.0,0.0
2014-01-31 00:00:00-05:00,286.79998779296875,294.0,286.1099853515625,288.5899963378906,285.89208984375,769200,0.0,0.0
2014-02-03 00:00:00-05:00,288.9100036621094,292.94000244140625,278.5799865722656,283.80999755859375,281.15679931640625,1029100,0.0,0.0
2014-02-04 00:00:00-05:00,285.3399963378906,288.5,281.45001220703125,287.2300109863281,284.54486083984375,855800,0.0,0.0
2014-02-05 00:00:00-05:00,286.2900085449219,288.42999267578125,274.0199890136719,281.8999938964844,279.2646484375,1043200,0.0,0.0
2014-02-06 00:00:00-05:00,281.8900146484375,288.2699890136719,281.8900146484375,287.0299987792969,284.3467102050781,660900,0.0,0.0
2014-02-07 00:00:00-05:00,287.1199951171875,300.1000061035156,284.32000732421875,299.7900085449219,296.9873962402344,1065100,0.0,0.0
2014-02-10 00:00:00-05:00,304.0,307.0,297.489990234375,304.0,301.15802001953125,1486800,0.0,0.0
2014-02-11 00:00:00-05:00,311.0,327.5400085449219,301.0799865722656,326.5199890136719,323.467529296875,3078800,0.0,0.0
2014-02-12 00:00:00-05:00,326.0,331.6400146484375,317.2300109863281,320.3800048828125,317.38494873046875,2029300,0.0,0.0
2014-02-13 00:00:00-05:00,314.1600036621094,327.9100036621094,314.1099853515625,326.9800109863281,323.9232177734375,1154400,0.0,0.0
2014-02-14 00:00:00-05:00,328.0,328.989990234375,317.6000061035156,323.989990234375,320.961181640625,1150000,0.0,0.0
2014-02-18 00:00:00-05:00,324.69000244140625,334.8299865722656,324.3399963378906,332.7799987792969,329.66900634765625,1255700,0.0,0.0
2014-02-19 00:00:00-05:00,328.8599853515625,331.739990234375,323.0199890136719,324.3599853515625,321.32769775390625,952300,0.0,0.0
2014-02-20 00:00:00-05:00,324.30999755859375,328.94000244140625,323.1499938964844,327.6199951171875,324.5572204589844,950800,0.0,0.0
2014-02-21 00:00:00-05:00,328.75,340.239990234375,326.70001220703125,334.9800109863281,331.8484802246094,1535900,0.0,0.0
2014-02-24 00:00:00-05:00,340.010009765625,348.25,337.0,347.6199951171875,344.3702697753906,1260800,0.0,0.0
2014-02-25 00:00:00-05:00,346.44000244140625,347.7799987792969,336.75,339.8599853515625,336.68280029296875,1234300,0.0,0.0
2014-02-26 00:00:00-05:00,343.3299865722656,343.4800109863281,334.5899963378906,336.4800109863281,333.3343811035156,838600,0.0,0.0
2014-02-27 00:00:00-05:00,335.0,342.20001220703125,334.04998779296875,338.5400085449219,335.37518310546875,781200,0.0,0.0
2014-02-28 00:00:00-05:00,339.6600036621094,343.3800048828125,322.5799865722656,332.5,329.3916320800781,1316800,0.0,0.0
2014-03-03 00:00:00-05:00,328.0899963378906,341.3399963378906,327.0199890136719,339.510009765625,336.3360900878906,1173700,0.0,0.0
2014-03-04 00:00:00-05:00,343.9800109863281,348.8800048828125,342.239990234375,345.6099853515625,342.3790283203125,678400,0.0,0.0
2014-03-05 00:00:00-05:00,348.29998779296875,350.57000732421875,344.1000061035156,345.489990234375,342.2601623535156,692100,0.0,0.0
2014-03-06 00:00:00-05:00,347.0899963378906,352.489990234375,338.010009765625,338.45001220703125,335.2860107421875,1348700,0.0,0.0
2014-03-07 00:00:00-05:00,341.8299865722656,343.5,304.20001220703125,328.1099853515625,325.0426330566406,4580900,0.0,0.0
2014-03-10 00:00:00-04:00,328.42999267578125,332.75,324.70001220703125,329.20001220703125,326.12249755859375,939700,0.0,0.0
2014-03-11 00:00:00-04:00,330.25,337.0,327.9800109863281,328.7699890136719,325.696533203125,806500,0.0,0.0
2014-03-12 00:00:00-04:00,326.0799865722656,340.0899963378906,324.0400085449219,339.75,336.5738525390625,1086600,0.0,0.0
2014-03-13 00:00:00-04:00,339.79998779296875,342.55999755859375,326.5,328.07000732421875,325.0030517578125,932100,0.0,0.0
2014-03-14 00:00:00-04:00,326.9700012207031,333.29998779296875,326.0,329.5,326.419677734375,813200,0.0,0.0
2014-03-17 00:00:00-04:00,336.05999755859375,337.0,327.05999755859375,328.0899963378906,325.0228271484375,1049200,0.0,0.0
2014-03-18 00:00:00-04:00,329.5,335.95001220703125,329.0199890136719,333.1400146484375,330.0256652832031,1056500,0.0,0.0
2014-03-19 00:00:00-04:00,332.7200012207031,334.94000244140625,325.82000732421875,329.3299865722656,326.2512512207031,583200,0.0,0.0
2014-03-20 00:00:00-04:00,327.6600036621094,331.6700134277344,325.5799865722656,328.69000244140625,325.61724853515625,520600,0.0,0.0
2014-03-21 00:00:00-04:00,328.57000732421875,334.3599853515625,309.8900146484375,310.7900085449219,307.88458251953125,2847400,0.0,0.0
2014-03-24 00:00:00-04:00,313.57000732421875,314.6499938964844,298.4800109863281,306.3699951171875,303.5058898925781,1747100,0.0,0.0
2014-03-25 00:00:00-04:00,307.32000732421875,317.3999938964844,301.5799865722656,308.8699951171875,305.9825439453125,1606700,0.0,0.0
2014-03-26 00:00:00-04:00,311.1400146484375,317.82000732421875,307.1099853515625,308.42999267578125,305.5466003417969,1390700,0.0,0.0
2014-03-27 00:00:00-04:00,307.6600036621094,316.5,302.8699951171875,311.8599853515625,308.94451904296875,1272300,0.0,0.0
2014-03-28 00:00:00-04:00,313.1099853515625,316.0,299.510009765625,300.0899963378906,297.28460693359375,1538300,0.0,0.0
2014-03-31 00:00:00-04:00,303.17999267578125,306.4700012207031,296.6099853515625,300.2799987792969,297.4728698730469,1061300,0.0,0.0
2014-04-01 00:00:00-04:00,304.760009765625,313.3800048828125,303.05999755859375,306.8800048828125,304.0111083984375,1100700,0.0,0.0
2014-04-02 00:00:00-04:00,309.6400146484375,316.0,300.3699951171875,306.8900146484375,304.02105712890625,903100,0.0,0.0
2014-04-03 00:00:00-04:00,306.260009765625,306.5,293.5,298.6000061035156,295.80853271484375,1244400,0.0,0.0
2014-04-04 00:00:00-04:00,300.67999267578125,301.8399963378906,285.2200012207031,285.3399963378906,282.6724853515625,1365300,0.0,0.0
2014-04-07 00:00:00-04:00,280.32000732421875,292.2900085449219,279.0400085449219,287.19000244140625,284.5052185058594,1425400,0.0,0.0
2014-04-08 00:00:00-04:00,287.1199951171875,289.010009765625,278.260009765625,286.44000244140625,283.76220703125,1191500,0.0,0.0
2014-04-09 00:00:00-04:00,289.1099853515625,306.9599914550781,287.010009765625,306.260009765625,303.39691162109375,1622000,0.0,0.0
2014-04-10 00:00:00-04:00,304.6000061035156,304.989990234375,291.6700134277344,293.6199951171875,290.8751220703125,1459800,0.0,0.0
2014-04-11 00:00:00-04:00,290.3699951171875,299.239990234375,286.6700134277344,288.3599853515625,285.66424560546875,1197300,0.0,0.0
2014-04-14 00:00:00-04:00,290.6099853515625,297.0,284.1099853515625,290.010009765625,287.298828125,768500,0.0,0.0
2014-04-15 00:00:00-04:00,289.5,293.0299987792969,276.8999938964844,288.0799865722656,285.3868713378906,1100400,0.0,0.0
2014-04-16 00:00:00-04:00,293.45001220703125,301.0,291.75,300.1400146484375,297.33416748046875,972900,0.0,0.0
2014-04-17 00:00:00-04:00,300.45001220703125,304.9599914550781,296.0199890136719,296.739990234375,293.9659423828125,607200,0.0,0.0
2014-04-21 00:00:00-04:00,299.05999755859375,302.4599914550781,296.0299987792969,302.0,299.1767578125,452700,0.0,0.0
2014-04-22 00:00:00-04:00,302.760009765625,313.5,302.1499938964844,311.67999267578125,308.7662353515625,736100,0.0,0.0
2014-04-23 00:00:00-04:00,312.3599853515625,312.8800048828125,301.8699951171875,303.0799865722656,300.24664306640625,609800,0.0,0.0
2014-04-24 00:00:00-04:00,305.7699890136719,306.70001220703125,291.3599853515625,293.42999267578125,290.6868591308594,1022000,0.0,0.0
2014-04-25 00:00:00-04:00,291.6000061035156,293.1700134277344,283.4599914550781,284.4200134277344,281.7611389160156,1074800,0.0,0.0
2014-04-28 00:00:00-04:00,286.45001220703125,288.0799865722656,273.2300109863281,281.260009765625,278.6306457519531,1247100,0.0,0.0
2014-04-29 00:00:00-04:00,282.79998779296875,300.20001220703125,281.7900085449219,299.5799865722656,296.7793273925781,1151900,0.0,0.0
2014-04-30 00:00:00-04:00,294.260009765625,300.82000732421875,292.0199890136719,296.8900146484375,294.114501953125,682900,0.0,0.0
2014-05-01 00:00:00-04:00,297.1000061035156,300.2300109863281,292.4599914550781,299.0799865722656,296.2840576171875,653100,0.0,0.0
2014-05-02 00:00:00-04:00,299.9599914550781,300.17999267578125,291.8800048828125,293.5899963378906,290.8453674316406,507600,0.0,0.0
2014-05-05 00:00:00-04:00,291.7300109863281,299.8599853515625,289.7300109863281,298.9800109863281,296.1849670410156,805800,0.0,0.0
2014-05-06 00:00:00-04:00,298.2900085449219,299.8699951171875,290.5,290.8299865722656,288.1111755371094,765400,0.0,0.0
2014-05-07 00:00:00-04:00,291.510009765625,294.489990234375,283.55999755859375,286.6600036621094,283.98016357421875,1075400,0.0,0.0
2014-05-08 00:00:00-04:00,278.3399963378906,291.6600036621094,278.0,281.20001220703125,278.5712585449219,1182900,0.0,0.0
2014-05-09 00:00:00-04:00,281.45001220703125,283.1400146484375,276.010009765625,279.4100036621094,276.7979431152344,877200,0.0,0.0
2014-05-12 00:00:00-04:00,280.80999755859375,292.6000061035156,280.1600036621094,291.3900146484375,288.6659851074219,757300,0.0,0.0
2014-05-13 00:00:00-04:00,290.9100036621094,290.9100036621094,283.0299987792969,283.45001220703125,280.80023193359375,771300,0.0,0.0
2014-05-14 00:00:00-04:00,281.0299987792969,291.67999267578125,280.07000732421875,287.3800048828125,284.69342041015625,665800,0.0,0.0
2014-05-15 00:00:00-04:00,286.6400146484375,291.30999755859375,281.30999755859375,289.6000061035156,286.8927001953125,783600,0.0,0.0
2014-05-16 00:00:00-04:00,289.7300109863281,296.54998779296875,285.6499938964844,295.42999267578125,292.66815185546875,948400,0.0,0.0
2014-05-19 00:00:00-04:00,294.6000061035156,303.32000732421875,290.1199951171875,302.1400146484375,299.3154602050781,855800,0.0,0.0
2014-05-20 00:00:00-04:00,298.0199890136719,299.55999755859375,291.7300109863281,292.7699890136719,290.03302001953125,733100,0.0,0.0
2014-05-21 00:00:00-04:00,294.19000244140625,296.6400146484375,289.70001220703125,291.0,288.27960205078125,495000,0.0,0.0
2014-05-22 00:00:00-04:00,292.5,302.0199890136719,290.3500061035156,298.2799987792969,295.4915771484375,585000,0.0,0.0
2014-05-23 00:00:00-04:00,299.55999755859375,299.55999755859375,293.6300048828125,297.7699890136719,294.98626708984375,503900,0.0,0.0
2014-05-27 00:00:00-04:00,299.5400085449219,308.2300109863281,298.6499938964844,307.94000244140625,305.0612487792969,713300,0.0,0.0
2014-05-28 00:00:00-04:00,308.55999755859375,311.69000244140625,304.1600036621094,304.8599853515625,302.0099792480469,469800,0.0,0.0
2014-05-29 00:00:00-04:00,305.2699890136719,308.57000732421875,303.70001220703125,306.2200012207031,303.3573303222656,629100,0.0,0.0
2014-05-30 00:00:00-04:00,308.489990234375,308.489990234375,303.54998779296875,306.9599914550781,304.0903625488281,582800,0.0,0.0
2014-06-02 00:00:00-04:00,308.70001220703125,313.4800109863281,303.55999755859375,309.2699890136719,306.3787841796875,529000,0.0,0.0
2014-06-03 00:00:00-04:00,306.2699890136719,311.69000244140625,305.3500061035156,310.80999755859375,307.90435791015625,472900,0.0,0.0
2014-06-04 00:00:00-04:00,308.0,312.7900085449219,307.510009765625,311.8900146484375,308.97430419921875,490900,0.0,0.0
2014-06-05 00:00:00-04:00,312.8800048828125,314.25,308.1700134277344,308.5400085449219,305.6556091308594,570000,0.0,0.0
2014-06-06 00:00:00-04:00,312.2099914550781,312.8800048828125,307.0,311.2099914550781,308.30059814453125,496700,0.0,0.0
2014-06-09 00:00:00-04:00,312.29998779296875,320.0,311.6099853515625,313.739990234375,310.8070068359375,744300,0.0,0.0
2014-06-10 00:00:00-04:00,312.80999755859375,316.0,306.92999267578125,309.4700012207031,306.576904296875,562100,0.0,0.0
2014-06-11 00:00:00-04:00,308.0,313.5199890136719,305.79998779296875,310.239990234375,307.3396911621094,521800,0.0,0.0
2014-06-12 00:00:00-04:00,309.1499938964844,315.6199951171875,307.9200134277344,310.4700012207031,307.56756591796875,452100,0.0,0.0
2014-06-13 00:00:00-04:00,310.67999267578125,311.69000244140625,305.6600036621094,306.2699890136719,303.4068603515625,389600,0.0,0.0
2014-06-16 00:00:00-04:00,307.80999755859375,311.54998779296875,305.9599914550781,308.3999938964844,305.5168762207031,438100,0.0,0.0
2014-06-17 00:00:00-04:00,307.9200134277344,309.30999755859375,302.5,302.6199951171875,299.7909240722656,574900,0.0,0.0
2014-06-18 00:00:00-04:00,301.989990234375,305.82000732421875,301.2099914550781,305.29998779296875,302.4459228515625,552100,0.0,0.0
2014-06-19 00:00:00-04:00,309.9599914550781,309.9599914550781,296.010009765625,297.69000244140625,294.90704345703125,928600,0.0,0.0
2014-06-20 00:00:00-04:00,297.0,297.7200012207031,282.5199890136719,285.25,282.5833740234375,2651600,0.0,0.0
2014-06-23 00:00:00-04:00,285.0,285.04998779296875,275.0199890136719,280.2200012207031,277.600341796875,1647100,0.0,0.0
2014-06-24 00:00:00-04:00,280.2300109863281,287.30999755859375,276.7200012207031,278.1099853515625,275.5100402832031,1163200,0.0,0.0
2014-06-25 00:00:00-04:00,278.739990234375,285.54998779296875,277.70001220703125,280.8800048828125,278.25421142578125,1108800,0.0,0.0
2014-06-26 00:00:00-04:00,281.1499938964844,281.9700012207031,278.510009765625,279.79998779296875,277.18426513671875,1076100,0.0,0.0
2014-06-27 00:00:00-04:00,280.0,281.95001220703125,269.5,277.2900085449219,274.6977844238281,1623200,0.0,0.0
2014-06-30 00:00:00-04:00,277.2900085449219,284.9200134277344,273.9800109863281,282.4700012207031,279.8293151855469,1330700,0.0,0.0
2014-07-01 00:00:00-04:00,285.5,304.4100036621094,285.05999755859375,303.3900146484375,300.55377197265625,1774600,0.0,0.0
2014-07-02 00:00:00-04:00,302.4700012207031,312.1199951171875,298.2900085449219,308.5400085449219,305.6556091308594,1335400,0.0,0.0
2014-07-03 00:00:00-04:00,308.1600036621094,313.0,308.1600036621094,311.1600036621094,308.2510986328125,636700,0.0,0.0
2014-07-07 00:00:00-04:00,312.0899963378906,315.7099914550781,309.6600036621094,311.57000732421875,308.65728759765625,863100,0.0,0.0
2014-07-08 00:00:00-04:00,311.25,315.94000244140625,308.67999267578125,310.5199890136719,307.61712646484375,1045600,0.0,0.0
2014-07-09 00:00:00-04:00,310.44000244140625,313.0,303.6000061035156,310.92999267578125,308.0232849121094,1002600,0.0,0.0
2014-07-10 00:00:00-04:00,312.9800109863281,315.3299865722656,305.05999755859375,314.489990234375,311.5499572753906,1158100,0.0,0.0
2014-07-11 00:00:00-04:00,314.9800109863281,318.8699951171875,310.75,316.1099853515625,313.1548156738281,954700,0.0,0.0
2014-07-14 00:00:00-04:00,318.8500061035156,320.0799865722656,313.8299865722656,317.95001220703125,314.9776611328125,700000,0.0,0.0
2014-07-15 00:00:00-04:00,318.3500061035156,319.95001220703125,309.7300109863281,312.1499938964844,309.2318420410156,1194600,0.0,0.0
2014-07-16 00:00:00-04:00,315.1000061035156,315.25,305.1000061035156,306.1199951171875,303.25823974609375,710500,0.0,0.0
2014-07-17 00:00:00-04:00,303.0899963378906,305.8299865722656,295.760009765625,296.4100036621094,293.6390075683594,832800,0.0,0.0
2014-07-18 00:00:00-04:00,298.5199890136719,306.3699951171875,298.5199890136719,305.9200134277344,303.06011962890625,785200,0.0,0.0
2014-07-21 00:00:00-04:00,306.20001220703125,307.7900085449219,302.4599914550781,303.7300109863281,300.8905944824219,562200,0.0,0.0
2014-07-22 00:00:00-04:00,305.510009765625,309.6700134277344,304.6600036621094,306.0199890136719,303.1591491699219,515600,0.0,0.0
2014-07-23 00:00:00-04:00,311.3900146484375,314.04998779296875,307.2200012207031,310.2699890136719,307.3694763183594,522900,0.0,0.0
2014-07-24 00:00:00-04:00,310.3999938964844,311.5,303.0199890136719,304.44000244140625,301.59393310546875,605000,0.0,0.0
2014-07-25 00:00:00-04:00,303.4599914550781,305.010009765625,300.2200012207031,303.0899963378906,300.2565612792969,369100,0.0,0.0
2014-07-28 00:00:00-04:00,302.25,303.6199951171875,299.7300109863281,302.1600036621094,299.33526611328125,532100,0.0,0.0
2014-07-29 00:00:00-04:00,303.8399963378906,307.6600036621094,301.67999267578125,304.510009765625,301.6632995605469,295200,0.0,0.0
2014-07-30 00:00:00-04:00,328.54998779296875,336.94000244140625,315.0,322.17999267578125,319.1680603027344,2373700,0.0,0.0
2014-07-31 00:00:00-04:00,319.6600036621094,320.5199890136719,310.69000244140625,316.2200012207031,313.2637939453125,1190100,0.0,0.0
2014-08-01 00:00:00-04:00,323.739990234375,329.32000732421875,320.42999267578125,324.30999755859375,321.2781677246094,1525300,0.0,0.0
2014-08-04 00:00:00-04:00,325.8599853515625,328.4700012207031,321.0899963378906,325.44000244140625,322.3976135253906,1176800,0.0,0.0
2014-08-05 00:00:00-04:00,316.80999755859375,337.95001220703125,314.0,333.20001220703125,330.0850830078125,1642100,0.0,0.0
2014-08-06 00:00:00-04:00,331.20001220703125,341.7099914550781,330.5,340.69000244140625,337.50506591796875,1025800,0.0,0.0
2014-08-07 00:00:00-04:00,342.1400146484375,342.9800109863281,337.25,338.7300109863281,335.5633850097656,626600,0.0,0.0
2014-08-08 00:00:00-04:00,338.0,341.0,336.04998779296875,338.32000732421875,335.1572265625,627500,0.0,0.0
2014-08-11 00:00:00-04:00,340.2699890136719,341.6199951171875,335.8900146484375,338.80999755859375,335.6426086425781,508300,0.0,0.0
2014-08-12 00:00:00-04:00,338.44000244140625,339.8399963378906,335.239990234375,338.1499938964844,334.9888000488281,415800,0.0,0.0
2014-08-13 00:00:00-04:00,339.1199951171875,344.0,338.2200012207031,343.05999755859375,339.8529357910156,624400,0.0,0.0
2014-08-14 00:00:00-04:00,342.2699890136719,348.1000061035156,341.8599853515625,347.739990234375,344.4891357421875,566400,0.0,0.0
2014-08-15 00:00:00-04:00,347.7900085449219,351.5,343.8500061035156,348.6199951171875,345.36090087890625,549300,0.0,0.0
2014-08-18 00:00:00-04:00,350.79998779296875,353.04998779296875,349.07000732421875,349.4599914550781,346.19305419921875,510000,0.0,0.0
2014-08-19 00:00:00-04:00,349.94000244140625,351.4200134277344,345.0899963378906,346.7900085449219,343.5480651855469,467700,0.0,0.0
2014-08-20 00:00:00-04:00,345.2200012207031,349.3800048828125,344.0899963378906,345.2799987792969,342.05218505859375,352600,0.0,0.0
2014-08-21 00:00:00-04:00,347.0,347.0,341.1099853515625,341.510009765625,338.3174133300781,389700,0.0,0.0
2014-08-22 00:00:00-04:00,342.1000061035156,344.70001220703125,339.1000061035156,340.7900085449219,337.6041259765625,448600,0.0,0.0
2014-08-25 00:00:00-04:00,347.94000244140625,349.5,342.2200012207031,347.9100036621094,344.6575622558594,448800,0.0,0.0
2014-08-26 00:00:00-04:00,349.510009765625,354.7900085449219,348.44000244140625,354.04998779296875,350.7401428222656,668600,0.0,0.0
2014-08-27 00:00:00-04:00,354.2699890136719,354.2699890136719,348.3900146484375,350.010009765625,346.7379150390625,439500,0.0,0.0
2014-08-28 00:00:00-04:00,348.92999267578125,351.4200134277344,346.4700012207031,346.9200134277344,343.67681884765625,401800,0.0,0.0
2014-08-29 00:00:00-04:00,349.1000061035156,350.739990234375,346.20001220703125,350.4599914550781,347.1837463378906,525500,0.0,0.0
2014-09-02 00:00:00-04:00,367.0,369.30999755859375,359.2300109863281,359.5,356.13922119140625,1515800,0.0,0.0
2014-09-03 00:00:00-04:00,362.29998779296875,364.55999755859375,359.80999755859375,361.8999938964844,358.5167236328125,602300,0.0,0.0
2014-09-04 00:00:00-04:00,362.9599914550781,362.9800109863281,351.2300109863281,352.0799865722656,348.78851318359375,653000,0.0,0.0
2014-09-05 00:00:00-04:00,352.0199890136719,353.55999755859375,343.4700012207031,350.6600036621094,347.3818664550781,834900,0.0,0.0
2014-09-08 00:00:00-04:00,349.42999267578125,351.0,343.17999267578125,348.1000061035156,344.84576416015625,652000,0.0,0.0
2014-09-09 00:00:00-04:00,347.5,347.7699890136719,343.3999938964844,346.3900146484375,343.1517639160156,609900,0.0,0.0
2014-09-10 00:00:00-04:00,346.0799865722656,355.20001220703125,345.07000732421875,354.32000732421875,351.0076599121094,663600,0.0,0.0
2014-09-11 00:00:00-04:00,352.6600036621094,353.1099853515625,347.010009765625,350.3399963378906,347.0648498535156,381100,0.0,0.0
2014-09-12 00:00:00-04:00,349.4100036621094,349.8299865722656,344.04998779296875,346.05999755859375,342.8248596191406,573500,0.0,0.0
2014-09-15 00:00:00-04:00,347.07000732421875,347.5,340.3900146484375,346.0299987792969,342.79510498046875,539400,0.0,0.0
2014-09-16 00:00:00-04:00,346.82000732421875,356.2099914550781,345.0,355.4700012207031,352.14691162109375,821400,0.0,0.0
2014-09-17 00:00:00-04:00,357.29998779296875,360.8900146484375,354.2900085449219,359.1000061035156,355.7429504394531,659700,0.0,0.0
2014-09-18 00:00:00-04:00,359.8399963378906,362.8999938964844,357.25,362.739990234375,359.34893798828125,550300,0.0,0.0
2014-09-19 00:00:00-04:00,365.5899963378906,365.5899963378906,357.2900085449219,358.9200134277344,355.56463623046875,2635000,0.0,0.0
2014-09-22 00:00:00-04:00,358.0,360.1700134277344,355.3800048828125,359.9200134277344,356.5552978515625,743900,0.0,0.0
2014-09-23 00:00:00-04:00,357.4200134277344,361.2300109863281,355.3299865722656,357.2200012207031,353.8804931640625,953000,0.0,0.0
2014-09-24 00:00:00-04:00,357.2200012207031,365.3299865722656,357.05999755859375,364.4100036621094,361.0033264160156,639500,0.0,0.0
2014-09-25 00:00:00-04:00,363.3500061035156,364.7099914550781,354.0,355.5400085449219,352.2162170410156,692100,0.0,0.0
2014-09-26 00:00:00-04:00,357.2300109863281,359.0,351.4800109863281,358.17999267578125,354.83154296875,692500,0.0,0.0
2014-09-29 00:00:00-04:00,355.0199890136719,358.1000061035156,351.54998779296875,354.9599914550781,351.6416320800781,357400,0.0,0.0
2014-09-30 00:00:00-04:00,355.7900085449219,361.70001220703125,353.1099853515625,360.5199890136719,357.1496276855469,1003900,0.0,0.0
2014-10-01 00:00:00-04:00,363.95001220703125,363.95001220703125,352.9100036621094,355.6099853515625,352.2855529785156,668900,0.0,0.0
2014-10-02 00:00:00-04:00,355.7900085449219,358.25,353.04998779296875,353.69000244140625,350.383544921875,666300,0.0,0.0
2014-10-03 00:00:00-04:00,355.5400085449219,362.4599914550781,355.5400085449219,361.6000061035156,358.2196044921875,758000,0.0,0.0
2014-10-06 00:00:00-04:00,363.4800109863281,365.0,356.6000061035156,359.19000244140625,355.83209228515625,453000,0.0,0.0
2014-10-07 00:00:00-04:00,356.989990234375,359.67999267578125,353.1000061035156,354.2099914550781,350.898681640625,591700,0.0,0.0
2014-10-08 00:00:00-04:00,353.8299865722656,361.07000732421875,350.7900085449219,360.1499938964844,356.7831115722656,742100,0.0,0.0
2014-10-09 00:00:00-04:00,361.239990234375,361.260009765625,352.0,355.0400085449219,351.72088623046875,648900,0.0,0.0
2014-10-10 00:00:00-04:00,353.3800048828125,357.75,343.2799987792969,343.510009765625,340.2987060546875,753400,0.0,0.0
2014-10-13 00:00:00-04:00,341.8900146484375,344.9800109863281,330.8900146484375,332.1000061035156,328.995361328125,869100,0.0,0.0
2014-10-14 00:00:00-04:00,334.0899963378906,335.6600036621094,323.79998779296875,328.07000732421875,325.0030517578125,1155200,0.0,0.0
2014-10-15 00:00:00-04:00,324.0,337.0299987792969,320.05999755859375,334.75,331.62060546875,1238100,0.0,0.0
2014-10-16 00:00:00-04:00,326.5,344.4800109863281,326.0899963378906,340.7099914550781,337.5248718261719,937800,0.0,0.0
2014-10-17 00:00:00-04:00,366.989990234375,376.8800048828125,362.0199890136719,369.6400146484375,366.1844482421875,2470800,0.0,0.0
2014-10-20 00:00:00-04:00,367.7900085449219,369.0,360.1000061035156,366.1300048828125,362.70721435546875,1147200,0.0,0.0
2014-10-21 00:00:00-04:00,370.6400146484375,381.0299987792969,366.1400146484375,381.010009765625,377.4481506347656,1051200,0.0,0.0
2014-10-22 00:00:00-04:00,380.05999755859375,384.8500061035156,373.3399963378906,384.4599914550781,380.8658752441406,1025700,0.0,0.0
2014-10-23 00:00:00-04:00,387.0,397.3500061035156,386.5,393.9599914550781,390.2770690917969,870300,0.0,0.0
2014-10-24 00:00:00-04:00,396.0,404.6000061035156,393.2099914550781,402.5,398.7372131347656,822400,0.0,0.0
2014-10-27 00:00:00-04:00,402.1000061035156,407.8800048828125,397.5,407.1600036621094,403.3536682128906,559900,0.0,0.0
2014-10-28 00:00:00-04:00,408.3500061035156,410.17999267578125,397.1199951171875,397.8900146484375,394.1703186035156,1028200,0.0,0.0
2014-10-29 00:00:00-04:00,397.0,397.8900146484375,385.0199890136719,387.70001220703125,384.0755920410156,1055400,0.0,0.0
2014-10-30 00:00:00-04:00,386.2900085449219,394.6499938964844,386.2699890136719,392.79998779296875,389.1278991699219,709200,0.0,0.0
2014-10-31 00:00:00-04:00,400.1499938964844,400.8699951171875,391.20001220703125,393.7200012207031,390.039306640625,663100,0.0,0.0
2014-11-03 00:00:00-05:00,395.2699890136719,397.9800109863281,389.1199951171875,395.260009765625,391.5649108886719,854600,0.0,0.0
2014-11-04 00:00:00-05:00,372.1199951171875,384.42999267578125,368.45001220703125,372.3900146484375,368.9087219238281,1848700,0.0,0.0
2014-11-05 00:00:00-05:00,375.1600036621094,377.989990234375,365.25,368.510009765625,365.06494140625,888400,0.0,0.0
2014-11-06 00:00:00-05:00,371.010009765625,377.45001220703125,367.7799987792969,376.94000244140625,373.4161682128906,699200,0.0,0.0
2014-11-07 00:00:00-05:00,378.239990234375,381.0,374.67999267578125,377.8399963378906,374.3077697753906,622200,0.0,0.0
2014-11-10 00:00:00-05:00,379.5,386.8599853515625,376.5400085449219,385.9700012207031,382.36175537109375,541100,0.0,0.0
2014-11-11 00:00:00-05:00,390.0899963378906,400.0,387.19000244140625,398.3599853515625,394.6358947753906,1156800,0.0,0.0
2014-11-12 00:00:00-05:00,396.20001220703125,402.04998779296875,395.80999755859375,401.1099853515625,397.36016845703125,623400,0.0,0.0
2014-11-13 00:00:00-05:00,400.0,402.79998779296875,395.1000061035156,402.6300048828125,398.86602783203125,703700,0.0,0.0
2014-11-14 00:00:00-05:00,402.4200134277344,402.8699951171875,392.30999755859375,395.20001220703125,391.50543212890625,789900,0.0,0.0
2014-11-17 00:00:00-05:00,396.0299987792969,408.2900085449219,395.20001220703125,399.6499938964844,395.913818359375,887700,0.0,0.0
2014-11-18 00:00:00-05:00,399.989990234375,414.6700134277344,399.17999267578125,413.2200012207031,409.3570556640625,977700,0.0,0.0
2014-11-19 00:00:00-05:00,411.3599853515625,419.2699890136719,408.3599853515625,415.25,411.3680419921875,631100,0.0,0.0
2014-11-20 00:00:00-05:00,413.2099914550781,417.8599853515625,405.9599914550781,406.0,402.2044982910156,645900,0.0,0.0
2014-11-21 00:00:00-05:00,415.2699890136719,416.0,403.2900085449219,405.25,401.4615173339844,890700,0.0,0.0
2014-11-24 00:00:00-05:00,405.6600036621094,411.9700012207031,405.2799987792969,409.75,405.9194641113281,655800,0.0,0.0
2014-11-25 00:00:00-05:00,416.3699951171875,416.489990234375,408.4800109863281,413.0,409.1390686035156,818600,0.0,0.0
2014-11-26 00:00:00-05:00,413.92999267578125,415.95001220703125,412.0799865722656,415.8399963378906,411.9525146484375,443700,0.0,0.0
2014-11-28 00:00:00-05:00,416.0,418.0,414.5400085449219,416.1099853515625,412.219970703125,336900,0.0,0.0
2014-12-01 00:00:00-05:00,413.9800109863281,414.79998779296875,407.989990234375,408.7200012207031,404.8990478515625,638900,0.0,0.0
2014-12-02 00:00:00-05:00,411.0,422.82000732421875,409.8999938964844,421.239990234375,417.3019714355469,687000,0.0,0.0
2014-12-03 00:00:00-05:00,422.2200012207031,425.2799987792969,415.5199890136719,424.4100036621094,420.44244384765625,488700,0.0,0.0
2014-12-04 00:00:00-05:00,423.42999267578125,427.7799987792969,420.739990234375,423.2099914550781,419.25360107421875,657300,0.0,0.0
2014-12-05 00:00:00-05:00,424.7699890136719,424.989990234375,420.8599853515625,423.2300109863281,419.2734375,453300,0.0,0.0
2014-12-08 00:00:00-05:00,423.3999938964844,437.6400146484375,421.8299865722656,434.95001220703125,430.88385009765625,579800,0.0,0.0
2014-12-09 00:00:00-05:00,428.2699890136719,436.0799865722656,425.4200134277344,432.6700134277344,428.62518310546875,860800,0.0,0.0
2014-12-10 00:00:00-05:00,433.1499938964844,435.7799987792969,421.260009765625,422.92999267578125,418.9762268066406,568900,0.0,0.0
2014-12-11 00:00:00-05:00,425.69000244140625,432.2200012207031,423.5199890136719,424.3500061035156,420.38299560546875,501000,0.0,0.0
2014-12-12 00:00:00-05:00,420.17999267578125,427.1000061035156,416.0,416.44000244140625,412.54693603515625,575700,0.0,0.0
2014-12-15 00:00:00-05:00,419.95001220703125,421.8900146484375,397.82000732421875,401.010009765625,397.2611999511719,1026100,0.0,0.0
2014-12-16 00:00:00-05:00,394.739990234375,411.1600036621094,388.1600036621094,396.1300048828125,392.4267883300781,927500,0.0,0.0
2014-12-17 00:00:00-05:00,398.3999938964844,411.57000732421875,396.1300048828125,410.989990234375,407.1478576660156,668800,0.0,0.0
2014-12-18 00:00:00-05:00,415.489990234375,424.44000244140625,412.3999938964844,423.7900085449219,419.8282165527344,733800,0.0,0.0
2014-12-19 00:00:00-05:00,423.1300048828125,432.4599914550781,420.5299987792969,427.6400146484375,423.6422424316406,1386900,0.0,0.0
2014-12-22 00:00:00-05:00,421.0,422.79998779296875,410.1499938964844,412.9700012207031,409.1093444824219,857400,0.0,0.0
2014-12-23 00:00:00-05:00,410.3800048828125,410.9599914550781,383.8699951171875,394.04998779296875,390.3661804199219,2133900,0.0,0.0
2014-12-24 00:00:00-05:00,392.6000061035156,404.5,392.1400146484375,400.1199951171875,396.3794860839844,641600,0.0,0.0
2014-12-26 00:00:00-05:00,403.45001220703125,414.8399963378906,402.1199951171875,413.4800109863281,409.61456298828125,722500,0.0,0.0
2014-12-29 00:00:00-05:00,412.82000732421875,414.9599914550781,405.3599853515625,413.8699951171875,410.0009460449219,652500,0.0,0.0
2014-12-30 00:00:00-05:00,413.6300048828125,416.9800109863281,406.510009765625,408.3399963378906,404.52264404296875,464700,0.0,0.0
2014-12-31 00:00:00-05:00,410.57000732421875,416.989990234375,408.57000732421875,410.25,406.4147644042969,759900,0.0,0.0
2015-01-02 00:00:00-05:00,413.8999938964844,419.1499938964844,407.5,410.1600036621094,406.32562255859375,765900,0.0,0.0
2015-01-05 00:00:00-05:00,414.260009765625,419.4100036621094,409.0400085449219,412.4700012207031,408.6140441894531,882800,0.0,0.0
2015-01-06 00:00:00-05:00,414.3900146484375,420.75,396.54998779296875,396.8900146484375,393.1796875,1262400,0.0,0.0
2015-01-07 00:00:00-05:00,402.7900085449219,408.67999267578125,398.5,407.7200012207031,403.90838623046875,880600,0.0,0.0
2015-01-08 00:00:00-05:00,411.57000732421875,412.989990234375,401.1600036621094,403.25,399.4801940917969,1184500,0.0,0.0
2015-01-09 00:00:00-05:00,409.7799987792969,419.19000244140625,404.1600036621094,411.0400085449219,407.1974182128906,1207600,0.0,0.0
2015-01-12 00:00:00-05:00,414.0199890136719,419.44000244140625,409.5,413.3299865722656,409.4659423828125,664500,0.0,0.0
2015-01-13 00:00:00-05:00,417.7300109863281,425.489990234375,402.5199890136719,406.489990234375,402.68988037109375,1438200,0.0,0.0
2015-01-14 00:00:00-05:00,403.1199951171875,408.5199890136719,401.4200134277344,404.30999755859375,400.5303039550781,968600,0.0,0.0
2015-01-15 00:00:00-05:00,405.4800109863281,407.2200012207031,395.55999755859375,397.1199951171875,393.4075012207031,982900,0.0,0.0
2015-01-16 00:00:00-05:00,398.17999267578125,409.70001220703125,395.6600036621094,408.69000244140625,404.8693542480469,1036700,0.0,0.0
2015-01-20 00:00:00-05:00,410.7799987792969,422.5299987792969,405.1499938964844,421.1099853515625,417.1732177734375,803000,0.0,0.0
2015-01-21 00:00:00-05:00,418.1499938964844,423.9100036621094,412.010009765625,418.1099853515625,414.2013244628906,687400,0.0,0.0
2015-01-22 00:00:00-05:00,418.9700012207031,421.2900085449219,406.5,420.80999755859375,416.87603759765625,589500,0.0,0.0
2015-01-23 00:00:00-05:00,421.05999755859375,422.9100036621094,414.5899963378906,420.2099914550781,416.28167724609375,387600,0.0,0.0
2015-01-26 00:00:00-05:00,419.9100036621094,427.45001220703125,417.010009765625,423.7699890136719,419.8083801269531,453600,0.0,0.0
2015-01-27 00:00:00-05:00,417.2300109863281,422.07000732421875,413.6499938964844,415.739990234375,411.8534240722656,704800,0.0,0.0
2015-01-28 00:00:00-05:00,417.6400146484375,420.6000061035156,407.5,408.0,404.185791015625,641000,0.0,0.0
2015-01-29 00:00:00-05:00,408.67999267578125,415.5,401.1700134277344,414.6400146484375,410.7637023925781,583500,0.0,0.0
2015-01-30 00:00:00-05:00,410.8800048828125,424.739990234375,410.6000061035156,416.6600036621094,412.76483154296875,1060000,0.0,0.0
2015-02-02 00:00:00-05:00,419.7900085449219,420.989990234375,407.6400146484375,413.0899963378906,409.22821044921875,637700,0.0,0.0
2015-02-03 00:00:00-05:00,416.5199890136719,416.5199890136719,398.7099914550781,409.20001220703125,405.37457275390625,933100,0.0,0.0
2015-02-04 00:00:00-05:00,400.4700012207031,407.8900146484375,393.0,401.3599853515625,397.6078796386719,1195100,0.0,0.0
2015-02-05 00:00:00-05:00,403.54998779296875,415.4700012207031,403.1700134277344,413.8699951171875,410.0009460449219,760300,0.0,0.0
2015-02-06 00:00:00-05:00,413.4700012207031,414.4700012207031,405.260009765625,406.8599853515625,403.05645751953125,625600,0.0,0.0
2015-02-09 00:00:00-05:00,407.54998779296875,409.1499938964844,397.70001220703125,399.7200012207031,395.98321533203125,1023800,0.0,0.0
2015-02-10 00:00:00-05:00,402.6499938964844,407.760009765625,394.010009765625,400.7099914550781,396.96392822265625,1580900,0.0,0.0
2015-02-11 00:00:00-05:00,399.5,406.8999938964844,398.80999755859375,398.989990234375,395.2600402832031,690500,0.0,0.0
2015-02-12 00:00:00-05:00,401.0,405.20001220703125,396.6199951171875,401.739990234375,397.9843444824219,660900,0.0,0.0
2015-02-13 00:00:00-05:00,404.5400085449219,406.5,397.6000061035156,402.3999938964844,398.6381530761719,802700,0.0,0.0
2015-02-17 00:00:00-05:00,402.0,406.5,400.75,404.17999267578125,400.4015197753906,731100,0.0,0.0
2015-02-18 00:00:00-05:00,404.4800109863281,408.4100036621094,400.510009765625,405.79998779296875,402.0063171386719,478700,0.0,0.0
2015-02-19 00:00:00-05:00,408.5,428.4700012207031,407.489990234375,426.6000061035156,422.6119079589844,1451000,0.0,0.0
2015-02-20 00:00:00-05:00,425.0,428.2300109863281,421.1600036621094,423.7799987792969,419.8182678222656,886600,0.0,0.0
2015-02-23 00:00:00-05:00,423.9200134277344,432.3800048828125,423.5,425.1099853515625,421.1358337402344,865500,0.0,0.0
2015-02-24 00:00:00-05:00,426.3599853515625,426.54998779296875,415.7699890136719,420.6400146484375,416.7076416015625,723400,0.0,0.0
2015-02-25 00:00:00-05:00,420.1600036621094,427.0,417.0,423.0400085449219,419.085205078125,764700,0.0,0.0
2015-02-26 00:00:00-05:00,425.0,427.92999267578125,416.20001220703125,419.8699951171875,415.94482421875,690400,0.0,0.0
2015-02-27 00:00:00-05:00,421.0400085449219,421.07000732421875,411.0400085449219,413.8399963378906,409.97119140625,811000,0.0,0.0
2015-03-02 00:00:00-05:00,416.2799987792969,419.6000061035156,414.1700134277344,418.44000244140625,414.5282287597656,613400,0.0,0.0
2015-03-03 00:00:00-05:00,418.5799865722656,418.82000732421875,406.8500061035156,412.510009765625,408.6536865234375,586600,0.0,0.0
2015-03-04 00:00:00-05:00,409.1700134277344,415.8800048828125,408.2099914550781,413.0400085449219,409.1787109375,590500,0.0,0.0
2015-03-05 00:00:00-05:00,414.92999267578125,430.6700134277344,414.2099914550781,428.95001220703125,424.9399719238281,1165800,0.0,0.0
2015-03-06 00:00:00-05:00,428.6700134277344,431.69000244140625,421.1499938964844,422.1300048828125,418.1837158203125,744600,0.0,0.0
2015-03-09 00:00:00-04:00,424.44000244140625,430.989990234375,420.1499938964844,426.8699951171875,422.87939453125,703000,0.0,0.0
2015-03-10 00:00:00-04:00,424.0,427.80999755859375,420.7799987792969,422.8399963378906,418.8870544433594,693100,0.0,0.0
2015-03-11 00:00:00-04:00,425.7799987792969,429.8699951171875,424.0299987792969,424.54998779296875,420.5810852050781,730800,0.0,0.0
2015-03-12 00:00:00-04:00,427.3900146484375,427.44000244140625,422.2099914550781,425.1600036621094,421.18536376953125,541200,0.0,0.0
2015-03-13 00:00:00-04:00,425.0,435.0,424.5,429.3800048828125,425.365966796875,807900,0.0,0.0
2015-03-16 00:00:00-04:00,436.55999755859375,452.3599853515625,436.55999755859375,451.7699890136719,447.5466003417969,1608700,0.0,0.0
2015-03-17 00:00:00-04:00,450.0199890136719,468.5,447.32000732421875,467.79998779296875,463.4267578125,1705400,0.0,0.0
2015-03-18 00:00:00-04:00,465.0799865722656,475.95001220703125,461.32000732421875,472.1099853515625,467.69647216796875,996100,0.0,0.0
2015-03-19 00:00:00-04:00,475.0899963378906,486.6300048828125,472.45001220703125,486.0199890136719,481.4764404296875,1142400,0.0,0.0
2015-03-20 00:00:00-04:00,493.32000732421875,495.5,476.260009765625,488.8699951171875,484.2998046875,1582200,0.0,0.0
2015-03-23 00:00:00-04:00,480.8299865722656,481.8800048828125,471.1099853515625,478.32000732421875,473.84844970703125,1072600,0.0,0.0
2015-03-24 00:00:00-04:00,478.3599853515625,482.9800109863281,473.1199951171875,473.739990234375,469.3111877441406,839700,0.0,0.0
2015-03-25 00:00:00-04:00,474.4800109863281,478.739990234375,452.010009765625,453.989990234375,449.7458801269531,1415800,0.0,0.0
2015-03-26 00:00:00-04:00,448.0,457.7200012207031,441.8699951171875,448.3800048828125,444.1883239746094,1132900,0.0,0.0
2015-03-27 00:00:00-04:00,449.4800109863281,460.1199951171875,448.0400085449219,454.5,450.2510986328125,855900,0.0,0.0
2015-03-30 00:00:00-04:00,459.04998779296875,462.5899963378906,453.1099853515625,459.7799987792969,455.4817199707031,640600,0.0,0.0
2015-03-31 00:00:00-04:00,456.2300109863281,464.5199890136719,450.0199890136719,451.4800109863281,447.2593688964844,884200,0.0,0.0
2015-04-01 00:00:00-04:00,450.0,450.0,433.4700012207031,441.17999267578125,437.05560302734375,1501000,0.0,0.0
2015-04-02 00:00:00-04:00,443.17999267578125,444.7900085449219,434.42999267578125,438.2699890136719,434.17279052734375,797800,0.0,0.0
2015-04-06 00:00:00-04:00,434.25,445.75,434.010009765625,440.2300109863281,436.1145324707031,631800,0.0,0.0
2015-04-07 00:00:00-04:00,440.19000244140625,454.20001220703125,440.19000244140625,441.6499938964844,437.5212097167969,507300,0.0,0.0
2015-04-08 00:00:00-04:00,444.3699951171875,458.94000244140625,440.04998779296875,453.19000244140625,448.953369140625,563000,0.0,0.0
2015-04-09 00:00:00-04:00,452.3299865722656,458.44000244140625,449.510009765625,455.0400085449219,450.78607177734375,465100,0.0,0.0
2015-04-10 00:00:00-04:00,456.6300048828125,463.4700012207031,454.4200134277344,461.3900146484375,457.07672119140625,587600,0.0,0.0
2015-04-13 00:00:00-04:00,460.94000244140625,469.8999938964844,456.57000732421875,456.9800109863281,452.70794677734375,479300,0.0,0.0
2015-04-14 00:00:00-04:00,455.94000244140625,458.8599853515625,449.0199890136719,455.07000732421875,450.8157653808594,443700,0.0,0.0
2015-04-15 00:00:00-04:00,457.0,457.0,445.010009765625,453.8900146484375,449.6468200683594,616400,0.0,0.0
2015-04-16 00:00:00-04:00,454.54998779296875,458.29998779296875,452.9700012207031,457.4200134277344,453.143798828125,603700,0.0,0.0
2015-04-17 00:00:00-04:00,451.5799865722656,455.7799987792969,442.6000061035156,447.5199890136719,443.3363342285156,677000,0.0,0.0
2015-04-20 00:00:00-04:00,449.82000732421875,455.8800048828125,445.3900146484375,452.4200134277344,448.1905517578125,346600,0.0,0.0
2015-04-21 00:00:00-04:00,454.75,463.7300109863281,450.0199890136719,463.2200012207031,458.8895568847656,1177500,0.0,0.0
2015-04-22 00:00:00-04:00,464.9200134277344,477.1000061035156,463.8399963378906,472.6300048828125,468.2116394042969,977700,0.0,0.0
2015-04-23 00:00:00-04:00,478.0,482.0,475.07000732421875,480.0799865722656,475.5919494628906,1070600,0.0,0.0
2015-04-24 00:00:00-04:00,479.1600036621094,486.0,475.0199890136719,480.0899963378906,475.60186767578125,909000,0.0,0.0
2015-04-27 00:00:00-04:00,483.6099853515625,485.75,467.20001220703125,473.4800109863281,469.0536804199219,1112700,0.0,0.0
2015-04-28 00:00:00-04:00,474.5299987792969,477.54998779296875,459.0,466.3399963378906,461.9803466796875,909600,0.0,0.0
2015-04-29 00:00:00-04:00,463.8699951171875,473.5899963378906,461.1099853515625,469.70001220703125,465.30902099609375,808100,0.0,0.0
2015-04-30 00:00:00-04:00,467.2799987792969,471.2200012207031,451.5899963378906,457.4599914550781,453.1834411621094,683200,0.0,0.0
2015-05-01 00:00:00-04:00,463.0199890136719,474.9700012207031,462.45001220703125,471.1600036621094,466.75537109375,710800,0.0,0.0
2015-05-04 00:00:00-04:00,473.45001220703125,477.7300109863281,470.5400085449219,474.1700134277344,469.7372131347656,592100,0.0,0.0
2015-05-05 00:00:00-04:00,472.1600036621094,473.1000061035156,462.2900085449219,465.5,461.1482849121094,552700,0.0,0.0
2015-05-06 00:00:00-04:00,469.1600036621094,478.0,465.80999755859375,470.010009765625,465.6161193847656,844700,0.0,0.0
2015-05-07 00:00:00-04:00,480.010009765625,482.989990234375,462.0,468.6199951171875,464.23907470703125,1340400,0.0,0.0
2015-05-08 00:00:00-04:00,470.0,484.8500061035156,470.0,481.2900085449219,476.7906188964844,1415200,0.0,0.0
2015-05-11 00:00:00-04:00,484.260009765625,488.0,476.6199951171875,477.55999755859375,473.09552001953125,640800,0.0,0.0
2015-05-12 00:00:00-04:00,474.989990234375,480.95001220703125,465.260009765625,479.3999938964844,474.9183044433594,680800,0.0,0.0
2015-05-13 00:00:00-04:00,479.6700134277344,480.2699890136719,473.0,477.4599914550781,472.9964599609375,609800,0.0,0.0
2015-05-14 00:00:00-04:00,481.6600036621094,492.2200012207031,474.0,491.42999267578125,486.8358459472656,787700,0.0,0.0
2015-05-15 00:00:00-04:00,495.0,498.489990234375,486.2300109863281,489.010009765625,484.4385070800781,466800,0.0,0.0
2015-05-18 00:00:00-04:00,488.010009765625,500.3599853515625,487.80999755859375,496.739990234375,492.0962219238281,707200,0.0,0.0
2015-05-19 00:00:00-04:00,495.510009765625,506.25,493.30999755859375,504.1499938964844,499.43695068359375,710800,0.0,0.0
2015-05-20 00:00:00-04:00,507.5,516.8099975585938,503.4200134277344,512.77001953125,507.97637939453125,822500,0.0,0.0
2015-05-21 00:00:00-04:00,513.0900268554688,518.2000122070312,510.20001220703125,516.0,511.1761169433594,864100,0.0,0.0
2015-05-22 00:00:00-04:00,513.739990234375,519.4600219726562,513.5,513.8800048828125,509.07598876953125,771400,0.0,0.0
2015-05-26 00:00:00-04:00,511.79998779296875,514.4500122070312,503.1600036621094,506.6300048828125,501.8937683105469,774100,0.0,0.0
2015-05-27 00:00:00-04:00,509.04998779296875,515.7999877929688,505.54998779296875,515.3699951171875,510.552001953125,625700,0.0,0.0
2015-05-28 00:00:00-04:00,512.1099853515625,514.3200073242188,509.4599914550781,512.1199951171875,507.3324890136719,702500,0.0,0.0
2015-05-29 00:00:00-04:00,509.510009765625,517.1799926757812,509.45001220703125,512.5599975585938,507.76837158203125,763500,0.0,0.0
2015-06-01 00:00:00-04:00,517.0800170898438,517.0800170898438,505.1199951171875,513.8099975585938,509.0066223144531,551200,0.0,0.0
2015-06-02 00:00:00-04:00,511.25,512.9500122070312,505.25,508.8999938964844,504.14251708984375,641600,0.0,0.0
2015-06-03 00:00:00-04:00,509.6400146484375,514.9099731445312,508.7799987792969,514.219970703125,509.41278076171875,627900,0.0,0.0
2015-06-04 00:00:00-04:00,510.8399963378906,519.7999877929688,510.19000244140625,518.6199951171875,513.7716674804688,816700,0.0,0.0
2015-06-05 00:00:00-04:00,519.4000244140625,539.7999877929688,516.8499755859375,539.4000244140625,534.357421875,1205600,0.0,0.0
2015-06-08 00:00:00-04:00,540.97998046875,544.0,525.5599975585938,526.0900268554688,521.1719360351562,1025900,0.0,0.0
2015-06-09 00:00:00-04:00,526.0900268554688,526.0900268554688,526.0900268554688,526.0900268554688,521.1719360351562,12100,0.0,0.0
2015-06-10 00:00:00-04:00,505.7300109863281,513.72998046875,498.6000061035156,512.3200073242188,507.53057861328125,1810900,0.0,0.0
2015-06-11 00:00:00-04:00,513.2899780273438,514.8499755859375,499.8999938964844,501.1000061035156,496.4154357910156,1115600,0.0,0.0
2015-06-12 00:00:00-04:00,499.44000244140625,500.7799987792969,490.8699951171875,492.2900085449219,487.6878356933594,982800,0.0,0.0
2015-06-15 00:00:00-04:00,490.1099853515625,499.8999938964844,482.9200134277344,499.05999755859375,494.39453125,1302600,0.0,0.0
2015-06-16 00:00:00-04:00,498.17999267578125,505.1499938964844,497.07000732421875,501.760009765625,497.0693359375,639000,0.0,0.0
2015-06-17 00:00:00-04:00,501.760009765625,515.0,501.760009765625,512.8900146484375,508.0952453613281,851800,0.0,0.0
2015-06-18 00:00:00-04:00,515.1099853515625,533.1699829101562,514.97998046875,527.969970703125,523.0342407226562,997300,0.0,0.0
2015-06-19 00:00:00-04:00,531.6400146484375,534.77001953125,520.9600219726562,522.280029296875,517.3975219726562,1150900,0.0,0.0
2015-06-22 00:00:00-04:00,526.8499755859375,532.0,518.0,520.7100219726562,515.8422241210938,750800,0.0,0.0
2015-06-23 00:00:00-04:00,522.1599731445312,523.6300048828125,514.0,521.0499877929688,516.178955078125,474500,0.0,0.0
2015-06-24 00:00:00-04:00,519.010009765625,522.22998046875,513.4299926757812,516.5900268554688,511.76068115234375,454900,0.0,0.0
2015-06-25 00:00:00-04:00,517.969970703125,525.9500122070312,516.5999755859375,519.239990234375,514.3858032226562,482900,0.0,0.0
2015-06-26 00:00:00-04:00,522.530029296875,524.719970703125,513.6599731445312,520.6300048828125,515.762939453125,408200,0.0,0.0
2015-06-29 00:00:00-04:00,514.5900268554688,520.5,504.5199890136719,504.9700012207031,500.249267578125,599900,0.0,0.0
2015-06-30 00:00:00-04:00,512.2000122070312,514.7999877929688,505.6199951171875,510.1300048828125,505.3610534667969,635800,0.0,0.0
2015-07-01 00:00:00-04:00,515.22998046875,516.0499877929688,504.3299865722656,506.510009765625,501.7749328613281,527700,0.0,0.0
2015-07-02 00:00:00-04:00,509.5,512.5,505.2900085449219,511.0799865722656,506.3021545410156,374700,0.0,0.0
2015-07-06 00:00:00-04:00,505.4599914550781,519.6599731445312,505.1099853515625,512.239990234375,507.4513244628906,457600,0.0,0.0
2015-07-07 00:00:00-04:00,515.739990234375,517.8900146484375,507.5,517.6099853515625,512.7710571289062,457500,0.0,0.0
2015-07-08 00:00:00-04:00,515.5399780273438,518.4400024414062,508.2799987792969,509.29998779296875,504.538818359375,405900,0.0,0.0
2015-07-09 00:00:00-04:00,505.1499938964844,513.1799926757812,503.6400146484375,509.0299987792969,504.27130126953125,650700,0.0,0.0
2015-07-10 00:00:00-04:00,514.5,526.22998046875,509.1499938964844,526.010009765625,521.092529296875,723500,0.0,0.0
2015-07-13 00:00:00-04:00,532.280029296875,539.5,531.9500122070312,536.2100219726562,531.197265625,812700,0.0,0.0
2015-07-14 00:00:00-04:00,537.0,544.8599853515625,536.1099853515625,542.9000244140625,537.82470703125,597200,0.0,0.0
2015-07-15 00:00:00-04:00,546.9600219726562,551.9299926757812,540.4299926757812,543.3800048828125,538.3002319335938,466700,0.0,0.0
2015-07-16 00:00:00-04:00,547.0,552.0,542.4299926757812,551.530029296875,546.3740234375,436800,0.0,0.0
2015-07-17 00:00:00-04:00,552.6199951171875,552.97998046875,545.5,551.97998046875,546.81982421875,489000,0.0,0.0
2015-07-20 00:00:00-04:00,555.0,569.9099731445312,552.3400268554688,561.1699829101562,555.9238891601562,935500,0.0,0.0
2015-07-21 00:00:00-04:00,560.0,563.2999877929688,553.5599975585938,560.0,554.7648315429688,560100,0.0,0.0
2015-07-22 00:00:00-04:00,557.5800170898438,563.22998046875,553.780029296875,556.530029296875,551.3273315429688,770500,0.0,0.0
2015-07-23 00:00:00-04:00,558.1900024414062,559.780029296875,553.1400146484375,556.6099853515625,551.406494140625,492500,0.0,0.0
2015-07-24 00:00:00-04:00,550.510009765625,558.0,533.510009765625,541.8499755859375,536.7844848632812,933400,0.0,0.0
2015-07-27 00:00:00-04:00,538.739990234375,543.0,530.3499755859375,540.030029296875,534.9816284179688,658300,0.0,0.0
2015-07-28 00:00:00-04:00,553.2999877929688,559.6500244140625,545.0,552.4500122070312,547.285400390625,872000,0.0,0.0
2015-07-29 00:00:00-04:00,555.22998046875,558.6599731445312,540.02001953125,546.27001953125,541.1632080078125,648500,0.0,0.0
2015-07-30 00:00:00-04:00,545.6300048828125,550.25,536.02001953125,547.0999755859375,541.9854125976562,557000,0.0,0.0
2015-07-31 00:00:00-04:00,551.2899780273438,558.5,547.8499755859375,553.6599731445312,548.4840698242188,500400,0.0,0.0
2015-08-03 00:00:00-04:00,558.469970703125,561.3099975585938,546.0,554.27001953125,549.08837890625,701700,0.0,0.0
2015-08-04 00:00:00-04:00,586.0,605.9299926757812,578.2100219726562,580.9400024414062,575.5090942382812,1939800,0.0,0.0
2015-08-05 00:00:00-04:00,584.2999877929688,595.8900146484375,581.3800048828125,592.4000244140625,586.8619384765625,730500,0.0,0.0
2015-08-06 00:00:00-04:00,593.6599731445312,593.6599731445312,579.0,582.469970703125,577.0247802734375,726700,0.0,0.0
2015-08-07 00:00:00-04:00,586.0,586.0,574.25,579.0399780273438,573.6267700195312,793900,0.0,0.0
2015-08-10 00:00:00-04:00,584.6699829101562,591.8400268554688,580.8800048828125,581.0,575.5685424804688,640300,0.0,0.0
2015-08-11 00:00:00-04:00,577.77001953125,583.3800048828125,565.75,566.989990234375,561.689453125,760900,0.0,0.0
2015-08-12 00:00:00-04:00,561.8499755859375,580.8800048828125,555.5,579.25,573.8348999023438,856000,0.0,0.0
2015-08-13 00:00:00-04:00,578.8900146484375,585.7899780273438,572.9000244140625,574.0999755859375,568.7329711914062,515700,0.0,0.0
2015-08-14 00:00:00-04:00,572.9000244140625,579.3499755859375,568.9600219726562,576.2999877929688,570.912353515625,491500,0.0,0.0
2015-08-17 00:00:00-04:00,574.72998046875,578.5700073242188,571.5900268554688,576.760009765625,571.3681640625,444700,0.0,0.0
2015-08-18 00:00:00-04:00,578.9500122070312,579.97998046875,569.0999755859375,569.6699829101562,564.3444213867188,581200,0.0,0.0
2015-08-19 00:00:00-04:00,567.3200073242188,575.1199951171875,562.0,568.9099731445312,563.5914916992188,477200,0.0,0.0
2015-08-20 00:00:00-04:00,561.3300170898438,567.8599853515625,546.010009765625,546.6500244140625,541.5396118164062,790400,0.0,0.0
2015-08-21 00:00:00-04:00,537.75,557.1900024414062,525.22998046875,527.1799926757812,522.251708984375,1501700,0.0,0.0
2015-08-24 00:00:00-04:00,498.0,526.0999755859375,480.5,504.5799865722656,499.8628845214844,1757000,0.0,0.0
2015-08-25 00:00:00-04:00,520.9400024414062,528.3800048828125,496.5299987792969,499.0199890136719,494.35491943359375,1235200,0.0,0.0
2015-08-26 00:00:00-04:00,513.219970703125,535.8699951171875,506.25,535.469970703125,530.4640502929688,1064500,0.0,0.0
2015-08-27 00:00:00-04:00,540.0,547.510009765625,526.6500244140625,538.0,532.970458984375,759500,0.0,0.0
2015-08-28 00:00:00-04:00,530.3900146484375,543.1199951171875,530.1599731445312,536.7000122070312,531.6826782226562,507800,0.0,0.0
2015-08-31 00:00:00-04:00,526.260009765625,534.719970703125,511.8699951171875,513.5,508.6994934082031,835300,0.0,0.0
2015-09-01 00:00:00-04:00,499.2900085449219,510.989990234375,494.2900085449219,496.4200134277344,491.7792053222656,899200,0.0,0.0
2015-09-02 00:00:00-04:00,503.7099914550781,518.989990234375,493.75,518.780029296875,513.9301147460938,748500,0.0,0.0
2015-09-03 00:00:00-04:00,523.4500122070312,523.6400146484375,506.8299865722656,508.510009765625,503.7561950683594,608100,0.0,0.0
2015-09-04 00:00:00-04:00,500.510009765625,507.9700012207031,498.9800109863281,499.989990234375,495.3158264160156,806700,0.0,0.0
2015-09-08 00:00:00-04:00,514.8800048828125,543.1900024414062,510.1300048828125,542.760009765625,537.68603515625,1242200,0.0,0.0
2015-09-09 00:00:00-04:00,549.280029296875,549.989990234375,520.2899780273438,527.3499755859375,522.4200439453125,567700,0.0,0.0
2015-09-10 00:00:00-04:00,525.6599731445312,536.4299926757812,524.3599853515625,531.219970703125,526.2538452148438,522500,0.0,0.0
2015-09-11 00:00:00-04:00,528.4099731445312,533.2999877929688,524.72998046875,533.2999877929688,528.3143920898438,518800,0.0,0.0
2015-09-14 00:00:00-04:00,533.469970703125,535.0399780273438,524.8599853515625,531.4000244140625,526.4321899414062,345000,0.0,0.0
2015-09-15 00:00:00-04:00,531.4000244140625,542.989990234375,527.010009765625,541.4500122070312,536.3882446289062,464500,0.0,0.0
2015-09-16 00:00:00-04:00,541.0,545.0,533.6199951171875,540.989990234375,535.9324951171875,447600,0.0,0.0
2015-09-17 00:00:00-04:00,538.02001953125,556.3099975585938,537.9500122070312,550.969970703125,545.8192749023438,818600,0.0,0.0
2015-09-18 00:00:00-04:00,547.989990234375,554.0,542.989990234375,550.3599853515625,545.2149047851562,1191600,0.0,0.0
2015-09-21 00:00:00-04:00,551.5499877929688,557.8699951171875,522.1199951171875,529.3800048828125,524.43115234375,888600,0.0,0.0
2015-09-22 00:00:00-04:00,521.2999877929688,531.4400024414062,519.5700073242188,530.1799926757812,525.2236328125,924700,0.0,0.0
2015-09-23 00:00:00-04:00,531.489990234375,541.2999877929688,522.5800170898438,536.5,531.4844970703125,990000,0.0,0.0
2015-09-24 00:00:00-04:00,532.010009765625,534.9199829101562,515.6599731445312,522.0,517.1200561523438,1050400,0.0,0.0
2015-09-25 00:00:00-04:00,529.239990234375,529.5,480.0799865722656,490.6700134277344,486.0829772949219,1522800,0.0,0.0
2015-09-28 00:00:00-04:00,491.010009765625,492.4200134277344,435.5199890136719,453.9800109863281,449.7359619140625,3128600,0.0,0.0
2015-09-29 00:00:00-04:00,444.5899963378906,477.3699951171875,441.3800048828125,451.82000732421875,447.5961608886719,1621200,0.0,0.0
2015-09-30 00:00:00-04:00,460.5799865722656,474.8399963378906,454.9700012207031,465.1400146484375,460.7916564941406,1452200,0.0,0.0
2015-10-01 00:00:00-04:00,464.010009765625,473.510009765625,456.32000732421875,472.9700012207031,468.54840087890625,877100,0.0,0.0
2015-10-02 00:00:00-04:00,458.04998779296875,479.2900085449219,452.1499938964844,479.07000732421875,474.5914001464844,1159600,0.0,0.0
2015-10-05 00:00:00-04:00,484.1000061035156,489.0,464.0,473.1400146484375,468.7168273925781,915000,0.0,0.0
2015-10-06 00:00:00-04:00,468.0,476.8900146484375,448.1000061035156,459.82000732421875,455.5213317871094,1114300,0.0,0.0
2015-10-07 00:00:00-04:00,463.3900146484375,486.0799865722656,456.8800048828125,485.760009765625,481.2189025878906,1271000,0.0,0.0
2015-10-08 00:00:00-04:00,482.7799987792969,496.67999267578125,468.5400085449219,491.2099914550781,486.6178894042969,840200,0.0,0.0
2015-10-09 00:00:00-04:00,494.0199890136719,504.9800109863281,487.239990234375,503.9200134277344,499.2091369628906,899300,0.0,0.0
2015-10-12 00:00:00-04:00,521.2100219726562,531.8699951171875,514.27001953125,526.8300170898438,521.9049682617188,1306600,0.0,0.0
2015-10-13 00:00:00-04:00,518.010009765625,525.9099731445312,506.9599914550781,508.0400085449219,503.29058837890625,984500,0.0,0.0
2015-10-14 00:00:00-04:00,509.9100036621094,523.0,502.510009765625,509.2799987792969,504.5190124511719,774700,0.0,0.0
2015-10-15 00:00:00-04:00,509.6600036621094,520.0,505.0199890136719,519.3499755859375,514.4948120117188,735300,0.0,0.0
2015-10-16 00:00:00-04:00,521.7899780273438,522.0,509.05999755859375,514.5900268554688,509.77935791015625,754600,0.0,0.0
2015-10-19 00:00:00-04:00,515.8499755859375,530.6599731445312,513.0,523.5599975585938,518.66552734375,871000,0.0,0.0
2015-10-20 00:00:00-04:00,522.1500244140625,526.5,510.75,514.6699829101562,509.8586120605469,707800,0.0,0.0
2015-10-21 00:00:00-04:00,521.25,524.52001953125,500.6600036621094,518.530029296875,513.6826171875,868100,0.0,0.0
2015-10-22 00:00:00-04:00,518.1199951171875,528.8800048828125,511.25,525.1099853515625,520.2009887695312,972700,0.0,0.0
2015-10-23 00:00:00-04:00,530.1900024414062,539.1099853515625,525.3099975585938,536.7000122070312,531.6826782226562,804500,0.0,0.0
2015-10-26 00:00:00-04:00,537.7000122070312,550.8900146484375,534.8599853515625,545.8699951171875,540.7669067382812,709600,0.0,0.0
2015-10-27 00:00:00-04:00,545.1599731445312,568.3800048828125,545.1599731445312,567.7899780273438,562.4819946289062,898400,0.0,0.0
2015-10-28 00:00:00-04:00,561.6500244140625,571.1599731445312,553.6199951171875,571.1400146484375,565.8007202148438,890200,0.0,0.0
2015-10-29 00:00:00-04:00,568.5599975585938,578.0,559.0,560.02001953125,554.7846069335938,693300,0.0,0.0
2015-10-30 00:00:00-04:00,562.3300170898438,565.6599731445312,552.5,557.3900146484375,552.1792602539062,731900,0.0,0.0
2015-11-02 00:00:00-05:00,568.2899780273438,580.97998046875,560.2000122070312,579.0,573.5872192382812,993800,0.0,0.0
2015-11-03 00:00:00-05:00,581.0,581.0,564.5,578.0,572.5964965820312,944500,0.0,0.0
2015-11-04 00:00:00-05:00,578.010009765625,588.0499877929688,549.5,564.0,558.7274169921875,1526500,0.0,0.0
2015-11-05 00:00:00-05:00,564.9400024414062,574.25,561.0,564.1599731445312,558.8858642578125,1035500,0.0,0.0
2015-11-06 00:00:00-05:00,561.030029296875,566.0800170898438,552.8900146484375,562.0,556.7461547851562,666200,0.0,0.0
2015-11-09 00:00:00-05:00,560.8300170898438,564.5599975585938,555.8200073242188,558.52001953125,553.2987060546875,658100,0.0,0.0
2015-11-10 00:00:00-05:00,559.0,565.5,551.010009765625,564.8599853515625,559.579345703125,570200,0.0,0.0
2015-11-11 00:00:00-05:00,567.5,571.75,560.1500244140625,566.4099731445312,561.1148681640625,597400,0.0,0.0
2015-11-12 00:00:00-05:00,566.02001953125,566.3699951171875,551.510009765625,552.530029296875,547.3646850585938,579400,0.0,0.0
2015-11-13 00:00:00-05:00,551.1900024414062,557.25,545.1199951171875,548.9000244140625,543.7685546875,548700,0.0,0.0
2015-11-16 00:00:00-05:00,550.260009765625,559.1799926757812,545.2000122070312,558.3800048828125,553.159912109375,574000,0.0,0.0
2015-11-17 00:00:00-05:00,559.4400024414062,573.3499755859375,556.7899780273438,570.9099731445312,565.5728149414062,692000,0.0,0.0
2015-11-18 00:00:00-05:00,571.4000244140625,588.97998046875,571.4000244140625,587.0900268554688,581.6015625,708000,0.0,0.0
2015-11-19 00:00:00-05:00,587.0,592.5900268554688,580.5800170898438,581.3499755859375,575.9152221679688,584800,0.0,0.0
2015-11-20 00:00:00-05:00,583.9500122070312,587.3800048828125,576.5900268554688,579.5700073242188,574.1517944335938,745700,0.0,0.0
2015-11-23 00:00:00-05:00,575.989990234375,584.5900268554688,567.0599975585938,570.8499755859375,565.513427734375,856900,0.0,0.0
2015-11-24 00:00:00-05:00,567.0499877929688,569.9299926757812,560.530029296875,567.469970703125,562.1650390625,673900,0.0,0.0
2015-11-25 00:00:00-05:00,567.9600219726562,572.9400024414062,560.0,561.6900024414062,556.4390258789062,774100,0.0,0.0
2015-11-27 00:00:00-05:00,564.0800170898438,566.52001953125,559.25,563.0999755859375,557.8358154296875,466600,0.0,0.0
2015-11-30 00:00:00-05:00,563.989990234375,565.6799926757812,540.260009765625,544.5,539.4097290039062,866500,0.0,0.0
2015-12-01 00:00:00-05:00,549.25,550.3200073242188,536.2999877929688,545.739990234375,540.63818359375,651400,0.0,0.0
2015-12-02 00:00:00-05:00,545.010009765625,555.8800048828125,541.2000122070312,546.8800048828125,541.7674560546875,698800,0.0,0.0
2015-12-03 00:00:00-05:00,547.5900268554688,549.989990234375,534.1300048828125,535.72998046875,530.7217407226562,748300,0.0,0.0
2015-12-04 00:00:00-05:00,538.0900268554688,559.2999877929688,538.010009765625,558.6599731445312,553.4373779296875,621600,0.0,0.0
2015-12-07 00:00:00-05:00,559.6599731445312,560.1500244140625,544.5599975585938,546.6099853515625,541.5,491200,0.0,0.0
2015-12-08 00:00:00-05:00,542.8699951171875,558.0,540.0,556.3300170898438,551.1292114257812,440500,0.0,0.0
2015-12-09 00:00:00-05:00,553.760009765625,562.8599853515625,543.0,547.3900146484375,542.2727661132812,566000,0.0,0.0
2015-12-10 00:00:00-05:00,547.239990234375,551.6900024414062,542.5499877929688,548.1699829101562,543.0453491210938,554400,0.0,0.0
2015-12-11 00:00:00-05:00,538.9000244140625,547.5,532.5,534.510009765625,529.51318359375,699500,0.0,0.0
2015-12-14 00:00:00-05:00,537.1400146484375,540.4299926757812,527.0499877929688,539.9400024414062,534.8922729492188,630500,0.0,0.0
2015-12-15 00:00:00-05:00,543.4199829101562,557.1500244140625,540.0,556.4500122070312,551.2479858398438,782600,0.0,0.0
2015-12-16 00:00:00-05:00,559.0900268554688,563.7899780273438,547.5499877929688,559.6699829101562,554.4379272460938,741100,0.0,0.0
2015-12-17 00:00:00-05:00,560.0,563.030029296875,551.2000122070312,551.489990234375,546.3344116210938,618900,0.0,0.0
2015-12-18 00:00:00-05:00,548.3400268554688,552.030029296875,542.1500244140625,544.22998046875,539.1422119140625,1188300,0.0,0.0
2015-12-21 00:00:00-05:00,545.9500122070312,547.0900268554688,528.280029296875,532.5499877929688,527.5713500976562,863300,0.0,0.0
2015-12-22 00:00:00-05:00,535.5900268554688,539.6099853515625,526.260009765625,528.3400268554688,523.4008178710938,621800,0.0,0.0
2015-12-23 00:00:00-05:00,531.0599975585938,537.47998046875,528.4099731445312,535.8499755859375,530.8405151367188,415300,0.0,0.0
2015-12-24 00:00:00-05:00,535.5599975585938,539.8499755859375,534.1099853515625,537.6300048828125,532.6039428710938,169400,0.0,0.0
2015-12-28 00:00:00-05:00,536.4500122070312,540.719970703125,531.5800170898438,540.280029296875,535.2291870117188,351000,0.0,0.0
2015-12-29 00:00:00-05:00,542.280029296875,553.75,541.760009765625,550.2100219726562,545.06640625,519700,0.0,0.0
2015-12-30 00:00:00-05:00,550.5399780273438,551.8800048828125,544.6900024414062,548.1900024414062,543.0653076171875,297400,0.0,0.0
2015-12-31 00:00:00-05:00,542.6199951171875,550.6599731445312,542.6199951171875,542.8699951171875,537.794921875,310500,0.0,0.0
2016-01-04 00:00:00-05:00,531.760009765625,532.9099731445312,507.1000061035156,516.5499877929688,511.7210693359375,1025800,0.0,0.0
2016-01-05 00:00:00-05:00,519.3800048828125,521.780029296875,504.05999755859375,508.9800109863281,504.2218017578125,889300,0.0,0.0
2016-01-06 00:00:00-05:00,499.0,524.6699829101562,496.0,519.47998046875,514.6235961914062,887600,0.0,0.0
2016-01-07 00:00:00-05:00,510.5,515.3499755859375,501.9100036621094,501.9599914550781,497.2673645019531,931000,0.0,0.0
2016-01-08 00:00:00-05:00,505.0199890136719,511.30999755859375,490.989990234375,491.67999267578125,487.0835266113281,793100,0.0,0.0
2016-01-11 00:00:00-05:00,495.04998779296875,498.70001220703125,469.79998779296875,480.82000732421875,476.3250732421875,863000,0.0,0.0
2016-01-12 00:00:00-05:00,486.0,486.989990234375,452.6700134277344,474.9800109863281,470.5396423339844,1717700,0.0,0.0
2016-01-13 00:00:00-05:00,474.8500061035156,474.8500061035156,451.3900146484375,459.57000732421875,455.2737121582031,1396900,0.0,0.0
2016-01-14 00:00:00-05:00,461.8500061035156,486.5199890136719,453.1600036621094,479.0799865722656,474.601318359375,1193300,0.0,0.0
2016-01-15 00:00:00-05:00,464.5899963378906,476.239990234375,456.0,462.95001220703125,458.62213134765625,1350700,0.0,0.0
2016-01-19 00:00:00-05:00,470.20001220703125,474.44000244140625,441.8800048828125,447.0199890136719,442.84100341796875,1219300,0.0,0.0
2016-01-20 00:00:00-05:00,438.5299987792969,468.82000732421875,432.04998779296875,461.95001220703125,457.6315002441406,1229400,0.0,0.0
2016-01-21 00:00:00-05:00,462.1600036621094,469.9800109863281,452.010009765625,461.57000732421875,457.2550354003906,889900,0.0,0.0
2016-01-22 00:00:00-05:00,469.42999267578125,484.57000732421875,464.2300109863281,482.989990234375,478.4747314453125,820500,0.0,0.0
2016-01-25 00:00:00-05:00,468.5299987792969,482.2699890136719,465.1099853515625,473.1199951171875,468.697021484375,920200,0.0,0.0
2016-01-26 00:00:00-05:00,474.3999938964844,474.3999938964844,456.25,463.55999755859375,459.22637939453125,608200,0.0,0.0
2016-01-27 00:00:00-05:00,460.6300048828125,463.239990234375,431.510009765625,434.1600036621094,430.1012878417969,1225800,0.0,0.0
2016-01-28 00:00:00-05:00,436.0,436.70001220703125,400.0,415.1099853515625,411.22930908203125,2297300,0.0,0.0
2016-01-29 00:00:00-05:00,415.2200012207031,428.9100036621094,405.05999755859375,420.0899963378906,416.16278076171875,1148200,0.0,0.0
2016-02-01 00:00:00-05:00,417.19000244140625,420.7699890136719,408.4200134277344,418.2699890136719,414.3597717285156,1000200,0.0,0.0
2016-02-02 00:00:00-05:00,412.67999267578125,415.6300048828125,402.2300109863281,409.8900146484375,406.05816650390625,887500,0.0,0.0
2016-02-03 00:00:00-05:00,413.04998779296875,422.489990234375,392.3500061035156,421.010009765625,417.07421875,1248400,0.0,0.0
2016-02-04 00:00:00-05:00,417.1700134277344,437.5299987792969,408.1199951171875,412.5899963378906,408.7329406738281,1284700,0.0,0.0
2016-02-05 00:00:00-05:00,416.1000061035156,420.5299987792969,393.07000732421875,396.6099853515625,392.9023132324219,1432700,0.0,0.0
2016-02-08 00:00:00-05:00,380.70001220703125,393.6400146484375,376.6099853515625,390.5299987792969,386.879150390625,1225600,0.0,0.0
2016-02-09 00:00:00-05:00,357.0,388.0,350.260009765625,365.9700012207031,362.5487365722656,2112300,0.0,0.0
2016-02-10 00:00:00-05:00,370.0199890136719,378.19000244140625,363.0,367.4800109863281,364.0445861816406,1232400,0.0,0.0
2016-02-11 00:00:00-05:00,358.29998779296875,375.9800109863281,357.010009765625,367.239990234375,363.8068542480469,941800,0.0,0.0
2016-02-12 00:00:00-05:00,371.3599853515625,379.0400085449219,365.1300048828125,379.010009765625,375.466796875,728200,0.0,0.0
2016-02-16 00:00:00-05:00,386.3999938964844,393.95001220703125,382.2200012207031,391.760009765625,388.09765625,1094000,0.0,0.0
2016-02-17 00:00:00-05:00,393.7300109863281,398.75,385.0,397.260009765625,393.54620361328125,842300,0.0,0.0
2016-02-18 00:00:00-05:00,395.6499938964844,405.0,386.010009765625,387.29998779296875,383.6793212890625,729500,0.0,0.0
2016-02-19 00:00:00-05:00,386.45001220703125,396.239990234375,380.0199890136719,394.9800109863281,391.28753662109375,604800,0.0,0.0
2016-02-22 00:00:00-05:00,399.04998779296875,405.7099914550781,394.3900146484375,395.7900085449219,392.0899353027344,773800,0.0,0.0
2016-02-23 00:00:00-05:00,392.0,399.69000244140625,386.0799865722656,386.8299865722656,383.2137145996094,617500,0.0,0.0
2016-02-24 00:00:00-05:00,383.69000244140625,394.75,377.29998779296875,393.6300048828125,389.9501647949219,713700,0.0,0.0
2016-02-25 00:00:00-05:00,396.3599853515625,402.80999755859375,390.489990234375,393.989990234375,390.3067932128906,671900,0.0,0.0
2016-02-26 00:00:00-05:00,396.9200134277344,398.6000061035156,387.6400146484375,394.2300109863281,390.5445251464844,594500,0.0,0.0
2016-02-29 00:00:00-05:00,396.239990234375,397.1199951171875,383.05999755859375,384.0199890136719,380.42999267578125,794000,0.0,0.0
2016-03-01 00:00:00-05:00,387.8599853515625,410.2099914550781,384.0199890136719,410.2099914550781,406.3751220703125,921000,0.0,0.0
2016-03-02 00:00:00-05:00,410.0,419.0,405.260009765625,407.80999755859375,403.9975891113281,781900,0.0,0.0
2016-03-03 00:00:00-05:00,406.2300109863281,409.44000244140625,395.2099914550781,401.94000244140625,398.1824645996094,780400,0.0,0.0
2016-03-04 00:00:00-05:00,404.54998779296875,413.8500061035156,395.95001220703125,403.82000732421875,400.04486083984375,791700,0.0,0.0
2016-03-07 00:00:00-05:00,401.7900085449219,411.239990234375,399.6099853515625,408.2799987792969,404.46319580078125,629200,0.0,0.0
2016-03-08 00:00:00-05:00,405.3999938964844,408.2900085449219,392.6600036621094,394.80999755859375,391.11907958984375,709100,0.0,0.0
2016-03-09 00:00:00-05:00,388.5299987792969,389.6099853515625,373.79998779296875,374.75,371.24664306640625,1593600,0.0,0.0
2016-03-10 00:00:00-05:00,376.8800048828125,380.5899963378906,373.6300048828125,377.55999755859375,374.0303649902344,1256200,0.0,0.0
2016-03-11 00:00:00-05:00,382.6700134277344,383.5799865722656,375.5299987792969,377.1199951171875,373.59442138671875,833200,0.0,0.0
2016-03-14 00:00:00-04:00,378.54998779296875,379.1000061035156,370.6499938964844,373.2699890136719,369.78045654296875,1077700,0.0,0.0
2016-03-15 00:00:00-04:00,369.9599914550781,372.2799987792969,359.1700134277344,367.2200012207031,363.78704833984375,1037400,0.0,0.0
2016-03-16 00:00:00-04:00,367.0,381.0,360.0,368.4599914550781,365.01544189453125,1097200,0.0,0.0
2016-03-17 00:00:00-04:00,366.30999755859375,369.5,348.9599914550781,365.4700012207031,362.0533752441406,1498900,0.0,0.0
2016-03-18 00:00:00-04:00,367.6400146484375,370.4100036621094,356.75,364.510009765625,361.1024475097656,1583500,0.0,0.0
2016-03-21 00:00:00-04:00,363.8599853515625,375.9200134277344,360.5299987792969,371.0400085449219,367.57135009765625,771800,0.0,0.0
2016-03-22 00:00:00-04:00,367.9100036621094,380.82000732421875,367.25,378.30999755859375,374.77337646484375,724500,0.0,0.0
2016-03-23 00:00:00-04:00,378.8500061035156,384.30999755859375,365.1400146484375,365.3800048828125,361.9642639160156,694500,0.0,0.0
2016-03-24 00:00:00-04:00,363.4599914550781,375.3800048828125,360.3800048828125,370.79998779296875,367.33355712890625,1047500,0.0,0.0
2016-03-28 00:00:00-04:00,372.9800109863281,374.9200134277344,363.32000732421875,363.8500061035156,360.44854736328125,475700,0.0,0.0
2016-03-29 00:00:00-04:00,363.8900146484375,369.6400146484375,357.3399963378906,367.3699951171875,363.9356689453125,663500,0.0,0.0
2016-03-30 00:00:00-04:00,369.7200012207031,373.989990234375,359.1499938964844,359.67999267578125,356.3175048828125,699300,0.0,0.0
2016-03-31 00:00:00-04:00,361.0199890136719,364.8399963378906,358.6300048828125,360.44000244140625,357.0704345703125,930100,0.0,0.0
2016-04-01 00:00:00-04:00,373.989990234375,411.9800109863281,360.80999755859375,405.25,401.4615173339844,3184700,0.0,0.0
2016-04-04 00:00:00-04:00,403.69000244140625,411.3299865722656,399.05999755859375,405.29998779296875,401.51104736328125,1205200,0.0,0.0
2016-04-05 00:00:00-04:00,401.8500061035156,411.8500061035156,399.2900085449219,403.6499938964844,399.8764953613281,1025800,0.0,0.0
2016-04-06 00:00:00-04:00,404.2099914550781,428.04998779296875,404.2099914550781,427.20001220703125,423.2063293457031,1478400,0.0,0.0
2016-04-07 00:00:00-04:00,425.0,433.92999267578125,417.0199890136719,418.4800109863281,414.5678405761719,1239300,0.0,0.0
2016-04-08 00:00:00-04:00,420.8999938964844,424.0,401.70001220703125,404.94000244140625,401.1544189453125,1223100,0.0,0.0
2016-04-11 00:00:00-04:00,407.3699951171875,407.3699951171875,392.9200134277344,396.1400146484375,392.4366760253906,1084700,0.0,0.0
2016-04-12 00:00:00-04:00,396.3299865722656,410.489990234375,394.20001220703125,408.07000732421875,404.25518798828125,1047300,0.0,0.0
2016-04-13 00:00:00-04:00,411.239990234375,415.0,406.0,410.5199890136719,406.6822509765625,606100,0.0,0.0
2016-04-14 00:00:00-04:00,412.1600036621094,414.5899963378906,401.80999755859375,406.8299865722656,403.02667236328125,452200,0.0,0.0
2016-04-15 00:00:00-04:00,408.8599853515625,409.7699890136719,400.8900146484375,406.7300109863281,402.9276428222656,469500,0.0,0.0
2016-04-18 00:00:00-04:00,407.3800048828125,423.95001220703125,405.5899963378906,422.3800048828125,418.431396484375,952000,0.0,0.0
2016-04-19 00:00:00-04:00,421.3800048828125,422.3699951171875,411.3999938964844,413.7799987792969,409.91180419921875,688300,0.0,0.0
2016-04-20 00:00:00-04:00,406.2099914550781,406.8999938964844,396.0,399.75,396.012939453125,979000,0.0,0.0
2016-04-21 00:00:00-04:00,400.69000244140625,411.8299865722656,398.0,409.57000732421875,405.7411193847656,735500,0.0,0.0
2016-04-22 00:00:00-04:00,406.6099853515625,411.5799865722656,394.5,404.3800048828125,400.59967041015625,849400,0.0,0.0
2016-04-25 00:00:00-04:00,408.2099914550781,408.94000244140625,403.260009765625,406.9200134277344,403.1159362792969,376400,0.0,0.0
2016-04-26 00:00:00-04:00,406.7699890136719,411.4100036621094,404.3299865722656,406.6600036621094,402.8583679199219,430200,0.0,0.0
2016-04-27 00:00:00-04:00,406.9100036621094,406.9100036621094,386.3599853515625,390.2799987792969,386.6314392089844,975000,0.0,0.0
2016-04-28 00:00:00-04:00,387.1099853515625,401.7799987792969,385.0,391.29998779296875,387.64190673828125,923800,0.0,0.0
2016-04-29 00:00:00-04:00,388.6300048828125,393.0,373.1400146484375,376.7099914550781,373.18829345703125,889000,0.0,0.0
2016-05-02 00:00:00-04:00,377.95001220703125,385.0,369.07000732421875,384.5199890136719,380.92529296875,729500,0.0,0.0
2016-05-03 00:00:00-04:00,379.6199951171875,381.7300109863281,370.7699890136719,371.32000732421875,367.8487548828125,729200,0.0,0.0
2016-05-04 00:00:00-04:00,370.05999755859375,371.0899963378906,360.25,360.6400146484375,357.2685241699219,1008800,0.0,0.0
2016-05-05 00:00:00-04:00,377.1300048828125,381.6099853515625,369.1099853515625,377.7300109863281,374.19879150390625,1500300,0.0,0.0
2016-05-06 00:00:00-04:00,376.3599853515625,377.42999267578125,365.92999267578125,369.95001220703125,366.4915466308594,884800,0.0,0.0
2016-05-09 00:00:00-04:00,370.20001220703125,381.32000732421875,370.20001220703125,375.4700012207031,371.9599304199219,946100,0.0,0.0
2016-05-10 00:00:00-04:00,377.9599914550781,387.0899963378906,374.3800048828125,385.8699951171875,382.2626647949219,741400,0.0,0.0
2016-05-11 00:00:00-04:00,385.05999755859375,386.2900085449219,371.4599914550781,371.8599853515625,368.3836975097656,706700,0.0,0.0
2016-05-12 00:00:00-04:00,373.04998779296875,375.0,362.3900146484375,365.6400146484375,362.2218017578125,979600,0.0,0.0
2016-05-13 00:00:00-04:00,364.55999755859375,371.6700134277344,361.6400146484375,369.4599914550781,366.00604248046875,1159200,0.0,0.0
2016-05-16 00:00:00-04:00,380.0,394.4700012207031,378.6600036621094,391.95001220703125,388.2858581542969,1304300,0.0,0.0
2016-05-17 00:00:00-04:00,392.989990234375,393.5,382.7799987792969,386.3800048828125,382.7679138183594,1357600,0.0,0.0
2016-05-18 00:00:00-04:00,386.0400085449219,391.489990234375,384.29998779296875,390.2799987792969,386.6314392089844,1172000,0.0,0.0
2016-05-19 00:00:00-04:00,387.1199951171875,394.010009765625,379.3299865722656,383.29998779296875,379.7167053222656,1256200,0.0,0.0
2016-05-20 00:00:00-04:00,383.3699951171875,388.0,382.04998779296875,386.0,382.3914489746094,795000,0.0,0.0
2016-05-23 00:00:00-04:00,386.4599914550781,396.989990234375,384.30999755859375,392.6400146484375,388.96942138671875,1086300,0.0,0.0
2016-05-24 00:00:00-04:00,397.2300109863281,402.4800109863281,393.30999755859375,397.70001220703125,393.98211669921875,1109100,0.0,0.0
2016-05-25 00:00:00-04:00,399.95001220703125,400.989990234375,392.9100036621094,394.489990234375,390.80206298828125,959800,0.0,0.0
2016-05-26 00:00:00-04:00,393.489990234375,394.8999938964844,388.0799865722656,393.5400085449219,389.8609619140625,733400,0.0,0.0
2016-05-27 00:00:00-04:00,398.489990234375,398.489990234375,389.6199951171875,396.2200012207031,392.5158996582031,547900,0.0,0.0
2016-05-31 00:00:00-04:00,398.3599853515625,400.4700012207031,395.0,398.92999267578125,395.20062255859375,1017400,0.0,0.0
2016-06-01 00:00:00-04:00,398.75,408.3500061035156,395.1400146484375,404.30999755859375,400.5303039550781,875100,0.0,0.0
2016-06-02 00:00:00-04:00,405.3500061035156,407.57000732421875,400.30999755859375,407.1300048828125,403.3239440917969,714100,0.0,0.0
2016-06-03 00:00:00-04:00,405.8299865722656,407.0,393.2099914550781,400.75,397.0035705566406,1153000,0.0,0.0
2016-06-06 00:00:00-04:00,401.75,404.5400085449219,396.7099914550781,403.8900146484375,400.1142883300781,594400,0.0,0.0
2016-06-07 00:00:00-04:00,400.8999938964844,402.3900146484375,394.1199951171875,394.4700012207031,390.78228759765625,664400,0.0,0.0
2016-06-08 00:00:00-04:00,394.4700012207031,394.80999755859375,383.9800109863281,388.9700012207031,385.33367919921875,844200,0.0,0.0
2016-06-09 00:00:00-04:00,386.4100036621094,392.6300048828125,381.0799865722656,381.0799865722656,377.5174560546875,660400,0.0,0.0
2016-06-10 00:00:00-04:00,379.0400085449219,379.75,369.6000061035156,372.0299987792969,368.55206298828125,891100,0.0,0.0
2016-06-13 00:00:00-04:00,371.7099914550781,375.3800048828125,366.8999938964844,367.2300109863281,363.7969665527344,855700,0.0,0.0
2016-06-14 00:00:00-04:00,366.3900146484375,371.45001220703125,359.2300109863281,366.489990234375,363.0638427734375,1020000,0.0,0.0
2016-06-15 00:00:00-04:00,368.7099914550781,376.32000732421875,366.489990234375,367.9100036621094,364.4706115722656,675000,0.0,0.0
2016-06-16 00:00:00-04:00,365.79998779296875,368.6199951171875,362.9200134277344,366.5199890136719,363.09356689453125,542900,0.0,0.0
2016-06-17 00:00:00-04:00,367.30999755859375,369.8699951171875,354.0,354.2099914550781,350.898681640625,1163900,0.0,0.0
2016-06-20 00:00:00-04:00,359.5199890136719,362.9800109863281,352.04998779296875,352.6600036621094,349.3631591796875,783700,0.0,0.0
2016-06-21 00:00:00-04:00,354.0,354.0,342.75,345.1400146484375,341.9134216308594,1183500,0.0,0.0
2016-06-22 00:00:00-04:00,347.44000244140625,362.0,341.0,351.9200134277344,348.63006591796875,1797900,0.0,0.0
2016-06-23 00:00:00-04:00,355.5899963378906,358.7699890136719,352.2300109863281,357.1400146484375,353.8012390136719,701600,0.0,0.0
2016-06-24 00:00:00-04:00,341.70001220703125,350.0899963378906,338.69000244140625,339.4800109863281,336.3063659667969,1288300,0.0,0.0
2016-06-27 00:00:00-04:00,335.8399963378906,341.739990234375,329.0899963378906,331.04998779296875,327.9551696777344,1475900,0.0,0.0
2016-06-28 00:00:00-04:00,334.4700012207031,340.42999267578125,332.9700012207031,339.7799987792969,336.6035461425781,806000,0.0,0.0
2016-06-29 00:00:00-04:00,343.2799987792969,351.20001220703125,342.4200134277344,347.8599853515625,344.6080017089844,1081000,0.0,0.0
2016-06-30 00:00:00-04:00,349.54998779296875,350.239990234375,344.75,349.2300109863281,345.9651794433594,781000,0.0,0.0
2016-07-01 00:00:00-04:00,349.0,359.8900146484375,348.42999267578125,358.5,355.1485290527344,777100,0.0,0.0
2016-07-05 00:00:00-04:00,362.25,363.17999267578125,355.5,359.6099853515625,356.2481384277344,652500,0.0,0.0
2016-07-06 00:00:00-04:00,357.8999938964844,372.44000244140625,355.6099853515625,371.57000732421875,368.09637451171875,1031200,0.0,0.0
2016-07-07 00:00:00-04:00,370.8699951171875,372.2900085449219,364.07000732421875,371.45001220703125,367.9775390625,975400,0.0,0.0
2016-07-08 00:00:00-04:00,372.6000061035156,378.8500061035156,370.2099914550781,378.3500061035156,374.81298828125,692400,0.0,0.0
2016-07-11 00:00:00-04:00,380.5400085449219,381.4700012207031,375.489990234375,375.739990234375,372.22735595703125,581800,0.0,0.0
2016-07-12 00:00:00-04:00,377.0,379.45001220703125,368.3800048828125,368.75,365.302734375,740200,0.0,0.0
2016-07-13 00:00:00-04:00,370.45001220703125,372.42999267578125,364.3599853515625,364.5,361.09246826171875,624300,0.0,0.0
2016-07-14 00:00:00-04:00,367.0199890136719,367.0199890136719,360.05999755859375,365.2699890136719,361.85528564453125,743700,0.0,0.0
2016-07-15 00:00:00-04:00,367.8800048828125,375.20001220703125,363.45001220703125,373.80999755859375,370.3154296875,1242400,0.0,0.0
2016-07-18 00:00:00-04:00,374.79998779296875,382.3900146484375,370.9200134277344,381.5400085449219,377.9731750488281,763100,0.0,0.0
2016-07-19 00:00:00-04:00,381.5299987792969,382.95001220703125,374.1400146484375,377.1499938964844,373.6241760253906,605700,0.0,0.0
2016-07-20 00:00:00-04:00,377.4800109863281,386.9700012207031,375.44000244140625,384.70001220703125,381.1036376953125,630800,0.0,0.0
2016-07-21 00:00:00-04:00,386.25,395.4200134277344,385.6199951171875,389.5199890136719,385.8785705566406,782600,0.0,0.0
2016-07-22 00:00:00-04:00,391.3999938964844,392.6000061035156,387.42999267578125,391.3399963378906,387.6815185546875,477800,0.0,0.0
2016-07-25 00:00:00-04:00,391.0299987792969,395.1199951171875,387.54998779296875,394.8999938964844,391.2082824707031,386100,0.0,0.0
2016-07-26 00:00:00-04:00,393.0,398.6499938964844,390.010009765625,398.2699890136719,394.5467834472656,593700,0.0,0.0
2016-07-27 00:00:00-04:00,399.6400146484375,416.0,399.0,415.0899963378906,411.20953369140625,1001900,0.0,0.0
2016-07-28 00:00:00-04:00,413.80999755859375,413.9700012207031,405.5400085449219,411.0400085449219,407.1974182128906,623800,0.0,0.0
2016-07-29 00:00:00-04:00,411.3299865722656,425.8800048828125,409.989990234375,425.1199951171875,421.145751953125,1370500,0.0,0.0
2016-08-01 00:00:00-04:00,425.0899963378906,439.0,424.010009765625,434.0,429.9427185058594,1405500,0.0,0.0
2016-08-02 00:00:00-04:00,435.2699890136719,437.8500061035156,427.0899963378906,434.8999938964844,430.8343200683594,1250800,0.0,0.0
2016-08-03 00:00:00-04:00,434.70001220703125,442.2900085449219,433.55999755859375,441.3699951171875,437.24383544921875,1102800,0.0,0.0
2016-08-04 00:00:00-04:00,443.2900085449219,443.989990234375,417.5,433.3999938964844,429.3483581542969,2026900,0.0,0.0
2016-08-05 00:00:00-04:00,430.3500061035156,433.3999938964844,422.0,423.0,419.0455627441406,1111500,0.0,0.0
2016-08-08 00:00:00-04:00,422.42999267578125,429.05999755859375,418.3599853515625,421.0400085449219,417.1038818359375,828600,0.0,0.0
2016-08-09 00:00:00-04:00,420.2200012207031,423.2200012207031,417.75,419.239990234375,415.32073974609375,491100,0.0,0.0
2016-08-10 00:00:00-04:00,418.989990234375,419.5299987792969,412.5,415.4800109863281,411.5958557128906,468100,0.0,0.0
2016-08-11 00:00:00-04:00,416.0199890136719,423.44000244140625,415.0199890136719,421.3500061035156,417.4109802246094,372600,0.0,0.0
2016-08-12 00:00:00-04:00,419.6499938964844,422.3599853515625,415.0,421.5400085449219,417.5992126464844,296600,0.0,0.0
2016-08-15 00:00:00-04:00,422.75,425.9200134277344,422.25,422.8699951171875,418.91680908203125,368200,0.0,0.0
2016-08-16 00:00:00-04:00,422.1600036621094,422.1600036621094,413.0,413.6400146484375,409.7730712890625,529900,0.0,0.0
2016-08-17 00:00:00-04:00,415.25,415.82000732421875,409.0,411.67999267578125,407.8314208984375,460700,0.0,0.0
2016-08-18 00:00:00-04:00,412.54998779296875,413.3299865722656,407.5,410.8699951171875,407.0289611816406,641800,0.0,0.0
2016-08-19 00:00:00-04:00,409.3399963378906,410.5,403.5799865722656,404.29998779296875,400.5203857421875,701700,0.0,0.0
2016-08-22 00:00:00-04:00,406.80999755859375,422.4700012207031,405.1000061035156,418.6499938964844,414.73626708984375,907500,0.0,0.0
2016-08-23 00:00:00-04:00,420.1499938964844,425.0,418.3599853515625,420.6099853515625,416.6778564453125,452200,0.0,0.0
2016-08-24 00:00:00-04:00,419.6099853515625,424.95001220703125,403.5,405.25,401.4615173339844,605200,0.0,0.0
2016-08-25 00:00:00-04:00,404.9700012207031,410.8800048828125,392.489990234375,400.25,396.50830078125,830500,0.0,0.0
2016-08-26 00:00:00-04:00,400.0,407.0400085449219,396.2099914550781,402.9700012207031,399.20281982421875,663500,0.0,0.0
2016-08-29 00:00:00-04:00,405.1499938964844,405.989990234375,396.5799865722656,399.3800048828125,395.6463928222656,554900,0.0,0.0
2016-08-30 00:00:00-04:00,398.3800048828125,402.3599853515625,394.4200134277344,395.2200012207031,391.5252990722656,526900,0.0,0.0
2016-08-31 00:00:00-04:00,396.010009765625,397.2699890136719,390.0199890136719,392.54998779296875,388.88018798828125,568900,0.0,0.0
2016-09-01 00:00:00-04:00,394.75,394.75,390.5,393.3999938964844,389.7222900390625,478500,0.0,0.0
2016-09-02 00:00:00-04:00,393.25,393.9700012207031,387.0199890136719,388.6400146484375,385.00677490234375,744400,0.0,0.0
2016-09-06 00:00:00-04:00,390.94000244140625,401.3999938964844,390.1499938964844,398.30999755859375,394.58642578125,1167000,0.0,0.0
2016-09-07 00:00:00-04:00,397.7200012207031,401.760009765625,395.6499938964844,399.8900146484375,396.151611328125,819800,0.0,0.0
2016-09-08 00:00:00-04:00,398.2799987792969,404.0,396.6300048828125,401.8299865722656,398.0734558105469,672100,0.0,0.0
2016-09-09 00:00:00-04:00,398.0,399.8299865722656,384.010009765625,384.42999267578125,380.8361511230469,929200,0.0,0.0
2016-09-12 00:00:00-04:00,384.29998779296875,399.57000732421875,384.2699890136719,399.510009765625,395.77520751953125,756800,0.0,0.0
2016-09-13 00:00:00-04:00,394.3399963378906,396.17999267578125,387.0,390.989990234375,387.3348083496094,768200,0.0,0.0
2016-09-14 00:00:00-04:00,391.70001220703125,401.79998779296875,391.70001220703125,397.55999755859375,393.8434143066406,655800,0.0,0.0
2016-09-15 00:00:00-04:00,396.55999755859375,404.9800109863281,394.8699951171875,402.75,398.9848327636719,805500,0.0,0.0
2016-09-16 00:00:00-04:00,403.75,411.0,400.3699951171875,408.6300048828125,404.8099365234375,1311800,0.0,0.0
2016-09-19 00:00:00-04:00,409.8599853515625,411.04998779296875,401.45001220703125,402.8299865722656,399.0640869140625,581000,0.0,0.0
2016-09-20 00:00:00-04:00,406.4700012207031,407.2900085449219,400.2300109863281,406.239990234375,402.4422607421875,626900,0.0,0.0
2016-09-21 00:00:00-04:00,407.44000244140625,410.3900146484375,398.5799865722656,406.5199890136719,402.7196044921875,751400,0.0,0.0
2016-09-22 00:00:00-04:00,408.7900085449219,408.95001220703125,402.0199890136719,408.010009765625,404.1957092285156,621500,0.0,0.0
2016-09-23 00:00:00-04:00,405.57000732421875,413.6199951171875,405.57000732421875,410.3900146484375,406.5534973144531,688600,0.0,0.0
2016-09-26 00:00:00-04:00,410.0,410.0,401.1000061035156,404.1199951171875,400.3420715332031,658600,0.0,0.0
2016-09-27 00:00:00-04:00,405.1199951171875,421.95001220703125,402.3699951171875,421.45001220703125,417.51007080078125,964500,0.0,0.0
2016-09-28 00:00:00-04:00,421.8800048828125,424.3500061035156,418.2200012207031,419.1000061035156,415.1820373535156,779400,0.0,0.0
2016-09-29 00:00:00-04:00,419.04998779296875,421.7699890136719,404.6000061035156,406.3599853515625,402.5611267089844,594200,0.0,0.0
2016-09-30 00:00:00-04:00,396.44000244140625,404.9800109863281,390.55999755859375,402.0199890136719,398.2616882324219,1114300,0.0,0.0
2016-10-03 00:00:00-04:00,402.0199890136719,407.7900085449219,398.1499938964844,402.82000732421875,399.05426025390625,595100,0.0,0.0
2016-10-04 00:00:00-04:00,403.82000732421875,406.0,394.54998779296875,397.20001220703125,393.4867858886719,558300,0.0,0.0
2016-10-05 00:00:00-04:00,398.94000244140625,401.45001220703125,391.3900146484375,392.6000061035156,388.9298095703125,769400,0.0,0.0
2016-10-06 00:00:00-04:00,391.3900146484375,393.0,386.5899963378906,388.6000061035156,384.9671630859375,596900,0.0,0.0
2016-10-07 00:00:00-04:00,390.3299865722656,390.9800109863281,385.5,390.05999755859375,386.41351318359375,516300,0.0,0.0
2016-10-10 00:00:00-04:00,392.2900085449219,396.0,388.8399963378906,393.8599853515625,390.1779479980469,732000,0.0,0.0
2016-10-11 00:00:00-04:00,391.510009765625,394.69000244140625,382.17999267578125,386.04998779296875,382.4410400390625,807600,0.0,0.0
2016-10-12 00:00:00-04:00,387.5400085449219,388.79998779296875,372.0199890136719,373.4700012207031,369.9786376953125,856100,0.0,0.0
2016-10-13 00:00:00-04:00,369.6099853515625,379.9599914550781,369.0199890136719,375.7900085449219,372.27691650390625,532400,0.0,0.0
2016-10-14 00:00:00-04:00,378.3999938964844,379.1000061035156,370.6600036621094,371.67999267578125,368.2053527832031,590400,0.0,0.0
2016-10-17 00:00:00-04:00,367.79998779296875,371.5,364.5,366.7300109863281,363.3016357421875,497700,0.0,0.0
2016-10-18 00:00:00-04:00,366.4200134277344,372.8500061035156,366.07000732421875,371.5299987792969,368.05670166015625,413400,0.0,0.0
2016-10-19 00:00:00-04:00,372.6199951171875,374.5799865722656,368.07000732421875,368.3599853515625,364.9163818359375,400000,0.0,0.0
2016-10-20 00:00:00-04:00,368.9200134277344,373.9599914550781,368.29998779296875,371.239990234375,367.7694396972656,345600,0.0,0.0
2016-10-21 00:00:00-04:00,370.3599853515625,371.25,361.6700134277344,363.5299987792969,360.1315612792969,522000,0.0,0.0
2016-10-24 00:00:00-04:00,364.510009765625,367.1199951171875,358.760009765625,362.25,358.8634948730469,513900,0.0,0.0
2016-10-25 00:00:00-04:00,362.5,367.7699890136719,358.20001220703125,366.92999267578125,363.499755859375,509300,0.0,0.0
2016-10-26 00:00:00-04:00,367.6300048828125,367.8999938964844,360.07000732421875,363.0799865722656,359.6856994628906,483700,0.0,0.0
2016-10-27 00:00:00-04:00,365.3399963378906,370.0,362.75,365.3500061035156,361.9345397949219,503800,0.0,0.0
2016-10-28 00:00:00-04:00,363.5799865722656,364.1199951171875,348.489990234375,355.8299865722656,352.5035400390625,1060600,0.0,0.0
2016-10-31 00:00:00-04:00,357.2099914550781,358.54998779296875,344.8500061035156,345.0199890136719,341.7945556640625,921500,0.0,0.0
2016-11-01 00:00:00-04:00,345.5199890136719,352.30999755859375,340.79998779296875,346.54998779296875,343.31024169921875,974900,0.0,0.0
2016-11-02 00:00:00-04:00,346.6499938964844,346.6499938964844,341.57000732421875,343.6600036621094,340.44732666015625,721900,0.0,0.0
2016-11-03 00:00:00-04:00,343.510009765625,346.42999267578125,331.95001220703125,336.010009765625,332.8688049316406,1202500,0.0,0.0
2016-11-04 00:00:00-04:00,325.6199951171875,351.75,325.3500061035156,341.3900146484375,338.1985168457031,1885100,0.0,0.0
2016-11-07 00:00:00-05:00,347.4800109863281,366.8399963378906,344.19000244140625,365.3900146484375,361.97418212890625,1347400,0.0,0.0
2016-11-08 00:00:00-05:00,362.95001220703125,374.1300048828125,361.45001220703125,367.7699890136719,364.3318786621094,1302200,0.0,0.0
2016-11-09 00:00:00-05:00,385.3500061035156,420.4599914550781,383.5,418.4200134277344,414.5084228515625,3047200,0.0,0.0
2016-11-10 00:00:00-05:00,422.0199890136719,431.260009765625,418.9599914550781,423.0,419.0455627441406,1430400,0.0,0.0
2016-11-11 00:00:00-05:00,418.4200134277344,421.7200012207031,411.1400146484375,419.7900085449219,415.8656005859375,822900,0.0,0.0
2016-11-14 00:00:00-05:00,421.2200012207031,452.9599914550781,418.8500061035156,444.5199890136719,440.3644104003906,1557100,0.0,0.0
2016-11-15 00:00:00-05:00,443.5199890136719,449.0,428.1199951171875,428.6499938964844,424.64276123046875,1118800,0.0,0.0
2016-11-16 00:00:00-05:00,428.0,430.9200134277344,419.94000244140625,420.0799865722656,416.15289306640625,815500,0.0,0.0
2016-11-17 00:00:00-05:00,406.1400146484375,410.1099853515625,398.0199890136719,404.55999755859375,400.7779541015625,1493400,0.0,0.0
2016-11-18 00:00:00-05:00,403.5400085449219,410.6400146484375,397.0199890136719,397.4800109863281,393.76416015625,1413400,0.0,0.0
2016-11-21 00:00:00-05:00,398.9800109863281,410.0,398.3599853515625,405.4800109863281,401.68939208984375,922500,0.0,0.0
2016-11-22 00:00:00-05:00,406.25,407.92999267578125,395.2699890136719,398.9700012207031,395.2402038574219,918500,0.0,0.0
2016-11-23 00:00:00-05:00,393.6099853515625,403.3500061035156,390.239990234375,402.4100036621094,398.6480712890625,972600,0.0,0.0
2016-11-25 00:00:00-05:00,402.3399963378906,402.3399963378906,394.5,398.1600036621094,394.43780517578125,282500,0.0,0.0
2016-11-28 00:00:00-05:00,397.1099853515625,398.3299865722656,389.45001220703125,390.3800048828125,386.73052978515625,729800,0.0,0.0
2016-11-29 00:00:00-05:00,391.7699890136719,394.489990234375,386.5400085449219,387.260009765625,383.6396789550781,752200,0.0,0.0
2016-11-30 00:00:00-05:00,387.17999267578125,388.2799987792969,377.1499938964844,379.239990234375,375.6946716308594,965600,0.0,0.0
2016-12-01 00:00:00-05:00,379.4800109863281,381.9700012207031,374.4200134277344,375.55999755859375,372.0490417480469,824200,0.0,0.0
2016-12-02 00:00:00-05:00,375.8500061035156,378.5,371.32000732421875,372.7099914550781,369.2257385253906,723600,0.0,0.0
2016-12-05 00:00:00-05:00,375.1000061035156,377.8900146484375,369.04998779296875,369.82000732421875,366.36273193359375,661700,0.0,0.0
2016-12-06 00:00:00-05:00,371.5899963378906,371.7699890136719,365.32000732421875,368.95001220703125,365.5008850097656,725400,0.0,0.0
2016-12-07 00:00:00-05:00,365.2799987792969,366.57000732421875,348.82000732421875,362.010009765625,358.6257629394531,1681400,0.0,0.0
2016-12-08 00:00:00-05:00,361.79998779296875,370.489990234375,359.5,369.1499938964844,365.6990051269531,973000,0.0,0.0
2016-12-09 00:00:00-05:00,371.1300048828125,379.5,369.7699890136719,372.8299865722656,369.3446044921875,1290700,0.0,0.0
2016-12-12 00:00:00-05:00,391.989990234375,396.67999267578125,387.0,387.1000061035156,383.48126220703125,1529300,0.0,0.0
2016-12-13 00:00:00-05:00,386.5,392.4599914550781,378.45001220703125,382.0,378.42889404296875,990700,0.0,0.0
2016-12-14 00:00:00-05:00,382.25,386.0,376.3999938964844,381.5,377.9335021972656,868800,0.0,0.0
2016-12-15 00:00:00-05:00,381.0899963378906,384.19000244140625,375.9800109863281,378.010009765625,374.47613525390625,543100,0.0,0.0
2016-12-16 00:00:00-05:00,379.3999938964844,386.55999755859375,377.2799987792969,378.8500061035156,375.308349609375,1054800,0.0,0.0
2016-12-19 00:00:00-05:00,379.82000732421875,383.2799987792969,371.2699890136719,371.75,368.274658203125,793600,0.0,0.0
2016-12-20 00:00:00-05:00,378.2699890136719,378.2699890136719,368.8599853515625,371.0199890136719,367.5514831542969,747200,0.0,0.0
2016-12-21 00:00:00-05:00,370.1600036621094,372.44000244140625,364.4800109863281,365.05999755859375,361.6472473144531,559200,0.0,0.0
2016-12-22 00:00:00-05:00,365.8800048828125,372.5,361.95001220703125,372.3800048828125,368.8987731933594,668500,0.0,0.0
2016-12-23 00:00:00-05:00,371.6700134277344,382.30999755859375,371.6499938964844,381.7799987792969,378.2109375,801700,0.0,0.0
2016-12-27 00:00:00-05:00,383.9100036621094,391.489990234375,382.1199951171875,385.95001220703125,382.3419189453125,790900,0.0,0.0
2016-12-28 00:00:00-05:00,387.8800048828125,387.8800048828125,376.4100036621094,378.75,375.2092590332031,545500,0.0,0.0
2016-12-29 00:00:00-05:00,378.4100036621094,379.4700012207031,372.7900085449219,373.7200012207031,370.2262878417969,383900,0.0,0.0
2016-12-30 00:00:00-05:00,375.29998779296875,375.29998779296875,364.9200134277344,367.0899963378906,363.6582336425781,614800,0.0,0.0
2017-01-03 00:00:00-05:00,370.8399963378906,384.94000244140625,368.44000244140625,379.70001220703125,376.1503601074219,1064500,0.0,0.0
2017-01-04 00:00:00-05:00,374.8699951171875,389.2200012207031,373.8500061035156,383.1099853515625,379.5284729003906,781500,0.0,0.0
2017-01-05 00:00:00-05:00,381.1499938964844,385.7200012207031,380.2200012207031,380.9200134277344,377.3589782714844,628000,0.0,0.0
2017-01-06 00:00:00-05:00,360.4800109863281,361.92999267578125,354.0,358.67999267578125,355.32684326171875,3254600,0.0,0.0
2017-01-09 00:00:00-05:00,359.2099914550781,360.3900146484375,349.239990234375,355.05999755859375,351.7406921386719,1885600,0.0,0.0
2017-01-10 00:00:00-05:00,356.0,375.94000244140625,355.20001220703125,373.0,369.51300048828125,1787200,0.0,0.0
2017-01-11 00:00:00-05:00,371.8399963378906,379.95001220703125,361.6600036621094,364.4700012207031,361.0627136230469,1655700,0.0,0.0
2017-01-12 00:00:00-05:00,362.0,367.3699951171875,358.5,364.44000244140625,361.03302001953125,663700,0.0,0.0
2017-01-13 00:00:00-05:00,364.760009765625,373.4800109863281,364.44000244140625,368.1600036621094,364.7182312011719,943800,0.0,0.0
2017-01-17 00:00:00-05:00,367.6499938964844,369.9700012207031,359.7300109863281,363.239990234375,359.84423828125,879200,0.0,0.0
2017-01-18 00:00:00-05:00,363.70001220703125,365.95001220703125,358.92999267578125,362.95001220703125,359.55694580078125,474000,0.0,0.0
2017-01-19 00:00:00-05:00,363.20001220703125,366.29998779296875,359.9700012207031,363.4100036621094,360.0126647949219,586200,0.0,0.0
2017-01-20 00:00:00-05:00,365.6700134277344,369.75,362.07000732421875,362.55999755859375,359.1705627441406,782000,0.0,0.0
2017-01-23 00:00:00-05:00,361.9700012207031,363.5899963378906,354.1700134277344,354.3599853515625,351.0472412109375,899400,0.0,0.0
2017-01-24 00:00:00-05:00,355.0400085449219,356.44000244140625,347.0,347.9599914550781,344.70709228515625,905400,0.0,0.0
2017-01-25 00:00:00-05:00,350.0,350.75,344.80999755859375,348.92999267578125,345.6679992675781,934500,0.0,0.0
2017-01-26 00:00:00-05:00,348.739990234375,352.8800048828125,340.0899963378906,340.75,337.5644836425781,1312600,0.0,0.0
2017-01-27 00:00:00-05:00,342.3399963378906,349.9700012207031,340.9599914550781,346.5,343.2607421875,620600,0.0,0.0
2017-01-30 00:00:00-05:00,344.8900146484375,347.0400085449219,342.1600036621094,344.5,341.2794494628906,668200,0.0,0.0
2017-01-31 00:00:00-05:00,344.04998779296875,360.0,343.5,359.2900085449219,355.93115234375,1052500,0.0,0.0
2017-02-01 00:00:00-05:00,358.739990234375,364.79998779296875,355.010009765625,364.1700134277344,360.7655944824219,1033000,0.0,0.0
2017-02-02 00:00:00-05:00,361.1400146484375,364.80999755859375,357.8900146484375,360.55999755859375,357.1893005371094,578800,0.0,0.0
2017-02-03 00:00:00-05:00,362.42999267578125,363.25,352.0799865722656,358.260009765625,354.9107666015625,733200,0.0,0.0
2017-02-06 00:00:00-05:00,357.8599853515625,362.45001220703125,353.5899963378906,362.0,358.6158142089844,750300,0.0,0.0
2017-02-07 00:00:00-05:00,360.6099853515625,363.1000061035156,355.8900146484375,357.69000244140625,354.34613037109375,689800,0.0,0.0
2017-02-08 00:00:00-05:00,355.8800048828125,359.0,351.0299987792969,353.25,349.9476623535156,876900,0.0,0.0
2017-02-09 00:00:00-05:00,347.07000732421875,366.95001220703125,347.0,360.0,356.6345520019531,1722800,0.0,0.0
2017-02-10 00:00:00-05:00,360.95001220703125,364.3900146484375,357.3800048828125,359.8699951171875,356.5057678222656,713600,0.0,0.0
2017-02-13 00:00:00-05:00,364.2200012207031,378.4700012207031,363.20001220703125,375.6600036621094,372.14813232421875,1539100,0.0,0.0
2017-02-14 00:00:00-05:00,375.95001220703125,378.32000732421875,371.6099853515625,376.5199890136719,373.0001220703125,991900,0.0,0.0
2017-02-15 00:00:00-05:00,375.42999267578125,384.5799865722656,374.0,384.0,380.41021728515625,926300,0.0,0.0
2017-02-16 00:00:00-05:00,379.0,382.0799865722656,369.20001220703125,373.0199890136719,369.5328369140625,1276800,0.0,0.0
2017-02-17 00:00:00-05:00,372.4200134277344,375.0,369.29998779296875,371.17999267578125,367.7099914550781,775500,0.0,0.0
2017-02-21 00:00:00-05:00,372.17999267578125,375.760009765625,370.0,371.6099853515625,368.135986328125,722600,0.0,0.0
2017-02-22 00:00:00-05:00,371.6099853515625,373.1600036621094,369.1199951171875,370.2200012207031,366.759033203125,569200,0.0,0.0
2017-02-23 00:00:00-05:00,370.989990234375,371.2200012207031,357.2200012207031,360.9599914550781,357.5855407714844,1118900,0.0,0.0
2017-02-24 00:00:00-05:00,359.8800048828125,361.0799865722656,355.0,361.010009765625,357.6351013183594,782600,0.0,0.0
2017-02-27 00:00:00-05:00,361.1499938964844,373.3599853515625,359.94000244140625,373.04998779296875,369.5625,537900,0.0,0.0
2017-02-28 00:00:00-05:00,373.29998779296875,374.9700012207031,368.4200134277344,373.5,370.0083923339844,759200,0.0,0.0
2017-03-01 00:00:00-05:00,378.0,381.9200134277344,372.5199890136719,379.04998779296875,375.50640869140625,757500,0.0,0.0
2017-03-02 00:00:00-05:00,379.04998779296875,381.989990234375,375.0,375.8599853515625,372.34625244140625,512200,0.0,0.0
2017-03-03 00:00:00-05:00,375.9800109863281,379.4599914550781,371.0,378.6600036621094,375.1201171875,513300,0.0,0.0
2017-03-06 00:00:00-05:00,378.1300048828125,383.989990234375,376.45001220703125,381.92999267578125,378.3595275878906,1020800,0.0,0.0
2017-03-07 00:00:00-05:00,378.760009765625,382.2200012207031,370.6300048828125,372.5199890136719,369.0375061035156,890400,0.0,0.0
2017-03-08 00:00:00-05:00,373.5899963378906,382.69000244140625,373.510009765625,381.3699951171875,377.80474853515625,832700,0.0,0.0
2017-03-09 00:00:00-05:00,383.17999267578125,392.239990234375,381.42999267578125,390.1400146484375,386.49273681640625,1101000,0.0,0.0
2017-03-10 00:00:00-05:00,392.95001220703125,392.95001220703125,384.2099914550781,388.2300109863281,384.6006164550781,743500,0.0,0.0
2017-03-13 00:00:00-04:00,389.20001220703125,389.9800109863281,384.2799987792969,388.8800048828125,385.2445983886719,572700,0.0,0.0
2017-03-14 00:00:00-04:00,386.8699951171875,393.5899963378906,386.8699951171875,391.1000061035156,387.44378662109375,548200,0.0,0.0
2017-03-15 00:00:00-04:00,393.6400146484375,399.7200012207031,391.8299865722656,397.79998779296875,394.0811767578125,808200,0.0,0.0
2017-03-16 00:00:00-04:00,397.4599914550781,399.0,389.2900085449219,392.5899963378906,388.91986083984375,770900,0.0,0.0
2017-03-17 00:00:00-04:00,380.04998779296875,386.69000244140625,370.67999267578125,380.2900085449219,376.73486328125,2839500,0.0,0.0
2017-03-20 00:00:00-04:00,380.8299865722656,385.7099914550781,377.7200012207031,382.0199890136719,378.44866943359375,576900,0.0,0.0
2017-03-21 00:00:00-04:00,382.8900146484375,383.0899963378906,370.239990234375,370.9800109863281,367.5119323730469,1224600,0.0,0.0
2017-03-22 00:00:00-04:00,373.1199951171875,374.739990234375,366.1300048828125,369.1400146484375,365.6891174316406,684600,0.0,0.0
2017-03-23 00:00:00-04:00,369.19000244140625,370.7300109863281,364.44000244140625,365.0199890136719,361.60760498046875,677100,0.0,0.0
2017-03-24 00:00:00-04:00,367.9200134277344,374.8500061035156,366.7200012207031,373.0,369.51300048828125,881400,0.0,0.0
2017-03-27 00:00:00-04:00,371.69000244140625,384.9599914550781,371.0400085449219,383.67999267578125,380.0931396484375,1385900,0.0,0.0
2017-03-28 00:00:00-04:00,383.4700012207031,388.82000732421875,376.2200012207031,382.54998779296875,378.97369384765625,1651300,0.0,0.0
2017-03-29 00:00:00-04:00,382.4599914550781,401.2099914550781,382.05999755859375,394.1400146484375,390.4554443359375,1945500,0.0,0.0
2017-03-30 00:00:00-04:00,394.8900146484375,397.2099914550781,385.82000732421875,386.17999267578125,382.5697937011719,966300,0.0,0.0
2017-03-31 00:00:00-04:00,385.75,390.0,382.6000061035156,387.510009765625,383.8873596191406,570300,0.0,0.0
2017-04-03 00:00:00-04:00,388.0,392.75,382.260009765625,383.19000244140625,379.6077575683594,994400,0.0,0.0
2017-04-04 00:00:00-04:00,383.94000244140625,386.05999755859375,379.2799987792969,382.9200134277344,379.34027099609375,681100,0.0,0.0
2017-04-05 00:00:00-04:00,382.92999267578125,384.510009765625,375.7200012207031,377.3599853515625,373.8322448730469,772200,0.0,0.0
2017-04-06 00:00:00-04:00,379.0,381.9800109863281,376.3599853515625,379.4800109863281,375.93243408203125,1119600,0.0,0.0
2017-04-07 00:00:00-04:00,379.6000061035156,381.3599853515625,375.6099853515625,380.54998779296875,376.9924011230469,741700,0.0,0.0
2017-04-10 00:00:00-04:00,380.010009765625,382.8900146484375,372.8299865722656,373.260009765625,369.7705993652344,896500,0.0,0.0
2017-04-11 00:00:00-04:00,372.5,373.8900146484375,363.989990234375,367.07000732421875,363.6384582519531,850900,0.0,0.0
2017-04-12 00:00:00-04:00,367.0,372.6000061035156,364.2300109863281,366.3299865722656,362.90533447265625,661000,0.0,0.0
2017-04-13 00:00:00-04:00,367.6099853515625,373.8699951171875,366.5,370.3699951171875,366.9075622558594,699800,0.0,0.0
2017-04-17 00:00:00-04:00,373.0,374.3599853515625,369.1099853515625,373.45001220703125,369.9588623046875,573800,0.0,0.0
2017-04-18 00:00:00-04:00,371.0400085449219,374.7200012207031,363.3900146484375,366.05999755859375,362.63787841796875,520000,0.0,0.0
2017-04-19 00:00:00-04:00,368.1199951171875,371.30999755859375,366.5199890136719,370.9599914550781,367.4920959472656,501300,0.0,0.0
2017-04-20 00:00:00-04:00,371.9200134277344,377.4800109863281,368.04998779296875,376.3999938964844,372.8811950683594,767900,0.0,0.0
2017-04-21 00:00:00-04:00,376.3999938964844,379.20001220703125,368.80999755859375,370.1199951171875,366.6599426269531,639700,0.0,0.0
2017-04-24 00:00:00-04:00,373.8299865722656,374.94000244140625,369.04998779296875,371.92999267578125,368.4530029296875,715000,0.0,0.0
2017-04-25 00:00:00-04:00,373.0899963378906,376.239990234375,370.0,372.32000732421875,368.8393859863281,711700,0.0,0.0
2017-04-26 00:00:00-04:00,372.1199951171875,375.3999938964844,369.4700012207031,371.3900146484375,367.9180603027344,516400,0.0,0.0
2017-04-27 00:00:00-04:00,370.8999938964844,371.7099914550781,360.0,366.6199951171875,363.192626953125,1981500,0.0,0.0
2017-04-28 00:00:00-04:00,368.510009765625,393.5,368.29998779296875,388.489990234375,384.8581848144531,2179400,0.0,0.0
2017-05-01 00:00:00-04:00,388.79998779296875,399.9800109863281,388.2200012207031,396.1700134277344,392.4664001464844,1246900,0.0,0.0
2017-05-02 00:00:00-04:00,396.6499938964844,402.989990234375,392.70001220703125,402.0400085449219,398.281494140625,884400,0.0,0.0
2017-05-03 00:00:00-04:00,402.0,408.1199951171875,400.3900146484375,407.0299987792969,403.2248840332031,1265500,0.0,0.0
2017-05-04 00:00:00-04:00,410.19000244140625,437.32000732421875,410.19000244140625,434.30999755859375,430.24981689453125,2320300,0.0,0.0
2017-05-05 00:00:00-04:00,434.7900085449219,438.4700012207031,426.3999938964844,429.0,424.989501953125,1060600,0.0,0.0
2017-05-08 00:00:00-04:00,427.760009765625,436.4700012207031,421.8800048828125,423.3800048828125,419.4220275878906,864500,0.0,0.0
2017-05-09 00:00:00-04:00,422.8299865722656,428.7200012207031,421.54998779296875,427.17999267578125,423.18646240234375,566400,0.0,0.0
2017-05-10 00:00:00-04:00,427.1300048828125,431.739990234375,422.95001220703125,431.57000732421875,427.53546142578125,518900,0.0,0.0
2017-05-11 00:00:00-04:00,429.7900085449219,441.7099914550781,428.8500061035156,440.42999267578125,436.3126220703125,895600,0.0,0.0
2017-05-12 00:00:00-04:00,441.5400085449219,452.8800048828125,438.5899963378906,442.04998779296875,437.9175109863281,1213700,0.0,0.0
2017-05-15 00:00:00-04:00,440.3800048828125,450.7799987792969,439.6099853515625,450.4100036621094,446.1993408203125,772100,0.0,0.0
2017-05-16 00:00:00-04:00,451.7900085449219,456.739990234375,445.79998779296875,454.75,450.498779296875,943100,0.0,0.0
2017-05-17 00:00:00-04:00,451.2900085449219,458.5799865722656,445.29998779296875,446.7200012207031,442.5438232421875,749400,0.0,0.0
2017-05-18 00:00:00-04:00,448.0,462.9599914550781,446.04998779296875,457.3299865722656,453.0545959472656,1107600,0.0,0.0
2017-05-19 00:00:00-04:00,456.05999755859375,458.489990234375,448.0,450.010009765625,445.8030700683594,996000,0.0,0.0
2017-05-22 00:00:00-04:00,448.4800109863281,464.3999938964844,448.3900146484375,460.989990234375,456.6803894042969,782200,0.0,0.0
2017-05-23 00:00:00-04:00,462.0,464.25,458.7900085449219,461.3699951171875,457.056884765625,573900,0.0,0.0
2017-05-24 00:00:00-04:00,461.3699951171875,461.94000244140625,452.1099853515625,458.239990234375,453.9561767578125,461300,0.0,0.0
2017-05-25 00:00:00-04:00,460.0400085449219,460.0400085449219,455.0199890136719,455.70001220703125,451.4399108886719,671600,0.0,0.0
2017-05-26 00:00:00-04:00,456.70001220703125,459.25,453.3500061035156,455.1700134277344,450.91485595703125,475400,0.0,0.0
2017-05-30 00:00:00-04:00,455.1300048828125,458.4800109863281,448.0799865722656,448.6700134277344,444.4755859375,865700,0.0,0.0
2017-05-31 00:00:00-04:00,450.32000732421875,459.29998779296875,448.0899963378906,459.05999755859375,454.7684631347656,1313800,0.0,0.0
2017-06-01 00:00:00-04:00,460.0,470.42999267578125,459.5299987792969,466.0199890136719,461.6634216308594,1204600,0.0,0.0
2017-06-02 00:00:00-04:00,466.70001220703125,484.989990234375,465.3299865722656,480.42999267578125,475.938720703125,1717600,0.0,0.0
2017-06-05 00:00:00-04:00,483.5,489.0,476.9700012207031,480.260009765625,475.77032470703125,912800,0.0,0.0
2017-06-06 00:00:00-04:00,479.29998779296875,482.29998779296875,473.44000244140625,477.7300109863281,473.2639465332031,729400,0.0,0.0
2017-06-07 00:00:00-04:00,479.0,483.05999755859375,476.0899963378906,482.0,477.4939880371094,843900,0.0,0.0
2017-06-08 00:00:00-04:00,481.55999755859375,486.80999755859375,478.1600036621094,485.8999938964844,481.3575439453125,595200,0.0,0.0
2017-06-09 00:00:00-04:00,482.54998779296875,487.5199890136719,473.260009765625,475.7900085449219,471.3420715332031,1027200,0.0,0.0
2017-06-12 00:00:00-04:00,475.2200012207031,477.5,466.9100036621094,476.2300109863281,471.7779235839844,884600,0.0,0.0
2017-06-13 00:00:00-04:00,474.3800048828125,476.5,471.6300048828125,473.6700134277344,469.24188232421875,503700,0.0,0.0
2017-06-14 00:00:00-04:00,475.3500061035156,481.8599853515625,469.2699890136719,476.8399963378906,472.38226318359375,662500,0.0,0.0
2017-06-15 00:00:00-04:00,474.3699951171875,475.79998779296875,461.5799865722656,469.5,465.11083984375,796800,0.0,0.0
2017-06-16 00:00:00-04:00,468.19000244140625,470.2799987792969,453.5400085449219,459.9100036621094,455.61053466796875,1658600,0.0,0.0
2017-06-19 00:00:00-04:00,462.9599914550781,474.7300109863281,456.57000732421875,471.6700134277344,467.2605895996094,807600,0.0,0.0
2017-06-20 00:00:00-04:00,477.9200134277344,504.8900146484375,474.6199951171875,495.3299865722656,490.6993408203125,2134900,0.0,0.0
2017-06-21 00:00:00-04:00,496.510009765625,525.0,495.0400085449219,522.02001953125,517.139892578125,1743100,0.0,0.0
2017-06-22 00:00:00-04:00,525.0,543.5499877929688,521.5,526.530029296875,521.607666015625,1843100,0.0,0.0
2017-06-23 00:00:00-04:00,511.7900085449219,519.6500244140625,500.25,517.3300170898438,512.4937744140625,1885500,0.0,0.0
2017-06-26 00:00:00-04:00,513.0,521.510009765625,506.70001220703125,515.9099731445312,511.0870056152344,1172500,0.0,0.0
2017-06-27 00:00:00-04:00,517.5499877929688,529.989990234375,500.739990234375,502.1199951171875,497.4259338378906,1447300,0.0,0.0
2017-06-28 00:00:00-04:00,506.510009765625,518.0,500.75,513.1900024414062,508.3924560546875,935100,0.0,0.0
2017-06-29 00:00:00-04:00,510.44000244140625,512.6400146484375,499.0799865722656,509.92999267578125,505.16290283203125,922100,0.0,0.0
2017-06-30 00:00:00-04:00,507.4599914550781,508.0,490.8900146484375,491.1400146484375,486.5485534667969,1267500,0.0,0.0
2017-07-03 00:00:00-04:00,494.20001220703125,498.54998779296875,484.2799987792969,487.7300109863281,483.1704406738281,603500,0.0,0.0
2017-07-05 00:00:00-04:00,490.0799865722656,499.3599853515625,489.55999755859375,497.0,492.3537902832031,823000,0.0,0.0
2017-07-06 00:00:00-04:00,491.760009765625,496.3500061035156,482.510009765625,490.19000244140625,485.6074523925781,898600,0.0,0.0
2017-07-07 00:00:00-04:00,497.510009765625,506.3900146484375,493.44000244140625,496.5,491.8584899902344,729100,0.0,0.0
2017-07-10 00:00:00-04:00,497.6099853515625,500.739990234375,489.3299865722656,499.9100036621094,495.2366027832031,888400,0.0,0.0
2017-07-11 00:00:00-04:00,498.5199890136719,502.0,489.20001220703125,492.0,487.4005432128906,829100,0.0,0.0
2017-07-12 00:00:00-04:00,496.20001220703125,499.32000732421875,489.0899963378906,496.989990234375,492.3438720703125,576500,0.0,0.0
2017-07-13 00:00:00-04:00,496.0199890136719,509.9599914550781,492.17999267578125,505.04998779296875,500.3284912109375,790000,0.0,0.0
2017-07-14 00:00:00-04:00,507.3999938964844,509.5799865722656,498.6499938964844,504.8999938964844,500.179931640625,608100,0.0,0.0
2017-07-17 00:00:00-04:00,508.2799987792969,509.8800048828125,496.760009765625,498.1099853515625,493.453369140625,620000,0.0,0.0
2017-07-18 00:00:00-04:00,497.6400146484375,499.9800109863281,494.3699951171875,497.6300048828125,492.97796630859375,450700,0.0,0.0
2017-07-19 00:00:00-04:00,504.989990234375,509.1400146484375,501.1000061035156,506.7900085449219,502.0522766113281,850800,0.0,0.0
2017-07-20 00:00:00-04:00,510.4700012207031,524.8900146484375,509.9200134277344,521.1300048828125,516.2581176757812,772200,0.0,0.0
2017-07-21 00:00:00-04:00,518.4600219726562,522.0,513.4000244140625,515.9199829101562,511.096923828125,617700,0.0,0.0
2017-07-24 00:00:00-04:00,516.9400024414062,521.77001953125,510.70001220703125,521.219970703125,516.3473510742188,474400,0.0,0.0
2017-07-25 00:00:00-04:00,523.969970703125,526.1199951171875,510.739990234375,513.4500122070312,508.65008544921875,596300,0.0,0.0
2017-07-26 00:00:00-04:00,513.77001953125,518.5700073242188,510.0,515.6300048828125,510.8096923828125,369500,0.0,0.0
2017-07-27 00:00:00-04:00,515.77001953125,517.4400024414062,503.9800109863281,508.4100036621094,503.6571044921875,958100,0.0,0.0
2017-07-28 00:00:00-04:00,507.010009765625,513.4199829101562,499.0400085449219,508.7099914550781,503.9543151855469,620100,0.0,0.0
2017-07-31 00:00:00-04:00,489.6700134277344,499.1400146484375,487.1300048828125,491.6199951171875,487.0240783691406,1009000,0.0,0.0
2017-08-01 00:00:00-04:00,486.6000061035156,490.1700134277344,471.260009765625,472.0,467.5874938964844,1282100,0.0,0.0
2017-08-02 00:00:00-04:00,470.7799987792969,477.510009765625,468.30999755859375,476.82000732421875,472.3624267578125,958200,0.0,0.0
2017-08-03 00:00:00-04:00,498.1000061035156,498.5,463.29998779296875,467.1099853515625,462.7431945800781,1208800,0.0,0.0
2017-08-04 00:00:00-04:00,469.32000732421875,473.3399963378906,466.6600036621094,468.760009765625,464.3778076171875,771200,0.0,0.0
2017-08-07 00:00:00-04:00,468.7099914550781,471.760009765625,462.2099914550781,470.1000061035156,465.70526123046875,499100,0.0,0.0
2017-08-08 00:00:00-04:00,469.17999267578125,475.25,467.3500061035156,469.67999267578125,465.2891845703125,484700,0.0,0.0
2017-08-09 00:00:00-04:00,469.9599914550781,478.989990234375,465.5199890136719,474.0899963378906,469.6579284667969,980000,0.0,0.0
2017-08-10 00:00:00-04:00,470.4800109863281,472.4599914550781,459.1400146484375,460.0799865722656,455.7789306640625,573700,0.0,0.0
2017-08-11 00:00:00-04:00,462.3500061035156,467.8599853515625,459.2300109863281,466.5899963378906,462.2280578613281,496000,0.0,0.0
2017-08-14 00:00:00-04:00,469.9700012207031,476.79998779296875,466.989990234375,474.5400085449219,470.103759765625,537400,0.0,0.0
2017-08-15 00:00:00-04:00,473.8699951171875,475.010009765625,470.489990234375,472.57000732421875,468.1521301269531,378500,0.0,0.0
2017-08-16 00:00:00-04:00,475.5799865722656,475.5799865722656,467.239990234375,468.5400085449219,464.15985107421875,383300,0.0,0.0
2017-08-17 00:00:00-04:00,469.82000732421875,470.0400085449219,461.7699890136719,464.0199890136719,459.68206787109375,711600,0.0,0.0
2017-08-18 00:00:00-04:00,461.8999938964844,470.8599853515625,460.55999755859375,467.9800109863281,463.60504150390625,549500,0.0,0.0
2017-08-21 00:00:00-04:00,467.75,472.489990234375,467.42999267578125,469.739990234375,465.3486022949219,510700,0.0,0.0
2017-08-22 00:00:00-04:00,470.0,483.0,469.20001220703125,478.6499938964844,474.1753845214844,503600,0.0,0.0
2017-08-23 00:00:00-04:00,475.0,480.8599853515625,472.32000732421875,477.1499938964844,472.6893615722656,410600,0.0,0.0
2017-08-24 00:00:00-04:00,477.2699890136719,488.82000732421875,474.3399963378906,485.260009765625,480.72357177734375,539000,0.0,0.0
2017-08-25 00:00:00-04:00,485.25,487.7699890136719,477.3800048828125,477.79998779296875,473.3332824707031,531000,0.0,0.0
2017-08-28 00:00:00-04:00,483.9200134277344,486.3500061035156,477.7799987792969,479.2200012207031,474.739990234375,831200,0.0,0.0
2017-08-29 00:00:00-04:00,476.8800048828125,481.3500061035156,473.3699951171875,479.0299987792969,474.5517883300781,546200,0.0,0.0
2017-08-30 00:00:00-04:00,480.510009765625,495.8500061035156,477.9700012207031,487.1199951171875,482.566162109375,729100,0.0,0.0
2017-08-31 00:00:00-04:00,488.3999938964844,502.4200134277344,484.0,496.8999938964844,492.2547302246094,871800,0.0,0.0
2017-09-01 00:00:00-04:00,498.239990234375,505.489990234375,497.0899963378906,504.0,499.288330078125,699900,0.0,0.0
2017-09-05 00:00:00-04:00,499.80999755859375,503.5400085449219,489.3699951171875,494.3599853515625,489.7384033203125,657700,0.0,0.0
2017-09-06 00:00:00-04:00,499.69000244140625,503.3299865722656,492.8699951171875,500.2200012207031,495.543701171875,441600,0.0,0.0
2017-09-07 00:00:00-04:00,489.0,489.0,467.0,471.9200134277344,467.5082702636719,1554400,0.0,0.0
2017-09-08 00:00:00-04:00,473.0,479.0299987792969,470.0,471.489990234375,467.082275390625,760800,0.0,0.0
2017-09-11 00:00:00-04:00,451.0799865722656,454.989990234375,441.5199890136719,445.1099853515625,440.9488220214844,1984700,0.0,0.0
2017-09-12 00:00:00-04:00,448.1199951171875,448.1199951171875,440.0,444.4800109863281,440.3247985839844,880600,0.0,0.0
2017-09-13 00:00:00-04:00,445.0,445.0,433.1600036621094,437.739990234375,433.6477966308594,1062800,0.0,0.0
2017-09-14 00:00:00-04:00,436.67999267578125,443.29998779296875,429.30999755859375,441.260009765625,437.1348876953125,987700,0.0,0.0
2017-09-15 00:00:00-04:00,442.0400085449219,442.1600036621094,432.42999267578125,433.45001220703125,429.39788818359375,1002400,0.0,0.0
2017-09-18 00:00:00-04:00,433.4800109863281,439.0299987792969,430.04998779296875,434.6400146484375,430.5767517089844,672300,0.0,0.0
2017-09-19 00:00:00-04:00,433.260009765625,434.6400146484375,426.4700012207031,431.3800048828125,427.3471984863281,699300,0.0,0.0
2017-09-20 00:00:00-04:00,431.6400146484375,438.44000244140625,429.54998779296875,438.1700134277344,434.07373046875,692600,0.0,0.0
2017-09-21 00:00:00-04:00,435.0,438.7699890136719,429.4700012207031,433.45001220703125,429.39788818359375,556900,0.0,0.0
2017-09-22 00:00:00-04:00,431.1199951171875,433.7699890136719,427.0400085449219,432.7200012207031,428.67474365234375,626300,0.0,0.0
2017-09-25 00:00:00-04:00,431.989990234375,442.8999938964844,431.6400146484375,438.1499938964844,434.0539245605469,834100,0.0,0.0
2017-09-26 00:00:00-04:00,440.3999938964844,442.79998779296875,433.32000732421875,434.9700012207031,430.90362548828125,453400,0.0,0.0
2017-09-27 00:00:00-04:00,435.6400146484375,437.6099853515625,432.5,435.42999267578125,431.359375,499800,0.0,0.0
2017-09-28 00:00:00-04:00,433.2900085449219,439.0400085449219,433.2900085449219,435.1099853515625,431.0423583984375,456600,0.0,0.0
2017-09-29 00:00:00-04:00,435.2799987792969,450.2300109863281,435.2799987792969,447.1199951171875,442.9400939941406,909600,0.0,0.0
2017-10-02 00:00:00-04:00,448.30999755859375,465.0,445.4100036621094,462.239990234375,457.9187316894531,1175800,0.0,0.0
2017-10-03 00:00:00-04:00,463.0400085449219,463.0400085449219,451.260009765625,455.6300048828125,451.3705749511719,596700,0.0,0.0
2017-10-04 00:00:00-04:00,454.1000061035156,458.9200134277344,450.1099853515625,456.04998779296875,451.78662109375,610700,0.0,0.0
2017-10-05 00:00:00-04:00,455.95001220703125,477.0,451.1000061035156,463.3999938964844,459.06787109375,1421300,0.0,0.0
2017-10-06 00:00:00-04:00,463.3900146484375,471.0,461.9100036621094,469.95001220703125,465.5566711425781,986000,0.0,0.0
2017-10-09 00:00:00-04:00,472.510009765625,473.8599853515625,466.70001220703125,469.55999755859375,465.1703186035156,482800,0.0,0.0
2017-10-10 00:00:00-04:00,469.55999755859375,472.30999755859375,460.6600036621094,461.1300048828125,456.8191223144531,655700,0.0,0.0
2017-10-11 00:00:00-04:00,459.79998779296875,460.8500061035156,448.7099914550781,452.9700012207031,448.7353820800781,1197800,0.0,0.0
2017-10-12 00:00:00-04:00,454.0,454.5199890136719,444.20001220703125,447.1499938964844,442.9698181152344,704800,0.0,0.0
2017-10-13 00:00:00-04:00,448.5,449.739990234375,441.0400085449219,442.9599914550781,438.81890869140625,718100,0.0,0.0
2017-10-16 00:00:00-04:00,444.0,453.54998779296875,443.1099853515625,445.67999267578125,441.5135192871094,508700,0.0,0.0
2017-10-17 00:00:00-04:00,444.4100036621094,448.57000732421875,442.010009765625,442.55999755859375,438.4227600097656,644300,0.0,0.0
2017-10-18 00:00:00-04:00,443.20001220703125,444.989990234375,435.54998779296875,439.3699951171875,435.2624816894531,547600,0.0,0.0
2017-10-19 00:00:00-04:00,439.5899963378906,443.0,438.0,440.94000244140625,436.8178405761719,639300,0.0,0.0
2017-10-20 00:00:00-04:00,430.1700134277344,435.1600036621094,427.0,432.9800109863281,428.9322814941406,990100,0.0,0.0
2017-10-23 00:00:00-04:00,433.2799987792969,437.8999938964844,430.04998779296875,432.760009765625,428.7143859863281,778600,0.0,0.0
2017-10-24 00:00:00-04:00,435.5199890136719,436.75,425.6099853515625,426.510009765625,422.5227966308594,701900,0.0,0.0
2017-10-25 00:00:00-04:00,424.5299987792969,429.7300109863281,420.5199890136719,421.92999267578125,417.98553466796875,982200,0.0,0.0
2017-10-26 00:00:00-04:00,416.70001220703125,420.6099853515625,412.489990234375,416.0400085449219,412.150634765625,852200,0.0,0.0
2017-10-27 00:00:00-04:00,413.2900085449219,416.0400085449219,406.5199890136719,409.2200012207031,405.3943786621094,1111600,0.0,0.0
2017-10-30 00:00:00-04:00,407.5299987792969,417.2200012207031,405.0,406.5199890136719,402.7196044921875,812000,0.0,0.0
2017-10-31 00:00:00-04:00,407.3999938964844,409.95001220703125,400.19000244140625,402.6199951171875,398.8561096191406,1051200,0.0,0.0
2017-11-01 00:00:00-04:00,403.80999755859375,405.5,394.55999755859375,397.0,393.28863525390625,1161000,0.0,0.0
2017-11-02 00:00:00-04:00,400.0,402.989990234375,395.45001220703125,397.45001220703125,393.7344055175781,1453300,0.0,0.0
2017-11-03 00:00:00-04:00,400.0199890136719,408.54998779296875,400.0199890136719,408.4100036621094,404.5919494628906,896600,0.0,0.0
2017-11-06 00:00:00-05:00,410.010009765625,416.8900146484375,406.5,406.6300048828125,402.82861328125,833500,0.0,0.0
2017-11-07 00:00:00-05:00,407.260009765625,411.6700134277344,401.760009765625,404.3900146484375,400.6095886230469,786000,0.0,0.0
2017-11-08 00:00:00-05:00,418.010009765625,432.5,405.0,415.1700134277344,411.28875732421875,1310100,0.0,0.0
2017-11-09 00:00:00-05:00,409.44000244140625,414.0199890136719,396.5299987792969,406.2099914550781,402.4125061035156,941900,0.0,0.0
2017-11-10 00:00:00-05:00,405.45001220703125,405.75,398.3699951171875,404.5400085449219,400.7581787109375,770800,0.0,0.0
2017-11-13 00:00:00-05:00,398.260009765625,402.1300048828125,391.2099914550781,393.6199951171875,389.94024658203125,1416700,0.0,0.0
2017-11-14 00:00:00-05:00,392.75,395.5899963378906,383.8299865722656,384.79998779296875,381.20263671875,1109600,0.0,0.0
2017-11-15 00:00:00-05:00,384.8699951171875,389.0299987792969,383.80999755859375,386.29998779296875,382.68865966796875,753800,0.0,0.0
2017-11-16 00:00:00-05:00,386.989990234375,395.6600036621094,381.6400146484375,394.69000244140625,391.0002136230469,674200,0.0,0.0
2017-11-17 00:00:00-05:00,393.0799865722656,396.3599853515625,390.5199890136719,391.5899963378906,387.92919921875,669100,0.0,0.0
2017-11-20 00:00:00-05:00,391.739990234375,393.32000732421875,383.4200134277344,385.2200012207031,381.6187744140625,845700,0.0,0.0
2017-11-21 00:00:00-05:00,385.0,388.2200012207031,383.29998779296875,384.44000244140625,380.8460388183594,784700,0.0,0.0
2017-11-22 00:00:00-05:00,384.54998779296875,388.3900146484375,384.5,387.5400085449219,383.9170837402344,367400,0.0,0.0
2017-11-24 00:00:00-05:00,388.3999938964844,392.989990234375,384.25,384.8500061035156,381.252197265625,250500,0.0,0.0
2017-11-27 00:00:00-05:00,379.0,384.0,372.739990234375,374.5299987792969,371.0286560058594,1194500,0.0,0.0
2017-11-28 00:00:00-05:00,370.7799987792969,371.760009765625,361.1600036621094,366.0,362.57843017578125,1532000,0.0,0.0
2017-11-29 00:00:00-05:00,369.6000061035156,371.3900146484375,353.1400146484375,358.6300048828125,355.27734375,2652300,0.0,0.0
2017-11-30 00:00:00-05:00,358.57000732421875,362.5,354.7300109863281,361.8599853515625,358.47711181640625,1292700,0.0,0.0
2017-12-01 00:00:00-05:00,356.3699951171875,377.3999938964844,355.0299987792969,373.4700012207031,369.9786376953125,1819500,0.0,0.0
2017-12-04 00:00:00-05:00,375.5,382.5199890136719,372.05999755859375,378.3699951171875,374.8327941894531,1075100,0.0,0.0
2017-12-05 00:00:00-05:00,378.6099853515625,385.6400146484375,371.510009765625,372.3399963378906,368.8591613769531,792500,0.0,0.0
2017-12-06 00:00:00-05:00,370.3800048828125,376.9800109863281,366.6600036621094,375.1300048828125,371.6230773925781,740900,0.0,0.0
2017-12-07 00:00:00-05:00,375.80999755859375,379.0899963378906,371.3900146484375,373.6099853515625,370.11724853515625,513400,0.0,0.0
2017-12-08 00:00:00-05:00,375.5199890136719,384.07000732421875,373.0,380.7799987792969,377.22027587890625,663900,0.0,0.0
2017-12-11 00:00:00-05:00,383.3699951171875,387.5,379.0899963378906,381.32000732421875,377.7552490234375,518000,0.0,0.0
2017-12-12 00:00:00-05:00,380.6499938964844,382.4700012207031,375.5,381.7200012207031,378.1515197753906,456400,0.0,0.0
2017-12-13 00:00:00-05:00,382.04998779296875,389.82000732421875,380.3399963378906,386.6700134277344,383.05523681640625,570600,0.0,0.0
2017-12-14 00:00:00-05:00,388.05999755859375,388.80999755859375,380.75,383.1199951171875,379.5383605957031,424500,0.0,0.0
2017-12-15 00:00:00-05:00,387.19000244140625,389.5899963378906,382.0,388.95001220703125,385.3138732910156,1271200,0.0,0.0
2017-12-18 00:00:00-05:00,390.9100036621094,390.9100036621094,382.8999938964844,383.3900146484375,379.8058776855469,623700,0.0,0.0
2017-12-19 00:00:00-05:00,382.6199951171875,390.4200134277344,381.4800109863281,385.7200012207031,382.11407470703125,579200,0.0,0.0
2017-12-20 00:00:00-05:00,385.3500061035156,387.8399963378906,381.17999267578125,382.8900146484375,379.310546875,516500,0.0,0.0
2017-12-21 00:00:00-05:00,381.8500061035156,390.54998779296875,381.17999267578125,384.1400146484375,380.5488586425781,508800,0.0,0.0
2017-12-22 00:00:00-05:00,383.5,385.2699890136719,377.0799865722656,381.0,377.4382019042969,412800,0.0,0.0
2017-12-26 00:00:00-05:00,381.17999267578125,388.0,379.2900085449219,387.42999267578125,383.80810546875,454500,0.0,0.0
2017-12-27 00:00:00-05:00,387.95001220703125,389.30999755859375,382.8699951171875,384.0899963378906,380.4992980957031,409400,0.0,0.0
2017-12-28 00:00:00-05:00,385.2699890136719,387.1199951171875,378.8999938964844,382.82000732421875,379.2412414550781,354900,0.0,0.0
2017-12-29 00:00:00-05:00,381.8699951171875,382.6499938964844,375.0,375.9599914550781,372.4453430175781,624100,0.0,0.0
2018-01-02 00:00:00-05:00,379.4800109863281,384.80999755859375,377.1099853515625,382.6000061035156,379.0232238769531,621800,0.0,0.0
2018-01-03 00:00:00-05:00,383.1400146484375,396.7799987792969,381.1400146484375,393.7799987792969,390.0987854003906,721300,0.0,0.0
2018-01-04 00:00:00-05:00,394.5,394.95001220703125,382.3999938964844,382.95001220703125,379.3699951171875,650100,0.0,0.0
2018-01-05 00:00:00-05:00,385.8500061035156,388.7900085449219,381.95001220703125,385.1000061035156,381.4999084472656,461100,0.0,0.0
2018-01-08 00:00:00-05:00,384.3999938964844,387.3299865722656,371.260009765625,372.5199890136719,369.0375061035156,1117800,0.0,0.0
2018-01-09 00:00:00-05:00,372.6099853515625,378.5799865722656,368.1199951171875,368.6499938964844,365.20367431640625,1207600,0.0,0.0
2018-01-10 00:00:00-05:00,368.6499938964844,371.4200134277344,365.6000061035156,366.4599914550781,363.0341491699219,805800,0.0,0.0
2018-01-11 00:00:00-05:00,367.0,370.0899963378906,363.0,368.260009765625,364.8173522949219,627700,0.0,0.0
2018-01-12 00:00:00-05:00,369.45001220703125,370.010009765625,366.7300109863281,366.9599914550781,363.52947998046875,830700,0.0,0.0
2018-01-16 00:00:00-05:00,368.9200134277344,374.80999755859375,367.3500061035156,370.2099914550781,366.7490539550781,1003400,0.0,0.0
2018-01-17 00:00:00-05:00,373.8599853515625,378.70001220703125,370.2799987792969,374.07000732421875,370.5730285644531,738900,0.0,0.0
2018-01-18 00:00:00-05:00,374.2099914550781,374.7099914550781,369.0299987792969,371.2799987792969,367.8090515136719,596400,0.0,0.0
2018-01-19 00:00:00-05:00,372.1700134277344,376.4700012207031,370.9599914550781,371.5299987792969,368.05670166015625,665000,0.0,0.0
2018-01-22 00:00:00-05:00,374.44000244140625,376.010009765625,370.6199951171875,375.8599853515625,372.34625244140625,760100,0.0,0.0
2018-01-23 00:00:00-05:00,374.4700012207031,383.95001220703125,373.2699890136719,381.7099914550781,378.1415710449219,842200,0.0,0.0
2018-01-24 00:00:00-05:00,383.1000061035156,387.7099914550781,380.0,383.32000732421875,379.736572265625,712900,0.0,0.0
2018-01-25 00:00:00-05:00,386.3999938964844,396.2200012207031,382.0400085449219,391.8399963378906,388.1768493652344,869800,0.0,0.0
2018-01-26 00:00:00-05:00,392.8999938964844,393.1499938964844,371.9700012207031,374.3599853515625,370.8602294921875,1429600,0.0,0.0
2018-01-29 00:00:00-05:00,373.5,385.7099914550781,371.510009765625,382.8800048828125,379.3006591796875,1095200,0.0,0.0
2018-01-30 00:00:00-05:00,382.79998779296875,384.2200012207031,375.0,379.7699890136719,376.2197265625,603700,0.0,0.0
2018-01-31 00:00:00-05:00,379.1600036621094,379.1700134277344,366.17999267578125,366.6499938964844,363.22235107421875,848700,0.0,0.0
2018-02-01 00:00:00-05:00,366.69000244140625,370.989990234375,345.010009765625,345.7900085449219,342.557373046875,2403100,0.0,0.0
2018-02-02 00:00:00-05:00,345.1700134277344,353.9700012207031,340.6499938964844,347.8599853515625,344.6080017089844,1546600,0.0,0.0
2018-02-05 00:00:00-05:00,346.3299865722656,350.79998779296875,331.6700134277344,331.9800109863281,328.8764953613281,1297000,0.0,0.0
2018-02-06 00:00:00-05:00,328.44000244140625,339.1000061035156,319.5,338.79998779296875,335.63275146484375,2005600,0.0,0.0
2018-02-07 00:00:00-05:00,338.79998779296875,343.3800048828125,331.0899963378906,334.6099853515625,331.4818420410156,1022600,0.0,0.0
2018-02-08 00:00:00-05:00,342.0299987792969,352.5,322.0199890136719,322.6199951171875,319.6039733886719,1634600,0.0,0.0
2018-02-09 00:00:00-05:00,327.2099914550781,339.6000061035156,314.989990234375,336.3800048828125,333.2353210449219,2088300,0.0,0.0
2018-02-12 00:00:00-05:00,339.67999267578125,350.989990234375,334.8699951171875,342.6700134277344,339.466552734375,1398200,0.0,0.0
2018-02-13 00:00:00-05:00,340.8399963378906,340.8399963378906,322.69000244140625,324.57000732421875,321.53570556640625,1557300,0.0,0.0
2018-02-14 00:00:00-05:00,321.3399963378906,330.8399963378906,313.5299987792969,330.69000244140625,327.5985412597656,1981400,0.0,0.0
2018-02-15 00:00:00-05:00,331.9100036621094,336.0400085449219,327.510009765625,333.17999267578125,330.06524658203125,834400,0.0,0.0
2018-02-16 00:00:00-05:00,334.0,341.0799865722656,328.95001220703125,332.1499938964844,329.0448913574219,1175400,0.0,0.0
2018-02-20 00:00:00-05:00,331.0,332.4100036621094,322.1000061035156,323.0400085449219,320.0201110839844,844000,0.0,0.0
2018-02-21 00:00:00-05:00,320.54998779296875,324.6600036621094,316.1700134277344,317.510009765625,314.541748046875,946800,0.0,0.0
2018-02-22 00:00:00-05:00,317.42999267578125,321.6600036621094,315.29998779296875,315.82000732421875,312.8675537109375,841600,0.0,0.0
2018-02-23 00:00:00-05:00,318.05999755859375,323.8999938964844,315.1499938964844,323.8599853515625,320.8323669433594,688700,0.0,0.0
2018-02-26 00:00:00-05:00,324.3500061035156,326.1600036621094,320.6000061035156,324.8900146484375,321.852783203125,552300,0.0,0.0
2018-02-27 00:00:00-05:00,324.9599914550781,327.8699951171875,318.5,320.9700012207031,317.96942138671875,935100,0.0,0.0
2018-02-28 00:00:00-05:00,321.1300048828125,324.2099914550781,318.9599914550781,320.44000244140625,317.4443664550781,840300,0.0,0.0
2018-03-01 00:00:00-05:00,320.3500061035156,327.3800048828125,320.2300109863281,321.7799987792969,318.7718505859375,923300,0.0,0.0
2018-03-02 00:00:00-05:00,321.94000244140625,333.1300048828125,321.5,330.4700012207031,327.380615234375,909500,0.0,0.0
2018-03-05 00:00:00-05:00,327.9700012207031,334.1499938964844,327.9700012207031,333.9100036621094,330.7884521484375,746200,0.0,0.0
2018-03-06 00:00:00-05:00,335.0,337.0,328.20001220703125,333.4800109863281,330.36248779296875,716700,0.0,0.0
2018-03-07 00:00:00-05:00,330.3299865722656,335.0400085449219,328.2799987792969,334.4100036621094,331.2837829589844,599300,0.0,0.0
2018-03-08 00:00:00-05:00,334.5799865722656,341.1700134277344,332.8399963378906,340.7799987792969,337.59423828125,836100,0.0,0.0
2018-03-09 00:00:00-05:00,343.5799865722656,344.7900085449219,339.4800109863281,341.70001220703125,338.505615234375,759700,0.0,0.0
2018-03-12 00:00:00-04:00,346.0,346.7300109863281,337.4200134277344,344.54998779296875,341.3290100097656,1234400,0.0,0.0
2018-03-13 00:00:00-04:00,344.42999267578125,346.6400146484375,335.4200134277344,337.75,334.5925598144531,851500,0.0,0.0
2018-03-14 00:00:00-04:00,339.7099914550781,342.6199951171875,338.1600036621094,341.4200134277344,338.22821044921875,577800,0.0,0.0
2018-03-15 00:00:00-04:00,341.55999755859375,341.9700012207031,334.2900085449219,334.92999267578125,331.7989196777344,569600,0.0,0.0
2018-03-16 00:00:00-04:00,336.54998779296875,345.8500061035156,333.95001220703125,343.29998779296875,340.09063720703125,1348900,0.0,0.0
2018-03-19 00:00:00-04:00,343.0,352.5899963378906,335.6300048828125,339.0799865722656,335.91009521484375,924000,0.0,0.0
2018-03-20 00:00:00-04:00,338.4800109863281,339.9800109863281,330.69000244140625,333.8599853515625,330.7388916015625,690000,0.0,0.0
2018-03-21 00:00:00-04:00,334.0899963378906,337.6099853515625,333.1600036621094,334.8699951171875,331.73944091796875,431300,0.0,0.0
2018-03-22 00:00:00-04:00,331.1600036621094,336.0,327.510009765625,327.69000244140625,324.6265869140625,608400,0.0,0.0
2018-03-23 00:00:00-04:00,327.5199890136719,332.32000732421875,321.20001220703125,321.2900085449219,318.2864074707031,693300,0.0,0.0
2018-03-26 00:00:00-04:00,325.5799865722656,331.0,317.7099914550781,330.7099914550781,327.6183166503906,733600,0.0,0.0
2018-03-27 00:00:00-04:00,332.6499938964844,335.70001220703125,326.94000244140625,329.239990234375,326.1620788574219,996300,0.0,0.0
2018-03-28 00:00:00-04:00,329.79998779296875,340.3999938964844,328.5,338.4800109863281,335.3157043457031,1037400,0.0,0.0
2018-03-29 00:00:00-04:00,340.82000732421875,346.8699951171875,338.32000732421875,344.3599853515625,341.1407165527344,1032800,0.0,0.0
2018-04-02 00:00:00-04:00,342.45001220703125,345.489990234375,324.7699890136719,330.55999755859375,327.4697570800781,1317100,0.0,0.0
2018-04-03 00:00:00-04:00,330.82000732421875,332.6199951171875,320.7099914550781,332.20001220703125,329.09442138671875,815400,0.0,0.0
2018-04-04 00:00:00-04:00,326.6499938964844,339.1000061035156,321.6099853515625,337.3500061035156,334.1962585449219,857500,0.0,0.0
2018-04-05 00:00:00-04:00,339.8599853515625,340.3699951171875,325.4800109863281,328.5899963378906,325.51812744140625,848500,0.0,0.0
2018-04-06 00:00:00-04:00,324.1099853515625,326.5,316.57000732421875,319.6099853515625,316.6221008300781,1010200,0.0,0.0
2018-04-09 00:00:00-04:00,318.6499938964844,324.2900085449219,315.3699951171875,319.70001220703125,316.7113037109375,681300,0.0,0.0
2018-04-10 00:00:00-04:00,322.55999755859375,328.8800048828125,321.3900146484375,328.0400085449219,324.97332763671875,554000,0.0,0.0
2018-04-11 00:00:00-04:00,326.07000732421875,328.54998779296875,322.2799987792969,322.7799987792969,319.76251220703125,688000,0.0,0.0
2018-04-12 00:00:00-04:00,323.989990234375,327.2799987792969,323.0,325.0799865722656,322.0409851074219,575200,0.0,0.0
2018-04-13 00:00:00-04:00,326.8599853515625,328.5899963378906,319.260009765625,321.55999755859375,318.5539245605469,846100,0.0,0.0
2018-04-16 00:00:00-04:00,324.3999938964844,324.3999938964844,317.6300048828125,318.20001220703125,315.2253112792969,816400,0.0,0.0
2018-04-17 00:00:00-04:00,319.6499938964844,324.760009765625,318.9800109863281,322.6300048828125,319.6138916015625,874500,0.0,0.0
2018-04-18 00:00:00-04:00,323.3999938964844,323.9100036621094,320.75,321.3900146484375,318.385498046875,405800,0.0,0.0
2018-04-19 00:00:00-04:00,320.510009765625,322.69000244140625,315.3699951171875,315.8299865722656,312.87744140625,546100,0.0,0.0
2018-04-20 00:00:00-04:00,316.30999755859375,318.19000244140625,311.3399963378906,314.25,311.31219482421875,688700,0.0,0.0
2018-04-23 00:00:00-04:00,316.0299987792969,318.4800109863281,313.80999755859375,316.010009765625,313.0557556152344,605800,0.0,0.0
2018-04-24 00:00:00-04:00,317.989990234375,318.5199890136719,310.510009765625,312.0,309.083251953125,752300,0.0,0.0
2018-04-25 00:00:00-04:00,312.0,321.2300109863281,311.0400085449219,316.1700134277344,313.21429443359375,704400,0.0,0.0
2018-04-26 00:00:00-04:00,318.0799865722656,327.1600036621094,316.239990234375,323.9700012207031,320.94140625,803000,0.0,0.0
2018-04-27 00:00:00-04:00,317.0,317.989990234375,299.55999755859375,313.04998779296875,310.12347412109375,2085600,0.0,0.0
2018-04-30 00:00:00-04:00,311.0,311.0,298.19000244140625,303.67999267578125,300.841064453125,1568900,0.0,0.0
2018-05-01 00:00:00-04:00,302.92999267578125,303.55999755859375,294.1099853515625,301.2200012207031,298.4040222167969,1195300,0.0,0.0
2018-05-02 00:00:00-04:00,299.9200134277344,303.54998779296875,295.75,296.1400146484375,293.37152099609375,1036000,0.0,0.0
2018-05-03 00:00:00-04:00,297.6000061035156,307.7200012207031,288.1600036621094,292.4100036621094,289.67645263671875,1259500,0.0,0.0
2018-05-04 00:00:00-04:00,290.1600036621094,292.9100036621094,287.54998779296875,291.25,288.5272521972656,1398700,0.0,0.0
2018-05-07 00:00:00-04:00,293.5299987792969,294.5,286.32000732421875,288.5400085449219,285.84259033203125,1037300,0.0,0.0
2018-05-08 00:00:00-04:00,290.5,292.0,284.0400085449219,285.8599853515625,283.1876220703125,758800,0.0,0.0
2018-05-09 00:00:00-04:00,285.0,288.6099853515625,281.8900146484375,284.6000061035156,281.939453125,764400,0.0,0.0
2018-05-10 00:00:00-04:00,285.010009765625,289.9800109863281,282.5899963378906,288.8999938964844,286.19921875,720400,0.0,0.0
2018-05-11 00:00:00-04:00,290.44000244140625,314.8399963378906,290.44000244140625,306.94000244140625,304.0705871582031,2944500,0.0,0.0
2018-05-14 00:00:00-04:00,307.0,310.95001220703125,302.0,309.5400085449219,306.6462707519531,1258000,0.0,0.0
2018-05-15 00:00:00-04:00,306.4200134277344,306.9599914550781,299.6199951171875,300.45001220703125,297.6412658691406,819900,0.0,0.0
2018-05-16 00:00:00-04:00,300.6300048828125,306.4599914550781,297.4700012207031,303.2099914550781,300.3754577636719,667900,0.0,0.0
2018-05-17 00:00:00-04:00,302.57000732421875,308.5,300.3999938964844,308.0,305.12066650390625,1229100,0.0,0.0
2018-05-18 00:00:00-04:00,307.8500061035156,307.8500061035156,300.0,301.80999755859375,298.9884948730469,938300,0.0,0.0
2018-05-21 00:00:00-04:00,303.75,304.30999755859375,294.17999267578125,296.6000061035156,293.8272399902344,766700,0.0,0.0
2018-05-22 00:00:00-04:00,297.8800048828125,299.7099914550781,293.5299987792969,294.67999267578125,291.92510986328125,441900,0.0,0.0
2018-05-23 00:00:00-04:00,292.2900085449219,296.260009765625,291.1000061035156,295.30999755859375,292.5492858886719,568700,0.0,0.0
2018-05-24 00:00:00-04:00,295.5799865722656,296.9200134277344,293.3500061035156,294.6099853515625,291.8558349609375,585400,0.0,0.0
2018-05-25 00:00:00-04:00,294.1199951171875,295.57000732421875,292.5,293.739990234375,290.99395751953125,637400,0.0,0.0
2018-05-29 00:00:00-04:00,291.7900085449219,298.0,291.69000244140625,296.5,293.7281799316406,737500,0.0,0.0
2018-05-30 00:00:00-04:00,297.04998779296875,301.7099914550781,294.0199890136719,300.8900146484375,298.0771484375,775700,0.0,0.0
2018-05-31 00:00:00-04:00,301.3699951171875,304.8699951171875,297.6400146484375,300.32000732421875,297.5124816894531,670800,0.0,0.0
2018-06-01 00:00:00-04:00,301.3399963378906,311.3599853515625,297.7799987792969,306.8800048828125,304.0111083984375,1012700,0.0,0.0
2018-06-04 00:00:00-04:00,307.6400146484375,314.7900085449219,304.9599914550781,312.0899963378906,309.17242431640625,1153400,0.0,0.0
2018-06-05 00:00:00-04:00,310.1400146484375,315.3800048828125,306.489990234375,311.8500061035156,308.9346923828125,714000,0.0,0.0
2018-06-06 00:00:00-04:00,312.8900146484375,315.67999267578125,312.010009765625,315.1300048828125,312.1840515136719,630000,0.0,0.0
2018-06-07 00:00:00-04:00,315.5299987792969,317.25,305.2799987792969,308.7200012207031,305.83392333984375,829700,0.0,0.0
2018-06-08 00:00:00-04:00,308.2200012207031,310.6199951171875,303.5199890136719,308.1000061035156,305.2197265625,644300,0.0,0.0
2018-06-11 00:00:00-04:00,308.0,313.92999267578125,306.1300048828125,311.95001220703125,309.03375244140625,535500,0.0,0.0
2018-06-12 00:00:00-04:00,311.7099914550781,312.4200134277344,308.8399963378906,309.5299987792969,306.6363525390625,353600,0.0,0.0
2018-06-13 00:00:00-04:00,310.1199951171875,313.6700134277344,307.6300048828125,308.2799987792969,305.3979797363281,465200,0.0,0.0
2018-06-14 00:00:00-04:00,309.94000244140625,317.82000732421875,307.5799865722656,315.6700134277344,312.718994140625,606900,0.0,0.0
2018-06-15 00:00:00-04:00,316.8999938964844,320.69000244140625,310.3599853515625,315.29998779296875,312.35235595703125,1034200,0.0,0.0
2018-06-18 00:00:00-04:00,312.260009765625,316.260009765625,309.7099914550781,315.6099853515625,312.6594543457031,613900,0.0,0.0
2018-06-19 00:00:00-04:00,314.6300048828125,327.55999755859375,312.4100036621094,327.07000732421875,324.0124206542969,1096400,0.0,0.0
2018-06-20 00:00:00-04:00,327.6600036621094,338.4800109863281,327.6600036621094,336.92999267578125,333.78021240234375,1300000,0.0,0.0
2018-06-21 00:00:00-04:00,336.8699951171875,336.8800048828125,323.6700134277344,329.0400085449219,325.9639587402344,1014100,0.0,0.0
2018-06-22 00:00:00-04:00,330.04998779296875,334.5299987792969,326.8999938964844,331.9700012207031,328.8665771484375,714900,0.0,0.0
2018-06-25 00:00:00-04:00,328.95001220703125,332.17999267578125,321.739990234375,327.1099853515625,324.0519714355469,574400,0.0,0.0
2018-06-26 00:00:00-04:00,327.8900146484375,330.25,321.7699890136719,327.2300109863281,324.1708984375,655000,0.0,0.0
2018-06-27 00:00:00-04:00,336.69000244140625,342.6600036621094,333.0,336.6099853515625,333.46319580078125,1500900,0.0,0.0
2018-06-28 00:00:00-04:00,336.6300048828125,343.3399963378906,332.9599914550781,341.82000732421875,338.62451171875,948300,0.0,0.0
2018-06-29 00:00:00-04:00,343.6000061035156,349.239990234375,343.1499938964844,344.989990234375,341.764892578125,1205600,0.0,0.0
2018-07-02 00:00:00-04:00,344.95001220703125,351.4700012207031,342.5799865722656,351.1400146484375,347.8573913574219,871600,0.0,0.0
2018-07-03 00:00:00-04:00,352.0,355.9800109863281,347.0,353.8599853515625,350.5519104003906,540600,0.0,0.0
2018-07-05 00:00:00-04:00,356.3699951171875,362.7699890136719,353.5,360.95001220703125,357.5756530761719,954300,0.0,0.0
2018-07-06 00:00:00-04:00,364.0,370.5,358.80999755859375,369.5899963378906,366.1348876953125,1002500,0.0,0.0
2018-07-09 00:00:00-04:00,370.29998779296875,374.8399963378906,366.20001220703125,371.30999755859375,367.83880615234375,881400,0.0,0.0
2018-07-10 00:00:00-04:00,371.2799987792969,371.32000732421875,364.20001220703125,366.2699890136719,362.845947265625,921300,0.0,0.0
2018-07-11 00:00:00-04:00,365.0799865722656,366.5199890136719,362.5299987792969,365.2099914550781,361.79583740234375,595800,0.0,0.0
2018-07-12 00:00:00-04:00,366.5899963378906,367.5899963378906,359.3399963378906,366.42999267578125,363.00439453125,698100,0.0,0.0
2018-07-13 00:00:00-04:00,366.29998779296875,370.1400146484375,364.6600036621094,367.6400146484375,364.2030944824219,546200,0.0,0.0
2018-07-16 00:00:00-04:00,368.55999755859375,368.55999755859375,359.760009765625,364.75,361.34014892578125,596400,0.0,0.0
2018-07-17 00:00:00-04:00,364.0299987792969,366.6700134277344,362.0400085449219,365.42999267578125,362.0137939453125,415300,0.0,0.0
2018-07-18 00:00:00-04:00,365.5199890136719,367.2300109863281,360.7200012207031,365.9800109863281,362.5586242675781,456700,0.0,0.0
2018-07-19 00:00:00-04:00,363.6400146484375,368.20001220703125,362.5799865722656,367.739990234375,364.3021240234375,667000,0.0,0.0
2018-07-20 00:00:00-04:00,367.0400085449219,368.79998779296875,363.69000244140625,367.1099853515625,363.67803955078125,965100,0.0,0.0
2018-07-23 00:00:00-04:00,367.19000244140625,368.2300109863281,363.19000244140625,366.2099914550781,362.7864685058594,1106500,0.0,0.0
2018-07-24 00:00:00-04:00,369.8800048828125,374.4800109863281,366.2099914550781,372.7699890136719,369.28515625,846700,0.0,0.0
2018-07-25 00:00:00-04:00,370.9800109863281,376.1099853515625,369.57000732421875,374.489990234375,370.98907470703125,672700,0.0,0.0
2018-07-26 00:00:00-04:00,376.0,376.75,369.2200012207031,373.5899963378906,370.09747314453125,579300,0.0,0.0
2018-07-27 00:00:00-04:00,373.1400146484375,373.6600036621094,361.6499938964844,367.6000061035156,364.16351318359375,1093900,0.0,0.0
2018-07-30 00:00:00-04:00,365.55999755859375,375.760009765625,363.1600036621094,371.510009765625,368.03692626953125,758400,0.0,0.0
2018-07-31 00:00:00-04:00,372.6400146484375,375.0,365.44000244140625,368.010009765625,364.56964111328125,961500,0.0,0.0
2018-08-01 00:00:00-04:00,366.739990234375,373.2200012207031,365.82000732421875,371.0299987792969,367.5614318847656,675200,0.0,0.0
2018-08-02 00:00:00-04:00,372.4800109863281,401.5,367.5199890136719,397.0,393.28863525390625,2148400,0.0,0.0
2018-08-03 00:00:00-04:00,395.17999267578125,399.0,390.75,394.8800048828125,391.1884460449219,1312200,0.0,0.0
2018-08-06 00:00:00-04:00,394.0,395.8399963378906,389.5199890136719,390.04998779296875,386.40362548828125,769100,0.0,0.0
2018-08-07 00:00:00-04:00,391.2900085449219,395.32000732421875,388.2200012207031,391.4200134277344,387.7608337402344,477700,0.0,0.0
2018-08-08 00:00:00-04:00,380.0,380.0,367.6300048828125,374.2699890136719,370.7711181640625,1161000,0.0,0.0
2018-08-09 00:00:00-04:00,372.7699890136719,374.4100036621094,363.25,372.1400146484375,368.66107177734375,1000600,0.0,0.0
2018-08-10 00:00:00-04:00,371.2200012207031,371.8500061035156,364.8599853515625,368.7799987792969,365.33245849609375,633400,0.0,0.0
2018-08-13 00:00:00-04:00,367.0,368.57000732421875,362.30999755859375,366.45001220703125,363.02423095703125,590200,0.0,0.0
2018-08-14 00:00:00-04:00,367.04998779296875,369.3999938964844,364.9599914550781,366.2300109863281,362.8062744140625,517700,0.0,0.0
2018-08-15 00:00:00-04:00,365.0,369.0,361.19000244140625,361.8699951171875,358.48712158203125,551100,0.0,0.0
2018-08-16 00:00:00-04:00,364.4800109863281,373.9200134277344,361.760009765625,371.7799987792969,368.3044128417969,595400,0.0,0.0
2018-08-17 00:00:00-04:00,373.0,377.8599853515625,370.1700134277344,374.260009765625,370.7612609863281,669600,0.0,0.0
2018-08-20 00:00:00-04:00,375.92999267578125,377.5400085449219,371.3900146484375,374.79998779296875,371.2961730957031,543800,0.0,0.0
2018-08-21 00:00:00-04:00,374.54998779296875,381.3500061035156,374.1499938964844,378.55999755859375,375.02105712890625,553500,0.0,0.0
2018-08-22 00:00:00-04:00,376.239990234375,382.19000244140625,372.0299987792969,380.1700134277344,376.615966796875,464700,0.0,0.0
2018-08-23 00:00:00-04:00,378.8399963378906,382.1400146484375,376.5899963378906,379.19000244140625,375.6451416015625,438900,0.0,0.0
2018-08-24 00:00:00-04:00,378.3500061035156,380.19000244140625,374.6000061035156,376.3299865722656,372.8118896484375,421300,0.0,0.0
2018-08-27 00:00:00-04:00,378.69000244140625,389.0799865722656,377.0400085449219,388.44000244140625,384.8086242675781,847700,0.0,0.0
2018-08-28 00:00:00-04:00,390.0,392.260009765625,387.04998779296875,390.04998779296875,386.40362548828125,657900,0.0,0.0
2018-08-29 00:00:00-04:00,392.5,408.75,388.9100036621094,406.6199951171875,402.8186950683594,1234200,0.0,0.0
2018-08-30 00:00:00-04:00,405.9599914550781,416.489990234375,405.1499938964844,408.510009765625,404.6910095214844,956700,0.0,0.0
2018-08-31 00:00:00-04:00,407.20001220703125,412.1700134277344,406.29998779296875,406.75,402.94744873046875,484400,0.0,0.0
2018-09-04 00:00:00-04:00,405.5,410.739990234375,399.4700012207031,403.92999267578125,400.1538391113281,627100,0.0,0.0
2018-09-05 00:00:00-04:00,404.1199951171875,409.6700134277344,403.0,406.94000244140625,403.1357116699219,541000,0.0,0.0
2018-09-06 00:00:00-04:00,405.94000244140625,405.94000244140625,392.7099914550781,397.92999267578125,394.2099304199219,483900,0.0,0.0
2018-09-07 00:00:00-04:00,395.4200134277344,397.6700134277344,388.0199890136719,395.4200134277344,391.7234191894531,503600,0.0,0.0
2018-09-10 00:00:00-04:00,396.25,398.4700012207031,392.1000061035156,395.0400085449219,391.3469543457031,355700,0.0,0.0
2018-09-11 00:00:00-04:00,394.1600036621094,396.0199890136719,389.6300048828125,393.7699890136719,390.08880615234375,346000,0.0,0.0
2018-09-12 00:00:00-04:00,394.8399963378906,396.54998779296875,382.44000244140625,388.8800048828125,385.2445983886719,684200,0.0,0.0
2018-09-13 00:00:00-04:00,390.2799987792969,398.57000732421875,389.25,397.7099914550781,393.99200439453125,538800,0.0,0.0
2018-09-14 00:00:00-04:00,397.7799987792969,400.0,388.1099853515625,392.1700134277344,388.5037841796875,493400,0.0,0.0
2018-09-17 00:00:00-04:00,392.760009765625,394.5299987792969,386.04998779296875,386.489990234375,382.87689208984375,525800,0.0,0.0
2018-09-18 00:00:00-04:00,382.7300109863281,392.4700012207031,375.2099914550781,388.3299865722656,384.6996765136719,644600,0.0,0.0
2018-09-19 00:00:00-04:00,386.8399963378906,386.9800109863281,381.94000244140625,383.70001220703125,380.11297607421875,610500,0.0,0.0
2018-09-20 00:00:00-04:00,385.05999755859375,389.32000732421875,383.0,387.25,383.6297912597656,680600,0.0,0.0
2018-09-21 00:00:00-04:00,389.7300109863281,393.32000732421875,387.3900146484375,390.2799987792969,386.6314392089844,1147800,0.0,0.0
2018-09-24 00:00:00-04:00,387.2900085449219,393.79998779296875,385.95001220703125,390.19000244140625,386.5423278808594,372800,0.0,0.0
2018-09-25 00:00:00-04:00,391.6000061035156,394.7699890136719,388.6700134277344,390.04998779296875,386.40362548828125,442200,0.0,0.0
2018-09-26 00:00:00-04:00,389.7099914550781,396.54998779296875,388.9100036621094,391.5299987792969,387.8697814941406,406200,0.0,0.0
2018-09-27 00:00:00-04:00,391.1099853515625,407.1000061035156,390.010009765625,406.0,402.2044982910156,813200,0.0,0.0
2018-09-28 00:00:00-04:00,405.9200134277344,410.0,400.2699890136719,404.0400085449219,400.2628479003906,841600,0.0,0.0
2018-10-01 00:00:00-04:00,406.4100036621094,410.0,392.0,394.2300109863281,390.5445251464844,866700,0.0,0.0
2018-10-02 00:00:00-04:00,395.8500061035156,405.75,395.010009765625,400.57000732421875,396.8252868652344,586900,0.0,0.0
2018-10-03 00:00:00-04:00,401.3699951171875,403.5899963378906,397.9800109863281,403.0400085449219,399.27215576171875,516200,0.0,0.0
2018-10-04 00:00:00-04:00,401.3599853515625,401.42999267578125,387.8399963378906,392.04998779296875,388.3848876953125,627500,0.0,0.0
2018-10-05 00:00:00-04:00,393.9200134277344,400.75,386.75,391.7699890136719,388.1075134277344,453700,0.0,0.0
2018-10-08 00:00:00-04:00,391.57000732421875,396.2300109863281,386.42999267578125,394.1499938964844,390.4652404785156,371500,0.0,0.0
2018-10-09 00:00:00-04:00,394.0,396.6400146484375,388.67999267578125,392.5299987792969,388.8603820800781,422000,0.0,0.0
2018-10-10 00:00:00-04:00,390.6000061035156,397.94000244140625,381.0,381.94000244140625,378.36944580078125,673300,0.0,0.0
2018-10-11 00:00:00-04:00,382.6499938964844,384.17999267578125,367.7300109863281,371.6700134277344,368.1954650878906,761600,0.0,0.0
2018-10-12 00:00:00-04:00,377.1199951171875,385.94000244140625,373.1000061035156,384.1600036621094,380.56866455078125,810200,0.0,0.0
2018-10-15 00:00:00-04:00,384.1600036621094,385.7799987792969,374.3999938964844,377.54998779296875,374.0204772949219,444900,0.0,0.0
2018-10-16 00:00:00-04:00,381.30999755859375,399.3999938964844,380.7799987792969,398.5199890136719,394.79443359375,684500,0.0,0.0
2018-10-17 00:00:00-04:00,398.07000732421875,401.0,392.45001220703125,399.05999755859375,395.3293762207031,440000,0.0,0.0
2018-10-18 00:00:00-04:00,399.8999938964844,399.8999938964844,389.989990234375,395.2200012207031,391.5252990722656,553500,0.0,0.0
2018-10-19 00:00:00-04:00,396.5799865722656,400.2200012207031,387.5199890136719,389.8299865722656,386.1856689453125,728900,0.0,0.0
2018-10-22 00:00:00-04:00,393.2900085449219,398.2799987792969,383.6099853515625,387.79998779296875,384.17462158203125,643900,0.0,0.0
2018-10-23 00:00:00-04:00,384.1700134277344,387.19000244140625,377.0899963378906,380.69000244140625,377.1310729980469,778000,0.0,0.0
2018-10-24 00:00:00-04:00,380.2799987792969,386.0899963378906,350.7799987792969,351.3900146484375,348.1050720214844,1416600,0.0,0.0
2018-10-25 00:00:00-04:00,342.5799865722656,348.989990234375,330.7300109863281,336.94000244140625,333.79010009765625,2351700,0.0,0.0
2018-10-26 00:00:00-04:00,329.989990234375,342.7900085449219,329.1000061035156,335.82000732421875,332.6805725097656,1038700,0.0,0.0
2018-10-29 00:00:00-04:00,343.42999267578125,343.42999267578125,327.5799865722656,336.17999267578125,333.0372009277344,947000,0.0,0.0
2018-10-30 00:00:00-04:00,335.8599853515625,347.9800109863281,332.3999938964844,339.70001220703125,336.5242919921875,1086800,0.0,0.0
2018-10-31 00:00:00-04:00,344.82000732421875,347.0,335.44000244140625,339.239990234375,336.06854248046875,890300,0.0,0.0
2018-11-01 00:00:00-04:00,339.0,355.5299987792969,339.0,355.1099853515625,351.7902526855469,997300,0.0,0.0
2018-11-02 00:00:00-04:00,358.2099914550781,361.17999267578125,347.739990234375,352.5899963378906,349.2938232421875,663600,0.0,0.0
2018-11-05 00:00:00-05:00,354.3599853515625,360.6000061035156,352.6199951171875,354.92999267578125,351.6119689941406,819100,0.0,0.0
2018-11-06 00:00:00-05:00,359.2099914550781,367.0,349.5899963378906,357.6099853515625,354.2668762207031,981400,0.0,0.0
2018-11-07 00:00:00-05:00,359.8800048828125,365.67999267578125,355.8900146484375,364.25,360.8448181152344,823600,0.0,0.0
2018-11-08 00:00:00-05:00,359.3800048828125,365.4700012207031,358.0199890136719,363.3399963378906,359.9432678222656,536600,0.0,0.0
2018-11-09 00:00:00-05:00,362.1000061035156,362.54998779296875,352.5799865722656,356.6600036621094,353.3257751464844,544000,0.0,0.0
2018-11-12 00:00:00-05:00,355.92999267578125,357.9200134277344,344.6300048828125,346.55999755859375,343.3201904296875,657100,0.0,0.0
2018-11-13 00:00:00-05:00,349.1099853515625,352.67999267578125,341.0799865722656,342.1000061035156,338.9018859863281,594100,0.0,0.0
2018-11-14 00:00:00-05:00,344.6400146484375,349.8500061035156,335.79998779296875,337.2900085449219,334.1368103027344,935300,0.0,0.0
2018-11-15 00:00:00-05:00,334.510009765625,344.489990234375,332.0,341.6499938964844,338.4560241699219,796700,0.0,0.0
2018-11-16 00:00:00-05:00,340.20001220703125,347.3299865722656,338.57000732421875,345.3299865722656,342.1016845703125,768300,0.0,0.0
2018-11-19 00:00:00-05:00,343.45001220703125,345.239990234375,333.92999267578125,338.989990234375,335.8209228515625,827800,0.0,0.0
2018-11-20 00:00:00-05:00,337.4700012207031,343.6700134277344,331.5400085449219,337.2900085449219,334.1368103027344,552500,0.0,0.0
2018-11-21 00:00:00-05:00,339.6000061035156,345.5799865722656,339.2099914550781,343.1700134277344,339.9618835449219,481200,0.0,0.0
2018-11-23 00:00:00-05:00,340.20001220703125,349.6300048828125,339.9200134277344,340.8599853515625,337.6734313964844,199500,0.0,0.0
2018-11-26 00:00:00-05:00,343.9599914550781,355.1400146484375,341.8399963378906,353.17999267578125,349.8782653808594,706000,0.0,0.0
2018-11-27 00:00:00-05:00,351.4800109863281,356.989990234375,348.2699890136719,353.5899963378906,350.28448486328125,558600,0.0,0.0
2018-11-28 00:00:00-05:00,354.6199951171875,363.7200012207031,350.45001220703125,363.6400146484375,360.2405090332031,651100,0.0,0.0
2018-11-29 00:00:00-05:00,360.010009765625,364.8900146484375,357.55999755859375,359.57000732421875,356.2085266113281,555700,0.0,0.0
2018-11-30 00:00:00-05:00,361.1000061035156,368.239990234375,359.5,365.6499938964844,362.2317199707031,696800,0.0,0.0
2018-12-03 00:00:00-05:00,372.5,394.9800109863281,372.239990234375,382.6099853515625,379.0331726074219,1100700,0.0,0.0
2018-12-04 00:00:00-05:00,382.6300048828125,396.32000732421875,371.6499938964844,372.79998779296875,369.3148193359375,1012900,0.0,0.0
2018-12-06 00:00:00-05:00,367.32000732421875,381.9700012207031,364.8900146484375,381.69000244140625,378.12176513671875,896700,0.0,0.0
2018-12-07 00:00:00-05:00,379.2799987792969,389.29998779296875,370.3500061035156,372.8299865722656,369.3446044921875,835800,0.0,0.0
2018-12-10 00:00:00-05:00,374.5199890136719,380.30999755859375,367.3500061035156,377.5899963378906,374.0601501464844,876100,0.0,0.0
2018-12-11 00:00:00-05:00,382.1700134277344,385.2200012207031,372.3900146484375,375.7200012207031,372.20758056640625,814700,0.0,0.0
2018-12-12 00:00:00-05:00,381.20001220703125,385.9800109863281,376.8299865722656,377.9599914550781,374.4266052246094,601200,0.0,0.0
2018-12-13 00:00:00-05:00,378.260009765625,381.9800109863281,372.6499938964844,378.510009765625,374.97149658203125,478900,0.0,0.0
2018-12-14 00:00:00-05:00,382.9599914550781,386.8999938964844,379.0,381.1700134277344,377.6066589355469,758400,0.0,0.0
2018-12-17 00:00:00-05:00,381.70001220703125,386.3500061035156,370.6000061035156,375.5,371.9895935058594,833100,0.0,0.0
2018-12-18 00:00:00-05:00,377.54998779296875,381.489990234375,364.7300109863281,369.0,365.5503845214844,804800,0.0,0.0
2018-12-19 00:00:00-05:00,369.0,373.3999938964844,355.45001220703125,360.70001220703125,357.3280029296875,827100,0.0,0.0
2018-12-20 00:00:00-05:00,360.95001220703125,363.82000732421875,354.3299865722656,356.2300109863281,352.8998107910156,852400,0.0,0.0
2018-12-21 00:00:00-05:00,357.6000061035156,363.0,344.17999267578125,344.6000061035156,341.3785095214844,1514200,0.0,0.0
2018-12-24 00:00:00-05:00,343.3299865722656,347.8900146484375,340.3399963378906,340.6400146484375,337.4555358886719,463800,0.0,0.0
2018-12-26 00:00:00-05:00,341.9800109863281,363.5299987792969,339.1300048828125,363.2900085449219,359.8937683105469,832700,0.0,0.0
2018-12-27 00:00:00-05:00,359.45001220703125,364.8699951171875,352.6000061035156,364.7900085449219,361.3797607421875,690200,0.0,0.0
2018-12-28 00:00:00-05:00,366.54998779296875,371.2099914550781,361.5400085449219,362.6199951171875,359.23004150390625,522200,0.0,0.0
2018-12-31 00:00:00-05:00,364.7300109863281,374.75,364.6400146484375,373.5,370.0083923339844,680200,0.0,0.0
2019-01-02 00:00:00-05:00,368.1499938964844,376.7900085449219,366.010009765625,372.44000244140625,368.958251953125,599600,0.0,0.0
2019-01-03 00:00:00-05:00,373.6600036621094,385.94000244140625,371.5799865722656,372.0799865722656,368.6015930175781,750200,0.0,0.0
2019-01-04 00:00:00-05:00,379.5400085449219,399.70001220703125,377.6499938964844,397.54998779296875,393.8334655761719,1207600,0.0,0.0
2019-01-07 00:00:00-05:00,397.3399963378906,400.79998779296875,393.94000244140625,396.6300048828125,392.922119140625,959400,0.0,0.0
2019-01-08 00:00:00-05:00,399.30999755859375,401.0899963378906,389.0,397.260009765625,393.54620361328125,963500,0.0,0.0
2019-01-09 00:00:00-05:00,398.0199890136719,401.4599914550781,395.6099853515625,399.5799865722656,395.8445129394531,615600,0.0,0.0
2019-01-10 00:00:00-05:00,399.3999938964844,410.0,395.9800109863281,408.05999755859375,404.2452392578125,949300,0.0,0.0
2019-01-11 00:00:00-05:00,405.6499938964844,412.2900085449219,403.54998779296875,408.6300048828125,404.8099365234375,758000,0.0,0.0
2019-01-14 00:00:00-05:00,408.1600036621094,408.1600036621094,399.1099853515625,400.7300109863281,396.9837341308594,693300,0.0,0.0
2019-01-15 00:00:00-05:00,401.4200134277344,405.1600036621094,399.6300048828125,405.0199890136719,401.2336730957031,475100,0.0,0.0
2019-01-16 00:00:00-05:00,406.1700134277344,410.6300048828125,402.8500061035156,404.5400085449219,400.7581787109375,468800,0.0,0.0
2019-01-17 00:00:00-05:00,402.7200012207031,420.2900085449219,402.7200012207031,417.3800048828125,413.47808837890625,860200,0.0,0.0
2019-01-18 00:00:00-05:00,420.4200134277344,420.4800109863281,410.0,418.8399963378906,414.9244689941406,710400,0.0,0.0
2019-01-22 00:00:00-05:00,415.7699890136719,421.989990234375,404.0,404.75,400.9661560058594,899500,0.0,0.0
2019-01-23 00:00:00-05:00,404.9200134277344,406.7900085449219,393.1700134277344,401.2099914550781,397.4592590332031,914000,0.0,0.0
2019-01-24 00:00:00-05:00,401.79998779296875,408.8800048828125,399.1600036621094,407.92999267578125,404.1164245605469,655100,0.0,0.0
2019-01-25 00:00:00-05:00,410.8500061035156,418.95001220703125,406.1000061035156,418.2900085449219,414.379638671875,668000,0.0,0.0
2019-01-28 00:00:00-05:00,415.1099853515625,416.489990234375,408.80999755859375,413.95001220703125,410.0802307128906,761000,0.0,0.0
2019-01-29 00:00:00-05:00,415.7200012207031,418.510009765625,413.0,417.1499938964844,413.250244140625,724700,0.0,0.0
2019-01-30 00:00:00-05:00,416.3500061035156,420.44000244140625,412.6300048828125,419.9100036621094,415.98443603515625,867800,0.0,0.0
2019-01-31 00:00:00-05:00,419.67999267578125,430.5799865722656,419.45001220703125,429.2699890136719,425.2569580078125,1441800,0.0,0.0
2019-02-01 00:00:00-05:00,428.5199890136719,431.32000732421875,425.32000732421875,430.1499938964844,426.1286926269531,702300,0.0,0.0
2019-02-04 00:00:00-05:00,428.9200134277344,429.05999755859375,422.489990234375,425.3999938964844,421.42315673828125,474600,0.0,0.0
2019-02-05 00:00:00-05:00,426.1099853515625,427.5,419.6300048828125,421.0400085449219,417.1038818359375,629600,0.0,0.0
2019-02-06 00:00:00-05:00,428.8999938964844,429.8999938964844,406.3999938964844,406.55999755859375,402.7592468261719,1330800,0.0,0.0
2019-02-07 00:00:00-05:00,408.2900085449219,414.2200012207031,404.2699890136719,406.4599914550781,402.6601867675781,738400,0.0,0.0
2019-02-08 00:00:00-05:00,405.44000244140625,408.0,399.2900085449219,406.8599853515625,403.05645751953125,692100,0.0,0.0
2019-02-11 00:00:00-05:00,409.3699951171875,413.3500061035156,403.0,408.510009765625,404.6910095214844,587000,0.0,0.0
2019-02-12 00:00:00-05:00,411.55999755859375,418.1000061035156,408.0199890136719,416.3399963378906,412.44781494140625,636900,0.0,0.0
2019-02-13 00:00:00-05:00,415.9800109863281,421.6600036621094,411.510009765625,412.0899963378906,408.2375793457031,349300,0.0,0.0
2019-02-14 00:00:00-05:00,412.0,416.260009765625,408.57000732421875,414.9700012207031,411.09063720703125,349600,0.0,0.0
2019-02-15 00:00:00-05:00,417.9700012207031,424.3900146484375,415.7200012207031,423.9700012207031,420.0065002441406,700000,0.0,0.0
2019-02-19 00:00:00-05:00,423.739990234375,426.4100036621094,420.3500061035156,420.6000061035156,416.66802978515625,397800,0.0,0.0
2019-02-20 00:00:00-05:00,420.0,423.3999938964844,417.0799865722656,422.510009765625,418.5601501464844,411100,0.0,0.0
2019-02-21 00:00:00-05:00,421.80999755859375,422.6099853515625,415.5799865722656,418.6199951171875,414.70654296875,406600,0.0,0.0
2019-02-22 00:00:00-05:00,418.2099914550781,423.6499938964844,416.0,422.5199890136719,418.570068359375,386600,0.0,0.0
2019-02-25 00:00:00-05:00,424.94000244140625,426.5299987792969,415.760009765625,420.3800048828125,416.4501037597656,660400,0.0,0.0
2019-02-26 00:00:00-05:00,418.57000732421875,428.05999755859375,415.8299865722656,426.1499938964844,422.1661376953125,611100,0.0,0.0
2019-02-27 00:00:00-05:00,424.0,433.739990234375,424.0,433.3299865722656,429.27899169921875,598800,0.0,0.0
2019-02-28 00:00:00-05:00,430.19000244140625,434.3500061035156,428.6199951171875,430.739990234375,426.7132263183594,518000,0.0,0.0
2019-03-01 00:00:00-05:00,434.79998779296875,440.04998779296875,431.92999267578125,439.57000732421875,435.460693359375,511000,0.0,0.0
2019-03-04 00:00:00-05:00,441.17999267578125,442.0,428.3599853515625,433.8299865722656,429.7743225097656,769300,0.0,0.0
2019-03-05 00:00:00-05:00,432.1199951171875,439.6499938964844,430.489990234375,437.1300048828125,433.0434875488281,478300,0.0,0.0
2019-03-06 00:00:00-05:00,436.92999267578125,438.0199890136719,421.30999755859375,423.69000244140625,419.7291259765625,812300,0.0,0.0
2019-03-07 00:00:00-05:00,422.8999938964844,422.8999938964844,409.19000244140625,409.5799865722656,405.75103759765625,1020800,0.0,0.0
2019-03-08 00:00:00-05:00,407.510009765625,407.510009765625,399.5799865722656,402.6400146484375,398.8759460449219,1091700,0.0,0.0
2019-03-11 00:00:00-04:00,404.1499938964844,413.2099914550781,402.25,412.04998779296875,408.1979064941406,874200,0.0,0.0
2019-03-12 00:00:00-04:00,413.55999755859375,421.79998779296875,411.19000244140625,417.6199951171875,413.7159118652344,839700,0.0,0.0
2019-03-13 00:00:00-04:00,419.3800048828125,419.6000061035156,408.5299987792969,409.010009765625,405.18634033203125,988800,0.0,0.0
2019-03-14 00:00:00-04:00,409.8900146484375,412.3599853515625,406.3399963378906,407.5,403.69049072265625,925200,0.0,0.0
2019-03-15 00:00:00-04:00,408.4700012207031,415.0,408.3999938964844,414.4700012207031,410.5953369140625,1158500,0.0,0.0
2019-03-18 00:00:00-04:00,410.0,413.760009765625,404.8399963378906,407.6000061035156,403.78955078125,545700,0.0,0.0
2019-03-19 00:00:00-04:00,407.739990234375,409.7200012207031,404.3999938964844,406.989990234375,403.1852722167969,627900,0.0,0.0
2019-03-20 00:00:00-04:00,407.7900085449219,409.67999267578125,402.82000732421875,405.5,401.70916748046875,479500,0.0,0.0
2019-03-21 00:00:00-04:00,401.0,405.1199951171875,396.8399963378906,402.5899963378906,398.8263854980469,880900,0.0,0.0
2019-03-22 00:00:00-04:00,401.4800109863281,402.5899963378906,391.42999267578125,391.79998779296875,388.1372375488281,552600,0.0,0.0
2019-03-25 00:00:00-04:00,391.4200134277344,397.6099853515625,388.489990234375,395.0,391.3073425292969,431600,0.0,0.0
2019-03-26 00:00:00-04:00,398.7799987792969,406.2300109863281,398.5199890136719,405.6199951171875,401.82806396484375,674800,0.0,0.0
2019-03-27 00:00:00-04:00,405.07000732421875,407.45001220703125,398.3599853515625,402.8699951171875,399.103759765625,450800,0.0,0.0
2019-03-28 00:00:00-04:00,405.6700134277344,408.30999755859375,402.29998779296875,404.8299865722656,401.04541015625,436300,0.0,0.0
2019-03-29 00:00:00-04:00,406.739990234375,412.6000061035156,406.739990234375,410.6199951171875,406.78131103515625,492300,0.0,0.0
2019-04-01 00:00:00-04:00,412.510009765625,412.8999938964844,408.0,410.04998779296875,406.21661376953125,496500,0.0,0.0
2019-04-02 00:00:00-04:00,411.3500061035156,415.8900146484375,407.55999755859375,414.82000732421875,410.9420471191406,513000,0.0,0.0
2019-04-03 00:00:00-04:00,414.3399963378906,415.1600036621094,400.8399963378906,407.0,403.19512939453125,789300,0.0,0.0
2019-04-04 00:00:00-04:00,408.0,410.79998779296875,400.8299865722656,406.5299987792969,402.7295837402344,517300,0.0,0.0
2019-04-05 00:00:00-04:00,408.1700134277344,412.6300048828125,406.54998779296875,408.94000244140625,405.1170349121094,657400,0.0,0.0
2019-04-08 00:00:00-04:00,408.0799865722656,410.94000244140625,396.0,401.260009765625,397.50885009765625,703800,0.0,0.0
2019-04-09 00:00:00-04:00,400.0,400.3399963378906,395.1400146484375,395.7300109863281,392.0305480957031,577700,0.0,0.0
2019-04-10 00:00:00-04:00,397.17999267578125,408.4800109863281,394.3299865722656,408.2300109863281,404.41363525390625,579700,0.0,0.0
2019-04-11 00:00:00-04:00,410.0,410.19000244140625,391.7300109863281,393.4800109863281,389.801513671875,843500,0.0,0.0
2019-04-12 00:00:00-04:00,393.1700134277344,394.5,381.17999267578125,382.94000244140625,379.3600769042969,1254100,0.0,0.0
2019-04-15 00:00:00-04:00,382.80999755859375,385.989990234375,375.20001220703125,375.5,371.9895935058594,811500,0.0,0.0
2019-04-16 00:00:00-04:00,377.8999938964844,383.0,366.3599853515625,367.69000244140625,364.2525939941406,1054900,0.0,0.0
2019-04-17 00:00:00-04:00,366.9599914550781,368.0199890136719,342.0199890136719,342.9700012207031,339.7637634277344,1978400,0.0,0.0
2019-04-18 00:00:00-04:00,346.3999938964844,347.54998779296875,332.2200012207031,333.3399963378906,330.2237854003906,1920400,0.0,0.0
2019-04-22 00:00:00-04:00,332.5,336.0,329.0,334.0299987792969,330.90728759765625,921700,0.0,0.0
2019-04-23 00:00:00-04:00,335.510009765625,346.6400146484375,334.4599914550781,344.1400146484375,340.92279052734375,972700,0.0,0.0
2019-04-24 00:00:00-04:00,344.42999267578125,346.32000732421875,338.6700134277344,340.4599914550781,337.2772216796875,850700,0.0,0.0
2019-04-25 00:00:00-04:00,340.3800048828125,351.8999938964844,337.6600036621094,349.989990234375,346.7181091308594,891200,0.0,0.0
2019-04-26 00:00:00-04:00,351.25,351.6700134277344,339.6099853515625,343.6600036621094,340.44732666015625,846000,0.0,0.0
2019-04-29 00:00:00-04:00,343.1300048828125,345.9800109863281,338.6199951171875,344.1499938964844,340.9327087402344,598100,0.0,0.0
2019-04-30 00:00:00-04:00,343.79998779296875,345.0400085449219,337.9599914550781,343.1400146484375,339.93212890625,554800,0.0,0.0
2019-05-01 00:00:00-04:00,343.0400085449219,345.44000244140625,338.9100036621094,340.7900085449219,337.6041259765625,503400,0.0,0.0
2019-05-02 00:00:00-04:00,342.69000244140625,344.2900085449219,331.25,335.4100036621094,332.2744140625,812400,0.0,0.0
2019-05-03 00:00:00-04:00,336.9800109863281,339.7099914550781,334.6700134277344,336.8900146484375,333.7405700683594,848300,0.0,0.0
2019-05-06 00:00:00-04:00,332.20001220703125,344.9200134277344,332.20001220703125,344.2300109863281,341.0119934082031,916700,0.0,0.0
2019-05-07 00:00:00-04:00,333.0,336.5,318.70001220703125,322.3999938964844,319.3860168457031,1967300,0.0,0.0
2019-05-08 00:00:00-04:00,319.3299865722656,329.75,319.3299865722656,329.0,325.92431640625,1183700,0.0,0.0
2019-05-09 00:00:00-04:00,325.7900085449219,327.3599853515625,320.739990234375,324.1700134277344,321.1395263671875,864100,0.0,0.0
2019-05-10 00:00:00-04:00,323.55999755859375,323.80999755859375,311.3500061035156,312.8599853515625,309.9352111816406,1407500,0.0,0.0
2019-05-13 00:00:00-04:00,306.6700134277344,309.29998779296875,299.1099853515625,305.1499938964844,302.2972717285156,1153600,0.0,0.0
2019-05-14 00:00:00-04:00,306.3500061035156,309.19000244140625,303.5899963378906,304.6199951171875,301.7722473144531,836900,0.0,0.0
2019-05-15 00:00:00-04:00,301.95001220703125,306.2699890136719,297.32000732421875,305.8500061035156,302.99078369140625,784100,0.0,0.0
2019-05-16 00:00:00-04:00,306.2200012207031,314.05999755859375,304.0,308.0400085449219,305.1602783203125,1049100,0.0,0.0
2019-05-17 00:00:00-04:00,305.79998779296875,309.2099914550781,303.70001220703125,304.94000244140625,302.0892639160156,756000,0.0,0.0
2019-05-20 00:00:00-04:00,301.5199890136719,304.57000732421875,297.2699890136719,302.57000732421875,299.74139404296875,738600,0.0,0.0
2019-05-21 00:00:00-04:00,304.8800048828125,314.2900085449219,304.8800048828125,309.95001220703125,307.05242919921875,999900,0.0,0.0
2019-05-22 00:00:00-04:00,308.010009765625,321.489990234375,302.7300109863281,320.0899963378906,317.09765625,1252700,0.0,0.0
2019-05-23 00:00:00-04:00,316.760009765625,318.6600036621094,310.3699951171875,315.260009765625,312.31280517578125,934700,0.0,0.0
2019-05-24 00:00:00-04:00,316.6600036621094,318.80999755859375,308.4700012207031,312.55999755859375,309.63800048828125,401100,0.0,0.0
2019-05-28 00:00:00-04:00,313.3800048828125,315.7900085449219,307.70001220703125,307.92999267578125,305.0513000488281,718300,0.0,0.0
2019-05-29 00:00:00-04:00,307.0899963378906,310.6700134277344,302.7799987792969,307.7799987792969,304.9027099609375,627100,0.0,0.0
2019-05-30 00:00:00-04:00,308.6099853515625,310.3599853515625,302.8800048828125,307.9599914550781,305.0810241699219,627800,0.0,0.0
2019-05-31 00:00:00-04:00,305.9800109863281,306.45001220703125,295.7300109863281,301.7200012207031,298.89935302734375,863500,0.0,0.0
2019-06-03 00:00:00-04:00,301.1300048828125,309.739990234375,301.1300048828125,303.95001220703125,301.10845947265625,670200,0.0,0.0
2019-06-04 00:00:00-04:00,306.0299987792969,309.4200134277344,300.5799865722656,302.05999755859375,299.2361755371094,844600,0.0,0.0
2019-06-05 00:00:00-04:00,304.8399963378906,304.95001220703125,295.2699890136719,300.0,297.1954650878906,979900,0.0,0.0
2019-06-06 00:00:00-04:00,300.1199951171875,304.5299987792969,298.7300109863281,299.6000061035156,296.7991943359375,767600,0.0,0.0
2019-06-07 00:00:00-04:00,302.0799865722656,307.0,297.8599853515625,306.7200012207031,303.8526306152344,775500,0.0,0.0
2019-06-10 00:00:00-04:00,306.5400085449219,310.9200134277344,303.510009765625,304.25,301.4057312011719,726000,0.0,0.0
2019-06-11 00:00:00-04:00,306.8800048828125,309.6199951171875,306.2300109863281,306.8399963378906,303.97149658203125,554900,0.0,0.0
2019-06-12 00:00:00-04:00,306.8299865722656,309.4700012207031,305.25,306.1600036621094,303.2978820800781,556000,0.0,0.0
2019-06-13 00:00:00-04:00,307.17999267578125,308.19000244140625,302.32000732421875,307.4200134277344,304.5461120605469,653900,0.0,0.0
2019-06-14 00:00:00-04:00,306.80999755859375,315.20001220703125,304.0,305.239990234375,302.386474609375,624200,0.0,0.0
2019-06-17 00:00:00-04:00,307.3399963378906,312.9200134277344,301.760009765625,310.9800109863281,308.07281494140625,587900,0.0,0.0
2019-06-18 00:00:00-04:00,311.1000061035156,317.8399963378906,305.760009765625,306.6300048828125,303.76348876953125,1001000,0.0,0.0
2019-06-19 00:00:00-04:00,306.3399963378906,311.8999938964844,303.7699890136719,310.8299865722656,307.9241943359375,971200,0.0,0.0
2019-06-20 00:00:00-04:00,315.70001220703125,327.8299865722656,315.25,320.4800109863281,317.4839782714844,1617100,0.0,0.0
2019-06-21 00:00:00-04:00,324.260009765625,324.260009765625,312.0,320.260009765625,317.2660827636719,1493700,0.0,0.0
2019-06-24 00:00:00-04:00,318.760009765625,320.32000732421875,311.260009765625,312.54998779296875,309.62811279296875,780700,0.0,0.0
2019-06-25 00:00:00-04:00,313.1300048828125,317.4200134277344,311.8399963378906,312.8999938964844,309.974853515625,702200,0.0,0.0
2019-06-26 00:00:00-04:00,313.25,316.6499938964844,300.5199890136719,305.0799865722656,302.2279357910156,1005000,0.0,0.0
2019-06-27 00:00:00-04:00,306.239990234375,311.57000732421875,304.07000732421875,310.6700134277344,307.76568603515625,564700,0.0,0.0
2019-06-28 00:00:00-04:00,312.1199951171875,316.25,311.239990234375,313.0,310.07391357421875,1499000,0.0,0.0
2019-07-01 00:00:00-04:00,317.6099853515625,318.6000061035156,313.1499938964844,316.55999755859375,313.6006164550781,688700,0.0,0.0
2019-07-02 00:00:00-04:00,317.6199951171875,320.42999267578125,313.0,315.5299987792969,312.5802001953125,758200,0.0,0.0
2019-07-03 00:00:00-04:00,317.4200134277344,320.3599853515625,312.5299987792969,318.3900146484375,315.4135437011719,545000,0.0,0.0
2019-07-05 00:00:00-04:00,316.1499938964844,320.760009765625,306.0799865722656,307.0,304.1300048828125,799600,0.0,0.0
2019-07-08 00:00:00-04:00,305.1000061035156,305.8599853515625,296.80999755859375,302.8399963378906,300.0088806152344,928800,0.0,0.0
2019-07-09 00:00:00-04:00,300.9200134277344,308.3900146484375,300.0,307.9700012207031,305.0909118652344,789800,0.0,0.0
2019-07-10 00:00:00-04:00,308.1499938964844,309.8399963378906,291.6600036621094,301.42999267578125,298.6120910644531,1533800,0.0,0.0
2019-07-11 00:00:00-04:00,296.989990234375,296.989990234375,288.0,291.82000732421875,289.0919189453125,1414200,0.0,0.0
2019-07-12 00:00:00-04:00,292.1199951171875,295.489990234375,287.6600036621094,292.55999755859375,289.8249816894531,648400,0.0,0.0
2019-07-15 00:00:00-04:00,292.9800109863281,300.3399963378906,289.5299987792969,298.20001220703125,295.41229248046875,875900,0.0,0.0
2019-07-16 00:00:00-04:00,299.19000244140625,299.69000244140625,295.7799987792969,298.3699951171875,295.5806579589844,492500,0.0,0.0
2019-07-17 00:00:00-04:00,297.260009765625,303.29998779296875,297.0799865722656,299.4200134277344,296.620849609375,646300,0.0,0.0
2019-07-18 00:00:00-04:00,299.7900085449219,304.20001220703125,297.20001220703125,303.0899963378906,300.2565612792969,548000,0.0,0.0
2019-07-19 00:00:00-04:00,303.5199890136719,303.67999267578125,296.3500061035156,298.1099853515625,295.3230895996094,692700,0.0,0.0
2019-07-22 00:00:00-04:00,298.20001220703125,300.32000732421875,294.70001220703125,296.5199890136719,293.74798583984375,609000,0.0,0.0
2019-07-23 00:00:00-04:00,298.3399963378906,310.8699951171875,296.9100036621094,309.260009765625,306.368896484375,992100,0.0,0.0
2019-07-24 00:00:00-04:00,310.8699951171875,314.2900085449219,303.5899963378906,313.6300048828125,310.697998046875,1144900,0.0,0.0
2019-07-25 00:00:00-04:00,311.1199951171875,311.5199890136719,302.9200134277344,303.4200134277344,300.58349609375,679500,0.0,0.0
2019-07-26 00:00:00-04:00,304.3500061035156,309.7300109863281,300.6099853515625,309.17999267578125,306.2896423339844,956700,0.0,0.0
2019-07-29 00:00:00-04:00,314.5,314.95001220703125,302.80999755859375,306.0400085449219,303.17901611328125,691600,0.0,0.0
2019-07-30 00:00:00-04:00,304.30999755859375,311.2699890136719,303.5199890136719,311.1300048828125,308.2214050292969,512700,0.0,0.0
2019-07-31 00:00:00-04:00,309.79998779296875,312.260009765625,301.20001220703125,304.760009765625,301.9109191894531,690600,0.0,0.0
2019-08-01 00:00:00-04:00,306.67999267578125,313.92999267578125,304.6099853515625,309.42999267578125,306.5372314453125,704200,0.0,0.0
2019-08-02 00:00:00-04:00,308.95001220703125,311.1099853515625,303.05999755859375,305.239990234375,302.386474609375,506500,0.0,0.0
2019-08-05 00:00:00-04:00,302.1499938964844,304.0,296.5199890136719,299.57000732421875,296.7695007324219,845300,0.0,0.0
2019-08-06 00:00:00-04:00,304.4800109863281,306.0,293.3999938964844,300.260009765625,297.45306396484375,1188200,0.0,0.0
2019-08-07 00:00:00-04:00,297.6600036621094,304.6099853515625,294.010009765625,302.2200012207031,299.3946533203125,811600,0.0,0.0
2019-08-08 00:00:00-04:00,303.1199951171875,310.0799865722656,303.1199951171875,309.8699951171875,306.9731750488281,694000,0.0,0.0
2019-08-09 00:00:00-04:00,308.8399963378906,310.17999267578125,299.9800109863281,304.8900146484375,302.0397644042969,537200,0.0,0.0
2019-08-12 00:00:00-04:00,298.6400146484375,305.1000061035156,295.6099853515625,295.8699951171875,293.10406494140625,543400,0.0,0.0
2019-08-13 00:00:00-04:00,298.1300048828125,307.6700134277344,296.94000244140625,304.8599853515625,302.0099792480469,610800,0.0,0.0
2019-08-14 00:00:00-04:00,301.8299865722656,304.29998779296875,292.4200134277344,293.5299987792969,290.7859191894531,676400,0.0,0.0
2019-08-15 00:00:00-04:00,295.3699951171875,296.9100036621094,290.4700012207031,293.1099853515625,290.3698425292969,564000,0.0,0.0
2019-08-16 00:00:00-04:00,295.32000732421875,297.3500061035156,290.7200012207031,296.8500061035156,294.07489013671875,730200,0.0,0.0
2019-08-19 00:00:00-04:00,299.3399963378906,300.82000732421875,296.79998779296875,298.3800048828125,295.5906066894531,781200,0.0,0.0
2019-08-20 00:00:00-04:00,299.2099914550781,301.0,294.989990234375,296.0299987792969,293.2626037597656,571500,0.0,0.0
2019-08-21 00:00:00-04:00,297.9800109863281,300.510009765625,295.0199890136719,297.7799987792969,294.9961853027344,451700,0.0,0.0
2019-08-22 00:00:00-04:00,297.5,298.95001220703125,291.6099853515625,295.0199890136719,292.2619934082031,441400,0.0,0.0
2019-08-23 00:00:00-04:00,293.9599914550781,296.260009765625,285.54998779296875,286.8500061035156,284.1683654785156,815800,0.0,0.0
2019-08-26 00:00:00-04:00,288.239990234375,290.3699951171875,283.489990234375,284.7300109863281,282.0682067871094,527500,0.0,0.0
2019-08-27 00:00:00-04:00,285.8699951171875,291.1400146484375,281.1099853515625,281.4100036621094,278.77923583984375,801500,0.0,0.0
2019-08-28 00:00:00-04:00,280.0400085449219,290.2900085449219,279.3900146484375,287.6400146484375,284.9509582519531,713600,0.0,0.0
2019-08-29 00:00:00-04:00,289.7900085449219,292.70001220703125,287.0899963378906,290.57000732421875,287.8536071777344,509300,0.0,0.0
2019-08-30 00:00:00-04:00,292.0199890136719,293.4599914550781,287.25,290.04998779296875,287.3384094238281,604500,0.0,0.0
2019-09-03 00:00:00-04:00,289.20001220703125,290.3900146484375,281.25,285.1199951171875,282.45452880859375,566000,0.0,0.0
2019-09-04 00:00:00-04:00,288.2099914550781,288.989990234375,282.30999755859375,286.5,283.8216247558594,628600,0.0,0.0
2019-09-05 00:00:00-04:00,287.94000244140625,293.6400146484375,287.94000244140625,289.3699951171875,286.6648254394531,494100,0.0,0.0
2019-09-06 00:00:00-04:00,290.45001220703125,293.20001220703125,287.6700134277344,292.0,289.2702331542969,570100,0.0,0.0
2019-09-09 00:00:00-04:00,291.5299987792969,291.92999267578125,278.7200012207031,279.0,276.3918151855469,927500,0.0,0.0
2019-09-10 00:00:00-04:00,279.0299987792969,285.04998779296875,271.57000732421875,283.7200012207031,281.0675964355469,1159800,0.0,0.0
2019-09-11 00:00:00-04:00,284.0,287.4800109863281,282.54998779296875,283.3299865722656,280.6812744140625,517600,0.0,0.0
2019-09-12 00:00:00-04:00,284.6400146484375,288.8800048828125,281.010009765625,284.17999267578125,281.5233154296875,539800,0.0,0.0
2019-09-13 00:00:00-04:00,283.8399963378906,287.0,279.4700012207031,281.6199951171875,278.9872741699219,617100,0.0,0.0
2019-09-16 00:00:00-04:00,280.5,287.2799987792969,280.5,285.8900146484375,283.2174072265625,476100,0.0,0.0
2019-09-17 00:00:00-04:00,284.7699890136719,288.8900146484375,283.6499938964844,288.1199951171875,285.4264831542969,604700,0.0,0.0
2019-09-18 00:00:00-04:00,288.54998779296875,288.54998779296875,281.3999938964844,285.05999755859375,282.3951110839844,548800,0.0,0.0
2019-09-19 00:00:00-04:00,284.6600036621094,287.95001220703125,284.6600036621094,286.1499938964844,283.4748840332031,404900,0.0,0.0
2019-09-20 00:00:00-04:00,288.75,297.6400146484375,286.67999267578125,295.8699951171875,293.10406494140625,1661800,0.0,0.0
2019-09-23 00:00:00-04:00,297.3599853515625,299.9800109863281,293.0299987792969,294.70001220703125,291.9449462890625,649400,0.0,0.0
2019-09-24 00:00:00-04:00,295.0199890136719,296.0,287.6199951171875,289.7099914550781,287.0016174316406,642300,0.0,0.0
2019-09-25 00:00:00-04:00,290.2099914550781,291.8999938964844,286.3299865722656,286.6499938964844,283.9702453613281,468800,0.0,0.0
2019-09-26 00:00:00-04:00,287.70001220703125,287.70001220703125,277.8599853515625,281.30999755859375,278.68011474609375,855900,0.0,0.0
2019-09-27 00:00:00-04:00,280.45001220703125,282.80999755859375,271.3699951171875,273.4599914550781,270.9035339355469,770400,0.0,0.0
2019-09-30 00:00:00-04:00,275.29998779296875,280.04998779296875,272.0199890136719,277.3999938964844,274.8067321777344,515100,0.0,0.0
2019-10-01 00:00:00-04:00,277.2699890136719,279.4100036621094,273.3999938964844,276.4700012207031,273.8853454589844,589600,0.0,0.0
2019-10-02 00:00:00-04:00,275.30999755859375,277.8599853515625,272.260009765625,274.1300048828125,271.56732177734375,572100,0.0,0.0
2019-10-03 00:00:00-04:00,274.3500061035156,281.70001220703125,272.2699890136719,280.7200012207031,278.09564208984375,632000,0.0,0.0
2019-10-04 00:00:00-04:00,281.6600036621094,284.0400085449219,278.0,282.92999267578125,280.2850036621094,511900,0.0,0.0
2019-10-07 00:00:00-04:00,280.6600036621094,287.7699890136719,280.6600036621094,283.80999755859375,281.15679931640625,422700,0.0,0.0
2019-10-08 00:00:00-04:00,280.510009765625,288.6300048828125,279.2200012207031,285.1000061035156,282.4347229003906,984000,0.0,0.0
2019-10-09 00:00:00-04:00,286.82000732421875,292.25,286.0899963378906,290.8299865722656,288.1111755371094,980600,0.0,0.0
2019-10-10 00:00:00-04:00,289.3800048828125,299.95001220703125,288.9800109863281,298.3599853515625,295.57080078125,960600,0.0,0.0
2019-10-11 00:00:00-04:00,300.1099853515625,306.4200134277344,298.8999938964844,300.7699890136719,297.958251953125,1074600,0.0,0.0
2019-10-14 00:00:00-04:00,299.3999938964844,310.1499938964844,298.6000061035156,305.44000244140625,302.5845947265625,840700,0.0,0.0
2019-10-15 00:00:00-04:00,305.3500061035156,306.9599914550781,303.0,303.82000732421875,300.979736328125,731900,0.0,0.0
2019-10-16 00:00:00-04:00,302.260009765625,303.3900146484375,298.2799987792969,299.3999938964844,296.6010437011719,827000,0.0,0.0
2019-10-17 00:00:00-04:00,301.2099914550781,302.7099914550781,299.94000244140625,301.57000732421875,298.75079345703125,445700,0.0,0.0
2019-10-18 00:00:00-04:00,303.510009765625,303.510009765625,298.70001220703125,300.19000244140625,297.3836669921875,530000,0.0,0.0
2019-10-21 00:00:00-04:00,301.9700012207031,301.9700012207031,294.8599853515625,297.989990234375,295.2042236328125,496800,0.0,0.0
2019-10-22 00:00:00-04:00,305.0,306.92999267578125,301.20001220703125,301.30999755859375,298.49322509765625,723200,0.0,0.0
2019-10-23 00:00:00-04:00,301.8599853515625,307.07000732421875,299.4700012207031,305.0199890136719,302.16845703125,589300,0.0,0.0
2019-10-24 00:00:00-04:00,303.75,306.0899963378906,299.2200012207031,305.7699890136719,302.9114685058594,565800,0.0,0.0
2019-10-25 00:00:00-04:00,305.2799987792969,308.010009765625,301.7900085449219,306.2099914550781,303.3473815917969,412800,0.0,0.0
2019-10-28 00:00:00-04:00,305.6199951171875,310.5299987792969,303.2200012207031,308.55999755859375,305.6754150390625,384800,0.0,0.0
2019-10-29 00:00:00-04:00,310.0,313.3900146484375,308.5899963378906,310.4599914550781,307.55767822265625,387600,0.0,0.0
2019-10-30 00:00:00-04:00,310.1000061035156,311.7900085449219,306.1199951171875,311.0,308.09259033203125,604400,0.0,0.0
2019-10-31 00:00:00-04:00,310.6199951171875,311.3800048828125,303.489990234375,306.2799987792969,303.41668701171875,741100,0.0,0.0
2019-11-01 00:00:00-04:00,309.0,313.1600036621094,307.44000244140625,310.4800109863281,307.5774841308594,829800,0.0,0.0
2019-11-04 00:00:00-05:00,313.04998779296875,315.94000244140625,310.739990234375,311.0400085449219,308.13226318359375,632800,0.0,0.0
2019-11-05 00:00:00-05:00,323.3599853515625,344.1000061035156,322.1099853515625,332.6000061035156,329.49072265625,2345700,0.0,0.0
2019-11-06 00:00:00-05:00,331.3699951171875,333.2799987792969,324.2699890136719,324.489990234375,321.45648193359375,1017700,0.0,0.0
2019-11-07 00:00:00-05:00,329.17999267578125,333.7200012207031,325.6199951171875,326.3900146484375,323.3387451171875,952300,0.0,0.0
2019-11-08 00:00:00-05:00,327.5199890136719,342.4700012207031,327.0299987792969,341.7900085449219,338.5948181152344,1106100,0.0,0.0
2019-11-11 00:00:00-05:00,340.3399963378906,344.989990234375,338.7099914550781,344.2799987792969,341.0615234375,611900,0.0,0.0
2019-11-12 00:00:00-05:00,344.0,349.94000244140625,341.3599853515625,348.4100036621094,345.15289306640625,905400,0.0,0.0
2019-11-13 00:00:00-05:00,346.3299865722656,349.6300048828125,341.82000732421875,348.29998779296875,345.04388427734375,1009400,0.0,0.0
2019-11-14 00:00:00-05:00,349.79998779296875,350.0,337.0299987792969,338.3900146484375,335.2265930175781,1029600,0.0,0.0
2019-11-15 00:00:00-05:00,340.95001220703125,349.8599853515625,338.7099914550781,344.8699951171875,341.64599609375,912200,0.0,0.0
2019-11-18 00:00:00-05:00,342.5899963378906,344.2099914550781,337.5299987792969,340.19000244140625,337.00970458984375,622500,0.0,0.0
2019-11-19 00:00:00-05:00,344.17999267578125,348.19000244140625,340.2099914550781,344.4599914550781,341.23980712890625,630800,0.0,0.0
2019-11-20 00:00:00-05:00,341.9800109863281,347.4200134277344,341.9800109863281,344.239990234375,341.0218505859375,1058100,0.0,0.0
2019-11-21 00:00:00-05:00,343.6000061035156,353.0,341.6099853515625,350.7799987792969,347.5007629394531,858300,0.0,0.0
2019-11-22 00:00:00-05:00,350.92999267578125,365.739990234375,350.92999267578125,360.6600036621094,357.28839111328125,1286400,0.0,0.0
2019-11-25 00:00:00-05:00,362.44000244140625,367.0199890136719,358.4800109863281,366.82000732421875,363.3907470703125,845000,0.0,0.0
2019-11-26 00:00:00-05:00,366.8699951171875,367.3999938964844,361.760009765625,363.8299865722656,360.4287109375,735100,0.0,0.0
2019-11-27 00:00:00-05:00,365.07000732421875,372.5899963378906,364.6199951171875,371.5799865722656,368.10626220703125,734400,0.0,0.0
2019-11-29 00:00:00-05:00,372.05999755859375,372.4700012207031,366.7699890136719,369.0,365.5503845214844,463600,0.0,0.0
2019-12-02 00:00:00-05:00,368.17999267578125,369.0,363.07000732421875,366.0799865722656,362.6576843261719,652200,0.0,0.0
2019-12-03 00:00:00-05:00,366.989990234375,369.5,363.3999938964844,368.80999755859375,365.3622131347656,929700,0.0,0.0
2019-12-04 00:00:00-05:00,369.19000244140625,373.3399963378906,367.57000732421875,369.9700012207031,366.5113220214844,605000,0.0,0.0
2019-12-05 00:00:00-05:00,370.9700012207031,372.0,366.1600036621094,368.3399963378906,364.8966064453125,501800,0.0,0.0
2019-12-06 00:00:00-05:00,369.5199890136719,373.7300109863281,368.29998779296875,372.260009765625,368.7799072265625,575900,0.0,0.0
2019-12-09 00:00:00-05:00,373.0899963378906,373.0899963378906,362.8900146484375,365.6300048828125,362.2119445800781,974400,0.0,0.0
2019-12-10 00:00:00-05:00,357.1499938964844,372.1499938964844,357.0,367.6700134277344,364.2328186035156,1061600,0.0,0.0
2019-12-11 00:00:00-05:00,368.3999938964844,376.67999267578125,368.25,373.5299987792969,370.0379943847656,935700,0.0,0.0
2019-12-12 00:00:00-05:00,374.1000061035156,382.25,372.0799865722656,372.1600036621094,368.68084716796875,949900,0.0,0.0
2019-12-13 00:00:00-05:00,376.1600036621094,379.17999267578125,372.55999755859375,376.4200134277344,372.9010314941406,995900,0.0,0.0
2019-12-16 00:00:00-05:00,367.8399963378906,377.2200012207031,367.7099914550781,376.010009765625,372.4949035644531,756600,0.0,0.0
2019-12-17 00:00:00-05:00,375.7300109863281,375.7300109863281,368.2200012207031,369.1000061035156,365.64947509765625,1002900,0.0,0.0
2019-12-18 00:00:00-05:00,370.29998779296875,373.6300048828125,368.7300109863281,371.3599853515625,367.8883361816406,831300,0.0,0.0
2019-12-19 00:00:00-05:00,371.95001220703125,373.9800109863281,363.1400146484375,372.54998779296875,369.0672302246094,903700,0.0,0.0
2019-12-20 00:00:00-05:00,374.94000244140625,375.79998779296875,371.010009765625,375.6199951171875,372.1084899902344,1192800,0.0,0.0
2019-12-23 00:00:00-05:00,377.20001220703125,377.8800048828125,372.55999755859375,374.20001220703125,370.7017822265625,431200,0.0,0.0
2019-12-24 00:00:00-05:00,374.75,376.7099914550781,372.510009765625,376.510009765625,372.9902038574219,221500,0.0,0.0
2019-12-26 00:00:00-05:00,376.760009765625,377.760009765625,374.0,374.8599853515625,371.3555908203125,451900,0.0,0.0
2019-12-27 00:00:00-05:00,375.239990234375,375.95001220703125,370.9700012207031,373.32000732421875,369.83001708984375,293000,0.0,0.0
2019-12-30 00:00:00-05:00,373.739990234375,375.82000732421875,371.0400085449219,373.70001220703125,370.20648193359375,369200,0.0,0.0
2019-12-31 00:00:00-05:00,373.6400146484375,376.7099914550781,372.0400085449219,375.4800109863281,371.9698181152344,494600,0.0,0.0
2020-01-02 00:00:00-05:00,378.0,379.0,369.239990234375,373.3500061035156,369.8597412109375,512400,0.0,0.0
2020-01-03 00:00:00-05:00,368.2099914550781,372.3500061035156,367.04998779296875,369.1600036621094,365.7088928222656,500800,0.0,0.0
2020-01-06 00:00:00-05:00,368.2300109863281,372.1400146484375,364.5,371.739990234375,368.2648010253906,690800,0.0,0.0
2020-01-07 00:00:00-05:00,371.55999755859375,373.8299865722656,368.0199890136719,373.1300048828125,369.64178466796875,736400,0.0,0.0
2020-01-08 00:00:00-05:00,373.17999267578125,384.8500061035156,370.7099914550781,382.4200134277344,378.8449401855469,743100,0.0,0.0
2020-01-09 00:00:00-05:00,383.6300048828125,386.5400085449219,381.3699951171875,383.4700012207031,379.8851013183594,587500,0.0,0.0
2020-01-10 00:00:00-05:00,384.6199951171875,386.1000061035156,380.0,381.4100036621094,377.84442138671875,568100,0.0,0.0
2020-01-13 00:00:00-05:00,380.010009765625,380.3399963378906,375.1300048828125,378.92999267578125,375.3875427246094,637200,0.0,0.0
2020-01-14 00:00:00-05:00,378.29998779296875,388.4200134277344,375.57000732421875,387.6199951171875,383.9963684082031,638900,0.0,0.0
2020-01-15 00:00:00-05:00,387.4200134277344,396.4700012207031,387.4200134277344,390.75,387.0970764160156,680700,0.0,0.0
2020-01-16 00:00:00-05:00,393.1700134277344,394.0,381.82000732421875,385.57000732421875,381.9654846191406,620500,0.0,0.0
2020-01-17 00:00:00-05:00,386.1000061035156,386.6000061035156,382.5299987792969,385.94000244140625,382.3320007324219,862800,0.0,0.0
2020-01-21 00:00:00-05:00,385.8999938964844,386.30999755859375,363.67999267578125,363.7099914550781,360.309814453125,1488400,0.0,0.0
2020-01-22 00:00:00-05:00,365.7200012207031,367.1400146484375,356.4599914550781,359.1400146484375,355.7825622558594,1320300,0.0,0.0
2020-01-23 00:00:00-05:00,359.4200134277344,360.45001220703125,354.2099914550781,356.6000061035156,353.26629638671875,737600,0.0,0.0
2020-01-24 00:00:00-05:00,359.9100036621094,359.9100036621094,343.0899963378906,345.2799987792969,342.05218505859375,1103100,0.0,0.0
2020-01-27 00:00:00-05:00,341.20001220703125,343.32000732421875,336.1700134277344,339.4200134277344,336.2469482421875,775000,0.0,0.0
2020-01-28 00:00:00-05:00,341.6000061035156,345.7699890136719,337.29998779296875,344.0799865722656,340.86334228515625,729500,0.0,0.0
2020-01-29 00:00:00-05:00,346.25,347.9700012207031,338.8999938964844,339.25,336.07855224609375,558600,0.0,0.0
2020-01-30 00:00:00-05:00,335.67999267578125,337.57000732421875,331.57000732421875,336.17999267578125,333.0372009277344,664100,0.0,0.0
2020-01-31 00:00:00-05:00,333.1700134277344,338.9800109863281,328.1300048828125,337.94000244140625,334.7807312011719,988600,0.0,0.0
2020-02-03 00:00:00-05:00,339.69000244140625,347.0,339.3900146484375,341.1199951171875,337.9310302734375,930100,0.0,0.0
2020-02-04 00:00:00-05:00,347.8999938964844,359.489990234375,347.6199951171875,356.0,352.6719665527344,956800,0.0,0.0
2020-02-05 00:00:00-05:00,364.8399963378906,376.67999267578125,363.0,372.1600036621094,368.68084716796875,1404400,0.0,0.0
2020-02-06 00:00:00-05:00,385.5299987792969,394.67999267578125,375.0299987792969,389.8500061035156,386.20550537109375,1605500,0.0,0.0
2020-02-07 00:00:00-05:00,391.07000732421875,391.3699951171875,378.510009765625,381.8699951171875,378.3000793457031,1172400,0.0,0.0
2020-02-10 00:00:00-05:00,378.1600036621094,389.8399963378906,377.44000244140625,386.2099914550781,382.5994567871094,939500,0.0,0.0
2020-02-11 00:00:00-05:00,390.2099914550781,398.0,387.9800109863281,396.75,393.041015625,992800,0.0,0.0
2020-02-12 00:00:00-05:00,398.1300048828125,407.04998779296875,397.6400146484375,406.29998779296875,402.501708984375,1076200,0.0,0.0
2020-02-13 00:00:00-05:00,406.44000244140625,408.0,398.1000061035156,398.80999755859375,395.0817565917969,656800,0.0,0.0
2020-02-14 00:00:00-05:00,399.1000061035156,402.0899963378906,393.3900146484375,399.54998779296875,395.81475830078125,536800,0.0,0.0
2020-02-18 00:00:00-05:00,396.82000732421875,402.0,395.010009765625,397.6499938964844,393.9325866699219,512200,0.0,0.0
2020-02-19 00:00:00-05:00,397.8599853515625,402.2099914550781,395.30999755859375,400.80999755859375,397.0630187988281,564000,0.0,0.0
2020-02-20 00:00:00-05:00,399.8999938964844,401.0899963378906,393.760009765625,399.1400146484375,395.4086608886719,660800,0.0,0.0
2020-02-21 00:00:00-05:00,396.07000732421875,404.5400085449219,392.8599853515625,403.1499938964844,399.38116455078125,655300,0.0,0.0
2020-02-24 00:00:00-05:00,395.5400085449219,426.3599853515625,386.8399963378906,425.3800048828125,421.4033508300781,2959700,0.0,0.0
2020-02-25 00:00:00-05:00,437.25,457.6000061035156,437.0,442.3500061035156,438.2146911621094,3568800,0.0,0.0
2020-02-26 00:00:00-05:00,444.0199890136719,461.3399963378906,442.44000244140625,457.9200134277344,453.63909912109375,2299300,0.0,0.0
2020-02-27 00:00:00-05:00,468.55999755859375,470.0,430.70001220703125,431.6099853515625,427.5750732421875,2093500,0.0,0.0
2020-02-28 00:00:00-05:00,422.3699951171875,445.04998779296875,418.2200012207031,444.57000732421875,440.4139404296875,1591000,0.0,0.0
2020-03-02 00:00:00-05:00,445.0,465.510009765625,445.0,464.75,460.4053039550781,1713100,0.0,0.0
2020-03-03 00:00:00-05:00,454.7200012207031,467.69000244140625,448.1099853515625,461.54998779296875,457.23516845703125,1210600,0.0,0.0
2020-03-04 00:00:00-05:00,467.9599914550781,494.55999755859375,467.1300048828125,493.4800109863281,488.8667297363281,1960700,0.0,0.0
2020-03-05 00:00:00-05:00,480.94000244140625,500.0,480.0,488.1700134277344,483.6063537597656,1270200,0.0,0.0
2020-03-06 00:00:00-05:00,477.2900085449219,496.989990234375,477.0,494.42999267578125,489.8078308105469,1130700,0.0,0.0
2020-03-09 00:00:00-04:00,466.94000244140625,486.69000244140625,466.1499938964844,474.44000244140625,470.00469970703125,1344100,0.0,0.0
2020-03-10 00:00:00-04:00,488.45001220703125,488.7099914550781,460.79998779296875,475.0199890136719,470.5792236328125,1390500,0.0,0.0
2020-03-11 00:00:00-04:00,479.1099853515625,485.9800109863281,459.6099853515625,464.70001220703125,460.3557434082031,1351800,0.0,0.0
2020-03-12 00:00:00-04:00,444.3599853515625,451.9599914550781,426.1000061035156,431.8900146484375,427.8525390625,1627800,0.0,0.0
2020-03-13 00:00:00-04:00,445.010009765625,466.0400085449219,418.010009765625,465.54998779296875,461.1977844238281,1380700,0.0,0.0
2020-03-16 00:00:00-04:00,452.510009765625,484.5799865722656,433.82000732421875,440.8299865722656,436.7088928222656,1926300,0.0,0.0
2020-03-17 00:00:00-04:00,494.0,512.97998046875,473.0,491.69000244140625,487.0934143066406,3856500,0.0,0.0
2020-03-18 00:00:00-04:00,495.7799987792969,499.0,455.55999755859375,485.0,480.46600341796875,2529500,0.0,0.0
2020-03-19 00:00:00-04:00,483.92999267578125,518.0,469.45001220703125,489.8299865722656,485.2507629394531,2358200,0.0,0.0
2020-03-20 00:00:00-04:00,493.010009765625,499.5,435.010009765625,438.45001220703125,434.35113525390625,2027000,0.0,0.0
2020-03-23 00:00:00-04:00,449.8399963378906,477.0,433.2799987792969,455.6300048828125,451.3705749511719,1829300,0.0,0.0
2020-03-24 00:00:00-04:00,468.2200012207031,471.989990234375,424.010009765625,449.5299987792969,445.3276062011719,1615700,0.0,0.0
2020-03-25 00:00:00-04:00,443.0400085449219,458.8299865722656,427.0799865722656,429.7799987792969,425.7621765136719,1288000,0.0,0.0
2020-03-26 00:00:00-04:00,426.510009765625,452.70001220703125,424.0199890136719,452.29998779296875,448.0716857910156,1686200,0.0,0.0
2020-03-27 00:00:00-04:00,446.0299987792969,465.7900085449219,445.1499938964844,449.5199890136719,445.3176574707031,1109000,0.0,0.0
2020-03-30 00:00:00-04:00,463.0899963378906,476.1000061035156,461.0,473.0,468.5781555175781,1337000,0.0,0.0
2020-03-31 00:00:00-04:00,474.0,495.4800109863281,463.79998779296875,488.2900085449219,483.7251892089844,1953200,0.0,0.0
2020-04-01 00:00:00-04:00,484.1400146484375,499.989990234375,476.45001220703125,496.6499938964844,492.007080078125,1679800,0.0,0.0
2020-04-02 00:00:00-04:00,494.2900085449219,501.0,483.1099853515625,498.75,494.0874328613281,1058900,0.0,0.0
2020-04-03 00:00:00-04:00,495.55999755859375,503.260009765625,485.0400085449219,493.32000732421875,488.7082214355469,1169500,0.0,0.0
2020-04-06 00:00:00-04:00,503.3800048828125,511.010009765625,488.8900146484375,504.2699890136719,499.5557861328125,1285500,0.0,0.0
2020-04-07 00:00:00-04:00,502.80999755859375,509.739990234375,492.010009765625,501.510009765625,496.8216552734375,1046900,0.0,0.0
2020-04-08 00:00:00-04:00,502.2099914550781,514.1099853515625,488.0,512.3300170898438,507.54052734375,1167100,0.0,0.0
2020-04-09 00:00:00-04:00,510.1000061035156,515.6400146484375,500.8699951171875,512.9600219726562,508.1645812988281,1011800,0.0,0.0
2020-04-13 00:00:00-04:00,512.010009765625,519.0,504.1199951171875,517.02001953125,512.1865844726562,789800,0.0,0.0
2020-04-14 00:00:00-04:00,524.6199951171875,525.9000244140625,517.0,524.8400268554688,519.9335327148438,962600,0.0,0.0
2020-04-15 00:00:00-04:00,525.2999877929688,527.0999755859375,510.5,511.69000244140625,506.9064636230469,836800,0.0,0.0
2020-04-16 00:00:00-04:00,518.9199829101562,541.969970703125,517.6199951171875,539.9299926757812,534.8825073242188,1206300,0.0,0.0
2020-04-17 00:00:00-04:00,549.989990234375,572.5,539.1400146484375,568.7899780273438,563.4727172851562,2133500,0.0,0.0
2020-04-20 00:00:00-04:00,566.7100219726562,574.3200073242188,560.3900146484375,567.989990234375,562.68017578125,949300,0.0,0.0
2020-04-21 00:00:00-04:00,566.0599975585938,568.989990234375,536.7999877929688,544.4600219726562,539.3701171875,1026300,0.0,0.0
2020-04-22 00:00:00-04:00,555.5,563.3699951171875,540.9500122070312,558.0800170898438,552.86279296875,825800,0.0,0.0
2020-04-23 00:00:00-04:00,558.9299926757812,573.1599731445312,557.489990234375,565.52001953125,560.2333374023438,739500,0.0,0.0
2020-04-24 00:00:00-04:00,573.6400146484375,574.0,556.469970703125,566.2100219726562,560.9168090820312,837100,0.0,0.0
2020-04-27 00:00:00-04:00,563.1500244140625,565.6799926757812,539.1500244140625,547.52001953125,542.4014892578125,1467800,0.0,0.0
2020-04-28 00:00:00-04:00,537.47998046875,539.97998046875,522.4199829101562,528.6099853515625,523.6682739257812,1128200,0.0,0.0
2020-04-29 00:00:00-04:00,532.6400146484375,533.1699829101562,513.8099975585938,516.1500244140625,511.32476806640625,1306300,0.0,0.0
2020-04-30 00:00:00-04:00,513.989990234375,527.4299926757812,507.69000244140625,525.8800048828125,520.9638061523438,938000,0.0,0.0
2020-05-01 00:00:00-04:00,524.22998046875,529.2100219726562,514.5499877929688,525.5,520.5873413085938,482200,0.0,0.0
2020-05-04 00:00:00-04:00,528.1799926757812,544.2000122070312,527.6199951171875,541.8200073242188,536.7547607421875,885600,0.0,0.0
2020-05-05 00:00:00-04:00,563.0599975585938,581.0,561.27001953125,574.3699951171875,569.00048828125,1550700,0.0,0.0
2020-05-06 00:00:00-04:00,559.2000122070312,569.989990234375,541.5599975585938,553.5,548.3256225585938,1906200,0.0,0.0
2020-05-07 00:00:00-04:00,564.3900146484375,570.2100219726562,555.9600219726562,559.8300170898438,554.596435546875,1132100,0.0,0.0
2020-05-08 00:00:00-04:00,562.0,567.8300170898438,553.52001953125,563.4000244140625,558.133056640625,698900,0.0,0.0
2020-05-11 00:00:00-04:00,565.22998046875,578.77001953125,564.0999755859375,574.1099853515625,568.742919921875,1040900,0.0,0.0
2020-05-12 00:00:00-04:00,576.97998046875,578.0,556.4500122070312,557.5399780273438,552.3278198242188,918600,0.0,0.0
2020-05-13 00:00:00-04:00,560.6500244140625,581.780029296875,558.510009765625,577.1199951171875,571.7247314453125,1058900,0.0,0.0
2020-05-14 00:00:00-04:00,577.1799926757812,580.77001953125,565.5999755859375,570.8599853515625,565.5233154296875,702300,0.0,0.0
2020-05-15 00:00:00-04:00,566.780029296875,577.0,563.0800170898438,576.719970703125,571.3284912109375,865700,0.0,0.0
2020-05-18 00:00:00-04:00,582.0,583.5399780273438,558.8900146484375,560.280029296875,555.042236328125,962800,0.0,0.0
2020-05-19 00:00:00-04:00,561.0,569.5,557.5999755859375,557.5999755859375,552.3871459960938,737900,0.0,0.0
2020-05-20 00:00:00-04:00,562.0700073242188,580.5499877929688,561.3900146484375,576.8900146484375,571.4970092773438,840800,0.0,0.0
2020-05-21 00:00:00-04:00,577.510009765625,578.3400268554688,556.6799926757812,560.97998046875,555.7356567382812,812600,0.0,0.0
2020-05-22 00:00:00-04:00,558.1199951171875,574.1900024414062,558.1199951171875,569.9099731445312,564.5820922851562,653500,0.0,0.0
2020-05-26 00:00:00-04:00,548.5399780273438,556.1300048828125,534.25,545.2100219726562,540.1132202148438,3742000,0.0,0.0
2020-05-27 00:00:00-04:00,538.7000122070312,555.530029296875,522.02001953125,544.010009765625,538.92431640625,5902600,0.0,0.0
2020-05-28 00:00:00-04:00,547.5,583.030029296875,546.1300048828125,578.2100219726562,572.8046264648438,7869500,0.0,0.0
2020-05-29 00:00:00-04:00,580.7000122070312,615.3599853515625,571.52001953125,612.8099975585938,607.0811157226562,6675100,0.0,0.0
2020-06-01 00:00:00-04:00,605.0,610.0,597.6199951171875,599.469970703125,593.8658447265625,1579300,0.0,0.0
2020-06-02 00:00:00-04:00,602.2000122070312,618.7100219726562,591.6699829101562,617.6599731445312,611.8857421875,1511500,0.0,0.0
2020-06-03 00:00:00-04:00,615.3699951171875,616.6799926757812,589.5999755859375,604.280029296875,598.6309204101562,1541000,0.0,0.0
2020-06-04 00:00:00-04:00,596.989990234375,610.989990234375,592.7899780273438,598.5399780273438,592.9445190429688,851800,0.0,0.0
2020-06-05 00:00:00-04:00,585.0,600.1400146484375,578.4299926757812,597.0,591.4189453125,1324100,0.0,0.0
2020-06-08 00:00:00-04:00,587.8800048828125,605.260009765625,579.5999755859375,604.0399780273438,598.3931274414062,964700,0.0,0.0
2020-06-09 00:00:00-04:00,603.489990234375,611.5599975585938,601.8900146484375,608.5900268554688,602.9005737304688,849900,0.0,0.0
2020-06-10 00:00:00-04:00,613.030029296875,617.3699951171875,603.0,606.5900268554688,600.9193115234375,925500,0.0,0.0
2020-06-11 00:00:00-04:00,621.0,625.7899780273438,592.3200073242188,596.1599731445312,590.5867309570312,1515800,0.0,0.0
2020-06-12 00:00:00-04:00,616.010009765625,619.6799926757812,583.1400146484375,588.3900146484375,582.8894653320312,1230200,0.0,0.0
2020-06-15 00:00:00-04:00,584.5399780273438,593.489990234375,582.3200073242188,590.5700073242188,585.049072265625,676100,0.0,0.0
2020-06-16 00:00:00-04:00,590.0,597.1500244140625,575.8900146484375,592.9000244140625,587.3572387695312,741400,0.0,0.0
2020-06-17 00:00:00-04:00,596.3300170898438,606.5,594.8599853515625,603.0999755859375,597.4619140625,678000,0.0,0.0
2020-06-18 00:00:00-04:00,601.3400268554688,604.030029296875,590.2999877929688,597.3499755859375,591.7655639648438,645000,0.0,0.0
2020-06-19 00:00:00-04:00,602.3099975585938,646.3300170898438,598.7100219726562,643.9199829101562,637.9002685546875,2668600,0.0,0.0
2020-06-22 00:00:00-04:00,634.0900268554688,634.1900024414062,618.1900024414062,628.47998046875,622.6046752929688,1238800,0.0,0.0
2020-06-23 00:00:00-04:00,631.3300170898438,637.5399780273438,623.010009765625,628.760009765625,622.882080078125,832700,0.0,0.0
2020-06-24 00:00:00-04:00,630.0,644.7000122070312,599.0,605.0399780273438,599.3837890625,1459600,0.0,0.0
2020-06-25 00:00:00-04:00,604.6699829101562,620.2899780273438,602.510009765625,619.9600219726562,614.1643676757812,813900,0.0,0.0
2020-06-26 00:00:00-04:00,611.02001953125,616.3499755859375,601.5599975585938,611.3599853515625,605.6447143554688,1817800,0.0,0.0
2020-06-29 00:00:00-04:00,609.3699951171875,617.27001953125,605.77001953125,610.8699951171875,605.1593017578125,663200,0.0,0.0
2020-06-30 00:00:00-04:00,621.9299926757812,626.0599975585938,611.1599731445312,623.6500244140625,617.81982421875,754900,0.0,0.0
2020-07-01 00:00:00-04:00,625.0,625.0,601.02001953125,609.1699829101562,603.4752197265625,984700,0.0,0.0
2020-07-02 00:00:00-04:00,612.0999755859375,630.760009765625,608.760009765625,622.4500122070312,616.631103515625,802500,0.0,0.0
2020-07-06 00:00:00-04:00,635.0,639.0,623.5,627.25,621.3861694335938,1041000,0.0,0.0
2020-07-07 00:00:00-04:00,636.030029296875,653.530029296875,628.22998046875,640.8800048828125,634.8887329101562,1423100,0.0,0.0
2020-07-08 00:00:00-04:00,650.4099731445312,650.489990234375,632.4199829101562,640.3400268554688,634.3538208007812,660100,0.0,0.0
2020-07-09 00:00:00-04:00,648.0,655.9299926757812,629.0,640.6300048828125,634.6410522460938,1009600,0.0,0.0
2020-07-10 00:00:00-04:00,638.4000244140625,639.989990234375,617.9500122070312,620.8599853515625,615.0558471679688,929000,0.0,0.0
2020-07-13 00:00:00-04:00,623.6699829101562,633.8400268554688,614.1099853515625,615.8800048828125,610.1224975585938,733200,0.0,0.0
2020-07-14 00:00:00-04:00,615.5800170898438,644.3400268554688,612.2000122070312,641.22998046875,635.2354125976562,864200,0.0,0.0
2020-07-15 00:00:00-04:00,641.989990234375,644.739990234375,626.5,632.739990234375,626.82470703125,568800,0.0,0.0
2020-07-16 00:00:00-04:00,628.75,634.260009765625,621.989990234375,632.2100219726562,626.2998046875,410300,0.0,0.0
2020-07-17 00:00:00-04:00,635.0,650.0,632.2100219726562,644.0599975585938,638.0389404296875,713700,0.0,0.0
2020-07-20 00:00:00-04:00,646.6400146484375,664.6400146484375,646.5,658.2100219726562,652.0567626953125,671100,0.0,0.0
2020-07-21 00:00:00-04:00,658.0,658.0,635.6400146484375,638.8599853515625,632.8875732421875,753400,0.0,0.0
2020-07-22 00:00:00-04:00,642.5900268554688,644.0599975585938,634.3599853515625,637.530029296875,631.570068359375,497200,0.0,0.0
2020-07-23 00:00:00-04:00,637.9199829101562,644.3200073242188,628.3400268554688,630.3099975585938,624.41748046875,571300,0.0,0.0
2020-07-24 00:00:00-04:00,623.7000122070312,623.7000122070312,596.02001953125,608.9400024414062,603.247314453125,1206000,0.0,0.0
2020-07-27 00:00:00-04:00,620.0,638.4199829101562,613.2899780273438,637.4000244140625,631.4412231445312,850800,0.0,0.0
2020-07-28 00:00:00-04:00,636.2000122070312,638.3599853515625,629.0700073242188,631.0,625.10107421875,452000,0.0,0.0
2020-07-29 00:00:00-04:00,634.0499877929688,634.469970703125,625.8800048828125,632.1599731445312,626.250244140625,369900,0.0,0.0
2020-07-30 00:00:00-04:00,625.719970703125,641.3800048828125,625.719970703125,631.469970703125,625.5665893554688,615700,0.0,0.0
2020-07-31 00:00:00-04:00,634.6799926757812,634.7899780273438,620.0599975585938,632.0700073242188,626.1610717773438,663000,0.0,0.0
2020-08-03 00:00:00-04:00,634.8400268554688,647.4000244140625,632.72998046875,645.1799926757812,639.1486206054688,487200,0.0,0.0
2020-08-04 00:00:00-04:00,654.4600219726562,654.4600219726562,636.0999755859375,648.4299926757812,642.3681640625,747700,0.0,0.0
2020-08-05 00:00:00-04:00,654.9500122070312,660.0,623.9000244140625,624.52001953125,618.6817016601562,1132700,0.0,0.0
2020-08-06 00:00:00-04:00,628.8800048828125,630.0,613.5999755859375,621.2100219726562,615.402587890625,663500,0.0,0.0
2020-08-07 00:00:00-04:00,621.0,627.4600219726562,614.5499877929688,620.2100219726562,614.4120483398438,432600,0.0,0.0
2020-08-10 00:00:00-04:00,623.0,624.3599853515625,596.5800170898438,608.239990234375,602.5538940429688,624300,0.0,0.0
2020-08-11 00:00:00-04:00,601.1099853515625,608.239990234375,592.4500122070312,598.8599853515625,593.2616577148438,587200,0.0,0.0
2020-08-12 00:00:00-04:00,599.9000244140625,617.0,599.9000244140625,612.3499755859375,606.6253051757812,562600,0.0,0.0
2020-08-13 00:00:00-04:00,611.489990234375,616.239990234375,607.27001953125,610.8900146484375,605.1790771484375,378100,0.0,0.0
2020-08-14 00:00:00-04:00,610.0900268554688,617.3099975585938,610.0900268554688,612.5700073242188,606.8433837890625,302900,0.0,0.0
2020-08-17 00:00:00-04:00,614.739990234375,627.989990234375,614.2100219726562,620.72998046875,614.9270629882812,403900,0.0,0.0
2020-08-18 00:00:00-04:00,623.010009765625,623.010009765625,613.27001953125,618.5900268554688,612.8071899414062,387900,0.0,0.0
2020-08-19 00:00:00-04:00,628.97998046875,640.6500244140625,625.0,629.6300048828125,623.7439575195312,720700,0.0,0.0
2020-08-20 00:00:00-04:00,610.010009765625,619.75,608.4400024414062,616.8900146484375,611.1229858398438,656600,0.0,0.0
2020-08-21 00:00:00-04:00,617.1799926757812,618.0700073242188,603.219970703125,605.489990234375,599.8295288085938,662200,0.0,0.0
2020-08-24 00:00:00-04:00,612.3800048828125,613.0999755859375,590.7100219726562,594.77001953125,589.2098388671875,991900,0.0,0.0
2020-08-25 00:00:00-04:00,596.510009765625,615.0,594.739990234375,610.5,604.792724609375,734300,0.0,0.0
2020-08-26 00:00:00-04:00,605.5,613.1400146484375,604.489990234375,612.0,606.2786865234375,487900,0.0,0.0
2020-08-27 00:00:00-04:00,614.6699829101562,619.52001953125,610.22998046875,614.969970703125,609.220947265625,534900,0.0,0.0
2020-08-28 00:00:00-04:00,611.0,614.510009765625,598.9000244140625,602.6099853515625,596.9765014648438,584200,0.0,0.0
2020-08-31 00:00:00-04:00,602.3300170898438,621.6099853515625,601.3499755859375,619.9299926757812,614.134521484375,908100,0.0,0.0
2020-09-01 00:00:00-04:00,615.6300048828125,620.0,589.2999877929688,592.6799926757812,587.139404296875,1028000,0.0,0.0
2020-09-02 00:00:00-04:00,591.2999877929688,610.989990234375,591.2999877929688,610.1500244140625,604.4459838867188,878000,0.0,0.0
2020-09-03 00:00:00-04:00,610.4000244140625,610.4199829101562,575.0999755859375,577.4000244140625,572.002197265625,841500,0.0,0.0
2020-09-04 00:00:00-04:00,575.0,584.0,564.5,580.3599853515625,574.9345092773438,715400,0.0,0.0
2020-09-08 00:00:00-04:00,577.780029296875,578.989990234375,560.780029296875,561.8900146484375,556.6371459960938,688300,0.0,0.0
2020-09-09 00:00:00-04:00,565.0,575.0800170898438,564.9600219726562,571.1500244140625,565.8106079101562,620400,0.0,0.0
2020-09-10 00:00:00-04:00,566.6400146484375,572.7999877929688,548.239990234375,550.0999755859375,544.9573364257812,879300,0.0,0.0
2020-09-11 00:00:00-04:00,551.7899780273438,561.3300170898438,540.0,544.75,539.6574096679688,814100,0.0,0.0
2020-09-14 00:00:00-04:00,554.4099731445312,566.510009765625,550.6500244140625,564.2000122070312,558.925537109375,762200,0.0,0.0
2020-09-15 00:00:00-04:00,569.1699829101562,582.8599853515625,567.5900268554688,579.9000244140625,574.4788208007812,612400,0.0,0.0
2020-09-16 00:00:00-04:00,584.1199951171875,586.4400024414062,568.0,569.1500244140625,563.829345703125,804400,0.0,0.0
2020-09-17 00:00:00-04:00,557.1900024414062,569.3699951171875,557.1900024414062,565.0,559.7180786132812,686500,0.0,0.0
2020-09-18 00:00:00-04:00,567.47998046875,567.8300170898438,544.9600219726562,555.239990234375,550.04931640625,1977100,0.0,0.0
2020-09-21 00:00:00-04:00,551.1400146484375,556.4600219726562,542.1599731445312,555.7000122070312,550.5050659179688,682500,0.0,0.0
2020-09-22 00:00:00-04:00,552.3599853515625,573.4500122070312,552.3599853515625,571.510009765625,566.1672973632812,580500,0.0,0.0
2020-09-23 00:00:00-04:00,572.3699951171875,578.1599731445312,562.489990234375,565.1900024414062,559.9063110351562,535600,0.0,0.0
2020-09-24 00:00:00-04:00,561.0,564.989990234375,554.7000122070312,557.4600219726562,552.2486572265625,457900,0.0,0.0
2020-09-25 00:00:00-04:00,555.4000244140625,575.9199829101562,551.0,574.0599975585938,568.6934204101562,643600,0.0,0.0
2020-09-28 00:00:00-04:00,572.8300170898438,574.6199951171875,559.0599975585938,571.9199829101562,566.5733642578125,637000,0.0,0.0
2020-09-29 00:00:00-04:00,573.2000122070312,576.0,567.9199829101562,573.6099853515625,568.2476806640625,454100,0.0,0.0
2020-09-30 00:00:00-04:00,589.77001953125,589.77001953125,554.0,559.780029296875,554.546875,2159300,0.0,0.0
2020-10-01 00:00:00-04:00,562.5,568.3800048828125,552.27001953125,568.1400146484375,562.8287353515625,1092600,0.0,0.0
2020-10-02 00:00:00-04:00,562.0,576.0,554.0399780273438,564.7999877929688,559.5199584960938,1235100,0.0,0.0
2020-10-05 00:00:00-04:00,598.9000244140625,619.969970703125,591.1500244140625,605.0800170898438,599.4234008789062,4843300,0.0,0.0
2020-10-06 00:00:00-04:00,605.3200073242188,610.3800048828125,579.02001953125,581.6400146484375,576.2025146484375,1725300,0.0,0.0
2020-10-07 00:00:00-04:00,588.489990234375,593.8800048828125,581.6500244140625,591.6900024414062,586.1585693359375,957200,0.0,0.0
2020-10-08 00:00:00-04:00,614.6500244140625,615.0,598.0999755859375,599.8800048828125,594.27197265625,2355600,0.0,0.0
2020-10-09 00:00:00-04:00,601.0,604.4400024414062,593.510009765625,602.0700073242188,596.4415283203125,1190100,0.0,0.0
2020-10-12 00:00:00-04:00,602.25,605.3900146484375,590.8499755859375,601.5499877929688,595.9263916015625,1003200,0.0,0.0
2020-10-13 00:00:00-04:00,601.5999755859375,616.3099975585938,600.1799926757812,607.97998046875,602.2962646484375,1243900,0.0,0.0
2020-10-14 00:00:00-04:00,609.1799926757812,610.9199829101562,596.75,600.8200073242188,595.2031860351562,951400,0.0,0.0
2020-10-15 00:00:00-04:00,598.02001953125,605.1199951171875,580.739990234375,585.1799926757812,579.7094116210938,1048300,0.0,0.0
2020-10-16 00:00:00-04:00,590.0,605.4299926757812,585.6699829101562,599.739990234375,594.13330078125,1168800,0.0,0.0
2020-10-19 00:00:00-04:00,600.0,601.0900268554688,579.0,583.1400146484375,577.6884765625,778400,0.0,0.0
2020-10-20 00:00:00-04:00,582.0,586.489990234375,573.1400146484375,576.6300048828125,571.2393188476562,637500,0.0,0.0
2020-10-21 00:00:00-04:00,577.530029296875,581.6799926757812,567.02001953125,572.4000244140625,567.0489501953125,493800,0.0,0.0
2020-10-22 00:00:00-04:00,566.0399780273438,577.0499877929688,566.0399780273438,575.72998046875,570.3477172851562,467200,0.0,0.0
2020-10-23 00:00:00-04:00,580.2899780273438,582.719970703125,575.1199951171875,579.8099975585938,574.3895263671875,565900,0.0,0.0
2020-10-26 00:00:00-04:00,574.6599731445312,587.6199951171875,574.6599731445312,585.739990234375,580.26416015625,533500,0.0,0.0
2020-10-27 00:00:00-04:00,584.97998046875,590.969970703125,579.0399780273438,582.52001953125,577.0742797851562,526200,0.0,0.0
2020-10-28 00:00:00-04:00,576.6900024414062,578.97998046875,563.8699951171875,567.0399780273438,561.739013671875,592900,0.0,0.0
2020-10-29 00:00:00-04:00,576.0,576.0,555.5399780273438,555.7899780273438,550.5941772460938,905000,0.0,0.0
2020-10-30 00:00:00-04:00,545.1199951171875,556.5800170898438,533.22998046875,543.5599975585938,538.4784545898438,1164700,0.0,0.0
2020-11-02 00:00:00-05:00,545.0599975585938,557.4099731445312,539.1699829101562,548.5800170898438,543.4515991210938,835900,0.0,0.0
2020-11-03 00:00:00-05:00,551.8900146484375,561.239990234375,550.0,557.1900024414062,551.9810180664062,490400,0.0,0.0
2020-11-04 00:00:00-05:00,578.0900268554688,593.9600219726562,575.9500122070312,587.1400146484375,581.651123046875,1195600,0.0,0.0
2020-11-05 00:00:00-05:00,595.0,596.7999877929688,578.9500122070312,588.8099975585938,583.3055419921875,944300,0.0,0.0
2020-11-06 00:00:00-05:00,589.0399780273438,589.0399780273438,572.719970703125,578.030029296875,572.6262817382812,748400,0.0,0.0
2020-11-09 00:00:00-05:00,551.6099853515625,573.1599731445312,540.3099975585938,567.5499877929688,562.2442016601562,1321100,0.0,0.0
2020-11-10 00:00:00-05:00,560.0,565.989990234375,546.9299926757812,559.219970703125,553.9920654296875,839200,0.0,0.0
2020-11-11 00:00:00-05:00,564.8499755859375,573.6599731445312,560.0,567.72998046875,562.4225463867188,671000,0.0,0.0
2020-11-12 00:00:00-05:00,568.9199829101562,571.0,554.8400268554688,556.780029296875,551.574951171875,548500,0.0,0.0
2020-11-13 00:00:00-05:00,560.219970703125,567.7000122070312,556.7999877929688,566.4299926757812,561.1347045898438,565800,0.0,0.0
2020-11-16 00:00:00-05:00,557.4500122070312,566.7899780273438,556.0,559.2899780273438,554.0614624023438,542100,0.0,0.0
2020-11-17 00:00:00-05:00,556.3800048828125,556.5999755859375,536.0499877929688,538.1500244140625,533.1190795898438,1051700,0.0,0.0
2020-11-18 00:00:00-05:00,543.0,543.0,518.1900024414062,519.0399780273438,514.1876831054688,1240800,0.0,0.0
2020-11-19 00:00:00-05:00,519.1900024414062,525.6900024414062,514.4199829101562,514.7100219726562,509.89825439453125,947600,0.0,0.0
2020-11-20 00:00:00-05:00,513.9600219726562,521.27001953125,509.3399963378906,518.739990234375,513.8905029296875,1045300,0.0,0.0
2020-11-23 00:00:00-05:00,538.8599853515625,538.8599853515625,516.7999877929688,523.6099853515625,518.7150268554688,1764400,0.0,0.0
2020-11-24 00:00:00-05:00,521.6099853515625,528.4400024414062,505.79998779296875,506.1000061035156,501.36871337890625,1270300,0.0,0.0
2020-11-25 00:00:00-05:00,507.17999267578125,515.469970703125,507.17999267578125,508.30999755859375,503.55804443359375,711800,0.0,0.0
2020-11-27 00:00:00-05:00,513.4199829101562,518.9199829101562,509.20001220703125,514.0499877929688,509.2443542480469,498200,0.0,0.0
2020-11-30 00:00:00-05:00,520.0,520.780029296875,507.6000061035156,516.030029296875,511.2059326171875,1707500,0.0,0.0
2020-12-01 00:00:00-05:00,516.0,525.280029296875,513.6900024414062,514.0700073242188,509.26422119140625,937400,0.0,0.0
2020-12-02 00:00:00-05:00,515.9400024414062,515.9400024414062,503.80999755859375,505.1300048828125,500.4078063964844,782700,0.0,0.0
2020-12-03 00:00:00-05:00,505.20001220703125,509.5400085449219,497.1199951171875,498.8399963378906,494.1765441894531,966000,0.0,0.0
2020-12-04 00:00:00-05:00,497.010009765625,501.8500061035156,490.05999755859375,492.45001220703125,487.8463439941406,961200,0.0,0.0
2020-12-07 00:00:00-05:00,497.489990234375,499.70001220703125,492.7900085449219,495.4100036621094,490.77862548828125,881900,0.0,0.0
2020-12-08 00:00:00-05:00,497.1000061035156,497.8800048828125,486.29998779296875,497.1400146484375,492.49249267578125,1007900,0.0,0.0
2020-12-09 00:00:00-05:00,500.0,500.0,484.0,488.6400146484375,484.0719909667969,934300,0.0,0.0
2020-12-10 00:00:00-05:00,485.2900085449219,487.1199951171875,477.8699951171875,478.9800109863281,474.50225830078125,1184100,0.0,0.0
2020-12-11 00:00:00-05:00,478.2200012207031,483.5400085449219,471.5799865722656,479.7699890136719,475.28485107421875,1013500,0.0,0.0
2020-12-14 00:00:00-05:00,484.1199951171875,502.6000061035156,483.54998779296875,500.3800048828125,495.70220947265625,1245800,0.0,0.0
2020-12-15 00:00:00-05:00,500.69000244140625,500.989990234375,486.82000732421875,491.7900085449219,487.1925354003906,1086300,0.0,0.0
2020-12-16 00:00:00-05:00,491.79998779296875,494.4599914550781,485.1499938964844,486.57000732421875,482.021240234375,862500,0.0,0.0
2020-12-17 00:00:00-05:00,486.8999938964844,496.75,486.5,496.2099914550781,491.5711975097656,856300,0.0,0.0
2020-12-18 00:00:00-05:00,500.0,506.989990234375,496.80999755859375,498.8900146484375,494.2261047363281,1820900,0.0,0.0
2020-12-21 00:00:00-05:00,494.0,497.2900085449219,485.05999755859375,496.739990234375,492.0962219238281,1009300,0.0,0.0
2020-12-22 00:00:00-05:00,496.0,496.4800109863281,488.5,490.05999755859375,485.4786682128906,849600,0.0,0.0
2020-12-23 00:00:00-05:00,491.20001220703125,493.6300048828125,488.5199890136719,492.19000244140625,487.5887756347656,545700,0.0,0.0
2020-12-24 00:00:00-05:00,492.44000244140625,495.2300109863281,486.0299987792969,488.92999267578125,484.3592529296875,289100,0.0,0.0
2020-12-28 00:00:00-05:00,488.7200012207031,492.69000244140625,482.2099914550781,482.9599914550781,478.4450378417969,713400,0.0,0.0
2020-12-29 00:00:00-05:00,485.0,490.45001220703125,482.4200134277344,484.2200012207031,479.6932373046875,558200,0.0,0.0
2020-12-30 00:00:00-05:00,487.3900146484375,488.8299865722656,477.67999267578125,478.29998779296875,473.82855224609375,633200,0.0,0.0
2020-12-31 00:00:00-05:00,477.80999755859375,483.57000732421875,470.7799987792969,483.1099853515625,478.5936279296875,897900,0.0,0.0
2021-01-04 00:00:00-05:00,486.8500061035156,491.7799987792969,473.5799865722656,482.8599853515625,478.345947265625,911100,0.0,0.0
2021-01-05 00:00:00-05:00,480.3900146484375,486.25,475.4100036621094,483.45001220703125,478.93048095703125,797700,0.0,0.0
2021-01-06 00:00:00-05:00,477.1499938964844,483.0,467.0,470.0899963378906,465.69537353515625,1434700,0.0,0.0
2021-01-07 00:00:00-05:00,471.239990234375,481.8399963378906,467.17999267578125,481.20001220703125,476.7015075683594,1126600,0.0,0.0
2021-01-08 00:00:00-05:00,487.92999267578125,500.70001220703125,487.92999267578125,498.7300109863281,494.0676574707031,1018800,0.0,0.0
2021-01-11 00:00:00-05:00,501.0,505.1400146484375,489.3500061035156,502.9200134277344,498.2184753417969,1115300,0.0,0.0
2021-01-12 00:00:00-05:00,504.4100036621094,518.5,502.0,505.75,501.02197265625,1264100,0.0,0.0
2021-01-13 00:00:00-05:00,517.0,522.0,509.1400146484375,511.8999938964844,507.1144714355469,1333800,0.0,0.0
2021-01-14 00:00:00-05:00,513.0999755859375,524.8800048828125,511.3299865722656,517.9099731445312,513.0682983398438,848600,0.0,0.0
2021-01-15 00:00:00-05:00,518.0999755859375,522.989990234375,511.1099853515625,517.9299926757812,513.0880737304688,796900,0.0,0.0
2021-01-19 00:00:00-05:00,523.030029296875,536.6199951171875,522.0599975585938,533.8900146484375,528.89892578125,995400,0.0,0.0
2021-01-20 00:00:00-05:00,536.780029296875,543.989990234375,529.3099975585938,542.27001953125,537.2006225585938,862700,0.0,0.0
2021-01-21 00:00:00-05:00,540.5800170898438,543.280029296875,527.9099731445312,535.47998046875,530.4739990234375,940100,0.0,0.0
2021-01-22 00:00:00-05:00,534.0999755859375,546.719970703125,534.0999755859375,537.780029296875,532.7525634765625,620600,0.0,0.0
2021-01-25 00:00:00-05:00,554.3200073242188,555.0,538.77001953125,548.2000122070312,543.0751953125,828400,0.0,0.0
2021-01-26 00:00:00-05:00,558.9099731445312,558.9099731445312,542.1400146484375,544.0999755859375,539.013427734375,901700,0.0,0.0
2021-01-27 00:00:00-05:00,540.5800170898438,541.969970703125,512.9400024414062,515.5599975585938,510.7402648925781,1433500,0.0,0.0
2021-01-28 00:00:00-05:00,521.27001953125,529.510009765625,505.1099853515625,506.2699890136719,501.537109375,1050700,0.0,0.0
2021-01-29 00:00:00-05:00,505.9700012207031,514.4199829101562,496.1000061035156,503.8399963378906,499.12982177734375,1389800,0.0,0.0
2021-02-01 00:00:00-05:00,512.8200073242188,512.8200073242188,503.1000061035156,508.0799865722656,503.3301696777344,790600,0.0,0.0
2021-02-02 00:00:00-05:00,511.010009765625,513.280029296875,498.0199890136719,499.9800109863281,495.3059387207031,884500,0.0,0.0
2021-02-03 00:00:00-05:00,505.0899963378906,507.2799987792969,490.8399963378906,491.17999267578125,486.58819580078125,1076700,0.0,0.0
2021-02-04 00:00:00-05:00,494.07000732421875,498.9599914550781,490.0199890136719,498.8399963378906,494.1765441894531,1394600,0.0,0.0
2021-02-05 00:00:00-05:00,513.8400268554688,514.969970703125,495.2200012207031,498.9800109863281,494.3153076171875,1662800,0.0,0.0
2021-02-08 00:00:00-05:00,503.1400146484375,506.6300048828125,492.4599914550781,494.8999938964844,490.2734069824219,1320400,0.0,0.0
2021-02-09 00:00:00-05:00,496.5299987792969,497.989990234375,487.54998779296875,490.67999267578125,486.0928649902344,1056000,0.0,0.0
2021-02-10 00:00:00-05:00,493.42999267578125,497.8599853515625,488.1199951171875,491.2200012207031,486.6278076171875,959200,0.0,0.0
2021-02-11 00:00:00-05:00,491.2300109863281,496.6000061035156,486.0400085449219,490.5400085449219,485.95416259765625,1057400,0.0,0.0
2021-02-12 00:00:00-05:00,494.25,494.4800109863281,482.8500061035156,485.6199951171875,481.0801696777344,1295600,0.0,0.0
2021-02-16 00:00:00-05:00,488.010009765625,492.0,478.44000244140625,480.7099914550781,476.2160339355469,1363500,0.0,0.0
2021-02-17 00:00:00-05:00,477.0,484.3800048828125,476.55999755859375,481.67999267578125,477.177001953125,1010700,0.0,0.0
2021-02-18 00:00:00-05:00,479.8999938964844,481.760009765625,475.8399963378906,477.0299987792969,472.5705261230469,1124300,0.0,0.0
2021-02-19 00:00:00-05:00,478.25,483.67999267578125,470.2699890136719,470.3699951171875,465.97271728515625,1129900,0.0,0.0
2021-02-22 00:00:00-05:00,468.2699890136719,468.2699890136719,459.8999938964844,460.5799865722656,456.27423095703125,1345600,0.0,0.0
2021-02-23 00:00:00-05:00,458.05999755859375,468.9599914550781,448.0,468.0299987792969,463.6545715332031,1705600,0.0,0.0
2021-02-24 00:00:00-05:00,466.1099853515625,469.4700012207031,457.1700134277344,458.6000061035156,454.3127746582031,1103400,0.0,0.0
2021-02-25 00:00:00-05:00,460.30999755859375,465.0,448.3299865722656,453.19000244140625,448.953369140625,1126100,0.0,0.0
2021-02-26 00:00:00-05:00,455.8399963378906,457.1700134277344,445.57000732421875,450.57000732421875,446.35784912109375,1193500,0.0,0.0
2021-03-01 00:00:00-05:00,454.489990234375,463.8500061035156,453.8299865722656,463.04998779296875,458.72119140625,856500,0.0,0.0
2021-03-02 00:00:00-05:00,463.1300048828125,466.0,454.3500061035156,454.8599853515625,450.60772705078125,759200,0.0,0.0
2021-03-03 00:00:00-05:00,456.1400146484375,458.6499938964844,446.3800048828125,446.7300109863281,442.5537109375,898000,0.0,0.0
2021-03-04 00:00:00-05:00,445.3699951171875,451.8500061035156,441.0,449.3800048828125,445.178955078125,1093800,0.0,0.0
2021-03-05 00:00:00-05:00,451.5799865722656,463.8299865722656,449.29998779296875,461.57000732421875,457.2550354003906,1223200,0.0,0.0
2021-03-08 00:00:00-05:00,456.489990234375,473.5,456.489990234375,463.19000244140625,458.8598327636719,1014300,0.0,0.0
2021-03-09 00:00:00-05:00,469.79998779296875,478.1300048828125,469.32000732421875,470.6300048828125,466.2303161621094,868400,0.0,0.0
2021-03-10 00:00:00-05:00,473.8900146484375,474.9800109863281,465.2099914550781,467.95001220703125,463.57537841796875,724700,0.0,0.0
2021-03-11 00:00:00-05:00,469.0,474.8900146484375,466.7300109863281,469.9599914550781,465.5665588378906,744900,0.0,0.0
2021-03-12 00:00:00-05:00,467.0,471.82000732421875,463.6499938964844,471.4599914550781,467.05255126953125,552700,0.0,0.0
2021-03-15 00:00:00-04:00,473.010009765625,484.70001220703125,472.260009765625,483.94000244140625,479.4158630371094,728500,0.0,0.0
2021-03-16 00:00:00-04:00,485.0,490.2200012207031,479.6099853515625,482.1700134277344,477.66241455078125,698400,0.0,0.0
2021-03-17 00:00:00-04:00,495.0,497.7099914550781,483.1499938964844,496.010009765625,491.373046875,1101000,0.0,0.0
2021-03-18 00:00:00-04:00,485.0799865722656,491.8800048828125,474.30999755859375,474.67999267578125,470.2424621582031,921100,0.0,0.0
2021-03-19 00:00:00-04:00,478.30999755859375,482.5899963378906,472.4800109863281,473.70001220703125,469.2716064453125,1078200,0.0,0.0
2021-03-22 00:00:00-04:00,471.8900146484375,484.6099853515625,471.2300109863281,483.2200012207031,478.7026062011719,911700,0.0,0.0
2021-03-23 00:00:00-04:00,486.1600036621094,488.7200012207031,466.7099914550781,469.760009765625,465.368408203125,1086400,0.0,0.0
2021-03-24 00:00:00-04:00,471.510009765625,472.0799865722656,458.25,460.32000732421875,456.0166931152344,1053800,0.0,0.0
2021-03-25 00:00:00-04:00,458.30999755859375,465.8399963378906,451.6000061035156,463.4800109863281,459.1471252441406,1413500,0.0,0.0
2021-03-26 00:00:00-04:00,461.1300048828125,477.32000732421875,458.44000244140625,476.9100036621094,472.45159912109375,1645500,0.0,0.0
2021-03-29 00:00:00-04:00,472.3399963378906,488.8999938964844,471.9100036621094,481.5199890136719,477.0185241699219,771200,0.0,0.0
2021-03-30 00:00:00-04:00,479.8399963378906,480.8399963378906,469.3599853515625,470.6700134277344,466.2699279785156,610400,0.0,0.0
2021-03-31 00:00:00-04:00,472.6400146484375,475.70001220703125,470.6700134277344,473.1400146484375,468.7168273925781,767700,0.0,0.0
2021-04-01 00:00:00-04:00,472.0,478.1499938964844,469.3699951171875,474.92999267578125,470.4901428222656,763100,0.0,0.0
2021-04-05 00:00:00-04:00,477.0899963378906,485.2799987792969,474.2200012207031,484.55999755859375,480.03009033203125,949000,0.0,0.0
2021-04-06 00:00:00-04:00,485.5,485.82000732421875,476.7200012207031,478.67999267578125,474.2049865722656,900900,0.0,0.0
2021-04-07 00:00:00-04:00,479.0,486.95001220703125,477.6199951171875,481.7900085449219,477.2859802246094,722200,0.0,0.0
2021-04-08 00:00:00-04:00,485.7699890136719,488.989990234375,474.8399963378906,476.3599853515625,471.9067077636719,1245200,0.0,0.0
2021-04-09 00:00:00-04:00,476.2200012207031,480.260009765625,471.5,475.1700134277344,470.7279052734375,679500,0.0,0.0
2021-04-12 00:00:00-04:00,481.7799987792969,481.7799987792969,469.79998779296875,472.79998779296875,468.3800048828125,835500,0.0,0.0
2021-04-13 00:00:00-04:00,476.5299987792969,483.3999938964844,474.6000061035156,477.0400085449219,472.58038330078125,754900,0.0,0.0
2021-04-14 00:00:00-04:00,478.0,486.7300109863281,477.9200134277344,481.1600036621094,476.6618957519531,595600,0.0,0.0
2021-04-15 00:00:00-04:00,487.44000244140625,499.2799987792969,485.80999755859375,494.6400146484375,490.015869140625,950500,0.0,0.0
2021-04-16 00:00:00-04:00,496.6499938964844,506.8699951171875,495.8599853515625,502.6000061035156,497.9013977050781,1169400,0.0,0.0
2021-04-19 00:00:00-04:00,503.010009765625,505.9700012207031,498.4700012207031,499.69000244140625,495.0186462402344,707800,0.0,0.0
2021-04-20 00:00:00-04:00,499.54998779296875,506.7300109863281,497.3999938964844,504.4200134277344,499.7044372558594,858800,0.0,0.0
2021-04-21 00:00:00-04:00,507.489990234375,510.32000732421875,503.2200012207031,506.4800109863281,501.7451477050781,621300,0.0,0.0
2021-04-22 00:00:00-04:00,505.3999938964844,505.3999938964844,489.2799987792969,490.42999267578125,485.8451843261719,1000500,0.0,0.0
2021-04-23 00:00:00-04:00,488.6300048828125,491.489990234375,484.0299987792969,488.6400146484375,484.0719909667969,819800,0.0,0.0
2021-04-26 00:00:00-04:00,489.8399963378906,502.0,485.0,501.1700134277344,496.48480224609375,830300,0.0,0.0
2021-04-27 00:00:00-04:00,502.6000061035156,502.6000061035156,491.260009765625,491.80999755859375,487.2123107910156,474500,0.0,0.0
2021-04-28 00:00:00-04:00,494.9100036621094,495.44000244140625,487.5,487.7699890136719,483.2100524902344,654000,0.0,0.0
2021-04-29 00:00:00-04:00,489.69000244140625,490.0,482.2799987792969,485.0,480.46600341796875,574300,0.0,0.0
2021-04-30 00:00:00-04:00,482.7699890136719,491.5799865722656,480.510009765625,481.29998779296875,476.800537109375,796700,0.0,0.0
2021-05-03 00:00:00-04:00,483.5,491.6700134277344,482.8299865722656,488.6199951171875,484.0520935058594,645900,0.0,0.0
2021-05-04 00:00:00-04:00,485.94000244140625,488.2799987792969,480.8500061035156,485.17999267578125,480.644287109375,764500,0.0,0.0
2021-05-05 00:00:00-04:00,486.4100036621094,488.75,481.0899963378906,482.4200134277344,477.9100646972656,842400,0.0,0.0
2021-05-06 00:00:00-04:00,483.1099853515625,502.9800109863281,478.3999938964844,498.67999267578125,494.01812744140625,1545300,0.0,0.0
2021-05-07 00:00:00-04:00,497.5899963378906,503.0,492.80999755859375,496.75,492.1061096191406,703200,0.0,0.0
2021-05-10 00:00:00-04:00,497.5199890136719,513.47998046875,495.0,502.3399963378906,497.6438903808594,1044800,0.0,0.0
2021-05-11 00:00:00-04:00,496.82000732421875,508.9800109863281,494.0199890136719,501.19000244140625,496.5046691894531,790700,0.0,0.0
2021-05-12 00:00:00-04:00,497.0,513.6699829101562,497.0,507.1400146484375,502.3990173339844,967700,0.0,0.0
2021-05-13 00:00:00-04:00,508.8599853515625,519.0700073242188,505.57000732421875,517.1699829101562,512.335205078125,991400,0.0,0.0
2021-05-14 00:00:00-04:00,520.0,521.1300048828125,512.25,516.6199951171875,511.7903747558594,785600,0.0,0.0
2021-05-17 00:00:00-04:00,516.4500122070312,525.9600219726562,515.4400024414062,523.72998046875,518.8338623046875,712200,0.0,0.0
2021-05-18 00:00:00-04:00,523.0,523.0,513.6799926757812,516.219970703125,511.3941345214844,683300,0.0,0.0
2021-05-19 00:00:00-04:00,517.9000244140625,517.9000244140625,502.5,510.2699890136719,505.4997253417969,587400,0.0,0.0
2021-05-20 00:00:00-04:00,509.0,518.8699951171875,507.6300048828125,513.2100219726562,508.41229248046875,574900,0.0,0.0
2021-05-21 00:00:00-04:00,514.1300048828125,516.5,506.42999267578125,506.7200012207031,501.9829406738281,610400,0.0,0.0
2021-05-24 00:00:00-04:00,509.739990234375,509.739990234375,500.0799865722656,500.4700012207031,495.7913513183594,521900,0.0,0.0
2021-05-25 00:00:00-04:00,500.8399963378906,502.7200012207031,493.19000244140625,498.0299987792969,493.3741455078125,767500,0.0,0.0
2021-05-26 00:00:00-04:00,498.75,500.30999755859375,493.0,497.1600036621094,492.5122985839844,640700,0.0,0.0
2021-05-27 00:00:00-04:00,496.0,500.0400085449219,492.1300048828125,495.3399963378906,490.7093200683594,1058800,0.0,0.0
2021-05-28 00:00:00-04:00,497.6099853515625,505.2099914550781,497.2200012207031,502.42999267578125,497.73297119140625,542100,0.0,0.0
2021-06-01 00:00:00-04:00,505.760009765625,508.7900085449219,497.92999267578125,503.2300109863281,498.52557373046875,617100,0.0,0.0
2021-06-02 00:00:00-04:00,503.1700134277344,510.30999755859375,501.20001220703125,505.3599853515625,500.6356201171875,679400,0.0,0.0
2021-06-03 00:00:00-04:00,501.07000732421875,506.8900146484375,499.7799987792969,505.6600036621094,500.932861328125,445000,0.0,0.0
2021-06-04 00:00:00-04:00,507.5899963378906,518.3699951171875,505.79998779296875,511.8900146484375,507.1046142578125,785200,0.0,0.0
2021-06-07 00:00:00-04:00,511.6499938964844,525.3900146484375,509.5,514.989990234375,510.1755676269531,868700,0.0,0.0
2021-06-08 00:00:00-04:00,517.2000122070312,518.6199951171875,501.69000244140625,506.4200134277344,501.68572998046875,963600,0.0,0.0
2021-06-09 00:00:00-04:00,507.8399963378906,522.7899780273438,505.6199951171875,521.8499755859375,516.9714965820312,783300,0.0,0.0
2021-06-10 00:00:00-04:00,521.260009765625,533.260009765625,516.0399780273438,532.0399780273438,527.0662231445312,934900,0.0,0.0
2021-06-11 00:00:00-04:00,529.280029296875,530.260009765625,519.97998046875,525.5499877929688,520.6368408203125,622900,0.0,0.0
2021-06-14 00:00:00-04:00,525.0,529.2899780273438,521.9600219726562,528.75,523.8069458007812,497800,0.0,0.0
2021-06-15 00:00:00-04:00,528.0,530.719970703125,523.6599731445312,527.489990234375,522.5586547851562,547500,0.0,0.0
2021-06-16 00:00:00-04:00,531.1699829101562,542.4199829101562,522.239990234375,523.5800170898438,518.6853637695312,914400,0.0,0.0
2021-06-17 00:00:00-04:00,524.0,538.5,516.75,536.010009765625,530.9990844726562,846200,0.0,0.0
2021-06-18 00:00:00-04:00,534.6599731445312,540.030029296875,532.1300048828125,537.9199829101562,532.8912963867188,914800,0.0,0.0
2021-06-21 00:00:00-04:00,539.989990234375,543.739990234375,532.72998046875,534.27001953125,529.275390625,678800,0.0,0.0
2021-06-22 00:00:00-04:00,533.0399780273438,535.1099853515625,526.9099731445312,534.02001953125,529.0277709960938,655600,0.0,0.0
2021-06-23 00:00:00-04:00,532.8499755859375,534.7000122070312,523.2899780273438,529.7999877929688,524.84716796875,636300,0.0,0.0
2021-06-24 00:00:00-04:00,533.0900268554688,545.3699951171875,531.3300170898438,544.4500122070312,539.3601684570312,790000,0.0,0.0
2021-06-25 00:00:00-04:00,543.5900268554688,552.5,540.75,550.5499877929688,545.4031372070312,1912800,0.0,0.0
2021-06-28 00:00:00-04:00,565.5399780273438,569.989990234375,542.5499877929688,542.7000122070312,537.6265869140625,1509400,0.0,0.0
2021-06-29 00:00:00-04:00,542.280029296875,548.02001953125,536.0800170898438,545.97998046875,540.8757934570312,721500,0.0,0.0
2021-06-30 00:00:00-04:00,545.2000122070312,561.77001953125,544.52001953125,558.5399780273438,553.3184204101562,861800,0.0,0.0
2021-07-01 00:00:00-04:00,556.5999755859375,576.9199829101562,554.9500122070312,574.6199951171875,569.2481079101562,1277400,0.0,0.0
2021-07-02 00:00:00-04:00,576.0,592.8400268554688,571.5499877929688,583.6400146484375,578.183837890625,1073700,0.0,0.0
2021-07-06 00:00:00-04:00,579.4099731445312,584.2899780273438,572.9299926757812,582.25,576.8068237304688,643900,0.0,0.0
2021-07-07 00:00:00-04:00,584.27001953125,590.9500122070312,580.760009765625,585.9000244140625,580.4227294921875,708700,0.0,0.0
2021-07-08 00:00:00-04:00,578.4400024414062,580.0,568.1500244140625,574.9199829101562,569.5452880859375,766600,0.0,0.0
2021-07-09 00:00:00-04:00,573.0,580.8499755859375,571.010009765625,580.4000244140625,574.97412109375,550100,0.0,0.0
2021-07-12 00:00:00-04:00,579.9199829101562,586.3400268554688,571.0399780273438,574.030029296875,568.6637573242188,655300,0.0,0.0
2021-07-13 00:00:00-04:00,574.5800170898438,582.1900024414062,570.6199951171875,577.010009765625,571.6158447265625,448800,0.0,0.0
2021-07-14 00:00:00-04:00,578.5499877929688,582.8599853515625,575.5,581.0599975585938,575.6279907226562,380300,0.0,0.0
2021-07-15 00:00:00-04:00,579.9000244140625,593.2899780273438,575.0399780273438,589.3200073242188,583.8106689453125,776200,0.0,0.0
2021-07-16 00:00:00-04:00,587.8200073242188,590.0,580.0,583.239990234375,577.78759765625,515600,0.0,0.0
2021-07-19 00:00:00-04:00,581.260009765625,588.0,578.0,585.22998046875,579.7589721679688,552100,0.0,0.0
2021-07-20 00:00:00-04:00,588.2999877929688,593.6900024414062,580.6599731445312,587.239990234375,581.750244140625,644800,0.0,0.0
2021-07-21 00:00:00-04:00,586.760009765625,586.760009765625,573.760009765625,583.719970703125,578.2630004882812,480800,0.0,0.0
2021-07-22 00:00:00-04:00,581.6300048828125,590.6799926757812,580.02001953125,586.8800048828125,581.3935546875,406900,0.0,0.0
2021-07-23 00:00:00-04:00,588.8300170898438,595.47998046875,583.760009765625,586.3499755859375,580.8685302734375,628200,0.0,0.0
2021-07-26 00:00:00-04:00,586.0,586.0,577.3699951171875,577.780029296875,572.3786010742188,488400,0.0,0.0
2021-07-27 00:00:00-04:00,568.510009765625,581.2999877929688,565.0,581.010009765625,575.5784912109375,474700,0.0,0.0
2021-07-28 00:00:00-04:00,582.0399780273438,587.9199829101562,579.0,586.4099731445312,580.9277954101562,404000,0.0,0.0
2021-07-29 00:00:00-04:00,588.6199951171875,591.6599731445312,582.0999755859375,583.1300048828125,577.6785278320312,361400,0.0,0.0
2021-07-30 00:00:00-04:00,581.4199829101562,583.280029296875,572.9099731445312,574.6099853515625,569.2382202148438,775600,0.0,0.0
2021-08-02 00:00:00-04:00,577.1199951171875,580.8699951171875,570.3800048828125,577.1300048828125,571.7346801757812,362200,0.0,0.0
2021-08-03 00:00:00-04:00,576.8499755859375,587.5599975585938,570.7000122070312,586.510009765625,581.0270385742188,512800,0.0,0.0
2021-08-04 00:00:00-04:00,584.9199829101562,598.6599731445312,579.3200073242188,580.9500122070312,575.5189819335938,1042300,0.0,0.0
2021-08-05 00:00:00-04:00,588.6199951171875,603.1400146484375,570.8499755859375,602.469970703125,596.8377685546875,1628400,0.0,0.0
2021-08-06 00:00:00-04:00,603.0900268554688,615.0,600.02001953125,610.8599853515625,605.1494140625,1135100,0.0,0.0
2021-08-09 00:00:00-04:00,610.8499755859375,624.77001953125,610.5900268554688,613.9400024414062,608.2005615234375,962300,0.0,0.0
2021-08-10 00:00:00-04:00,615.72998046875,619.780029296875,604.5499877929688,614.97998046875,609.2308959960938,651200,0.0,0.0
2021-08-11 00:00:00-04:00,616.0700073242188,621.3699951171875,603.4099731445312,608.4500122070312,602.761962890625,630400,0.0,0.0
2021-08-12 00:00:00-04:00,607.0,611.52001953125,598.030029296875,608.0,602.3160400390625,577600,0.0,0.0
2021-08-13 00:00:00-04:00,614.0,625.0,612.6199951171875,624.7899780273438,618.9490966796875,821200,0.0,0.0
2021-08-16 00:00:00-04:00,625.6599731445312,630.0,615.0599975585938,628.5999755859375,622.7235107421875,869900,0.0,0.0
2021-08-17 00:00:00-04:00,626.1400146484375,650.0,624.010009765625,647.4400024414062,641.3873901367188,1183900,0.0,0.0
2021-08-18 00:00:00-04:00,650.0,658.969970703125,633.0,635.5700073242188,629.6283569335938,1642600,0.0,0.0
2021-08-19 00:00:00-04:00,628.9299926757812,662.8699951171875,628.9299926757812,655.6300048828125,649.5008544921875,1284600,0.0,0.0
2021-08-20 00:00:00-04:00,659.0,674.0700073242188,655.6300048828125,663.27001953125,657.0693969726562,1303900,0.0,0.0
2021-08-23 00:00:00-04:00,665.2100219726562,671.489990234375,642.6799926757812,667.2899780273438,661.0518798828125,992900,0.0,0.0
2021-08-24 00:00:00-04:00,665.9199829101562,670.0,656.72998046875,669.9500122070312,663.68701171875,731500,0.0,0.0
2021-08-25 00:00:00-04:00,672.8499755859375,674.0,660.7899780273438,669.1799926757812,662.9241333007812,643500,0.0,0.0
2021-08-26 00:00:00-04:00,670.0599975585938,674.4500122070312,663.2899780273438,665.77001953125,659.546142578125,473300,0.0,0.0
2021-08-27 00:00:00-04:00,668.9500122070312,673.0999755859375,660.75,663.2899780273438,657.0891723632812,424600,0.0,0.0
2021-08-30 00:00:00-04:00,664.0,678.6900024414062,660.4400024414062,677.0800170898438,670.7503662109375,865300,0.0,0.0
2021-08-31 00:00:00-04:00,677.510009765625,681.72998046875,668.3300170898438,673.4000244140625,667.1047973632812,829500,0.0,0.0
2021-09-01 00:00:00-04:00,674.719970703125,686.280029296875,671.6300048828125,680.9600219726562,674.5940551757812,822100,0.0,0.0
2021-09-02 00:00:00-04:00,683.5,684.9000244140625,674.5700073242188,675.75,669.4328002929688,689300,0.0,0.0
2021-09-03 00:00:00-04:00,675.6199951171875,686.6199951171875,672.0,679.5700073242188,673.217041015625,564600,0.0,0.0
2021-09-07 00:00:00-04:00,679.4199829101562,679.5800170898438,658.02001953125,668.8099975585938,662.5576171875,717500,0.0,0.0
2021-09-08 00:00:00-04:00,667.7999877929688,676.9400024414062,666.5700073242188,669.1900024414062,662.9341430664062,463100,0.0,0.0
2021-09-09 00:00:00-04:00,670.280029296875,672.8800048828125,644.6500244140625,646.1099853515625,640.0697631835938,1047700,0.0,0.0
2021-09-10 00:00:00-04:00,650.0,659.760009765625,646.1099853515625,650.489990234375,644.4088745117188,747100,0.0,0.0
2021-09-13 00:00:00-04:00,651.0999755859375,653.3300170898438,636.0,639.52001953125,633.54150390625,798000,0.0,0.0
2021-09-14 00:00:00-04:00,639.9099731445312,650.4199829101562,639.9099731445312,645.1500244140625,639.1187744140625,602100,0.0,0.0
2021-09-15 00:00:00-04:00,658.6500244140625,664.989990234375,649.010009765625,652.0,645.9047241210938,883100,0.0,0.0
2021-09-16 00:00:00-04:00,649.7100219726562,656.6699829101562,643.3800048828125,653.1799926757812,647.0736694335938,539900,0.0,0.0
2021-09-17 00:00:00-04:00,649.1699829101562,653.0,643.2899780273438,651.8800048828125,645.785888671875,761900,0.0,0.0
2021-09-20 00:00:00-04:00,643.8400268554688,652.0,636.1699829101562,640.8900146484375,634.898681640625,666400,0.0,0.0
2021-09-21 00:00:00-04:00,645.1099853515625,656.8599853515625,642.8099975585938,646.9500122070312,640.9019775390625,440600,0.0,0.0
2021-09-22 00:00:00-04:00,646.9500122070312,651.010009765625,640.02001953125,647.0599975585938,641.010986328125,561800,0.0,0.0
2021-09-23 00:00:00-04:00,647.0,655.0,644.2999877929688,646.510009765625,640.466064453125,537400,0.0,0.0
2021-09-24 00:00:00-04:00,644.3099975585938,644.3099975585938,632.4500122070312,638.9000244140625,632.9273071289062,654500,0.0,0.0
2021-09-27 00:00:00-04:00,636.7100219726562,636.7100219726562,616.260009765625,619.0700073242188,613.2825927734375,783700,0.0,0.0
2021-09-28 00:00:00-04:00,607.219970703125,617.7100219726562,603.7899780273438,605.0,599.3441772460938,1240400,0.0,0.0
2021-09-29 00:00:00-04:00,607.1400146484375,612.739990234375,604.97998046875,606.7000122070312,601.0283203125,615100,0.0,0.0
2021-09-30 00:00:00-04:00,607.760009765625,613.5800170898438,604.6199951171875,605.1799926757812,599.5224609375,549000,0.0,0.0
2021-10-01 00:00:00-04:00,576.75,578.0,556.0499877929688,570.7899780273438,565.4539794921875,1457800,0.0,0.0
2021-10-04 00:00:00-04:00,565.3699951171875,568.1300048828125,553.0999755859375,555.4199829101562,550.2276611328125,992900,0.0,0.0
2021-10-05 00:00:00-04:00,555.9099731445312,564.72998046875,549.27001953125,550.9000244140625,545.7499389648438,930100,0.0,0.0
2021-10-06 00:00:00-04:00,548.0,553.9299926757812,543.4099731445312,546.5700073242188,541.46044921875,890100,0.0,0.0
2021-10-07 00:00:00-04:00,548.1400146484375,559.75,547.3200073242188,552.02001953125,546.8594360351562,774300,0.0,0.0
2021-10-08 00:00:00-04:00,551.8800048828125,555.52001953125,543.25,550.02001953125,544.878173828125,532300,0.0,0.0
2021-10-11 00:00:00-04:00,549.6500244140625,557.8699951171875,545.5999755859375,546.260009765625,541.1533203125,538600,0.0,0.0
2021-10-12 00:00:00-04:00,546.0900268554688,549.3499755859375,541.5800170898438,544.4400024414062,539.3502807617188,521600,0.0,0.0
2021-10-13 00:00:00-04:00,548.3300170898438,556.1799926757812,546.969970703125,547.1199951171875,542.0052490234375,664200,0.0,0.0
2021-10-14 00:00:00-04:00,553.0,565.1099853515625,552.0700073242188,555.6199951171875,550.4257202148438,1055800,0.0,0.0
2021-10-15 00:00:00-04:00,558.9299926757812,558.9299926757812,552.1599731445312,553.239990234375,548.0679931640625,838800,0.0,0.0
2021-10-18 00:00:00-04:00,550.219970703125,552.489990234375,539.1799926757812,543.47998046875,538.3992309570312,1216200,0.0,0.0
2021-10-19 00:00:00-04:00,548.02001953125,555.6699829101562,545.0,552.1099853515625,546.9485473632812,985700,0.0,0.0
2021-10-20 00:00:00-04:00,554.239990234375,562.719970703125,553.0,562.7100219726562,557.4495239257812,878000,0.0,0.0
2021-10-21 00:00:00-04:00,564.47998046875,570.9099731445312,562.52001953125,569.3699951171875,564.0473022460938,624200,0.0,0.0
2021-10-22 00:00:00-04:00,570.030029296875,573.010009765625,565.3900146484375,572.3599853515625,567.0093383789062,493000,0.0,0.0
2021-10-25 00:00:00-04:00,573.6599731445312,578.72998046875,569.530029296875,576.2000122070312,570.8133544921875,627300,0.0,0.0
2021-10-26 00:00:00-04:00,579.1400146484375,594.219970703125,575.6099853515625,592.1500244140625,586.6143798828125,845300,0.0,0.0
2021-10-27 00:00:00-04:00,593.280029296875,594.0900268554688,587.7000122070312,589.5999755859375,584.0881958007812,658100,0.0,0.0
2021-10-28 00:00:00-04:00,590.1799926757812,625.719970703125,589.1300048828125,625.1900024414062,619.345458984375,1111400,0.0,0.0
2021-10-29 00:00:00-04:00,619.1300048828125,641.260009765625,618.1099853515625,639.9400024414062,633.9576416015625,860400,0.0,0.0
2021-11-01 00:00:00-04:00,640.0,648.0700073242188,635.75,639.1500244140625,633.1749267578125,913700,0.0,0.0
2021-11-02 00:00:00-04:00,638.5800170898438,649.97998046875,633.5599975585938,638.77001953125,632.7984619140625,838400,0.0,0.0
2021-11-03 00:00:00-04:00,637.2100219726562,652.3800048828125,632.0999755859375,652.0999755859375,646.0038452148438,718800,0.0,0.0
2021-11-04 00:00:00-04:00,657.2100219726562,659.7899780273438,630.9000244140625,647.6300048828125,641.5755615234375,1507000,0.0,0.0
2021-11-05 00:00:00-04:00,600.0,622.8599853515625,594.5499877929688,611.5399780273438,605.8229370117188,1768400,0.0,0.0
2021-11-08 00:00:00-05:00,618.5999755859375,623.4199829101562,608.760009765625,622.780029296875,616.9580078125,639900,0.0,0.0
2021-11-09 00:00:00-05:00,623.0800170898438,627.5700073242188,614.0,616.3099975585938,610.5484008789062,601000,0.0,0.0
2021-11-10 00:00:00-05:00,616.8200073242188,635.72998046875,616.8200073242188,622.2000122070312,616.3833618164062,727900,0.0,0.0
2021-11-11 00:00:00-05:00,622.0,628.4600219726562,617.6500244140625,626.6400146484375,620.7818603515625,478400,0.0,0.0
2021-11-12 00:00:00-05:00,632.4400024414062,634.4600219726562,623.3099975585938,631.2000122070312,625.2992553710938,513600,0.0,0.0
2021-11-15 00:00:00-05:00,635.010009765625,649.719970703125,633.280029296875,647.72998046875,641.6746826171875,777500,0.0,0.0
2021-11-16 00:00:00-05:00,647.3400268554688,661.8400268554688,642.0999755859375,642.75,636.7412719726562,632700,0.0,0.0
2021-11-17 00:00:00-05:00,645.0800170898438,645.530029296875,635.75,641.8300170898438,635.8298950195312,440000,0.0,0.0
2021-11-18 00:00:00-05:00,642.2100219726562,653.27001953125,638.5999755859375,648.510009765625,642.4473876953125,564400,0.0,0.0
2021-11-19 00:00:00-05:00,652.4299926757812,657.5599975585938,646.3699951171875,652.6799926757812,646.5784912109375,605700,0.0,0.0
2021-11-22 00:00:00-05:00,648.5800170898438,660.280029296875,640.8800048828125,643.6400146484375,637.6229248046875,632600,0.0,0.0
2021-11-23 00:00:00-05:00,641.9000244140625,650.9600219726562,639.47998046875,649.3200073242188,643.2499389648438,624300,0.0,0.0
2021-11-24 00:00:00-05:00,651.3800048828125,656.0,645.5499877929688,648.1799926757812,642.1204833984375,545100,0.0,0.0
2021-11-26 00:00:00-05:00,660.0,660.9500122070312,639.780029296875,643.3499755859375,637.3355712890625,575600,0.0,0.0
2021-11-29 00:00:00-05:00,645.3200073242188,660.5,642.4099731445312,654.4000244140625,648.2823486328125,700400,0.0,0.0
2021-11-30 00:00:00-05:00,646.4099731445312,656.5999755859375,635.1199951171875,636.530029296875,630.5794067382812,1277200,0.0,0.0
2021-12-01 00:00:00-05:00,639.1300048828125,644.4099731445312,630.1300048828125,630.5900268554688,624.6949462890625,731800,0.0,0.0
2021-12-02 00:00:00-05:00,633.030029296875,640.030029296875,622.489990234375,634.0,628.0730590820312,563800,0.0,0.0
2021-12-03 00:00:00-05:00,637.77001953125,641.7899780273438,623.1199951171875,635.1599731445312,629.2222290039062,650400,0.0,0.0
2021-12-06 00:00:00-05:00,642.3599853515625,644.7000122070312,624.5999755859375,625.0,619.1571655273438,567500,0.0,0.0
2021-12-07 00:00:00-05:00,628.530029296875,643.3699951171875,623.0,635.0900268554688,629.15283203125,652500,0.0,0.0
2021-12-08 00:00:00-05:00,638.1400146484375,655.75,633.3300170898438,654.0399780273438,647.9256591796875,694800,0.0,0.0
2021-12-09 00:00:00-05:00,650.0,667.5599975585938,646.6699829101562,665.719970703125,659.4964599609375,898200,0.0,0.0
2021-12-10 00:00:00-05:00,661.9400024414062,672.4500122070312,656.25,669.52001953125,663.260986328125,791100,0.0,0.0
2021-12-13 00:00:00-05:00,653.1199951171875,665.0,637.4400024414062,660.1500244140625,653.9785766601562,1074800,0.0,0.0
2021-12-14 00:00:00-05:00,652.22998046875,673.8599853515625,651.8900146484375,670.969970703125,664.6974487304688,730800,0.0,0.0
2021-12-15 00:00:00-05:00,646.989990234375,662.6300048828125,645.0,657.9299926757812,651.7793579101562,842100,0.0,0.0
2021-12-16 00:00:00-05:00,644.739990234375,656.3400268554688,630.0999755859375,631.739990234375,625.8341674804688,1241800,0.0,0.0
2021-12-17 00:00:00-05:00,631.0399780273438,631.1599731445312,615.2000122070312,619.280029296875,613.4906616210938,1627100,0.0,0.0
2021-12-20 00:00:00-05:00,620.7000122070312,625.3499755859375,602.0700073242188,603.1400146484375,597.5015869140625,912100,0.0,0.0
2021-12-21 00:00:00-05:00,608.5800170898438,608.5800170898438,598.239990234375,606.8099975585938,601.13720703125,1108900,0.0,0.0
2021-12-22 00:00:00-05:00,608.469970703125,619.239990234375,600.8499755859375,617.47998046875,611.7073974609375,737400,0.0,0.0
2021-12-23 00:00:00-05:00,619.5,627.219970703125,618.1500244140625,625.3800048828125,619.5336303710938,398700,0.0,0.0
2021-12-27 00:00:00-05:00,625.6599731445312,636.3599853515625,623.2899780273438,634.77001953125,628.8358764648438,443700,0.0,0.0
2021-12-28 00:00:00-05:00,637.0399780273438,639.5,635.0,638.4600219726562,632.4913940429688,327800,0.0,0.0
2021-12-29 00:00:00-05:00,639.469970703125,649.0,638.75,647.280029296875,641.2289428710938,413000,0.0,0.0
2021-12-30 00:00:00-05:00,647.1500244140625,651.280029296875,642.280029296875,642.510009765625,636.5035400390625,306300,0.0,0.0
2021-12-31 00:00:00-05:00,644.3400268554688,645.5,630.6599731445312,631.52001953125,625.6162719726562,353400,0.0,0.0
2022-01-03 00:00:00-05:00,625.0,629.3300170898438,621.8699951171875,627.0999755859375,621.237548828125,515600,0.0,0.0
2022-01-04 00:00:00-05:00,622.9500122070312,625.0700073242188,612.1099853515625,616.8200073242188,611.0536499023438,725400,0.0,0.0
2022-01-05 00:00:00-05:00,604.9500122070312,613.6500244140625,594.989990234375,595.1199951171875,589.5565185546875,1100800,0.0,0.0
2022-01-06 00:00:00-05:00,600.0,606.02001953125,594.969970703125,598.4400024414062,592.845458984375,676200,0.0,0.0
2022-01-07 00:00:00-05:00,598.4400024414062,607.010009765625,592.8599853515625,603.72998046875,598.0859985351562,584400,0.0,0.0
2022-01-10 00:00:00-05:00,603.75,621.6099853515625,602.1300048828125,621.27001953125,615.4620361328125,822700,0.0,0.0
2022-01-11 00:00:00-05:00,623.1900024414062,628.0800170898438,617.760009765625,626.0900268554688,620.2369995117188,613800,0.0,0.0
2022-01-12 00:00:00-05:00,624.4500122070312,632.3900146484375,620.8300170898438,631.4400024414062,625.5369873046875,584700,0.0,0.0
2022-01-13 00:00:00-05:00,632.75,632.75,614.1500244140625,616.1099853515625,610.3502197265625,649300,0.0,0.0
2022-01-14 00:00:00-05:00,616.02001953125,623.2000122070312,604.7999877929688,615.239990234375,609.4883422851562,792000,0.0,0.0
2022-01-18 00:00:00-05:00,604.52001953125,612.3900146484375,598.1300048828125,611.219970703125,605.5060424804688,974800,0.0,0.0
2022-01-19 00:00:00-05:00,617.010009765625,628.0499877929688,612.4000244140625,618.1099853515625,612.3316040039062,656300,0.0,0.0
2022-01-20 00:00:00-05:00,621.1500244140625,622.2899780273438,612.4299926757812,614.3800048828125,608.636474609375,765900,0.0,0.0
2022-01-21 00:00:00-05:00,615.7999877929688,623.97998046875,610.8800048828125,621.4000244140625,615.5909423828125,1329000,0.0,0.0
2022-01-24 00:00:00-05:00,613.1300048828125,623.5399780273438,601.25,621.47998046875,615.6701049804688,1126200,0.0,0.0
2022-01-25 00:00:00-05:00,616.2899780273438,618.0,602.4000244140625,603.1900024414062,597.5510864257812,975500,0.0,0.0
2022-01-26 00:00:00-05:00,604.469970703125,618.010009765625,600.27001953125,605.25,599.5918579101562,857900,0.0,0.0
2022-01-27 00:00:00-05:00,609.8400268554688,618.75,603.25,608.719970703125,603.029296875,658800,0.0,0.0
2022-01-28 00:00:00-05:00,608.2899780273438,625.0,601.8900146484375,624.9199829101562,619.077880859375,736700,0.0,0.0
2022-01-31 00:00:00-05:00,623.1500244140625,623.1699829101562,602.510009765625,608.5900268554688,602.9005737304688,922300,0.0,0.0
2022-02-01 00:00:00-05:00,607.8300170898438,613.9299926757812,600.219970703125,613.3599853515625,607.6260375976562,738500,0.0,0.0
2022-02-02 00:00:00-05:00,613.3599853515625,623.4000244140625,596.9000244140625,622.8499755859375,617.0272827148438,1033300,0.0,0.0
2022-02-03 00:00:00-05:00,617.9099731445312,625.0,613.9600219726562,620.6900024414062,614.8875122070312,962400,0.0,0.0
2022-02-04 00:00:00-05:00,610.010009765625,635.0,610.010009765625,622.9600219726562,617.13623046875,1205800,0.0,0.0
2022-02-07 00:00:00-05:00,620.72998046875,625.1099853515625,613.3200073242188,622.3599853515625,616.5418090820312,905300,0.0,0.0
2022-02-08 00:00:00-05:00,620.010009765625,621.9000244140625,612.0399780273438,617.9400024414062,612.1631469726562,846200,0.0,0.0
2022-02-09 00:00:00-05:00,620.0,620.9600219726562,616.260009765625,619.77001953125,613.9761352539062,818500,0.0,0.0
2022-02-10 00:00:00-05:00,613.3400268554688,624.5499877929688,608.3900146484375,618.219970703125,612.4404907226562,769500,0.0,0.0
2022-02-11 00:00:00-05:00,620.5700073242188,645.0,617.5,638.4099731445312,632.4417724609375,1111100,0.0,0.0
2022-02-14 00:00:00-05:00,638.0,639.2000122070312,614.3900146484375,623.530029296875,617.7009887695312,826900,0.0,0.0
2022-02-15 00:00:00-05:00,622.0,635.4400024414062,620.719970703125,630.1500244140625,624.259033203125,675600,0.0,0.0
2022-02-16 00:00:00-05:00,630.6300048828125,632.1699829101562,624.25,630.9000244140625,625.0020141601562,374000,0.0,0.0
2022-02-17 00:00:00-05:00,628.3699951171875,632.2100219726562,619.510009765625,626.719970703125,620.861083984375,627800,0.0,0.0
2022-02-18 00:00:00-05:00,621.8200073242188,632.760009765625,614.0900268554688,615.1300048828125,609.3794555664062,718900,0.0,0.0
2022-02-22 00:00:00-05:00,613.3099975585938,618.9600219726562,602.1699829101562,602.8900146484375,597.25390625,649200,0.0,0.0
2022-02-23 00:00:00-05:00,625.0,625.0,604.1799926757812,608.97998046875,603.2869262695312,863000,0.0,0.0
2022-02-24 00:00:00-05:00,603.4000244140625,610.5599975585938,598.0700073242188,609.780029296875,604.0795288085938,533500,0.0,0.0
2022-02-25 00:00:00-05:00,610.75,622.1400146484375,608.3300170898438,618.6599731445312,612.8763427734375,427400,0.0,0.0
2022-02-28 00:00:00-05:00,611.5399780273438,620.3300170898438,607.739990234375,618.3599853515625,612.5792846679688,518900,0.0,0.0
2022-03-01 00:00:00-05:00,615.3900146484375,623.6300048828125,603.1199951171875,607.030029296875,601.3551635742188,617300,0.0,0.0
2022-03-02 00:00:00-05:00,604.8800048828125,619.8599853515625,604.219970703125,616.8699951171875,611.1032104492188,339600,0.0,0.0
2022-03-03 00:00:00-05:00,618.5800170898438,620.0,608.6699829101562,611.1500244140625,605.4366455078125,593100,0.0,0.0
2022-03-04 00:00:00-05:00,604.22998046875,624.6199951171875,604.22998046875,620.4099731445312,614.6100463867188,550500,0.0,0.0
2022-03-07 00:00:00-05:00,618.4299926757812,636.3599853515625,609.010009765625,618.5900268554688,612.8071899414062,755300,0.0,0.0
2022-03-08 00:00:00-05:00,611.1699829101562,627.3400268554688,609.030029296875,614.739990234375,608.9931030273438,592200,0.0,0.0
2022-03-09 00:00:00-05:00,622.2000122070312,626.6799926757812,614.2100219726562,623.4299926757812,617.6018676757812,538900,0.0,0.0
2022-03-10 00:00:00-05:00,616.1300048828125,632.6799926757812,615.9199829101562,630.3599853515625,624.467041015625,480600,0.0,0.0
2022-03-11 00:00:00-05:00,633.7999877929688,652.27001953125,630.6699829101562,642.5800170898438,636.5728149414062,803200,0.0,0.0
2022-03-14 00:00:00-04:00,644.5999755859375,665.97998046875,644.5999755859375,656.4099731445312,650.2734985351562,1018900,0.0,0.0
2022-03-15 00:00:00-04:00,660.260009765625,668.9400024414062,654.5,665.9299926757812,659.7045288085938,763800,0.0,0.0
2022-03-16 00:00:00-04:00,670.010009765625,678.6799926757812,663.8699951171875,677.97998046875,671.641845703125,806200,0.0,0.0
2022-03-17 00:00:00-04:00,675.7899780273438,689.989990234375,675.02001953125,685.22998046875,678.8240356445312,808200,0.0,0.0
2022-03-18 00:00:00-04:00,686.4299926757812,688.8400268554688,677.030029296875,685.9400024414062,679.5275268554688,1170500,0.0,0.0
2022-03-21 00:00:00-04:00,687.739990234375,697.010009765625,685.6199951171875,693.2000122070312,686.7196044921875,731100,0.0,0.0
2022-03-22 00:00:00-04:00,695.0499877929688,695.0499877929688,683.6799926757812,692.6400146484375,686.1649169921875,576900,0.0,0.0
2022-03-23 00:00:00-04:00,693.0399780273438,693.0399780273438,667.8800048828125,669.219970703125,662.9636840820312,608500,0.0,0.0
2022-03-24 00:00:00-04:00,667.3099975585938,680.0800170898438,666.3499755859375,679.760009765625,673.4052124023438,402500,0.0,0.0
2022-03-25 00:00:00-04:00,679.9000244140625,685.010009765625,676.1400146484375,680.030029296875,673.6727905273438,366800,0.0,0.0
2022-03-28 00:00:00-04:00,676.2899780273438,694.22998046875,676.2899780273438,693.4000244140625,686.9177856445312,625600,0.0,0.0
2022-03-29 00:00:00-04:00,692.5599975585938,699.0,680.1199951171875,698.4299926757812,691.9007568359375,725000,0.0,0.0
2022-03-30 00:00:00-04:00,700.0499877929688,703.030029296875,690.75,692.3800048828125,685.9072875976562,848500,0.0,0.0
2022-03-31 00:00:00-04:00,695.77001953125,710.2100219726562,691.77001953125,698.4199829101562,691.8907470703125,1061500,0.0,0.0
2022-04-01 00:00:00-04:00,701.8200073242188,701.9500122070312,685.280029296875,694.8300170898438,688.3343505859375,603500,0.0,0.0
2022-04-04 00:00:00-04:00,700.0,704.1699829101562,692.5,698.4099731445312,691.8809204101562,498600,0.0,0.0
2022-04-05 00:00:00-04:00,697.02001953125,710.4099731445312,689.1199951171875,691.469970703125,685.0057373046875,671800,0.0,0.0
2022-04-06 00:00:00-04:00,692.0,710.2999877929688,690.010009765625,708.3599853515625,701.7378540039062,683500,0.0,0.0
2022-04-07 00:00:00-04:00,706.239990234375,725.969970703125,706.2100219726562,721.7999877929688,715.05224609375,828000,0.0,0.0
2022-04-08 00:00:00-04:00,725.0,747.4199829101562,725.0,738.8400268554688,731.9329223632812,1030100,0.0,0.0
2022-04-11 00:00:00-04:00,736.6400146484375,741.8499755859375,722.02001953125,722.3699951171875,715.6168823242188,709000,0.0,0.0
2022-04-12 00:00:00-04:00,720.6599731445312,726.3300170898438,711.6900024414062,715.7899780273438,709.098388671875,488800,0.0,0.0
2022-04-13 00:00:00-04:00,716.3599853515625,732.97998046875,716.3599853515625,731.8900146484375,725.0479125976562,526200,0.0,0.0
2022-04-14 00:00:00-04:00,732.25,738.989990234375,730.9400024414062,733.02001953125,726.1674194335938,795700,0.0,0.0
2022-04-18 00:00:00-04:00,726.8099975585938,732.0,719.27001953125,723.2000122070312,716.439208984375,313300,0.0,0.0
2022-04-19 00:00:00-04:00,724.2000122070312,725.8099975585938,710.5999755859375,716.219970703125,709.5244140625,468000,0.0,0.0
2022-04-20 00:00:00-04:00,720.0700073242188,721.719970703125,713.010009765625,719.6199951171875,712.892578125,413700,0.0,0.0
2022-04-21 00:00:00-04:00,719.0,725.3200073242188,705.0999755859375,706.1099853515625,699.5088500976562,535200,0.0,0.0
2022-04-22 00:00:00-04:00,701.530029296875,709.0599975585938,686.260009765625,688.0800170898438,681.6474609375,609400,0.0,0.0
2022-04-25 00:00:00-04:00,684.7000122070312,690.5599975585938,673.0999755859375,690.3300170898438,683.8764038085938,514300,0.0,0.0
2022-04-26 00:00:00-04:00,683.010009765625,692.510009765625,673.8900146484375,674.8200073242188,668.511474609375,538500,0.0,0.0
2022-04-27 00:00:00-04:00,680.1099853515625,683.9500122070312,672.0999755859375,673.510009765625,667.2136840820312,406600,0.0,0.0
2022-04-28 00:00:00-04:00,673.510009765625,677.5,660.8200073242188,675.5800170898438,669.2643432617188,555600,0.0,0.0
2022-04-29 00:00:00-04:00,673.9500122070312,676.6400146484375,655.9000244140625,659.1099853515625,652.9483032226562,678300,0.0,0.0
2022-05-02 00:00:00-04:00,656.969970703125,658.25,641.1699829101562,652.02001953125,645.9246826171875,737400,0.0,0.0
2022-05-03 00:00:00-04:00,658.0999755859375,665.2999877929688,650.22998046875,660.489990234375,654.3154907226562,538700,0.0,0.0
2022-05-04 00:00:00-04:00,661.2999877929688,666.25,636.7999877929688,660.8599853515625,654.6820068359375,998100,0.0,0.0
2022-05-05 00:00:00-04:00,659.989990234375,660.8699951171875,630.030029296875,639.3699951171875,633.3928833007812,754700,0.0,0.0
2022-05-06 00:00:00-04:00,639.0399780273438,639.0399780273438,622.0599975585938,623.0499877929688,617.2254028320312,773800,0.0,0.0
2022-05-09 00:00:00-04:00,612.6699829101562,616.489990234375,597.760009765625,599.77001953125,594.1630249023438,819400,0.0,0.0
2022-05-10 00:00:00-04:00,609.27001953125,627.8900146484375,608.2899780273438,615.0900268554688,609.33984375,769500,0.0,0.0
2022-05-11 00:00:00-04:00,610.3699951171875,624.8300170898438,604.7100219726562,613.0499877929688,607.31884765625,704000,0.0,0.0
2022-05-12 00:00:00-04:00,606.7899780273438,634.1900024414062,606.77001953125,633.9600219726562,628.0335083007812,793100,0.0,0.0
2022-05-13 00:00:00-04:00,635.3800048828125,648.47998046875,629.0800170898438,645.52001953125,639.4853515625,604500,0.0,0.0
2022-05-16 00:00:00-04:00,640.1799926757812,656.4500122070312,640.1799926757812,655.010009765625,648.8866577148438,486900,0.0,0.0
2022-05-17 00:00:00-04:00,661.8699951171875,670.9600219726562,651.8099975585938,667.5599975585938,661.3192749023438,571800,0.0,0.0
2022-05-18 00:00:00-04:00,664.0999755859375,672.5399780273438,655.25,659.2000122070312,653.0375366210938,560100,0.0,0.0
2022-05-19 00:00:00-04:00,660.3499755859375,660.6199951171875,650.8200073242188,657.1500244140625,651.0066528320312,607700,0.0,0.0
2022-05-20 00:00:00-04:00,661.2899780273438,664.9000244140625,647.5399780273438,661.1400146484375,654.9593505859375,544300,0.0,0.0
2022-05-23 00:00:00-04:00,671.6099853515625,686.3200073242188,668.5,681.9099731445312,675.5350952148438,593200,0.0,0.0
2022-05-24 00:00:00-04:00,681.969970703125,686.3300170898438,667.75,686.02001953125,679.6067504882812,465100,0.0,0.0
2022-05-25 00:00:00-04:00,689.0,699.6300048828125,684.7000122070312,690.8800048828125,684.4213256835938,562100,0.0,0.0
2022-05-26 00:00:00-04:00,690.1199951171875,697.010009765625,682.9000244140625,683.4400024414062,677.0509033203125,523500,0.0,0.0
2022-05-27 00:00:00-04:00,685.719970703125,693.8099975585938,680.0,692.7999877929688,686.3233642578125,558700,0.0,0.0
2022-05-31 00:00:00-04:00,692.7999877929688,692.7999877929688,656.7100219726562,664.739990234375,658.5256958007812,1691600,0.0,0.0
2022-06-01 00:00:00-04:00,669.510009765625,672.3499755859375,651.8499755859375,658.9199829101562,652.760009765625,610000,0.0,0.0
2022-06-02 00:00:00-04:00,655.02001953125,655.02001953125,617.2100219726562,630.7000122070312,624.8038940429688,1276100,0.0,0.0
2022-06-03 00:00:00-04:00,628.6799926757812,635.3900146484375,625.510009765625,630.3499755859375,624.45703125,666500,0.0,0.0
2022-06-06 00:00:00-04:00,625.47998046875,627.9199829101562,599.6799926757812,609.030029296875,603.3364868164062,941200,0.0,0.0
2022-06-07 00:00:00-04:00,605.4500122070312,616.6799926757812,603.22998046875,613.97998046875,608.240234375,515900,0.0,0.0
2022-06-08 00:00:00-04:00,617.989990234375,622.8400268554688,605.3300170898438,607.760009765625,602.0783081054688,566900,0.0,0.0
2022-06-09 00:00:00-04:00,605.1099853515625,605.9000244140625,575.3900146484375,575.47998046875,570.1000366210938,939700,0.0,0.0
2022-06-10 00:00:00-04:00,570.9600219726562,577.8099975585938,566.77001953125,571.8099975585938,566.46435546875,837800,0.0,0.0
2022-06-13 00:00:00-04:00,554.6599731445312,568.1500244140625,547.5499877929688,549.2999877929688,544.1648559570312,1055000,0.0,0.0
2022-06-14 00:00:00-04:00,555.1199951171875,557.6199951171875,538.010009765625,548.3499755859375,543.2237548828125,755000,0.0,0.0
2022-06-15 00:00:00-04:00,554.030029296875,570.4600219726562,552.3599853515625,561.1900024414062,555.9437255859375,766600,0.0,0.0
2022-06-16 00:00:00-04:00,549.6900024414062,559.3099975585938,546.9299926757812,556.75,551.5452270507812,796800,0.0,0.0
2022-06-17 00:00:00-04:00,565.6099853515625,585.52001953125,561.7100219726562,580.9500122070312,575.5189819335938,1967600,0.0,0.0
2022-06-21 00:00:00-04:00,583.4400024414062,600.0499877929688,583.4400024414062,587.6699829101562,582.1760864257812,716100,0.0,0.0
2022-06-22 00:00:00-04:00,580.719970703125,595.5599975585938,580.719970703125,586.8400268554688,581.35400390625,539600,0.0,0.0
2022-06-23 00:00:00-04:00,589.97998046875,609.0900268554688,589.97998046875,607.3900146484375,601.7117919921875,681900,0.0,0.0
2022-06-24 00:00:00-04:00,612.0599975585938,613.1500244140625,602.52001953125,612.489990234375,606.76416015625,818300,0.0,0.0
2022-06-27 00:00:00-04:00,608.760009765625,610.9500122070312,601.22998046875,602.4000244140625,596.7684326171875,580900,0.0,0.0
2022-06-28 00:00:00-04:00,600.6699829101562,604.3300170898438,593.6300048828125,594.4199829101562,588.8630981445312,534100,0.0,0.0
2022-06-29 00:00:00-04:00,597.5599975585938,607.4099731445312,590.010009765625,597.6199951171875,592.033203125,533000,0.0,0.0
2022-06-30 00:00:00-04:00,594.9299926757812,598.6699829101562,583.0499877929688,591.1300048828125,585.6038208007812,685400,0.0,0.0
2022-07-01 00:00:00-04:00,587.760009765625,597.0,586.1699829101562,595.4000244140625,589.8338623046875,387800,0.0,0.0
2022-07-05 00:00:00-04:00,593.9199829101562,597.0,583.0900268554688,596.5599975585938,590.983154296875,586000,0.0,0.0
2022-07-06 00:00:00-04:00,594.7899780273438,601.8800048828125,588.9199829101562,594.9000244140625,589.338623046875,528900,0.0,0.0
2022-07-07 00:00:00-04:00,598.010009765625,609.6500244140625,596.0,607.4500122070312,601.771240234375,528000,0.0,0.0
2022-07-08 00:00:00-04:00,605.5800170898438,624.47998046875,604.1199951171875,621.5700073242188,615.7592163085938,586700,0.0,0.0
2022-07-11 00:00:00-04:00,615.5499877929688,620.6400146484375,613.7000122070312,614.4600219726562,608.7156982421875,436100,0.0,0.0
2022-07-12 00:00:00-04:00,619.0900268554688,620.0,605.030029296875,610.0900268554688,604.3865966796875,415300,0.0,0.0
2022-07-13 00:00:00-04:00,597.8499755859375,613.8200073242188,597.8499755859375,602.02001953125,596.39208984375,433300,0.0,0.0
2022-07-14 00:00:00-04:00,595.989990234375,605.739990234375,583.1099853515625,598.8599853515625,593.2616577148438,539500,0.0,0.0
2022-07-15 00:00:00-04:00,601.2899780273438,607.72998046875,596.239990234375,607.5399780273438,601.8603515625,516300,0.0,0.0
2022-07-18 00:00:00-04:00,605.0,608.4099731445312,582.72998046875,586.7000122070312,581.2152099609375,562000,0.0,0.0
2022-07-19 00:00:00-04:00,594.5800170898438,597.5700073242188,588.0,595.72998046875,590.1608276367188,551900,0.0,0.0
2022-07-20 00:00:00-04:00,598.010009765625,599.25,589.7899780273438,594.5900268554688,589.0314331054688,417400,0.0,0.0
2022-07-21 00:00:00-04:00,590.8900146484375,599.969970703125,585.3599853515625,592.4400024414062,586.9015502929688,638600,0.0,0.0
2022-07-22 00:00:00-04:00,593.5999755859375,602.7000122070312,580.7899780273438,586.1099853515625,580.6307373046875,430000,0.0,0.0
2022-07-25 00:00:00-04:00,580.0,588.2000122070312,575.4000244140625,587.280029296875,581.7899169921875,452600,0.0,0.0
2022-07-26 00:00:00-04:00,587.5700073242188,594.6799926757812,580.0,582.5599975585938,577.1138916015625,456100,0.0,0.0
2022-07-27 00:00:00-04:00,579.5900268554688,591.4400024414062,568.010009765625,587.9099731445312,582.4139404296875,597400,0.0,0.0
2022-07-28 00:00:00-04:00,588.8900146484375,592.030029296875,563.8200073242188,582.3699951171875,576.9257202148438,581700,0.0,0.0
2022-07-29 00:00:00-04:00,584.9500122070312,585.1500244140625,574.4600219726562,581.6900024414062,576.2521362304688,682900,0.0,0.0
2022-08-01 00:00:00-04:00,581.530029296875,586.9000244140625,573.530029296875,576.6799926757812,571.2888793945312,513000,0.0,0.0
2022-08-02 00:00:00-04:00,578.5,585.9600219726562,569.6500244140625,574.9600219726562,569.5849609375,634700,0.0,0.0
2022-08-03 00:00:00-04:00,600.0,623.47998046875,595.1599731445312,608.77001953125,603.0789184570312,1151800,0.0,0.0
2022-08-04 00:00:00-04:00,602.6500244140625,623.3499755859375,602.6500244140625,614.9600219726562,609.2111206054688,699300,0.0,0.0
2022-08-05 00:00:00-04:00,613.469970703125,621.6300048828125,606.9600219726562,613.6099853515625,607.8736572265625,566800,0.0,0.0
2022-08-08 00:00:00-04:00,619.780029296875,633.9299926757812,618.8699951171875,630.6300048828125,624.7346801757812,715600,0.0,0.0
2022-08-09 00:00:00-04:00,630.0,634.8499755859375,617.0999755859375,622.1500244140625,616.3338623046875,469500,0.0,0.0
2022-08-10 00:00:00-04:00,630.0,645.9500122070312,624.780029296875,641.489990234375,635.4929809570312,682900,0.0,0.0
2022-08-11 00:00:00-04:00,638.6300048828125,643.97998046875,622.3699951171875,623.9000244140625,618.0675048828125,468800,0.0,0.0
2022-08-12 00:00:00-04:00,628.8699951171875,632.5700073242188,622.2999877929688,628.7100219726562,622.83251953125,351300,0.0,0.0
2022-08-15 00:00:00-04:00,628.7000122070312,643.7100219726562,624.7999877929688,643.2899780273438,637.276123046875,541700,0.0,0.0
2022-08-16 00:00:00-04:00,641.52001953125,649.7899780273438,638.4600219726562,648.7000122070312,642.6356811523438,607600,0.0,0.0
2022-08-17 00:00:00-04:00,640.8400268554688,652.52001953125,635.739990234375,636.3400268554688,630.39111328125,414900,0.0,0.0
2022-08-18 00:00:00-04:00,636.1099853515625,636.1099853515625,622.72998046875,624.8300170898438,618.9887084960938,448000,0.0,0.0
2022-08-19 00:00:00-04:00,620.9400024414062,624.4600219726562,616.1599731445312,618.3599853515625,612.5792846679688,477700,0.0,0.0
2022-08-22 00:00:00-04:00,616.3499755859375,620.4500122070312,608.3099975585938,612.0999755859375,606.3777465820312,534100,0.0,0.0
2022-08-23 00:00:00-04:00,610.530029296875,612.1699829101562,600.5399780273438,602.530029296875,596.897216796875,406600,0.0,0.0
2022-08-24 00:00:00-04:00,600.1799926757812,605.72998046875,597.0,602.7899780273438,597.15478515625,386500,0.0,0.0
2022-08-25 00:00:00-04:00,605.9199829101562,607.9199829101562,599.510009765625,603.7999877929688,598.1553955078125,311300,0.0,0.0
2022-08-26 00:00:00-04:00,603.7999877929688,609.8499755859375,595.489990234375,596.1799926757812,590.6065673828125,516200,0.0,0.0
2022-08-29 00:00:00-04:00,592.3599853515625,599.72998046875,587.4000244140625,592.77001953125,587.228515625,373100,0.0,0.0
2022-08-30 00:00:00-04:00,595.0,596.4099731445312,585.6500244140625,588.3900146484375,582.8894653320312,393900,0.0,0.0
2022-08-31 00:00:00-04:00,591.8400268554688,598.239990234375,579.75,581.0599975585938,575.6279907226562,785500,0.0,0.0
2022-09-01 00:00:00-04:00,577.6199951171875,602.469970703125,577.4199829101562,600.6300048828125,595.0149536132812,479500,0.0,0.0
2022-09-02 00:00:00-04:00,601.1099853515625,602.6599731445312,577.8300170898438,580.6199951171875,575.1920776367188,464600,0.0,0.0
2022-09-06 00:00:00-04:00,584.5700073242188,588.3900146484375,572.219970703125,573.969970703125,568.604248046875,662900,0.0,0.0
2022-09-07 00:00:00-04:00,575.4600219726562,599.5,575.4600219726562,596.4400024414062,590.8641357421875,741300,0.0,0.0
2022-09-08 00:00:00-04:00,686.989990234375,718.9600219726562,652.6400146484375,708.8499755859375,702.2232666015625,3731500,0.0,0.0
2022-09-09 00:00:00-04:00,711.72998046875,754.6699829101562,707.25,724.3200073242188,717.5486450195312,2144400,0.0,0.0
2022-09-12 00:00:00-04:00,720.3499755859375,723.4400024414062,707.4500122070312,710.739990234375,704.095703125,1063000,0.0,0.0
2022-09-13 00:00:00-04:00,700.0,714.3900146484375,695.1099853515625,701.3900146484375,694.8330688476562,1039900,0.0,0.0
2022-09-14 00:00:00-04:00,701.97998046875,704.9600219726562,686.8400268554688,697.6199951171875,691.0983276367188,901200,0.0,0.0
2022-09-15 00:00:00-04:00,694.72998046875,717.4600219726562,690.0399780273438,705.8499755859375,699.2513427734375,826200,0.0,0.0
2022-09-16 00:00:00-04:00,710.22998046875,718.1699829101562,701.4600219726562,710.2999877929688,703.6597290039062,1186800,0.0,0.0
2022-09-19 00:00:00-04:00,703.9299926757812,718.0499877929688,683.9299926757812,715.3400268554688,708.6527099609375,826000,0.0,0.0
2022-09-20 00:00:00-04:00,711.27001953125,716.010009765625,694.5,704.219970703125,697.6365966796875,769500,0.0,0.0
2022-09-21 00:00:00-04:00,700.9099731445312,709.5900268554688,684.3400268554688,684.6300048828125,678.2296752929688,665100,0.0,0.0
2022-09-22 00:00:00-04:00,681.3599853515625,698.5,678.02001953125,688.260009765625,681.8258056640625,771000,0.0,0.0
2022-09-23 00:00:00-04:00,685.7999877929688,699.3699951171875,681.0,697.3300170898438,690.81103515625,815900,0.0,0.0
2022-09-26 00:00:00-04:00,696.219970703125,697.1099853515625,683.0599975585938,686.0999755859375,679.6859741210938,698000,0.0,0.0
2022-09-27 00:00:00-04:00,686.3599853515625,700.47998046875,686.3599853515625,695.010009765625,688.5127563476562,663000,0.0,0.0
2022-09-28 00:00:00-04:00,700.8900146484375,715.3300170898438,699.1599731445312,705.4199829101562,698.8253173828125,737700,0.0,0.0
2022-09-29 00:00:00-04:00,704.8300170898438,706.5900268554688,686.9099731445312,691.8200073242188,685.3525390625,770600,0.0,0.0
2022-09-30 00:00:00-04:00,694.4000244140625,702.3800048828125,685.969970703125,688.8699951171875,682.4299926757812,800800,0.0,0.0
2022-10-03 00:00:00-04:00,705.3900146484375,736.47998046875,694.6400146484375,735.1300048828125,728.257568359375,1449000,0.0,0.0
2022-10-04 00:00:00-04:00,738.1699829101562,743.0599975585938,728.6599731445312,739.5399780273438,732.6262817382812,874900,0.0,0.0
2022-10-05 00:00:00-04:00,738.2000122070312,749.0,728.1300048828125,745.6799926757812,738.7089233398438,569600,0.0,0.0
2022-10-06 00:00:00-04:00,743.8800048828125,746.3800048828125,728.3099975585938,731.8599853515625,725.0181884765625,696700,0.0,0.0
2022-10-07 00:00:00-04:00,731.6599731445312,732.6900024414062,720.1400146484375,722.3699951171875,715.6168823242188,670800,0.0,0.0
2022-10-10 00:00:00-04:00,720.1400146484375,733.8900146484375,715.0800170898438,730.9199829101562,724.0870971679688,481900,0.0,0.0
2022-10-11 00:00:00-04:00,728.510009765625,747.780029296875,723.1400146484375,737.4099731445312,730.5162963867188,644500,0.0,0.0
2022-10-12 00:00:00-04:00,738.510009765625,747.77001953125,727.2000122070312,728.0599975585938,721.2537231445312,507700,0.0,0.0
2022-10-13 00:00:00-04:00,712.3699951171875,754.0,709.0700073242188,752.5599975585938,745.5247192382812,953600,0.0,0.0
2022-10-14 00:00:00-04:00,752.5599975585938,761.0499877929688,726.530029296875,736.0599975585938,729.178955078125,879300,0.0,0.0
2022-10-17 00:00:00-04:00,734.0,739.9500122070312,728.4199829101562,735.9600219726562,729.0798950195312,627100,0.0,0.0
2022-10-18 00:00:00-04:00,740.6599731445312,742.0,718.02001953125,722.7100219726562,715.9537353515625,699600,0.0,0.0
2022-10-19 00:00:00-04:00,719.280029296875,722.760009765625,703.9500122070312,709.3699951171875,702.738525390625,599400,0.0,0.0
2022-10-20 00:00:00-04:00,709.4600219726562,713.1599731445312,702.4400024414062,705.8900146484375,699.2909545898438,480900,0.0,0.0
2022-10-21 00:00:00-04:00,705.8900146484375,718.1799926757812,697.47998046875,713.9099731445312,707.2359619140625,1224100,0.0,0.0
2022-10-24 00:00:00-04:00,717.9500122070312,744.25,717.9500122070312,737.1500244140625,730.2587890625,623900,0.0,0.0
2022-10-25 00:00:00-04:00,736.5499877929688,751.0,731.4500122070312,747.3300170898438,740.3436279296875,833800,0.0,0.0
2022-10-26 00:00:00-04:00,739.3699951171875,755.3800048828125,728.3200073242188,733.97998046875,727.1183471679688,720800,0.0,0.0
2022-10-27 00:00:00-04:00,742.6599731445312,742.6599731445312,722.6199951171875,724.8800048828125,718.1033935546875,498500,0.0,0.0
2022-10-28 00:00:00-04:00,733.6099853515625,752.6099853515625,724.3400268554688,750.760009765625,743.7415771484375,690200,0.0,0.0
2022-10-31 00:00:00-04:00,745.2000122070312,760.8099975585938,741.6799926757812,748.75,741.7503051757812,759500,0.0,0.0
2022-11-01 00:00:00-04:00,750.0,764.5900268554688,748.7899780273438,759.9099731445312,752.8059692382812,573000,0.0,0.0
2022-11-02 00:00:00-04:00,755.9400024414062,757.530029296875,740.0,740.47998046875,733.5576171875,735100,0.0,0.0
2022-11-03 00:00:00-04:00,726.0700073242188,742.5700073242188,702.0700073242188,738.6799926757812,731.7744140625,725100,0.0,0.0
2022-11-04 00:00:00-04:00,725.1799926757812,741.0599975585938,710.6199951171875,740.2100219726562,733.2901611328125,748600,0.0,0.0
2022-11-07 00:00:00-05:00,735.989990234375,755.989990234375,735.7899780273438,750.9299926757812,743.9099731445312,598900,0.0,0.0
2022-11-08 00:00:00-05:00,748.4000244140625,769.489990234375,745.2999877929688,751.9500122070312,744.9202880859375,701800,0.0,0.0
2022-11-09 00:00:00-05:00,751.0,769.6300048828125,731.1199951171875,742.9500122070312,736.004638671875,1256400,0.0,0.0
2022-11-10 00:00:00-05:00,758.72998046875,760.0,734.6599731445312,741.0800170898438,734.1520385742188,844800,0.0,0.0
2022-11-11 00:00:00-05:00,736.0,737.4299926757812,706.75,734.4500122070312,727.583984375,951900,0.0,0.0
2022-11-14 00:00:00-05:00,737.8800048828125,755.0,737.0,742.010009765625,735.0733642578125,727800,0.0,0.0
2022-11-15 00:00:00-05:00,749.9199829101562,749.9199829101562,717.6699829101562,728.72998046875,721.9174194335938,650500,0.0,0.0
2022-11-16 00:00:00-05:00,735.0700073242188,742.4299926757812,729.6300048828125,735.6699829101562,728.7926025390625,523500,0.0,0.0
2022-11-17 00:00:00-05:00,733.739990234375,742.219970703125,726.0399780273438,739.0800170898438,732.1707153320312,538200,0.0,0.0
2022-11-18 00:00:00-05:00,737.3200073242188,745.4000244140625,728.1400146484375,736.72998046875,729.8427124023438,496600,0.0,0.0
2022-11-21 00:00:00-05:00,734.9600219726562,740.5900268554688,724.239990234375,738.97998046875,732.0716552734375,447100,0.0,0.0
2022-11-22 00:00:00-05:00,743.8499755859375,749.719970703125,733.9000244140625,749.22998046875,742.225830078125,406300,0.0,0.0
2022-11-23 00:00:00-05:00,749.7999877929688,751.7000122070312,734.1599731445312,735.3599853515625,728.4854736328125,406200,0.0,0.0
2022-11-25 00:00:00-05:00,732.6900024414062,737.239990234375,728.6099853515625,736.22998046875,729.3473510742188,229200,0.0,0.0
2022-11-28 00:00:00-05:00,740.0,750.989990234375,736.1099853515625,741.47998046875,734.5482177734375,570700,0.0,0.0
2022-11-29 00:00:00-05:00,739.9000244140625,740.0,727.0,736.0800170898438,729.1987915039062,515100,0.0,0.0
2022-11-30 00:00:00-05:00,737.8900146484375,756.0,729.4199829101562,751.7000122070312,744.6727294921875,1824600,0.0,0.0
2022-12-01 00:00:00-05:00,756.1900024414062,768.2999877929688,752.4099731445312,761.239990234375,754.1235961914062,670000,0.0,0.0
2022-12-02 00:00:00-05:00,752.52001953125,769.0,752.0,766.3900146484375,759.2255249023438,441400,0.0,0.0
2022-12-05 00:00:00-05:00,762.0,765.489990234375,749.5800170898438,755.4500122070312,748.3876953125,531100,0.0,0.0
2022-12-06 00:00:00-05:00,751.280029296875,755.8699951171875,744.8099975585938,747.469970703125,740.4822387695312,502000,0.0,0.0
2022-12-07 00:00:00-05:00,745.469970703125,767.739990234375,745.469970703125,764.27001953125,757.1251831054688,565800,0.0,0.0
2022-12-08 00:00:00-05:00,758.0800170898438,779.0,758.0800170898438,765.4199829101562,758.2644653320312,588900,0.0,0.0
2022-12-09 00:00:00-05:00,753.1799926757812,759.989990234375,746.5700073242188,750.0599975585938,743.0480346679688,508500,0.0,0.0
2022-12-12 00:00:00-05:00,730.1699829101562,744.9400024414062,728.0,742.47998046875,735.5388793945312,843100,0.0,0.0
2022-12-13 00:00:00-05:00,749.0999755859375,753.9400024414062,739.02001953125,747.5599975585938,740.5714721679688,671200,0.0,0.0
2022-12-14 00:00:00-05:00,741.280029296875,757.0,741.280029296875,750.0,742.988525390625,563200,0.0,0.0
2022-12-15 00:00:00-05:00,748.1699829101562,748.1699829101562,728.0800170898438,731.27001953125,724.4337768554688,622400,0.0,0.0
2022-12-16 00:00:00-05:00,721.7999877929688,732.47998046875,720.5800170898438,723.1699829101562,716.409423828125,1803000,0.0,0.0
2022-12-19 00:00:00-05:00,720.989990234375,726.1500244140625,713.0,721.0999755859375,714.3587646484375,502000,0.0,0.0
2022-12-20 00:00:00-05:00,725.239990234375,738.2899780273438,722.9600219726562,733.530029296875,726.6726684570312,551400,0.0,0.0
2022-12-21 00:00:00-05:00,734.97998046875,754.8599853515625,733.2000122070312,736.1900024414062,729.3078002929688,532500,0.0,0.0
2022-12-22 00:00:00-05:00,736.0800170898438,736.5,726.0499877929688,733.6199951171875,726.76171875,506300,0.0,0.0
2022-12-23 00:00:00-05:00,733.9600219726562,735.5999755859375,718.3599853515625,726.739990234375,719.9459838867188,358600,0.0,0.0
2022-12-27 00:00:00-05:00,726.4400024414062,727.4600219726562,708.260009765625,711.3499755859375,704.6998901367188,548600,0.0,0.0
2022-12-28 00:00:00-05:00,710.510009765625,717.9400024414062,707.8699951171875,713.030029296875,706.3643188476562,359500,0.0,0.0
2022-12-29 00:00:00-05:00,717.0,728.0900268554688,710.280029296875,721.2899780273438,714.5469970703125,432100,0.0,0.0
2022-12-30 00:00:00-05:00,721.1599731445312,722.1599731445312,710.25,721.489990234375,714.7451171875,364100,0.0,0.0
2023-01-03 00:00:00-05:00,721.8599853515625,732.4299926757812,719.3499755859375,720.469970703125,713.734619140625,508500,0.0,0.0
2023-01-04 00:00:00-05:00,728.1900024414062,731.8099975585938,719.1699829101562,726.489990234375,719.6983642578125,517200,0.0,0.0
2023-01-05 00:00:00-05:00,724.6900024414062,730.5599975585938,718.75,723.760009765625,716.9938354492188,499800,0.0,0.0
2023-01-06 00:00:00-05:00,730.739990234375,747.7000122070312,721.7899780273438,737.1500244140625,730.2587890625,602400,0.0,0.0
2023-01-09 00:00:00-05:00,693.1300048828125,708.2100219726562,668.0,680.489990234375,674.12841796875,1664400,0.0,0.0
2023-01-10 00:00:00-05:00,676.3699951171875,707.2100219726562,675.0,698.9500122070312,692.4158935546875,793200,0.0,0.0
2023-01-11 00:00:00-05:00,698.9000244140625,711.4299926757812,694.530029296875,709.9400024414062,703.3031616210938,592600,0.0,0.0
2023-01-12 00:00:00-05:00,707.0,715.7899780273438,697.1300048828125,714.5700073242188,707.8897705078125,538800,0.0,0.0
2023-01-13 00:00:00-05:00,714.6699829101562,724.989990234375,709.5800170898438,722.1300048828125,715.379150390625,489500,0.0,0.0
2023-01-17 00:00:00-05:00,722.1300048828125,731.3499755859375,714.1099853515625,728.1099853515625,721.30322265625,641000,0.0,0.0
2023-01-18 00:00:00-05:00,725.1699829101562,729.3300170898438,722.219970703125,724.5499877929688,717.7765502929688,487500,0.0,0.0
2023-01-19 00:00:00-05:00,729.3900146484375,730.0,715.4099731445312,715.5700073242188,708.8804321289062,583800,0.0,0.0
2023-01-20 00:00:00-05:00,723.1599731445312,725.8699951171875,713.469970703125,722.0,715.2504272460938,939800,0.0,0.0
2023-01-23 00:00:00-05:00,721.530029296875,732.8900146484375,718.3400268554688,729.9099731445312,723.0863647460938,569900,0.0,0.0
2023-01-24 00:00:00-05:00,731.010009765625,732.3099975585938,722.469970703125,727.469970703125,720.6691284179688,326400,0.0,0.0
2023-01-25 00:00:00-05:00,729.489990234375,743.9299926757812,726.2100219726562,741.1799926757812,734.2510986328125,584300,0.0,0.0
2023-01-26 00:00:00-05:00,741.1799926757812,745.5999755859375,735.0,742.2999877929688,735.3605346679688,346400,0.0,0.0
2023-01-27 00:00:00-05:00,745.6099853515625,748.280029296875,740.27001953125,742.8300170898438,735.8856201171875,417600,0.0,0.0
2023-01-30 00:00:00-05:00,749.0,749.0,732.5,736.4600219726562,729.5751342773438,499500,0.0,0.0
2023-01-31 00:00:00-05:00,739.27001953125,759.0,739.27001953125,758.469970703125,751.37939453125,816400,0.0,0.0
2023-02-01 00:00:00-05:00,752.1900024414062,762.0999755859375,751.27001953125,758.0,750.913818359375,802100,0.0,0.0
2023-02-02 00:00:00-05:00,749.2000122070312,758.719970703125,741.4500122070312,751.2000122070312,744.1773681640625,935200,0.0,0.0
2023-02-03 00:00:00-05:00,764.489990234375,789.9500122070312,758.6300048828125,783.1300048828125,775.8088989257812,1448500,0.0,0.0
2023-02-06 00:00:00-05:00,784.780029296875,800.47998046875,778.52001953125,780.8599853515625,773.56005859375,1064700,0.0,0.0
2023-02-07 00:00:00-05:00,765.6799926757812,778.0499877929688,763.1500244140625,769.9400024414062,762.7421875,885900,0.0,0.0
2023-02-08 00:00:00-05:00,766.3400268554688,768.260009765625,748.1199951171875,749.6599731445312,742.65185546875,617500,0.0,0.0
2023-02-09 00:00:00-05:00,751.2899780273438,757.52001953125,743.7100219726562,744.77001953125,737.8074340820312,524500,0.0,0.0
2023-02-10 00:00:00-05:00,746.1199951171875,762.72998046875,740.8400268554688,757.6099853515625,750.5274047851562,606800,0.0,0.0
2023-02-13 00:00:00-05:00,755.8699951171875,767.739990234375,754.1799926757812,763.969970703125,756.8279418945312,494800,0.0,0.0
2023-02-14 00:00:00-05:00,764.52001953125,767.52001953125,749.219970703125,754.2100219726562,747.1593017578125,486000,0.0,0.0
2023-02-15 00:00:00-05:00,753.780029296875,756.0800170898438,747.7000122070312,752.4000244140625,745.3662109375,341100,0.0,0.0
2023-02-16 00:00:00-05:00,737.0,747.5599975585938,735.47998046875,736.3300170898438,729.4463500976562,555300,0.0,0.0
2023-02-17 00:00:00-05:00,738.1599731445312,755.0900268554688,733.3300170898438,748.739990234375,741.7404174804688,492700,0.0,0.0
2023-02-21 00:00:00-05:00,748.0900268554688,752.469970703125,744.1500244140625,746.52001953125,739.5411987304688,411700,0.0,0.0
2023-02-22 00:00:00-05:00,748.6799926757812,755.3900146484375,744.9299926757812,748.0800170898438,741.0866088867188,415500,0.0,0.0
2023-02-23 00:00:00-05:00,744.8099975585938,765.0,744.280029296875,759.6599731445312,752.5582885742188,553300,0.0,0.0
2023-02-24 00:00:00-05:00,753.8099975585938,765.2899780273438,752.0,756.989990234375,749.913330078125,525900,0.0,0.0
2023-02-27 00:00:00-05:00,761.1699829101562,771.6500244140625,756.969970703125,757.7899780273438,750.705810546875,557100,0.0,0.0
2023-02-28 00:00:00-05:00,756.4500122070312,765.4400024414062,753.6300048828125,760.4199829101562,753.3111572265625,622700,0.0,0.0
2023-03-01 00:00:00-05:00,759.8900146484375,772.9400024414062,757.3800048828125,770.4400024414062,763.237548828125,586000,0.0,0.0
2023-03-02 00:00:00-05:00,768.219970703125,772.6599731445312,762.8499755859375,768.9000244140625,761.7119750976562,425200,0.0,0.0
2023-03-03 00:00:00-05:00,771.4199829101562,779.8400268554688,766.3499755859375,779.2999877929688,772.0147094726562,604800,0.0,0.0
2023-03-06 00:00:00-05:00,777.989990234375,785.280029296875,774.8499755859375,780.3800048828125,773.0846557617188,469500,0.0,0.0
2023-03-07 00:00:00-05:00,782.0,783.5900268554688,772.510009765625,773.8499755859375,766.6156005859375,757900,0.0,0.0
2023-03-08 00:00:00-05:00,774.1300048828125,774.1300048828125,744.0,745.2000122070312,738.2334594726562,670300,0.0,0.0
2023-03-09 00:00:00-05:00,745.739990234375,755.239990234375,738.77001953125,743.75,736.7970581054688,600000,0.0,0.0
2023-03-10 00:00:00-05:00,746.7899780273438,759.25,744.0599975585938,747.0,740.0167846679688,505300,0.0,0.0
2023-03-13 00:00:00-04:00,749.1699829101562,769.2000122070312,748.280029296875,752.3300170898438,745.296875,505200,0.0,0.0
2023-03-14 00:00:00-04:00,755.3900146484375,769.97998046875,754.2000122070312,766.7999877929688,759.6315307617188,535500,0.0,0.0
2023-03-15 00:00:00-04:00,760.8099975585938,766.1599731445312,755.0,760.2999877929688,753.1922607421875,499300,0.0,0.0
2023-03-16 00:00:00-04:00,753.0800170898438,753.0800170898438,725.6599731445312,749.75,742.7409057617188,1023900,0.0,0.0
2023-03-17 00:00:00-04:00,749.9199829101562,754.3200073242188,743.9500122070312,747.6500244140625,740.6605834960938,893600,0.0,0.0
2023-03-20 00:00:00-04:00,748.6599731445312,760.3300170898438,745.7899780273438,759.25,752.1521606445312,587800,0.0,0.0
2023-03-21 00:00:00-04:00,764.6500244140625,765.010009765625,751.97998046875,759.760009765625,752.6572875976562,372100,0.0,0.0
2023-03-22 00:00:00-04:00,760.2999877929688,764.3900146484375,751.010009765625,751.2999877929688,744.2765502929688,322900,0.0,0.0
2023-03-23 00:00:00-04:00,806.469970703125,812.6900024414062,790.489990234375,802.1599731445312,794.6610107421875,1994000,0.0,0.0
2023-03-24 00:00:00-04:00,805.0499877929688,824.0,801.010009765625,820.0,812.334228515625,1129400,0.0,0.0
2023-03-27 00:00:00-04:00,821.3800048828125,832.47998046875,817.8699951171875,820.4099731445312,812.7403564453125,802000,0.0,0.0
2023-03-28 00:00:00-04:00,824.0,827.3599853515625,819.219970703125,826.969970703125,819.239013671875,362500,0.0,0.0
2023-03-29 00:00:00-04:00,830.0,835.0,818.2899780273438,819.3499755859375,811.6902465820312,459200,0.0,0.0
2023-03-30 00:00:00-04:00,816.010009765625,825.0800170898438,804.6400146484375,811.5,803.9136962890625,625800,0.0,0.0
2023-03-31 00:00:00-04:00,814.9000244140625,822.52001953125,810.9500122070312,821.6699829101562,813.9886474609375,866200,0.0,0.0
2023-04-03 00:00:00-04:00,818.7999877929688,826.5599975585938,815.5900268554688,826.1900024414062,818.46630859375,451400,0.0,0.0
2023-04-04 00:00:00-04:00,825.8499755859375,830.6699829101562,820.010009765625,822.0900268554688,814.40478515625,398000,0.0,0.0
2023-04-05 00:00:00-04:00,824.7000122070312,837.5499877929688,823.8599853515625,825.219970703125,817.5054321289062,560000,0.0,0.0
2023-04-06 00:00:00-04:00,823.4299926757812,834.0,823.4299926757812,828.72998046875,820.982666015625,550000,0.0,0.0
2023-04-10 00:00:00-04:00,824.3699951171875,826.0700073242188,815.8200073242188,823.760009765625,816.0591430664062,377100,0.0,0.0
2023-04-11 00:00:00-04:00,822.9400024414062,825.5999755859375,817.4400024414062,819.6400146484375,811.9775390625,291400,0.0,0.0
2023-04-12 00:00:00-04:00,824.9600219726562,827.7999877929688,816.8900146484375,820.4299926757812,812.7601928710938,414200,0.0,0.0
2023-04-13 00:00:00-04:00,822.4500122070312,834.1199951171875,822.4500122070312,830.3499755859375,822.5874633789062,471900,0.0,0.0
2023-04-14 00:00:00-04:00,828.8400268554688,831.3300170898438,821.8800048828125,829.3300170898438,821.5769653320312,456900,0.0,0.0
2023-04-17 00:00:00-04:00,833.6199951171875,833.6199951171875,818.6500244140625,819.739990234375,812.0765991210938,351400,0.0,0.0
2023-04-18 00:00:00-04:00,822.1699829101562,823.3800048828125,804.1500244140625,808.010009765625,800.4562377929688,499700,0.0,0.0
2023-04-19 00:00:00-04:00,804.72998046875,810.1699829101562,803.52001953125,808.8599853515625,801.2984008789062,352700,0.0,0.0
2023-04-20 00:00:00-04:00,805.4199829101562,805.6199951171875,796.22998046875,798.0999755859375,790.638916015625,495400,0.0,0.0
2023-04-21 00:00:00-04:00,798.4199829101562,804.719970703125,797.260009765625,800.72998046875,793.244384765625,545500,0.0,0.0
2023-04-24 00:00:00-04:00,800.4299926757812,806.1900024414062,795.1300048828125,797.0399780273438,789.5888671875,374800,0.0,0.0
2023-04-25 00:00:00-04:00,797.27001953125,801.8200073242188,784.8400268554688,789.5800170898438,782.1986083984375,468000,0.0,0.0
2023-04-26 00:00:00-04:00,781.77001953125,784.77001953125,771.1400146484375,778.0,770.7268676757812,585600,0.0,0.0
2023-04-27 00:00:00-04:00,775.3300170898438,796.4199829101562,774.0599975585938,792.2899780273438,784.8832397460938,749300,0.0,0.0
2023-04-28 00:00:00-04:00,788.989990234375,806.0800170898438,788.0,801.7899780273438,794.2943725585938,470400,0.0,0.0
2023-05-01 00:00:00-04:00,803.7100219726562,811.5499877929688,802.1199951171875,806.719970703125,799.1784057617188,297500,0.0,0.0
2023-05-02 00:00:00-04:00,806.719970703125,815.239990234375,796.52001953125,798.4500122070312,790.9857177734375,610700,0.0,0.0
2023-05-03 00:00:00-04:00,804.7899780273438,812.989990234375,798.8099975585938,803.1699829101562,795.6615600585938,786000,0.0,0.0
2023-05-04 00:00:00-04:00,775.5399780273438,776.5800170898438,746.1300048828125,753.8800048828125,746.8323364257812,1229000,0.0,0.0
2023-05-05 00:00:00-04:00,753.8800048828125,768.5900268554688,744.8900146484375,762.0999755859375,754.9755249023438,637000,0.0,0.0
2023-05-08 00:00:00-04:00,761.9299926757812,761.9299926757812,746.1400146484375,752.1199951171875,745.0888061523438,539900,0.0,0.0
2023-05-09 00:00:00-04:00,753.1900024414062,757.4000244140625,750.5700073242188,754.8800048828125,747.822998046875,464300,0.0,0.0
2023-05-10 00:00:00-04:00,756.3599853515625,756.3599853515625,746.4500122070312,749.5900268554688,742.5824584960938,432800,0.0,0.0
2023-05-11 00:00:00-04:00,750.1300048828125,750.1300048828125,740.1099853515625,745.5700073242188,738.6000366210938,661800,0.0,0.0
2023-05-12 00:00:00-04:00,749.1699829101562,751.8800048828125,743.530029296875,744.3499755859375,737.391357421875,394100,0.0,0.0
2023-05-15 00:00:00-04:00,744.8099975585938,751.969970703125,742.9500122070312,750.9600219726562,743.9396362304688,355900,0.0,0.0
2023-05-16 00:00:00-04:00,747.989990234375,747.989990234375,738.52001953125,742.280029296875,735.3408203125,420900,0.0,0.0
2023-05-17 00:00:00-04:00,739.510009765625,751.1500244140625,732.489990234375,749.6300048828125,742.6220092773438,524000,0.0,0.0
2023-05-18 00:00:00-04:00,747.27001953125,749.5499877929688,739.760009765625,747.47998046875,740.4921264648438,501500,0.0,0.0
2023-05-19 00:00:00-04:00,752.2999877929688,764.0599975585938,750.1799926757812,759.0499877929688,751.9539794921875,555900,0.0,0.0
2023-05-22 00:00:00-04:00,762.4000244140625,768.1199951171875,743.1300048828125,751.5,744.4746704101562,626900,0.0,0.0
2023-05-23 00:00:00-04:00,753.2100219726562,756.3900146484375,748.3900146484375,748.5599975585938,741.5620727539062,411300,0.0,0.0
2023-05-24 00:00:00-04:00,750.3200073242188,751.280029296875,735.3800048828125,737.4000244140625,730.5064086914062,547200,0.0,0.0
2023-05-25 00:00:00-04:00,733.0399780273438,736.1900024414062,724.030029296875,725.0,718.2222290039062,569300,0.0,0.0
2023-05-26 00:00:00-04:00,725.0,726.77001953125,719.0,725.0499877929688,718.2718505859375,750800,0.0,0.0
2023-05-30 00:00:00-04:00,720.02001953125,729.4500122070312,717.8800048828125,728.5999755859375,721.7886352539062,497000,0.0,0.0
2023-05-31 00:00:00-04:00,730.9000244140625,736.7100219726562,727.4099731445312,735.5599975585938,728.68359375,740200,0.0,0.0
2023-06-01 00:00:00-04:00,736.0,740.0399780273438,729.02001953125,731.1699829101562,724.3346557617188,526600,0.0,0.0
2023-06-02 00:00:00-04:00,730.3099975585938,740.1799926757812,724.1199951171875,739.9500122070312,733.0325317382812,527300,0.0,0.0
2023-06-05 00:00:00-04:00,742.5999755859375,751.27001953125,740.5,750.27001953125,743.2561645507812,544300,0.0,0.0
2023-06-06 00:00:00-04:00,751.8400268554688,754.5,745.4199829101562,748.1400146484375,741.1460571289062,394600,0.0,0.0
2023-06-07 00:00:00-04:00,744.02001953125,746.8599853515625,737.8200073242188,738.6300048828125,731.7249145507812,473700,0.0,0.0
2023-06-08 00:00:00-04:00,736.9600219726562,751.239990234375,736.9600219726562,750.1199951171875,743.1074829101562,359400,0.0,0.0
2023-06-09 00:00:00-04:00,750.1199951171875,751.6099853515625,743.030029296875,746.52001953125,739.5411987304688,536600,0.0,0.0
2023-06-12 00:00:00-04:00,747.8400268554688,754.6199951171875,745.030029296875,754.010009765625,746.961181640625,415100,0.0,0.0
2023-06-13 00:00:00-04:00,755.1900024414062,767.760009765625,755.1900024414062,767.3499755859375,760.1763916015625,474000,0.0,0.0
2023-06-14 00:00:00-04:00,768.0800170898438,774.4600219726562,761.8599853515625,771.1099853515625,763.9012451171875,495600,0.0,0.0
2023-06-15 00:00:00-04:00,773.280029296875,788.52001953125,771.3499755859375,783.0700073242188,775.7493896484375,648100,0.0,0.0
2023-06-16 00:00:00-04:00,788.0700073242188,794.0,781.3699951171875,783.0499877929688,775.7296752929688,993700,0.0,0.0
2023-06-20 00:00:00-04:00,778.9600219726562,787.4099731445312,775.8099975585938,781.2100219726562,773.9068603515625,507800,0.0,0.0
2023-06-21 00:00:00-04:00,781.780029296875,786.4299926757812,778.0700073242188,778.77001953125,771.4896850585938,371100,0.0,0.0
2023-06-22 00:00:00-04:00,780.280029296875,783.4299926757812,777.0,779.8099975585938,772.5199584960938,447900,0.0,0.0
2023-06-23 00:00:00-04:00,779.2100219726562,787.1199951171875,771.6199951171875,779.72998046875,772.440673828125,615100,0.0,0.0
2023-06-26 00:00:00-04:00,781.9400024414062,785.6400146484375,765.02001953125,784.3800048828125,777.0472412109375,586800,0.0,0.0
2023-06-27 00:00:00-04:00,785.9600219726562,786.2899780273438,705.0,716.0900268554688,709.3956909179688,2034500,0.0,0.0
2023-06-28 00:00:00-04:00,708.2100219726562,710.0499877929688,684.8099975585938,700.030029296875,693.48583984375,1828300,0.0,0.0
2023-06-29 00:00:00-04:00,696.77001953125,709.47998046875,689.02001953125,708.4199829101562,701.79736328125,914900,0.0,0.0
2023-06-30 00:00:00-04:00,710.1599731445312,719.5999755859375,704.280029296875,718.5399780273438,711.8226928710938,1015200,0.0,0.0
2023-07-03 00:00:00-04:00,710.0900268554688,722.0,710.0900268554688,718.0900268554688,711.3768920898438,345000,0.0,0.0
2023-07-05 00:00:00-04:00,716.3599853515625,719.3599853515625,712.3800048828125,717.8300170898438,711.119384765625,641900,0.0,0.0
2023-07-06 00:00:00-04:00,713.0599975585938,714.7000122070312,703.760009765625,704.8300170898438,698.2409057617188,608800,0.0,0.0
2023-07-07 00:00:00-04:00,700.5900268554688,701.1500244140625,692.030029296875,692.4500122070312,685.9766845703125,696900,0.0,0.0
2023-07-10 00:00:00-04:00,690.0,707.4500122070312,688.52001953125,703.3599853515625,696.7845458984375,1078900,0.0,0.0
2023-07-11 00:00:00-04:00,707.9400024414062,717.9199829101562,705.030029296875,716.8300170898438,710.128662109375,570400,0.0,0.0
2023-07-12 00:00:00-04:00,717.75,724.4199829101562,714.1500244140625,718.4199829101562,711.7039184570312,588900,0.0,0.0
2023-07-13 00:00:00-04:00,722.5700073242188,730.8300170898438,720.0,720.97998046875,714.2399291992188,413000,0.0,0.0
2023-07-14 00:00:00-04:00,721.1199951171875,721.3499755859375,715.219970703125,718.52001953125,711.8029174804688,621500,0.0,0.0
2023-07-17 00:00:00-04:00,718.8800048828125,728.4400024414062,717.989990234375,721.6099853515625,714.8638916015625,550200,0.0,0.0
2023-07-18 00:00:00-04:00,720.0,726.8200073242188,715.5399780273438,726.5499877929688,719.7578735351562,481900,0.0,0.0
2023-07-19 00:00:00-04:00,727.5800170898438,732.0,718.6300048828125,719.010009765625,712.288330078125,581100,0.0,0.0
2023-07-20 00:00:00-04:00,720.0,731.3099975585938,720.0,723.02001953125,716.2608032226562,628800,0.0,0.0
2023-07-21 00:00:00-04:00,728.7899780273438,738.530029296875,721.5800170898438,734.6300048828125,727.7622680664062,1813600,0.0,0.0
2023-07-24 00:00:00-04:00,730.4500122070312,733.5900268554688,723.9099731445312,727.1300048828125,720.3323974609375,543600,0.0,0.0
2023-07-25 00:00:00-04:00,723.219970703125,732.6599731445312,721.510009765625,729.8800048828125,723.0567626953125,444600,0.0,0.0
2023-07-26 00:00:00-04:00,729.8800048828125,733.2100219726562,724.260009765625,730.9600219726562,724.126708984375,399300,0.0,0.0
2023-07-27 00:00:00-04:00,731.2100219726562,751.7899780273438,731.2100219726562,744.6599731445312,737.6985473632812,884300,0.0,0.0
2023-07-28 00:00:00-04:00,740.0,748.6799926757812,723.5599975585938,746.0999755859375,739.125,744800,0.0,0.0
2023-07-31 00:00:00-04:00,745.469970703125,745.469970703125,734.8499755859375,741.9099731445312,734.9743041992188,445000,0.0,0.0
2023-08-01 00:00:00-04:00,744.6599731445312,744.6599731445312,732.4500122070312,739.0700073242188,732.1608276367188,334300,0.0,0.0
2023-08-02 00:00:00-04:00,740.719970703125,744.780029296875,726.1199951171875,732.1199951171875,725.2757568359375,623600,0.0,0.0
2023-08-03 00:00:00-04:00,762.0,787.8400268554688,759.1500244140625,771.4500122070312,764.2380981445312,1068800,0.0,0.0
2023-08-04 00:00:00-04:00,775.739990234375,784.8300170898438,765.0599975585938,766.4400024414062,759.27490234375,501000,0.0,0.0
2023-08-07 00:00:00-04:00,769.6900024414062,782.27001953125,765.280029296875,774.739990234375,767.497314453125,474000,0.0,0.0
2023-08-08 00:00:00-04:00,775.9199829101562,781.2899780273438,770.6500244140625,780.3200073242188,773.025146484375,441800,0.0,0.0
2023-08-09 00:00:00-04:00,782.0,795.8400268554688,780.0,785.6099853515625,778.2657470703125,430100,0.0,0.0
2023-08-10 00:00:00-04:00,789.0,799.4400024414062,789.0,793.010009765625,785.5965576171875,387300,0.0,0.0
2023-08-11 00:00:00-04:00,794.6900024414062,809.6599731445312,794.6900024414062,806.9500122070312,799.4061889648438,526100,0.0,0.0
2023-08-14 00:00:00-04:00,809.8599853515625,809.9500122070312,800.7999877929688,808.3800048828125,800.8228149414062,354500,0.0,0.0
2023-08-15 00:00:00-04:00,804.4199829101562,810.5,800.8900146484375,805.9099731445312,798.3758544921875,269200,0.0,0.0
2023-08-16 00:00:00-04:00,803.9400024414062,808.989990234375,796.9600219726562,797.3400268554688,789.8860473632812,345100,0.0,0.0
2023-08-17 00:00:00-04:00,800.1099853515625,800.1099853515625,794.6699829101562,796.72998046875,789.2817993164062,320600,0.0,0.0
2023-08-18 00:00:00-04:00,794.8499755859375,821.0,790.3400268554688,812.4000244140625,804.8052978515625,1065900,0.0,0.0
2023-08-21 00:00:00-04:00,825.0,846.1799926757812,820.6099853515625,844.3699951171875,836.4764404296875,1082900,0.0,0.0
2023-08-22 00:00:00-04:00,842.3300170898438,847.5,835.9299926757812,840.6300048828125,832.7714233398438,765900,0.0,0.0
2023-08-23 00:00:00-04:00,845.0,847.5,837.8300170898438,840.8099975585938,832.94970703125,540500,0.0,0.0
2023-08-24 00:00:00-04:00,842.8200073242188,845.0900268554688,830.239990234375,831.2100219726562,823.4393920898438,457800,0.0,0.0
2023-08-25 00:00:00-04:00,832.530029296875,834.989990234375,826.469970703125,830.3499755859375,822.5874633789062,404500,0.0,0.0
2023-08-28 00:00:00-04:00,833.4099731445312,833.4099731445312,828.0,830.8900146484375,823.12255859375,249600,0.0,0.0
2023-08-29 00:00:00-04:00,833.3699951171875,836.6300048828125,824.5999755859375,830.1900024414062,822.4288940429688,407200,0.0,0.0
2023-08-30 00:00:00-04:00,830.75,835.030029296875,829.3200073242188,834.9500122070312,827.1444702148438,302100,0.0,0.0
2023-08-31 00:00:00-04:00,835.8699951171875,835.8699951171875,825.7999877929688,826.489990234375,818.7635498046875,457500,0.0,0.0
2023-09-01 00:00:00-04:00,834.5499877929688,837.9199829101562,829.030029296875,831.6300048828125,823.85546875,253600,0.0,0.0
2023-09-05 00:00:00-04:00,835.3900146484375,835.6900024414062,822.0,822.9099731445312,815.217041015625,314300,0.0,0.0
2023-09-06 00:00:00-04:00,825.239990234375,825.239990234375,808.1300048828125,818.3900146484375,810.7393188476562,396200,0.0,0.0
2023-09-07 00:00:00-04:00,821.2000122070312,827.530029296875,817.280029296875,825.260009765625,817.5451049804688,356900,0.0,0.0
2023-09-08 00:00:00-04:00,830.3599853515625,841.1599731445312,825.2999877929688,830.6900024414062,822.92431640625,421600,0.0,0.0
2023-09-11 00:00:00-04:00,824.47998046875,835.8499755859375,822.8900146484375,833.530029296875,825.7377319335938,374800,0.0,0.0
2023-09-12 00:00:00-04:00,835.489990234375,837.2999877929688,829.4600219726562,832.77001953125,824.9848022460938,296100,0.0,0.0
2023-09-13 00:00:00-04:00,832.5800170898438,835.5499877929688,824.97998046875,826.25,818.5257568359375,396500,0.0,0.0
2023-09-14 00:00:00-04:00,830.0,838.0599975585938,826.530029296875,832.3800048828125,824.5985107421875,388900,0.0,0.0
2023-09-15 00:00:00-04:00,832.8499755859375,836.3499755859375,822.0999755859375,823.4000244140625,815.7025146484375,1032400,0.0,0.0
2023-09-18 00:00:00-04:00,824.7999877929688,828.510009765625,817.0800170898438,824.510009765625,816.802001953125,406100,0.0,0.0
2023-09-19 00:00:00-04:00,825.27001953125,836.97998046875,823.5999755859375,836.760009765625,828.9376220703125,344100,0.0,0.0
2023-09-20 00:00:00-04:00,838.0599975585938,838.1099853515625,830.9000244140625,831.6199951171875,823.8455810546875,304300,0.0,0.0
2023-09-21 00:00:00-04:00,829.9199829101562,832.1500244140625,817.5,823.3800048828125,815.6825561523438,400300,0.0,0.0
2023-09-22 00:00:00-04:00,822.02001953125,831.5,818.2999877929688,824.8400268554688,817.1290283203125,464500,0.0,0.0
2023-09-25 00:00:00-04:00,823.0499877929688,834.8300170898438,820.1300048828125,834.6400146484375,826.8373413085938,294700,0.0,0.0
2023-09-26 00:00:00-04:00,835.0,840.4500122070312,827.4400024414062,832.4099731445312,824.6282348632812,479800,0.0,0.0
2023-09-27 00:00:00-04:00,832.4099731445312,839.4199829101562,830.719970703125,832.5599975585938,824.7767944335938,380300,0.0,0.0
2023-09-28 00:00:00-04:00,833.2999877929688,837.469970703125,826.3499755859375,834.5700073242188,826.7680053710938,369900,0.0,0.0
2023-09-29 00:00:00-04:00,833.489990234375,833.6799926757812,819.9099731445312,822.9600219726562,815.2666015625,409800,0.0,0.0
2023-10-02 00:00:00-04:00,827.0,833.280029296875,808.9000244140625,818.030029296875,810.3826293945312,487700,0.0,0.0
2023-10-03 00:00:00-04:00,812.0,813.739990234375,799.77001953125,808.3099975585938,800.7535400390625,426700,0.0,0.0
2023-10-04 00:00:00-04:00,809.1599731445312,816.7000122070312,805.9299926757812,814.989990234375,807.3710327148438,344600,0.0,0.0
2023-10-05 00:00:00-04:00,814.989990234375,831.6500244140625,814.969970703125,831.1199951171875,823.3502807617188,387300,0.0,0.0
2023-10-06 00:00:00-04:00,829.4000244140625,842.0,825.9500122070312,836.5700073242188,828.749267578125,392400,0.0,0.0
2023-10-09 00:00:00-04:00,834.97998046875,840.010009765625,826.27001953125,831.8200073242188,824.0438232421875,256700,0.0,0.0
2023-10-10 00:00:00-04:00,829.5,838.7000122070312,825.7899780273438,834.9600219726562,827.1543579101562,261400,0.0,0.0
2023-10-11 00:00:00-04:00,838.8699951171875,838.8699951171875,827.739990234375,836.0700073242188,828.2540893554688,306800,0.0,0.0
2023-10-12 00:00:00-04:00,836.2100219726562,840.0900268554688,829.5499877929688,838.489990234375,830.6514282226562,308200,0.0,0.0
2023-10-13 00:00:00-04:00,845.0900268554688,853.969970703125,836.1699829101562,839.6300048828125,831.78076171875,526400,0.0,0.0
2023-10-16 00:00:00-04:00,842.8099975585938,847.0,837.3300170898438,843.6599731445312,835.77294921875,381400,0.0,0.0
2023-10-17 00:00:00-04:00,843.0,844.2000122070312,833.3200073242188,836.8499755859375,829.026611328125,323100,0.0,0.0
2023-10-18 00:00:00-04:00,833.260009765625,833.5800170898438,824.7999877929688,826.030029296875,818.3079223632812,383800,0.0,0.0
2023-10-19 00:00:00-04:00,823.5800170898438,824.5399780273438,805.469970703125,808.6400146484375,801.0803833007812,488400,0.0,0.0
2023-10-20 00:00:00-04:00,808.2899780273438,818.5700073242188,803.9600219726562,808.469970703125,800.9119262695312,743100,0.0,0.0
2023-10-23 00:00:00-04:00,810.1799926757812,810.7899780273438,792.27001953125,795.5399780273438,788.1028442382812,473400,0.0,0.0
2023-10-24 00:00:00-04:00,796.0,808.75,795.7100219726562,804.280029296875,796.7611083984375,346900,0.0,0.0
2023-10-25 00:00:00-04:00,801.3099975585938,802.4099731445312,789.02001953125,797.0399780273438,789.5888671875,340100,0.0,0.0
2023-10-26 00:00:00-04:00,794.5800170898438,797.780029296875,787.4600219726562,792.010009765625,784.6058959960938,351200,0.0,0.0
2023-10-27 00:00:00-04:00,792.4000244140625,792.4500122070312,769.1900024414062,775.1799926757812,767.9331665039062,438900,0.0,0.0
2023-10-30 00:00:00-04:00,779.530029296875,783.97998046875,774.719970703125,777.6699829101562,770.3999633789062,371300,0.0,0.0
2023-10-31 00:00:00-04:00,775.1400146484375,782.260009765625,772.8400268554688,779.8900146484375,772.5991821289062,382200,0.0,0.0
2023-11-01 00:00:00-04:00,783.9099731445312,793.5800170898438,774.97998046875,791.27001953125,783.8729248046875,419500,0.0,0.0
2023-11-02 00:00:00-04:00,791.8699951171875,831.1500244140625,788.1199951171875,818.7899780273438,811.1355590820312,729300,0.0,0.0
2023-11-03 00:00:00-04:00,838.1599731445312,839.2000122070312,811.9199829101562,816.9000244140625,809.2632446289062,456200,0.0,0.0
2023-11-06 00:00:00-05:00,823.1400146484375,840.25,820.1300048828125,832.4099731445312,824.6282348632812,422700,0.0,0.0
2023-11-07 00:00:00-05:00,838.4600219726562,838.4600219726562,823.9000244140625,830.7899780273438,823.0233764648438,670800,0.0,0.0
2023-11-08 00:00:00-05:00,834.3300170898438,834.3300170898438,813.3800048828125,822.7899780273438,815.09814453125,637200,0.0,0.0
2023-11-09 00:00:00-05:00,815.489990234375,816.6799926757812,796.4099731445312,800.260009765625,792.7788696289062,622200,0.0,0.0
2023-11-10 00:00:00-05:00,806.8800048828125,806.8800048828125,783.5700073242188,798.9400024414062,791.4710693359375,994800,0.0,0.0
2023-11-13 00:00:00-05:00,795.9199829101562,803.3599853515625,788.0399780273438,796.7000122070312,789.2520751953125,736700,0.0,0.0
2023-11-14 00:00:00-05:00,805.0,805.5999755859375,792.5499877929688,793.7000122070312,786.2801513671875,545200,0.0,0.0
2023-11-15 00:00:00-05:00,790.6599731445312,798.5,784.9600219726562,792.3800048828125,784.9724731445312,502100,0.0,0.0
2023-11-16 00:00:00-05:00,802.0599975585938,802.0599975585938,785.8300170898438,796.5399780273438,789.0935668945312,493800,0.0,0.0
2023-11-17 00:00:00-05:00,803.3099975585938,808.1400146484375,799.6400146484375,802.4299926757812,794.928466796875,354500,0.0,0.0
2023-11-20 00:00:00-05:00,795.27001953125,806.8699951171875,795.27001953125,801.6400146484375,794.1458740234375,340700,0.0,0.0
2023-11-21 00:00:00-05:00,805.1500244140625,805.1500244140625,793.0,798.8300170898438,791.3621826171875,310700,0.0,0.0
2023-11-22 00:00:00-05:00,802.6400146484375,807.4600219726562,798.0900268554688,799.72998046875,792.253662109375,233100,0.0,0.0
2023-11-24 00:00:00-05:00,803.97998046875,803.97998046875,795.02001953125,798.2999877929688,790.8370971679688,171600,0.0,0.0
2023-11-27 00:00:00-05:00,802.0,805.0,793.1799926757812,798.0800170898438,790.6190795898438,440100,0.0,0.0
2023-11-28 00:00:00-05:00,796.22998046875,801.6300048828125,792.5700073242188,801.1400146484375,793.6505737304688,446700,0.0,0.0
2023-11-29 00:00:00-05:00,804.1699829101562,814.2999877929688,800.239990234375,808.5900268554688,801.0308227539062,627700,0.0,0.0
2023-11-30 00:00:00-05:00,811.780029296875,828.8599853515625,810.25,823.8099975585938,816.108642578125,954600,0.0,0.0
2023-12-01 00:00:00-05:00,824.9400024414062,828.4199829101562,808.8900146484375,814.8599853515625,807.2423706054688,560200,0.0,0.0
2023-12-04 00:00:00-05:00,804.5499877929688,824.6099853515625,802.5499877929688,823.3200073242188,815.6232299804688,508400,0.0,0.0
2023-12-05 00:00:00-05:00,817.8099975585938,823.6799926757812,809.239990234375,820.9000244140625,813.2258911132812,319400,0.0,0.0
2023-12-06 00:00:00-05:00,825.5499877929688,842.0,824.219970703125,835.75,827.9369506835938,554100,0.0,0.0
2023-12-07 00:00:00-05:00,840.0,850.280029296875,831.1900024414062,849.1799926757812,841.241455078125,567300,0.0,0.0
2023-12-08 00:00:00-05:00,844.3300170898438,848.02001953125,839.5499877929688,840.1400146484375,832.2859497070312,388100,0.0,0.0
2023-12-11 00:00:00-05:00,838.4400024414062,849.72998046875,838.4400024414062,848.4199829101562,840.4884643554688,458700,0.0,0.0
2023-12-12 00:00:00-05:00,848.8499755859375,866.7100219726562,846.7100219726562,863.760009765625,855.68505859375,500500,0.0,0.0
2023-12-13 00:00:00-05:00,863.1300048828125,879.4600219726562,862.7899780273438,876.1199951171875,867.9295654296875,680000,0.0,0.0
2023-12-14 00:00:00-05:00,873.8099975585938,878.6900024414062,867.1099853515625,876.0,867.8106689453125,598100,0.0,0.0
2023-12-15 00:00:00-05:00,876.1199951171875,887.9400024414062,854.02001953125,859.1400146484375,851.1083374023438,1791700,0.0,0.0
2023-12-18 00:00:00-05:00,853.780029296875,857.9000244140625,848.5900268554688,850.8699951171875,842.9155883789062,627400,0.0,0.0
2023-12-19 00:00:00-05:00,852.9600219726562,854.4400024414062,844.1799926757812,848.3900146484375,840.4588623046875,844200,0.0,0.0
2023-12-20 00:00:00-05:00,850.0,850.0,841.2999877929688,841.7899780273438,833.9205322265625,515900,0.0,0.0
2023-12-21 00:00:00-05:00,843.47998046875,847.2899780273438,838.4600219726562,841.8800048828125,834.0096435546875,332600,0.0,0.0
2023-12-22 00:00:00-05:00,846.27001953125,851.1599731445312,843.3900146484375,846.719970703125,838.8043823242188,742800,0.0,0.0
2023-12-26 00:00:00-05:00,848.530029296875,850.1400146484375,842.719970703125,849.530029296875,841.5882568359375,306200,0.0,0.0
2023-12-27 00:00:00-05:00,847.6599731445312,899.8599853515625,844.5599975585938,874.3699951171875,866.1959838867188,1273900,0.0,0.0
2023-12-28 00:00:00-05:00,874.27001953125,895.489990234375,874.27001953125,881.7000122070312,873.4574584960938,637500,0.0,0.0
2023-12-29 00:00:00-05:00,877.9099731445312,883.3400268554688,875.6199951171875,878.2899780273438,870.0792846679688,534300,0.0,0.0
2024-01-02 00:00:00-05:00,873.9099731445312,905.2899780273438,871.3900146484375,905.0,896.53955078125,1000900,0.0,0.0
2024-01-03 00:00:00-05:00,906.7999877929688,923.5999755859375,901.0,917.5599975585938,908.9822387695312,758900,0.0,0.0
2024-01-04 00:00:00-05:00,917.780029296875,924.8900146484375,909.2100219726562,912.1699829101562,903.6424560546875,557400,0.0,0.0
2024-01-05 00:00:00-05:00,905.0,922.7100219726562,904.0,913.1699829101562,904.6331176757812,486100,0.0,0.0
2024-01-08 00:00:00-05:00,890.0,903.5999755859375,881.010009765625,902.8800048828125,894.439453125,723200,0.0,0.0
2024-01-09 00:00:00-05:00,895.3699951171875,903.280029296875,888.8200073242188,902.6900024414062,894.2511596679688,499300,0.0,0.0
2024-01-10 00:00:00-05:00,895.6500244140625,907.219970703125,894.6199951171875,906.1599731445312,897.688720703125,382300,0.0,0.0
2024-01-11 00:00:00-05:00,902.9199829101562,916.9199829101562,899.0700073242188,915.969970703125,907.4070434570312,521300,0.0,0.0
2024-01-12 00:00:00-05:00,925.0,935.3699951171875,921.0,933.2000122070312,924.4759521484375,559900,0.0,0.0
2024-01-16 00:00:00-05:00,931.2100219726562,937.47998046875,929.1199951171875,937.3200073242188,928.5574951171875,761400,0.0,0.0
2024-01-17 00:00:00-05:00,939.760009765625,943.0,921.6799926757812,929.1300048828125,920.444091796875,526700,0.0,0.0
2024-01-18 00:00:00-05:00,923.969970703125,937.3900146484375,917.7000122070312,930.0,921.305908203125,513600,0.0,0.0
2024-01-19 00:00:00-05:00,933.1799926757812,937.989990234375,928.6500244140625,933.4000244140625,924.674072265625,716500,0.0,0.0
2024-01-22 00:00:00-05:00,936.47998046875,943.9199829101562,922.0,942.8300170898438,934.0159301757812,530600,0.0,0.0
2024-01-23 00:00:00-05:00,943.3400268554688,955.3099975585938,941.7000122070312,954.5800170898438,945.6561279296875,568200,0.0,0.0
2024-01-24 00:00:00-05:00,957.030029296875,957.030029296875,945.489990234375,948.239990234375,939.3754272460938,390500,0.0,0.0
2024-01-25 00:00:00-05:00,957.5999755859375,957.75,945.0,948.8699951171875,939.99951171875,394000,0.0,0.0
2024-01-26 00:00:00-05:00,952.0,958.1500244140625,939.0599975585938,940.0499877929688,931.2619018554688,460500,0.0,0.0
2024-01-29 00:00:00-05:00,946.1199951171875,957.6699829101562,943.8400268554688,955.7999877929688,946.8646850585938,530000,0.0,0.0
2024-01-30 00:00:00-05:00,956.0,960.2100219726562,945.0999755859375,959.72998046875,950.7579345703125,374700,0.0,0.0
2024-01-31 00:00:00-05:00,961.0499877929688,965.6599731445312,941.1900024414062,942.780029296875,933.9664306640625,601900,0.0,0.0
2024-02-01 00:00:00-05:00,945.6099853515625,964.9299926757812,937.469970703125,957.780029296875,948.826171875,520500,0.0,0.0
2024-02-02 00:00:00-05:00,971.22998046875,973.989990234375,939.3099975585938,945.1799926757812,936.3438720703125,752000,0.0,0.0
2024-02-05 00:00:00-05:00,931.8699951171875,939.5,923.030029296875,936.3300170898438,927.5767211914062,703800,0.0,0.0
2024-02-06 00:00:00-05:00,940.0,945.4600219726562,927.52001953125,937.8099975585938,929.0427856445312,460400,0.0,0.0
2024-02-07 00:00:00-05:00,940.0,954.2999877929688,933.4600219726562,938.489990234375,929.716552734375,456400,0.0,0.0
2024-02-08 00:00:00-05:00,934.7899780273438,947.239990234375,930.0399780273438,946.4299926757812,937.582275390625,487600,0.0,0.0
2024-02-09 00:00:00-05:00,948.0,957.510009765625,945.8499755859375,953.4199829101562,944.5068969726562,613800,0.0,0.0
2024-02-12 00:00:00-05:00,952.3900146484375,954.530029296875,941.010009765625,947.0599975585938,938.2064208984375,604200,0.0,0.0
2024-02-13 00:00:00-05:00,946.1699829101562,947.4600219726562,933.7999877929688,940.47998046875,931.6878662109375,523800,0.0,0.0
2024-02-14 00:00:00-05:00,943.0999755859375,951.8300170898438,936.7000122070312,947.8200073242188,938.9593505859375,373500,0.0,0.0
2024-02-15 00:00:00-05:00,951.6699829101562,958.739990234375,948.9299926757812,954.72998046875,945.8046875,334300,0.0,0.0
2024-02-16 00:00:00-05:00,953.4400024414062,956.52001953125,944.1199951171875,948.0499877929688,939.1870727539062,367400,0.0,0.0
2024-02-20 00:00:00-05:00,950.0,963.0,943.72998046875,946.8699951171875,938.0181884765625,417700,0.0,0.0
2024-02-21 00:00:00-05:00,952.0,958.0,945.7000122070312,952.8400268554688,943.932373046875,300500,0.0,0.0
2024-02-22 00:00:00-05:00,953.5700073242188,973.0,947.8499755859375,964.8900146484375,955.8696899414062,614700,0.0,0.0
2024-02-23 00:00:00-05:00,975.0,985.6400146484375,969.1500244140625,981.2000122070312,972.0272216796875,439600,0.0,0.0
2024-02-26 00:00:00-05:00,977.5499877929688,995.969970703125,975.0,989.280029296875,980.03173828125,541200,0.0,0.0
2024-02-27 00:00:00-05:00,989.0,995.4099731445312,975.219970703125,993.3499755859375,984.0636596679688,464200,0.0,0.0
2024-02-28 00:00:00-05:00,995.0,998.3300170898438,987.6099853515625,987.6099853515625,978.3773193359375,486000,0.0,0.0
2024-02-29 00:00:00-05:00,989.9099731445312,990.2999877929688,965.1599731445312,966.0900268554688,957.05859375,792200,0.0,0.0
2024-03-01 00:00:00-05:00,967.5,988.1300048828125,966.0900268554688,982.8200073242188,973.632080078125,370500,0.0,0.0
2024-03-04 00:00:00-05:00,982.8200073242188,985.2100219726562,966.219970703125,971.1900024414062,962.1107788085938,455600,0.0,0.0
2024-03-05 00:00:00-05:00,972.719970703125,977.6699829101562,953.2899780273438,965.2100219726562,956.1867065429688,397500,0.0,0.0
2024-03-06 00:00:00-05:00,959.22998046875,974.1799926757812,955.5599975585938,972.0999755859375,963.0123291015625,366800,0.0,0.0
2024-03-07 00:00:00-05:00,971.1300048828125,979.25,969.8800048828125,973.3099975585938,964.2109985351562,380500,0.0,0.0
2024-03-08 00:00:00-05:00,973.3400268554688,976.0,962.8200073242188,968.8300170898438,959.77294921875,354400,0.0,0.0
2024-03-11 00:00:00-04:00,971.0900268554688,979.7999877929688,960.4400024414062,964.4400024414062,955.4238891601562,355600,0.0,0.0
2024-03-12 00:00:00-04:00,964.4400024414062,975.9299926757812,963.0,970.5700073242188,961.4966430664062,359000,0.0,0.0
2024-03-13 00:00:00-04:00,979.8200073242188,979.8200073242188,963.8300170898438,965.469970703125,956.4442749023438,386200,0.0,0.0
2024-03-14 00:00:00-04:00,966.2999877929688,969.1799926757812,950.969970703125,959.0399780273438,950.074462890625,507300,0.0,0.0
2024-03-15 00:00:00-04:00,956.469970703125,968.510009765625,953.719970703125,964.469970703125,955.4536743164062,1090500,0.0,0.0
2024-03-18 00:00:00-04:00,970.0,970.7100219726562,959.489990234375,959.9199829101562,950.9461669921875,360200,0.0,0.0
2024-03-19 00:00:00-04:00,965.1099853515625,969.1599731445312,959.1400146484375,963.6599731445312,954.6511840820312,365300,0.0,0.0
2024-03-20 00:00:00-04:00,959.0599975585938,967.2000122070312,947.3699951171875,966.9600219726562,957.9203491210938,579300,0.0,0.0
2024-03-21 00:00:00-04:00,974.75,979.260009765625,968.0,968.010009765625,958.9605712890625,435100,0.0,0.0
2024-03-22 00:00:00-04:00,973.0,977.3900146484375,966.469970703125,967.239990234375,958.19775390625,274400,0.0,0.0
2024-03-25 00:00:00-04:00,954.010009765625,964.97998046875,952.469970703125,961.0900268554688,952.1052856445312,322300,0.0,0.0
2024-03-26 00:00:00-04:00,961.989990234375,966.6799926757812,957.780029296875,963.5499877929688,954.542236328125,386800,0.0,0.0
2024-03-27 00:00:00-04:00,971.0399780273438,976.75,962.4099731445312,966.2999877929688,957.2664184570312,314800,0.0,0.0
2024-03-28 00:00:00-04:00,970.3800048828125,970.7899780273438,959.25,962.489990234375,953.4921264648438,461800,0.0,0.0
2024-04-01 00:00:00-04:00,964.72998046875,970.2000122070312,954.0900268554688,969.3099975585938,960.2483520507812,360600,0.0,0.0
2024-04-02 00:00:00-04:00,961.4400024414062,961.4400024414062,951.02001953125,954.6799926757812,945.7552490234375,438100,0.0,0.0
2024-04-03 00:00:00-04:00,955.0,961.6799926757812,950.4299926757812,950.9500122070312,942.0601196289062,413200,0.0,0.0
2024-04-04 00:00:00-04:00,962.2000122070312,962.2000122070312,935.3599853515625,937.02001953125,928.2603149414062,410800,0.0,0.0
2024-04-05 00:00:00-04:00,939.3099975585938,949.8300170898438,934.8699951171875,942.7000122070312,933.88720703125,363500,0.0,0.0
2024-04-08 00:00:00-04:00,939.1599731445312,942.989990234375,935.510009765625,938.47998046875,929.7066040039062,330900,0.0,0.0
2024-04-09 00:00:00-04:00,941.3900146484375,949.2000122070312,938.0,943.8900146484375,935.0660400390625,305700,0.0,0.0
2024-04-10 00:00:00-04:00,935.02001953125,937.8699951171875,923.4400024414062,936.2000122070312,927.4479370117188,389700,0.0,0.0
2024-04-11 00:00:00-04:00,928.5800170898438,930.6400146484375,907.3300170898438,920.3200073242188,911.7163696289062,617100,0.0,0.0
2024-04-12 00:00:00-04:00,911.5499877929688,912.219970703125,898.260009765625,904.7000122070312,896.2424926757812,665300,0.0,0.0
2024-04-15 00:00:00-04:00,915.3699951171875,921.1199951171875,895.0900268554688,898.5599975585938,890.1598510742188,656200,0.0,0.0
2024-04-16 00:00:00-04:00,897.219970703125,901.0700073242188,890.4299926757812,894.1400146484375,885.7811279296875,615700,0.0,0.0
2024-04-17 00:00:00-04:00,903.8800048828125,911.6400146484375,899.9000244140625,901.1900024414062,892.7651977539062,468700,0.0,0.0
2024-04-18 00:00:00-04:00,901.260009765625,908.8099975585938,891.6699829101562,893.989990234375,885.6325073242188,450600,0.0,0.0
2024-04-19 00:00:00-04:00,913.969970703125,920.72998046875,891.4600219726562,896.8200073242188,888.4359741210938,507500,0.0,0.0
2024-04-22 00:00:00-04:00,904.5399780273438,908.6699829101562,897.4500122070312,900.1599731445312,891.744873046875,351400,0.0,0.0
2024-04-23 00:00:00-04:00,905.6599731445312,912.739990234375,903.8300170898438,907.3200073242188,898.8378295898438,341200,0.0,0.0
2024-04-24 00:00:00-04:00,906.9000244140625,915.7000122070312,904.4099731445312,906.5399780273438,898.065185546875,373600,0.0,0.0
2024-04-25 00:00:00-04:00,911.0900268554688,915.0,876.75,890.6799926757812,882.3534545898438,576600,0.0,0.0
2024-04-26 00:00:00-04:00,881.719970703125,887.47998046875,875.22998046875,883.2000122070312,874.943359375,505700,0.0,0.0
2024-04-29 00:00:00-04:00,883.2000122070312,897.780029296875,883.2000122070312,892.47998046875,884.1365966796875,369900,0.0,0.0
2024-04-30 00:00:00-04:00,892.1099853515625,896.8499755859375,885.010009765625,890.6599731445312,882.3336181640625,636700,0.0,0.0
2024-05-01 00:00:00-04:00,889.4099731445312,913.2100219726562,888.52001953125,903.47998046875,895.0337524414062,595200,0.0,0.0
2024-05-02 00:00:00-04:00,900.0,943.77001953125,891.2999877929688,937.6099853515625,928.8447875976562,1067000,0.0,0.0
2024-05-03 00:00:00-04:00,926.9400024414062,958.1300048828125,926.9400024414062,957.0,948.0535278320312,547400,0.0,0.0
2024-05-06 00:00:00-04:00,958.0,962.0999755859375,950.27001953125,958.6400146484375,949.6781005859375,352000,0.0,0.0
2024-05-07 00:00:00-04:00,967.8800048828125,970.5599975585938,957.0999755859375,969.969970703125,960.9021606445312,362300,0.0,0.0
2024-05-08 00:00:00-04:00,969.9000244140625,971.8599853515625,952.1400146484375,955.760009765625,946.8250732421875,424900,0.0,0.0
2024-05-09 00:00:00-04:00,959.5900268554688,969.97998046875,956.760009765625,968.0,958.95068359375,281900,0.0,0.0
2024-05-10 00:00:00-04:00,970.0,979.97998046875,966.8499755859375,973.7999877929688,964.6964111328125,351400,0.0,0.0
2024-05-13 00:00:00-04:00,980.0,982.5800170898438,970.989990234375,976.9600219726562,967.826904296875,284300,0.0,0.0
2024-05-14 00:00:00-04:00,980.0,987.7999877929688,970.9500122070312,984.6400146484375,975.43505859375,307900,0.0,0.0
2024-05-15 00:00:00-04:00,988.0,988.9600219726562,966.3400268554688,978.2100219726562,969.065185546875,593300,0.0,0.0
2024-05-16 00:00:00-04:00,978.27001953125,978.2999877929688,967.4099731445312,967.97998046875,958.9307861328125,407600,0.0,0.0
2024-05-17 00:00:00-04:00,969.27001953125,982.77001953125,966.0,982.2899780273438,973.1069946289062,386600,0.0,0.0
2024-05-20 00:00:00-04:00,980.4199829101562,987.989990234375,978.2100219726562,987.27001953125,978.04052734375,317900,0.0,0.0
2024-05-21 00:00:00-04:00,987.989990234375,995.9199829101562,982.969970703125,993.9500122070312,984.6580200195312,331600,0.0,0.0
2024-05-22 00:00:00-04:00,993.0,997.8699951171875,981.5700073242188,983.7999877929688,974.6029052734375,308700,0.0,0.0
2024-05-23 00:00:00-04:00,985.4299926757812,991.7100219726562,975.72998046875,980.5700073242188,971.403076171875,315700,0.0,0.0
2024-05-24 00:00:00-04:00,984.0399780273438,995.4099731445312,983.1599731445312,985.02001953125,975.8115234375,259300,0.0,0.0
2024-05-28 00:00:00-04:00,974.8599853515625,978.9299926757812,963.4099731445312,973.1599731445312,964.0623779296875,336800,0.0,0.0
2024-05-29 00:00:00-04:00,970.0,971.239990234375,958.6400146484375,966.489990234375,957.4547119140625,346700,0.0,0.0
2024-05-30 00:00:00-04:00,965.5800170898438,971.8599853515625,952.2999877929688,969.9099731445312,960.8426513671875,444000,0.0,0.0
2024-05-31 00:00:00-04:00,969.1400146484375,980.9199829101562,967.4299926757812,980.1599731445312,970.9969482421875,833200,0.0,0.0
2024-06-03 00:00:00-04:00,980.1599731445312,1001.0399780273438,979.260009765625,989.47998046875,980.2298583984375,533000,0.0,0.0
2024-06-04 00:00:00-04:00,989.7899780273438,1000.1500244140625,986.6400146484375,993.2899780273438,984.004150390625,340400,0.0,0.0
2024-06-05 00:00:00-04:00,993.4400024414062,1015.0,989.77001953125,1005.8699951171875,996.4664916992188,385500,0.0,0.0
2024-06-06 00:00:00-04:00,1005.1900024414062,1016.0,997.72998046875,1000.7899780273438,991.4340209960938,439700,0.0,0.0
2024-06-07 00:00:00-04:00,999.0,1007.4299926757812,994.4400024414062,1002.9500122070312,993.5739135742188,250100,0.0,0.0
2024-06-10 00:00:00-04:00,998.4500122070312,1002.9500122070312,992.219970703125,1001.72998046875,992.3652954101562,250900,0.0,0.0
2024-06-11 00:00:00-04:00,998.0800170898438,1016.989990234375,997.8400268554688,1010.5399780273438,1001.0929565429688,448200,0.0,0.0
2024-06-12 00:00:00-04:00,1014.8099975585938,1030.0,1009.1500244140625,1027.6700439453125,1018.0628662109375,453700,0.0,0.0
2024-06-13 00:00:00-04:00,1022.6799926757812,1030.8299560546875,1017.8699951171875,1026.550048828125,1016.9532470703125,315400,0.0,0.0
2024-06-14 00:00:00-04:00,1024.300048828125,1042.6600341796875,1017.9600219726562,1036.52001953125,1026.830078125,353900,0.0,0.0
2024-06-17 00:00:00-04:00,1036.52001953125,1049.5,1026.010009765625,1045.3699951171875,1035.597412109375,446100,0.0,0.0
2024-06-18 00:00:00-04:00,1046.5,1052.3399658203125,1036.0,1039.1099853515625,1029.3958740234375,379300,0.0,0.0
2024-06-20 00:00:00-04:00,1038.43994140625,1046.2900390625,1028.0,1044.3900146484375,1034.626708984375,590500,0.0,0.0
2024-06-21 00:00:00-04:00,1047.7099609375,1059.800048828125,1041.25,1053.1400146484375,1043.2945556640625,1269900,0.0,0.0
2024-06-24 00:00:00-04:00,1060.0,1068.0,1052.260009765625,1063.8900146484375,1053.9442138671875,518400,0.0,0.0
2024-06-25 00:00:00-04:00,1068.1199951171875,1081.1700439453125,1066.0400390625,1071.18994140625,1061.17578125,518600,0.0,0.0
2024-06-26 00:00:00-04:00,1067.0,1075.300048828125,1049.5899658203125,1069.1600341796875,1059.1650390625,533700,0.0,0.0
2024-06-27 00:00:00-04:00,1071.219970703125,1073.050048828125,1047.010009765625,1050.8599853515625,1041.0360107421875,507700,0.0,0.0
2024-06-28 00:00:00-04:00,1054.81005859375,1057.219970703125,1041.780029296875,1051.030029296875,1041.20458984375,750600,0.0,0.0
2024-07-01 00:00:00-04:00,1047.1099853515625,1069.68994140625,1045.0,1057.02001953125,1047.1383056640625,383200,0.0,0.0
2024-07-02 00:00:00-04:00,1054.0,1058.1700439453125,1030.22998046875,1044.6600341796875,1034.89404296875,364300,0.0,0.0
2024-07-03 00:00:00-04:00,1042.280029296875,1047.239990234375,1011.6699829101562,1024.0899658203125,1014.5162353515625,378300,0.0,0.0
2024-07-05 00:00:00-04:00,1027.469970703125,1040.050048828125,1025.800048828125,1034.22998046875,1024.5615234375,418300,0.0,0.0
2024-07-08 00:00:00-04:00,1039.510009765625,1054.5999755859375,1037.3199462890625,1052.25,1042.4129638671875,366200,0.0,0.0
2024-07-09 00:00:00-04:00,1055.8299560546875,1059.010009765625,1040.010009765625,1054.030029296875,1044.176513671875,268400,0.0,0.0
2024-07-10 00:00:00-04:00,1057.1700439453125,1072.3299560546875,1053.280029296875,1071.1199951171875,1061.106689453125,263900,0.0,0.0
2024-07-11 00:00:00-04:00,1065.9300537109375,1091.4000244140625,1065.9300537109375,1080.27001953125,1070.1710205078125,444400,0.0,0.0
2024-07-12 00:00:00-04:00,1092.0799560546875,1106.1600341796875,1084.93994140625,1100.050048828125,1089.7662353515625,471500,0.0,0.0
2024-07-15 00:00:00-04:00,1097.2900390625,1100.030029296875,1079.280029296875,1082.1099853515625,1071.993896484375,434600,0.0,0.0
2024-07-16 00:00:00-04:00,1087.8900146484375,1100.0799560546875,1079.0899658203125,1094.989990234375,1084.7535400390625,282400,0.0,0.0
2024-07-17 00:00:00-04:00,1093.010009765625,1100.0,1076.77001953125,1085.6199951171875,1075.4710693359375,464500,0.0,0.0
2024-07-18 00:00:00-04:00,1091.4000244140625,1098.969970703125,1065.4300537109375,1067.260009765625,1057.28271484375,396100,0.0,0.0
2024-07-19 00:00:00-04:00,1072.18994140625,1076.72998046875,1060.739990234375,1063.5999755859375,1053.6568603515625,452200,0.0,0.0
2024-07-22 00:00:00-04:00,1075.3499755859375,1078.7099609375,1064.949951171875,1069.739990234375,1059.739501953125,299500,0.0,0.0
2024-07-23 00:00:00-04:00,1077.800048828125,1077.800048828125,1055.3399658203125,1055.5699462890625,1045.701904296875,312000,0.0,0.0
2024-07-24 00:00:00-04:00,1056.0,1066.4300537109375,1052.81005859375,1060.8599853515625,1050.9425048828125,452500,0.0,0.0
2024-07-25 00:00:00-04:00,1070.75,1102.949951171875,1061.719970703125,1064.18994140625,1054.2412109375,528300,0.0,0.0
2024-07-26 00:00:00-04:00,1067.5400390625,1091.31005859375,1067.5400390625,1078.6300048828125,1068.54638671875,380900,0.0,0.0
2024-07-29 00:00:00-04:00,1073.6199951171875,1085.0,1073.4100341796875,1077.18994140625,1067.119873046875,301100,0.0,0.0
2024-07-30 00:00:00-04:00,1082.6400146484375,1092.4599609375,1066.9200439453125,1077.800048828125,1067.7242431640625,358000,0.0,0.0
2024-07-31 00:00:00-04:00,1082.199951171875,1090.8399658203125,1073.22998046875,1079.18994140625,1069.10107421875,522700,0.0,0.0
2024-08-01 00:00:00-04:00,1060.8599853515625,1101.199951171875,1041.8499755859375,1093.1400146484375,1082.9208984375,897700,0.0,0.0
2024-08-02 00:00:00-04:00,1099.77001953125,1115.0,1071.97998046875,1082.18994140625,1072.0731201171875,646200,0.0,0.0
2024-08-05 00:00:00-04:00,1082.0,1090.4200439453125,1050.010009765625,1071.280029296875,1061.2650146484375,619500,0.0,0.0
2024-08-06 00:00:00-04:00,1064.22998046875,1090.780029296875,1064.22998046875,1066.18994140625,1056.2225341796875,445400,0.0,0.0
2024-08-07 00:00:00-04:00,1074.3800048828125,1077.0899658203125,1061.4599609375,1067.800048828125,1057.8177490234375,502500,0.0,0.0
2024-08-08 00:00:00-04:00,1074.6199951171875,1114.9000244140625,1069.030029296875,1113.3499755859375,1102.9417724609375,631100,0.0,0.0
2024-08-09 00:00:00-04:00,1113.0,1133.0,1111.1099853515625,1131.239990234375,1120.6646728515625,416600,0.0,0.0
2024-08-12 00:00:00-04:00,1124.6099853515625,1129.989990234375,1109.989990234375,1121.0899658203125,1110.6094970703125,501100,0.0,0.0
2024-08-13 00:00:00-04:00,1125.56005859375,1160.4599609375,1122.510009765625,1158.3299560546875,1147.5013427734375,572300,0.0,0.0
2024-08-14 00:00:00-04:00,1152.27001953125,1161.2099609375,1138.6700439453125,1156.8599853515625,1146.0452880859375,443100,0.0,0.0
2024-08-15 00:00:00-04:00,1167.31005859375,1177.949951171875,1155.31005859375,1175.3299560546875,1164.3424072265625,569800,0.0,0.0
2024-08-16 00:00:00-04:00,1175.0,1185.0899658203125,1166.719970703125,1179.31005859375,1168.2852783203125,564400,0.0,0.0
2024-08-19 00:00:00-04:00,1180.02001953125,1197.68994140625,1178.1800537109375,1196.8800048828125,1185.69091796875,445900,0.0,0.0
2024-08-20 00:00:00-04:00,1196.8800048828125,1201.5899658203125,1185.8699951171875,1192.22998046875,1181.0843505859375,372200,0.0,0.0
2024-08-21 00:00:00-04:00,1194.7099609375,1203.489990234375,1184.030029296875,1185.3399658203125,1174.2589111328125,342400,0.0,0.0
2024-08-22 00:00:00-04:00,1189.699951171875,1191.8399658203125,1180.0,1187.6600341796875,1176.55712890625,310200,0.0,0.0
2024-08-23 00:00:00-04:00,1195.719970703125,1202.239990234375,1190.0,1199.1199951171875,1187.909912109375,352400,0.0,0.0
2024-08-26 00:00:00-04:00,1199.1199951171875,1206.81005859375,1195.6700439453125,1199.3699951171875,1188.15771484375,239700,0.0,0.0
2024-08-27 00:00:00-04:00,1199.3399658203125,1211.199951171875,1197.1300048828125,1201.760009765625,1190.5252685546875,295500,0.0,0.0
2024-08-28 00:00:00-04:00,1196.06005859375,1206.6600341796875,1190.1700439453125,1199.2900390625,1188.0784912109375,308300,0.0,0.0
2024-08-29 00:00:00-04:00,1204.719970703125,1210.969970703125,1175.4599609375,1178.9300537109375,1167.9088134765625,538600,0.0,0.0
2024-08-30 00:00:00-04:00,1179.199951171875,1191.3299560546875,1170.8399658203125,1184.68994140625,1173.614990234375,405400,0.0,0.0
2024-09-03 00:00:00-04:00,1178.72998046875,1192.5400390625,1162.8699951171875,1168.81005859375,1157.883544921875,579100,0.0,0.0
2024-09-04 00:00:00-04:00,1168.81005859375,1182.31005859375,1163.3499755859375,1179.3699951171875,1168.344482421875,333000,0.0,0.0
2024-09-05 00:00:00-04:00,1175.1600341796875,1175.1600341796875,1143.239990234375,1150.56005859375,1139.8038330078125,534200,0.0,0.0
2024-09-06 00:00:00-04:00,1150.0,1152.8699951171875,1128.969970703125,1131.5,1120.922119140625,616600,0.0,0.0
2024-09-09 00:00:00-04:00,1137.1800537109375,1151.1300048828125,1132.510009765625,1144.77001953125,1134.0679931640625,513300,0.0,0.0
2024-09-10 00:00:00-04:00,1144.219970703125,1144.219970703125,1122.530029296875,1136.3499755859375,1125.7269287109375,356500,0.0,0.0
2024-09-11 00:00:00-04:00,1137.030029296875,1143.18994140625,1113.239990234375,1141.449951171875,1130.779052734375,481900,0.0,0.0
2024-09-12 00:00:00-04:00,1138.0999755859375,1167.6300048828125,1127.199951171875,1164.4599609375,1153.573974609375,568900,0.0,0.0
2024-09-13 00:00:00-04:00,1160.739990234375,1170.5799560546875,1150.02001953125,1153.3499755859375,1142.56787109375,353600,0.0,0.0
2024-09-16 00:00:00-04:00,1162.050048828125,1162.050048828125,1152.010009765625,1153.0799560546875,1142.3004150390625,346900,0.0,0.0
2024-09-17 00:00:00-04:00,1151.0999755859375,1151.0999755859375,1134.5999755859375,1146.75,1136.029296875,348700,0.0,0.0
2024-09-18 00:00:00-04:00,1151.3199462890625,1156.4000244140625,1137.6400146484375,1138.81005859375,1128.1639404296875,328100,0.0,0.0
2024-09-19 00:00:00-04:00,1149.6600341796875,1165.8499755859375,1148.1300048828125,1150.18994140625,1139.4373779296875,596700,0.0,0.0
2024-09-20 00:00:00-04:00,1145.989990234375,1149.4200439453125,1136.219970703125,1145.030029296875,1134.3258056640625,913900,0.0,0.0
2024-09-23 00:00:00-04:00,1148.1800537109375,1154.56005859375,1081.22998046875,1091.97998046875,1081.7716064453125,1168300,0.0,0.0
2024-09-24 00:00:00-04:00,1076.3299560546875,1080.0,1022.219970703125,1045.97998046875,1036.20166015625,1695200,0.0,0.0
2024-09-25 00:00:00-04:00,1048.52001953125,1048.52001953125,1008.4099731445312,1031.1500244140625,1021.51025390625,1003100,0.0,0.0
2024-09-26 00:00:00-04:00,1062.1600341796875,1063.4000244140625,1030.27001953125,1039.9599609375,1030.23779296875,691600,0.0,0.0
2024-09-27 00:00:00-04:00,1043.6400146484375,1070.0,1036.8800048828125,1042.68994140625,1032.9422607421875,659700,0.0,0.0
2024-09-30 00:00:00-04:00,1040.72998046875,1058.27001953125,1039.6500244140625,1051.239990234375,1041.4124755859375,599900,0.0,0.0
2024-10-01 00:00:00-04:00,1054.06005859375,1061.5999755859375,1040.4000244140625,1046.9100341796875,1037.1229248046875,599400,0.0,0.0
2024-10-02 00:00:00-04:00,1040.489990234375,1045.949951171875,1025.969970703125,1040.27001953125,1030.5450439453125,687000,0.0,0.0
2024-10-03 00:00:00-04:00,1037.5,1038.81005859375,1011.3599853515625,1014.5900268554688,1005.1051025390625,797500,0.0,0.0
2024-10-04 00:00:00-04:00,1015.4000244140625,1023.0900268554688,1007.280029296875,1012.8200073242188,1003.3516235351562,1071800,0.0,0.0
2024-10-07 00:00:00-04:00,1011.219970703125,1011.7000122070312,992.7999877929688,996.0499877929688,986.7384033203125,583400,0.0,0.0
2024-10-08 00:00:00-04:00,1001.5,1007.989990234375,993.010009765625,1005.260009765625,995.8623657226562,736000,0.0,0.0
2024-10-09 00:00:00-04:00,1007.4600219726562,1014.6300048828125,1001.0,1012.1900024414062,1002.7275390625,598100,0.0,0.0
2024-10-10 00:00:00-04:00,1011.5599975585938,1013.9099731445312,998.1699829101562,999.02001953125,989.6806640625,510900,0.0,0.0
2024-10-11 00:00:00-04:00,1003.3099975585938,1017.739990234375,996.280029296875,1015.6699829101562,1006.1749267578125,479900,0.0,0.0
2024-10-14 00:00:00-04:00,1018.47998046875,1023.6900024414062,1009.4500122070312,1014.25,1004.7682495117188,497300,0.0,0.0
2024-10-15 00:00:00-04:00,1016.8300170898438,1024.3599853515625,1003.7899780273438,1016.530029296875,1007.0269165039062,514400,0.0,0.0
2024-10-16 00:00:00-04:00,1011.5700073242188,1020.5499877929688,1007.3200073242188,1007.9600219726562,998.537109375,367100,0.0,0.0
2024-10-17 00:00:00-04:00,1010.0499877929688,1013.0900268554688,997.6699829101562,998.22998046875,988.8980712890625,739700,0.0,0.0
2024-10-18 00:00:00-04:00,998.0,1002.6900024414062,989.77001953125,990.6799926757812,981.4186401367188,869200,0.0,0.0
2024-10-21 00:00:00-04:00,985.9000244140625,991.239990234375,967.9000244140625,968.5,959.4459228515625,794200,0.0,0.0
2024-10-22 00:00:00-04:00,963.0,972.75,919.4199829101562,962.3400268554688,953.3435668945312,1511700,0.0,0.0
2024-10-23 00:00:00-04:00,951.7999877929688,959.5999755859375,932.530029296875,941.3900146484375,932.5894165039062,850100,0.0,0.0
2024-10-24 00:00:00-04:00,945.7100219726562,952.02001953125,928.5,928.9000244140625,920.2161865234375,523400,0.0,0.0
2024-10-25 00:00:00-04:00,930.22998046875,943.8300170898438,930.22998046875,933.02001953125,924.297607421875,547700,0.0,0.0
2024-10-28 00:00:00-04:00,934.780029296875,943.27001953125,927.2000122070312,928.6099853515625,919.9288940429688,578700,0.0,0.0
2024-10-29 00:00:00-04:00,927.2000122070312,932.3800048828125,923.75,927.3300170898438,918.6608276367188,680400,0.0,0.0
2024-10-30 00:00:00-04:00,919.72998046875,935.8599853515625,914.8499755859375,922.7899780273438,914.163330078125,628400,0.0,0.0
2024-10-31 00:00:00-04:00,875.0,883.1500244140625,815.989990234375,838.2000122070312,830.3640747070312,2291400,0.0,0.0
2024-11-01 00:00:00-04:00,844.6099853515625,862.0,837.8800048828125,843.5999755859375,835.713623046875,1087300,0.0,0.0
2024-11-04 00:00:00-05:00,845.5900268554688,852.010009765625,826.760009765625,828.8400268554688,821.0916748046875,743600,0.0,0.0
2024-11-05 00:00:00-05:00,824.9400024414062,836.6300048828125,819.1400146484375,829.4299926757812,821.6760864257812,633200,0.0,0.0
2024-11-06 00:00:00-05:00,844.510009765625,844.510009765625,813.530029296875,816.6500244140625,809.0155639648438,879500,0.0,0.0
2024-11-07 00:00:00-05:00,817.8800048828125,832.530029296875,814.0499877929688,824.47998046875,816.7723388671875,780900,0.0,0.0
2024-11-08 00:00:00-05:00,826.5700073242188,830.72998046875,822.7999877929688,828.4199829101562,820.675537109375,563600,0.0,0.0
2024-11-11 00:00:00-05:00,824.0,834.4199829101562,820.4500122070312,825.6799926757812,817.9610595703125,691800,0.0,0.0
2024-11-12 00:00:00-05:00,824.3099975585938,831.0,817.1400146484375,821.0,813.3248901367188,677600,0.0,0.0
2024-11-13 00:00:00-05:00,815.4500122070312,823.5599975585938,803.3300170898438,804.3300170898438,796.8106689453125,589500,0.0,0.0
2024-11-14 00:00:00-05:00,800.1500244140625,803.4199829101562,780.9500122070312,782.510009765625,775.1946411132812,1086900,0.0,0.0
2024-11-15 00:00:00-05:00,782.780029296875,783.0999755859375,753.6900024414062,756.8099975585938,749.73486328125,1374500,0.0,0.0
2024-11-18 00:00:00-05:00,751.969970703125,762.7000122070312,750.2000122070312,762.0,754.8764038085938,1027800,0.0,0.0
2024-11-19 00:00:00-05:00,756.5599975585938,758.5999755859375,736.1900024414062,744.5999755859375,737.6389770507812,979900,0.0,0.0
2024-11-20 00:00:00-05:00,742.1900024414062,750.6900024414062,736.010009765625,743.3499755859375,736.4006958007812,654500,0.0,0.0
2024-11-21 00:00:00-05:00,744.8699951171875,757.5599975585938,735.9500122070312,744.5,737.5400390625,973000,0.0,0.0
2024-11-22 00:00:00-05:00,744.7000122070312,751.4000244140625,737.6300048828125,738.0,731.1007690429688,1029400,0.0,0.0
2024-11-25 00:00:00-05:00,747.969970703125,757.8599853515625,741.6199951171875,749.510009765625,742.5032348632812,1196400,0.0,0.0
2024-11-26 00:00:00-05:00,743.1900024414062,754.1799926757812,736.5,753.030029296875,745.9903564453125,779800,0.0,0.0
2024-11-27 00:00:00-05:00,756.719970703125,762.1599731445312,749.52001953125,754.8699951171875,747.8130493164062,544800,0.0,0.0
2024-11-29 00:00:00-05:00,746.6199951171875,754.510009765625,740.0,750.219970703125,743.20654296875,489800,0.0,0.0
2024-12-02 00:00:00-05:00,750.010009765625,763.8900146484375,748.4099731445312,762.3400268554688,755.2133178710938,896200,0.0,0.0
2024-12-03 00:00:00-05:00,758.530029296875,770.0,747.5700073242188,749.5700073242188,742.5626831054688,649800,0.0,0.0
2024-12-04 00:00:00-05:00,748.5599975585938,756.1300048828125,744.1400146484375,754.260009765625,747.2088012695312,731800,0.0,0.0
2024-12-05 00:00:00-05:00,751.5499877929688,768.02001953125,749.6900024414062,767.9000244140625,760.7213134765625,779000,0.0,0.0
2024-12-06 00:00:00-05:00,768.6400146484375,778.1199951171875,765.1599731445312,778.0,770.7268676757812,813700,0.0,0.0
2024-12-09 00:00:00-05:00,777.0,800.989990234375,773.0,788.0,780.63330078125,1027300,0.0,0.0
2024-12-10 00:00:00-05:00,784.0999755859375,791.489990234375,762.7000122070312,778.5,771.22216796875,1298500,0.0,0.0
2024-12-11 00:00:00-05:00,778.1500244140625,781.3200073242188,766.8699951171875,773.0,765.7734985351562,776800,0.0,0.0
2024-12-12 00:00:00-05:00,773.1199951171875,778.72998046875,740.4600219726562,740.969970703125,734.0430297851562,924000,0.0,0.0
2024-12-13 00:00:00-05:00,738.4500122070312,740.1699829101562,728.6799926757812,731.2999877929688,724.4634399414062,696900,0.0,0.0
2024-12-16 00:00:00-05:00,730.52001953125,739.3900146484375,722.22998046875,724.8699951171875,718.0935668945312,920100,0.0,0.0
2024-12-17 00:00:00-05:00,721.3699951171875,744.7999877929688,721.0800170898438,740.010009765625,733.0921020507812,978700,0.0,0.0
2024-12-18 00:00:00-05:00,735.2100219726562,745.0,712.2999877929688,714.6199951171875,707.9393310546875,907800,0.0,0.0
2024-12-19 00:00:00-05:00,711.0,714.0499877929688,693.0,708.25,701.62890625,1086700,0.0,0.0
2024-12-20 00:00:00-05:00,710.2000122070312,717.6099853515625,700.8300170898438,701.8499755859375,695.2887573242188,1890000,0.0,0.0
2024-12-23 00:00:00-05:00,708.3800048828125,718.1900024414062,706.1599731445312,715.1300048828125,708.4446411132812,866500,0.0,0.0
2024-12-24 00:00:00-05:00,712.2999877929688,720.0,706.1500244140625,714.469970703125,707.790771484375,382100,0.0,0.0
2024-12-26 00:00:00-05:00,709.0800170898438,718.489990234375,709.0800170898438,716.6799926757812,709.9801025390625,619200,0.0,0.0
2024-12-27 00:00:00-05:00,710.52001953125,718.989990234375,709.0900268554688,712.4000244140625,705.7401733398438,795600,0.0,0.0
2024-12-30 00:00:00-05:00,708.0399780273438,708.969970703125,700.4199829101562,702.5900268554688,696.0218505859375,537200,0.0,0.0
2024-12-31 00:00:00-05:00,703.9000244140625,713.0,703.3900146484375,712.3300170898438,705.6707763671875,473500,0.0,0.0
2025-01-02 00:00:00-05:00,720.8599853515625,726.8099975585938,711.9199829101562,715.1900024414062,708.5040893554688,479000,0.0,0.0
2025-01-03 00:00:00-05:00,716.0700073242188,722.0,714.760009765625,718.1500244140625,711.4363403320312,558000,0.0,0.0
2025-01-06 00:00:00-05:00,715.0,733.6900024414062,713.75,716.260009765625,709.5640258789062,820300,0.0,0.0
2025-01-07 00:00:00-05:00,716.3400268554688,734.4400024414062,716.3400268554688,730.2999877929688,723.4727783203125,802500,0.0,0.0
2025-01-08 00:00:00-05:00,728.0399780273438,743.280029296875,725.5999755859375,733.5900268554688,726.7320556640625,758800,0.0,0.0
2025-01-10 00:00:00-05:00,721.3300170898438,724.72998046875,691.0,696.8800048828125,690.3651123046875,1117200,0.0,0.0
2025-01-13 00:00:00-05:00,669.239990234375,717.3699951171875,666.25,716.9000244140625,710.1980590820312,1406000,0.0,0.0
2025-01-14 00:00:00-05:00,714.010009765625,715.97998046875,686.0,690.8699951171875,684.411376953125,791700,0.0,0.0
2025-01-15 00:00:00-05:00,700.6099853515625,712.5999755859375,698.2000122070312,703.4299926757812,696.85400390625,880400,0.0,0.0
2025-01-16 00:00:00-05:00,701.0399780273438,706.5399780273438,691.3300170898438,693.22998046875,686.749267578125,853900,0.0,0.0
2025-01-17 00:00:00-05:00,705.3400268554688,707.47998046875,680.8900146484375,681.5800170898438,675.208251953125,1111900,0.0,0.0
2025-01-21 00:00:00-05:00,687.4600219726562,692.9299926757812,681.52001953125,687.7999877929688,681.3699951171875,1145300,0.0,0.0
2025-01-22 00:00:00-05:00,689.77001953125,699.8800048828125,677.6799926757812,680.030029296875,673.6727905273438,945100,0.0,0.0
2025-01-23 00:00:00-05:00,680.5399780273438,696.1900024414062,678.280029296875,694.6400146484375,688.1461791992188,1145000,0.0,0.0
2025-01-24 00:00:00-05:00,688.739990234375,693.8400268554688,675.1099853515625,675.7899780273438,669.472412109375,1021800,0.0,0.0
2025-01-27 00:00:00-05:00,676.72998046875,698.4500122070312,676.72998046875,684.7100219726562,678.3088989257812,1051400,0.0,0.0
2025-01-28 00:00:00-05:00,682.1099853515625,690.2999877929688,678.1300048828125,686.3300170898438,679.9137573242188,640100,0.0,0.0
2025-01-29 00:00:00-05:00,685.9600219726562,697.5700073242188,682.3300170898438,687.27001953125,680.8451538085938,522800,0.0,0.0
2025-01-30 00:00:00-05:00,688.3099975585938,689.6199951171875,674.3300170898438,683.0800170898438,676.6943359375,771800,0.0,0.0
2025-01-31 00:00:00-05:00,677.2899780273438,688.0,671.9600219726562,672.97998046875,666.6886596679688,943800,0.0,0.0
2025-02-03 00:00:00-05:00,668.7999877929688,673.6500244140625,663.4299926757812,666.8499755859375,660.6159057617188,1009200,0.0,0.0
2025-02-04 00:00:00-05:00,650.0,709.97998046875,642.0,697.0499877929688,690.5336303710938,1654500,0.0,0.0
2025-02-05 00:00:00-05:00,708.7999877929688,729.25,700.010009765625,716.719970703125,710.0197143554688,1436100,0.0,0.0
2025-02-06 00:00:00-05:00,713.4199829101562,734.27001953125,713.4199829101562,722.0700073242188,715.3197021484375,1116600,0.0,0.0
2025-02-07 00:00:00-05:00,726.4600219726562,731.4199829101562,709.5499877929688,710.0,703.362548828125,885700,0.0,0.0
2025-02-10 00:00:00-05:00,714.4500122070312,719.780029296875,688.9199829101562,690.3599853515625,683.9061889648438,918500,0.0,0.0
2025-02-11 00:00:00-05:00,680.6300048828125,680.7899780273438,664.1900024414062,665.4600219726562,659.2389526367188,1270800,0.0,0.0
2025-02-12 00:00:00-05:00,659.9600219726562,670.97998046875,655.8499755859375,663.8599853515625,657.6538696289062,1292200,0.0,0.0
2025-02-13 00:00:00-05:00,665.4600219726562,677.6900024414062,661.9400024414062,674.27001953125,667.9666137695312,604700,0.0,0.0
2025-02-14 00:00:00-05:00,678.2000122070312,684.0,671.5499877929688,673.5999755859375,667.3028564453125,623000,0.0,0.0
2025-02-18 00:00:00-05:00,679.6400146484375,689.9500122070312,674.8800048828125,680.0,673.6430053710938,826000,0.0,0.0
2025-02-19 00:00:00-05:00,675.2899780273438,688.6699829101562,675.2899780273438,685.6599731445312,679.2500610351562,638300,0.0,0.0
2025-02-20 00:00:00-05:00,688.0499877929688,703.1400146484375,685.4500122070312,696.02001953125,690.3993530273438,627500,0.88,0.0
2025-02-21 00:00:00-05:00,697.9299926757812,704.0800170898438,693.0700073242188,700.3300170898438,694.6744995117188,727400,0.0,0.0
2025-02-24 00:00:00-05:00,703.9299926757812,725.0,700.4299926757812,713.25,707.4901733398438,896400,0.0,0.0
2025-02-25 00:00:00-05:00,720.0,739.0,715.5,723.469970703125,717.6276245117188,1049900,0.0,0.0
2025-02-26 00:00:00-05:00,721.2899780273438,721.4099731445312,701.0700073242188,706.9400024414062,701.2310791015625,712900,0.0,0.0
2025-02-27 00:00:00-05:00,705.9000244140625,721.0,700.6699829101562,702.780029296875,697.104736328125,568500,0.0,0.0
2025-02-28 00:00:00-05:00,701.3200073242188,708.5800170898438,693.7100219726562,698.739990234375,693.0973510742188,1028800,0.0,0.0
2025-03-03 00:00:00-05:00,701.9099731445312,704.6400146484375,683.4600219726562,684.8699951171875,679.3392944335938,708600,0.0,0.0
2025-03-04 00:00:00-05:00,688.47998046875,697.4600219726562,672.5,675.489990234375,670.03515625,1197600,0.0,0.0
2025-03-05 00:00:00-05:00,673.97998046875,692.7899780273438,673.1500244140625,687.1500244140625,681.6008911132812,828700,0.0,0.0
2025-03-06 00:00:00-05:00,683.0999755859375,701.0,682.260009765625,698.4400024414062,692.7997436523438,866400,0.0,0.0
2025-03-07 00:00:00-05:00,698.6300048828125,729.75,696.4299926757812,707.510009765625,701.7965698242188,1083900,0.0,0.0
2025-03-10 00:00:00-04:00,710.010009765625,748.2899780273438,709.3800048828125,744.8300170898438,738.815185546875,1631300,0.0,0.0
2025-03-11 00:00:00-04:00,746.7000122070312,747.7000122070312,712.3900146484375,718.1599731445312,712.3605346679688,1108100,0.0,0.0
2025-03-12 00:00:00-04:00,709.9400024414062,712.4600219726562,683.4299926757812,689.5,683.9319458007812,808300,0.0,0.0
2025-03-13 00:00:00-04:00,687.4299926757812,698.9500122070312,677.3400268554688,680.6099853515625,675.1137084960938,863700,0.0,0.0
2025-03-14 00:00:00-04:00,680.6099853515625,686.97998046875,657.0,666.8699951171875,661.4846801757812,1306000,0.0,0.0
2025-03-17 00:00:00-04:00,668.260009765625,679.8300170898438,664.6799926757812,678.4199829101562,672.9414672851562,942900,0.0,0.0
2025-03-18 00:00:00-04:00,678.0,678.27001953125,664.2999877929688,664.9600219726562,659.5901489257812,608100,0.0,0.0
2025-03-19 00:00:00-04:00,663.6699829101562,674.5700073242188,659.030029296875,672.3599853515625,666.930419921875,675700,0.0,0.0
2025-03-20 00:00:00-04:00,670.0,674.8300170898438,662.3300170898438,662.6199951171875,657.26904296875,663000,0.0,0.0
2025-03-21 00:00:00-04:00,658.0,661.0,651.0599975585938,658.47998046875,653.1624145507812,1869100,0.0,0.0
2025-03-24 00:00:00-04:00,660.0,667.4600219726562,655.2999877929688,661.0,655.662109375,962400,0.0,0.0
2025-03-25 00:00:00-04:00,662.4500122070312,662.5700073242188,633.0999755859375,634.1400146484375,629.0191040039062,852900,0.0,0.0
2025-03-26 00:00:00-04:00,634.1400146484375,644.0,629.02001953125,640.1400146484375,634.9705810546875,1251900,0.0,0.0
2025-03-27 00:00:00-04:00,641.2100219726562,643.4299926757812,629.9400024414062,635.8300170898438,630.6954345703125,811500,0.0,0.0
2025-03-28 00:00:00-04:00,638.010009765625,642.969970703125,631.4500122070312,637.3599853515625,632.2129516601562,805900,0.0,0.0
2025-03-31 00:00:00-04:00,630.0800170898438,640.719970703125,618.510009765625,634.22998046875,629.1082153320312,1066300,0.0,0.0
2025-04-01 00:00:00-04:00,630.510009765625,641.239990234375,615.0,617.0,612.0174560546875,1059700,0.0,0.0
2025-04-02 00:00:00-04:00,613.530029296875,628.0,610.0999755859375,625.5999755859375,620.5479125976562,902600,0.0,0.0
2025-04-03 00:00:00-04:00,626.25,628.0,607.8800048828125,610.6400146484375,605.7088012695312,1047500,0.0,0.0
2025-04-04 00:00:00-04:00,610.6500244140625,612.989990234375,572.0,573.4500122070312,568.8191528320312,1547700,0.0,0.0
2025-04-07 00:00:00-04:00,569.2000122070312,591.5399780273438,557.8300170898438,572.780029296875,568.1546020507812,1687400,0.0,0.0
2025-04-08 00:00:00-04:00,579.4600219726562,586.030029296875,546.3599853515625,556.8099975585938,552.3134765625,1159700,0.0,0.0
2025-04-09 00:00:00-04:00,538.0,580.72998046875,525.989990234375,576.719970703125,572.0626831054688,1871500,0.0,0.0
2025-04-10 00:00:00-04:00,568.9299926757812,571.989990234375,529.72998046875,546.3900146484375,541.9776611328125,1357800,0.0,0.0
2025-04-11 00:00:00-04:00,548.6300048828125,555.530029296875,533.260009765625,554.1799926757812,549.7046508789062,1170900,0.0,0.0
2025-04-14 00:00:00-04:00,560.4400024414062,574.719970703125,555.3900146484375,571.0599975585938,566.4483642578125,946300,0.0,0.0
2025-04-15 00:00:00-04:00,568.5499877929688,575.2000122070312,553.0,557.9099731445312,553.404541015625,838500,0.0,0.0
2025-04-16 00:00:00-04:00,557.0,561.8300170898438,544.5,549.280029296875,544.8443603515625,875700,0.0,0.0
2025-04-17 00:00:00-04:00,548.0700073242188,564.2100219726562,545.0,563.1599731445312,558.6121826171875,827700,0.0,0.0
2025-04-21 00:00:00-04:00,556.0399780273438,570.3499755859375,552.969970703125,561.489990234375,556.9556274414062,745600,0.0,0.0
2025-04-22 00:00:00-04:00,565.5,587.0999755859375,565.1400146484375,585.489990234375,580.761962890625,1036800,0.0,0.0
2025-04-23 00:00:00-04:00,595.8699951171875,603.77001953125,584.4500122070312,587.8499755859375,583.1028442382812,791900,0.0,0.0
2025-04-24 00:00:00-04:00,590.9299926757812,601.280029296875,586.8099975585938,599.760009765625,594.9165649414062,1317000,0.0,0.0
2025-04-25 00:00:00-04:00,598.3300170898438,602.7899780273438,585.780029296875,602.6400146484375,597.7733764648438,964400,0.0,0.0
2025-04-28 00:00:00-04:00,603.3599853515625,614.8300170898438,601.1900024414062,610.8599853515625,605.927001953125,1175200,0.0,0.0
2025-04-29 00:00:00-04:00,561.75,579.97998046875,542.4400024414062,568.9099731445312,564.3157348632812,2660300,0.0,0.0
2025-04-30 00:00:00-04:00,579.260009765625,600.2000122070312,566.989990234375,598.760009765625,593.9248046875,1679400,0.0,0.0
2025-05-01 00:00:00-04:00,589.77001953125,593.9299926757812,578.5,590.0,585.2354125976562,1190500,0.0,0.0
2025-05-02 00:00:00-04:00,600.0,615.6099853515625,599.0800170898438,605.6099853515625,600.7193603515625,1606400,0.0,0.0
2025-05-05 00:00:00-04:00,606.8900146484375,611.0399780273438,601.7999877929688,603.5800170898438,598.705810546875,1124300,0.0,0.0
2025-05-06 00:00:00-04:00,601.010009765625,606.8699951171875,557.6400146484375,558.52001953125,554.0096435546875,1510900,0.0,0.0
2025-05-07 00:00:00-04:00,561.7899780273438,568.1300048828125,556.3599853515625,560.9299926757812,556.4002075195312,1140500,0.0,0.0
2025-05-08 00:00:00-04:00,547.8800048828125,552.5700073242188,520.5,547.6699829101562,543.2472534179688,2709200,0.0,0.0
2025-05-09 00:00:00-04:00,549.0,552.8400268554688,527.1300048828125,527.780029296875,523.5178833007812,1499000,0.0,0.0
2025-05-12 00:00:00-04:00,543.8200073242188,577.989990234375,535.2899780273438,575.6300048828125,570.9815063476562,1898300,0.0,0.0
2025-05-13 00:00:00-04:00,571.4500122070312,575.0499877929688,558.4500122070312,574.1599731445312,569.5233764648438,1149900,0.0,0.0
2025-05-14 00:00:00-04:00,576.3499755859375,580.5599975585938,567.5900268554688,571.3599853515625,566.7459106445312,1664500,0.0,0.0
2025-05-15 00:00:00-04:00,576.1300048828125,585.260009765625,564.9099731445312,584.989990234375,580.2659301757812,1301800,0.0,0.0
2025-05-16 00:00:00-04:00,588.22998046875,595.1900024414062,581.489990234375,594.3200073242188,589.5206298828125,936900,0.0,0.0
2025-05-19 00:00:00-04:00,588.47998046875,598.5599975585938,586.6799926757812,596.5399780273438,591.7225341796875,666300,0.0,0.0
2025-05-20 00:00:00-04:00,595.010009765625,615.4500122070312,595.010009765625,614.7899780273438,610.7261962890625,1102100,0.88,0.0
2025-05-21 00:00:00-04:00,613.0499877929688,617.52001953125,597.9199829101562,604.6199951171875,600.6234130859375,1089300,0.0,0.0
2025-05-22 00:00:00-04:00,603.2000122070312,605.5,592.72998046875,596.8499755859375,592.9048461914062,867200,0.0,0.0
2025-05-23 00:00:00-04:00,586.8499755859375,591.6400146484375,582.3699951171875,588.3400268554688,584.4509887695312,656300,0.0,0.0
2025-05-27 00:00:00-04:00,603.0900268554688,608.1699829101562,590.7999877929688,603.260009765625,599.2724609375,876100,0.0,0.0
2025-05-28 00:00:00-04:00,603.260009765625,606.0,590.1500244140625,591.8499755859375,587.937744140625,1008300,0.0,0.0
2025-05-29 00:00:00-04:00,597.0599975585938,605.72998046875,591.02001953125,605.3900146484375,601.3883666992188,756700,0.0,0.0
2025-05-30 00:00:00-04:00,517.6599731445312,519.780029296875,485.0,490.2799987792969,487.03924560546875,6313100,0.0,0.0
2025-06-02 00:00:00-04:00,491.0899963378906,502.55999755859375,481.5799865722656,490.80999755859375,487.56573486328125,2944300,0.0,0.0
2025-06-03 00:00:00-04:00,490.7900085449219,501.1099853515625,485.3399963378906,487.8599853515625,484.63519287109375,2141600,0.0,0.0
2025-06-04 00:00:00-04:00,491.7099914550781,499.8999938964844,482.989990234375,484.92999267578125,481.7245788574219,1870700,0.0,0.0
2025-06-05 00:00:00-04:00,486.0,491.7699890136719,476.489990234375,483.07000732421875,479.87689208984375,1791100,0.0,0.0
2025-06-06 00:00:00-04:00,485.5400085449219,499.8800048828125,485.0,493.2200012207031,489.95977783203125,1497900,0.0,0.0
2025-06-09 00:00:00-04:00,498.0,518.27001953125,494.4200134277344,517.5999755859375,514.1785278320312,1983100,0.0,0.0
2025-06-10 00:00:00-04:00,520.0,529.989990234375,518.1599731445312,523.530029296875,520.0694580078125,1175000,0.0,0.0
2025-06-11 00:00:00-04:00,525.77001953125,528.3699951171875,516.0999755859375,518.5999755859375,515.1720581054688,963100,0.0,0.0
2025-06-12 00:00:00-04:00,517.22998046875,525.219970703125,512.969970703125,521.8400268554688,518.3905639648438,873200,0.0,0.0
2025-06-13 00:00:00-04:00,518.25,529.5499877929688,514.97998046875,529.239990234375,525.74169921875,951500,0.0,0.0
2025-06-16 00:00:00-04:00,532.8800048828125,538.2000122070312,520.219970703125,522.6799926757812,519.22509765625,1325800,0.0,0.0
2025-06-17 00:00:00-04:00,519.27001953125,523.010009765625,508.70001220703125,508.8599853515625,505.4963684082031,890400,0.0,0.0
2025-06-18 00:00:00-04:00,508.510009765625,519.1699829101562,503.25,513.5800170898438,510.1851806640625,841000,0.0,0.0
2025-06-20 00:00:00-04:00,521.0499877929688,521.3099975585938,506.3800048828125,509.7200012207031,506.3506774902344,2259300,0.0,0.0
2025-06-23 00:00:00-04:00,510.0,516.1799926757812,507.6099853515625,511.9200134277344,508.5361633300781,1076000,0.0,0.0
2025-06-24 00:00:00-04:00,515.7899780273438,527.4500122070312,515.7899780273438,522.27001953125,518.8178100585938,970600,0.0,0.0
2025-06-25 00:00:00-04:00,521.4000244140625,525.6300048828125,516.989990234375,520.2899780273438,516.8508911132812,639500,0.0,0.0
2025-06-26 00:00:00-04:00,520.0,524.52001953125,514.7899780273438,521.0,517.55615234375,965500,0.0,0.0
2025-06-27 00:00:00-04:00,521.7899780273438,531.2100219726562,517.3900146484375,521.0,517.55615234375,1607800,0.0,0.0
2025-06-30 00:00:00-04:00,520.2100219726562,526.0800170898438,518.9000244140625,525.0,521.5297241210938,1013200,0.0,0.0
2025-07-01 00:00:00-04:00,523.969970703125,548.0399780273438,521.0,534.9099731445312,531.3742065429688,1200700,0.0,0.0
2025-07-02 00:00:00-04:00,533.6599731445312,551.5,529.6900024414062,547.739990234375,544.119384765625,818100,0.0,0.0
2025-07-03 00:00:00-04:00,547.75,555.0,546.6099853515625,547.3599853515625,543.7418823242188,456400,0.0,0.0
2025-07-07 00:00:00-04:00,546.0,547.5900268554688,532.5999755859375,538.1099853515625,534.5530395507812,960300,0.0,0.0
2025-07-08 00:00:00-04:00,538.8699951171875,559.4600219726562,537.4500122070312,547.75,544.1293334960938,847100,0.0,0.0
2025-07-09 00:00:00-04:00,547.0999755859375,558.3800048828125,545.3800048828125,552.5800170898438,548.927490234375,843800,0.0,0.0
2025-07-10 00:00:00-04:00,554.3800048828125,566.3699951171875,550.1099853515625,559.760009765625,556.0599365234375,827300,0.0,0.0
2025-07-11 00:00:00-04:00,558.3900146484375,568.4600219726562,551.47998046875,567.739990234375,563.9871826171875,844600,0.0,0.0
2025-07-14 00:00:00-04:00,566.0999755859375,575.1300048828125,562.0,570.5900268554688,566.818359375,717100,0.0,0.0
2025-07-15 00:00:00-04:00,574.1500244140625,574.75,546.280029296875,547.9600219726562,544.3379516601562,998400,0.0,0.0
2025-07-16 00:00:00-04:00,550.0,558.3499755859375,546.5700073242188,547.9299926757812,544.30810546875,1089900,0.0,0.0
2025-07-17 00:00:00-04:00,545.6699829101562,554.47998046875,542.010009765625,550.0,546.364501953125,989200,0.0,0.0
2025-07-18 00:00:00-04:00,550.0,550.8900146484375,541.5,542.52001953125,538.9339599609375,1307800,0.0,0.0
2025-07-21 00:00:00-04:00,543.4400024414062,552.97998046875,542.5,545.530029296875,541.924072265625,709100,0.0,0.0
2025-07-22 00:00:00-04:00,546.9199829101562,563.0,546.9199829101562,560.9299926757812,557.2222290039062,976700,0.0,0.0
2025-07-23 00:00:00-04:00,568.1199951171875,576.7000122070312,563.010009765625,572.3900146484375,568.6065063476562,891100,0.0,0.0
2025-07-24 00:00:00-04:00,572.5399780273438,577.72998046875,563.6699829101562,564.6400146484375,560.9076538085938,1037600,0.0,0.0
2025-07-25 00:00:00-04:00,565.4099731445312,567.2100219726562,555.5,563.0999755859375,559.3779296875,755800,0.0,0.0
2025-07-28 00:00:00-04:00,563.530029296875,567.9500122070312,558.5399780273438,558.6300048828125,554.9374389648438,588400,0.0,0.0
2025-07-29 00:00:00-04:00,558.0,559.6099853515625,552.0,558.1500244140625,554.4606323242188,814900,0.0,0.0
2025-07-30 00:00:00-04:00,560.4500122070312,563.5900268554688,550.489990234375,554.5800170898438,550.9141235351562,564900,0.0,0.0
2025-07-31 00:00:00-04:00,550.010009765625,558.1300048828125,541.6099853515625,545.4600219726562,541.8544921875,1413900,0.0,0.0
2025-08-01 00:00:00-04:00,583.010009765625,583.280029296875,542.8900146484375,558.8699951171875,555.17578125,1656400,0.0,0.0
2025-08-04 00:00:00-04:00,566.97998046875,577.2100219726562,562.010009765625,571.5399780273438,567.7620849609375,1362500,0.0,0.0
2025-08-05 00:00:00-04:00,570.25,579.8200073242188,568.5,569.9000244140625,566.1329345703125,993300,0.0,0.0
2025-08-06 00:00:00-04:00,569.0,573.469970703125,550.5,555.1300048828125,551.4605712890625,865000,0.0,0.0
2025-08-07 00:00:00-04:00,557.6599731445312,565.47998046875,553.0499877929688,559.7999877929688,556.0996704101562,811200,0.0,0.0
2025-08-08 00:00:00-04:00,559.7999877929688,567.6900024414062,558.0599975585938,563.0,559.2785034179688,1024300,0.0,0.0
2025-08-11 00:00:00-04:00,561.52001953125,572.5800170898438,544.1599731445312,545.9400024414062,542.331298828125,1103900,0.0,0.0
2025-08-12 00:00:00-04:00,547.9400024414062,562.739990234375,547.0900268554688,556.5499877929688,552.8711547851562,766000,0.0,0.0
2025-08-13 00:00:00-04:00,557.0800170898438,565.5,552.0,561.5499877929688,557.8380737304688,1096100,0.0,0.0
2025-08-14 00:00:00-04:00,560.9000244140625,573.489990234375,558.0,565.969970703125,562.2288818359375,976300,0.0,0.0
2025-08-15 00:00:00-04:00,577.9600219726562,581.9500122070312,570.8400268554688,580.4099731445312,576.573486328125,1122200,0.0,0.0
2025-08-18 00:00:00-04:00,582.0900268554688,585.0,573.8099975585938,573.9099731445312,570.9821166992188,769400,0.88,0.0
2025-08-19 00:00:00-04:00,575.2999877929688,581.6900024414062,570.7999877929688,571.780029296875,568.8630981445312,854600,0.0,0.0
2025-08-20 00:00:00-04:00,572.3300170898438,596.9199829101562,570.3900146484375,591.010009765625,587.9949340820312,1298500,0.0,0.0
2025-08-21 00:00:00-04:00,586.8699951171875,605.1799926757812,585.0999755859375,598.1599731445312,595.1083984375,1010000,0.0,0.0
2025-08-22 00:00:00-04:00,602.3499755859375,610.4500122070312,585.5,589.47998046875,586.47265625,1439400,0.0,0.0
2025-08-25 00:00:00-04:00,591.0599975585938,594.8800048828125,572.25,572.3800048828125,569.4598999023438,880900,0.0,0.0
2025-08-26 00:00:00-04:00,573.0,588.0999755859375,567.0800170898438,587.6500244140625,584.6520385742188,1614400,0.0,0.0
2025-08-27 00:00:00-04:00,591.8699951171875,597.02001953125,585.5,586.9600219726562,583.9656372070312,584100,0.0,0.0
2025-08-28 00:00:00-04:00,586.4299926757812,590.9600219726562,575.0399780273438,579.6099853515625,576.6530151367188,616600,0.0,0.0
2025-08-29 00:00:00-04:00,577.1500244140625,581.25,575.8900146484375,580.7000122070312,577.7374877929688,574300,0.0,0.0
2025-09-02 00:00:00-04:00,580.5399780273438,585.489990234375,570.3499755859375,577.9000244140625,574.9517822265625,1020200,0.0,0.0
2025-09-03 00:00:00-04:00,581.989990234375,588.7000122070312,562.7899780273438,563.7999877929688,560.9236450195312,1118500,0.0,0.0
2025-09-04 00:00:00-04:00,568.010009765625,581.97998046875,559.6199951171875,567.219970703125,564.3262329101562,1124300,0.0,0.0
2025-09-05 00:00:00-04:00,565.1500244140625,577.75,565.0,573.3800048828125,570.454833984375,960400,0.0,0.0
2025-09-08 00:00:00-04:00,571.2000122070312,571.2000122070312,552.8099975585938,558.4400024414062,555.591064453125,1250400,0.0,0.0
2025-09-09 00:00:00-04:00,557.0,563.5700073242188,554.7999877929688,556.530029296875,553.6907958984375,873200,0.0,0.0
2025-09-10 00:00:00-04:00,555.2100219726562,560.0,552.97998046875,555.8300170898438,552.9943237304688,874700,0.0,0.0
2025-09-11 00:00:00-04:00,555.8099975585938,570.760009765625,555.8099975585938,568.2000122070312,565.30126953125,868200,0.0,0.0
2025-09-12 00:00:00-04:00,567.3400268554688,570.0,559.4500122070312,560.0,557.1431274414062,602600,0.0,0.0
2025-09-15 00:00:00-04:00,558.5399780273438,573.6900024414062,558.5399780273438,572.5900268554688,569.6688842773438,995700,0.0,0.0
2025-09-16 00:00:00-04:00,573.4299926757812,579.4000244140625,567.2999877929688,575.0599975585938,572.126220703125,707900,0.0,0.0
2025-09-17 00:00:00-04:00,576.3099975585938,587.6699829101562,576.3099975585938,585.5,582.5130004882812,921500,0.0,0.0
2025-09-18 00:00:00-04:00,589.52001953125,600.0,583.9199829101562,598.7100219726562,595.6556396484375,1267000,0.0,0.0
2025-09-19 00:00:00-04:00,602.5399780273438,603.469970703125,591.0,591.989990234375,588.9698486328125,2178000,0.0,0.0
2025-09-22 00:00:00-04:00,593.0,600.75,588.6699829101562,595.6799926757812,592.6410522460938,904900,0.0,0.0
2025-09-23 00:00:00-04:00,580.0,582.0,565.4500122070312,567.8900146484375,564.9927978515625,1362200,0.0,0.0
2025-09-24 00:00:00-04:00,567.8900146484375,577.97998046875,566.0,576.97998046875,574.0364379882812,777300,0.0,0.0
2025-09-25 00:00:00-04:00,577.2999877929688,579.0,549.2000122070312,555.510009765625,552.676025390625,1394200,0.0,0.0
2025-09-26 00:00:00-04:00,562.0,564.6099853515625,550.7100219726562,563.9000244140625,561.023193359375,838600,0.0,0.0
2025-09-29 00:00:00-04:00,563.9000244140625,564.9099731445312,557.3400268554688,560.75,557.8892211914062,922400,0.0,0.0
2025-09-30 00:00:00-04:00,560.5800170898438,574.0399780273438,555.0,562.27001953125,559.4014892578125,1662500,0.0,0.0
2025-10-01 00:00:00-04:00,570.8699951171875,615.3900146484375,569.989990234375,599.9400024414062,596.87939453125,2083200,0.0,0.0
2025-10-02 00:00:00-04:00,600.4199829101562,605.4099731445312,596.5999755859375,600.0,596.93896484375,1096500,0.0,0.0
2025-10-03 00:00:00-04:00,602.0900268554688,618.010009765625,599.8699951171875,600.0,596.93896484375,1154500,0.0,0.0
2025-10-06 00:00:00-04:00,602.0,603.6500244140625,584.4099731445312,585.47998046875,582.4931030273438,1072400,0.0,0.0
2025-10-07 00:00:00-04:00,587.5900268554688,591.4500122070312,578.4199829101562,583.239990234375,580.2645263671875,656400,0.0,0.0
2025-10-08 00:00:00-04:00,584.010009765625,605.0,560.969970703125,563.8599853515625,560.9833984375,1415800,0.0,0.0
2025-10-09 00:00:00-04:00,569.02001953125,574.719970703125,563.510009765625,569.9000244140625,566.9926147460938,853300,0.0,0.0
2025-10-10 00:00:00-04:00,569.2899780273438,577.1699829101562,555.5399780273438,564.6300048828125,561.7494506835938,1495000,0.0,0.0
2025-10-13 00:00:00-04:00,551.5,563.77001953125,541.0,557.72998046875,554.8846435546875,1426400,0.0,0.0
2025-10-14 00:00:00-04:00,556.9199829101562,576.1799926757812,553.8699951171875,572.5999755859375,569.6788330078125,1010600,0.0,0.0
2025-10-15 00:00:00-04:00,575.030029296875,584.8699951171875,569.02001953125,576.4199829101562,573.4793090820312,927700,0.0,0.0
2025-10-16 00:00:00-04:00,583.010009765625,589.0800170898438,564.0,569.1699829101562,566.2662963867188,842200,0.0,0.0
2025-10-17 00:00:00-04:00,570.3499755859375,579.0399780273438,566.1099853515625,578.0499877929688,575.1010131835938,745700,0.0,0.0
2025-10-20 00:00:00-04:00,579.4099731445312,582.6500244140625,574.22998046875,576.77001953125,573.8275146484375,639100,0.0,0.0
2025-10-21 00:00:00-04:00,574.5999755859375,582.4099731445312,572.8200073242188,579.3400268554688,576.3843994140625,651600,0.0,0.0
2025-10-22 00:00:00-04:00,580.2100219726562,588.7100219726562,578.5999755859375,584.739990234375,581.7568969726562,691200,0.0,0.0
2025-10-23 00:00:00-04:00,579.6799926757812,584.0,572.75,575.6900024414062,572.7530517578125,778800,0.0,0.0
2025-10-24 00:00:00-04:00,579.6500244140625,582.7000122070312,576.2000122070312,577.9500122070312,575.0015258789062,875400,0.0,0.0
2025-10-27 00:00:00-04:00,580.5,586.1500244140625,575.9299926757812,585.3099975585938,582.3239135742188,1246100,0.0,0.0
2025-10-28 00:00:00-04:00,612.02001953125,655.7000122070312,605.030029296875,654.47998046875,651.1410522460938,2126800,0.0,0.0
2025-10-29 00:00:00-04:00,650.4099731445312,659.97998046875,637.6599731445312,652.9099731445312,649.5790405273438,1751500,0.0,0.0
2025-10-30 00:00:00-04:00,645.5599975585938,664.0,643.9199829101562,654.0399780273438,650.7033081054688,1120700,0.0,0.0
2025-10-31 00:00:00-04:00,649.4500122070312,660.0,645.0,651.7999877929688,648.4747924804688,797900,0.0,0.0
2025-11-03 00:00:00-05:00,657.4600219726562,657.4600219726562,627.5,642.25,638.9735107421875,810300,0.0,0.0
2025-11-04 00:00:00-05:00,643.780029296875,646.219970703125,625.1400146484375,628.0,624.796142578125,1030900,0.0,0.0
2025-11-05 00:00:00-05:00,631.0999755859375,646.8900146484375,628.0,644.1900024414062,640.9036254882812,724300,0.0,0.0
2025-11-06 00:00:00-05:00,640.8300170898438,657.0,640.8300170898438,646.8699951171875,643.5698852539062,916600,0.0,0.0
2025-11-07 00:00:00-05:00,650.3499755859375,658.2100219726562,640.989990234375,657.530029296875,654.1754760742188,782800,0.0,0.0
2025-11-10 00:00:00-05:00,656.0,665.989990234375,653.1900024414062,654.739990234375,651.3997192382812,824800,0.0,0.0
2025-11-11 00:00:00-05:00,651.47998046875,676.3300170898438,651.3800048828125,674.5499877929688,671.1087036132812,977200,0.0,0.0
2025-11-12 00:00:00-05:00,678.8900146484375,690.780029296875,672.6699829101562,681.719970703125,678.2421264648438,1208300,0.0,0.0
2025-11-13 00:00:00-05:00,683.0,713.5800170898438,679.9299926757812,694.989990234375,691.4443969726562,1505300,0.0,0.0
2025-11-14 00:00:00-05:00,697.1900024414062,699.27001953125,685.9500122070312,693.5,689.9620361328125,907000,0.0,0.0
2025-11-17 00:00:00-05:00,693.3400268554688,711.8800048828125,692.2899780273438,704.3099975585938,700.7168579101562,1132900,0.0,0.0
2025-11-18 00:00:00-05:00,702.510009765625,727.969970703125,699.219970703125,725.3400268554688,721.6395874023438,1368700,0.0,0.0
2025-11-19 00:00:00-05:00,727.8099975585938,727.8099975585938,702.6300048828125,702.75,699.1648559570312,1383600,0.0,0.0
2025-11-20 00:00:00-05:00,725.0,753.510009765625,720.02001953125,737.0,734.159423828125,2296800,0.88,0.0
2025-11-21 00:00:00-05:00,736.010009765625,764.0900268554688,735.739990234375,755.9000244140625,752.986572265625,1427700,0.0,0.0
2025-11-24 00:00:00-05:00,759.0499877929688,773.1300048828125,756.6400146484375,761.4500122070312,758.5151977539062,1554900,0.0,0.0
2025-11-25 00:00:00-05:00,764.8800048828125,790.5700073242188,760.010009765625,787.3200073242188,784.2855224609375,1200400,0.0,0.0
2025-11-26 00:00:00-05:00,785.719970703125,790.97998046875,777.0,784.6099853515625,781.5859375,871700,0.0,0.0
2025-11-28 00:00:00-05:00,784.7000122070312,788.97998046875,779.5,780.1900024414062,777.1829833984375,510400,0.0,0.0
2025-12-01 00:00:00-05:00,775.5999755859375,779.9199829101562,748.1500244140625,750.1099853515625,747.2189331054688,992000,0.0,0.0
2025-12-02 00:00:00-05:00,742.1199951171875,747.0,731.0,742.0,739.1401977539062,924600,0.0,0.0
2025-12-03 00:00:00-05:00,730.3599853515625,744.22998046875,720.0700073242188,723.6699829101562,720.8807983398438,1238500,0.0,0.0
2025-12-04 00:00:00-05:00,732.4500122070312,735.0,721.219970703125,722.7999877929688,720.01416015625,1067100,0.0,0.0
2025-12-05 00:00:00-05:00,723.0,736.1500244140625,717.260009765625,718.3599853515625,715.59130859375,798300,0.0,0.0
2025-12-08 00:00:00-05:00,723.6900024414062,724.1300048828125,701.75,703.260009765625,700.5494384765625,1005900,0.0,0.0
2025-12-09 00:00:00-05:00,705.1099853515625,711.1500244140625,691.8599853515625,692.5800170898438,689.91064453125,604400,0.0,0.0
2025-12-10 00:00:00-05:00,695.0599975585938,728.0,692.5,726.2100219726562,723.4110717773438,1316500,0.0,0.0
2025-12-11 00:00:00-05:00,726.0800170898438,753.6099853515625,726.0800170898438,746.7999877929688,743.9216918945312,1153900,0.0,0.0
2025-12-12 00:00:00-05:00,741.5900268554688,746.0499877929688,734.3800048828125,741.2899780273438,738.432861328125,804800,0.0,0.0
2025-12-15 00:00:00-05:00,748.8499755859375,756.6699829101562,746.3800048828125,752.6199951171875,749.71923828125,932800,0.0,0.0
2025-12-16 00:00:00-05:00,752.5700073242188,757.3499755859375,734.719970703125,746.3599853515625,743.4833374023438,713200,0.0,0.0
2025-12-17 00:00:00-05:00,746.5499877929688,751.989990234375,743.3300170898438,749.7899780273438,746.900146484375,765900,0.0,0.0
2025-12-18 00:00:00-05:00,747.5399780273438,752.8400268554688,739.22998046875,748.7100219726562,745.8243408203125,1057600,0.0,0.0
2025-12-19 00:00:00-05:00,753.719970703125,773.8499755859375,748.1799926757812,767.9600219726562,765.0001220703125,2335900,0.0,0.0
2025-12-22 00:00:00-05:00,765.8400268554688,783.5999755859375,765.0900268554688,779.3599853515625,776.3561401367188,818000,0.0,0.0
2025-12-23 00:00:00-05:00,777.3599853515625,792.75,777.0,785.1699829101562,782.1437377929688,832000,0.0,0.0
2025-12-24 00:00:00-05:00,787.989990234375,792.77001953125,783.6099853515625,783.7100219726562,780.689453125,267200,0.0,0.0
2025-12-26 00:00:00-05:00,783.7899780273438,788.010009765625,778.0399780273438,784.969970703125,781.9445190429688,321000,0.0,0.0
2025-12-29 00:00:00-05:00,780.5599975585938,785.0499877929688,774.5999755859375,780.5,777.4917602539062,545100,0.0,0.0
2025-12-30 00:00:00-05:00,776.2999877929688,777.77001953125,770.2999877929688,773.9400024414062,770.95703125,383200,0.0,0.0
2025-12-31 00:00:00-05:00,772.0,775.0,769.1699829101562,771.8699951171875,768.89501953125,354800,0.0,0.0
2026-01-02 00:00:00-05:00,774.25,779.75,765.77001953125,776.3099975585938,773.31787109375,464800,0.0,0.0
2026-01-05 00:00:00-05:00,769.719970703125,771.989990234375,753.2000122070312,763.22998046875,760.288330078125,835700,0.0,0.0
2026-01-06 00:00:00-05:00,764.3499755859375,787.6599731445312,763.2000122070312,776.5399780273438,773.5470581054688,935000,0.0,0.0
2026-01-07 00:00:00-05:00,786.1799926757812,814.0999755859375,780.0999755859375,812.27001953125,809.1393432617188,1264700,0.0,0.0
2026-01-08 00:00:00-05:00,805.8099975585938,816.989990234375,800.6799926757812,801.010009765625,797.9226684570312,1049300,0.0,0.0
2026-01-09 00:00:00-05:00,802.969970703125,821.1099853515625,790.8800048828125,796.5499877929688,793.4798583984375,711500,0.0,0.0
2026-01-12 00:00:00-05:00,810.0,811.0900268554688,765.0800170898438,768.0,765.0399169921875,1321100,0.0,0.0
2026-01-13 00:00:00-05:00,765.1599731445312,765.989990234375,743.9400024414062,758.9099731445312,755.9849853515625,946500,0.0,0.0
2026-01-14 00:00:00-05:00,760.5800170898438,766.6400146484375,753.010009765625,754.1400146484375,751.2333984375,668900,0.0,0.0
2026-01-15 00:00:00-05:00,754.8499755859375,756.5,737.0,741.9199829101562,739.0604248046875,865600,0.0,0.0
2026-01-16 00:00:00-05:00,749.0900268554688,749.0900268554688,726.4299926757812,733.0399780273438,730.2146606445312,1682400,0.0,0.0
2026-01-20 00:00:00-05:00,729.4000244140625,737.8699951171875,718.3800048828125,733.780029296875,730.9518432617188,789100,0.0,0.0
2026-01-21 00:00:00-05:00,736.7100219726562,750.0,735.0,749.3300170898438,746.4419555664062,788400,0.0,0.0
2026-01-22 00:00:00-05:00,750.3400268554688,765.0,747.3699951171875,755.510009765625,752.59814453125,765400,0.0,0.0
2026-01-23 00:00:00-05:00,757.3099975585938,762.0,747.2999877929688,753.5499877929688,750.6456298828125,721000,0.0,0.0
2026-01-26 00:00:00-05:00,750.0900268554688,767.2999877929688,750.0900268554688,762.6500244140625,759.7105712890625,934200,0.0,0.0
2026-01-27 00:00:00-05:00,762.469970703125,776.25,761.5,771.25,768.2774658203125,645800,0.0,0.0
2026-01-28 00:00:00-05:00,765.1500244140625,766.989990234375,747.5700073242188,751.1300048828125,748.2349853515625,827900,0.0,0.0
2026-01-29 00:00:00-05:00,755.72998046875,755.72998046875,742.7999877929688,749.4400024414062,746.551513671875,925800,0.0,0.0
2026-01-30 00:00:00-05:00,753.9600219726562,774.3699951171875,735.6099853515625,741.4500122070312,738.59228515625,1317500,0.0,0.0
2026-02-02 00:00:00-05:00,732.9199829101562,763.5599975585938,731.510009765625,755.02001953125,752.1099853515625,693000,0.0,0.0
2026-02-03 00:00:00-05:00,745.530029296875,773.719970703125,742.739990234375,759.1799926757812,756.2539672851562,768700,0.0,0.0
2026-02-04 00:00:00-05:00,765.7999877929688,779.780029296875,765.2100219726562,775.0599975585938,772.07275390625,952000,0.0,0.0
2026-02-05 00:00:00-05:00,777.8300170898438,790.0,760.0,766.6300048828125,763.6752319335938,976500,0.0,0.0
2026-02-06 00:00:00-05:00,769.6300048828125,786.989990234375,764.780029296875,785.510009765625,782.4824829101562,671400,0.0,0.0
2026-02-09 00:00:00-05:00,783.1699829101562,790.0,775.5,780.280029296875,777.2725830078125,586800,0.0,0.0
2026-02-10 00:00:00-05:00,779.72998046875,781.4000244140625,753.0999755859375,754.9099731445312,752.0003662109375,792600,0.0,0.0
2026-02-11 00:00:00-05:00,750.8499755859375,781.4199829101562,745.0700073242188,778.969970703125,775.9675903320312,1123600,0.0,0.0
2026-02-12 00:00:00-05:00,784.7999877929688,796.719970703125,774.719970703125,783.6500244140625,780.629638671875,814300,0.0,0.0
2026-02-13 00:00:00-05:00,788.9199829101562,806.1799926757812,785.0,803.1699829101562,800.0744018554688,974700,0.0,0.0
2026-02-17 00:00:00-05:00,803.47998046875,815.0,783.6199951171875,793.530029296875,790.4715576171875,747100,0.0,0.0
2026-02-18 00:00:00-05:00,793.530029296875,797.0,786.7899780273438,792.1599731445312,789.1067504882812,675900,0.0,0.0
2026-02-19 00:00:00-05:00,790.0,790.0,773.3099975585938,782.3800048828125,779.364501953125,504800,0.0,0.0
2026-02-20 00:00:00-05:00,775.0,781.4600219726562,770.0,779.6699829101562,777.5991821289062,615100,0.94,0.0
2026-02-23 00:00:00-05:00,777.5800170898438,792.1599731445312,777.5800170898438,787.0399780273438,784.9495849609375,510500,0.0,0.0
2026-02-24 00:00:00-05:00,780.469970703125,792.6699829101562,768.75,772.1900024414062,770.1390991210938,628700,0.0,0.0
2026-02-25 00:00:00-05:00,774.1300048828125,791.1099853515625,771.4299926757812,784.280029296875,782.197021484375,750900,0.0,0.0
2026-02-26 00:00:00-05:00,784.280029296875,784.5,753.7899780273438,770.7899780273438,768.7427978515625,772700,0.0,0.0
2026-02-27 00:00:00-05:00,760.9099731445312,786.6799926757812,760.9099731445312,781.6699829101562,779.5939331054688,726400,0.0,0.0
2026-03-02 00:00:00-05:00,771.0999755859375,793.1599731445312,769.6300048828125,790.8099975585938,788.7095947265625,793100,0.0,0.0
2026-03-03 00:00:00-05:00,781.010009765625,794.77001953125,764.489990234375,766.6599731445312,764.623779296875,637200,0.0,0.0
2026-03-04 00:00:00-05:00,767.0499877929688,791.5999755859375,764.239990234375,787.5,785.4083862304688,641400,0.0,0.0
2026-03-05 00:00:00-05:00,780.0,781.989990234375,760.010009765625,764.9299926757812,762.8983764648438,657500,0.0,0.0
2026-03-06 00:00:00-05:00,755.010009765625,762.4000244140625,746.6599731445312,759.8599853515625,757.8418579101562,561900,0.0,0.0
2026-03-09 00:00:00-04:00,759.8599853515625,783.7000122070312,754.9099731445312,781.5999755859375,779.5240478515625,697100,0.0,0.0
2026-03-10 00:00:00-04:00,781.6699829101562,788.6900024414062,771.3400268554688,772.030029296875,769.9795532226562,473300,0.0,0.0
2026-03-11 00:00:00-04:00,769.1699829101562,783.1199951171875,765.0,774.6599731445312,772.6025390625,405200,0.0,0.0
2026-03-12 00:00:00-04:00,764.0599975585938,766.0,744.0,746.6099853515625,744.6270141601562,630400,0.0,0.0
2026-03-13 00:00:00-04:00,754.5499877929688,758.97998046875,741.9000244140625,745.77001953125,743.789306640625,438100,0.0,0.0
2026-03-16 00:00:00-04:00,750.0,763.2999877929688,747.010009765625,756.9099731445312,754.899658203125,396200,0.0,0.0
2026-03-17 00:00:00-04:00,763.530029296875,771.22998046875,755.6400146484375,759.0499877929688,757.0339965820312,437000,0.0,0.0
2026-03-18 00:00:00-04:00,751.219970703125,757.5999755859375,734.5599975585938,744.1199951171875,742.1436157226562,672500,0.0,0.0
2026-03-19 00:00:00-04:00,744.5,750.3200073242188,727.8800048828125,737.4500122070312,735.4913940429688,628300,0.0,0.0
2026-03-20 00:00:00-04:00,738.1699829101562,744.8499755859375,728.6400146484375,732.8699951171875,730.9235229492188,1359900,0.0,0.0
2026-03-23 00:00:00-04:00,745.0,750.0,735.0,736.530029296875,734.5737915039062,535900,0.0,0.0
2026-03-24 00:00:00-04:00,728.510009765625,743.1699829101562,727.9600219726562,741.6900024414062,739.7200927734375,507900,0.0,0.0
2026-03-25 00:00:00-04:00,744.6699829101562,757.97998046875,744.02001953125,749.469970703125,747.4793701171875,553100,0.0,0.0
2026-03-26 00:00:00-04:00,749.4000244140625,761.72998046875,747.77001953125,756.72998046875,754.7200927734375,488600,0.0,0.0
2026-03-27 00:00:00-04:00,756.6500244140625,759.469970703125,736.6400146484375,737.7100219726562,735.7506713867188,492200,0.0,0.0
2026-03-30 00:00:00-04:00,743.8300170898438,757.6799926757812,741.469970703125,749.2899780273438,747.2999267578125,630400,0.0,0.0
2026-03-31 00:00:00-04:00,757.469970703125,774.260009765625,755.7999877929688,772.6400146484375,770.587890625,642600,0.0,0.0
2026-04-01 00:00:00-04:00,775.0,781.2100219726562,769.969970703125,777.25,775.1856079101562,627400,0.0,0.0
2026-04-02 00:00:00-04:00,767.0399780273438,770.1099853515625,745.0,761.8499755859375,759.8265380859375,1000600,0.0,0.0
2026-04-06 00:00:00-04:00,766.8300170898438,768.7999877929688,758.489990234375,763.0399780273438,761.0133666992188,460400,0.0,0.0
2026-04-07 00:00:00-04:00,758.4000244140625,761.9099731445312,747.760009765625,760.27001953125,758.2507934570312,620900,0.0,0.0
2026-04-08 00:00:00-04:00,765.260009765625,775.6300048828125,755.989990234375,775.530029296875,773.47021484375,580400,0.0,0.0
2026-04-09 00:00:00-04:00,764.1500244140625,772.4500122070312,761.5,767.8499755859375,765.8106079101562,596700,0.0,0.0
2026-04-10 00:00:00-04:00,771.47998046875,771.47998046875,739.0900268554688,748.8699951171875,746.8810424804688,751300,0.0,0.0
2026-04-13 00:00:00-04:00,747.739990234375,756.9000244140625,737.3400268554688,746.4600219726562,744.4774780273438,747000,0.0,0.0
2026-04-14 00:00:00-04:00,744.969970703125,757.6799926757812,743.7100219726562,755.510009765625,753.50341796875,637800,0.0,0.0
2026-04-15 00:00:00-04:00,758.6699829101562,760.5800170898438,739.1199951171875,753.9299926757812,751.9276123046875,571100,0.0,0.0
2026-04-16 00:00:00-04:00,749.5599975585938,756.0,742.6900024414062,746.0,744.0186157226562,505000,0.0,0.0
2026-04-17 00:00:00-04:00,754.739990234375,758.6099853515625,746.9099731445312,750.5700073242188,748.5765380859375,513000,0.0,0.0
2026-04-20 00:00:00-04:00,750.0,755.5900268554688,744.0,749.4099731445312,747.4195556640625,493800,0.0,0.0
2026-04-21 00:00:00-04:00,746.2000122070312,751.5399780273438,734.1199951171875,747.3599853515625,745.375,707400,0.0,0.0
2026-04-22 00:00:00-04:00,751.47998046875,755.780029296875,740.469970703125,746.5800170898438,744.5971069335938,901900,0.0,0.0
2026-04-23 00:00:00-04:00,750.989990234375,767.2100219726562,747.260009765625,766.02001953125,763.9854736328125,928700,0.0,0.0
2026-04-24 00:00:00-04:00,760.0,761.9600219726562,736.7100219726562,751.5700073242188,749.5738525390625,809500,0.0,0.0
2026-04-27 00:00:00-04:00,745.469970703125,756.4000244140625,743.6099853515625,744.4400024414062,742.4627685546875,603200,0.0,0.0
2026-04-28 00:00:00-04:00,751.3699951171875,754.0,730.9000244140625,731.77001953125,729.826416015625,569000,0.0,0.0
2026-04-29 00:00:00-04:00,705.1099853515625,708.7999877929688,668.8499755859375,686.3599853515625,684.5370483398438,1835000,0.0,0.0
2026-04-30 00:00:00-04:00,693.0800170898438,708.4400024414062,688.9500122070312,707.0599975585938,705.1820678710938,1096500,0.0,0.0
2026-05-01 00:00:00-04:00,703.02001953125,714.47998046875,700.260009765625,701.4199829101562,699.5570068359375,729100,0.0,0.0
2026-05-04 00:00:00-04:00,702.5599975585938,711.5499877929688,699.75,709.2100219726562,707.3263549804688,554100,0.0,0.0
2026-05-05 00:00:00-04:00,710.72998046875,715.6199951171875,699.22998046875,702.27001953125,700.40478515625,642700,0.0,0.0
2026-05-06 00:00:00-04:00,703.3300170898438,726.1599731445312,702.5,721.0499877929688,719.1348876953125,739900,0.0,0.0
2026-05-07 00:00:00-04:00,718.5,725.3099975585938,707.4299926757812,709.0999755859375,707.2166748046875,774600,0.0,0.0
2026-05-08 00:00:00-04:00,709.2899780273438,717.989990234375,708.3599853515625,714.8900146484375,712.9912719726562,589000,0.0,0.0
2026-05-11 00:00:00-04:00,714.989990234375,727.3900146484375,701.989990234375,712.77001953125,710.8768920898438,1227200,0.0,0.0
2026-05-12 00:00:00-04:00,716.3900146484375,725.5999755859375,710.02001953125,723.4099731445312,721.4885864257812,824300,0.0,0.0
2026-05-13 00:00:00-04:00,721.2899780273438,730.5900268554688,709.510009765625,719.8800048828125,717.9680786132812,879300,0.0,0.0
2026-05-14 00:00:00-04:00,719.0,722.510009765625,710.0599975585938,712.8699951171875,710.9766235351562,767200,0.0,0.0
2026-05-15 00:00:00-04:00,712.6900024414062,717.8900146484375,693.7000122070312,698.25,696.3954467773438,728000,0.0,0.0
2026-05-18 00:00:00-04:00,615.9299926757812,633.0,610.5999755859375,629.6799926757812,628.007568359375,2996600,0.0,0.0
2026-05-19 00:00:00-04:00,630.489990234375,639.989990234375,616.02001953125,630.2999877929688,628.6259155273438,1445100,0.0,0.0
2026-05-20 00:00:00-04:00,634.3200073242188,651.0,633.5999755859375,649.760009765625,649.0021362304688,1165600,0.94,0.0
2026-05-21 00:00:00-04:00,645.0,650.3200073242188,639.8099975585938,642.5900268554688,641.840576171875,1178500,0.0,0.0
2026-05-22 00:00:00-04:00,639.239990234375,644.1199951171875,632.719970703125,638.8800048828125,638.1348266601562,994900,0.0,0.0
2026-05-26 00:00:00-04:00,642.4500122070312,648.5,632.6799926757812,634.6199951171875,633.8798217773438,889800,0.0,0.0
2026-05-27 00:00:00-04:00,634.7999877929688,638.0599975585938,625.0,627.739990234375,627.0078125,1913500,0.0,0.0
2026-05-28 00:00:00-04:00,630.1500244140625,631.72998046875,620.3499755859375,621.52001953125,620.7951049804688,1234400,0.0,0.0
2026-05-29 00:00:00-04:00,620.1099853515625,624.469970703125,609.77001953125,614.780029296875,614.06298828125,2187500,0.0,0.0
2026-06-01 00:00:00-04:00,607.5399780273438,614.0,598.7999877929688,600.6599731445312,599.9594116210938,1079900,0.0,0.0
2026-06-02 00:00:00-04:00,596.52001953125,604.6300048828125,591.52001953125,602.9199829101562,602.216796875,1066700,0.0,0.0
2026-06-03 00:00:00-04:00,600.7899780273438,625.0,599.0,618.9500122070312,618.2280883789062,986700,0.0,0.0
2026-06-04 00:00:00-04:00,628.0700073242188,633.8900146484375,621.1099853515625,628.72998046875,627.9966430664062,974700,0.0,0.0
2026-06-05 00:00:00-04:00,632.260009765625,640.8200073242188,632.0900268554688,635.4500122070312,634.7088623046875,975800,0.0,0.0
2026-06-08 00:00:00-04:00,638.0399780273438,638.9500122070312,608.97998046875,611.3400268554688,610.6270141601562,1259200,0.0,0.0
2026-06-09 00:00:00-04:00,624.1699829101562,628.9000244140625,610.9500122070312,616.1799926757812,615.4613037109375,1190600,0.0,0.0
2026-06-10 00:00:00-04:00,619.0700073242188,619.260009765625,601.219970703125,601.6500244140625,600.9483032226562,816100,0.0,0.0
2026-06-11 00:00:00-04:00,604.3099975585938,618.0999755859375,603.5700073242188,611.47998046875,610.7667846679688,943100,0.0,0.0
2026-06-12 00:00:00-04:00,613.1099853515625,616.5499877929688,605.010009765625,612.1400146484375,611.426025390625,717700,0.0,0.0
2026-06-15 00:00:00-04:00,613.3499755859375,615.9500122070312,608.5900268554688,614.97998046875,614.2626953125,815900,0.0,0.0
2026-06-16 00:00:00-04:00,615.1799926757812,617.5999755859375,608.2100219726562,614.72998046875,614.0130004882812,1007500,0.0,0.0
2026-06-17 00:00:00-04:00,615.1599731445312,620.0,602.1300048828125,607.9299926757812,607.220947265625,1299500,0.0,0.0
2026-06-18 00:00:00-04:00,612.0700073242188,616.239990234375,598.1900024414062,609.9400024414062,609.2285766601562,2609100,0.0,0.0
2026-06-22 00:00:00-04:00,604.4600219726562,613.5599975585938,594.9000244140625,612.5,611.78564453125,1604300,0.0,0.0
2026-06-23 00:00:00-04:00,607.9199829101562,621.7899780273438,607.9199829101562,618.030029296875,617.3092041015625,1279700,0.0,0.0
2026-06-24 00:00:00-04:00,621.6300048828125,631.1799926757812,619.27001953125,623.4299926757812,622.702880859375,839900,0.0,0.0
2026-06-25 00:00:00-04:00,623.1599731445312,634.3099975585938,619.7000122070312,620.1400146484375,619.416748046875,696800,0.0,0.0
2026-06-26 00:00:00-04:00,623.6400146484375,638.760009765625,623.4400024414062,632.9000244140625,632.161865234375,1213600,0.0,0.0
2026-06-29 00:00:00-04:00,635.989990234375,638.2999877929688,626.8599853515625,631.8099975585938,631.0731201171875,734400,0.0,0.0
2026-06-30 00:00:00-04:00,630.9500122070312,634.0599975585938,622.2899780273438,623.5399780273438,622.812744140625,820900,0.0,0.0
2026-07-01 00:00:00-04:00,629.9000244140625,632.8499755859375,623.8900146484375,624.719970703125,623.9913330078125,1170600,0.0,0.0
2026-07-02 00:00:00-04:00,630.52001953125,654.9400024414062,625.7000122070312,654.27001953125,653.5068969726562,1071600,0.0,0.0
2026-07-06 00:00:00-04:00,657.9600219726562,657.9600219726562,637.719970703125,649.8099975585938,649.0521240234375,714300,0.0,0.0
2026-07-07 00:00:00-04:00,663.1799926757812,677.9199829101562,659.02001953125,676.22998046875,675.4412841796875,918700,0.0,0.0
2026-07-08 00:00:00-04:00,669.1099853515625,670.3499755859375,661.4299926757812,662.8800048828125,662.1068725585938,746800,0.0,0.0
2026-07-09 00:00:00-04:00,660.7999877929688,669.1599731445312,660.7999877929688,667.9500122070312,667.1709594726562,672500,0.0,0.0
2026-07-10 00:00:00-04:00,670.0599975585938,676.6599731445312,658.5,664.52001953125,663.7449340820312,581700,0.0,0.0
2026-07-13 00:00:00-04:00,661.6300048828125,665.5999755859375,655.1099853515625,663.0900268554688,662.316650390625,606300,0.0,0.0
2026-07-14 00:00:00-04:00,658.0,663.0999755859375,653.3099975585938,656.1199951171875,655.354736328125,478000,0.0,0.0
2026-07-15 00:00:00-04:00,656.1099853515625,669.0999755859375,648.6599731445312,664.4500122070312,663.675048828125,555400,0.0,0.0
2026-07-16 00:00:00-04:00,666.280029296875,680.2899780273438,661.3800048828125,678.9400024414062,678.1481323242188,730100,0.0,0.0
2026-07-17 00:00:00-04:00,676.0499877929688,691.1300048828125,672.3099975585938,676.6900024414062,675.9007568359375,648300,0.0,0.0
2026-07-20 00:00:00-04:00,674.719970703125,681.739990234375,669.8800048828125,672.1500244140625,671.3660888671875,624800,0.0,0.0
2026-07-21 00:00:00-04:00,672.5499877929688,678.6699829101562,666.8699951171875,675.1900024414062,674.4025268554688,529400,0.0,0.0
2026-07-22 00:00:00-04:00,676.4299926757812,676.7999877929688,648.9000244140625,651.1799926757812,650.4204711914062,872200,0.0,0.0
2026-07-23 00:00:00-04:00,646.47998046875,655.2000122070312,637.7999877929688,651.9099731445312,651.1495971679688,1129400,0.0,0.0
2026-07-24 00:00:00-04:00,658.2899780273438,667.5,654.0499877929688,656.010009765625,655.244873046875,708400,0.0,0.0
2026-07-27 00:00:00-04:00,661.77001953125,678.1199951171875,659.530029296875,667.1699829101562,666.391845703125,650800,0.0,0.0
2026-07-28 00:00:00-04:00,676.9299926757812,696.739990234375,676.4600219726562,695.1799926757812,694.3692016601562,900200,0.0,0.0
2026-07-29 00:00:00-04:00,699.3800048828125,702.5999755859375,691.0,695.4199829101562,694.60888671875,1022100,0.0,0.0
2026-07-30 00:00:00-04:00,701.9000244140625,740.0,694.97998046875,738.3400268554688,737.4788818359375,1460700,0.0,0.0
2026-07-31 00:00:00-04:00,726.6900024414062,764.75,724.7899780273438,762.6300048828125,761.7405395507812,1158300,0.0,0.0
2026-08-03 00:00:00-04:00,769.5399780273438,772.75,756.4400024414062,759.239990234375,758.3544311523438,842600,0.0,0.0
2026-08-04 00:00:00-04:00,753.760009765625,763.5399780273438,747.0,760.6599731445312,759.7727661132812,817300,0.0,0.0
2026-08-05 00:00:00-04:00,767.97998046875,782.5900268554688,763.3099975585938,768.5800170898438,767.68359375,532400,0.0,0.0
2026-08-06 00:00:00-04:00,777.8499755859375,780.9500122070312,762.7899780273438,772.1099853515625,771.2094116210938,783900,0.0,0.0
2026-08-07 00:00:00-04:00,774.469970703125,785.989990234375,767.1699829101562,784.3599853515625,783.4451293945312,837600,0.0,0.0
2026-08-10 00:00:00-04:00,781.719970703125,809.0900268554688,775.8300170898438,808.0499877929688,807.1075439453125,1213700,0.0,0.0
2026-08-11 00:00:00-04:00,808.7999877929688,813.6300048828125,796.6599731445312,797.0,796.0704345703125,939100,0.0,0.0
2026-08-12 00:00:00-04:00,790.5499877929688,801.3599853515625,784.6099853515625,797.989990234375,797.0592651367188,575100,0.0,0.0
2026-08-13 00:00:00-04:00,802.2100219726562,815.7999877929688,794.489990234375,805.969970703125,805.0299072265625,709700,0.0,0.0
2026-08-14 00:00:00-04:00,802.3499755859375,806.5399780273438,792.5700073242188,803.47998046875,802.5428466796875,425600,0.0,0.0
2026-08-17 00:00:00-04:00,801.760009765625,813.1799926757812,795.72998046875,805.9299926757812,804.989990234375,541300,0.0,0.0
2026-08-18 00:00:00-04:00,814.0,821.02001953125,805.9299926757812,810.239990234375,810.239990234375,779000,0.94,0.0
2026-08-19 00:00:00-04:00,817.1699829101562,844.9199829101562,815.3800048828125,840.8400268554688,840.8400268554688,750400,0.0,0.0
2026-08-20 00:00:00-04:00,831.7000122070312,840.8200073242188,826.0499877929688,826.6400146484375,826.6400146484375,596400,0.0,0.0
2026-08-21 00:00:00-04:00,835.739990234375,847.0,826.6400146484375,834.0399780273438,834.0399780273438,786800,0.0,0.0
2026-08-24 00:00:00-04:00,834.510009765625,834.7000122070312,823.4000244140625,828.5,828.5,672000,0.0,0.0
2026-08-25 00:00:00-04:00,829.219970703125,839.9400024414062,823.4400024414062,833.5599975585938,833.5599975585938,505400,0.0,0.0
2026-08-26 00:00:00-04:00,827.780029296875,831.6699829101562,814.7000122070312,814.7899780273438,814.7899780273438,585300,0.0,0.0
2026-08-27 00:00:00-04:00,806.1799926757812,817.6199951171875,804.27001953125,807.7100219726562,807.7100219726562,766800,0.0,0.0
2026-08-28 00:00:00-04:00,809.4000244140625,809.4000244140625,789.0800170898438,794.1900024414062,794.1900024414062,487700,0.0,0.0
2026-08-31 00:00:00-04:00,782.4400024414062,802.780029296875,779.0800170898438,799.0800170898438,799.0800170898438,894100,0.0,0.0
2026-09-01 00:00:00-04:00,808.8599853515625,824.6300048828125,804.3200073242188,823.8200073242188,823.8200073242188,682600,0.0,0.0
2026-09-02 00:00:00-04:00,826.239990234375,854.489990234375,825.77001953125,852.030029296875,852.030029296875,749400,0.0,0.0
2026-09-03 00:00:00-04:00,858.1900024414062,859.3400268554688,837.6300048828125,843.469970703125,843.469970703125,496200,0.0,0.0
2026-09-04 00:00:00-04:00,840.0599975585938,841.5399780273438,825.8300170898438,827.719970703125,827.719970703125,561100,0.0,0.0
2026-09-08 00:00:00-04:00,814.3599853515625,821.1699829101562,799.4199829101562,810.3099975585938,810.3099975585938,556500,0.0,0.0
2026-09-09 00:00:00-04:00,803.8300170898438,808.6300048828125,796.72998046875,807.6500244140625,807.6500244140625,621400,0.0,0.0
2026-09-10 00:00:00-04:00,794.3599853515625,806.1400146484375,792.0,793.260009765625,793.260009765625,526900,0.0,0.0
2026-09-11 00:00:00-04:00,800.0,800.219970703125,780.8099975585938,781.489990234375,781.489990234375,444000,0.0,0.0
2026-09-14 00:00:00-04:00,791.97998046875,798.8400268554688,779.4500122070312,793.739990234375,793.739990234375,591100,0.0,0.0
2026-09-15 00:00:00-04:00,788.530029296875,788.5800170898438,769.5700073242188,774.1099853515625,774.1099853515625,540600,0.0,0.0
2026-09-16 00:00:00-04:00,775.8200073242188,779.97998046875,771.7999877929688,774.6099853515625,774.6099853515625,382900,0.0,0.0
2026-09-17 00:00:00-04:00,781.1799926757812,789.989990234375,774.780029296875,789.4500122070312,789.4500122070312,702800,0.0,0.0
2026-09-18 00:00:00-04:00,787.3400268554688,794.72998046875,779.6500244140625,784.8499755859375,784.8499755859375,2472600,0.0,0.0
2026-09-21 00:00:00-04:00,786.030029296875,801.4400024414062,779.9600219726562,798.1699829101562,798.1699829101562,704400,0.0,0.0
2026-09-22 00:00:00-04:00,802.47998046875,811.6599731445312,791.3099975585938,803.9000244140625,803.9000244140625,600200,0.0,0.0
2026-09-23 00:00:00-04:00,805.22998046875,813.530029296875,790.02001953125,801.8200073242188,801.8200073242188,721100,0.0,0.0
2026-09-24 00:00:00-04:00,801.5900268554688,807.2100219726562,789.3900146484375,796.02001953125,796.02001953125,602600,0.0,0.0
2026-09-25 00:00:00-04:00,803.8699951171875,803.8699951171875,784.1300048828125,788.0399780273438,788.0399780273438,592100,0.0,0.0
2026-09-28 00:00:00-04:00,778.0900268554688,780.9500122070312,750.0,752.25,752.25,1149800,0.0,0.0
2026-09-29 00:00:00-04:00,745.8499755859375,752.469970703125,741.8300170898438,750.510009765625,750.510009765625,804300,0.0,0.0
2026-09-30 00:00:00-04:00,749.8400268554688,763.719970703125,742.9400024414062,758.27001953125,758.27001953125,872400,0.0,0.0
