Date,Open,High,Low,Close,Adj Close,Volume,Dividends,Stock Splits
2010-09-01 00:00:00-04:00,11.59000015258789,11.885000228881836,11.515000343322754,11.84000015258789,8.766377449035645,14365200,0.0,0.0
2010-09-02 00:00:00-04:00,11.829999923706055,12.34000015258789,11.774999618530273,12.329999923706055,9.12917709350586,23932400,0.0,0.0
2010-09-03 00:00:00-04:00,12.489999771118164,12.595000267028809,12.359999656677246,12.53499984741211,9.280956268310547,11773400,0.0,0.0
2010-09-07 00:00:00-04:00,12.444999694824219,12.520000457763672,12.335000038146973,12.4350004196167,9.206915855407715,12830400,0.0,0.0
2010-09-08 00:00:00-04:00,12.444999694824219,12.550000190734863,12.345000267028809,12.390000343322754,9.173602104187012,12205400,0.0,0.0
2010-09-09 00:00:00-04:00,12.484999656677246,12.484999656677246,12.265000343322754,12.414999961853027,9.192109107971191,10329200,0.0,0.0
2010-09-10 00:00:00-04:00,12.470000267028809,12.720000267028809,12.425000190734863,12.699999809265137,9.403124809265137,12798600,0.0,0.0
2010-09-13 00:00:00-04:00,12.774999618530273,13.0,12.774999618530273,12.875,9.532696723937988,17364600,0.0,0.0
2010-09-14 00:00:00-04:00,12.850000381469727,12.9350004196167,12.765000343322754,12.890000343322754,9.543804168701172,12253200,0.0,0.0
2010-09-15 00:00:00-04:00,12.795000076293945,12.890000343322754,12.71500015258789,12.875,9.532696723937988,11151200,0.0,0.0
2010-09-16 00:00:00-04:00,12.8149995803833,12.914999961853027,12.725000381469727,12.864999771118164,9.525290489196777,8368400,0.0,0.0
2010-09-17 00:00:00-04:00,12.925000190734863,12.9399995803833,12.71500015258789,12.765000343322754,9.451249122619629,16694800,0.0,0.0
2010-09-20 00:00:00-04:00,12.805000305175781,13.170000076293945,12.770000457763672,13.140000343322754,9.72890567779541,13225200,0.0,0.0
2010-09-21 00:00:00-04:00,13.104999542236328,13.170000076293945,12.989999771118164,13.079999923706055,9.684478759765625,14358200,0.0,0.0
2010-09-22 00:00:00-04:00,13.119999885559082,13.225000381469727,12.914999961853027,12.96500015258789,9.59933090209961,12248400,0.0,0.0
2010-09-23 00:00:00-04:00,12.824999809265137,13.09000015258789,12.6850004196167,12.725000381469727,9.421634674072266,14068400,0.0,0.0
2010-09-24 00:00:00-04:00,12.925000190734863,13.100000381469727,12.90999984741211,13.0649995803833,9.673370361328125,23203800,0.0,0.0
2010-09-27 00:00:00-04:00,13.015000343322754,13.1899995803833,13.015000343322754,13.074999809265137,9.680774688720703,15232000,0.0,0.0
2010-09-28 00:00:00-04:00,13.1850004196167,13.28499984741211,12.859999656677246,13.069999694824219,9.67707347869873,14969000,0.0,0.0
2010-09-29 00:00:00-04:00,13.09000015258789,13.100000381469727,12.819999694824219,12.899999618530273,9.551206588745117,13066000,0.0,0.0
2010-09-30 00:00:00-04:00,12.96500015258789,13.050000190734863,12.6899995803833,12.774999618530273,9.458651542663574,16740600,0.0,0.0
2010-10-01 00:00:00-04:00,12.944999694824219,13.039999961853027,12.770000457763672,12.970000267028809,9.603033065795898,17455400,0.0,0.0
2010-10-04 00:00:00-04:00,12.899999618530273,12.970000267028809,12.6850004196167,12.845000267028809,9.510481834411621,10910600,0.0,0.0
2010-10-05 00:00:00-04:00,13.03499984741211,13.194999694824219,12.975000381469727,13.125,9.717793464660645,14287200,0.0,0.0
2010-10-06 00:00:00-04:00,13.039999961853027,13.109999656677246,12.869999885559082,13.050000190734863,9.662264823913574,14798000,0.0,0.0
2010-10-07 00:00:00-04:00,13.055000305175781,13.109999656677246,12.90999984741211,13.03499984741211,9.651159286499023,10380400,0.0,0.0
2010-10-08 00:00:00-04:00,13.045000076293945,13.149999618530273,12.835000038146973,13.03499984741211,9.651159286499023,9222400,0.0,0.0
2010-10-11 00:00:00-04:00,12.994999885559082,13.199999809265137,12.9350004196167,12.994999885559082,9.621542930603027,11484400,0.0,0.0
2010-10-12 00:00:00-04:00,13.0,13.649999618530273,12.949999809265137,13.569999694824219,10.047276496887207,29020200,0.0,0.0
2010-10-13 00:00:00-04:00,13.614999771118164,13.675000190734863,13.444999694824219,13.630000114440918,10.091700553894043,14618600,0.0,0.0
2010-10-14 00:00:00-04:00,13.569999694824219,13.880000114440918,13.569999694824219,13.71500015258789,10.154634475708008,14601600,0.0,0.0
2010-10-15 00:00:00-04:00,13.800000190734863,13.800000190734863,13.585000038146973,13.770000457763672,10.195354461669922,11823800,0.0,0.0
2010-10-18 00:00:00-04:00,13.720000267028809,13.770000457763672,13.59000015258789,13.675000190734863,10.125015258789062,10964800,0.0,0.0
2010-10-19 00:00:00-04:00,13.625,13.739999771118164,13.420000076293945,13.539999961853027,10.025063514709473,13655000,0.0,0.0
2010-10-20 00:00:00-04:00,13.539999961853027,13.859999656677246,13.515000343322754,13.725000381469727,10.162036895751953,13356000,0.0,0.0
2010-10-21 00:00:00-04:00,13.739999771118164,13.904999732971191,13.510000228881836,13.645000457763672,10.10280704498291,10634600,0.0,0.0
2010-10-22 00:00:00-04:00,13.520000457763672,14.305000305175781,13.515000343322754,14.244999885559082,10.54704761505127,22770800,0.0,0.0
2010-10-25 00:00:00-04:00,14.274999618530273,14.399999618530273,14.170000076293945,14.194999694824219,10.510031700134277,11396400,0.0,0.0
2010-10-26 00:00:00-04:00,14.114999771118164,14.305000305175781,14.0600004196167,14.265000343322754,10.561854362487793,9513600,0.0,0.0
2010-10-27 00:00:00-04:00,14.104999542236328,14.164999961853027,14.010000228881836,14.130000114440918,10.46190071105957,11134000,0.0,0.0
2010-10-28 00:00:00-04:00,14.225000381469727,14.25,14.015000343322754,14.114999771118164,10.450793266296387,8131600,0.0,0.0
2010-10-29 00:00:00-04:00,14.074999809265137,14.375,14.050000190734863,14.279999732971191,10.57296085357666,13535000,0.0,0.0
2010-11-01 00:00:00-04:00,14.34000015258789,14.494999885559082,14.220000267028809,14.404999732971191,10.665513038635254,11093200,0.0,0.0
2010-11-02 00:00:00-04:00,14.444999694824219,14.569999694824219,14.380000114440918,14.4399995803833,10.691424369812012,9290600,0.0,0.0
2010-11-03 00:00:00-04:00,14.404999732971191,14.645000457763672,14.3100004196167,14.550000190734863,10.772872924804688,13359400,0.0,0.0
2010-11-04 00:00:00-04:00,14.84000015258789,15.0,14.770000457763672,14.875,11.013501167297363,29505400,0.0,0.0
2010-11-05 00:00:00-04:00,15.28499984741211,15.649999618530273,15.175000190734863,15.4350004196167,11.428128242492676,36640600,0.0,0.0
2010-11-08 00:00:00-05:00,15.244999885559082,15.449999809265137,15.09000015258789,15.3149995803833,11.339279174804688,15613000,0.0,0.0
2010-11-09 00:00:00-05:00,15.420000076293945,15.420000076293945,14.994999885559082,15.085000038146973,11.168985366821289,15047600,0.0,0.0
2010-11-10 00:00:00-05:00,15.050000190734863,15.375,15.0,15.234999656677246,11.280046463012695,15171400,0.0,0.0
2010-11-11 00:00:00-05:00,15.050000190734863,15.475000381469727,15.005000114440918,15.369999885559082,11.380003929138184,11397400,0.0,0.0
2010-11-12 00:00:00-05:00,15.354999542236328,15.354999542236328,14.920000076293945,15.095000267028809,11.176390647888184,12922000,0.0,0.0
2010-11-15 00:00:00-05:00,15.045000076293945,15.5,15.045000076293945,15.395000457763672,11.398513793945312,18969000,0.0,0.0
2010-11-16 00:00:00-05:00,15.199999809265137,15.404999732971191,14.890000343322754,14.920000076293945,11.093659400939941,14845800,0.065,0.0
2010-11-17 00:00:00-05:00,14.869999885559082,15.069999694824219,14.725000381469727,14.994999885559082,11.149425506591797,10486000,0.0,0.0
2010-11-18 00:00:00-05:00,15.109999656677246,15.430000305175781,15.03499984741211,15.289999961853027,11.368770599365234,13601200,0.0,0.0
2010-11-19 00:00:00-05:00,15.229999542236328,15.454999923706055,15.145000457763672,15.380000114440918,11.435686111450195,13522000,0.0,0.0
2010-11-22 00:00:00-05:00,15.295000076293945,15.545000076293945,15.25,15.4350004196167,11.476582527160645,13425000,0.0,0.0
2010-11-23 00:00:00-05:00,15.260000228881836,15.380000114440918,15.074999809265137,15.199999809265137,11.301850318908691,17195600,0.0,0.0
2010-11-24 00:00:00-05:00,15.359999656677246,15.755000114440918,15.34000015258789,15.739999771118164,11.703364372253418,20611800,0.0,0.0
2010-11-26 00:00:00-05:00,15.595000267028809,15.675000190734863,15.53499984741211,15.569999694824219,11.576961517333984,4651200,0.0,0.0
2010-11-29 00:00:00-05:00,15.324999809265137,15.46500015258789,15.100000381469727,15.395000457763672,11.446842193603516,13510400,0.0,0.0
2010-11-30 00:00:00-05:00,15.154999732971191,15.46500015258789,15.069999694824219,15.300000190734863,11.376203536987305,17186200,0.0,0.0
2010-12-01 00:00:00-05:00,15.505000114440918,16.014999389648438,15.505000114440918,15.850000381469727,11.785157203674316,20384600,0.0,0.0
2010-12-02 00:00:00-05:00,15.930000305175781,16.399999618530273,15.885000228881836,16.3799991607666,12.179230690002441,20100600,0.0,0.0
2010-12-03 00:00:00-05:00,16.28499984741211,16.440000534057617,16.045000076293945,16.360000610351562,12.164361953735352,16435000,0.0,0.0
2010-12-06 00:00:00-05:00,16.30500030517578,16.399999618530273,16.225000381469727,16.360000610351562,12.164361953735352,10276000,0.0,0.0
2010-12-07 00:00:00-05:00,16.4950008392334,16.545000076293945,16.309999465942383,16.389999389648438,12.186670303344727,13535800,0.0,0.0
2010-12-08 00:00:00-05:00,16.44499969482422,16.44499969482422,16.229999542236328,16.290000915527344,12.112310409545898,8590400,0.0,0.0
2010-12-09 00:00:00-05:00,16.350000381469727,16.399999618530273,16.079999923706055,16.200000762939453,12.045392990112305,11720800,0.0,0.0
2010-12-10 00:00:00-05:00,16.209999084472656,16.354999542236328,16.059999465942383,16.295000076293945,12.1160306930542,8208000,0.0,0.0
2010-12-13 00:00:00-05:00,16.364999771118164,16.375,15.994999885559082,15.994999885559082,11.892965316772461,10908400,0.0,0.0
2010-12-14 00:00:00-05:00,15.970000267028809,16.149999618530273,15.90999984741211,16.05500030517578,11.937582015991211,10083600,0.0,0.0
2010-12-15 00:00:00-05:00,16.05500030517578,16.190000534057617,15.829999923706055,15.9350004196167,11.848359107971191,13788000,0.0,0.0
2010-12-16 00:00:00-05:00,16.25,16.399999618530273,16.100000381469727,16.295000076293945,12.1160306930542,16072000,0.0,0.0
2010-12-17 00:00:00-05:00,16.270000457763672,16.475000381469727,16.184999465942383,16.395000457763672,12.190389633178711,17918400,0.0,0.0
2010-12-20 00:00:00-05:00,16.434999465942383,16.53499984741211,16.260000228881836,16.46500015258789,12.24243450164795,8660000,0.0,0.0
2010-12-21 00:00:00-05:00,16.524999618530273,16.524999618530273,16.25,16.43000030517578,12.216408729553223,7347000,0.0,0.0
2010-12-22 00:00:00-05:00,16.5,16.575000762939453,16.399999618530273,16.46500015258789,12.24243450164795,6785200,0.0,0.0
2010-12-23 00:00:00-05:00,16.395000457763672,16.4950008392334,16.264999389648438,16.315000534057617,12.130905151367188,6767200,0.0,0.0
2010-12-27 00:00:00-05:00,16.325000762939453,16.34000015258789,16.079999923706055,16.235000610351562,12.071420669555664,4668800,0.0,0.0
2010-12-28 00:00:00-05:00,16.2549991607666,16.344999313354492,16.024999618530273,16.19499969482422,12.041675567626953,6234000,0.0,0.0
2010-12-29 00:00:00-05:00,16.264999389648438,16.3700008392334,16.204999923706055,16.2549991607666,12.086292266845703,4668600,0.0,0.0
2010-12-30 00:00:00-05:00,16.19499969482422,16.274999618530273,16.100000381469727,16.204999923706055,12.049111366271973,4907200,0.0,0.0
2010-12-31 00:00:00-05:00,16.204999923706055,16.239999771118164,15.975000381469727,16.065000534057617,11.94501781463623,6346200,0.0,0.0
2011-01-03 00:00:00-05:00,16.2450008392334,16.709999084472656,16.229999542236328,16.625,12.361400604248047,12764600,0.0,0.0
2011-01-04 00:00:00-05:00,16.625,16.645000457763672,16.219999313354492,16.239999771118164,12.075135231018066,13306000,0.0,0.0
2011-01-05 00:00:00-05:00,16.1299991607666,16.420000076293945,16.125,16.174999237060547,12.026806831359863,11501800,0.0,0.0
2011-01-06 00:00:00-05:00,16.184999465942383,16.25,15.895000457763672,15.979999542236328,11.88181209564209,13253400,0.0,0.0
2011-01-07 00:00:00-05:00,16.020000457763672,16.43000030517578,15.930000305175781,16.389999389648438,12.186670303344727,19791400,0.0,0.0
2011-01-10 00:00:00-05:00,16.239999771118164,16.475000381469727,16.065000534057617,16.385000228881836,12.182950973510742,15540600,0.0,0.0
2011-01-11 00:00:00-05:00,16.450000762939453,16.450000762939453,16.079999923706055,16.1299991607666,11.9933443069458,16100200,0.0,0.0
2011-01-12 00:00:00-05:00,16.290000915527344,16.329999923706055,16.030000686645508,16.100000381469727,11.971043586730957,16419400,0.0,0.0
2011-01-13 00:00:00-05:00,16.05500030517578,16.219999313354492,16.05500030517578,16.204999923706055,12.049111366271973,11235000,0.0,0.0
2011-01-14 00:00:00-05:00,16.100000381469727,16.364999771118164,16.09000015258789,16.350000381469727,12.156925201416016,11265800,0.0,0.0
2011-01-18 00:00:00-05:00,16.364999771118164,16.625,16.344999313354492,16.5,12.268455505371094,15682400,0.0,0.0
2011-01-19 00:00:00-05:00,16.239999771118164,16.53499984741211,16.235000610351562,16.5049991607666,12.272176742553711,12982000,0.0,0.0
2011-01-20 00:00:00-05:00,16.530000686645508,16.69499969482422,16.395000457763672,16.59000015258789,12.33537769317627,18641400,0.0,0.0
2011-01-21 00:00:00-05:00,16.709999084472656,16.860000610351562,16.530000686645508,16.600000381469727,12.34281063079834,23129800,0.0,0.0
2011-01-24 00:00:00-05:00,16.579999923706055,16.75,16.454999923706055,16.7450008392334,12.450628280639648,11974800,0.0,0.0
2011-01-25 00:00:00-05:00,16.639999389648438,16.889999389648438,16.604999542236328,16.825000762939453,12.510110855102539,18252800,0.0,0.0
2011-01-26 00:00:00-05:00,16.80500030517578,16.80500030517578,16.3700008392334,16.53499984741211,12.29448127746582,37247800,0.0,0.0
2011-01-27 00:00:00-05:00,16.15999984741211,16.725000381469727,16.024999618530273,16.514999389648438,12.279609680175781,32931800,0.0,0.0
2011-01-28 00:00:00-05:00,16.530000686645508,16.559999465942383,15.760000228881836,15.864999771118164,11.796304702758789,26823400,0.0,0.0
2011-01-31 00:00:00-05:00,15.770000457763672,15.869999885559082,15.375,15.765000343322754,11.721954345703125,25171800,0.0,0.0
2011-02-01 00:00:00-05:00,15.880000114440918,16.155000686645508,15.78499984741211,16.125,11.989629745483398,21049800,0.0,0.0
2011-02-02 00:00:00-05:00,16.079999923706055,16.125,15.84000015258789,16.100000381469727,11.971043586730957,13099000,0.0,0.0
2011-02-03 00:00:00-05:00,16.110000610351562,16.260000228881836,16.024999618530273,16.18000030517578,12.030525207519531,12782600,0.0,0.0
2011-02-04 00:00:00-05:00,16.15999984741211,16.3700008392334,16.030000686645508,16.290000915527344,12.112310409545898,14393400,0.0,0.0
2011-02-07 00:00:00-05:00,16.25,16.364999771118164,16.114999771118164,16.174999237060547,12.07498550415039,12320400,0.065,0.0
2011-02-08 00:00:00-05:00,16.1200008392334,16.594999313354492,16.114999771118164,16.559999465942383,12.362395286560059,13565400,0.0,0.0
2011-02-09 00:00:00-05:00,16.5,16.56999969482422,16.395000457763672,16.4950008392334,12.313876152038574,8665400,0.0,0.0
2011-02-10 00:00:00-05:00,16.440000534057617,16.6299991607666,16.375,16.579999923706055,12.377326011657715,17855600,0.0,0.0
2011-02-11 00:00:00-05:00,16.5,16.690000534057617,16.3799991607666,16.674999237060547,12.448246002197266,12259200,0.0,0.0
2011-02-14 00:00:00-05:00,16.704999923706055,16.889999389648438,16.594999313354492,16.790000915527344,12.534100532531738,15961200,0.0,0.0
2011-02-15 00:00:00-05:00,16.709999084472656,16.780000686645508,16.575000762939453,16.59000015258789,12.384795188903809,11332000,0.0,0.0
2011-02-16 00:00:00-05:00,16.645000457763672,16.84000015258789,16.565000534057617,16.78499984741211,12.530364990234375,10671600,0.0,0.0
2011-02-17 00:00:00-05:00,16.729999542236328,16.84000015258789,16.639999389648438,16.75,12.50423812866211,9791400,0.0,0.0
2011-02-18 00:00:00-05:00,16.719999313354492,17.014999389648438,16.639999389648438,17.0,12.690869331359863,15881600,0.0,0.0
2011-02-22 00:00:00-05:00,16.84000015258789,16.96500015258789,16.334999084472656,16.385000228881836,12.231758117675781,15101600,0.0,0.0
2011-02-23 00:00:00-05:00,16.375,16.385000228881836,15.694999694824219,15.954999923706055,11.910754203796387,16680000,0.0,0.0
2011-02-24 00:00:00-05:00,15.899999618530273,15.984999656677246,15.585000038146973,15.954999923706055,11.910754203796387,18856200,0.0,0.0
2011-02-25 00:00:00-05:00,16.045000076293945,16.34000015258789,16.0,16.25,12.130977630615234,19325600,0.0,0.0
2011-02-28 00:00:00-05:00,16.399999618530273,16.524999618530273,16.295000076293945,16.489999771118164,12.310144424438477,18027400,0.0,0.0
2011-03-01 00:00:00-05:00,16.614999771118164,16.684999465942383,16.1200008392334,16.19499969482422,12.08991527557373,20471000,0.0,0.0
2011-03-02 00:00:00-05:00,16.145000457763672,16.19499969482422,15.859999656677246,16.110000610351562,12.02646255493164,16253600,0.0,0.0
2011-03-03 00:00:00-05:00,16.2450008392334,16.6299991607666,16.235000610351562,16.5049991607666,12.321340560913086,13107600,0.0,0.0
2011-03-04 00:00:00-05:00,16.450000762939453,16.59000015258789,16.309999465942383,16.559999465942383,12.362395286560059,16241000,0.0,0.0
2011-03-07 00:00:00-05:00,17.0,17.395000457763672,16.655000686645508,16.799999237060547,12.5415620803833,26465800,0.0,0.0
2011-03-08 00:00:00-05:00,16.860000610351562,17.155000686645508,16.80500030517578,17.0049991607666,12.694599151611328,16973400,0.0,0.0
2011-03-09 00:00:00-05:00,16.975000381469727,17.299999237060547,16.860000610351562,17.270000457763672,12.892430305480957,16728600,0.0,0.0
2011-03-10 00:00:00-05:00,18.540000915527344,19.104999542236328,18.469999313354492,18.985000610351562,14.172714233398438,72206200,0.0,0.0
2011-03-11 00:00:00-05:00,18.649999618530273,18.80500030517578,18.15999984741211,18.280000686645508,13.646416664123535,30486000,0.0,0.0
2011-03-14 00:00:00-04:00,18.155000686645508,18.260000228881836,17.75,17.864999771118164,13.336606979370117,24991800,0.0,0.0
2011-03-15 00:00:00-04:00,17.3700008392334,17.979999542236328,17.334999084472656,17.860000610351562,13.332880973815918,17963600,0.0,0.0
2011-03-16 00:00:00-04:00,17.44499969482422,17.790000915527344,17.434999465942383,17.5,13.064127922058105,19430400,0.0,0.0
2011-03-17 00:00:00-04:00,17.795000076293945,17.825000762939453,17.524999618530273,17.545000076293945,13.097725868225098,12862000,0.0,0.0
2011-03-18 00:00:00-04:00,17.770000457763672,17.844999313354492,17.405000686645508,17.479999542236328,13.04919719696045,23366600,0.0,0.0
2011-03-21 00:00:00-04:00,17.725000381469727,17.780000686645508,17.575000762939453,17.655000686645508,13.179838180541992,10171400,0.0,0.0
2011-03-22 00:00:00-04:00,17.625,17.625,17.399999618530273,17.475000381469727,13.045464515686035,12085200,0.0,0.0
2011-03-23 00:00:00-04:00,17.475000381469727,18.399999618530273,17.375,18.344999313354492,13.694940567016602,22958200,0.0,0.0
2011-03-24 00:00:00-04:00,18.415000915527344,18.924999237060547,18.184999465942383,18.790000915527344,14.027142524719238,31712200,0.0,0.0
2011-03-25 00:00:00-04:00,18.885000228881836,18.899999618530273,18.399999618530273,18.450000762939453,13.77332592010498,13482400,0.0,0.0
2011-03-28 00:00:00-04:00,18.489999771118164,18.549999237060547,18.219999313354492,18.440000534057617,13.76585865020752,14317400,0.0,0.0
2011-03-29 00:00:00-04:00,18.325000762939453,18.579999923706055,18.204999923706055,18.43000030517578,13.758394241333008,12054000,0.0,0.0
2011-03-30 00:00:00-04:00,18.584999084472656,18.59000015258789,18.2450008392334,18.360000610351562,13.706137657165527,11935200,0.0,0.0
2011-03-31 00:00:00-04:00,18.31999969482422,18.510000228881836,18.25,18.475000381469727,13.791988372802734,12757800,0.0,0.0
2011-04-01 00:00:00-04:00,18.625,18.829999923706055,18.524999618530273,18.625,13.903965950012207,10940200,0.0,0.0
2011-04-04 00:00:00-04:00,18.684999465942383,18.795000076293945,18.28499984741211,18.364999771118164,13.70986557006836,10886800,0.0,0.0
2011-04-05 00:00:00-04:00,18.30500030517578,18.344999313354492,18.094999313354492,18.200000762939453,13.586686134338379,10749800,0.0,0.0
2011-04-06 00:00:00-04:00,18.31999969482422,18.440000534057617,18.024999618530273,18.19499969482422,13.58296012878418,8032800,0.0,0.0
2011-04-07 00:00:00-04:00,18.084999084472656,18.219999313354492,17.81999969482422,17.950000762939453,13.400063514709473,11949800,0.0,0.0
2011-04-08 00:00:00-04:00,18.014999389648438,18.174999237060547,17.700000762939453,17.885000228881836,13.351540565490723,11012600,0.0,0.0
2011-04-11 00:00:00-04:00,17.940000534057617,18.100000381469727,17.604999542236328,17.7450008392334,13.247029304504395,9580000,0.0,0.0
2011-04-12 00:00:00-04:00,17.614999771118164,17.920000076293945,17.614999771118164,17.885000228881836,13.351540565490723,10411200,0.0,0.0
2011-04-13 00:00:00-04:00,17.96500015258789,18.084999084472656,17.815000534057617,17.905000686645508,13.366474151611328,9128800,0.0,0.0
2011-04-14 00:00:00-04:00,17.71500015258789,17.985000610351562,17.649999618530273,17.985000610351562,13.426187515258789,9797000,0.0,0.0
2011-04-15 00:00:00-04:00,17.9950008392334,18.200000762939453,17.809999465942383,18.190000534057617,13.579230308532715,12734000,0.0,0.0
2011-04-18 00:00:00-04:00,17.90999984741211,17.940000534057617,17.5,17.905000686645508,13.366474151611328,11133400,0.0,0.0
2011-04-19 00:00:00-04:00,17.90999984741211,18.145000457763672,17.864999771118164,18.079999923706055,13.497105598449707,10574400,0.0,0.0
2011-04-20 00:00:00-04:00,18.274999618530273,18.5,18.264999389648438,18.44499969482422,13.769588470458984,13098800,0.0,0.0
2011-04-21 00:00:00-04:00,18.354999542236328,18.6200008392334,18.334999084472656,18.5,13.810648918151855,12950400,0.0,0.0
2011-04-25 00:00:00-04:00,18.510000228881836,18.559999465942383,18.315000534057617,18.434999465942383,13.762124061584473,8155600,0.0,0.0
2011-04-26 00:00:00-04:00,18.559999465942383,18.635000228881836,18.190000534057617,18.299999237060547,13.661345481872559,14000000,0.0,0.0
2011-04-27 00:00:00-04:00,18.399999618530273,18.639999389648438,18.360000610351562,18.594999313354492,13.88156509399414,18333400,0.0,0.0
2011-04-28 00:00:00-04:00,18.25,18.739999771118164,18.174999237060547,18.440000534057617,13.76585865020752,22800000,0.0,0.0
2011-04-29 00:00:00-04:00,18.424999237060547,18.475000381469727,18.049999237060547,18.100000381469727,13.512042999267578,40080600,0.0,0.0
2011-05-02 00:00:00-04:00,18.239999771118164,18.420000076293945,18.135000228881836,18.34000015258789,13.691205978393555,15180600,0.0,0.0
2011-05-03 00:00:00-04:00,18.25,18.28499984741211,17.899999618530273,18.149999618530273,13.549365043640137,12200000,0.0,0.0
2011-05-04 00:00:00-04:00,18.155000686645508,18.325000762939453,17.975000381469727,18.28499984741211,13.650147438049316,11642400,0.0,0.0
2011-05-05 00:00:00-04:00,18.200000762939453,18.53499984741211,18.15999984741211,18.25,13.624019622802734,9600000,0.0,0.0
2011-05-06 00:00:00-04:00,18.485000610351562,18.834999084472656,18.25,18.264999389648438,13.63521957397461,13060600,0.0,0.0
2011-05-09 00:00:00-04:00,18.2549991607666,18.31999969482422,18.040000915527344,18.059999465942383,13.530330657958984,9809200,0.065,0.0
2011-05-10 00:00:00-04:00,18.174999237060547,18.235000610351562,17.975000381469727,18.114999771118164,13.571537971496582,12490200,0.0,0.0
2011-05-11 00:00:00-04:00,18.079999923706055,18.174999237060547,17.75,17.895000457763672,13.406716346740723,13000000,0.0,0.0
2011-05-12 00:00:00-04:00,17.8700008392334,18.25,17.809999465942383,18.225000381469727,13.653948783874512,9000000,0.0,0.0
2011-05-13 00:00:00-04:00,18.219999313354492,18.28499984741211,17.959999084472656,18.075000762939453,13.541568756103516,10403000,0.0,0.0
2011-05-16 00:00:00-04:00,17.989999771118164,18.024999618530273,17.55500030517578,17.579999923706055,13.170722007751465,14121000,0.0,0.0
2011-05-17 00:00:00-04:00,17.489999771118164,17.65999984741211,17.420000076293945,17.649999618530273,13.223161697387695,17533000,0.0,0.0
2011-05-18 00:00:00-04:00,17.735000610351562,18.34000015258789,17.625,18.30500030517578,13.713881492614746,21646600,0.0,0.0
2011-05-19 00:00:00-04:00,18.325000762939453,18.674999237060547,18.325000762939453,18.56999969482422,13.9124174118042,15704000,0.0,0.0
2011-05-20 00:00:00-04:00,18.4950008392334,18.594999313354492,18.19499969482422,18.30500030517578,13.713881492614746,10537400,0.0,0.0
2011-05-23 00:00:00-04:00,18.0,18.375,17.969999313354492,18.219999313354492,13.650198936462402,12200000,0.0,0.0
2011-05-24 00:00:00-04:00,18.170000076293945,18.290000915527344,18.049999237060547,18.145000457763672,13.594012260437012,9726600,0.0,0.0
2011-05-25 00:00:00-04:00,18.165000915527344,18.174999237060547,18.014999389648438,18.059999465942383,13.530330657958984,9543600,0.0,0.0
2011-05-26 00:00:00-04:00,17.950000762939453,18.290000915527344,17.93000030517578,18.219999313354492,13.650198936462402,9755600,0.0,0.0
2011-05-27 00:00:00-04:00,18.184999465942383,18.295000076293945,18.114999771118164,18.229999542236328,13.657696723937988,5979400,0.0,0.0
2011-05-31 00:00:00-04:00,18.3799991607666,18.454999923706055,18.2450008392334,18.395000457763672,13.781307220458984,9981600,0.0,0.0
2011-06-01 00:00:00-04:00,18.270000457763672,18.375,17.950000762939453,17.989999771118164,13.477887153625488,17077400,0.0,0.0
2011-06-02 00:00:00-04:00,18.010000228881836,18.110000610351562,17.829999923706055,17.959999084472656,13.455412864685059,7996000,0.0,0.0
2011-06-03 00:00:00-04:00,17.700000762939453,17.7450008392334,17.514999389648438,17.579999923706055,13.170722007751465,14620600,0.0,0.0
2011-06-06 00:00:00-04:00,17.809999465942383,18.30500030517578,17.7450008392334,17.8700008392334,13.38798713684082,18604600,0.0,0.0
2011-06-07 00:00:00-04:00,18.0,18.135000228881836,17.954999923706055,17.96500015258789,13.459156036376953,10256000,0.0,0.0
2011-06-08 00:00:00-04:00,17.90999984741211,18.06999969482422,17.774999618530273,17.8700008392334,13.38798713684082,10322000,0.0,0.0
2011-06-09 00:00:00-04:00,17.8799991607666,17.90999984741211,17.75,17.764999389648438,13.309317588806152,9205200,0.0,0.0
2011-06-10 00:00:00-04:00,17.700000762939453,17.75,17.5,17.559999465942383,13.15573501586914,11580200,0.0,0.0
2011-06-13 00:00:00-04:00,17.56999969482422,17.735000610351562,17.30500030517578,17.450000762939453,13.073326110839844,12837800,0.0,0.0
2011-06-14 00:00:00-04:00,17.565000534057617,17.700000762939453,17.530000686645508,17.635000228881836,13.211920738220215,10093600,0.0,0.0
2011-06-15 00:00:00-04:00,17.395000457763672,17.655000686645508,17.350000381469727,17.43000030517578,13.058342933654785,9941400,0.0,0.0
2011-06-16 00:00:00-04:00,17.3799991607666,17.674999237060547,17.3700008392334,17.56999969482422,13.163228034973145,13050600,0.0,0.0
2011-06-17 00:00:00-04:00,17.780000686645508,17.905000686645508,17.610000610351562,17.719999313354492,13.275603294372559,13684200,0.0,0.0
2011-06-20 00:00:00-04:00,17.674999237060547,18.010000228881836,17.575000762939453,17.915000915527344,13.421701431274414,11542000,0.0,0.0
2011-06-21 00:00:00-04:00,18.0049991607666,18.424999237060547,17.889999389648438,18.364999771118164,13.758829116821289,13432600,0.0,0.0
2011-06-22 00:00:00-04:00,18.299999237060547,18.760000228881836,18.19499969482422,18.639999389648438,13.964859962463379,18038800,0.0,0.0
2011-06-23 00:00:00-04:00,18.434999465942383,18.8700008392334,18.405000686645508,18.864999771118164,14.133429527282715,19344000,0.0,0.0
2011-06-24 00:00:00-04:00,18.834999084472656,18.950000762939453,18.614999771118164,18.674999237060547,13.99108600616455,10170600,0.0,0.0
2011-06-27 00:00:00-04:00,18.610000610351562,19.010000228881836,18.510000228881836,18.9950008392334,14.23082447052002,12108800,0.0,0.0
2011-06-28 00:00:00-04:00,19.0,19.635000228881836,18.934999465942383,19.625,14.702808380126953,17963000,0.0,0.0
2011-06-29 00:00:00-04:00,19.614999771118164,19.875,19.559999465942383,19.71500015258789,14.770234107971191,14026600,0.0,0.0
2011-06-30 00:00:00-04:00,19.844999313354492,19.895000457763672,19.709999084472656,19.7450008392334,14.792715072631836,11001200,0.0,0.0
2011-07-01 00:00:00-04:00,19.809999465942383,20.1299991607666,19.75,20.094999313354492,15.054932594299316,12878200,0.0,0.0
2011-07-05 00:00:00-04:00,20.084999084472656,20.55500030517578,19.885000228881836,20.475000381469727,15.339618682861328,14526200,0.0,0.0
2011-07-06 00:00:00-04:00,20.415000915527344,20.450000762939453,20.18000030517578,20.209999084472656,15.141083717346191,12412600,0.0,0.0
2011-07-07 00:00:00-04:00,19.950000762939453,20.25,19.71500015258789,20.15999984741211,15.103620529174805,21658800,0.0,0.0
2011-07-08 00:00:00-04:00,19.93000030517578,20.200000762939453,19.90999984741211,20.174999237060547,15.114855766296387,11212200,0.0,0.0
2011-07-11 00:00:00-04:00,19.989999771118164,20.145000457763672,19.725000381469727,19.8700008392334,14.886357307434082,11262800,0.0,0.0
2011-07-12 00:00:00-04:00,19.895000457763672,20.139999389648438,19.764999389648438,19.78499984741211,14.822677612304688,11748000,0.0,0.0
2011-07-13 00:00:00-04:00,19.905000686645508,20.125,19.75,19.790000915527344,14.82642650604248,11240600,0.0,0.0
2011-07-14 00:00:00-04:00,19.774999618530273,19.90999984741211,19.450000762939453,19.565000534057617,14.657858848571777,13389400,0.0,0.0
2011-07-15 00:00:00-04:00,19.575000762939453,19.899999618530273,19.540000915527344,19.899999618530273,14.908836364746094,13315400,0.0,0.0
2011-07-18 00:00:00-04:00,19.760000228881836,19.940000534057617,19.579999923706055,19.700000762939453,14.75899600982666,8714400,0.0,0.0
2011-07-19 00:00:00-04:00,19.905000686645508,20.18000030517578,19.854999542236328,20.15999984741211,15.103620529174805,11502800,0.0,0.0
2011-07-20 00:00:00-04:00,20.104999542236328,20.110000610351562,19.639999389648438,19.915000915527344,14.920073509216309,11156200,0.0,0.0
2011-07-21 00:00:00-04:00,20.020000457763672,20.299999237060547,19.8700008392334,20.190000534057617,15.126096725463867,12382600,0.0,0.0
2011-07-22 00:00:00-04:00,20.2549991607666,20.360000610351562,20.125,20.174999237060547,15.114855766296387,6390000,0.0,0.0
2011-07-25 00:00:00-04:00,20.059999465942383,20.225000381469727,19.959999084472656,20.200000762939453,15.13359546661377,10084000,0.0,0.0
2011-07-26 00:00:00-04:00,20.2450008392334,20.25,20.0,20.09000015258789,15.051182746887207,10752400,0.0,0.0
2011-07-27 00:00:00-04:00,20.299999237060547,20.450000762939453,19.450000762939453,19.485000610351562,14.597918510437012,14904200,0.0,0.0
2011-07-28 00:00:00-04:00,19.940000534057617,20.325000762939453,19.700000762939453,19.989999771118164,14.9762601852417,29309800,0.0,0.0
2011-07-29 00:00:00-04:00,19.94499969482422,20.44499969482422,19.6200008392334,20.045000076293945,15.017475128173828,31177400,0.0,0.0
2011-08-01 00:00:00-04:00,20.219999313354492,20.385000228881836,19.649999618530273,19.899999618530273,14.908836364746094,16245600,0.0,0.0
2011-08-02 00:00:00-04:00,19.704999923706055,19.829999923706055,19.290000915527344,19.30500030517578,14.46306324005127,16162600,0.0,0.0
2011-08-03 00:00:00-04:00,19.30500030517578,19.65999984741211,18.985000610351562,19.639999389648438,14.714041709899902,14852600,0.0,0.0
2011-08-04 00:00:00-04:00,19.375,19.579999923706055,18.44499969482422,18.450000762939453,13.822514533996582,20348400,0.0,0.0
2011-08-05 00:00:00-04:00,18.59000015258789,18.815000534057617,17.780000686645508,18.360000610351562,13.755087852478027,26812600,0.0,0.0
2011-08-08 00:00:00-04:00,18.075000762939453,18.260000228881836,17.020000457763672,17.024999618530273,12.800236701965332,34481200,0.065,0.0
2011-08-09 00:00:00-04:00,17.174999237060547,18.020000457763672,16.860000610351562,18.020000457763672,13.548332214355469,32199800,0.0,0.0
2011-08-10 00:00:00-04:00,17.65999984741211,17.979999542236328,17.30500030517578,17.3799991607666,13.06714153289795,28255600,0.0,0.0
2011-08-11 00:00:00-04:00,17.520000457763672,18.770000457763672,17.415000915527344,18.55500030517578,13.950566291809082,23164200,0.0,0.0
2011-08-12 00:00:00-04:00,18.584999084472656,18.78499984741211,18.360000610351562,18.68000030517578,14.044550895690918,12965200,0.0,0.0
2011-08-15 00:00:00-04:00,18.760000228881836,19.235000610351562,18.760000228881836,19.209999084472656,14.443032264709473,15646000,0.0,0.0
2011-08-16 00:00:00-04:00,19.05500030517578,19.59000015258789,18.8799991607666,19.44499969482422,14.61971378326416,22626400,0.0,0.0
2011-08-17 00:00:00-04:00,19.5,19.7549991607666,19.040000915527344,19.350000381469727,14.548290252685547,12721200,0.0,0.0
2011-08-18 00:00:00-04:00,18.645000457763672,18.655000686645508,17.06999969482422,17.375,13.063382148742676,42977200,0.0,0.0
2011-08-19 00:00:00-04:00,17.3799991607666,18.075000762939453,17.190000534057617,17.549999237060547,13.194960594177246,25589800,0.0,0.0
2011-08-22 00:00:00-04:00,18.0,18.190000534057617,17.375,17.44499969482422,13.11601448059082,17908000,0.0,0.0
2011-08-23 00:00:00-04:00,17.59000015258789,18.389999389648438,17.5,18.364999771118164,13.80771541595459,18616400,0.0,0.0
2011-08-24 00:00:00-04:00,18.290000915527344,18.729999542236328,18.190000534057617,18.684999465942383,14.048299789428711,15714600,0.0,0.0
2011-08-25 00:00:00-04:00,18.684999465942383,18.899999618530273,18.125,18.209999084472656,13.69117546081543,12229600,0.0,0.0
2011-08-26 00:00:00-04:00,18.15999984741211,18.834999084472656,17.864999771118164,18.69499969482422,14.055828094482422,16390400,0.0,0.0
2011-08-29 00:00:00-04:00,18.899999618530273,19.040000915527344,18.78499984741211,19.024999618530273,14.303938865661621,9498800,0.0,0.0
2011-08-30 00:00:00-04:00,18.975000381469727,19.375,18.8799991607666,19.25,14.473105430603027,10331600,0.0,0.0
2011-08-31 00:00:00-04:00,19.315000534057617,19.639999389648438,19.165000915527344,19.309999465942383,14.518220901489258,14593400,0.0,0.0
2011-09-01 00:00:00-04:00,19.420000076293945,19.545000076293945,19.024999618530273,19.094999313354492,14.356571197509766,11582800,0.0,0.0
2011-09-02 00:00:00-04:00,18.84000015258789,19.024999618530273,18.670000076293945,18.7450008392334,14.093419075012207,9762400,0.0,0.0
2011-09-06 00:00:00-04:00,18.260000228881836,18.920000076293945,18.209999084472656,18.875,14.191162109375,12270000,0.0,0.0
2011-09-07 00:00:00-04:00,19.094999313354492,19.684999465942383,18.979999542236328,19.59000015258789,14.728732109069824,16797800,0.0,0.0
2011-09-08 00:00:00-04:00,19.489999771118164,19.69499969482422,19.344999313354492,19.459999084472656,14.630993843078613,15773800,0.0,0.0
2011-09-09 00:00:00-04:00,19.309999465942383,19.375,18.524999618530273,18.655000686645508,14.025755882263184,21029200,0.0,0.0
2011-09-12 00:00:00-04:00,18.344999313354492,18.940000534057617,18.344999313354492,18.825000762939453,14.153565406799316,16245000,0.0,0.0
2011-09-13 00:00:00-04:00,18.854999542236328,19.155000686645508,18.834999084472656,19.094999313354492,14.356571197509766,12318800,0.0,0.0
2011-09-14 00:00:00-04:00,19.25,19.5,18.915000915527344,19.274999618530273,14.491902351379395,18162600,0.0,0.0
2011-09-15 00:00:00-04:00,19.5,19.75,19.454999923706055,19.53499984741211,14.687382698059082,15151200,0.0,0.0
2011-09-16 00:00:00-04:00,19.610000610351562,19.69499969482422,19.334999084472656,19.600000381469727,14.736251831054688,18701400,0.0,0.0
2011-09-19 00:00:00-04:00,19.440000534057617,20.704999923706055,19.405000686645508,20.579999923706055,15.473058700561523,21342600,0.0,0.0
2011-09-20 00:00:00-04:00,20.549999237060547,21.0,20.219999313354492,20.540000915527344,15.442985534667969,17996400,0.0,0.0
2011-09-21 00:00:00-04:00,20.5,20.75,19.934999465942383,19.950000762939453,14.999396324157715,15697400,0.0,0.0
2011-09-22 00:00:00-04:00,19.4950008392334,19.704999923706055,18.875,19.30500030517578,14.514456748962402,21396600,0.0,0.0
2011-09-23 00:00:00-04:00,19.114999771118164,19.735000610351562,19.0,19.354999542236328,14.552051544189453,16213400,0.0,0.0
2011-09-26 00:00:00-04:00,19.44499969482422,19.764999389648438,19.0,19.7450008392334,14.84526538848877,16568200,0.0,0.0
2011-09-27 00:00:00-04:00,20.06999969482422,20.420000076293945,19.799999237060547,19.924999237060547,14.980606079101562,12766600,0.0,0.0
2011-09-28 00:00:00-04:00,20.0,20.204999923706055,19.65999984741211,19.71500015258789,14.822712898254395,12143200,0.0,0.0
2011-09-29 00:00:00-04:00,20.104999542236328,20.2450008392334,18.475000381469727,19.084999084472656,14.349043846130371,25054000,0.0,0.0
2011-09-30 00:00:00-04:00,18.81999969482422,19.165000915527344,18.600000381469727,18.645000457763672,14.018234252929688,17043200,0.0,0.0
2011-10-03 00:00:00-04:00,18.424999237060547,18.530000686645508,18.024999618530273,18.100000381469727,13.608479499816895,27620000,0.0,0.0
2011-10-04 00:00:00-04:00,17.780000686645508,18.655000686645508,17.559999465942383,18.625,14.003201484680176,24689200,0.0,0.0
2011-10-05 00:00:00-04:00,18.719999313354492,19.15999984741211,18.420000076293945,19.024999618530273,14.303938865661621,17616200,0.0,0.0
2011-10-06 00:00:00-04:00,19.065000534057617,19.364999771118164,18.844999313354492,19.25,14.473105430603027,11464200,0.0,0.0
2011-10-07 00:00:00-04:00,19.344999313354492,19.94499969482422,19.280000686645508,19.6299991607666,14.758808135986328,16811000,0.0,0.0
2011-10-10 00:00:00-04:00,19.90999984741211,20.71500015258789,19.860000610351562,20.459999084472656,15.38283920288086,14021400,0.0,0.0
2011-10-11 00:00:00-04:00,20.28499984741211,20.81999969482422,20.21500015258789,20.665000915527344,15.536977767944336,15037000,0.0,0.0
2011-10-12 00:00:00-04:00,20.78499984741211,20.989999771118164,20.565000534057617,20.7549991607666,15.604636192321777,12959200,0.0,0.0
2011-10-13 00:00:00-04:00,20.600000381469727,20.81999969482422,20.424999237060547,20.545000076293945,15.44675350189209,12750400,0.0,0.0
2011-10-14 00:00:00-04:00,20.7549991607666,21.110000610351562,20.690000534057617,21.110000610351562,15.87154483795166,11249000,0.0,0.0
2011-10-17 00:00:00-04:00,20.979999542236328,20.979999542236328,20.489999771118164,20.579999923706055,15.473058700561523,10459800,0.0,0.0
2011-10-18 00:00:00-04:00,20.6299991607666,21.469999313354492,20.385000228881836,21.225000381469727,15.958003044128418,15201000,0.0,0.0
2011-10-19 00:00:00-04:00,21.0,21.28499984741211,20.360000610351562,20.459999084472656,15.38283920288086,13861600,0.0,0.0
2011-10-20 00:00:00-04:00,20.454999923706055,20.815000534057617,20.325000762939453,20.4950008392334,15.409157752990723,9322000,0.0,0.0
2011-10-21 00:00:00-04:00,20.780000686645508,21.225000381469727,20.604999542236328,21.045000076293945,15.822674751281738,13940000,0.0,0.0
2011-10-24 00:00:00-04:00,21.104999542236328,21.489999771118164,21.020000457763672,21.270000457763672,15.991839408874512,12206800,0.0,0.0
2011-10-25 00:00:00-04:00,21.21500015258789,21.2450008392334,20.579999923706055,20.639999389648438,15.518171310424805,14038400,0.0,0.0
2011-10-26 00:00:00-04:00,20.864999771118164,21.094999313354492,20.360000610351562,20.700000762939453,15.563289642333984,12060000,0.0,0.0
2011-10-27 00:00:00-04:00,21.235000610351562,21.71500015258789,21.0049991607666,21.53499984741211,16.19108009338379,12129600,0.0,0.0
2011-10-28 00:00:00-04:00,21.485000610351562,21.610000610351562,21.06999969482422,21.25,15.976799011230469,11935400,0.0,0.0
2011-10-31 00:00:00-04:00,21.135000228881836,21.565000534057617,21.075000762939453,21.18000030517578,15.924171447753906,10543000,0.0,0.0
2011-11-01 00:00:00-04:00,20.665000915527344,20.934999465942383,20.459999084472656,20.614999771118164,15.499377250671387,15438800,0.0,0.0
2011-11-02 00:00:00-04:00,20.875,20.959999084472656,20.46500015258789,20.59000015258789,15.480586051940918,13484000,0.0,0.0
2011-11-03 00:00:00-04:00,20.760000228881836,20.90999984741211,20.274999618530273,20.700000762939453,15.563289642333984,21705600,0.0,0.0
2011-11-04 00:00:00-04:00,21.459999084472656,22.344999313354492,21.334999084472656,22.094999313354492,16.612110137939453,34216000,0.0,0.0
2011-11-07 00:00:00-05:00,21.975000381469727,22.350000381469727,21.875,22.114999771118164,16.62714958190918,20936000,0.0,0.0
2011-11-08 00:00:00-05:00,22.190000534057617,22.325000762939453,21.65999984741211,22.18000030517578,16.67601776123047,12079800,0.0,0.0
2011-11-09 00:00:00-05:00,21.684999465942383,21.94499969482422,21.405000686645508,21.475000381469727,16.145963668823242,16248000,0.0,0.0
2011-11-10 00:00:00-05:00,21.600000381469727,21.854999542236328,21.329999923706055,21.760000228881836,16.360248565673828,14783600,0.0,0.0
2011-11-11 00:00:00-05:00,21.94499969482422,22.299999237060547,21.899999618530273,22.170000076293945,16.66850471496582,9448800,0.0,0.0
2011-11-14 00:00:00-05:00,22.024999618530273,22.225000381469727,21.770000457763672,21.81999969482422,16.40536117553711,9817800,0.0,0.0
2011-11-15 00:00:00-05:00,21.670000076293945,22.110000610351562,21.635000228881836,22.014999389648438,16.616695404052734,8110800,0.085,0.0
2011-11-16 00:00:00-05:00,21.739999771118164,21.94499969482422,21.475000381469727,21.510000228881836,16.23553466796875,11803800,0.0,0.0
2011-11-17 00:00:00-05:00,21.385000228881836,21.510000228881836,20.825000762939453,21.014999389648438,15.861906051635742,13512000,0.0,0.0
2011-11-18 00:00:00-05:00,21.014999389648438,21.290000915527344,20.959999084472656,21.010000228881836,15.858138084411621,11646600,0.0,0.0
2011-11-21 00:00:00-05:00,20.604999542236328,20.959999084472656,20.440000534057617,20.84000015258789,15.729819297790527,12086800,0.0,0.0
2011-11-22 00:00:00-05:00,20.774999618530273,21.225000381469727,20.700000762939453,21.139999389648438,15.956253051757812,11926000,0.0,0.0
2011-11-23 00:00:00-05:00,20.979999542236328,21.020000457763672,20.625,20.625,15.567546844482422,10680600,0.0,0.0
2011-11-25 00:00:00-05:00,20.524999618530273,20.709999084472656,20.375,20.420000076293945,15.412810325622559,5104800,0.0,0.0
2011-11-28 00:00:00-05:00,20.895000457763672,21.19499969482422,20.674999237060547,20.924999237060547,15.793978691101074,10003600,0.0,0.0
2011-11-29 00:00:00-05:00,21.010000228881836,21.375,20.885000228881836,21.104999542236328,15.929837226867676,11266800,0.0,0.0
2011-11-30 00:00:00-05:00,21.610000610351562,21.875,21.454999923706055,21.739999771118164,16.409130096435547,14023200,0.0,0.0
2011-12-01 00:00:00-05:00,21.600000381469727,21.854999542236328,21.600000381469727,21.795000076293945,16.450647354125977,8343600,0.0,0.0
2011-12-02 00:00:00-05:00,21.975000381469727,22.114999771118164,21.780000686645508,21.954999923706055,16.571414947509766,12210600,0.0,0.0
2011-12-05 00:00:00-05:00,22.125,22.170000076293945,22.0,22.100000381469727,16.68085289001465,13901400,0.0,0.0
2011-12-06 00:00:00-05:00,22.145000457763672,22.149999618530273,21.684999465942383,21.864999771118164,16.503482818603516,8228400,0.0,0.0
2011-12-07 00:00:00-05:00,21.770000457763672,22.020000457763672,21.5,21.940000534057617,16.56007957458496,8208800,0.0,0.0
2011-12-08 00:00:00-05:00,21.725000381469727,21.9950008392334,21.389999389648438,21.43000030517578,16.175140380859375,9878800,0.0,0.0
2011-12-09 00:00:00-05:00,21.549999237060547,22.06999969482422,21.469999313354492,21.979999542236328,16.59027862548828,10894000,0.0,0.0
2011-12-12 00:00:00-05:00,21.7450008392334,22.030000686645508,21.575000762939453,22.0,16.60537338256836,9246200,0.0,0.0
2011-12-13 00:00:00-05:00,22.274999618530273,22.5,21.729999542236328,21.80500030517578,16.458192825317383,14486400,0.0,0.0
2011-12-14 00:00:00-05:00,21.69499969482422,21.764999389648438,21.334999084472656,21.545000076293945,16.261947631835938,12387800,0.0,0.0
2011-12-15 00:00:00-05:00,21.68000030517578,21.864999771118164,21.575000762939453,21.700000762939453,16.378938674926758,10743200,0.0,0.0
2011-12-16 00:00:00-05:00,21.854999542236328,22.040000915527344,21.725000381469727,21.739999771118164,16.409130096435547,13281200,0.0,0.0
2011-12-19 00:00:00-05:00,21.93000030517578,22.0,21.655000686645508,21.809999465942383,16.46196746826172,10464200,0.0,0.0
2011-12-20 00:00:00-05:00,22.065000534057617,22.575000762939453,22.049999237060547,22.530000686645508,17.005413055419922,12999200,0.0,0.0
2011-12-21 00:00:00-05:00,22.5049991607666,22.725000381469727,22.264999389648438,22.6200008392334,17.073347091674805,9242800,0.0,0.0
2011-12-22 00:00:00-05:00,22.600000381469727,22.6299991607666,22.329999923706055,22.5,16.982778549194336,7896000,0.0,0.0
2011-12-23 00:00:00-05:00,22.545000076293945,22.725000381469727,22.454999923706055,22.725000381469727,17.152597427368164,5067800,0.0,0.0
2011-12-27 00:00:00-05:00,22.700000762939453,23.049999237060547,22.674999237060547,22.969999313354492,17.33751678466797,5791200,0.0,0.0
2011-12-28 00:00:00-05:00,23.15999984741211,23.174999237060547,22.704999923706055,22.889999389648438,17.277135848999023,7831000,0.0,0.0
2011-12-29 00:00:00-05:00,23.040000915527344,23.25,22.954999923706055,23.225000381469727,17.529993057250977,7664400,0.0,0.0
2011-12-30 00:00:00-05:00,23.239999771118164,23.2450008392334,23.0049991607666,23.0049991607666,17.36393928527832,5366600,0.0,0.0
2012-01-03 00:00:00-05:00,23.424999237060547,23.520000457763672,22.639999389648438,22.645000457763672,17.092220306396484,12922400,0.0,0.0
2012-01-04 00:00:00-05:00,22.704999923706055,23.315000534057617,22.639999389648438,23.084999084472656,17.4243221282959,13886800,0.0,0.0
2012-01-05 00:00:00-05:00,23.094999313354492,23.200000762939453,22.774999618530273,23.18000030517578,17.49602508544922,9731800,0.0,0.0
2012-01-06 00:00:00-05:00,23.190000534057617,23.454999923706055,23.114999771118164,23.360000610351562,17.63189125061035,8105400,0.0,0.0
2012-01-09 00:00:00-05:00,23.364999771118164,23.399999618530273,23.135000228881836,23.295000076293945,17.58282470703125,7261600,0.0,0.0
2012-01-10 00:00:00-05:00,23.524999618530273,23.639999389648438,23.19499969482422,23.40999984741211,17.669633865356445,7868000,0.0,0.0
2012-01-11 00:00:00-05:00,23.31999969482422,23.604999542236328,23.235000610351562,23.559999465942383,17.782848358154297,8201000,0.0,0.0
2012-01-12 00:00:00-05:00,23.665000915527344,23.815000534057617,23.524999618530273,23.799999237060547,17.963998794555664,8973400,0.0,0.0
2012-01-13 00:00:00-05:00,23.75,23.799999237060547,23.469999313354492,23.68000030517578,17.87342643737793,9538200,0.0,0.0
2012-01-17 00:00:00-05:00,23.969999313354492,23.9950008392334,23.764999389648438,23.854999542236328,18.00550651550293,7536600,0.0,0.0
2012-01-18 00:00:00-05:00,23.93000030517578,24.075000762939453,23.809999465942383,24.020000457763672,18.130048751831055,11219400,0.0,0.0
2012-01-19 00:00:00-05:00,23.989999771118164,24.024999618530273,23.850000381469727,24.010000228881836,18.12249755859375,10540800,0.0,0.0
2012-01-20 00:00:00-05:00,23.969999313354492,24.19499969482422,23.905000686645508,24.075000762939453,18.17155647277832,9582200,0.0,0.0
2012-01-23 00:00:00-05:00,24.075000762939453,24.100000381469727,23.55500030517578,23.670000076293945,17.865873336791992,15163000,0.0,0.0
2012-01-24 00:00:00-05:00,23.6299991607666,23.899999618530273,23.520000457763672,23.825000762939453,17.982872009277344,10309200,0.0,0.0
2012-01-25 00:00:00-05:00,24.045000076293945,24.045000076293945,23.674999237060547,23.885000228881836,18.028154373168945,14279000,0.0,0.0
2012-01-26 00:00:00-05:00,24.030000686645508,24.2450008392334,23.530000686645508,24.170000076293945,18.243263244628906,24982200,0.0,0.0
2012-01-27 00:00:00-05:00,23.94499969482422,23.96500015258789,23.454999923706055,23.924999237060547,18.058340072631836,26973400,0.0,0.0
2012-01-30 00:00:00-05:00,23.684999465942383,24.239999771118164,23.625,24.239999771118164,18.296100616455078,16458600,0.0,0.0
2012-01-31 00:00:00-05:00,24.270000457763672,24.309999465942383,23.90999984741211,23.959999084472656,18.08476448059082,11731200,0.0,0.0
2012-02-01 00:00:00-05:00,24.170000076293945,24.21500015258789,23.770000457763672,24.1200008392334,18.205530166625977,16545600,0.0,0.0
2012-02-02 00:00:00-05:00,24.114999771118164,24.2450008392334,23.704999923706055,23.829999923706055,17.98664093017578,11977800,0.0,0.0
2012-02-03 00:00:00-05:00,23.985000610351562,24.200000762939453,23.969999313354492,24.15999984741211,18.235719680786133,9995800,0.0,0.0
2012-02-06 00:00:00-05:00,24.059999465942383,24.25,23.9950008392334,24.145000457763672,18.288742065429688,7415200,0.085,0.0
2012-02-07 00:00:00-05:00,24.125,24.299999237060547,24.059999465942383,24.204999923706055,18.334197998046875,6351800,0.0,0.0
2012-02-08 00:00:00-05:00,24.235000610351562,24.405000686645508,24.139999389648438,24.360000610351562,18.451589584350586,7672200,0.0,0.0
2012-02-09 00:00:00-05:00,24.43000030517578,24.68000030517578,24.3799991607666,24.600000381469727,18.633377075195312,9513600,0.0,0.0
2012-02-10 00:00:00-05:00,24.399999618530273,24.450000762939453,24.25,24.40999984741211,18.489469528198242,8176400,0.0,0.0
2012-02-13 00:00:00-05:00,24.524999618530273,24.635000228881836,24.364999771118164,24.625,18.652318954467773,7716600,0.0,0.0
2012-02-14 00:00:00-05:00,24.485000610351562,24.559999465942383,24.329999923706055,24.559999465942383,18.603086471557617,6621200,0.0,0.0
2012-02-15 00:00:00-05:00,24.524999618530273,24.600000381469727,24.204999923706055,24.239999771118164,18.360698699951172,8092600,0.0,0.0
2012-02-16 00:00:00-05:00,24.18000030517578,24.395000457763672,24.165000915527344,24.260000228881836,18.3758487701416,9766400,0.0,0.0
2012-02-17 00:00:00-05:00,24.334999084472656,24.510000228881836,24.21500015258789,24.225000381469727,18.34933853149414,12705800,0.0,0.0
2012-02-21 00:00:00-05:00,24.209999084472656,24.434999465942383,24.03499984741211,24.1299991607666,18.277381896972656,8291600,0.0,0.0
2012-02-22 00:00:00-05:00,24.145000457763672,24.219999313354492,23.934999465942383,24.165000915527344,18.303897857666016,8649400,0.0,0.0
2012-02-23 00:00:00-05:00,24.170000076293945,24.274999618530273,24.0,24.229999542236328,18.353132247924805,8253400,0.0,0.0
2012-02-24 00:00:00-05:00,24.200000762939453,24.350000381469727,24.049999237060547,24.149999618530273,18.29253578186035,6553400,0.0,0.0
2012-02-27 00:00:00-05:00,24.065000534057617,24.280000686645508,23.889999389648438,24.114999771118164,18.266021728515625,6713000,0.0,0.0
2012-02-28 00:00:00-05:00,24.114999771118164,24.459999084472656,24.079999923706055,24.454999923706055,18.523555755615234,7653200,0.0,0.0
2012-02-29 00:00:00-05:00,24.43000030517578,24.440000534057617,24.2450008392334,24.280000686645508,18.39099884033203,10245200,0.0,0.0
2012-03-01 00:00:00-05:00,24.344999313354492,24.545000076293945,24.235000610351562,24.354999542236328,18.447811126708984,8673000,0.0,0.0
2012-03-02 00:00:00-05:00,24.3799991607666,24.559999465942383,24.264999389648438,24.44499969482422,18.51597785949707,8177400,0.0,0.0
2012-03-05 00:00:00-05:00,24.344999313354492,24.700000762939453,24.344999313354492,24.520000457763672,18.572784423828125,8906600,0.0,0.0
2012-03-06 00:00:00-05:00,24.270000457763672,24.520000457763672,24.049999237060547,24.165000915527344,18.303897857666016,8207400,0.0,0.0
2012-03-07 00:00:00-05:00,24.21500015258789,24.760000228881836,24.19499969482422,24.7450008392334,18.743215560913086,11421200,0.0,0.0
2012-03-08 00:00:00-05:00,24.825000762939453,25.375,24.825000762939453,25.184999465942383,19.076499938964844,16631600,0.0,0.0
2012-03-09 00:00:00-05:00,25.875,26.235000610351562,25.53499984741211,25.920000076293945,19.633230209350586,28375800,0.0,0.0
2012-03-12 00:00:00-04:00,25.979999542236328,26.010000228881836,25.469999313354492,25.55500030517578,19.35675811767578,13623600,0.0,0.0
2012-03-13 00:00:00-04:00,25.6200008392334,26.174999237060547,25.559999465942383,26.170000076293945,19.82258415222168,18471600,0.0,0.0
2012-03-14 00:00:00-04:00,26.0,26.454999923706055,25.959999084472656,26.34000015258789,19.95136260986328,14739600,0.0,0.0
2012-03-15 00:00:00-04:00,26.424999237060547,26.55500030517578,26.34000015258789,26.53499984741211,20.099061965942383,12636200,0.0,0.0
2012-03-16 00:00:00-04:00,26.625,26.684999465942383,26.434999465942383,26.604999542236328,20.152076721191406,23993200,0.0,0.0
2012-03-19 00:00:00-04:00,26.514999389648438,26.78499984741211,26.329999923706055,26.774999618530273,20.280853271484375,11435200,0.0,0.0
2012-03-20 00:00:00-04:00,26.760000228881836,26.915000915527344,26.614999771118164,26.864999771118164,20.34902572631836,12616400,0.0,0.0
2012-03-21 00:00:00-04:00,26.96500015258789,26.979999542236328,26.7549991607666,26.905000686645508,20.379310607910156,8522800,0.0,0.0
2012-03-22 00:00:00-04:00,26.84000015258789,27.625,26.825000762939453,27.604999542236328,20.909534454345703,21402400,0.0,0.0
2012-03-23 00:00:00-04:00,27.7450008392334,27.75,27.25,27.674999237060547,20.96256446838379,13754800,0.0,0.0
2012-03-26 00:00:00-04:00,27.760000228881836,27.954999923706055,27.59000015258789,27.954999923706055,21.17464828491211,13132800,0.0,0.0
2012-03-27 00:00:00-04:00,27.985000610351562,28.229999542236328,27.829999923706055,28.1299991607666,21.307201385498047,13421000,0.0,0.0
2012-03-28 00:00:00-04:00,28.110000610351562,28.274999618530273,27.829999923706055,28.014999389648438,21.220090866088867,12098200,0.0,0.0
2012-03-29 00:00:00-04:00,27.799999237060547,27.934999465942383,27.309999465942383,27.864999771118164,21.106477737426758,13402400,0.0,0.0
2012-03-30 00:00:00-04:00,28.100000381469727,28.125,27.8700008392334,27.94499969482422,21.16706657409668,8967400,0.0,0.0
2012-04-02 00:00:00-04:00,28.014999389648438,28.44499969482422,27.979999542236328,28.334999084472656,21.462478637695312,12180600,0.0,0.0
2012-04-03 00:00:00-04:00,28.344999313354492,28.584999084472656,28.21500015258789,28.454999923706055,21.553369522094727,11865400,0.0,0.0
2012-04-04 00:00:00-04:00,28.6299991607666,28.825000762939453,28.329999923706055,28.479999542236328,21.572309494018555,14150800,0.0,0.0
2012-04-05 00:00:00-04:00,28.559999465942383,29.235000610351562,28.53499984741211,29.09000015258789,22.034351348876953,16360000,0.0,0.0
2012-04-09 00:00:00-04:00,28.635000228881836,28.979999542236328,28.55500030517578,28.709999084472656,21.746522903442383,12610800,0.0,0.0
2012-04-10 00:00:00-04:00,28.8799991607666,28.959999084472656,28.299999237060547,28.389999389648438,21.504138946533203,18156000,0.0,0.0
2012-04-11 00:00:00-04:00,28.68000030517578,29.65999984741211,28.594999313354492,29.645000457763672,22.454748153686523,24176400,0.0,0.0
2012-04-12 00:00:00-04:00,29.719999313354492,30.325000762939453,29.510000228881836,30.315000534057617,22.962244033813477,24417200,0.0,0.0
2012-04-13 00:00:00-04:00,30.139999389648438,30.989999771118164,29.875,30.834999084472656,23.35611343383789,30542400,0.0,0.0
2012-04-16 00:00:00-04:00,30.96500015258789,31.0,29.7549991607666,29.825000762939453,22.591089248657227,25367800,0.0,0.0
2012-04-17 00:00:00-04:00,29.969999313354492,29.975000381469727,29.09000015258789,29.329999923706055,22.216142654418945,30548200,0.0,0.0
2012-04-18 00:00:00-04:00,29.5,30.364999771118164,29.459999084472656,30.165000915527344,22.848623275756836,18130400,0.0,0.0
2012-04-19 00:00:00-04:00,30.200000762939453,30.219999313354492,29.290000915527344,29.405000686645508,22.272958755493164,18567200,0.0,0.0
2012-04-20 00:00:00-04:00,29.53499984741211,29.934999465942383,29.5,29.579999923706055,22.4055118560791,16134800,0.0,0.0
2012-04-23 00:00:00-04:00,29.34000015258789,29.420000076293945,28.875,29.280000686645508,22.17827606201172,15202200,0.0,0.0
2012-04-24 00:00:00-04:00,29.485000610351562,29.875,28.8799991607666,29.024999618530273,21.985122680664062,17996000,0.0,0.0
2012-04-25 00:00:00-04:00,29.354999542236328,29.854999542236328,29.174999237060547,29.75,22.534284591674805,14108600,0.0,0.0
2012-04-26 00:00:00-04:00,29.924999237060547,30.575000762939453,29.700000762939453,30.329999923706055,22.973600387573242,29879400,0.0,0.0
2012-04-27 00:00:00-04:00,29.135000228881836,29.25,28.235000610351562,28.71500015258789,21.750307083129883,54720000,0.0,0.0
2012-04-30 00:00:00-04:00,28.71500015258789,28.875,28.454999923706055,28.684999465942383,21.727590560913086,18647400,0.0,0.0
2012-05-01 00:00:00-04:00,28.7549991607666,29.21500015258789,28.610000610351562,28.829999923706055,21.83742332458496,13267200,0.0,0.0
2012-05-02 00:00:00-04:00,28.764999389648438,29.075000762939453,28.55500030517578,28.959999084472656,21.935884475708008,13916600,0.0,0.0
2012-05-03 00:00:00-04:00,28.770000457763672,28.829999923706055,28.309999465942383,28.325000762939453,21.454904556274414,16406800,0.0,0.0
2012-05-04 00:00:00-04:00,28.014999389648438,28.1299991607666,27.65999984741211,27.780000686645508,21.042089462280273,18263200,0.0,0.0
2012-05-07 00:00:00-04:00,27.600000381469727,27.905000686645508,27.5,27.739999771118164,21.076282501220703,12645000,0.085,0.0
2012-05-08 00:00:00-04:00,27.5049991607666,27.55500030517578,26.524999618530273,27.094999313354492,20.586219787597656,20748600,0.0,0.0
2012-05-09 00:00:00-04:00,26.854999542236328,27.43000030517578,26.75,27.049999237060547,20.55202865600586,17232200,0.0,0.0
2012-05-10 00:00:00-04:00,27.354999542236328,27.78499984741211,27.2450008392334,27.424999237060547,20.836952209472656,15112200,0.0,0.0
2012-05-11 00:00:00-04:00,27.295000076293945,27.8700008392334,27.274999618530273,27.5049991607666,20.897727966308594,14455800,0.0,0.0
2012-05-14 00:00:00-04:00,27.2549991607666,27.30500030517578,26.81999969482422,26.834999084472656,20.38867950439453,11794600,0.0,0.0
2012-05-15 00:00:00-04:00,26.899999618530273,27.049999237060547,26.540000915527344,26.670000076293945,20.26331901550293,19779800,0.0,0.0
2012-05-16 00:00:00-04:00,26.795000076293945,27.024999618530273,26.420000076293945,26.510000228881836,20.141748428344727,15818000,0.0,0.0
2012-05-17 00:00:00-04:00,26.594999313354492,26.600000381469727,25.815000534057617,25.834999084472656,19.628894805908203,17960000,0.0,0.0
2012-05-18 00:00:00-04:00,26.010000228881836,26.584999084472656,25.71500015258789,25.764999389648438,19.575714111328125,22738200,0.0,0.0
2012-05-21 00:00:00-04:00,25.854999542236328,26.8700008392334,25.764999389648438,26.850000381469727,20.400075912475586,20695000,0.0,0.0
2012-05-22 00:00:00-04:00,26.905000686645508,27.200000762939453,26.53499984741211,26.684999465942383,20.274715423583984,15757000,0.0,0.0
2012-05-23 00:00:00-04:00,26.979999542236328,27.739999771118164,26.950000762939453,27.645000457763672,21.004106521606445,18498400,0.0,0.0
2012-05-24 00:00:00-04:00,27.90999984741211,28.19499969482422,26.96500015258789,27.3799991607666,20.802753448486328,20236800,0.0,0.0
2012-05-25 00:00:00-04:00,27.434999465942383,27.530000686645508,27.145000457763672,27.280000686645508,20.726781845092773,10169400,0.0,0.0
2012-05-29 00:00:00-04:00,27.4950008392334,27.924999237060547,27.399999618530273,27.790000915527344,21.114269256591797,12982000,0.0,0.0
2012-05-30 00:00:00-04:00,27.43000030517578,27.559999465942383,27.204999923706055,27.364999771118164,20.791366577148438,10412600,0.0,0.0
2012-05-31 00:00:00-04:00,27.415000915527344,27.540000915527344,26.954999923706055,27.44499969482422,20.852144241333008,15055200,0.0,0.0
2012-06-01 00:00:00-04:00,26.55500030517578,27.030000686645508,26.020000457763672,26.075000762939453,19.811254501342773,17456400,0.0,0.0
2012-06-04 00:00:00-04:00,26.0,26.985000610351562,25.7450008392334,26.950000762939453,20.476055145263672,24502800,0.0,0.0
2012-06-05 00:00:00-04:00,26.174999237060547,26.34000015258789,25.815000534057617,26.204999923706055,19.910030364990234,22337600,0.0,0.0
2012-06-06 00:00:00-04:00,26.545000076293945,26.799999237060547,26.440000534057617,26.735000610351562,20.31270408630371,13980400,0.0,0.0
2012-06-07 00:00:00-04:00,27.03499984741211,27.190000534057617,26.639999389648438,26.719999313354492,20.30130958557129,14475600,0.0,0.0
2012-06-08 00:00:00-04:00,26.420000076293945,26.8799991607666,26.19499969482422,26.795000076293945,20.358287811279297,12509800,0.0,0.0
2012-06-11 00:00:00-04:00,27.075000762939453,27.084999084472656,26.375,26.415000915527344,20.069580078125,9770000,0.0,0.0
2012-06-12 00:00:00-04:00,26.5,26.71500015258789,25.934999465942383,26.520000457763672,20.149354934692383,21075400,0.0,0.0
2012-06-13 00:00:00-04:00,26.420000076293945,26.68000030517578,25.514999389648438,25.635000228881836,19.47694969177246,21445600,0.0,0.0
2012-06-14 00:00:00-04:00,25.71500015258789,26.239999771118164,25.549999237060547,26.165000915527344,19.879623413085938,16009600,0.0,0.0
2012-06-15 00:00:00-04:00,25.885000228881836,26.295000076293945,25.774999618530273,26.270000457763672,19.959407806396484,20108800,0.0,0.0
2012-06-18 00:00:00-04:00,26.170000076293945,27.145000457763672,26.125,27.09000015258789,20.582420349121094,15911000,0.0,0.0
2012-06-19 00:00:00-04:00,27.354999542236328,27.774999618530273,27.264999389648438,27.559999465942383,20.939512252807617,15032400,0.0,0.0
2012-06-20 00:00:00-04:00,27.649999618530273,27.954999923706055,27.5,27.81999969482422,21.137060165405273,14967200,0.0,0.0
2012-06-21 00:00:00-04:00,27.90999984741211,27.985000610351562,27.0,27.03499984741211,20.54063606262207,12379800,0.0,0.0
2012-06-22 00:00:00-04:00,27.135000228881836,27.364999771118164,27.020000457763672,27.31999969482422,20.757179260253906,9148800,0.0,0.0
2012-06-25 00:00:00-04:00,27.079999923706055,27.1200008392334,26.5049991607666,26.645000457763672,20.244319915771484,10005800,0.0,0.0
2012-06-26 00:00:00-04:00,26.635000228881836,27.049999237060547,26.5,26.975000381469727,20.495052337646484,9467000,0.0,0.0
2012-06-27 00:00:00-04:00,26.940000534057617,27.049999237060547,26.18000030517578,26.375,20.039175033569336,14015800,0.0,0.0
2012-06-28 00:00:00-04:00,26.264999389648438,26.295000076293945,25.625,26.045000076293945,19.788454055786133,15650200,0.0,0.0
2012-06-29 00:00:00-04:00,26.594999313354492,26.704999923706055,26.415000915527344,26.65999984741211,20.25571632385254,16983200,0.0,0.0
2012-07-02 00:00:00-04:00,26.719999313354492,26.719999313354492,26.075000762939453,26.395000457763672,20.05438232421875,10270800,0.0,0.0
2012-07-03 00:00:00-04:00,26.235000610351562,26.299999237060547,25.860000610351562,25.969999313354492,19.73147201538086,9112800,0.0,0.0
2012-07-05 00:00:00-04:00,26.020000457763672,26.399999618530273,25.985000610351562,26.200000762939453,19.90622329711914,8752200,0.0,0.0
2012-07-06 00:00:00-04:00,26.075000762939453,26.100000381469727,25.649999618530273,25.985000610351562,19.74287223815918,12096200,0.0,0.0
2012-07-09 00:00:00-04:00,25.885000228881836,26.200000762939453,25.860000610351562,26.19499969482422,19.902416229248047,9328600,0.0,0.0
2012-07-10 00:00:00-04:00,26.375,26.5049991607666,26.024999618530273,26.170000076293945,19.883434295654297,10558200,0.0,0.0
2012-07-11 00:00:00-04:00,26.09000015258789,26.190000534057617,25.850000381469727,26.079999923706055,19.815046310424805,8700000,0.0,0.0
2012-07-12 00:00:00-04:00,25.799999237060547,26.475000381469727,25.719999313354492,26.34000015258789,20.012588500976562,10980800,0.0,0.0
2012-07-13 00:00:00-04:00,26.21500015258789,26.844999313354492,26.079999923706055,26.80500030517578,20.36589813232422,11089600,0.0,0.0
2012-07-16 00:00:00-04:00,26.729999542236328,26.93000030517578,26.3799991607666,26.450000762939453,20.096166610717773,9318800,0.0,0.0
2012-07-17 00:00:00-04:00,26.645000457763672,26.959999084472656,26.469999313354492,26.864999771118164,20.411479949951172,8470000,0.0,0.0
2012-07-18 00:00:00-04:00,26.415000915527344,26.795000076293945,26.135000228881836,26.649999618530273,20.248117446899414,11023400,0.0,0.0
2012-07-19 00:00:00-04:00,26.665000915527344,27.139999389648438,26.450000762939453,27.100000381469727,20.590024948120117,10426200,0.0,0.0
2012-07-20 00:00:00-04:00,26.65999984741211,26.69499969482422,25.770000457763672,25.979999542236328,19.739063262939453,23471400,0.0,0.0
2012-07-23 00:00:00-04:00,25.565000534057617,25.584999084472656,24.799999237060547,25.299999237060547,19.222414016723633,21166200,0.0,0.0
2012-07-24 00:00:00-04:00,25.264999389648438,25.579999923706055,25.040000915527344,25.239999771118164,19.176836013793945,12079200,0.0,0.0
2012-07-25 00:00:00-04:00,25.25,25.350000381469727,24.93000030517578,25.204999923706055,19.150236129760742,13157800,0.0,0.0
2012-07-26 00:00:00-04:00,25.854999542236328,26.44499969482422,25.690000534057617,26.200000762939453,19.90622329711914,28380400,0.0,0.0
2012-07-27 00:00:00-04:00,23.450000762939453,24.100000381469727,23.059999465942383,23.735000610351562,18.033361434936523,56945200,0.0,0.0
2012-07-30 00:00:00-04:00,23.725000381469727,23.864999771118164,23.344999313354492,23.440000534057617,17.80922508239746,17497200,0.0,0.0
2012-07-31 00:00:00-04:00,23.485000610351562,23.5,22.545000076293945,22.639999389648438,17.201400756835938,30425400,0.0,0.0
2012-08-01 00:00:00-04:00,22.735000610351562,22.7549991607666,21.850000381469727,21.889999389648438,16.63157081604004,33427000,0.0,0.0
2012-08-02 00:00:00-04:00,21.799999237060547,22.09000015258789,21.520000457763672,21.579999923706055,16.39603614807129,30760200,0.0,0.0
2012-08-03 00:00:00-04:00,21.915000915527344,22.100000381469727,21.700000762939453,21.954999923706055,16.680957794189453,24472800,0.0,0.0
2012-08-06 00:00:00-04:00,22.094999313354492,22.104999542236328,21.729999542236328,21.739999771118164,16.581802368164062,19911200,0.085,0.0
2012-08-07 00:00:00-04:00,21.905000686645508,22.690000534057617,21.844999313354492,22.655000686645508,17.279695510864258,25045400,0.0,0.0
2012-08-08 00:00:00-04:00,22.639999389648438,22.700000762939453,22.450000762939453,22.645000457763672,17.272075653076172,16627200,0.0,0.0
2012-08-09 00:00:00-04:00,22.795000076293945,22.829999923706055,22.514999389648438,22.55500030517578,17.20342445373535,18177600,0.0,0.0
2012-08-10 00:00:00-04:00,22.625,22.80500030517578,22.549999237060547,22.78499984741211,17.37885284423828,13512200,0.0,0.0
2012-08-13 00:00:00-04:00,22.8700008392334,23.155000686645508,22.739999771118164,23.05500030517578,17.584793090820312,16786200,0.0,0.0
2012-08-14 00:00:00-04:00,23.25,23.344999313354492,23.114999771118164,23.21500015258789,17.706830978393555,14132000,0.0,0.0
2012-08-15 00:00:00-04:00,23.375,24.155000686645508,23.3700008392334,24.049999237060547,18.343708038330078,29404800,0.0,0.0
2012-08-16 00:00:00-04:00,24.06999969482422,24.309999465942383,23.825000762939453,24.200000762939453,18.458126068115234,19389200,0.0,0.0
2012-08-17 00:00:00-04:00,24.30500030517578,24.30500030517578,23.920000076293945,24.110000610351562,18.389480590820312,17089200,0.0,0.0
2012-08-20 00:00:00-04:00,24.125,24.200000762939453,23.924999237060547,24.024999618530273,18.324647903442383,12297800,0.0,0.0
2012-08-21 00:00:00-04:00,24.15999984741211,24.225000381469727,23.975000381469727,24.045000076293945,18.339900970458984,14280200,0.0,0.0
2012-08-22 00:00:00-04:00,24.024999618530273,24.15999984741211,23.950000762939453,24.059999465942383,18.351343154907227,11817600,0.0,0.0
2012-08-23 00:00:00-04:00,24.06999969482422,24.19499969482422,23.90999984741211,23.950000762939453,18.267446517944336,13075800,0.0,0.0
2012-08-24 00:00:00-04:00,23.844999313354492,24.389999389648438,23.5049991607666,24.350000381469727,18.572532653808594,18156200,0.0,0.0
2012-08-27 00:00:00-04:00,24.5,24.655000686645508,24.375,24.56999969482422,18.740333557128906,16089800,0.0,0.0
2012-08-28 00:00:00-04:00,24.469999313354492,24.7549991607666,24.44499969482422,24.68000030517578,18.824235916137695,13325600,0.0,0.0
2012-08-29 00:00:00-04:00,24.719999313354492,24.834999084472656,24.524999618530273,24.584999084472656,18.751781463623047,12303000,0.0,0.0
2012-08-30 00:00:00-04:00,24.725000381469727,25.0,24.700000762939453,24.854999542236328,18.957714080810547,15918200,0.0,0.0
2012-08-31 00:00:00-04:00,25.010000228881836,25.030000686645508,24.68000030517578,24.80500030517578,18.919580459594727,11868200,0.0,0.0
2012-09-04 00:00:00-04:00,24.725000381469727,24.895000457763672,24.520000457763672,24.7549991607666,18.881444931030273,10806200,0.0,0.0
2012-09-05 00:00:00-04:00,24.78499984741211,25.325000762939453,24.7549991607666,24.899999618530273,18.992036819458008,12976400,0.0,0.0
2012-09-06 00:00:00-04:00,25.1299991607666,25.4950008392334,25.049999237060547,25.420000076293945,19.388654708862305,11363200,0.0,0.0
2012-09-07 00:00:00-04:00,25.485000610351562,25.65999984741211,25.3799991607666,25.584999084472656,19.514507293701172,10288200,0.0,0.0
2012-09-10 00:00:00-04:00,25.59000015258789,25.65999984741211,25.309999465942383,25.415000915527344,19.38484764099121,13784000,0.0,0.0
2012-09-11 00:00:00-04:00,25.5,25.639999389648438,25.30500030517578,25.364999771118164,19.34670639038086,13456200,0.0,0.0
2012-09-12 00:00:00-04:00,25.4950008392334,25.725000381469727,25.4950008392334,25.584999084472656,19.514507293701172,11277400,0.0,0.0
2012-09-13 00:00:00-04:00,25.584999084472656,25.924999237060547,25.440000534057617,25.860000610351562,19.724258422851562,11352000,0.0,0.0
2012-09-14 00:00:00-04:00,25.924999237060547,26.0,25.190000534057617,25.229999542236328,19.243732452392578,24167200,0.0,0.0
2012-09-17 00:00:00-04:00,24.975000381469727,25.03499984741211,24.4950008392334,24.829999923706055,18.938648223876953,21955400,0.0,0.0
2012-09-18 00:00:00-04:00,24.780000686645508,24.81999969482422,24.540000915527344,24.625,18.782285690307617,17068800,0.0,0.0
2012-09-19 00:00:00-04:00,24.670000076293945,25.204999923706055,24.575000762939453,25.05500030517578,19.110261917114258,14277200,0.0,0.0
2012-09-20 00:00:00-04:00,24.905000686645508,25.604999542236328,24.825000762939453,25.594999313354492,19.522138595581055,18039800,0.0,0.0
2012-09-21 00:00:00-04:00,25.7450008392334,25.825000762939453,25.510000228881836,25.53499984741211,19.476369857788086,18128000,0.0,0.0
2012-09-24 00:00:00-04:00,25.450000762939453,25.71500015258789,25.299999237060547,25.579999923706055,19.510698318481445,9267000,0.0,0.0
2012-09-25 00:00:00-04:00,25.655000686645508,25.84000015258789,25.235000610351562,25.264999389648438,19.270435333251953,14178400,0.0,0.0
2012-09-26 00:00:00-04:00,25.270000457763672,25.5,24.905000686645508,25.049999237060547,19.1064453125,13970800,0.0,0.0
2012-09-27 00:00:00-04:00,25.165000915527344,25.53499984741211,25.0,25.520000457763672,19.464933395385742,11752400,0.0,0.0
2012-09-28 00:00:00-04:00,25.280000686645508,25.479999542236328,24.94499969482422,25.354999542236328,19.33907127380371,16058600,0.0,0.0
2012-10-01 00:00:00-04:00,25.46500015258789,25.649999618530273,24.950000762939453,25.075000762939453,19.125518798828125,15432600,0.0,0.0
2012-10-02 00:00:00-04:00,25.219999313354492,25.219999313354492,24.399999618530273,24.649999618530273,18.801353454589844,21860200,0.0,0.0
2012-10-03 00:00:00-04:00,24.825000762939453,24.915000915527344,24.524999618530273,24.7450008392334,18.873815536499023,15040200,0.0,0.0
2012-10-04 00:00:00-04:00,24.94499969482422,24.96500015258789,24.3799991607666,24.549999237060547,18.72507667541504,24816200,0.0,0.0
2012-10-05 00:00:00-04:00,24.735000610351562,24.815000534057617,24.329999923706055,24.3700008392334,18.587783813476562,17917000,0.0,0.0
2012-10-08 00:00:00-04:00,24.329999923706055,24.584999084472656,24.200000762939453,24.3799991607666,18.595417022705078,15495600,0.0,0.0
2012-10-09 00:00:00-04:00,24.34000015258789,24.489999771118164,23.6299991607666,23.674999237060547,18.057687759399414,24286400,0.0,0.0
2012-10-10 00:00:00-04:00,23.8700008392334,23.905000686645508,23.309999465942383,23.475000381469727,17.90513801574707,22044000,0.0,0.0
2012-10-11 00:00:00-04:00,23.600000381469727,23.760000228881836,23.44499969482422,23.579999923706055,17.9852294921875,17288400,0.0,0.0
2012-10-12 00:00:00-04:00,23.760000228881836,23.844999313354492,23.520000457763672,23.59000015258789,17.992855072021484,17032800,0.0,0.0
2012-10-15 00:00:00-04:00,23.735000610351562,23.90999984741211,23.670000076293945,23.834999084472656,18.179725646972656,13587600,0.0,0.0
2012-10-16 00:00:00-04:00,24.014999389648438,24.639999389648438,23.940000534057617,24.479999542236328,18.67169189453125,17480600,0.0,0.0
2012-10-17 00:00:00-04:00,24.395000457763672,24.584999084472656,24.165000915527344,24.19499969482422,18.454309463500977,14531000,0.0,0.0
2012-10-18 00:00:00-04:00,24.21500015258789,24.274999618530273,23.594999313354492,23.704999923706055,18.080570220947266,19686400,0.0,0.0
2012-10-19 00:00:00-04:00,23.46500015258789,23.475000381469727,22.700000762939453,22.844999313354492,17.424623489379883,36760000,0.0,0.0
2012-10-22 00:00:00-04:00,22.864999771118164,22.8700008392334,22.545000076293945,22.649999618530273,17.275890350341797,16497400,0.0,0.0
2012-10-23 00:00:00-04:00,22.479999542236328,22.59000015258789,22.135000228881836,22.485000610351562,17.150039672851562,22447600,0.0,0.0
2012-10-24 00:00:00-04:00,22.649999618530273,22.764999389648438,22.540000915527344,22.6299991607666,17.260629653930664,17443800,0.0,0.0
2012-10-25 00:00:00-04:00,23.040000915527344,23.434999465942383,22.954999923706055,23.125,17.6381893157959,23508200,0.0,0.0
2012-10-26 00:00:00-04:00,23.024999618530273,23.100000381469727,22.690000534057617,22.934999465942383,17.49326515197754,21732800,0.0,0.0
2012-10-31 00:00:00-04:00,22.934999465942383,23.094999313354492,22.5,22.950000762939453,17.50470733642578,17869200,0.0,0.0
2012-11-01 00:00:00-04:00,22.8700008392334,23.3700008392334,22.69499969482422,23.309999465942383,17.77928924560547,25082400,0.0,0.0
2012-11-02 00:00:00-04:00,25.260000228881836,25.969999313354492,25.200000762939453,25.420000076293945,19.388654708862305,54965400,0.0,0.0
2012-11-05 00:00:00-05:00,25.399999618530273,25.645000457763672,25.350000381469727,25.5049991607666,19.453489303588867,20253800,0.0,0.0
2012-11-06 00:00:00-05:00,25.545000076293945,26.100000381469727,25.44499969482422,25.854999542236328,19.720439910888672,16161600,0.0,0.0
2012-11-07 00:00:00-05:00,25.6200008392334,26.149999618530273,25.545000076293945,25.905000686645508,19.758577346801758,19532000,0.0,0.0
2012-11-08 00:00:00-05:00,25.81999969482422,25.8700008392334,25.415000915527344,25.43000030517578,19.396286010742188,15438000,0.0,0.0
2012-11-09 00:00:00-05:00,25.469999313354492,25.75,25.334999084472656,25.479999542236328,19.43441390991211,14356400,0.0,0.0
2012-11-12 00:00:00-05:00,25.479999542236328,25.68000030517578,25.329999923706055,25.34000015258789,19.32764434814453,9687800,0.0,0.0
2012-11-13 00:00:00-05:00,25.209999084472656,25.510000228881836,25.024999618530273,25.155000686645508,19.266366958618164,9822400,0.105,0.0
2012-11-14 00:00:00-05:00,25.0,25.239999771118164,24.399999618530273,24.420000076293945,18.703433990478516,22024400,0.0,0.0
2012-11-15 00:00:00-05:00,24.5,24.53499984741211,24.079999923706055,24.21500015258789,18.546419143676758,15778000,0.0,0.0
2012-11-16 00:00:00-05:00,24.415000915527344,24.5,23.924999237060547,24.3799991607666,18.67279052734375,18604400,0.0,0.0
2012-11-19 00:00:00-05:00,24.485000610351562,25.0,24.475000381469727,24.8700008392334,19.04808807373047,12666600,0.0,0.0
2012-11-20 00:00:00-05:00,24.790000915527344,25.165000915527344,24.71500015258789,25.030000686645508,19.170629501342773,10971600,0.0,0.0
2012-11-21 00:00:00-05:00,24.975000381469727,25.31999969482422,24.954999923706055,25.2549991607666,19.342952728271484,8090400,0.0,0.0
2012-11-23 00:00:00-05:00,25.274999618530273,25.65999984741211,25.274999618530273,25.594999313354492,19.603364944458008,4949400,0.0,0.0
2012-11-26 00:00:00-05:00,25.424999237060547,25.514999389648438,25.2450008392334,25.44499969482422,19.488479614257812,7801000,0.0,0.0
2012-11-27 00:00:00-05:00,25.440000534057617,25.729999542236328,25.065000534057617,25.104999542236328,19.228076934814453,10800600,0.0,0.0
2012-11-28 00:00:00-05:00,25.094999313354492,25.700000762939453,24.950000762939453,25.684999465942383,19.67229652404785,10903000,0.0,0.0
2012-11-29 00:00:00-05:00,25.889999389648438,26.155000686645508,25.75,25.899999618530273,19.836971282958984,12829000,0.0,0.0
2012-11-30 00:00:00-05:00,25.709999084472656,26.0049991607666,25.520000457763672,25.934999465942383,19.863771438598633,11997400,0.0,0.0
2012-12-03 00:00:00-05:00,26.06999969482422,26.135000228881836,25.75,25.895000457763672,19.833139419555664,13776000,0.0,0.0
2012-12-04 00:00:00-05:00,25.825000762939453,25.989999771118164,25.469999313354492,25.559999465942383,19.576555252075195,12239000,0.0,0.0
2012-12-05 00:00:00-05:00,26.0,26.06999969482422,24.780000686645508,25.395000457763672,19.45018768310547,27640200,0.0,0.0
2012-12-06 00:00:00-05:00,25.75,26.924999237060547,25.594999313354492,26.850000381469727,20.564577102661133,49862000,0.0,0.0
2012-12-07 00:00:00-05:00,26.71500015258789,27.0,26.56999969482422,26.81999969482422,20.54160499572754,21244200,0.0,0.0
2012-12-10 00:00:00-05:00,26.760000228881836,26.850000381469727,26.399999618530273,26.479999542236328,20.281190872192383,14844400,0.0,0.0
2012-12-11 00:00:00-05:00,26.665000915527344,26.75,26.5,26.594999313354492,20.36927032470703,15011400,0.0,0.0
2012-12-12 00:00:00-05:00,26.735000610351562,27.094999313354492,26.575000762939453,26.799999237060547,20.526275634765625,18553000,0.0,0.0
2012-12-13 00:00:00-05:00,26.75,27.155000686645508,26.475000381469727,26.59000015258789,20.365440368652344,14360600,0.0,0.0
2012-12-14 00:00:00-05:00,26.600000381469727,26.875,26.530000686645508,26.68000030517578,20.43437957763672,9656200,0.0,0.0
2012-12-17 00:00:00-05:00,26.7549991607666,27.334999084472656,26.75,27.290000915527344,20.901573181152344,16114800,0.0,0.0
2012-12-18 00:00:00-05:00,27.334999084472656,27.450000762939453,27.139999389648438,27.170000076293945,20.809667587280273,15380800,0.0,0.0
2012-12-19 00:00:00-05:00,27.200000762939453,27.424999237060547,27.065000534057617,27.135000228881836,20.782867431640625,14237200,0.0,0.0
2012-12-20 00:00:00-05:00,27.264999389648438,27.30500030517578,26.850000381469727,27.104999542236328,20.759883880615234,9797800,0.0,0.0
2012-12-21 00:00:00-05:00,26.524999618530273,26.844999313354492,26.295000076293945,26.799999237060547,20.526275634765625,22153600,0.0,0.0
2012-12-24 00:00:00-05:00,26.684999465942383,27.0,26.665000915527344,26.844999313354492,20.560752868652344,3405800,0.0,0.0
2012-12-26 00:00:00-05:00,26.809999465942383,26.895000457763672,26.440000534057617,26.565000534057617,20.346294403076172,6094200,0.0,0.0
2012-12-27 00:00:00-05:00,26.545000076293945,26.81999969482422,26.354999542236328,26.6200008392334,20.388418197631836,9167200,0.0,0.0
2012-12-28 00:00:00-05:00,26.489999771118164,26.635000228881836,26.309999465942383,26.31999969482422,20.15865135192871,6791400,0.0,0.0
2012-12-31 00:00:00-05:00,26.204999923706055,26.834999084472656,26.19499969482422,26.815000534057617,20.53777313232422,9247000,0.0,0.0
2013-01-02 00:00:00-05:00,27.295000076293945,27.5,27.1299991607666,27.5,21.062419891357422,13267600,0.0,0.0
2013-01-03 00:00:00-05:00,27.53499984741211,27.80500030517578,27.5,27.684999465942383,21.2041072845459,14670400,0.0,0.0
2013-01-04 00:00:00-05:00,27.764999389648438,28.0,27.655000686645508,27.844999313354492,21.326650619506836,10911400,0.0,0.0
2013-01-07 00:00:00-05:00,27.700000762939453,27.895000457763672,27.5049991607666,27.860000610351562,21.338144302368164,8720000,0.0,0.0
2013-01-08 00:00:00-05:00,27.790000915527344,27.860000610351562,27.53499984741211,27.809999465942383,21.299846649169922,9613400,0.0,0.0
2013-01-09 00:00:00-05:00,27.94499969482422,27.950000762939453,27.165000915527344,27.315000534057617,20.920730590820312,16678400,0.0,0.0
2013-01-10 00:00:00-05:00,27.3799991607666,27.584999084472656,27.149999618530273,27.270000457763672,20.88625144958496,14367600,0.0,0.0
2013-01-11 00:00:00-05:00,27.55500030517578,27.6200008392334,27.219999313354492,27.5049991607666,21.06624412536621,13302600,0.0,0.0
2013-01-14 00:00:00-05:00,27.545000076293945,27.75,27.270000457763672,27.334999084472656,20.9360408782959,11596400,0.0,0.0
2013-01-15 00:00:00-05:00,27.315000534057617,27.395000457763672,26.84000015258789,27.239999771118164,20.8632869720459,13147800,0.0,0.0
2013-01-16 00:00:00-05:00,27.045000076293945,27.209999084472656,26.979999542236328,27.174999237060547,20.81349754333496,8919000,0.0,0.0
2013-01-17 00:00:00-05:00,27.395000457763672,27.450000762939453,27.110000610351562,27.25,20.870935440063477,9013000,0.0,0.0
2013-01-18 00:00:00-05:00,27.260000228881836,27.514999389648438,27.075000762939453,27.405000686645508,20.989656448364258,13091600,0.0,0.0
2013-01-22 00:00:00-05:00,27.53499984741211,27.53499984741211,27.25,27.4950008392334,21.058591842651367,11965000,0.0,0.0
2013-01-23 00:00:00-05:00,27.440000534057617,27.46500015258789,27.100000381469727,27.229999542236328,20.855621337890625,10900800,0.0,0.0
2013-01-24 00:00:00-05:00,27.3700008392334,27.450000762939453,27.030000686645508,27.28499984741211,20.89774513244629,23473600,0.0,0.0
2013-01-25 00:00:00-05:00,28.34000015258789,28.635000228881836,28.184999465942383,28.405000686645508,21.75556182861328,30797200,0.0,0.0
2013-01-28 00:00:00-05:00,28.420000076293945,28.575000762939453,27.924999237060547,28.010000228881836,21.453031539916992,13224800,0.0,0.0
2013-01-29 00:00:00-05:00,27.809999465942383,28.0049991607666,27.645000457763672,27.799999237060547,21.292184829711914,12092600,0.0,0.0
2013-01-30 00:00:00-05:00,27.8799991607666,28.100000381469727,27.690000534057617,28.0,21.445371627807617,13147600,0.0,0.0
2013-01-31 00:00:00-05:00,27.940000534057617,28.2450008392334,27.875,28.059999465942383,21.491321563720703,10583000,0.0,0.0
2013-02-01 00:00:00-05:00,28.28499984741211,28.549999237060547,28.274999618530273,28.43000030517578,21.77471160888672,9606200,0.0,0.0
2013-02-04 00:00:00-05:00,28.174999237060547,28.354999542236328,27.954999923706055,28.045000076293945,21.479835510253906,7926400,0.0,0.0
2013-02-05 00:00:00-05:00,28.1200008392334,28.225000381469727,27.954999923706055,28.100000381469727,21.602846145629883,8151400,0.105,0.0
2013-02-06 00:00:00-05:00,27.950000762939453,28.145000457763672,27.860000610351562,28.024999618530273,21.545177459716797,7449000,0.0,0.0
2013-02-07 00:00:00-05:00,28.024999618530273,28.030000686645508,27.575000762939453,27.93000030517578,21.472145080566406,9123600,0.0,0.0
2013-02-08 00:00:00-05:00,27.920000076293945,28.325000762939453,27.920000076293945,28.184999465942383,21.668184280395508,7146400,0.0,0.0
2013-02-11 00:00:00-05:00,28.260000228881836,28.260000228881836,27.93000030517578,28.06999969482422,21.579769134521484,5457400,0.0,0.0
2013-02-12 00:00:00-05:00,28.0,28.274999618530273,27.975000381469727,28.1299991607666,21.625904083251953,8665600,0.0,0.0
2013-02-13 00:00:00-05:00,28.229999542236328,28.229999542236328,27.75,27.915000915527344,21.460615158081055,7022800,0.0,0.0
2013-02-14 00:00:00-05:00,27.764999389648438,27.905000686645508,27.674999237060547,27.774999618530273,21.35298728942871,8899400,0.0,0.0
2013-02-15 00:00:00-05:00,27.80500030517578,27.850000381469727,27.084999084472656,27.170000076293945,20.88787078857422,18195800,0.0,0.0
2013-02-19 00:00:00-05:00,27.18000030517578,27.30500030517578,27.010000228881836,27.225000381469727,20.930152893066406,11761000,0.0,0.0
2013-02-20 00:00:00-05:00,27.299999237060547,27.420000076293945,26.59000015258789,26.655000686645508,20.491958618164062,12473000,0.0,0.0
2013-02-21 00:00:00-05:00,26.53499984741211,26.81999969482422,26.260000228881836,26.674999237060547,20.50732421875,13897400,0.0,0.0
2013-02-22 00:00:00-05:00,26.850000381469727,27.104999542236328,26.639999389648438,27.084999084472656,20.822526931762695,11487400,0.0,0.0
2013-02-25 00:00:00-05:00,27.200000762939453,27.354999542236328,26.600000381469727,26.604999542236328,20.453500747680664,12334000,0.0,0.0
2013-02-26 00:00:00-05:00,26.71500015258789,26.93000030517578,26.424999237060547,26.639999389648438,20.48041343688965,10611400,0.0,0.0
2013-02-27 00:00:00-05:00,26.625,27.485000610351562,26.540000915527344,27.28499984741211,20.976280212402344,12056400,0.0,0.0
2013-02-28 00:00:00-05:00,27.325000762939453,27.584999084472656,27.225000381469727,27.424999237060547,21.083908081054688,10436400,0.0,0.0
2013-03-01 00:00:00-05:00,27.315000534057617,27.46500015258789,27.0,27.434999465942383,21.091602325439453,8451800,0.0,0.0
2013-03-04 00:00:00-05:00,27.385000228881836,27.860000610351562,27.329999923706055,27.850000381469727,21.41064453125,10195000,0.0,0.0
2013-03-05 00:00:00-05:00,28.0,28.399999618530273,28.0,28.2549991607666,21.722007751464844,12932000,0.0,0.0
2013-03-06 00:00:00-05:00,28.3799991607666,28.7450008392334,28.325000762939453,28.549999237060547,21.94879913330078,14925200,0.0,0.0
2013-03-07 00:00:00-05:00,28.549999237060547,29.25,28.545000076293945,29.125,22.390838623046875,18237200,0.0,0.0
2013-03-08 00:00:00-05:00,29.334999084472656,29.485000610351562,29.075000762939453,29.334999084472656,22.552288055419922,14217800,0.0,0.0
2013-03-11 00:00:00-04:00,29.200000762939453,29.46500015258789,29.165000915527344,29.30500030517578,22.52922248840332,9898000,0.0,0.0
2013-03-12 00:00:00-04:00,29.225000381469727,29.274999618530273,28.989999771118164,29.139999389648438,22.402376174926758,11670200,0.0,0.0
2013-03-13 00:00:00-04:00,29.165000915527344,29.399999618530273,29.139999389648438,29.295000076293945,22.521535873413086,7435400,0.0,0.0
2013-03-14 00:00:00-04:00,29.260000228881836,29.375,28.704999923706055,28.84000015258789,22.17174530029297,14723200,0.0,0.0
2013-03-15 00:00:00-04:00,28.68000030517578,28.93000030517578,28.6299991607666,28.829999923706055,22.16405487060547,15103000,0.0,0.0
2013-03-18 00:00:00-04:00,28.530000686645508,28.709999084472656,28.375,28.46500015258789,21.88344383239746,10521200,0.0,0.0
2013-03-19 00:00:00-04:00,28.2549991607666,28.489999771118164,27.979999542236328,28.415000915527344,21.845008850097656,13337400,0.0,0.0
2013-03-20 00:00:00-04:00,28.610000610351562,28.80500030517578,28.5,28.71500015258789,22.075641632080078,9622600,0.0,0.0
2013-03-21 00:00:00-04:00,28.649999618530273,28.709999084472656,28.375,28.524999618530273,21.929582595825195,8307400,0.0,0.0
2013-03-22 00:00:00-04:00,28.649999618530273,28.875,28.579999923706055,28.690000534057617,22.056419372558594,8747600,0.0,0.0
2013-03-25 00:00:00-04:00,28.764999389648438,28.915000915527344,28.075000762939453,28.344999313354492,21.791194915771484,10581400,0.0,0.0
2013-03-26 00:00:00-04:00,28.4950008392334,28.579999923706055,28.354999542236328,28.524999618530273,21.929582595825195,6128600,0.0,0.0
2013-03-27 00:00:00-04:00,28.43000030517578,28.475000381469727,28.104999542236328,28.454999923706055,21.87575912475586,7457000,0.0,0.0
2013-03-28 00:00:00-04:00,28.46500015258789,28.6299991607666,28.43000030517578,28.475000381469727,21.89113426208496,7620400,0.0,0.0
2013-04-01 00:00:00-04:00,28.565000534057617,28.670000076293945,28.325000762939453,28.434999465942383,21.86038589477539,7009800,0.0,0.0
2013-04-02 00:00:00-04:00,28.594999313354492,29.165000915527344,28.575000762939453,29.1299991607666,22.394689559936523,13495800,0.0,0.0
2013-04-03 00:00:00-04:00,29.200000762939453,29.450000762939453,28.690000534057617,28.850000381469727,22.17943572998047,11272800,0.0,0.0
2013-04-04 00:00:00-04:00,28.80500030517578,29.155000686645508,28.80500030517578,29.05500030517578,22.3370361328125,7568600,0.0,0.0
2013-04-05 00:00:00-04:00,28.604999542236328,28.940000534057617,28.360000610351562,28.899999618530273,22.217876434326172,8993600,0.0,0.0
2013-04-08 00:00:00-04:00,28.915000915527344,29.059999465942383,28.729999542236328,29.059999465942383,22.34087562561035,7344000,0.0,0.0
2013-04-09 00:00:00-04:00,28.979999542236328,29.0,28.59000015258789,28.704999923706055,22.067955017089844,8361200,0.0,0.0
2013-04-10 00:00:00-04:00,28.81999969482422,29.155000686645508,28.80500030517578,28.899999618530273,22.217876434326172,8577400,0.0,0.0
2013-04-11 00:00:00-04:00,28.975000381469727,29.4950008392334,28.899999618530273,29.290000915527344,22.51769256591797,10417000,0.0,0.0
2013-04-12 00:00:00-04:00,29.354999542236328,29.854999542236328,29.299999237060547,29.545000076293945,22.71373176574707,10418400,0.0,0.0
2013-04-15 00:00:00-04:00,29.329999923706055,29.719999313354492,28.799999237060547,28.854999542236328,22.183273315429688,10700400,0.0,0.0
2013-04-16 00:00:00-04:00,28.969999313354492,29.469999313354492,28.860000610351562,29.280000686645508,22.50999641418457,8849400,0.0,0.0
2013-04-17 00:00:00-04:00,29.014999389648438,29.274999618530273,28.825000762939453,29.084999084472656,22.360095977783203,7207400,0.0,0.0
2013-04-18 00:00:00-04:00,29.18000030517578,29.239999771118164,28.75,28.860000610351562,22.1871280670166,8920600,0.0,0.0
2013-04-19 00:00:00-04:00,28.790000915527344,29.290000915527344,28.770000457763672,29.200000762939453,22.448509216308594,8605600,0.0,0.0
2013-04-22 00:00:00-04:00,29.209999084472656,29.434999465942383,28.989999771118164,29.31999969482422,22.540760040283203,5547400,0.0,0.0
2013-04-23 00:00:00-04:00,29.420000076293945,29.950000762939453,29.389999389648438,29.69499969482422,22.829050064086914,11324000,0.0,0.0
2013-04-24 00:00:00-04:00,29.844999313354492,29.985000610351562,29.565000534057617,29.915000915527344,22.998186111450195,10413400,0.0,0.0
2013-04-25 00:00:00-04:00,30.0,30.31999969482422,29.954999923706055,30.25,23.2557315826416,16609000,0.0,0.0
2013-04-26 00:00:00-04:00,29.649999618530273,30.19499969482422,29.600000381469727,30.0,23.06352996826172,14971000,0.0,0.0
2013-04-29 00:00:00-04:00,30.174999237060547,30.459999084472656,30.065000534057617,30.290000915527344,23.286483764648438,7401200,0.0,0.0
2013-04-30 00:00:00-04:00,30.315000534057617,30.454999923706055,30.155000686645508,30.420000076293945,23.386428833007812,8041200,0.0,0.0
2013-05-01 00:00:00-04:00,30.274999618530273,30.34000015258789,29.975000381469727,30.06999969482422,23.11734962463379,6294600,0.0,0.0
2013-05-02 00:00:00-04:00,30.219999313354492,30.34000015258789,29.799999237060547,30.190000534057617,23.209598541259766,6238200,0.0,0.0
2013-05-03 00:00:00-04:00,30.424999237060547,30.985000610351562,30.350000381469727,30.934999465942383,23.782352447509766,9835800,0.0,0.0
2013-05-06 00:00:00-04:00,31.0,31.239999771118164,30.959999084472656,31.239999771118164,24.016822814941406,6997200,0.0,0.0
2013-05-07 00:00:00-04:00,31.264999389648438,31.264999389648438,30.854999542236328,31.094999313354492,23.985963821411133,7495800,0.105,0.0
2013-05-08 00:00:00-04:00,31.170000076293945,31.219999313354492,30.864999771118164,31.204999923706055,24.070823669433594,5508200,0.0,0.0
2013-05-09 00:00:00-04:00,31.329999923706055,31.450000762939453,31.020000457763672,31.18000030517578,24.05153465270996,8277000,0.0,0.0
2013-05-10 00:00:00-04:00,31.28499984741211,31.594999313354492,31.19499969482422,31.549999237060547,24.336942672729492,7481000,0.0,0.0
2013-05-13 00:00:00-04:00,31.600000381469727,31.614999771118164,31.30500030517578,31.40999984741211,24.228946685791016,5907000,0.0,0.0
2013-05-14 00:00:00-04:00,31.459999084472656,31.78499984741211,31.389999389648438,31.760000228881836,24.498939514160156,7510600,0.0,0.0
2013-05-15 00:00:00-04:00,31.65999984741211,32.099998474121094,31.610000610351562,32.03499984741211,24.7110652923584,9654600,0.0,0.0
2013-05-16 00:00:00-04:00,32.0,32.03499984741211,31.725000381469727,31.774999618530273,24.510509490966797,6661400,0.0,0.0
2013-05-17 00:00:00-04:00,31.885000228881836,32.06999969482422,31.75,32.064998626708984,24.73420524597168,6934400,0.0,0.0
2013-05-20 00:00:00-04:00,32.01499938964844,32.30500030517578,31.889999389648438,31.915000915527344,24.61849594116211,7211800,0.0,0.0
2013-05-21 00:00:00-04:00,32.02000045776367,32.22999954223633,31.940000534057617,32.125,24.780485153198242,6589000,0.0,0.0
2013-05-22 00:00:00-04:00,32.07500076293945,32.46500015258789,31.979999542236328,32.07500076293945,24.741912841796875,11014000,0.0,0.0
2013-05-23 00:00:00-04:00,31.844999313354492,31.90999984741211,31.514999389648438,31.760000228881836,24.498939514160156,8258400,0.0,0.0
2013-05-24 00:00:00-04:00,31.540000915527344,31.700000762939453,31.30500030517578,31.68000030517578,24.437227249145508,6507400,0.0,0.0
2013-05-28 00:00:00-04:00,32.10499954223633,32.349998474121094,32.02000045776367,32.130001068115234,24.784339904785156,7438600,0.0,0.0
2013-05-29 00:00:00-04:00,31.895000457763672,32.04999923706055,31.559999465942383,31.815000534057617,24.54136085510254,7562400,0.0,0.0
2013-05-30 00:00:00-04:00,31.934999465942383,32.02000045776367,31.729999542236328,31.735000610351562,24.479652404785156,8799000,0.0,0.0
2013-05-31 00:00:00-04:00,31.604999542236328,32.17499923706055,31.395000457763672,31.56999969482422,24.352367401123047,10205800,0.0,0.0
2013-06-03 00:00:00-04:00,31.6299991607666,31.770000457763672,31.309999465942383,31.729999542236328,24.475791931152344,11417600,0.0,0.0
2013-06-04 00:00:00-04:00,31.30500030517578,32.06999969482422,31.30500030517578,31.665000915527344,24.425655364990234,8622600,0.0,0.0
2013-06-05 00:00:00-04:00,31.520000457763672,31.649999618530273,31.155000686645508,31.170000076293945,24.043819427490234,8408600,0.0,0.0
2013-06-06 00:00:00-04:00,31.174999237060547,31.530000686645508,31.15999984741211,31.510000228881836,24.306093215942383,8625400,0.0,0.0
2013-06-07 00:00:00-04:00,31.704999923706055,32.54499816894531,31.704999923706055,32.52000045776367,25.085180282592773,13753000,0.0,0.0
2013-06-10 00:00:00-04:00,32.83000183105469,33.154998779296875,32.7400016784668,33.05500030517578,25.497865676879883,12412400,0.0,0.0
2013-06-11 00:00:00-04:00,32.73500061035156,33.05500030517578,32.654998779296875,32.709999084472656,25.231739044189453,7897600,0.0,0.0
2013-06-12 00:00:00-04:00,32.90999984741211,33.0,32.130001068115234,32.224998474121094,24.857620239257812,10070000,0.0,0.0
2013-06-13 00:00:00-04:00,32.27000045776367,33.095001220703125,32.03499984741211,32.98500061035156,25.44386863708496,11909800,0.0,0.0
2013-06-14 00:00:00-04:00,32.974998474121094,33.334999084472656,32.724998474121094,32.79999923706055,25.301166534423828,9854600,0.0,0.0
2013-06-17 00:00:00-04:00,33.095001220703125,33.279998779296875,32.85499954223633,33.01499938964844,25.467010498046875,8115800,0.0,0.0
2013-06-18 00:00:00-04:00,33.0,33.564998626708984,32.974998474121094,33.54999923706055,25.879695892333984,7453600,0.0,0.0
2013-06-19 00:00:00-04:00,33.5099983215332,33.7400016784668,33.20500183105469,33.20500183105469,25.613571166992188,10647200,0.0,0.0
2013-06-20 00:00:00-04:00,32.90999984741211,33.15999984741211,32.52000045776367,32.61000061035156,25.15460968017578,11606600,0.0,0.0
2013-06-21 00:00:00-04:00,32.85499954223633,32.959999084472656,32.1150016784668,32.345001220703125,24.95018768310547,14709600,0.0,0.0
2013-06-24 00:00:00-04:00,32.0,32.290000915527344,31.59000015258789,32.005001068115234,24.68792724609375,9913200,0.0,0.0
2013-06-25 00:00:00-04:00,32.26499938964844,32.68000030517578,32.220001220703125,32.369998931884766,24.9694766998291,9857000,0.0,0.0
2013-06-26 00:00:00-04:00,32.685001373291016,33.35499954223633,32.44499969482422,32.900001525878906,25.3783016204834,9545800,0.0,0.0
2013-06-27 00:00:00-04:00,33.1349983215332,33.25,32.82500076293945,32.845001220703125,25.335878372192383,6296000,0.0,0.0
2013-06-28 00:00:00-04:00,32.755001068115234,33.125,32.70000076293945,32.755001068115234,25.266450881958008,10836600,0.0,0.0
2013-07-01 00:00:00-04:00,33.04499816894531,33.244998931884766,32.90999984741211,33.119998931884766,25.54800796508789,6692200,0.0,0.0
2013-07-02 00:00:00-04:00,33.119998931884766,33.599998474121094,33.040000915527344,33.39500045776367,25.760135650634766,6765600,0.0,0.0
2013-07-03 00:00:00-04:00,33.21500015258789,33.84000015258789,33.20000076293945,33.650001525878906,25.956844329833984,5616400,0.0,0.0
2013-07-05 00:00:00-04:00,33.935001373291016,34.0,33.45000076293945,33.86000061035156,26.11882781982422,5189400,0.0,0.0
2013-07-08 00:00:00-04:00,33.970001220703125,34.40999984741211,33.939998626708984,34.14500045776367,26.33867073059082,8030000,0.0,0.0
2013-07-09 00:00:00-04:00,34.45000076293945,34.5,33.994998931884766,34.064998626708984,26.276952743530273,7460000,0.0,0.0
2013-07-10 00:00:00-04:00,33.935001373291016,34.060001373291016,33.724998474121094,34.04999923706055,26.265380859375,8090800,0.0,0.0
2013-07-11 00:00:00-04:00,34.34000015258789,34.7599983215332,34.17499923706055,34.66999816894531,26.743637084960938,8385800,0.0,0.0
2013-07-12 00:00:00-04:00,34.619998931884766,34.86000061035156,34.38999938964844,34.86000061035156,26.890209197998047,9706600,0.0,0.0
2013-07-15 00:00:00-04:00,34.845001220703125,34.95000076293945,34.76499938964844,34.83000183105469,26.8670597076416,6180600,0.0,0.0
2013-07-16 00:00:00-04:00,34.81999969482422,34.86000061035156,34.540000915527344,34.7599983215332,26.813066482543945,6068200,0.0,0.0
2013-07-17 00:00:00-04:00,34.869998931884766,34.90999984741211,33.94499969482422,34.099998474121094,26.303955078125,12147400,0.0,0.0
2013-07-18 00:00:00-04:00,34.224998474121094,34.505001068115234,34.02000045776367,34.2400016784668,26.41195297241211,8537800,0.0,0.0
2013-07-19 00:00:00-04:00,34.28499984741211,34.55500030517578,34.20000076293945,34.39500045776367,26.531513214111328,7197000,0.0,0.0
2013-07-22 00:00:00-04:00,34.540000915527344,34.60499954223633,34.275001525878906,34.5099983215332,26.620210647583008,6559800,0.0,0.0
2013-07-23 00:00:00-04:00,34.619998931884766,34.65999984741211,33.724998474121094,33.83000183105469,26.095680236816406,8466200,0.0,0.0
2013-07-24 00:00:00-04:00,34.060001373291016,34.21500015258789,33.150001525878906,33.30500030517578,25.69072151184082,14034200,0.0,0.0
2013-07-25 00:00:00-04:00,33.470001220703125,34.150001525878906,33.3650016784668,34.084999084472656,26.292383193969727,15978400,0.0,0.0
2013-07-26 00:00:00-04:00,36.29999923706055,36.7599983215332,35.92499923706055,36.68000030517578,28.294118881225586,32293400,0.0,0.0
2013-07-29 00:00:00-04:00,36.375,36.540000915527344,36.04999923706055,36.224998474121094,27.943138122558594,12800800,0.0,0.0
2013-07-30 00:00:00-04:00,36.45000076293945,36.4900016784668,35.85499954223633,35.96500015258789,27.742582321166992,9808800,0.0,0.0
2013-07-31 00:00:00-04:00,36.06999969482422,36.25,35.61000061035156,35.64500045776367,27.4957275390625,11248400,0.0,0.0
2013-08-01 00:00:00-04:00,36.1349983215332,36.8650016784668,36.040000915527344,36.7400016784668,28.340402603149414,12854600,0.0,0.0
2013-08-02 00:00:00-04:00,36.75,37.1349983215332,36.58000183105469,37.1150016784668,28.629657745361328,9416800,0.0,0.0
2013-08-05 00:00:00-04:00,37.11000061035156,37.1349983215332,36.85499954223633,36.98500061035156,28.529376983642578,7606200,0.0,0.0
2013-08-06 00:00:00-04:00,36.83000183105469,36.92499923706055,36.38999938964844,36.400001525878906,28.158056259155273,7956000,0.105,0.0
2013-08-07 00:00:00-04:00,36.18000030517578,36.57500076293945,36.084999084472656,36.095001220703125,27.922121047973633,7066000,0.0,0.0
2013-08-08 00:00:00-04:00,36.3849983215332,36.70000076293945,36.20000076293945,36.470001220703125,28.212215423583984,5923800,0.0,0.0
2013-08-09 00:00:00-04:00,36.29499816894531,36.6150016784668,36.2599983215332,36.400001525878906,28.158056259155273,5366400,0.0,0.0
2013-08-12 00:00:00-04:00,36.13999938964844,36.564998626708984,36.125,36.46500015258789,28.20835304260254,5472400,0.0,0.0
2013-08-13 00:00:00-04:00,36.54499816894531,36.54499816894531,35.96500015258789,36.31999969482422,28.09617805480957,5377800,0.0,0.0
2013-08-14 00:00:00-04:00,36.290000915527344,36.290000915527344,35.89500045776367,35.92499923706055,27.790620803833008,4932000,0.0,0.0
2013-08-15 00:00:00-04:00,35.654998779296875,35.67499923706055,35.154998779296875,35.369998931884766,27.361282348632812,7198800,0.0,0.0
2013-08-16 00:00:00-04:00,35.4900016784668,35.69499969482422,35.275001525878906,35.35499954223633,27.34966278076172,6929800,0.0,0.0
2013-08-19 00:00:00-04:00,35.290000915527344,35.650001525878906,35.09000015258789,35.14500045776367,27.187225341796875,6349200,0.0,0.0
2013-08-20 00:00:00-04:00,35.18000030517578,35.51499938964844,35.05500030517578,35.33000183105469,27.33033561706543,6045000,0.0,0.0
2013-08-21 00:00:00-04:00,35.209999084472656,35.70000076293945,35.13999938964844,35.35499954223633,27.34966278076172,6917000,0.0,0.0
2013-08-22 00:00:00-04:00,35.540000915527344,36.130001068115234,35.505001068115234,35.95000076293945,27.809965133666992,5399600,0.0,0.0
2013-08-23 00:00:00-04:00,36.029998779296875,36.095001220703125,35.790000915527344,35.98500061035156,27.837034225463867,5869800,0.0,0.0
2013-08-26 00:00:00-04:00,36.03499984741211,36.10499954223633,35.79999923706055,35.939998626708984,27.80221939086914,4929400,0.0,0.0
2013-08-27 00:00:00-04:00,35.45000076293945,35.685001373291016,35.05500030517578,35.08000183105469,27.13694190979004,8025200,0.0,0.0
2013-08-28 00:00:00-04:00,35.04499816894531,35.65999984741211,34.93000030517578,35.47999954223633,27.44637107849121,6249800,0.0,0.0
2013-08-29 00:00:00-04:00,35.3650016784668,35.91999816894531,35.25,35.59000015258789,27.531465530395508,5510000,0.0,0.0
2013-08-30 00:00:00-04:00,35.689998626708984,35.70000076293945,35.165000915527344,35.2599983215332,27.276185989379883,5665000,0.0,0.0
2013-09-03 00:00:00-04:00,35.849998474121094,36.06999969482422,35.595001220703125,35.79999923706055,27.693920135498047,7249400,0.0,0.0
2013-09-04 00:00:00-04:00,35.709999084472656,36.1349983215332,35.54499816894531,36.06999969482422,27.902782440185547,6502200,0.0,0.0
2013-09-05 00:00:00-04:00,36.125,36.380001068115234,36.005001068115234,36.025001525878906,27.867984771728516,4931200,0.0,0.0
2013-09-06 00:00:00-04:00,36.185001373291016,36.32500076293945,35.46500015258789,35.78499984741211,27.68231773376465,6356600,0.0,0.0
2013-09-09 00:00:00-04:00,35.84000015258789,36.244998931884766,35.834999084472656,36.220001220703125,28.01881980895996,4936800,0.0,0.0
2013-09-10 00:00:00-04:00,36.4900016784668,37.15999984741211,36.46500015258789,37.11000061035156,28.707300186157227,11779000,0.0,0.0
2013-09-11 00:00:00-04:00,37.165000915527344,37.75,37.165000915527344,37.69499969482422,29.159833908081055,9982400,0.0,0.0
2013-09-12 00:00:00-04:00,37.75,37.95500183105469,37.560001373291016,37.834999084472656,29.26814079284668,7628600,0.0,0.0
2013-09-13 00:00:00-04:00,37.79499816894531,37.849998474121094,37.32500076293945,37.78499984741211,29.229461669921875,5767400,0.0,0.0
2013-09-16 00:00:00-04:00,38.28499984741211,38.29999923706055,37.43000030517578,37.619998931884766,29.101818084716797,8708400,0.0,0.0
2013-09-17 00:00:00-04:00,37.630001068115234,38.119998931884766,37.584999084472656,38.02000045776367,29.41126251220703,6660600,0.0,0.0
2013-09-18 00:00:00-04:00,37.939998626708984,38.810001373291016,37.775001525878906,38.665000915527344,29.91022300720215,9487000,0.0,0.0
2013-09-19 00:00:00-04:00,38.7599983215332,38.91999816894531,38.150001525878906,38.17499923706055,29.531156539916992,8041600,0.0,0.0
2013-09-20 00:00:00-04:00,38.130001068115234,38.5,38.03499984741211,38.060001373291016,29.44219970703125,9635400,0.0,0.0
2013-09-23 00:00:00-04:00,38.05500030517578,38.189998626708984,37.53499984741211,37.68000030517578,29.148235321044922,6783800,0.0,0.0
2013-09-24 00:00:00-04:00,37.76499938964844,38.654998779296875,37.7400016784668,38.275001525878906,29.608518600463867,7736000,0.0,0.0
2013-09-25 00:00:00-04:00,38.41999816894531,38.505001068115234,38.03499984741211,38.16999816894531,29.527299880981445,7251800,0.0,0.0
2013-09-26 00:00:00-04:00,38.31999969482422,38.63999938964844,38.15999984741211,38.59000015258789,29.852190017700195,4988800,0.0,0.0
2013-09-27 00:00:00-04:00,38.45500183105469,38.7400016784668,38.20000076293945,38.665000915527344,29.91022300720215,6200200,0.0,0.0
2013-09-30 00:00:00-04:00,38.25,38.540000915527344,38.025001525878906,38.48500061035156,29.770971298217773,8861200,0.0,0.0
2013-10-01 00:00:00-04:00,38.4900016784668,38.66999816894531,38.279998779296875,38.58000183105469,29.844451904296875,5205200,0.0,0.0
2013-10-02 00:00:00-04:00,38.29499816894531,38.6150016784668,38.10499954223633,38.595001220703125,29.856056213378906,6088400,0.0,0.0
2013-10-03 00:00:00-04:00,38.47999954223633,38.72999954223633,38.15999984741211,38.435001373291016,29.732282638549805,8266400,0.0,0.0
2013-10-04 00:00:00-04:00,38.400001525878906,38.72999954223633,38.255001068115234,38.70000076293945,29.93728256225586,5226600,0.0,0.0
2013-10-07 00:00:00-04:00,38.29999923706055,38.69499969482422,38.20500183105469,38.43000030517578,29.728418350219727,5106800,0.0,0.0
2013-10-08 00:00:00-04:00,38.55500030517578,39.01499938964844,37.720001220703125,37.76499938964844,29.213985443115234,12637800,0.0,0.0
2013-10-09 00:00:00-04:00,37.69499969482422,37.900001525878906,37.224998474121094,37.630001068115234,29.109560012817383,9482000,0.0,0.0
2013-10-10 00:00:00-04:00,38.14500045776367,38.654998779296875,38.064998626708984,38.560001373291016,29.8289852142334,6625800,0.0,0.0
2013-10-11 00:00:00-04:00,38.61000061035156,38.91999816894531,38.439998626708984,38.90999984741211,30.0997257232666,5530400,0.0,0.0
2013-10-14 00:00:00-04:00,38.77000045776367,39.15999984741211,38.625,39.04999923706055,30.20804786682129,5986600,0.0,0.0
2013-10-15 00:00:00-04:00,38.915000915527344,38.95000076293945,38.29999923706055,38.35499954223633,29.670392990112305,8135200,0.0,0.0
2013-10-16 00:00:00-04:00,38.599998474121094,39.11000061035156,38.44499969482422,39.02000045776367,30.1848201751709,10104000,0.0,0.0
2013-10-17 00:00:00-04:00,38.834999084472656,39.42499923706055,38.724998474121094,39.369998931884766,30.45557403564453,6551000,0.0,0.0
2013-10-18 00:00:00-04:00,39.6349983215332,39.834999084472656,39.48500061035156,39.654998779296875,30.676050186157227,9050000,0.0,0.0
2013-10-21 00:00:00-04:00,39.55500030517578,39.95500183105469,39.334999084472656,39.72999954223633,30.734050750732422,6770200,0.0,0.0
2013-10-22 00:00:00-04:00,39.95000076293945,40.540000915527344,39.79999923706055,40.45000076293945,31.29102897644043,8419600,0.0,0.0
2013-10-23 00:00:00-04:00,40.224998474121094,40.42499923706055,39.94499969482422,40.025001525878906,30.962265014648438,7892200,0.0,0.0
2013-10-24 00:00:00-04:00,39.68000030517578,39.720001220703125,39.255001068115234,39.525001525878906,30.57548713684082,13504600,0.0,0.0
2013-10-25 00:00:00-04:00,39.73500061035156,40.0,39.6349983215332,39.97999954223633,30.927446365356445,7251800,0.0,0.0
2013-10-28 00:00:00-04:00,40.099998474121094,40.21500015258789,39.26499938964844,39.35499954223633,30.443981170654297,11242800,0.0,0.0
2013-10-29 00:00:00-04:00,39.60499954223633,39.810001373291016,39.525001525878906,39.810001373291016,30.795949935913086,7898400,0.0,0.0
2013-10-30 00:00:00-04:00,40.314998626708984,40.42499923706055,39.880001068115234,40.415000915527344,31.263957977294922,17518800,0.0,0.0
2013-10-31 00:00:00-04:00,39.345001220703125,40.810001373291016,39.28499984741211,40.525001525878906,31.349056243896484,20491600,0.0,0.0
2013-11-01 00:00:00-04:00,40.77000045776367,40.77000045776367,39.834999084472656,40.185001373291016,31.08603858947754,12005200,0.0,0.0
2013-11-04 00:00:00-05:00,40.375,40.38999938964844,40.10499954223633,40.185001373291016,31.08603858947754,8283800,0.0,0.0
2013-11-05 00:00:00-05:00,40.18000030517578,41.16999816894531,40.07500076293945,40.994998931884766,31.7126407623291,10090200,0.0,0.0
2013-11-06 00:00:00-05:00,41.19499969482422,41.25,40.48500061035156,40.564998626708984,31.380002975463867,8562200,0.0,0.0
2013-11-07 00:00:00-05:00,40.650001525878906,40.67499923706055,39.5,39.53499984741211,30.58321189880371,13283200,0.0,0.0
2013-11-08 00:00:00-05:00,39.755001068115234,40.625,39.70000076293945,40.599998474121094,31.407066345214844,11487800,0.0,0.0
2013-11-11 00:00:00-05:00,40.599998474121094,40.709999084472656,40.4900016784668,40.494998931884766,31.325851440429688,5133600,0.0,0.0
2013-11-12 00:00:00-05:00,40.380001068115234,40.525001525878906,40.060001373291016,40.30500030517578,31.27928924560547,6613000,0.13,0.0
2013-11-13 00:00:00-05:00,39.619998931884766,40.75,39.595001220703125,40.72999954223633,31.60910987854004,12519000,0.0,0.0
2013-11-14 00:00:00-05:00,40.76499938964844,40.77000045776367,40.39500045776367,40.56999969482422,31.484935760498047,7647600,0.0,0.0
2013-11-15 00:00:00-05:00,40.625,40.724998474121094,40.38999938964844,40.595001220703125,31.504343032836914,6445400,0.0,0.0
2013-11-18 00:00:00-05:00,40.5099983215332,40.66999816894531,40.10499954223633,40.27000045776367,31.25211524963379,8316400,0.0,0.0
2013-11-19 00:00:00-05:00,40.005001068115234,40.459999084472656,39.93000030517578,39.959999084472656,31.011537551879883,8726000,0.0,0.0
2013-11-20 00:00:00-05:00,40.064998626708984,40.125,39.65999984741211,39.845001220703125,30.92229652404785,8733800,0.0,0.0
2013-11-21 00:00:00-05:00,39.900001525878906,40.82500076293945,39.875,40.76499938964844,31.63627052307129,13131800,0.0,0.0
2013-11-22 00:00:00-05:00,40.849998474121094,40.849998474121094,40.54999923706055,40.67499923706055,31.56641960144043,7919200,0.0,0.0
2013-11-25 00:00:00-05:00,40.685001373291016,40.7400016784668,40.255001068115234,40.35499954223633,31.31808090209961,9001200,0.0,0.0
2013-11-26 00:00:00-05:00,40.43000030517578,40.82500076293945,40.20500183105469,40.755001068115234,31.628509521484375,8767800,0.0,0.0
2013-11-27 00:00:00-05:00,40.69499969482422,40.95500183105469,40.599998474121094,40.810001373291016,31.67119789123535,4752000,0.0,0.0
2013-11-29 00:00:00-05:00,40.92499923706055,41.185001373291016,40.685001373291016,40.72999954223633,31.60910987854004,4387200,0.0,0.0
2013-12-02 00:00:00-05:00,40.744998931884766,40.845001220703125,40.45500183105469,40.53499984741211,31.457763671875,5773200,0.0,0.0
2013-12-03 00:00:00-05:00,40.369998931884766,40.58000183105469,40.14500045776367,40.275001525878906,31.256011962890625,7893200,0.0,0.0
2013-12-04 00:00:00-05:00,40.19499969482422,40.36000061035156,39.720001220703125,39.75,30.84856414794922,10204600,0.0,0.0
2013-12-05 00:00:00-05:00,39.779998779296875,40.125,39.665000915527344,39.86000061035156,30.933931350708008,6569200,0.0,0.0
2013-12-06 00:00:00-05:00,40.29999923706055,40.375,39.85499954223633,39.970001220703125,31.019304275512695,6721200,0.0,0.0
2013-12-09 00:00:00-05:00,40.130001068115234,40.22999954223633,39.80500030517578,39.8650016784668,30.937828063964844,7920600,0.0,0.0
2013-12-10 00:00:00-05:00,39.494998931884766,39.53499984741211,38.34000015258789,38.689998626708984,30.025930404663086,26320600,0.0,0.0
2013-12-11 00:00:00-05:00,38.79999923706055,39.0,38.14500045776367,38.20000076293945,29.64565658569336,15752000,0.0,0.0
2013-12-12 00:00:00-05:00,38.13999938964844,38.54499816894531,38.0,38.2400016784668,29.676698684692383,9651000,0.0,0.0
2013-12-13 00:00:00-05:00,38.415000915527344,38.46500015258789,38.04499816894531,38.17499923706055,29.62626838684082,8041000,0.0,0.0
2013-12-16 00:00:00-05:00,38.01499938964844,38.4900016784668,37.95500183105469,38.22999954223633,29.668941497802734,9345400,0.0,0.0
2013-12-17 00:00:00-05:00,38.290000915527344,38.290000915527344,37.95500183105469,38.04499816894531,29.525388717651367,7003600,0.0,0.0
2013-12-18 00:00:00-05:00,38.064998626708984,38.845001220703125,38.04999923706055,38.84000015258789,30.142337799072266,10252000,0.0,0.0
2013-12-19 00:00:00-05:00,39.119998931884766,39.25,38.5099983215332,38.57500076293945,29.93669319152832,11402200,0.0,0.0
2013-12-20 00:00:00-05:00,38.7599983215332,38.9900016784668,38.619998931884766,38.83000183105469,30.134586334228516,12707400,0.0,0.0
2013-12-23 00:00:00-05:00,38.98500061035156,39.16999816894531,38.67499923706055,39.15999984741211,30.39069366455078,7621600,0.0,0.0
2013-12-24 00:00:00-05:00,39.04999923706055,39.375,38.974998474121094,39.28499984741211,30.487689971923828,3896600,0.0,0.0
2013-12-26 00:00:00-05:00,39.3650016784668,39.51499938964844,39.220001220703125,39.439998626708984,30.607980728149414,4391400,0.0,0.0
2013-12-27 00:00:00-05:00,39.64500045776367,39.650001525878906,39.22999954223633,39.28499984741211,30.487689971923828,4505000,0.0,0.0
2013-12-30 00:00:00-05:00,39.39500045776367,39.415000915527344,38.93000030517578,39.275001525878906,30.47994041442871,4733400,0.0,0.0
2013-12-31 00:00:00-05:00,39.21500015258789,39.38999938964844,39.005001068115234,39.19499969482422,30.417848587036133,6016200,0.0,0.0
2014-01-02 00:00:00-05:00,39.03499984741211,39.1349983215332,38.505001068115234,38.584999084472656,29.944454193115234,8487200,0.0,0.0
2014-01-03 00:00:00-05:00,38.650001525878906,38.8849983215332,38.470001220703125,38.474998474121094,29.85909080505371,6545000,0.0,0.0
2014-01-06 00:00:00-05:00,38.45000076293945,38.67499923706055,38.005001068115234,38.084999084472656,29.556406021118164,10585400,0.0,0.0
2014-01-07 00:00:00-05:00,38.32500076293945,38.70500183105469,38.23500061035156,38.60499954223633,29.959970474243164,8162200,0.0,0.0
2014-01-08 00:00:00-05:00,38.63999938964844,39.07500076293945,38.595001220703125,39.01499938964844,30.278152465820312,10178800,0.0,0.0
2014-01-09 00:00:00-05:00,39.03499984741211,39.04999923706055,38.400001525878906,38.79999923706055,30.11130142211914,8361200,0.0,0.0
2014-01-10 00:00:00-05:00,38.779998779296875,38.994998931884766,38.474998474121094,38.834999084472656,30.138458251953125,6467000,0.0,0.0
2014-01-13 00:00:00-05:00,38.689998626708984,38.69499969482422,37.380001068115234,37.560001373291016,29.148998260498047,14644800,0.0,0.0
2014-01-14 00:00:00-05:00,37.560001373291016,38.18000030517578,37.375,37.72999954223633,29.280916213989258,18653200,0.0,0.0
2014-01-15 00:00:00-05:00,37.77000045776367,38.165000915527344,37.70500183105469,38.095001220703125,29.56416893005371,8660200,0.0,0.0
2014-01-16 00:00:00-05:00,37.90999984741211,38.095001220703125,37.564998626708984,37.64500045776367,29.214946746826172,9072600,0.0,0.0
2014-01-17 00:00:00-05:00,37.5,37.72999954223633,37.334999084472656,37.45000076293945,29.063613891601562,12937400,0.0,0.0
2014-01-21 00:00:00-05:00,37.525001525878906,37.53499984741211,36.630001068115234,36.82500076293945,28.578567504882812,18774600,0.0,0.0
2014-01-22 00:00:00-05:00,36.974998474121094,37.099998474121094,36.77000045776367,36.79999923706055,28.559162139892578,13969400,0.0,0.0
2014-01-23 00:00:00-05:00,36.7400016784668,36.8650016784668,35.84000015258789,36.69499969482422,28.477689743041992,29936000,0.0,0.0
2014-01-24 00:00:00-05:00,37.3650016784668,38.08000183105469,37.05500030517578,37.4900016784668,29.094654083251953,33049000,0.0,0.0
2014-01-27 00:00:00-05:00,37.6150016784668,37.6150016784668,37.0099983215332,37.10499954223633,28.79587173461914,18207200,0.0,0.0
2014-01-28 00:00:00-05:00,37.28499984741211,37.400001525878906,36.834999084472656,36.94499969482422,28.671703338623047,11091600,0.0,0.0
2014-01-29 00:00:00-05:00,36.75,36.83000183105469,35.72999954223633,35.779998779296875,27.76758575439453,15959800,0.0,0.0
2014-01-30 00:00:00-05:00,36.13999938964844,36.21500015258789,35.654998779296875,35.95500183105469,27.903396606445312,15179800,0.0,0.0
2014-01-31 00:00:00-05:00,35.44499969482422,35.970001220703125,35.435001373291016,35.560001373291016,27.596864700317383,12256600,0.0,0.0
2014-02-03 00:00:00-05:00,35.5,35.755001068115234,34.334999084472656,34.48500061035156,26.762596130371094,20311000,0.0,0.0
2014-02-04 00:00:00-05:00,35.0,35.599998474121094,34.685001373291016,35.32500076293945,27.518220901489258,20440800,0.13,0.0
2014-02-05 00:00:00-05:00,35.04499816894531,35.369998931884766,34.80500030517578,35.244998931884766,27.455894470214844,10956000,0.0,0.0
2014-02-06 00:00:00-05:00,35.33000183105469,36.400001525878906,35.279998779296875,36.18000030517578,28.18425750732422,13818400,0.0,0.0
2014-02-07 00:00:00-05:00,36.80500030517578,37.244998931884766,36.345001220703125,37.02000045776367,28.838624954223633,14657600,0.0,0.0
2014-02-10 00:00:00-05:00,37.154998779296875,37.59000015258789,37.154998779296875,37.400001525878906,29.134647369384766,12944600,0.0,0.0
2014-02-11 00:00:00-05:00,37.435001373291016,37.595001220703125,36.89500045776367,37.25,29.01780128479004,16124000,0.0,0.0
2014-02-12 00:00:00-05:00,37.244998931884766,37.529998779296875,36.849998474121094,36.95500183105469,28.78799057006836,9956600,0.0,0.0
2014-02-13 00:00:00-05:00,36.779998779296875,37.345001220703125,36.69499969482422,37.345001220703125,29.091796875,8447800,0.0,0.0
2014-02-14 00:00:00-05:00,37.17499923706055,37.54499816894531,37.005001068115234,37.51499938964844,29.224227905273438,8241000,0.0,0.0
2014-02-18 00:00:00-05:00,37.494998931884766,37.5,36.970001220703125,36.98500061035156,28.811355590820312,10923400,0.0,0.0
2014-02-19 00:00:00-05:00,36.91999816894531,37.13999938964844,36.6150016784668,36.65999984741211,28.55817413330078,9770600,0.0,0.0
2014-02-20 00:00:00-05:00,36.70000076293945,36.85499954223633,36.2400016784668,36.775001525878906,28.64777183532715,8552600,0.0,0.0
2014-02-21 00:00:00-05:00,36.88999938964844,36.93000030517578,36.2599983215332,36.279998779296875,28.262168884277344,11288200,0.0,0.0
2014-02-24 00:00:00-05:00,36.33000183105469,36.439998626708984,36.0099983215332,36.279998779296875,28.262168884277344,11933800,0.0,0.0
2014-02-25 00:00:00-05:00,36.25,36.33000183105469,35.275001525878906,35.275001525878906,27.47926139831543,18618400,0.0,0.0
2014-02-26 00:00:00-05:00,35.400001525878906,36.11000061035156,34.974998474121094,35.88999938964844,27.958354949951172,19129200,0.0,0.0
2014-02-27 00:00:00-05:00,35.810001373291016,36.119998931884766,35.71500015258789,36.095001220703125,28.118045806884766,11288200,0.0,0.0
2014-02-28 00:00:00-05:00,35.77000045776367,35.96500015258789,35.25,35.47999954223633,27.63895606994629,22464800,0.0,0.0
2014-03-03 00:00:00-05:00,35.005001068115234,35.3650016784668,35.0,35.23500061035156,27.448108673095703,12248400,0.0,0.0
2014-03-04 00:00:00-05:00,35.71500015258789,35.97999954223633,35.525001525878906,35.83000183105469,27.911609649658203,12226200,0.0,0.0
2014-03-05 00:00:00-05:00,35.994998931884766,36.04499816894531,35.439998626708984,35.650001525878906,27.77140235900879,9715600,0.0,0.0
2014-03-06 00:00:00-05:00,35.915000915527344,36.665000915527344,35.8849983215332,36.345001220703125,28.312808990478516,13762600,0.0,0.0
2014-03-07 00:00:00-05:00,36.494998931884766,36.54999923706055,36.10499954223633,36.53499984741211,28.460811614990234,8386000,0.0,0.0
2014-03-10 00:00:00-04:00,36.625,36.81999969482422,36.39500045776367,36.779998779296875,28.65166664123535,8633800,0.0,0.0
2014-03-11 00:00:00-04:00,36.994998931884766,37.70500183105469,36.92499923706055,37.51499938964844,29.224227905273438,18344400,0.0,0.0
2014-03-12 00:00:00-04:00,37.275001525878906,37.83000183105469,37.25,37.814998626708984,29.457935333251953,10394600,0.0,0.0
2014-03-13 00:00:00-04:00,37.91999816894531,38.209999084472656,37.01499938964844,37.21500015258789,28.990530014038086,11380800,0.0,0.0
2014-03-14 00:00:00-04:00,37.04499816894531,37.44499969482422,37.0099983215332,37.1349983215332,28.928205490112305,8962600,0.0,0.0
2014-03-17 00:00:00-04:00,37.404998779296875,37.494998931884766,36.90999984741211,37.09000015258789,28.893157958984375,11019800,0.0,0.0
2014-03-18 00:00:00-04:00,37.17499923706055,37.41999816894531,37.025001525878906,37.29999923706055,29.05674171447754,5997600,0.0,0.0
2014-03-19 00:00:00-04:00,37.5,38.665000915527344,37.40999984741211,37.95500183105469,29.566993713378906,24983200,0.0,0.0
2014-03-20 00:00:00-04:00,38.14500045776367,38.564998626708984,37.79999923706055,38.47999954223633,29.97595977783203,13851400,0.0,0.0
2014-03-21 00:00:00-04:00,39.10499954223633,39.31999969482422,38.310001373291016,38.35499954223633,29.87858772277832,18034400,0.0,0.0
2014-03-24 00:00:00-04:00,38.45000076293945,38.55500030517578,37.60499954223633,37.8849983215332,29.512466430664062,10018800,0.0,0.0
2014-03-25 00:00:00-04:00,38.220001220703125,38.255001068115234,37.14500045776367,37.30500030517578,29.06064796447754,10568200,0.0,0.0
2014-03-26 00:00:00-04:00,37.46500015258789,37.494998931884766,36.7599983215332,36.77000045776367,28.643871307373047,8371200,0.0,0.0
2014-03-27 00:00:00-04:00,36.53499984741211,36.97999954223633,36.345001220703125,36.70000076293945,28.58934211730957,12675600,0.0,0.0
2014-03-28 00:00:00-04:00,36.64500045776367,37.029998779296875,36.525001525878906,36.849998474121094,28.70619010925293,6582800,0.0,0.0
2014-03-31 00:00:00-04:00,36.95000076293945,37.20000076293945,36.584999084472656,36.689998626708984,28.581554412841797,7721800,0.0,0.0
2014-04-01 00:00:00-04:00,36.81999969482422,37.4900016784668,36.70500183105469,37.005001068115234,28.826940536499023,8740800,0.0,0.0
2014-04-02 00:00:00-04:00,37.17499923706055,37.185001373291016,36.619998931884766,36.834999084472656,28.69451332092285,8304400,0.0,0.0
2014-04-03 00:00:00-04:00,36.93000030517578,37.16999816894531,36.40999984741211,36.54499816894531,28.468585968017578,7165400,0.0,0.0
2014-04-04 00:00:00-04:00,36.775001525878906,36.94499969482422,35.65999984741211,35.775001525878906,27.8687744140625,11708600,0.0,0.0
2014-04-07 00:00:00-04:00,35.599998474121094,35.689998626708984,35.025001525878906,35.21500015258789,27.432533264160156,11089800,0.0,0.0
2014-04-08 00:00:00-04:00,35.31999969482422,35.845001220703125,35.25,35.7400016784668,27.84150505065918,10660800,0.0,0.0
2014-04-09 00:00:00-04:00,35.814998626708984,36.34000015258789,35.599998474121094,36.2400016784668,28.230995178222656,9055600,0.0,0.0
2014-04-10 00:00:00-04:00,36.369998931884766,36.369998931884766,35.084999084472656,35.11000061035156,27.350732803344727,13375400,0.0,0.0
2014-04-11 00:00:00-04:00,34.89500045776367,35.064998626708984,34.34000015258789,34.3650016784668,26.7703857421875,16367200,0.0,0.0
2014-04-14 00:00:00-04:00,34.814998626708984,35.02000045776367,34.349998474121094,34.654998779296875,26.996278762817383,12175400,0.0,0.0
2014-04-15 00:00:00-04:00,34.97999954223633,35.04999923706055,33.96500015258789,34.44499969482422,26.832693099975586,15461800,0.0,0.0
2014-04-16 00:00:00-04:00,34.82500076293945,35.439998626708984,34.58000183105469,35.39500045776367,27.572742462158203,11277400,0.0,0.0
2014-04-17 00:00:00-04:00,35.28499984741211,35.69499969482422,35.06999969482422,35.07500076293945,27.323469161987305,9245800,0.0,0.0
2014-04-21 00:00:00-04:00,35.154998779296875,35.29999923706055,34.92499923706055,35.2400016784668,27.452009201049805,6095600,0.0,0.0
2014-04-22 00:00:00-04:00,35.26499938964844,35.63999938964844,35.165000915527344,35.57500076293945,27.71295928955078,8862600,0.0,0.0
2014-04-23 00:00:00-04:00,35.72999954223633,35.73500061035156,35.11000061035156,35.19499969482422,27.416934967041016,8881600,0.0,0.0
2014-04-24 00:00:00-04:00,35.7599983215332,36.02000045776367,35.05500030517578,35.54499816894531,27.689594268798828,15577000,0.0,0.0
2014-04-25 00:00:00-04:00,36.0,36.125,35.470001220703125,35.724998474121094,27.829824447631836,18111400,0.0,0.0
2014-04-28 00:00:00-04:00,35.94499969482422,36.0099983215332,34.900001525878906,35.46500015258789,27.627275466918945,10733600,0.0,0.0
2014-04-29 00:00:00-04:00,35.59000015258789,35.724998474121094,35.1349983215332,35.31999969482422,27.514320373535156,9827200,0.0,0.0
2014-04-30 00:00:00-04:00,35.310001373291016,35.380001068115234,35.060001373291016,35.310001373291016,27.506540298461914,7282400,0.0,0.0
2014-05-01 00:00:00-04:00,35.375,35.599998474121094,35.15999984741211,35.560001373291016,27.701290130615234,7918400,0.0,0.0
2014-05-02 00:00:00-04:00,35.625,35.76499938964844,35.28499984741211,35.29999923706055,27.49873924255371,8306400,0.0,0.0
2014-05-05 00:00:00-04:00,35.25,35.529998779296875,35.09000015258789,35.459999084472656,27.623388290405273,5486400,0.0,0.0
2014-05-06 00:00:00-04:00,35.3650016784668,35.415000915527344,34.665000915527344,34.790000915527344,27.201171875,10926800,0.13,0.0
2014-05-07 00:00:00-04:00,34.88999938964844,35.0,34.56999969482422,34.869998931884766,27.263715744018555,10959800,0.0,0.0
2014-05-08 00:00:00-04:00,34.79999923706055,35.25,34.66999816894531,34.790000915527344,27.201171875,7531400,0.0,0.0
2014-05-09 00:00:00-04:00,34.849998474121094,35.154998779296875,34.7599983215332,35.14500045776367,27.47873306274414,6623200,0.0,0.0
2014-05-12 00:00:00-04:00,35.31999969482422,35.619998931884766,35.20000076293945,35.57500076293945,27.8149356842041,7227200,0.0,0.0
2014-05-13 00:00:00-04:00,35.48500061035156,35.66999816894531,35.45000076293945,35.58000183105469,27.818849563598633,5803000,0.0,0.0
2014-05-14 00:00:00-04:00,35.59000015258789,35.599998474121094,35.01499938964844,35.084999084472656,27.431821823120117,8585000,0.0,0.0
2014-05-15 00:00:00-04:00,35.130001068115234,35.165000915527344,34.63999938964844,34.92499923706055,27.30672264099121,9124600,0.0,0.0
2014-05-16 00:00:00-04:00,35.0,35.52000045776367,34.904998779296875,35.470001220703125,27.73284339904785,9294800,0.0,0.0
2014-05-19 00:00:00-04:00,35.279998779296875,35.560001373291016,35.13999938964844,35.5099983215332,27.764110565185547,6745000,0.0,0.0
2014-05-20 00:00:00-04:00,35.380001068115234,35.45000076293945,34.91999816894531,35.1150016784668,27.455284118652344,8699800,0.0,0.0
2014-05-21 00:00:00-04:00,35.35499954223633,35.375,35.03499984741211,35.20000076293945,27.521743774414062,6089200,0.0,0.0
2014-05-22 00:00:00-04:00,35.17499923706055,35.8849983215332,35.150001525878906,35.70000076293945,27.91267204284668,7359600,0.0,0.0
2014-05-23 00:00:00-04:00,36.14500045776367,36.255001068115234,35.915000915527344,35.9900016784668,28.139413833618164,7166400,0.0,0.0
2014-05-27 00:00:00-04:00,36.31999969482422,36.88999938964844,36.27000045776367,36.83000183105469,28.796184539794922,10100400,0.0,0.0
2014-05-28 00:00:00-04:00,36.650001525878906,36.78499984741211,36.459999084472656,36.6349983215332,28.643718719482422,8210000,0.0,0.0
2014-05-29 00:00:00-04:00,36.7599983215332,36.779998779296875,36.32500076293945,36.55500030517578,28.58116912841797,6448000,0.0,0.0
2014-05-30 00:00:00-04:00,36.58000183105469,36.75,36.26499938964844,36.619998931884766,28.631994247436523,6879200,0.0,0.0
2014-06-02 00:00:00-04:00,36.61000061035156,37.029998779296875,36.58000183105469,36.92499923706055,28.87045669555664,5926200,0.0,0.0
2014-06-03 00:00:00-04:00,36.86000061035156,37.17499923706055,36.790000915527344,37.09000015258789,28.999469757080078,6764400,0.0,0.0
2014-06-04 00:00:00-04:00,37.060001373291016,37.349998474121094,36.81999969482422,37.334999084472656,29.191028594970703,6495800,0.0,0.0
2014-06-05 00:00:00-04:00,37.18000030517578,37.56999969482422,37.099998474121094,37.36000061035156,29.210575103759766,5187400,0.0,0.0
2014-06-06 00:00:00-04:00,37.529998779296875,37.77000045776367,37.400001525878906,37.665000915527344,29.449050903320312,6204800,0.0,0.0
2014-06-09 00:00:00-04:00,37.689998626708984,37.70000076293945,37.32500076293945,37.59000015258789,29.3903865814209,5701000,0.0,0.0
2014-06-10 00:00:00-04:00,37.625,37.720001220703125,37.15999984741211,37.29999923706055,29.163660049438477,6641000,0.0,0.0
2014-06-11 00:00:00-04:00,37.06999969482422,37.435001373291016,36.92499923706055,37.400001525878906,29.241851806640625,7510800,0.0,0.0
2014-06-12 00:00:00-04:00,37.345001220703125,37.349998474121094,36.8650016784668,36.97999954223633,28.9134578704834,7193800,0.0,0.0
2014-06-13 00:00:00-04:00,36.935001373291016,37.45000076293945,36.76499938964844,37.345001220703125,29.19884490966797,7708800,0.0,0.0
2014-06-16 00:00:00-04:00,37.2400016784668,37.58000183105469,37.22999954223633,37.54499816894531,29.355222702026367,6759600,0.0,0.0
2014-06-17 00:00:00-04:00,37.51499938964844,37.82500076293945,37.494998931884766,37.654998779296875,29.44121551513672,5778600,0.0,0.0
2014-06-18 00:00:00-04:00,37.599998474121094,37.84000015258789,37.29999923706055,37.779998779296875,29.538951873779297,5786600,0.0,0.0
2014-06-19 00:00:00-04:00,38.275001525878906,38.75,38.22999954223633,38.6150016784668,30.19182014465332,12555000,0.0,0.0
2014-06-20 00:00:00-04:00,38.814998626708984,38.814998626708984,38.20500183105469,38.29999923706055,29.945531845092773,12436000,0.0,0.0
2014-06-23 00:00:00-04:00,38.345001220703125,38.6349983215332,38.095001220703125,38.3650016784668,29.99635124206543,4779800,0.0,0.0
2014-06-24 00:00:00-04:00,38.45000076293945,38.875,38.27000045776367,38.71500015258789,30.26999282836914,10912400,0.0,0.0
2014-06-25 00:00:00-04:00,38.52000045776367,39.09000015258789,38.47999954223633,39.060001373291016,30.539749145507812,7813800,0.0,0.0
2014-06-26 00:00:00-04:00,39.005001068115234,39.165000915527344,38.73500061035156,39.029998779296875,30.51629066467285,6983200,0.0,0.0
2014-06-27 00:00:00-04:00,38.97999954223633,39.17499923706055,38.89500045776367,38.970001220703125,30.46938133239746,8669200,0.0,0.0
2014-06-30 00:00:00-04:00,39.04999923706055,39.095001220703125,38.540000915527344,38.689998626708984,30.250459671020508,9610000,0.0,0.0
2014-07-01 00:00:00-04:00,38.94499969482422,39.099998474121094,38.79999923706055,39.040000915527344,30.52410888671875,8061400,0.0,0.0
2014-07-02 00:00:00-04:00,39.189998626708984,39.20500183105469,38.95500183105469,39.095001220703125,30.567108154296875,4785200,0.0,0.0
2014-07-03 00:00:00-04:00,39.19499969482422,39.70000076293945,39.06999969482422,39.529998779296875,30.9072265625,6662600,0.0,0.0
2014-07-07 00:00:00-04:00,39.38999938964844,39.689998626708984,39.30500030517578,39.345001220703125,30.762575149536133,7443600,0.0,0.0
2014-07-08 00:00:00-04:00,39.31999969482422,39.45000076293945,39.125,39.279998779296875,30.711753845214844,7802000,0.0,0.0
2014-07-09 00:00:00-04:00,39.27000045776367,39.7400016784668,39.18000030517578,39.724998474121094,31.059690475463867,7782600,0.0,0.0
2014-07-10 00:00:00-04:00,39.30500030517578,39.525001525878906,39.095001220703125,39.42499923706055,30.825122833251953,4720000,0.0,0.0
2014-07-11 00:00:00-04:00,39.47999954223633,39.494998931884766,39.06999969482422,39.29999923706055,30.727399826049805,4239400,0.0,0.0
2014-07-14 00:00:00-04:00,39.4900016784668,39.4900016784668,39.209999084472656,39.279998779296875,30.711753845214844,4562000,0.0,0.0
2014-07-15 00:00:00-04:00,39.32500076293945,39.57500076293945,39.22999954223633,39.44499969482422,30.840768814086914,8305600,0.0,0.0
2014-07-16 00:00:00-04:00,39.529998779296875,39.529998779296875,39.154998779296875,39.3650016784668,30.778217315673828,8615400,0.0,0.0
2014-07-17 00:00:00-04:00,39.060001373291016,39.22999954223633,38.560001373291016,38.619998931884766,30.195711135864258,8446400,0.0,0.0
2014-07-18 00:00:00-04:00,38.849998474121094,39.07500076293945,38.625,38.970001220703125,30.46938133239746,6744600,0.0,0.0
2014-07-21 00:00:00-04:00,38.93000030517578,38.96500015258789,38.584999084472656,38.80500030517578,30.340373992919922,5021000,0.0,0.0
2014-07-22 00:00:00-04:00,39.165000915527344,39.51499938964844,39.099998474121094,39.369998931884766,30.782127380371094,6457000,0.0,0.0
2014-07-23 00:00:00-04:00,39.255001068115234,39.63999938964844,39.20000076293945,39.56999969482422,30.938499450683594,6439800,0.0,0.0
2014-07-24 00:00:00-04:00,39.79499816894531,40.31999969482422,39.57500076293945,40.224998474121094,31.45062255859375,16129200,0.0,0.0
2014-07-25 00:00:00-04:00,39.20000076293945,39.65999984741211,38.95000076293945,39.369998931884766,30.782127380371094,18974600,0.0,0.0
2014-07-28 00:00:00-04:00,39.400001525878906,39.5,39.084999084472656,39.18000030517578,30.633577346801758,8013000,0.0,0.0
2014-07-29 00:00:00-04:00,39.244998931884766,39.625,39.20500183105469,39.32500076293945,30.7469482421875,7936000,0.0,0.0
2014-07-30 00:00:00-04:00,39.5,39.59000015258789,39.2599983215332,39.45000076293945,30.84468650817871,8911000,0.0,0.0
2014-07-31 00:00:00-04:00,39.2599983215332,39.349998474121094,38.7599983215332,38.84000015258789,30.36773109436035,8146000,0.0,0.0
2014-08-01 00:00:00-04:00,38.75,38.94499969482422,38.290000915527344,38.4900016784668,30.09408950805664,7797800,0.0,0.0
2014-08-04 00:00:00-04:00,38.630001068115234,38.880001068115234,38.51499938964844,38.76499938964844,30.30909538269043,6282600,0.0,0.0
2014-08-05 00:00:00-04:00,38.584999084472656,38.72999954223633,38.21500015258789,38.39500045776367,30.120817184448242,6694600,0.13,0.0
2014-08-06 00:00:00-04:00,38.25,38.720001220703125,38.1349983215332,38.564998626708984,30.254179000854492,5935200,0.0,0.0
2014-08-07 00:00:00-04:00,38.665000915527344,38.720001220703125,38.279998779296875,38.35499954223633,30.089431762695312,5428000,0.0,0.0
2014-08-08 00:00:00-04:00,38.314998626708984,38.834999084472656,38.255001068115234,38.810001373291016,30.44638442993164,5957200,0.0,0.0
2014-08-11 00:00:00-04:00,38.834999084472656,39.125,38.82500076293945,38.935001373291016,30.544456481933594,4513400,0.0,0.0
2014-08-12 00:00:00-04:00,38.935001373291016,39.06999969482422,38.7599983215332,38.90999984741211,30.52482795715332,4723600,0.0,0.0
2014-08-13 00:00:00-04:00,39.04999923706055,39.04999923706055,38.564998626708984,38.619998931884766,30.29731559753418,6935200,0.0,0.0
2014-08-14 00:00:00-04:00,38.7400016784668,38.75,38.08000183105469,38.310001373291016,30.054141998291016,10892600,0.0,0.0
2014-08-15 00:00:00-04:00,38.61000061035156,38.63999938964844,38.185001373291016,38.45500183105469,30.167888641357422,8090000,0.0,0.0
2014-08-18 00:00:00-04:00,38.595001220703125,38.93000030517578,38.59000015258789,38.79499816894531,30.434600830078125,6830800,0.0,0.0
2014-08-19 00:00:00-04:00,38.900001525878906,39.099998474121094,38.79999923706055,39.060001373291016,30.64250373840332,4907000,0.0,0.0
2014-08-20 00:00:00-04:00,39.005001068115234,39.23500061035156,38.869998931884766,39.01499938964844,30.607208251953125,4668800,0.0,0.0
2014-08-21 00:00:00-04:00,38.904998779296875,39.084999084472656,38.69499969482422,38.73500061035156,30.387548446655273,4812000,0.0,0.0
2014-08-22 00:00:00-04:00,38.619998931884766,38.79999923706055,38.525001525878906,38.63999938964844,30.31302261352539,4538800,0.0,0.0
2014-08-25 00:00:00-04:00,38.81999969482422,39.11000061035156,38.755001068115234,38.98500061035156,30.583677291870117,5698400,0.0,0.0
2014-08-26 00:00:00-04:00,39.005001068115234,39.21500015258789,38.880001068115234,38.89500045776367,30.513063430786133,5501600,0.0,0.0
2014-08-27 00:00:00-04:00,38.95500183105469,39.1349983215332,38.83000183105469,38.959999084472656,30.564062118530273,4903600,0.0,0.0
2014-08-28 00:00:00-04:00,38.89500045776367,39.01499938964844,38.755001068115234,38.904998779296875,30.520906448364258,3956800,0.0,0.0
2014-08-29 00:00:00-04:00,39.03499984741211,39.04999923706055,38.7599983215332,38.904998779296875,30.520906448364258,4657400,0.0,0.0
2014-09-02 00:00:00-04:00,38.849998474121094,38.9900016784668,38.58000183105469,38.7400016784668,30.391469955444336,6196200,0.0,0.0
2014-09-03 00:00:00-04:00,38.779998779296875,38.96500015258789,38.349998474121094,38.39500045776367,30.120817184448242,6796800,0.0,0.0
2014-09-04 00:00:00-04:00,38.400001525878906,38.685001373291016,38.380001068115234,38.58000183105469,30.26595115661621,5741000,0.0,0.0
2014-09-05 00:00:00-04:00,38.505001068115234,38.98500061035156,38.404998779296875,38.974998474121094,30.575820922851562,8026600,0.0,0.0
2014-09-08 00:00:00-04:00,38.880001068115234,38.97999954223633,38.665000915527344,38.834999084472656,30.465988159179688,4492800,0.0,0.0
2014-09-09 00:00:00-04:00,38.724998474121094,38.875,38.4900016784668,38.560001373291016,30.250261306762695,5114600,0.0,0.0
2014-09-10 00:00:00-04:00,38.505001068115234,38.70000076293945,38.375,38.60499954223633,30.285564422607422,5918600,0.0,0.0
2014-09-11 00:00:00-04:00,38.4900016784668,38.5,38.040000915527344,38.060001373291016,29.858015060424805,9353400,0.0,0.0
2014-09-12 00:00:00-04:00,37.915000915527344,38.03499984741211,37.470001220703125,37.73500061035156,29.603065490722656,14614800,0.0,0.0
2014-09-15 00:00:00-04:00,37.630001068115234,37.66999816894531,37.19499969482422,37.459999084472656,29.387319564819336,10845800,0.0,0.0
2014-09-16 00:00:00-04:00,37.41999816894531,37.724998474121094,37.26499938964844,37.54499816894531,29.453994750976562,8040200,0.0,0.0
2014-09-17 00:00:00-04:00,37.66999816894531,37.90999984741211,37.55500030517578,37.66999816894531,29.55205535888672,7475800,0.0,0.0
2014-09-18 00:00:00-04:00,37.79499816894531,37.94499969482422,37.5,37.8650016784668,29.705028533935547,8027600,0.0,0.0
2014-09-19 00:00:00-04:00,37.98500061035156,38.165000915527344,37.8849983215332,38.03499984741211,29.83839988708496,12040800,0.0,0.0
2014-09-22 00:00:00-04:00,38.025001525878906,38.025001525878906,37.165000915527344,37.29999923706055,29.26178741455078,7859600,0.0,0.0
2014-09-23 00:00:00-04:00,37.14500045776367,37.439998626708984,36.88999938964844,36.97999954223633,29.010746002197266,7739000,0.0,0.0
2014-09-24 00:00:00-04:00,37.26499938964844,37.71500015258789,37.17499923706055,37.65999984741211,29.54421615600586,8586200,0.0,0.0
2014-09-25 00:00:00-04:00,37.59000015258789,37.63999938964844,37.04499816894531,37.060001373291016,29.073516845703125,8010800,0.0,0.0
2014-09-26 00:00:00-04:00,37.0,37.6150016784668,36.970001220703125,37.584999084472656,29.485374450683594,7659600,0.0,0.0
2014-09-29 00:00:00-04:00,37.275001525878906,37.7599983215332,37.224998474121094,37.6349983215332,29.52460289001465,6366400,0.0,0.0
2014-09-30 00:00:00-04:00,37.779998779296875,37.92499923706055,37.5099983215332,37.72999954223633,29.599132537841797,7799600,0.0,0.0
2014-10-01 00:00:00-04:00,37.84000015258789,37.95500183105469,37.20500183105469,37.30500030517578,29.265718460083008,8119000,0.0,0.0
2014-10-02 00:00:00-04:00,37.20500183105469,37.5,36.88999938964844,37.224998474121094,29.202957153320312,8573600,0.0,0.0
2014-10-03 00:00:00-04:00,37.400001525878906,38.04999923706055,37.3849983215332,37.94499969482422,29.767799377441406,8229000,0.0,0.0
2014-10-06 00:00:00-04:00,38.0099983215332,38.1150016784668,37.54999923706055,37.57500076293945,29.477519989013672,5208000,0.0,0.0
2014-10-07 00:00:00-04:00,37.45000076293945,37.525001525878906,37.0099983215332,37.025001525878906,29.046064376831055,6383400,0.0,0.0
2014-10-08 00:00:00-04:00,37.119998931884766,37.709999084472656,36.814998626708984,37.630001068115234,29.520675659179688,6713400,0.0,0.0
2014-10-09 00:00:00-04:00,37.52000045776367,37.90999984741211,37.18000030517578,37.2400016784668,29.214717864990234,9342800,0.0,0.0
2014-10-10 00:00:00-04:00,37.130001068115234,37.89500045776367,37.04999923706055,37.22999954223633,29.20688247680664,10495400,0.0,0.0
2014-10-13 00:00:00-04:00,37.10499954223633,37.220001220703125,36.005001068115234,36.095001220703125,28.31647300720215,12428600,0.0,0.0
2014-10-14 00:00:00-04:00,36.20500183105469,36.790000915527344,36.10499954223633,36.369998931884766,28.532207489013672,10995000,0.0,0.0
2014-10-15 00:00:00-04:00,36.01499938964844,36.46500015258789,35.6349983215332,36.189998626708984,28.391002655029297,13621800,0.0,0.0
2014-10-16 00:00:00-04:00,35.59000015258789,36.435001373291016,35.3849983215332,36.31999969482422,28.49298667907715,9738000,0.0,0.0
2014-10-17 00:00:00-04:00,36.67499923706055,36.95500183105469,36.439998626708984,36.77000045776367,28.84600830078125,9580600,0.0,0.0
2014-10-20 00:00:00-04:00,36.80500030517578,37.375,36.70500183105469,37.349998474121094,29.30101203918457,7945200,0.0,0.0
2014-10-21 00:00:00-04:00,37.5,37.595001220703125,37.06999969482422,37.18000030517578,29.167648315429688,12296600,0.0,0.0
2014-10-22 00:00:00-04:00,37.2400016784668,37.494998931884766,37.08000183105469,37.29999923706055,29.26178741455078,6469600,0.0,0.0
2014-10-23 00:00:00-04:00,37.57500076293945,37.755001068115234,37.380001068115234,37.41999816894531,29.355939865112305,6837800,0.0,0.0
2014-10-24 00:00:00-04:00,37.45000076293945,37.95500183105469,37.17499923706055,37.904998779296875,29.736417770385742,7358400,0.0,0.0
2014-10-27 00:00:00-04:00,38.005001068115234,38.189998626708984,37.90999984741211,37.98500061035156,29.799175262451172,5783400,0.0,0.0
2014-10-28 00:00:00-04:00,38.16999816894531,38.53499984741211,37.939998626708984,38.525001525878906,30.22279930114746,8151000,0.0,0.0
2014-10-29 00:00:00-04:00,38.54999923706055,38.834999084472656,38.11000061035156,38.27000045776367,30.02275276184082,8795000,0.0,0.0
2014-10-30 00:00:00-04:00,38.09000015258789,38.724998474121094,38.05500030517578,38.65999984741211,30.32870101928711,13389000,0.0,0.0
2014-10-31 00:00:00-04:00,37.625,38.369998931884766,37.459999084472656,37.779998779296875,29.638343811035156,35890000,0.0,0.0
2014-11-03 00:00:00-05:00,37.98500061035156,38.1349983215332,37.73500061035156,38.04999923706055,29.85016632080078,10607000,0.0,0.0
2014-11-04 00:00:00-05:00,37.80500030517578,38.470001220703125,37.75,38.35499954223633,30.089431762695312,10420000,0.0,0.0
2014-11-05 00:00:00-05:00,38.505001068115234,38.69499969482422,38.29499816894531,38.33000183105469,30.069828033447266,7403400,0.0,0.0
2014-11-06 00:00:00-05:00,38.48500061035156,38.775001525878906,38.33000183105469,38.724998474121094,30.37969970703125,6167200,0.0,0.0
2014-11-07 00:00:00-05:00,38.81999969482422,39.04499816894531,38.60499954223633,38.89500045776367,30.513063430786133,8249000,0.0,0.0
2014-11-10 00:00:00-05:00,38.81999969482422,38.95000076293945,38.584999084472656,38.82500076293945,30.583965301513672,6555400,0.16,0.0
2014-11-11 00:00:00-05:00,38.915000915527344,39.099998474121094,38.625,38.8650016784668,30.61546516418457,5198200,0.0,0.0
2014-11-12 00:00:00-05:00,38.70500183105469,39.005001068115234,38.6349983215332,38.92499923706055,30.662744522094727,5312200,0.0,0.0
2014-11-13 00:00:00-05:00,39.095001220703125,39.2400016784668,38.70500183105469,38.94499969482422,30.67848014831543,6842200,0.0,0.0
2014-11-14 00:00:00-05:00,39.040000915527344,39.150001525878906,38.8650016784668,39.060001373291016,30.769075393676758,6039200,0.0,0.0
2014-11-17 00:00:00-05:00,38.970001220703125,39.23500061035156,38.82500076293945,38.915000915527344,30.654869079589844,5899000,0.0,0.0
2014-11-18 00:00:00-05:00,38.814998626708984,39.0,38.65999984741211,38.78499984741211,30.55246353149414,5755600,0.0,0.0
2014-11-19 00:00:00-05:00,38.720001220703125,39.040000915527344,38.70000076293945,38.90999984741211,30.650920867919922,5231200,0.0,0.0
2014-11-20 00:00:00-05:00,38.83000183105469,39.31999969482422,38.82500076293945,39.099998474121094,30.80059242248535,6287000,0.0,0.0
2014-11-21 00:00:00-05:00,39.564998626708984,39.959999084472656,39.3849983215332,39.880001068115234,31.415029525756836,14027800,0.0,0.0
2014-11-24 00:00:00-05:00,39.95000076293945,40.40999984741211,39.85499954223633,40.2599983215332,31.71436882019043,9426200,0.0,0.0
2014-11-25 00:00:00-05:00,40.279998779296875,40.459999084472656,40.025001525878906,40.10499954223633,31.592262268066406,8118400,0.0,0.0
2014-11-26 00:00:00-05:00,40.060001373291016,40.154998779296875,39.70000076293945,39.849998474121094,31.391399383544922,6196800,0.0,0.0
2014-11-28 00:00:00-05:00,40.21500015258789,40.81999969482422,40.20500183105469,40.60499954223633,31.986133575439453,6766600,0.0,0.0
2014-12-01 00:00:00-05:00,40.5,40.75,40.310001373291016,40.42499923706055,31.84433937072754,8627400,0.0,0.0
2014-12-02 00:00:00-05:00,40.345001220703125,40.42499923706055,40.04499816894531,40.185001373291016,31.655290603637695,7656400,0.0,0.0
2014-12-03 00:00:00-05:00,40.209999084472656,40.375,40.03499984741211,40.23500061035156,31.69467544555664,11201400,0.0,0.0
2014-12-04 00:00:00-05:00,40.29999923706055,41.150001525878906,40.19499969482422,40.654998779296875,32.0255241394043,13999000,0.0,0.0
2014-12-05 00:00:00-05:00,41.25,41.959999084472656,41.21500015258789,41.78499984741211,32.915672302246094,14788200,0.0,0.0
2014-12-08 00:00:00-05:00,42.099998474121094,42.099998474121094,41.54999923706055,41.900001525878906,33.006256103515625,11770600,0.0,0.0
2014-12-09 00:00:00-05:00,41.53499984741211,41.64500045776367,41.099998474121094,41.51499938964844,32.702980041503906,8725600,0.0,0.0
2014-12-10 00:00:00-05:00,41.45000076293945,42.02000045776367,41.275001525878906,41.33000183105469,32.557254791259766,10096400,0.0,0.0
2014-12-11 00:00:00-05:00,41.45000076293945,42.0099983215332,41.33000183105469,41.560001373291016,32.738426208496094,10046000,0.0,0.0
2014-12-12 00:00:00-05:00,41.369998931884766,41.98500061035156,41.28499984741211,41.625,32.78963851928711,9164200,0.0,0.0
2014-12-15 00:00:00-05:00,41.1349983215332,41.25,40.345001220703125,40.44499969482422,31.860116958618164,16287000,0.0,0.0
2014-12-16 00:00:00-05:00,40.244998931884766,40.54499816894531,39.55500030517578,39.564998626708984,31.166881561279297,13981800,0.0,0.0
2014-12-17 00:00:00-05:00,39.564998626708984,40.29499816894531,39.220001220703125,40.220001220703125,31.682859420776367,10161600,0.0,0.0
2014-12-18 00:00:00-05:00,40.775001525878906,40.81999969482422,39.630001068115234,40.01499938964844,31.521371841430664,17583000,0.0,0.0
2014-12-19 00:00:00-05:00,40.099998474121094,40.14500045776367,39.70500183105469,39.720001220703125,31.288986206054688,17444200,0.0,0.0
2014-12-22 00:00:00-05:00,39.92499923706055,40.275001525878906,39.8849983215332,40.27000045776367,31.722248077392578,7583800,0.0,0.0
2014-12-23 00:00:00-05:00,40.75,41.025001525878906,40.564998626708984,40.71500015258789,32.072784423828125,8147800,0.0,0.0
2014-12-24 00:00:00-05:00,40.73500061035156,40.93000030517578,40.59000015258789,40.6349983215332,32.009765625,2601800,0.0,0.0
2014-12-26 00:00:00-05:00,40.71500015258789,41.20000076293945,40.689998626708984,40.915000915527344,32.23033142089844,4550400,0.0,0.0
2014-12-29 00:00:00-05:00,40.83000183105469,41.275001525878906,40.75,41.189998626708984,32.446956634521484,4796600,0.0,0.0
2014-12-30 00:00:00-05:00,41.03499984741211,41.439998626708984,40.89500045776367,40.89500045776367,32.21458435058594,5253400,0.0,0.0
2014-12-31 00:00:00-05:00,41.095001220703125,41.665000915527344,41.0,41.025001525878906,32.316993713378906,7625400,0.0,0.0
2015-01-02 00:00:00-05:00,41.064998626708984,41.4900016784668,40.44499969482422,40.720001220703125,32.076744079589844,6886000,0.0,0.0
2015-01-05 00:00:00-05:00,40.06999969482422,40.334999084472656,39.744998931884766,39.939998626708984,31.462282180786133,11623800,0.0,0.0
2015-01-06 00:00:00-05:00,40.16999816894531,40.19499969482422,39.279998779296875,39.6150016784668,31.206274032592773,7664400,0.0,0.0
2015-01-07 00:00:00-05:00,39.875,40.6150016784668,39.70000076293945,40.59000015258789,31.974321365356445,9732600,0.0,0.0
2015-01-08 00:00:00-05:00,41.165000915527344,41.650001525878906,41.0099983215332,41.244998931884766,32.49028778076172,13170600,0.0,0.0
2015-01-09 00:00:00-05:00,40.494998931884766,40.755001068115234,39.560001373291016,39.89500045776367,31.426837921142578,27556800,0.0,0.0
2015-01-12 00:00:00-05:00,40.14500045776367,40.415000915527344,39.90999984741211,40.1150016784668,31.60015106201172,10021400,0.0,0.0
2015-01-13 00:00:00-05:00,40.7400016784668,41.06999969482422,40.064998626708984,40.435001373291016,31.85222625732422,11040800,0.0,0.0
2015-01-14 00:00:00-05:00,40.025001525878906,40.38999938964844,39.80500030517578,40.209999084472656,31.674989700317383,9295000,0.0,0.0
2015-01-15 00:00:00-05:00,40.29999923706055,40.45000076293945,39.595001220703125,39.790000915527344,31.344127655029297,8126600,0.0,0.0
2015-01-16 00:00:00-05:00,39.630001068115234,40.38999938964844,39.5,40.30500030517578,31.749826431274414,9015600,0.0,0.0
2015-01-20 00:00:00-05:00,40.400001525878906,40.73500061035156,40.165000915527344,40.61000061035156,31.990074157714844,10738400,0.0,0.0
2015-01-21 00:00:00-05:00,40.525001525878906,40.814998626708984,40.26499938964844,40.64500045776367,32.017642974853516,10844200,0.0,0.0
2015-01-22 00:00:00-05:00,40.68000030517578,41.41999816894531,40.44499969482422,41.369998931884766,32.58875274658203,23913000,0.0,0.0
2015-01-23 00:00:00-05:00,43.25,44.349998474121094,43.220001220703125,44.11000061035156,34.747161865234375,38107200,0.0,0.0
2015-01-26 00:00:00-05:00,44.04499816894531,44.25,43.70500183105469,44.060001373291016,34.707767486572266,14098600,0.0,0.0
2015-01-27 00:00:00-05:00,43.88999938964844,44.60499954223633,43.724998474121094,44.16999816894531,34.79441833496094,10994200,0.0,0.0
2015-01-28 00:00:00-05:00,44.349998474121094,44.79499816894531,43.744998931884766,43.78499984741211,34.49114227294922,11963200,0.0,0.0
2015-01-29 00:00:00-05:00,44.005001068115234,44.650001525878906,43.78499984741211,44.525001525878906,35.07406234741211,12475800,0.0,0.0
2015-01-30 00:00:00-05:00,44.290000915527344,44.470001220703125,43.69499969482422,43.76499938964844,34.475379943847656,10070400,0.0,0.0
2015-02-02 00:00:00-05:00,43.84000015258789,44.04499816894531,42.93000030517578,43.994998931884766,34.656585693359375,13638800,0.0,0.0
2015-02-03 00:00:00-05:00,43.9900016784668,44.244998931884766,43.46500015258789,44.244998931884766,34.9807243347168,9252400,0.16,0.0
2015-02-04 00:00:00-05:00,44.0,44.71500015258789,43.994998931884766,44.349998474121094,35.06373596191406,11496600,0.0,0.0
2015-02-05 00:00:00-05:00,44.35499954223633,44.8849983215332,44.35499954223633,44.81999969482422,35.43531036376953,7598600,0.0,0.0
2015-02-06 00:00:00-05:00,44.75,44.84000015258789,44.34000015258789,44.5,35.18233108520508,7835400,0.0,0.0
2015-02-09 00:00:00-05:00,44.255001068115234,44.60499954223633,44.06999969482422,44.40999984741211,35.111175537109375,6911600,0.0,0.0
2015-02-10 00:00:00-05:00,44.685001373291016,45.689998626708984,44.665000915527344,45.59000015258789,36.044105529785156,12469600,0.0,0.0
2015-02-11 00:00:00-05:00,45.58000183105469,45.89500045776367,45.35499954223633,45.39500045776367,35.889930725097656,6467000,0.0,0.0
2015-02-12 00:00:00-05:00,45.54499816894531,45.970001220703125,45.04499816894531,45.915000915527344,36.30105209350586,7197600,0.0,0.0
2015-02-13 00:00:00-05:00,45.994998931884766,45.994998931884766,45.45500183105469,45.790000915527344,36.20222854614258,6109600,0.0,0.0
2015-02-17 00:00:00-05:00,45.8849983215332,46.119998931884766,45.630001068115234,46.01499938964844,36.38011169433594,6387000,0.0,0.0
2015-02-18 00:00:00-05:00,46.19499969482422,46.665000915527344,46.0,46.5,36.763553619384766,6542000,0.0,0.0
2015-02-19 00:00:00-05:00,46.57500076293945,46.88999938964844,46.505001068115234,46.584999084472656,36.83075714111328,6109200,0.0,0.0
2015-02-20 00:00:00-05:00,46.72999954223633,46.834999084472656,46.48500061035156,46.755001068115234,36.96516036987305,6461400,0.0,0.0
2015-02-23 00:00:00-05:00,46.92499923706055,46.96500015258789,46.540000915527344,46.790000915527344,36.99284362792969,5854600,0.0,0.0
2015-02-24 00:00:00-05:00,46.630001068115234,46.994998931884766,46.58000183105469,46.724998474121094,36.941436767578125,6337800,0.0,0.0
2015-02-25 00:00:00-05:00,46.650001525878906,47.415000915527344,46.625,47.130001068115234,37.26164245605469,8119600,0.0,0.0
2015-02-26 00:00:00-05:00,47.150001525878906,47.40999984741211,47.040000915527344,47.275001525878906,37.37628936767578,6816400,0.0,0.0
2015-02-27 00:00:00-05:00,47.39500045776367,47.400001525878906,46.6349983215332,46.744998931884766,36.95726776123047,8658400,0.0,0.0
2015-03-02 00:00:00-05:00,46.665000915527344,47.275001525878906,46.665000915527344,47.1150016784668,37.249794006347656,7947000,0.0,0.0
2015-03-03 00:00:00-05:00,47.04999923706055,47.10499954223633,46.599998474121094,47.0,37.15885925292969,7578400,0.0,0.0
2015-03-04 00:00:00-05:00,46.904998779296875,47.095001220703125,46.005001068115234,46.529998779296875,36.78727722167969,7774600,0.0,0.0
2015-03-05 00:00:00-05:00,46.63999938964844,46.97999954223633,46.529998779296875,46.814998626708984,37.01259231567383,5848400,0.0,0.0
2015-03-06 00:00:00-05:00,46.650001525878906,46.849998474121094,45.939998626708984,46.11000061035156,36.455230712890625,6814400,0.0,0.0
2015-03-09 00:00:00-04:00,46.19499969482422,46.564998626708984,46.04499816894531,46.52000045776367,36.77937698364258,5984800,0.0,0.0
2015-03-10 00:00:00-04:00,46.08000183105469,46.45500183105469,45.8849983215332,46.09000015258789,36.43940734863281,6077000,0.0,0.0
2015-03-11 00:00:00-04:00,46.060001373291016,46.4900016784668,45.61000061035156,45.709999084472656,36.138973236083984,8185800,0.0,0.0
2015-03-12 00:00:00-04:00,45.98500061035156,46.76499938964844,45.91999816894531,46.689998626708984,36.913780212402344,7295400,0.0,0.0
2015-03-13 00:00:00-04:00,46.34000015258789,47.185001373291016,46.34000015258789,46.64500045776367,36.878196716308594,5835200,0.0,0.0
2015-03-16 00:00:00-04:00,47.0,47.310001373291016,46.869998931884766,47.025001525878906,37.178627014160156,6772600,0.0,0.0
2015-03-17 00:00:00-04:00,46.880001068115234,47.2400016784668,46.79999923706055,47.19499969482422,37.31303405761719,5508800,0.0,0.0
2015-03-18 00:00:00-04:00,47.0,48.28499984741211,46.67499923706055,47.91999816894531,37.88623046875,15430000,0.0,0.0
2015-03-19 00:00:00-04:00,48.380001068115234,49.599998474121094,48.189998626708984,48.880001068115234,38.645206451416016,22020600,0.0,0.0
2015-03-20 00:00:00-04:00,49.244998931884766,49.45000076293945,48.505001068115234,48.72999954223633,38.52663803100586,17360600,0.0,0.0
2015-03-23 00:00:00-04:00,48.939998626708984,48.95000076293945,48.35499954223633,48.685001373291016,38.49106216430664,7986000,0.0,0.0
2015-03-24 00:00:00-04:00,48.55500030517578,49.165000915527344,48.380001068115234,48.959999084472656,38.70847702026367,7718400,0.0,0.0
2015-03-25 00:00:00-04:00,49.06999969482422,49.2400016784668,47.8849983215332,47.8849983215332,37.858543395996094,9907200,0.0,0.0
2015-03-26 00:00:00-04:00,47.67499923706055,47.875,46.83000183105469,47.540000915527344,37.58580017089844,10344400,0.0,0.0
2015-03-27 00:00:00-04:00,47.5,47.974998474121094,47.375,47.53499984741211,37.58185577392578,7993400,0.0,0.0
2015-03-30 00:00:00-04:00,48.02000045776367,48.25,47.75,47.9900016784668,37.94157791137695,6830200,0.0,0.0
2015-03-31 00:00:00-04:00,47.834999084472656,48.099998474121094,47.345001220703125,47.349998474121094,37.43557357788086,8717800,0.0,0.0
2015-04-01 00:00:00-04:00,47.13999938964844,47.25,46.279998779296875,46.5099983215332,36.77146530151367,14125400,0.0,0.0
2015-04-02 00:00:00-04:00,46.709999084472656,47.31999969482422,46.61000061035156,47.19499969482422,37.31303405761719,8863000,0.0,0.0
2015-04-06 00:00:00-04:00,46.92499923706055,47.400001525878906,46.724998474121094,47.2599983215332,37.364418029785156,6058800,0.0,0.0
2015-04-07 00:00:00-04:00,47.20500183105469,47.47999954223633,46.97999954223633,47.03499984741211,37.18654251098633,5354600,0.0,0.0
2015-04-08 00:00:00-04:00,46.91999816894531,47.63999938964844,46.91999816894531,47.6150016784668,37.64509963989258,6827800,0.0,0.0
2015-04-09 00:00:00-04:00,47.650001525878906,47.9900016784668,47.25,47.959999084472656,37.917842864990234,7109600,0.0,2.0
2015-04-10 00:00:00-04:00,48.599998474121094,48.599998474121094,47.880001068115234,48.16999816894531,38.08388137817383,6643100,0.0,0.0
2015-04-13 00:00:00-04:00,48.560001373291016,48.88999938964844,48.380001068115234,48.5,38.34478759765625,8171000,0.0,0.0
2015-04-14 00:00:00-04:00,48.52000045776367,48.709999084472656,47.970001220703125,48.29999923706055,38.18667221069336,5952400,0.0,0.0
2015-04-15 00:00:00-04:00,48.810001373291016,48.810001373291016,48.130001068115234,48.13999938964844,38.06016159057617,5162200,0.0,0.0
2015-04-16 00:00:00-04:00,48.22999954223633,48.47999954223633,48.15999984741211,48.25,38.147125244140625,5312500,0.0,0.0
2015-04-17 00:00:00-04:00,47.900001525878906,48.0,47.38999938964844,47.619998931884766,37.649051666259766,7539900,0.0,0.0
2015-04-20 00:00:00-04:00,47.900001525878906,48.119998931884766,47.70000076293945,47.970001220703125,37.925758361816406,4868400,0.0,0.0
2015-04-21 00:00:00-04:00,48.349998474121094,48.47999954223633,48.02000045776367,48.369998931884766,38.242000579833984,6213400,0.0,0.0
2015-04-22 00:00:00-04:00,48.5,48.599998474121094,47.97999954223633,48.34000015258789,38.21827697753906,7248100,0.0,0.0
2015-04-23 00:00:00-04:00,48.54999923706055,49.70000076293945,48.279998779296875,49.43000030517578,39.08007049560547,15866100,0.0,0.0
2015-04-24 00:00:00-04:00,51.31999969482422,52.09000015258789,50.619998931884766,51.84000015258789,40.985435485839844,22284900,0.0,0.0
2015-04-27 00:00:00-04:00,51.810001373291016,51.939998626708984,50.7599983215332,50.869998931884766,40.21853256225586,11222600,0.0,0.0
2015-04-28 00:00:00-04:00,50.599998474121094,50.79999923706055,49.97999954223633,50.61000061035156,40.01297378540039,8882900,0.0,0.0
2015-04-29 00:00:00-04:00,50.41999816894531,50.95000076293945,50.20000076293945,50.650001525878906,40.04460906982422,7162000,0.0,0.0
2015-04-30 00:00:00-04:00,50.630001068115234,50.68000030517578,49.43000030517578,49.58000183105469,39.19866180419922,8492000,0.0,0.0
2015-05-01 00:00:00-04:00,49.95000076293945,50.41999816894531,49.68000030517578,50.290000915527344,39.75999069213867,5916500,0.0,0.0
2015-05-04 00:00:00-04:00,50.29999923706055,50.93000030517578,50.27000045776367,50.45000076293945,39.88648223876953,7493400,0.0,0.0
2015-05-05 00:00:00-04:00,49.939998626708984,50.04999923706055,49.36000061035156,49.40999984741211,39.18852233886719,10691200,0.16,0.0
2015-05-06 00:00:00-04:00,49.68000030517578,49.70000076293945,48.56999969482422,48.93000030517578,38.80783462524414,8033500,0.0,0.0
2015-05-07 00:00:00-04:00,48.7400016784668,49.54999923706055,48.720001220703125,49.349998474121094,39.14094161987305,5681400,0.0,0.0
2015-05-08 00:00:00-04:00,49.9900016784668,50.43000030517578,49.459999084472656,49.779998779296875,39.481990814208984,6039800,0.0,0.0
2015-05-11 00:00:00-04:00,49.709999084472656,50.220001220703125,49.380001068115234,49.5,39.25991439819336,5047200,0.0,0.0
2015-05-12 00:00:00-04:00,49.150001525878906,49.9900016784668,49.0,49.709999084472656,39.42647933959961,5868600,0.0,0.0
2015-05-13 00:00:00-04:00,49.849998474121094,50.150001525878906,49.43000030517578,49.59000015258789,39.331298828125,4927100,0.0,0.0
2015-05-14 00:00:00-04:00,49.97999954223633,50.59000015258789,49.66999816894531,50.560001373291016,40.10062789916992,7339700,0.0,0.0
2015-05-15 00:00:00-04:00,50.790000915527344,50.849998474121094,50.38999938964844,50.79999923706055,40.29098129272461,6016700,0.0,0.0
2015-05-18 00:00:00-04:00,50.650001525878906,51.290000915527344,50.560001373291016,51.18000030517578,40.59237289428711,8999800,0.0,0.0
2015-05-19 00:00:00-04:00,51.47999954223633,51.720001220703125,50.959999084472656,51.41999816894531,40.78271484375,6976100,0.0,0.0
2015-05-20 00:00:00-04:00,51.310001373291016,51.439998626708984,50.43000030517578,51.029998779296875,40.47339630126953,5644700,0.0,0.0
2015-05-21 00:00:00-04:00,50.939998626708984,51.45000076293945,50.779998779296875,51.33000183105469,40.71134948730469,5084000,0.0,0.0
2015-05-22 00:00:00-04:00,51.33000183105469,51.650001525878906,51.209999084472656,51.47999954223633,40.83030319213867,5857700,0.0,0.0
2015-05-26 00:00:00-04:00,51.380001068115234,51.779998779296875,50.65999984741211,50.84000015258789,40.32271194458008,7369900,0.0,0.0
2015-05-27 00:00:00-04:00,51.040000915527344,51.70000076293945,50.90999984741211,51.59000015258789,40.91756057739258,6213600,0.0,0.0
2015-05-28 00:00:00-04:00,51.84000015258789,51.939998626708984,51.45000076293945,51.810001373291016,41.092041015625,5874400,0.0,0.0
2015-05-29 00:00:00-04:00,51.95000076293945,52.22999954223633,51.45000076293945,51.959999084472656,41.21100616455078,9399100,0.0,0.0
2015-06-01 00:00:00-04:00,51.959999084472656,52.459999084472656,51.66999816894531,52.220001220703125,41.417236328125,7075100,0.0,0.0
2015-06-02 00:00:00-04:00,51.97999954223633,52.29999923706055,51.65999984741211,51.72999954223633,41.02857971191406,7877800,0.0,0.0
2015-06-03 00:00:00-04:00,52.0,52.27000045776367,51.66999816894531,52.119998931884766,41.337913513183594,5522700,0.0,0.0
2015-06-04 00:00:00-04:00,51.869998931884766,52.18000030517578,51.56999969482422,51.720001220703125,41.02066421508789,6230800,0.0,0.0
2015-06-05 00:00:00-04:00,51.56999969482422,52.439998626708984,51.27000045776367,52.189998626708984,41.393428802490234,7123200,0.0,0.0
2015-06-08 00:00:00-04:00,52.0,52.22999954223633,51.4900016784668,51.529998779296875,40.869964599609375,6320200,0.0,0.0
2015-06-09 00:00:00-04:00,51.349998474121094,51.70000076293945,51.099998474121094,51.540000915527344,40.877891540527344,5034000,0.0,0.0
2015-06-10 00:00:00-04:00,51.79999923706055,52.86000061035156,51.65999984741211,52.689998626708984,41.78999328613281,8003600,0.0,0.0
2015-06-11 00:00:00-04:00,52.810001373291016,53.0,52.439998626708984,52.4900016784668,41.631370544433594,6030200,0.0,0.0
2015-06-12 00:00:00-04:00,52.40999984741211,52.7400016784668,52.15999984741211,52.630001068115234,41.742431640625,5236700,0.0,0.0
2015-06-15 00:00:00-04:00,52.22999954223633,52.459999084472656,52.0099983215332,52.27000045776367,41.456886291503906,5555000,0.0,0.0
2015-06-16 00:00:00-04:00,52.27000045776367,53.13999938964844,52.20000076293945,52.970001220703125,42.01206970214844,6106500,0.0,0.0
2015-06-17 00:00:00-04:00,53.09000015258789,53.470001220703125,52.720001220703125,53.2400016784668,42.226219177246094,6735300,0.0,0.0
2015-06-18 00:00:00-04:00,53.5,54.279998779296875,53.400001525878906,54.11000061035156,42.91624450683594,10711000,0.0,0.0
2015-06-19 00:00:00-04:00,54.08000183105469,54.439998626708984,53.84000015258789,53.93000030517578,42.77347946166992,10609700,0.0,0.0
2015-06-22 00:00:00-04:00,54.33000183105469,54.43000030517578,53.880001068115234,53.900001525878906,42.74968338012695,7100700,0.0,0.0
2015-06-23 00:00:00-04:00,54.040000915527344,54.18000030517578,53.720001220703125,54.119998931884766,42.92417526245117,5679000,0.0,0.0
2015-06-24 00:00:00-04:00,53.75,53.970001220703125,53.52000045776367,53.709999084472656,42.59899139404297,5525000,0.0,0.0
2015-06-25 00:00:00-04:00,54.09000015258789,54.45000076293945,54.0,54.06999969482422,42.88450622558594,5389900,0.0,0.0
2015-06-26 00:00:00-04:00,54.459999084472656,54.75,54.29999923706055,54.619998931884766,43.320735931396484,6637200,0.0,0.0
2015-06-29 00:00:00-04:00,53.869998931884766,54.38999938964844,53.5099983215332,53.54999923706055,42.472084045410156,6534100,0.0,0.0
2015-06-30 00:00:00-04:00,54.150001525878906,54.29999923706055,53.13999938964844,53.619998931884766,42.527587890625,9794000,0.0,0.0
2015-07-01 00:00:00-04:00,53.86000061035156,54.209999084472656,53.599998474121094,53.88999938964844,42.74174499511719,6107700,0.0,0.0
2015-07-02 00:00:00-04:00,54.029998779296875,54.70000076293945,53.95000076293945,54.2400016784668,43.019344329833984,5684700,0.0,0.0
2015-07-06 00:00:00-04:00,53.63999938964844,54.40999984741211,53.630001068115234,54.310001373291016,43.07487106323242,5396400,0.0,0.0
2015-07-07 00:00:00-04:00,54.290000915527344,54.540000915527344,53.36000061035156,54.380001068115234,43.13037872314453,9462300,0.0,0.0
2015-07-08 00:00:00-04:00,53.86000061035156,54.02000045776367,53.310001373291016,53.38999938964844,42.345191955566406,8139300,0.0,0.0
2015-07-09 00:00:00-04:00,54.06999969482422,54.5,53.880001068115234,54.04999923706055,42.86865234375,7681000,0.0,0.0
2015-07-10 00:00:00-04:00,54.540000915527344,54.72999954223633,54.18000030517578,54.56999969482422,43.28107452392578,8087800,0.0,0.0
2015-07-13 00:00:00-04:00,55.0,55.88999938964844,54.900001525878906,55.70000076293945,44.17732620239258,7477200,0.0,0.0
2015-07-14 00:00:00-04:00,55.959999084472656,56.060001373291016,55.52000045776367,55.75,44.21696090698242,7028000,0.0,0.0
2015-07-15 00:00:00-04:00,55.91999816894531,55.95000076293945,55.290000915527344,55.34000015258789,43.891780853271484,8212600,0.0,0.0
2015-07-16 00:00:00-04:00,56.060001373291016,56.15999984741211,55.65999984741211,55.7400016784668,44.20903778076172,7305500,0.0,0.0
2015-07-17 00:00:00-04:00,55.900001525878906,55.900001525878906,55.369998931884766,55.689998626708984,44.16938018798828,8715400,0.0,0.0
2015-07-20 00:00:00-04:00,55.72999954223633,56.7400016784668,55.70000076293945,56.209999084472656,44.58180236816406,8029600,0.0,0.0
2015-07-21 00:00:00-04:00,56.380001068115234,56.470001220703125,55.779998779296875,56.20000076293945,44.573875427246094,6717500,0.0,0.0
2015-07-22 00:00:00-04:00,56.43000030517578,56.869998931884766,56.25,56.689998626708984,44.96250534057617,6876100,0.0,0.0
2015-07-23 00:00:00-04:00,56.97999954223633,57.0,56.15999984741211,56.560001373291016,44.85940933227539,12439200,0.0,0.0
2015-07-24 00:00:00-04:00,59.119998931884766,59.310001373291016,57.150001525878906,57.290000915527344,45.438392639160156,14559700,0.0,0.0
2015-07-27 00:00:00-04:00,57.209999084472656,57.470001220703125,56.849998474121094,56.97999954223633,45.19252014160156,8993500,0.0,0.0
2015-07-28 00:00:00-04:00,57.38999938964844,57.400001525878906,56.560001373291016,57.13999938964844,45.31942367553711,8689200,0.0,0.0
2015-07-29 00:00:00-04:00,57.380001068115234,57.79999923706055,57.13999938964844,57.5099983215332,45.61286926269531,8470500,0.0,0.0
2015-07-30 00:00:00-04:00,57.29999923706055,58.150001525878906,57.0099983215332,58.060001373291016,46.049095153808594,7337900,0.0,0.0
2015-07-31 00:00:00-04:00,58.439998626708984,58.439998626708984,57.72999954223633,57.93000030517578,45.94598388671875,6519500,0.0,0.0
2015-08-03 00:00:00-04:00,58.619998931884766,58.959999084472656,58.040000915527344,58.189998626708984,46.152225494384766,7664000,0.0,0.0
2015-08-04 00:00:00-04:00,58.25,58.720001220703125,58.029998779296875,58.70000076293945,46.68505859375,9113100,0.16,0.0
2015-08-05 00:00:00-04:00,59.150001525878906,59.31999969482422,58.83000183105469,59.0099983215332,46.93160629272461,7349100,0.0,0.0
2015-08-06 00:00:00-04:00,59.130001068115234,59.20000076293945,57.09000015258789,57.22999954223633,45.515960693359375,11064500,0.0,0.0
2015-08-07 00:00:00-04:00,57.33000183105469,57.36000061035156,56.5099983215332,57.20000076293945,45.492095947265625,7782000,0.0,0.0
2015-08-10 00:00:00-04:00,57.290000915527344,57.630001068115234,55.75,56.27000045776367,44.7524528503418,12029200,0.0,0.0
2015-08-11 00:00:00-04:00,55.790000915527344,56.439998626708984,55.2400016784668,56.349998474121094,44.816070556640625,8062600,0.0,0.0
2015-08-12 00:00:00-04:00,55.689998626708984,56.400001525878906,54.95000076293945,56.380001068115234,44.839935302734375,10064400,0.0,0.0
2015-08-13 00:00:00-04:00,56.52000045776367,57.25,56.5099983215332,56.849998474121094,45.21372985839844,6731500,0.0,0.0
2015-08-14 00:00:00-04:00,56.95000076293945,57.119998931884766,56.65999984741211,57.099998474121094,45.41255569458008,4803900,0.0,0.0
2015-08-17 00:00:00-04:00,57.0,57.7599983215332,56.72999954223633,57.7400016784668,45.92156982421875,5768400,0.0,0.0
2015-08-18 00:00:00-04:00,57.959999084472656,58.060001373291016,57.65999984741211,57.83000183105469,45.99314498901367,5575400,0.0,0.0
2015-08-19 00:00:00-04:00,57.58000183105469,58.08000183105469,57.119998931884766,57.59000015258789,45.802268981933594,6044200,0.0,0.0
2015-08-20 00:00:00-04:00,57.0,57.150001525878906,55.77000045776367,55.810001373291016,44.38661575317383,7470900,0.0,0.0
2015-08-21 00:00:00-04:00,54.720001220703125,54.86000061035156,52.599998474121094,52.84000015258789,42.02451705932617,20211500,0.0,0.0
2015-08-24 00:00:00-04:00,48.04999923706055,52.66999816894531,42.04999923706055,50.34000015258789,40.036216735839844,27158800,0.0,0.0
2015-08-25 00:00:00-04:00,52.959999084472656,53.61000061035156,51.04999923706055,51.09000015258789,40.63272476196289,19659000,0.0,0.0
2015-08-26 00:00:00-04:00,52.9900016784668,54.150001525878906,51.27000045776367,53.959999084472656,42.91525650024414,15517600,0.0,0.0
2015-08-27 00:00:00-04:00,54.7599983215332,56.209999084472656,54.40999984741211,55.95000076293945,44.497947692871094,15987900,0.0,0.0
2015-08-28 00:00:00-04:00,55.70000076293945,56.310001373291016,55.20000076293945,55.630001068115234,44.24344253540039,7584800,0.0,0.0
2015-08-31 00:00:00-04:00,55.189998626708984,55.470001220703125,54.5,54.709999084472656,43.51176071166992,7971200,0.0,0.0
2015-09-01 00:00:00-04:00,53.0,54.36000061035156,52.7400016784668,53.5,42.5494270324707,13424900,0.0,0.0
2015-09-02 00:00:00-04:00,54.5,55.290000915527344,53.75,55.2599983215332,43.94917678833008,9891100,0.0,0.0
2015-09-03 00:00:00-04:00,55.720001220703125,55.7599983215332,54.47999954223633,54.689998626708984,43.49584197998047,7968900,0.0,0.0
2015-09-04 00:00:00-04:00,53.869998931884766,54.56999969482422,53.84000015258789,54.279998779296875,43.16978073120117,6994300,0.0,0.0
2015-09-08 00:00:00-04:00,55.310001373291016,55.45000076293945,54.529998779296875,55.209999084472656,43.90940475463867,8051700,0.0,0.0
2015-09-09 00:00:00-04:00,55.900001525878906,56.0,54.56999969482422,54.689998626708984,43.49584197998047,8406700,0.0,0.0
2015-09-10 00:00:00-04:00,54.34000015258789,55.689998626708984,54.33000183105469,55.369998931884766,44.03667068481445,8924800,0.0,0.0
2015-09-11 00:00:00-04:00,55.189998626708984,56.540000915527344,55.029998779296875,56.529998779296875,44.959232330322266,8363100,0.0,0.0
2015-09-14 00:00:00-04:00,56.540000915527344,56.90999984741211,56.04999923706055,56.290000915527344,44.76836013793945,5463900,0.0,0.0
2015-09-15 00:00:00-04:00,56.43000030517578,57.209999084472656,56.119998931884766,56.90999984741211,45.261444091796875,6741300,0.0,0.0
2015-09-16 00:00:00-04:00,56.83000183105469,57.349998474121094,56.209999084472656,57.2599983215332,45.539817810058594,6593400,0.0,0.0
2015-09-17 00:00:00-04:00,57.31999969482422,58.099998474121094,57.040000915527344,57.279998779296875,45.55570983886719,7525300,0.0,0.0
2015-09-18 00:00:00-04:00,56.4900016784668,57.630001068115234,56.279998779296875,56.84000015258789,45.205780029296875,16268000,0.0,0.0
2015-09-21 00:00:00-04:00,57.20000076293945,57.84000015258789,56.959999084472656,57.540000915527344,45.76249694824219,6220100,0.0,0.0
2015-09-22 00:00:00-04:00,56.849998474121094,57.25,56.70000076293945,57.119998931884766,45.428470611572266,8585100,0.0,0.0
2015-09-23 00:00:00-04:00,57.15999984741211,57.93000030517578,57.04999923706055,57.790000915527344,45.961341857910156,6829200,0.0,0.0
2015-09-24 00:00:00-04:00,57.380001068115234,58.540000915527344,57.16999816894531,58.369998931884766,46.422611236572266,10027300,0.0,0.0
2015-09-25 00:00:00-04:00,58.91999816894531,58.959999084472656,57.7400016784668,57.9900016784668,46.12039566040039,10627000,0.0,0.0
2015-09-28 00:00:00-04:00,58.0099983215332,58.43000030517578,55.619998931884766,55.77000045776367,44.35479736328125,11548100,0.0,0.0
2015-09-29 00:00:00-04:00,55.849998474121094,56.29999923706055,54.810001373291016,55.720001220703125,44.31502914428711,9392100,0.0,0.0
2015-09-30 00:00:00-04:00,56.400001525878906,56.900001525878906,55.61000061035156,56.84000015258789,45.205780029296875,9799600,0.0,0.0
2015-10-01 00:00:00-04:00,56.9900016784668,57.5,55.88999938964844,57.47999954223633,45.71478271484375,8497100,0.0,0.0
2015-10-02 00:00:00-04:00,56.9900016784668,58.09000015258789,56.540000915527344,58.08000183105469,46.191978454589844,9036800,0.0,0.0
2015-10-05 00:00:00-04:00,58.4900016784668,59.18000030517578,58.06999969482422,59.040000915527344,46.95549392700195,8199000,0.0,0.0
2015-10-06 00:00:00-04:00,58.81999969482422,59.13999938964844,58.220001220703125,58.689998626708984,46.6771240234375,5538000,0.0,0.0
2015-10-07 00:00:00-04:00,58.619998931884766,58.83000183105469,57.900001525878906,58.779998779296875,46.748695373535156,8138300,0.0,0.0
2015-10-08 00:00:00-04:00,58.779998779296875,59.709999084472656,58.38999938964844,59.459999084472656,47.28950500488281,6834800,0.0,0.0
2015-10-09 00:00:00-04:00,59.470001220703125,60.11000061035156,59.29999923706055,60.06999969482422,47.77465057373047,7969900,0.0,0.0
2015-10-12 00:00:00-04:00,60.349998474121094,60.88999938964844,60.040000915527344,60.540000915527344,48.14845657348633,6430300,0.0,0.0
2015-10-13 00:00:00-04:00,60.34000015258789,60.75,60.02000045776367,60.15999984741211,47.84623718261719,6262800,0.0,0.0
2015-10-14 00:00:00-04:00,60.0,60.16999816894531,58.43000030517578,58.81999969482422,46.78050231933594,8365600,0.0,0.0
2015-10-15 00:00:00-04:00,58.95000076293945,59.83000183105469,58.08000183105469,59.689998626708984,47.472434997558594,9745900,0.0,0.0
2015-10-16 00:00:00-04:00,59.959999084472656,60.290000915527344,59.459999084472656,59.93000030517578,47.66331100463867,12860800,0.0,0.0
2015-10-19 00:00:00-04:00,60.130001068115234,61.290000915527344,59.869998931884766,60.970001220703125,48.49042892456055,8117200,0.0,0.0
2015-10-20 00:00:00-04:00,61.220001220703125,61.36000061035156,60.560001373291016,60.880001068115234,48.41885757446289,6089100,0.0,0.0
2015-10-21 00:00:00-04:00,61.06999969482422,61.119998931884766,60.15999984741211,60.529998779296875,48.14051055908203,6055300,0.0,0.0
2015-10-22 00:00:00-04:00,60.959999084472656,61.709999084472656,60.16999816894531,61.4900016784668,48.90400314331055,9182000,0.0,0.0
2015-10-23 00:00:00-04:00,62.11000061035156,62.79999923706055,61.619998931884766,62.61000061035156,49.79475784301758,8206000,0.0,0.0
2015-10-26 00:00:00-04:00,62.97999954223633,63.84000015258789,62.970001220703125,63.43000030517578,50.44692611694336,9751700,0.0,0.0
2015-10-27 00:00:00-04:00,63.369998931884766,63.40999984741211,62.189998626708984,62.709999084472656,49.87429428100586,8973200,0.0,0.0
2015-10-28 00:00:00-04:00,63.11000061035156,63.52000045776367,62.41999816894531,63.5099983215332,50.51054382324219,9627300,0.0,0.0
2015-10-29 00:00:00-04:00,63.41999816894531,63.5,61.709999084472656,62.5,49.707271575927734,14839100,0.0,0.0
2015-10-30 00:00:00-04:00,63.689998626708984,64.0,62.2599983215332,62.56999969482422,49.762939453125,16822300,0.0,0.0
2015-11-02 00:00:00-05:00,63.0099983215332,63.099998474121094,62.119998931884766,62.2400016784668,49.50049591064453,8547200,0.0,0.0
2015-11-03 00:00:00-05:00,62.0,62.97999954223633,61.650001525878906,62.79999923706055,49.94587707519531,8847700,0.0,0.0
2015-11-04 00:00:00-05:00,63.040000915527344,63.040000915527344,61.34000015258789,61.959999084472656,49.27780532836914,9085100,0.0,0.0
2015-11-05 00:00:00-05:00,62.16999816894531,62.459999084472656,62.0099983215332,62.279998779296875,49.53229904174805,6145000,0.0,0.0
2015-11-06 00:00:00-05:00,62.04999923706055,62.2400016784668,61.61000061035156,61.970001220703125,49.28574752807617,6616300,0.0,0.0
2015-11-09 00:00:00-05:00,61.75,61.970001220703125,60.86000061035156,61.34000015258789,48.94266128540039,6838300,0.2,0.0
2015-11-10 00:00:00-05:00,61.540000915527344,62.31999969482422,61.209999084472656,62.18000030517578,49.61289596557617,6689000,0.0,0.0
2015-11-11 00:00:00-05:00,62.54999923706055,62.56999969482422,61.810001373291016,61.869998931884766,49.365543365478516,4437300,0.0,0.0
2015-11-12 00:00:00-05:00,61.34000015258789,61.650001525878906,60.75,61.06999969482422,48.727237701416016,6793800,0.0,0.0
2015-11-13 00:00:00-05:00,60.88999938964844,61.349998474121094,59.61000061035156,59.7400016784668,47.66603469848633,8821600,0.0,0.0
2015-11-16 00:00:00-05:00,59.5,60.689998626708984,59.5,60.68000030517578,48.41604995727539,8096600,0.0,0.0
2015-11-17 00:00:00-05:00,60.95000076293945,61.560001373291016,60.439998626708984,60.54999923706055,48.312320709228516,6695300,0.0,0.0
2015-11-18 00:00:00-05:00,60.65999984741211,61.869998931884766,60.33000183105469,61.79999923706055,49.30970001220703,7215300,0.0,0.0
2015-11-19 00:00:00-05:00,61.79999923706055,61.93000030517578,61.38999938964844,61.459999084472656,49.03840637207031,5154400,0.0,0.0
2015-11-20 00:00:00-05:00,61.959999084472656,62.150001525878906,61.58000183105469,61.9900016784668,49.4613037109375,8302500,0.0,0.0
2015-11-23 00:00:00-05:00,62.13999938964844,63.189998626708984,62.099998474121094,62.63999938964844,49.97991943359375,8493500,0.0,0.0
2015-11-24 00:00:00-05:00,62.060001373291016,62.369998931884766,61.220001220703125,61.959999084472656,49.43735885620117,7908200,0.0,0.0
2015-11-25 00:00:00-05:00,62.04999923706055,62.5,62.0,62.189998626708984,49.62086486816406,4549900,0.0,0.0
2015-11-27 00:00:00-05:00,62.189998626708984,62.380001068115234,61.93000030517578,62.18000030517578,49.61289596557617,2447900,0.0,0.0
2015-11-30 00:00:00-05:00,62.099998474121094,62.290000915527344,61.20000076293945,61.38999938964844,48.98255157470703,9863800,0.0,0.0
2015-12-01 00:00:00-05:00,61.08000183105469,61.68000030517578,60.5099983215332,61.369998931884766,48.966590881347656,10910800,0.0,0.0
2015-12-02 00:00:00-05:00,61.630001068115234,61.709999084472656,61.119998931884766,61.220001220703125,48.84691619873047,6587500,0.0,0.0
2015-12-03 00:00:00-05:00,61.369998931884766,61.45000076293945,59.150001525878906,59.54999923706055,47.51443862915039,12056100,0.0,0.0
2015-12-04 00:00:00-05:00,59.86000061035156,61.869998931884766,59.599998474121094,61.75,49.269798278808594,9100600,0.0,0.0
2015-12-07 00:00:00-05:00,61.75,61.95000076293945,61.439998626708984,61.88999938964844,49.381492614746094,5967800,0.0,0.0
2015-12-08 00:00:00-05:00,61.689998626708984,62.43000030517578,61.52000045776367,62.15999984741211,49.596927642822266,6664900,0.0,0.0
2015-12-09 00:00:00-05:00,61.709999084472656,62.540000915527344,60.81999969482422,61.18000030517578,48.81499099731445,8541600,0.0,0.0
2015-12-10 00:00:00-05:00,61.130001068115234,62.13999938964844,61.0099983215332,61.869998931884766,49.365543365478516,6623900,0.0,0.0
2015-12-11 00:00:00-05:00,60.86000061035156,61.189998626708984,59.599998474121094,59.81999969482422,47.729862213134766,11489300,0.0,0.0
2015-12-14 00:00:00-05:00,60.040000915527344,60.13999938964844,58.61000061035156,59.91999816894531,47.809654235839844,13406100,0.0,0.0
2015-12-15 00:00:00-05:00,60.54999923706055,60.68000030517578,59.970001220703125,59.97999954223633,47.8575325012207,7842100,0.0,0.0
2015-12-16 00:00:00-05:00,60.31999969482422,60.5,59.5099983215332,60.349998474121094,48.152748107910156,9281800,0.0,0.0
2015-12-17 00:00:00-05:00,60.65999984741211,60.83000183105469,59.470001220703125,59.52000045776367,47.49049377441406,9079400,0.0,0.0
2015-12-18 00:00:00-05:00,59.20000076293945,59.5,58.27000045776367,58.619998931884766,46.77239227294922,18099500,0.0,0.0
2015-12-21 00:00:00-05:00,58.88999938964844,59.619998931884766,58.65999984741211,59.540000915527344,47.50645446777344,7187500,0.0,0.0
2015-12-22 00:00:00-05:00,59.939998626708984,60.06999969482422,59.279998779296875,59.9900016784668,47.865516662597656,6501400,0.0,0.0
2015-12-23 00:00:00-05:00,60.2599983215332,60.369998931884766,59.959999084472656,60.34000015258789,48.14476776123047,4510200,0.0,0.0
2015-12-24 00:00:00-05:00,60.369998931884766,60.5099983215332,60.16999816894531,60.31999969482422,48.12881088256836,2204300,0.0,0.0
2015-12-28 00:00:00-05:00,60.02000045776367,60.33000183105469,59.58000183105469,60.189998626708984,48.025081634521484,4437200,0.0,0.0
2015-12-29 00:00:00-05:00,60.459999084472656,61.31999969482422,60.349998474121094,61.130001068115234,48.77510070800781,5477300,0.0,0.0
2015-12-30 00:00:00-05:00,61.220001220703125,61.400001525878906,60.75,60.81999969482422,48.527748107910156,3973900,0.0,0.0
2015-12-31 00:00:00-05:00,60.650001525878906,60.810001373291016,60.02000045776367,60.029998779296875,47.89742660522461,4960900,0.0,0.0
2016-01-04 00:00:00-05:00,58.77000045776367,58.83000183105469,57.599998474121094,58.2599983215332,46.48516082763672,13521500,0.0,0.0
2016-01-05 00:00:00-05:00,58.790000915527344,58.790000915527344,57.97999954223633,58.650001525878906,46.79634094238281,9617800,0.0,0.0
2016-01-06 00:00:00-05:00,57.70000076293945,58.529998779296875,57.63999938964844,58.130001068115234,46.38142776489258,8266300,0.0,0.0
2016-01-07 00:00:00-05:00,56.880001068115234,57.90999984741211,56.15999984741211,56.689998626708984,45.23247146606445,11140900,0.0,0.0
2016-01-08 00:00:00-05:00,57.40999984741211,57.72999954223633,56.529998779296875,56.630001068115234,45.18459701538086,10427000,0.0,0.0
2016-01-11 00:00:00-05:00,57.0,58.119998931884766,56.779998779296875,57.81999969482422,46.13408660888672,10757300,0.0,0.0
2016-01-12 00:00:00-05:00,58.38999938964844,59.529998779296875,58.18000030517578,59.459999084472656,47.44263458251953,12375800,0.0,0.0
2016-01-13 00:00:00-05:00,59.79999923706055,60.0,57.79999923706055,57.869998931884766,46.173973083496094,11303600,0.0,0.0
2016-01-14 00:00:00-05:00,57.5099983215332,59.43000030517578,56.91999816894531,58.97999954223633,47.059627532958984,11444100,0.0,0.0
2016-01-15 00:00:00-05:00,57.06999969482422,58.38999938964844,56.75,58.0,46.27770233154297,15246100,0.0,0.0
2016-01-19 00:00:00-05:00,58.66999816894531,59.38999938964844,58.119998931884766,58.54999923706055,46.7165412902832,12289000,0.0,0.0
2016-01-20 00:00:00-05:00,57.56999969482422,57.959999084472656,54.939998626708984,56.91999816894531,45.41596984863281,22786400,0.0,0.0
2016-01-21 00:00:00-05:00,57.84000015258789,59.380001068115234,57.66999816894531,59.029998779296875,47.09953689575195,20888500,0.0,0.0
2016-01-22 00:00:00-05:00,57.54999923706055,59.400001525878906,57.40999984741211,59.16999816894531,47.21123123168945,32820200,0.0,0.0
2016-01-25 00:00:00-05:00,59.36000061035156,59.380001068115234,57.61000061035156,57.709999084472656,46.04631805419922,13554300,0.0,0.0
2016-01-26 00:00:00-05:00,57.91999816894531,58.869998931884766,57.79999923706055,58.61000061035156,46.7644157409668,8898100,0.0,0.0
2016-01-27 00:00:00-05:00,58.869998931884766,58.959999084472656,57.2599983215332,57.630001068115234,45.98247146606445,12491300,0.0,0.0
2016-01-28 00:00:00-05:00,58.290000915527344,59.41999816894531,58.0,59.290000915527344,47.306983947753906,11832400,0.0,0.0
2016-01-29 00:00:00-05:00,59.779998779296875,60.880001068115234,59.63999938964844,60.77000045776367,48.48786163330078,13224400,0.0,0.0
2016-02-01 00:00:00-05:00,60.65999984741211,61.790000915527344,60.27000045776367,61.400001525878906,48.99053955078125,9529100,0.0,0.0
2016-02-02 00:00:00-05:00,60.65999984741211,60.900001525878906,60.18000030517578,60.70000076293945,48.59029006958008,9407400,0.2,0.0
2016-02-03 00:00:00-05:00,60.880001068115234,61.130001068115234,58.5,59.529998779296875,47.65369415283203,12254500,0.0,0.0
2016-02-04 00:00:00-05:00,59.40999984741211,59.45000076293945,57.9900016784668,58.290000915527344,46.66109848022461,13944900,0.0,0.0
2016-02-05 00:00:00-05:00,58.099998474121094,58.20000076293945,54.25,54.4900016784668,43.61919021606445,24529000,0.0,0.0
2016-02-08 00:00:00-05:00,53.09000015258789,54.470001220703125,52.630001068115234,54.13999938964844,43.339012145996094,21457500,0.0,0.0
2016-02-09 00:00:00-05:00,53.189998626708984,55.290000915527344,53.16999816894531,54.41999816894531,43.563148498535156,11605100,0.0,0.0
2016-02-10 00:00:00-05:00,55.279998779296875,56.349998474121094,55.0099983215332,55.13999938964844,44.13950729370117,11663900,0.0,0.0
2016-02-11 00:00:00-05:00,53.88999938964844,55.38999938964844,53.54999923706055,54.91999816894531,43.963401794433594,12106100,0.0,0.0
2016-02-12 00:00:00-05:00,55.560001373291016,56.040000915527344,55.040000915527344,55.86000061035156,44.71586608886719,8680200,0.0,0.0
2016-02-16 00:00:00-05:00,56.790000915527344,56.849998474121094,55.97999954223633,56.40999984741211,45.156150817871094,11594800,0.0,0.0
2016-02-17 00:00:00-05:00,56.70000076293945,57.65999984741211,56.15999984741211,57.630001068115234,46.132747650146484,11955200,0.0,0.0
2016-02-18 00:00:00-05:00,57.56999969482422,57.56999969482422,56.66999816894531,56.959999084472656,45.59642028808594,8494000,0.0,0.0
2016-02-19 00:00:00-05:00,56.91999816894531,57.86000061035156,56.52000045776367,57.66999816894531,46.16477584838867,9033600,0.0,0.0
2016-02-22 00:00:00-05:00,58.630001068115234,58.95000076293945,58.16999816894531,58.869998931884766,47.12538528442383,8390700,0.0,0.0
2016-02-23 00:00:00-05:00,58.45000076293945,58.900001525878906,58.0,58.459999084472656,46.79716873168945,7064100,0.0,0.0
2016-02-24 00:00:00-05:00,57.209999084472656,58.349998474121094,56.279998779296875,58.11000061035156,46.516990661621094,10780900,0.0,0.0
2016-02-25 00:00:00-05:00,58.459999084472656,58.75,58.0,58.75,47.0293083190918,6262100,0.0,0.0
2016-02-26 00:00:00-05:00,59.0,59.209999084472656,57.91999816894531,58.34000015258789,46.701114654541016,7473400,0.0,0.0
2016-02-29 00:00:00-05:00,58.25,59.150001525878906,58.099998474121094,58.209999084472656,46.59703826904297,7645100,0.0,0.0
2016-03-01 00:00:00-05:00,58.77000045776367,60.20000076293945,58.5,60.040000915527344,48.06195831298828,9183600,0.0,0.0
2016-03-02 00:00:00-05:00,59.83000183105469,60.0,58.83000183105469,59.560001373291016,47.67771530151367,8856400,0.0,0.0
2016-03-03 00:00:00-05:00,59.119998931884766,59.20000076293945,58.20000076293945,59.040000915527344,47.2614631652832,8261900,0.0,0.0
2016-03-04 00:00:00-05:00,59.13999938964844,59.189998626708984,58.22999954223633,58.70000076293945,46.98927307128906,8344800,0.0,0.0
2016-03-07 00:00:00-05:00,58.439998626708984,58.66999816894531,57.310001373291016,58.0,46.42893981933594,9199100,0.0,0.0
2016-03-08 00:00:00-05:00,57.58000183105469,58.22999954223633,57.2599983215332,57.599998474121094,46.10873794555664,8127400,0.0,0.0
2016-03-09 00:00:00-05:00,57.779998779296875,57.970001220703125,56.790000915527344,57.06999969482422,45.684478759765625,9734600,0.0,0.0
2016-03-10 00:00:00-05:00,57.5099983215332,57.86000061035156,56.91999816894531,57.52000045776367,46.04469680786133,7014500,0.0,0.0
2016-03-11 00:00:00-05:00,58.099998474121094,58.099998474121094,56.56999969482422,57.59000015258789,46.100738525390625,15497600,0.0,0.0
2016-03-14 00:00:00-04:00,57.58000183105469,58.779998779296875,57.5,58.650001525878906,46.94926452636719,9053300,0.0,0.0
2016-03-15 00:00:00-04:00,58.31999969482422,59.15999984741211,58.16999816894531,59.08000183105469,47.29348373413086,7428500,0.0,0.0
2016-03-16 00:00:00-04:00,58.650001525878906,59.81999969482422,58.650001525878906,59.66999816894531,47.76576614379883,8069400,0.0,0.0
2016-03-17 00:00:00-04:00,59.470001220703125,59.97999954223633,59.369998931884766,59.54999923706055,47.669715881347656,7734700,0.0,0.0
2016-03-18 00:00:00-04:00,59.90999984741211,60.45000076293945,59.43000030517578,59.70000076293945,47.78978729248047,14313600,0.0,0.0
2016-03-21 00:00:00-04:00,59.560001373291016,59.86000061035156,59.02000045776367,59.099998474121094,47.309478759765625,6487200,0.0,0.0
2016-03-22 00:00:00-04:00,59.0,59.54999923706055,58.56999969482422,59.380001068115234,47.53362274169922,8246800,0.0,0.0
2016-03-23 00:00:00-04:00,59.13999938964844,59.400001525878906,58.689998626708984,58.83000183105469,47.09334945678711,5794500,0.0,0.0
2016-03-24 00:00:00-04:00,58.70000076293945,58.790000915527344,58.279998779296875,58.36000061035156,46.71712112426758,5948300,0.0,0.0
2016-03-28 00:00:00-04:00,58.560001373291016,59.470001220703125,58.400001525878906,58.959999084472656,47.197425842285156,5791600,0.0,0.0
2016-03-29 00:00:00-04:00,58.81999969482422,59.7400016784668,58.81999969482422,59.54999923706055,47.669715881347656,6031400,0.0,0.0
2016-03-30 00:00:00-04:00,60.0,60.2599983215332,59.5099983215332,60.0099983215332,48.037940979003906,5723500,0.0,0.0
2016-03-31 00:00:00-04:00,59.77000045776367,60.209999084472656,59.68000030517578,59.70000076293945,47.78978729248047,5622800,0.0,0.0
2016-04-01 00:00:00-04:00,59.61000061035156,61.16999816894531,59.40999984741211,61.02000045776367,48.846458435058594,9401100,0.0,0.0
2016-04-04 00:00:00-04:00,61.099998474121094,61.18000030517578,60.08000183105469,60.25,48.23005676269531,5799900,0.0,0.0
2016-04-05 00:00:00-04:00,59.880001068115234,60.22999954223633,59.439998626708984,60.040000915527344,48.06195831298828,4994800,0.0,0.0
2016-04-06 00:00:00-04:00,60.02000045776367,60.90999984741211,59.90999984741211,60.83000183105469,48.69435119628906,5667300,0.0,0.0
2016-04-07 00:00:00-04:00,60.59000015258789,61.540000915527344,60.540000915527344,61.16999816894531,48.96650695800781,8239200,0.0,0.0
2016-04-08 00:00:00-04:00,61.5,61.63999938964844,60.70000076293945,61.040000915527344,48.862464904785156,5064900,0.0,0.0
2016-04-11 00:00:00-04:00,61.220001220703125,61.5,60.779998779296875,60.900001525878906,48.75038528442383,6103400,0.0,0.0
2016-04-12 00:00:00-04:00,58.95000076293945,59.68000030517578,58.369998931884766,59.5,47.629695892333984,17565800,0.0,0.0
2016-04-13 00:00:00-04:00,60.31999969482422,61.08000183105469,59.75,60.209999084472656,48.19804382324219,9898500,0.0,0.0
2016-04-14 00:00:00-04:00,60.2599983215332,60.400001525878906,59.90999984741211,60.130001068115234,48.13400650024414,5157400,0.0,0.0
2016-04-15 00:00:00-04:00,60.2400016784668,60.619998931884766,60.0099983215332,60.5099983215332,48.43819046020508,5965300,0.0,0.0
2016-04-18 00:00:00-04:00,60.689998626708984,61.06999969482422,60.36000061035156,60.88999938964844,48.74237823486328,7228600,0.0,0.0
2016-04-19 00:00:00-04:00,61.15999984741211,61.25,60.47999954223633,60.900001525878906,48.75038528442383,7283600,0.0,0.0
2016-04-20 00:00:00-04:00,61.040000915527344,61.43000030517578,60.849998474121094,60.900001525878906,48.75038528442383,5558800,0.0,0.0
2016-04-21 00:00:00-04:00,60.900001525878906,61.099998474121094,60.47999954223633,60.63999938964844,48.54225158691406,12799100,0.0,0.0
2016-04-22 00:00:00-04:00,59.0099983215332,59.099998474121094,57.029998779296875,57.68000030517578,46.17277526855469,29836700,0.0,0.0
2016-04-25 00:00:00-04:00,57.619998931884766,57.959999084472656,57.58000183105469,57.77000045776367,46.24482727050781,8428000,0.0,0.0
2016-04-26 00:00:00-04:00,58.04999923706055,58.66999816894531,57.560001373291016,57.720001220703125,46.204803466796875,8839100,0.0,0.0
2016-04-27 00:00:00-04:00,57.5099983215332,57.650001525878906,56.619998931884766,56.900001525878906,45.54838943481445,12390800,0.0,0.0
2016-04-28 00:00:00-04:00,56.59000015258789,57.36000061035156,56.31999969482422,56.41999816894531,45.164146423339844,9196600,0.0,0.0
2016-04-29 00:00:00-04:00,56.02000045776367,56.43000030517578,55.290000915527344,56.22999954223633,45.012062072753906,12133400,0.0,0.0
2016-05-02 00:00:00-04:00,56.290000915527344,57.369998931884766,56.11000061035156,57.36000061035156,45.916622161865234,8616200,0.0,0.0
2016-05-03 00:00:00-04:00,56.70000076293945,57.060001373291016,56.13999938964844,56.25,45.18561553955078,7854300,0.2,0.0
2016-05-04 00:00:00-04:00,55.97999954223633,56.650001525878906,55.79999923706055,56.38999938964844,45.298072814941406,6508500,0.0,0.0
2016-05-05 00:00:00-04:00,56.369998931884766,56.77000045776367,56.0099983215332,56.25,45.18561553955078,6215400,0.0,0.0
2016-05-06 00:00:00-04:00,55.959999084472656,56.31999969482422,55.380001068115234,56.310001373291016,45.23382568359375,6378700,0.0,0.0
2016-05-09 00:00:00-04:00,56.31999969482422,56.93000030517578,56.22999954223633,56.63999938964844,45.4989013671875,5976200,0.0,0.0
2016-05-10 00:00:00-04:00,56.849998474121094,57.599998474121094,56.709999084472656,57.4900016784668,46.181697845458984,7931200,0.0,0.0
2016-05-11 00:00:00-04:00,57.130001068115234,57.38999938964844,56.09000015258789,56.22999954223633,45.1695556640625,8118900,0.0,0.0
2016-05-12 00:00:00-04:00,56.56999969482422,56.790000915527344,55.81999969482422,56.29999923706055,45.22578048706055,6870300,0.0,0.0
2016-05-13 00:00:00-04:00,56.43000030517578,56.599998474121094,55.72999954223633,55.81999969482422,44.84019088745117,5466000,0.0,0.0
2016-05-16 00:00:00-04:00,55.70000076293945,55.77000045776367,55.20000076293945,55.529998779296875,44.607242584228516,9536200,0.0,0.0
2016-05-17 00:00:00-04:00,55.380001068115234,55.63999938964844,54.5099983215332,54.880001068115234,44.085105895996094,10530000,0.0,0.0
2016-05-18 00:00:00-04:00,54.7599983215332,55.16999816894531,54.380001068115234,54.79999923706055,44.02083206176758,7455200,0.0,0.0
2016-05-19 00:00:00-04:00,54.43000030517578,54.619998931884766,54.189998626708984,54.54999923706055,43.820003509521484,7582800,0.0,0.0
2016-05-20 00:00:00-04:00,54.880001068115234,55.369998931884766,54.58000183105469,54.619998931884766,43.8762321472168,8430800,0.0,0.0
2016-05-23 00:00:00-04:00,54.619998931884766,54.81999969482422,54.290000915527344,54.599998474121094,43.86016845703125,7352100,0.0,0.0
2016-05-24 00:00:00-04:00,54.7400016784668,55.619998931884766,54.68000030517578,55.439998626708984,44.53493881225586,7748700,0.0,0.0
2016-05-25 00:00:00-04:00,55.20000076293945,55.459999084472656,54.95000076293945,55.150001525878906,44.30198669433594,8115500,0.0,0.0
2016-05-26 00:00:00-04:00,55.54999923706055,55.869998931884766,54.95000076293945,55.290000915527344,44.414451599121094,9451700,0.0,0.0
2016-05-27 00:00:00-04:00,55.36000061035156,55.54999923706055,55.099998474121094,55.150001525878906,44.30198669433594,6631100,0.0,0.0
2016-05-31 00:00:00-04:00,55.5,55.5,54.70000076293945,54.88999938964844,44.09313201904297,12044000,0.0,0.0
2016-06-01 00:00:00-04:00,54.7599983215332,55.4900016784668,54.720001220703125,54.81999969482422,44.036895751953125,8761600,0.0,0.0
2016-06-02 00:00:00-04:00,54.900001525878906,55.0,54.459999084472656,54.619998931884766,43.8762321472168,8307500,0.0,0.0
2016-06-03 00:00:00-04:00,54.709999084472656,55.08000183105469,54.400001525878906,54.61000061035156,43.868202209472656,6649200,0.0,0.0
2016-06-06 00:00:00-04:00,54.720001220703125,55.869998931884766,54.689998626708984,55.59000015258789,44.65544509887695,9900900,0.0,0.0
2016-06-07 00:00:00-04:00,55.650001525878906,56.099998474121094,55.279998779296875,55.29999923706055,44.4224739074707,7173100,0.0,0.0
2016-06-08 00:00:00-04:00,55.5,55.5,54.900001525878906,55.220001220703125,44.35822677612305,7623900,0.0,0.0
2016-06-09 00:00:00-04:00,55.150001525878906,55.61000061035156,55.060001373291016,55.58000183105469,44.64740753173828,5927900,0.0,0.0
2016-06-10 00:00:00-04:00,54.91999816894531,55.20000076293945,54.5,54.869998931884766,44.077056884765625,8118700,0.0,0.0
2016-06-13 00:00:00-04:00,54.790000915527344,55.599998474121094,54.7599983215332,55.040000915527344,44.2136344909668,7908400,0.0,0.0
2016-06-14 00:00:00-04:00,55.04999923706055,55.58000183105469,55.0099983215332,55.56999969482422,44.63938522338867,8036500,0.0,0.0
2016-06-15 00:00:00-04:00,55.63999938964844,56.09000015258789,55.27000045776367,55.349998474121094,44.462642669677734,7447300,0.0,0.0
2016-06-16 00:00:00-04:00,54.900001525878906,55.59000015258789,54.40999984741211,55.529998779296875,44.607242584228516,7968000,0.0,0.0
2016-06-17 00:00:00-04:00,55.61000061035156,55.619998931884766,55.040000915527344,55.310001373291016,44.430511474609375,9503000,0.0,0.0
2016-06-20 00:00:00-04:00,55.77000045776367,56.279998779296875,55.380001068115234,55.380001068115234,44.48674392700195,7286700,0.0,0.0
2016-06-21 00:00:00-04:00,55.52000045776367,56.029998779296875,55.45000076293945,55.810001373291016,44.8321647644043,7445100,0.0,0.0
2016-06-22 00:00:00-04:00,55.880001068115234,55.97999954223633,55.4900016784668,55.61000061035156,44.67150115966797,7215400,0.0,0.0
2016-06-23 00:00:00-04:00,55.97999954223633,56.20000076293945,55.900001525878906,56.130001068115234,45.08921432495117,5569400,0.0,0.0
2016-06-24 00:00:00-04:00,54.04999923706055,55.56999969482422,54.0099983215332,54.68000030517578,43.92443084716797,14654700,0.0,0.0
2016-06-27 00:00:00-04:00,54.20000076293945,54.47999954223633,53.40999984741211,53.689998626708984,43.12915802001953,11631900,0.0,0.0
2016-06-28 00:00:00-04:00,54.099998474121094,54.900001525878906,53.95000076293945,54.849998474121094,44.06098937988281,8417000,0.0,0.0
2016-06-29 00:00:00-04:00,55.41999816894531,56.95000076293945,55.36000061035156,56.7400016784668,45.57923889160156,11103800,0.0,0.0
2016-06-30 00:00:00-04:00,56.810001373291016,57.189998626708984,56.52000045776367,57.119998931884766,45.88447570800781,10215200,0.0,0.0
2016-07-01 00:00:00-04:00,57.040000915527344,57.36000061035156,56.849998474121094,56.9900016784668,45.780067443847656,8330300,0.0,0.0
2016-07-05 00:00:00-04:00,56.810001373291016,56.959999084472656,56.54999923706055,56.77000045776367,45.60333251953125,7274200,0.0,0.0
2016-07-06 00:00:00-04:00,56.52000045776367,57.11000061035156,56.31999969482422,56.75,45.58725357055664,8474200,0.0,0.0
2016-07-07 00:00:00-04:00,56.65999984741211,57.0,56.470001220703125,56.90999984741211,45.715789794921875,6813300,0.0,0.0
2016-07-08 00:00:00-04:00,56.91999816894531,57.0,56.36000061035156,56.5099983215332,45.39447021484375,12655500,0.0,0.0
2016-07-11 00:00:00-04:00,56.79999923706055,56.91999816894531,56.060001373291016,56.31999969482422,45.24184799194336,10394400,0.0,0.0
2016-07-12 00:00:00-04:00,56.650001525878906,57.599998474121094,56.5099983215332,57.47999954223633,46.173675537109375,10998500,0.0,0.0
2016-07-13 00:00:00-04:00,56.79999923706055,57.2599983215332,56.349998474121094,56.47999954223633,45.3703727722168,12183600,0.0,0.0
2016-07-14 00:00:00-04:00,57.0,57.68000030517578,56.970001220703125,57.59000015258789,46.26203536987305,11353600,0.0,0.0
2016-07-15 00:00:00-04:00,57.689998626708984,57.7400016784668,57.130001068115234,57.40999984741211,46.11744689941406,8494000,0.0,0.0
2016-07-18 00:00:00-04:00,57.59000015258789,57.59000015258789,56.849998474121094,56.91999816894531,45.72382354736328,7614600,0.0,0.0
2016-07-19 00:00:00-04:00,56.849998474121094,57.13999938964844,56.54999923706055,56.7599983215332,45.595306396484375,8719800,0.0,0.0
2016-07-20 00:00:00-04:00,57.0,57.65999984741211,56.709999084472656,57.540000915527344,46.22187042236328,9446400,0.0,0.0
2016-07-21 00:00:00-04:00,57.619998931884766,57.66999816894531,57.040000915527344,57.599998474121094,46.27005386352539,16151700,0.0,0.0
2016-07-22 00:00:00-04:00,57.599998474121094,58.2400016784668,57.20000076293945,57.900001525878906,46.51106643676758,23899300,0.0,0.0
2016-07-25 00:00:00-04:00,57.720001220703125,58.09000015258789,57.5,57.95000076293945,46.55121994018555,10486000,0.0,0.0
2016-07-26 00:00:00-04:00,58.58000183105469,58.84000015258789,58.20000076293945,58.310001373291016,46.840423583984375,10106700,0.0,0.0
2016-07-27 00:00:00-04:00,58.380001068115234,58.400001525878906,57.66999816894531,57.849998474121094,46.47089385986328,6551800,0.0,0.0
2016-07-28 00:00:00-04:00,57.880001068115234,58.310001373291016,57.7400016784668,58.209999084472656,46.76007843017578,6830100,0.0,0.0
2016-07-29 00:00:00-04:00,58.18000030517578,58.43000030517578,57.91999816894531,58.04999923706055,46.63154983520508,6914900,0.0,0.0
2016-08-01 00:00:00-04:00,58.0,58.04999923706055,57.43000030517578,57.630001068115234,46.29416275024414,7997600,0.0,0.0
2016-08-02 00:00:00-04:00,57.25,57.34000015258789,56.540000915527344,56.72999954223633,45.72991180419922,7574600,0.2,0.0
2016-08-03 00:00:00-04:00,56.459999084472656,56.59000015258789,55.720001220703125,55.939998626708984,45.09307098388672,11484800,0.0,0.0
2016-08-04 00:00:00-04:00,56.04999923706055,56.290000915527344,55.380001068115234,55.41999816894531,44.673912048339844,11193700,0.0,0.0
2016-08-05 00:00:00-04:00,55.79999923706055,56.119998931884766,55.52000045776367,55.900001525878906,45.06083297729492,9206200,0.0,0.0
2016-08-08 00:00:00-04:00,55.970001220703125,55.9900016784668,55.16999816894531,55.36000061035156,44.625545501708984,9129300,0.0,0.0
2016-08-09 00:00:00-04:00,55.38999938964844,55.709999084472656,55.18000030517578,55.20000076293945,44.49658203125,7136700,0.0,0.0
2016-08-10 00:00:00-04:00,55.369998931884766,55.709999084472656,55.11000061035156,55.619998931884766,44.83512496948242,6991100,0.0,0.0
2016-08-11 00:00:00-04:00,55.75,55.959999084472656,55.459999084472656,55.470001220703125,44.714210510253906,6191400,0.0,0.0
2016-08-12 00:00:00-04:00,55.27000045776367,55.75,55.22999954223633,55.470001220703125,44.714210510253906,5039800,0.0,0.0
2016-08-15 00:00:00-04:00,55.650001525878906,55.70000076293945,55.18000030517578,55.25,44.53688049316406,5968700,0.0,0.0
2016-08-16 00:00:00-04:00,55.25,55.56999969482422,54.91999816894531,55.369998931884766,44.63361358642578,5750900,0.0,0.0
2016-08-17 00:00:00-04:00,55.77000045776367,55.91999816894531,55.43000030517578,55.79999923706055,44.98023223876953,7410600,0.0,0.0
2016-08-18 00:00:00-04:00,55.779998779296875,55.900001525878906,55.4900016784668,55.529998779296875,44.76258850097656,5390800,0.0,0.0
2016-08-19 00:00:00-04:00,55.459999084472656,55.560001373291016,54.849998474121094,54.939998626708984,44.286983489990234,8981200,0.0,0.0
2016-08-22 00:00:00-04:00,54.97999954223633,55.91999816894531,54.95000076293945,55.849998474121094,45.02052688598633,8837800,0.0,0.0
2016-08-23 00:00:00-04:00,56.16999816894531,56.540000915527344,56.0,56.400001525878906,45.46389389038086,7827900,0.0,0.0
2016-08-24 00:00:00-04:00,57.0,57.97999954223633,56.95000076293945,57.09000015258789,46.020084381103516,13200500,0.0,0.0
2016-08-25 00:00:00-04:00,57.040000915527344,57.45000076293945,56.900001525878906,57.290000915527344,46.181312561035156,6686600,0.0,0.0
2016-08-26 00:00:00-04:00,57.47999954223633,57.83000183105469,57.0,57.290000915527344,46.181312561035156,6940500,0.0,0.0
2016-08-29 00:00:00-04:00,57.220001220703125,57.47999954223633,56.61000061035156,56.79999923706055,45.78632354736328,7026700,0.0,0.0
2016-08-30 00:00:00-04:00,56.65999984741211,56.75,56.0099983215332,56.400001525878906,45.46389389038086,6377700,0.0,0.0
2016-08-31 00:00:00-04:00,56.310001373291016,56.41999816894531,55.90999984741211,56.22999954223633,45.32685852050781,6996900,0.0,0.0
2016-09-01 00:00:00-04:00,56.29999923706055,56.560001373291016,55.83000183105469,56.310001373291016,45.391357421875,6230100,0.0,0.0
2016-09-02 00:00:00-04:00,56.52000045776367,56.650001525878906,55.9900016784668,56.18000030517578,45.286556243896484,7441500,0.0,0.0
2016-09-06 00:00:00-04:00,56.18000030517578,56.41999816894531,55.689998626708984,56.02000045776367,45.1575813293457,6472900,0.0,0.0
2016-09-07 00:00:00-04:00,56.189998626708984,56.599998474121094,56.119998931884766,56.31999969482422,45.3994026184082,11428600,0.0,0.0
2016-09-08 00:00:00-04:00,56.099998474121094,56.150001525878906,55.20000076293945,55.29999923706055,44.57717514038086,12673600,0.0,0.0
2016-09-09 00:00:00-04:00,55.13999938964844,55.20000076293945,54.29999923706055,54.349998474121094,43.8113899230957,10658100,0.0,0.0
2016-09-12 00:00:00-04:00,53.91999816894531,54.790000915527344,53.91999816894531,54.709999084472656,44.101585388183594,11002500,0.0,0.0
2016-09-13 00:00:00-04:00,54.38999938964844,54.54999923706055,53.75,53.97999954223633,43.51314163208008,10050200,0.0,0.0
2016-09-14 00:00:00-04:00,54.2599983215332,54.349998474121094,53.79999923706055,53.900001525878906,43.44865036010742,6688400,0.0,0.0
2016-09-15 00:00:00-04:00,53.959999084472656,54.130001068115234,53.540000915527344,54.11000061035156,43.6179313659668,8076800,0.0,0.0
2016-09-16 00:00:00-04:00,53.939998626708984,54.09000015258789,53.40999984741211,53.7400016784668,43.31966781616211,10207800,0.0,0.0
2016-09-19 00:00:00-04:00,53.959999084472656,53.970001220703125,52.900001525878906,53.0099983215332,42.73122024536133,9231600,0.0,0.0
2016-09-20 00:00:00-04:00,53.400001525878906,53.439998626708984,53.04999923706055,53.29999923706055,42.964988708496094,8731500,0.0,0.0
2016-09-21 00:00:00-04:00,53.43000030517578,54.029998779296875,53.279998779296875,53.97999954223633,43.51314163208008,9213600,0.0,0.0
2016-09-22 00:00:00-04:00,54.20000076293945,54.599998474121094,53.970001220703125,54.38999938964844,43.84363555908203,9096700,0.0,0.0
2016-09-23 00:00:00-04:00,54.0,54.560001373291016,54.0,54.43000030517578,43.875885009765625,6945100,0.0,0.0
2016-09-26 00:00:00-04:00,54.279998779296875,54.34000015258789,53.86000061035156,54.040000915527344,43.561500549316406,7755600,0.0,0.0
2016-09-27 00:00:00-04:00,54.0,54.209999084472656,53.81999969482422,54.189998626708984,43.682403564453125,6463700,0.0,0.0
2016-09-28 00:00:00-04:00,53.880001068115234,54.08000183105469,53.529998779296875,53.97999954223633,43.51314163208008,8593500,0.0,0.0
2016-09-29 00:00:00-04:00,53.880001068115234,54.0,52.90999984741211,53.45000076293945,43.08590316772461,11993500,0.0,0.0
2016-09-30 00:00:00-04:00,53.650001525878906,54.38999938964844,53.560001373291016,54.13999938964844,43.64211654663086,13767800,0.0,0.0
2016-10-03 00:00:00-04:00,54.099998474121094,54.150001525878906,53.66999816894531,53.84000015258789,43.4002685546875,5478600,0.0,0.0
2016-10-04 00:00:00-04:00,54.130001068115234,54.130001068115234,53.40999984741211,53.529998779296875,43.15038299560547,6176400,0.0,0.0
2016-10-05 00:00:00-04:00,53.5,53.7599983215332,53.279998779296875,53.349998474121094,43.005287170410156,7451400,0.0,0.0
2016-10-06 00:00:00-04:00,53.29999923706055,53.47999954223633,53.029998779296875,53.13999938964844,42.83600997924805,6130300,0.0,0.0
2016-10-07 00:00:00-04:00,53.369998931884766,53.61000061035156,53.0,53.459999084472656,43.093971252441406,7279700,0.0,0.0
2016-10-10 00:00:00-04:00,53.529998779296875,53.599998474121094,53.27000045776367,53.29999923706055,42.964988708496094,7224300,0.0,0.0
2016-10-11 00:00:00-04:00,53.130001068115234,53.400001525878906,52.7400016784668,52.91999816894531,42.65867233276367,9720400,0.0,0.0
2016-10-12 00:00:00-04:00,53.0099983215332,53.470001220703125,52.779998779296875,53.15999984741211,42.85213851928711,6320500,0.0,0.0
2016-10-13 00:00:00-04:00,52.880001068115234,53.130001068115234,52.66999816894531,52.95000076293945,42.68285369873047,6958100,0.0,0.0
2016-10-14 00:00:00-04:00,53.119998931884766,53.369998931884766,52.959999084472656,53.08000183105469,42.78764724731445,6430100,0.0,0.0
2016-10-17 00:00:00-04:00,52.939998626708984,53.150001525878906,52.689998626708984,52.7599983215332,42.52967834472656,5223500,0.0,0.0
2016-10-18 00:00:00-04:00,53.2400016784668,53.31999969482422,52.59000015258789,52.61000061035156,42.40877914428711,6550400,0.0,0.0
2016-10-19 00:00:00-04:00,52.90999984741211,53.7400016784668,52.900001525878906,53.150001525878906,42.844085693359375,9095300,0.0,0.0
2016-10-20 00:00:00-04:00,53.36000061035156,53.7400016784668,52.90999984741211,53.59000015258789,43.19874954223633,9286800,0.0,0.0
2016-10-21 00:00:00-04:00,53.41999816894531,53.70000076293945,53.25,53.630001068115234,43.23099899291992,6767200,0.0,0.0
2016-10-24 00:00:00-04:00,53.900001525878906,54.459999084472656,53.88999938964844,54.18000030517578,43.674354553222656,6919700,0.0,0.0
2016-10-25 00:00:00-04:00,54.099998474121094,54.16999816894531,53.5,53.66999816894531,43.26324462890625,6052800,0.0,0.0
2016-10-26 00:00:00-04:00,53.599998474121094,53.84000015258789,53.36000061035156,53.630001068115234,43.23099899291992,5817800,0.0,0.0
2016-10-27 00:00:00-04:00,53.599998474121094,53.83000183105469,53.130001068115234,53.59000015258789,43.19874954223633,7900000,0.0,0.0
2016-10-28 00:00:00-04:00,53.650001525878906,53.84000015258789,53.11000061035156,53.529998779296875,43.15038299560547,6620300,0.0,0.0
2016-10-31 00:00:00-04:00,53.70000076293945,53.70000076293945,53.060001373291016,53.06999969482422,42.77958297729492,9142500,0.0,0.0
2016-11-01 00:00:00-04:00,53.13999938964844,53.209999084472656,52.09000015258789,52.5,42.32011413574219,15425800,0.0,0.0
2016-11-02 00:00:00-04:00,52.34000015258789,53.459999084472656,52.310001373291016,52.97999954223633,42.70704650878906,10851700,0.0,0.0
2016-11-03 00:00:00-04:00,52.9900016784668,53.0,51.34000015258789,51.77000045776367,41.731666564941406,21847300,0.0,0.0
2016-11-04 00:00:00-04:00,51.43000030517578,53.7400016784668,50.84000015258789,52.75,42.52163314819336,21956800,0.0,0.0
2016-11-07 00:00:00-05:00,53.5,54.68000030517578,53.189998626708984,54.4900016784668,43.92424011230469,14916800,0.0,0.0
2016-11-08 00:00:00-05:00,54.400001525878906,54.790000915527344,54.119998931884766,54.619998931884766,44.029029846191406,9352000,0.0,0.0
2016-11-09 00:00:00-05:00,53.20000076293945,54.81999969482422,52.79999923706055,54.58000183105469,43.99679183959961,13727800,0.0,0.0
2016-11-10 00:00:00-05:00,54.63999938964844,54.81999969482422,53.5099983215332,53.56999969482422,43.18263244628906,13621700,0.0,0.0
2016-11-11 00:00:00-05:00,53.43000030517578,53.9900016784668,53.25,53.93000030517578,43.47283935546875,8436400,0.0,0.0
2016-11-14 00:00:00-05:00,53.93000030517578,54.470001220703125,53.5,54.220001220703125,43.70660400390625,10489800,0.0,0.0
2016-11-15 00:00:00-05:00,54.09000015258789,54.689998626708984,53.900001525878906,54.59000015258789,44.20869064331055,9588000,0.25,0.0
2016-11-16 00:00:00-05:00,54.33000183105469,55.52000045776367,54.2599983215332,55.439998626708984,44.89705276489258,10779200,0.0,0.0
2016-11-17 00:00:00-05:00,55.220001220703125,55.900001525878906,55.060001373291016,55.849998474121094,45.22908401489258,8744500,0.0,0.0
2016-11-18 00:00:00-05:00,55.720001220703125,56.119998931884766,55.41999816894531,55.77000045776367,45.164302825927734,8741000,0.0,0.0
2016-11-21 00:00:00-05:00,55.5099983215332,56.15999984741211,55.5099983215332,56.099998474121094,45.43154525756836,8004000,0.0,0.0
2016-11-22 00:00:00-05:00,56.31999969482422,57.150001525878906,55.880001068115234,57.119998931884766,46.2575569152832,10268700,0.0,0.0
2016-11-23 00:00:00-05:00,56.90999984741211,57.63999938964844,56.900001525878906,57.59000015258789,46.63818359375,8183600,0.0,0.0
2016-11-25 00:00:00-05:00,57.70000076293945,57.70000076293945,57.2599983215332,57.43000030517578,46.50861740112305,3228800,0.0,0.0
2016-11-28 00:00:00-05:00,57.0,57.86000061035156,56.7599983215332,57.59000015258789,46.63818359375,8750900,0.0,0.0
2016-11-29 00:00:00-05:00,57.63999938964844,58.209999084472656,57.5,58.16999816894531,47.107879638671875,10582900,0.0,0.0
2016-11-30 00:00:00-05:00,58.189998626708984,58.25,57.86000061035156,57.970001220703125,46.945919036865234,9528000,0.0,0.0
2016-12-01 00:00:00-05:00,57.34000015258789,58.52000045776367,57.20000076293945,58.5099983215332,47.38323211669922,12381600,0.0,0.0
2016-12-02 00:00:00-05:00,56.650001525878906,57.75,56.56999969482422,57.209999084472656,46.3304443359375,16870000,0.0,0.0
2016-12-05 00:00:00-05:00,56.959999084472656,57.84000015258789,56.959999084472656,57.5,46.56529998779297,7701200,0.0,0.0
2016-12-06 00:00:00-05:00,57.65999984741211,57.70000076293945,57.13999938964844,57.439998626708984,46.5167121887207,7035700,0.0,0.0
2016-12-07 00:00:00-05:00,57.540000915527344,58.849998474121094,57.45000076293945,58.7599983215332,47.5856819152832,9094800,0.0,0.0
2016-12-08 00:00:00-05:00,59.0,59.25,58.40999984741211,58.650001525878906,47.49659729003906,7972500,0.0,0.0
2016-12-09 00:00:00-05:00,58.91999816894531,58.95000076293945,58.43000030517578,58.75,47.57759094238281,7091300,0.0,0.0
2016-12-12 00:00:00-05:00,58.540000915527344,58.790000915527344,58.34000015258789,58.77000045776367,47.59378433227539,7736200,0.0,0.0
2016-12-13 00:00:00-05:00,58.9900016784668,59.540000915527344,58.65999984741211,59.310001373291016,48.031097412109375,8878100,0.0,0.0
2016-12-14 00:00:00-05:00,59.029998779296875,59.25,58.599998474121094,58.75,47.57759094238281,9022900,0.0,0.0
2016-12-15 00:00:00-05:00,57.970001220703125,58.209999084472656,57.52000045776367,57.709999084472656,46.73536682128906,11837800,0.0,0.0
2016-12-16 00:00:00-05:00,58.0099983215332,58.06999969482422,57.560001373291016,57.65999984741211,46.69487380981445,10611500,0.0,0.0
2016-12-19 00:00:00-05:00,57.439998626708984,57.97999954223633,57.439998626708984,57.650001525878906,46.686767578125,6433800,0.0,0.0
2016-12-20 00:00:00-05:00,57.810001373291016,58.060001373291016,57.31999969482422,57.70000076293945,46.727272033691406,4888300,0.0,0.0
2016-12-21 00:00:00-05:00,57.5,57.869998931884766,57.40999984741211,57.439998626708984,46.5167121887207,5380500,0.0,0.0
2016-12-22 00:00:00-05:00,57.310001373291016,57.400001525878906,56.720001220703125,57.11000061035156,46.249454498291016,6777700,0.0,0.0
2016-12-23 00:00:00-05:00,57.290000915527344,57.36000061035156,56.88999938964844,57.0099983215332,46.16848373413086,4298500,0.0,0.0
2016-12-27 00:00:00-05:00,56.9900016784668,57.38999938964844,56.810001373291016,56.86000061035156,46.04701232910156,4186200,0.0,0.0
2016-12-28 00:00:00-05:00,56.79999923706055,56.900001525878906,56.25,56.349998474121094,45.63399124145508,5548700,0.0,0.0
2016-12-29 00:00:00-05:00,56.349998474121094,56.470001220703125,56.13999938964844,56.31999969482422,45.60969924926758,3780900,0.0,0.0
2016-12-30 00:00:00-05:00,56.279998779296875,56.45000076293945,55.400001525878906,55.52000045776367,44.96183395385742,8344500,0.0,0.0
2017-01-03 00:00:00-05:00,55.90999984741211,55.95000076293945,55.040000915527344,55.349998474121094,44.824161529541016,7809300,0.0,0.0
2017-01-04 00:00:00-05:00,55.560001373291016,56.20000076293945,55.380001068115234,55.9900016784668,45.34245681762695,7796300,0.0,0.0
2017-01-05 00:00:00-05:00,56.08000183105469,56.529998779296875,55.810001373291016,56.459999084472656,45.723087310791016,7602300,0.0,0.0
2017-01-06 00:00:00-05:00,56.630001068115234,57.27000045776367,56.08000183105469,57.130001068115234,46.26566696166992,8587800,0.0,0.0
2017-01-09 00:00:00-05:00,57.2599983215332,58.34000015258789,57.25,58.20000076293945,47.13218688964844,12640500,0.0,0.0
2017-01-10 00:00:00-05:00,58.220001220703125,58.2599983215332,57.83000183105469,57.880001068115234,46.873023986816406,6671800,0.0,0.0
2017-01-11 00:00:00-05:00,57.79999923706055,58.119998931884766,57.59000015258789,58.099998474121094,47.05119323730469,6028000,0.0,0.0
2017-01-12 00:00:00-05:00,58.0,58.130001068115234,57.63999938964844,58.029998779296875,46.9945182800293,4733000,0.0,0.0
2017-01-13 00:00:00-05:00,58.029998779296875,58.099998474121094,57.650001525878906,57.849998474121094,46.848724365234375,4745600,0.0,0.0
2017-01-17 00:00:00-05:00,57.619998931884766,58.25,57.40999984741211,58.0,46.97021484375,5734700,0.0,0.0
2017-01-18 00:00:00-05:00,58.31999969482422,58.58000183105469,58.029998779296875,58.45000076293945,47.33464050292969,7375700,0.0,0.0
2017-01-19 00:00:00-05:00,58.310001373291016,58.45000076293945,57.720001220703125,57.88999938964844,46.88113784790039,7850500,0.0,0.0
2017-01-20 00:00:00-05:00,58.13999938964844,58.20000076293945,57.40999984741211,57.65999984741211,46.69487380981445,7651600,0.0,0.0
2017-01-23 00:00:00-05:00,57.41999816894531,57.900001525878906,57.150001525878906,57.7599983215332,46.77585983276367,6814400,0.0,0.0
2017-01-24 00:00:00-05:00,57.93000030517578,58.5,57.7599983215332,58.439998626708984,47.326541900634766,10704100,0.0,0.0
2017-01-25 00:00:00-05:00,58.66999816894531,58.93000030517578,58.45000076293945,58.70000076293945,47.5370979309082,7117600,0.0,0.0
2017-01-26 00:00:00-05:00,58.70000076293945,59.0,58.2599983215332,58.459999084472656,47.342735290527344,12382400,0.0,0.0
2017-01-27 00:00:00-05:00,55.75,56.59000015258789,55.650001525878906,56.119998931884766,45.44772720336914,28884900,0.0,0.0
2017-01-30 00:00:00-05:00,56.0,56.2400016784668,55.58000183105469,55.900001525878906,45.269561767578125,13322000,0.0,0.0
2017-01-31 00:00:00-05:00,55.79999923706055,55.869998931884766,54.880001068115234,55.220001220703125,44.71888732910156,14308000,0.0,0.0
2017-02-01 00:00:00-05:00,55.4900016784668,55.5,53.810001373291016,53.900001525878906,43.649925231933594,18796900,0.0,0.0
2017-02-02 00:00:00-05:00,54.040000915527344,54.38999938964844,53.849998474121094,53.869998931884766,43.6256217956543,15289700,0.0,0.0
2017-02-03 00:00:00-05:00,54.209999084472656,55.099998474121094,54.0099983215332,55.060001373291016,44.58930587768555,14161700,0.0,0.0
2017-02-06 00:00:00-05:00,55.0099983215332,55.75,54.900001525878906,55.72999954223633,45.131900787353516,13029800,0.0,0.0
2017-02-07 00:00:00-05:00,55.790000915527344,55.84000015258789,55.18000030517578,55.2400016784668,44.936676025390625,9910500,0.25,0.0
2017-02-08 00:00:00-05:00,55.189998626708984,55.5,55.099998474121094,55.220001220703125,44.92039489746094,11681900,0.0,0.0
2017-02-09 00:00:00-05:00,55.22999954223633,56.119998931884766,55.209999084472656,55.810001373291016,45.40035629272461,11106800,0.0,0.0
2017-02-10 00:00:00-05:00,55.72999954223633,56.400001525878906,55.560001373291016,56.220001220703125,45.73388671875,11179000,0.0,0.0
2017-02-13 00:00:00-05:00,56.5,56.65999984741211,56.029998779296875,56.11000061035156,45.6443977355957,8027900,0.0,0.0
2017-02-14 00:00:00-05:00,56.02000045776367,56.61000061035156,56.02000045776367,56.58000183105469,46.026737213134766,8865900,0.0,0.0
2017-02-15 00:00:00-05:00,56.560001373291016,56.880001068115234,56.310001373291016,56.86000061035156,46.25450897216797,6967200,0.0,0.0
2017-02-16 00:00:00-05:00,56.959999084472656,56.9900016784668,56.529998779296875,56.72999954223633,46.148746490478516,8524500,0.0,0.0
2017-02-17 00:00:00-05:00,56.79999923706055,57.56999969482422,56.709999084472656,57.349998474121094,46.65310287475586,11008400,0.0,0.0
2017-02-21 00:00:00-05:00,57.40999984741211,57.810001373291016,57.400001525878906,57.540000915527344,46.80766677856445,8289200,0.0,0.0
2017-02-22 00:00:00-05:00,57.52000045776367,57.849998474121094,57.349998474121094,57.56999969482422,46.832061767578125,7876600,0.0,0.0
2017-02-23 00:00:00-05:00,57.599998474121094,57.790000915527344,57.38999938964844,57.63999938964844,46.889007568359375,7178600,0.0,0.0
2017-02-24 00:00:00-05:00,57.61000061035156,57.709999084472656,57.150001525878906,57.47999954223633,46.75885772705078,7806200,0.0,0.0
2017-02-27 00:00:00-05:00,57.2400016784668,57.29999923706055,56.65999984741211,56.779998779296875,46.189414978027344,7702400,0.0,0.0
2017-02-28 00:00:00-05:00,56.709999084472656,57.060001373291016,56.54999923706055,56.869998931884766,46.26263427734375,8750700,0.0,0.0
2017-03-01 00:00:00-05:00,57.27000045776367,57.400001525878906,56.939998626708984,57.13999938964844,46.48228454589844,7198000,0.0,0.0
2017-03-02 00:00:00-05:00,57.06999969482422,57.189998626708984,56.849998474121094,57.119998931884766,46.465999603271484,6595400,0.0,0.0
2017-03-03 00:00:00-05:00,56.70000076293945,57.2599983215332,56.70000076293945,57.099998474121094,46.44974136352539,7735900,0.0,0.0
2017-03-06 00:00:00-05:00,56.779998779296875,56.810001373291016,56.33000183105469,56.68000030517578,46.10807418823242,9160000,0.0,0.0
2017-03-07 00:00:00-05:00,56.58000183105469,56.75,56.02000045776367,56.20000076293945,45.71760940551758,10890300,0.0,0.0
2017-03-08 00:00:00-05:00,56.150001525878906,56.349998474121094,55.540000915527344,55.7400016784668,45.34340286254883,13061600,0.0,0.0
2017-03-09 00:00:00-05:00,55.75,55.79999923706055,54.810001373291016,55.189998626708984,44.89598846435547,17844200,0.0,0.0
2017-03-10 00:00:00-05:00,55.38999938964844,55.400001525878906,54.41999816894531,54.529998779296875,44.35908126831055,13886400,0.0,0.0
2017-03-13 00:00:00-04:00,54.56999969482422,54.880001068115234,54.400001525878906,54.630001068115234,44.44046401977539,9090200,0.0,0.0
2017-03-14 00:00:00-04:00,54.619998931884766,54.7400016784668,54.189998626708984,54.27000045776367,44.1475830078125,7892900,0.0,0.0
2017-03-15 00:00:00-04:00,54.38999938964844,54.650001525878906,54.09000015258789,54.540000915527344,44.36723709106445,8712000,0.0,0.0
2017-03-16 00:00:00-04:00,54.849998474121094,54.9900016784668,54.65999984741211,54.79999923706055,44.57872772216797,8074300,0.0,0.0
2017-03-17 00:00:00-04:00,55.040000915527344,56.130001068115234,54.95000076293945,55.779998779296875,45.37594985961914,15822100,0.0,0.0
2017-03-20 00:00:00-04:00,55.869998931884766,56.04999923706055,55.5099983215332,55.810001373291016,45.40035629272461,7948400,0.0,0.0
2017-03-21 00:00:00-04:00,56.04999923706055,56.45000076293945,55.4900016784668,55.540000915527344,45.180702209472656,8030600,0.0,0.0
2017-03-22 00:00:00-04:00,55.68000030517578,56.040000915527344,55.5099983215332,55.88999938964844,45.46542739868164,8452100,0.0,0.0
2017-03-23 00:00:00-04:00,56.150001525878906,56.43000030517578,55.779998779296875,55.849998474121094,45.432891845703125,7357200,0.0,0.0
2017-03-24 00:00:00-04:00,56.11000061035156,57.380001068115234,55.900001525878906,56.810001373291016,46.21383285522461,15763000,0.0,0.0
2017-03-27 00:00:00-04:00,56.65999984741211,57.45000076293945,56.459999084472656,57.22999954223633,46.55549240112305,8861800,0.0,0.0
2017-03-28 00:00:00-04:00,57.099998474121094,57.52000045776367,57.029998779296875,57.349998474121094,46.65310287475586,8331600,0.0,0.0
2017-03-29 00:00:00-04:00,57.16999816894531,57.849998474121094,57.130001068115234,57.540000915527344,46.80766677856445,7001600,0.0,0.0
2017-03-30 00:00:00-04:00,57.45000076293945,58.29999923706055,57.41999816894531,58.15999984741211,47.3120231628418,8677900,0.0,0.0
2017-03-31 00:00:00-04:00,58.11000061035156,58.65999984741211,58.060001373291016,58.38999938964844,47.499122619628906,9156700,0.0,0.0
2017-04-03 00:00:00-04:00,58.279998779296875,58.470001220703125,57.88999938964844,58.439998626708984,47.539794921875,8989000,0.0,0.0
2017-04-04 00:00:00-04:00,58.369998931884766,58.40999984741211,58.0099983215332,58.31999969482422,47.442195892333984,6474800,0.0,0.0
2017-04-05 00:00:00-04:00,57.959999084472656,59.27000045776367,57.810001373291016,58.220001220703125,47.36083221435547,13656200,0.0,0.0
2017-04-06 00:00:00-04:00,58.130001068115234,58.36000061035156,57.72999954223633,57.91999816894531,47.116798400878906,9112500,0.0,0.0
2017-04-07 00:00:00-04:00,57.79999923706055,58.25,57.54999923706055,58.02000045776367,47.198150634765625,6773800,0.0,0.0
2017-04-10 00:00:00-04:00,58.0,58.209999084472656,57.72999954223633,57.95000076293945,47.14118194580078,5266300,0.0,0.0
2017-04-11 00:00:00-04:00,57.7400016784668,58.15999984741211,57.380001068115234,57.880001068115234,47.08423614501953,5855100,0.0,0.0
2017-04-12 00:00:00-04:00,57.880001068115234,57.900001525878906,57.47999954223633,57.58000183105469,46.8402099609375,5450300,0.0,0.0
2017-04-13 00:00:00-04:00,57.61000061035156,57.790000915527344,57.45000076293945,57.5099983215332,46.78326416015625,4871700,0.0,0.0
2017-04-17 00:00:00-04:00,57.68000030517578,58.25,57.68000030517578,58.08000183105469,47.246952056884766,5626000,0.0,0.0
2017-04-18 00:00:00-04:00,57.59000015258789,58.47999954223633,57.59000015258789,58.349998474121094,47.46659851074219,5449300,0.0,0.0
2017-04-19 00:00:00-04:00,58.599998474121094,59.4900016784668,58.5,59.040000915527344,48.027889251708984,12000600,0.0,0.0
2017-04-20 00:00:00-04:00,59.709999084472656,60.34000015258789,59.560001373291016,60.08000183105469,48.873905181884766,12445900,0.0,0.0
2017-04-21 00:00:00-04:00,60.20000076293945,60.689998626708984,60.150001525878906,60.61000061035156,49.305049896240234,8800000,0.0,0.0
2017-04-24 00:00:00-04:00,61.0,61.380001068115234,60.88999938964844,61.11000061035156,49.711788177490234,10721300,0.0,0.0
2017-04-25 00:00:00-04:00,60.650001525878906,61.209999084472656,59.91999816894531,60.959999084472656,49.58978271484375,11031500,0.0,0.0
2017-04-26 00:00:00-04:00,61.22999954223633,61.75,60.97999954223633,61.560001373291016,50.077857971191406,8525400,0.0,0.0
2017-04-27 00:00:00-04:00,61.630001068115234,61.939998626708984,61.189998626708984,61.29999923706055,49.866363525390625,15285300,0.0,0.0
2017-04-28 00:00:00-04:00,59.40999984741211,60.18000030517578,58.9900016784668,60.060001373291016,48.85763931274414,25046100,0.0,0.0
2017-05-01 00:00:00-04:00,60.0,60.599998474121094,59.7599983215332,60.18000030517578,48.955257415771484,10910300,0.0,0.0
2017-05-02 00:00:00-04:00,60.150001525878906,60.52000045776367,60.040000915527344,60.5,49.21556854248047,9152100,0.0,0.0
2017-05-03 00:00:00-04:00,60.52000045776367,60.66999816894531,60.2599983215332,60.59000015258789,49.288787841796875,7706400,0.0,0.0
2017-05-04 00:00:00-04:00,60.650001525878906,60.849998474121094,60.38999938964844,60.83000183105469,49.484012603759766,6874300,0.0,0.0
2017-05-05 00:00:00-04:00,60.95000076293945,60.9900016784668,60.58000183105469,60.95000076293945,49.58164596557617,6443300,0.0,0.0
2017-05-08 00:00:00-04:00,61.06999969482422,61.06999969482422,60.70000076293945,60.939998626708984,49.57350540161133,5588400,0.0,0.0
2017-05-09 00:00:00-04:00,60.58000183105469,61.08000183105469,60.56999969482422,60.97999954223633,49.81038284301758,5806600,0.25,0.0
2017-05-10 00:00:00-04:00,60.880001068115234,60.97999954223633,60.209999084472656,60.65999984741211,49.54899215698242,7198400,0.0,0.0
2017-05-11 00:00:00-04:00,60.45000076293945,60.5099983215332,60.029998779296875,60.27000045776367,49.230430603027344,5516900,0.0,0.0
2017-05-12 00:00:00-04:00,60.279998779296875,60.34000015258789,59.83000183105469,59.93000030517578,48.95270538330078,5647500,0.0,0.0
2017-05-15 00:00:00-04:00,60.41999816894531,60.4900016784668,60.130001068115234,60.45000076293945,49.377464294433594,5904100,0.0,0.0
2017-05-16 00:00:00-04:00,60.68000030517578,60.70000076293945,59.880001068115234,59.97999954223633,48.99354934692383,6303500,0.0,0.0
2017-05-17 00:00:00-04:00,59.970001220703125,60.31999969482422,59.54999923706055,59.72999954223633,48.78934860229492,7581200,0.0,0.0
2017-05-18 00:00:00-04:00,59.72999954223633,59.939998626708984,58.869998931884766,59.81999969482422,48.862857818603516,8602400,0.0,0.0
2017-05-19 00:00:00-04:00,59.939998626708984,61.91999816894531,59.939998626708984,61.36000061035156,50.12078094482422,12531000,0.0,0.0
2017-05-22 00:00:00-04:00,61.029998779296875,61.720001220703125,61.029998779296875,61.22999954223633,50.014591217041016,6391600,0.0,0.0
2017-05-23 00:00:00-04:00,61.400001525878906,61.5,60.86000061035156,61.150001525878906,49.94925308227539,5622500,0.0,0.0
2017-05-24 00:00:00-04:00,61.400001525878906,62.0,60.939998626708984,61.88999938964844,50.55369567871094,7249300,0.0,0.0
2017-05-25 00:00:00-04:00,62.0099983215332,63.11000061035156,61.900001525878906,62.900001525878906,51.37870788574219,8931800,0.0,0.0
2017-05-26 00:00:00-04:00,63.0099983215332,63.41999816894531,62.970001220703125,63.29999923706055,51.7054328918457,6098000,0.0,0.0
2017-05-30 00:00:00-04:00,63.06999969482422,63.40999984741211,63.0099983215332,63.2599983215332,51.672760009765625,7094600,0.0,0.0
2017-05-31 00:00:00-04:00,63.27000045776367,63.61000061035156,63.08000183105469,63.61000061035156,51.95865249633789,7314600,0.0,0.0
2017-06-01 00:00:00-04:00,63.5099983215332,63.81999969482422,63.349998474121094,63.75,52.0730094909668,6058300,0.0,0.0
2017-06-02 00:00:00-04:00,63.880001068115234,64.68000030517578,63.70000076293945,64.56999969482422,52.7428092956543,7840400,0.0,0.0
2017-06-05 00:00:00-04:00,64.8499984741211,64.87000274658203,64.18000030517578,64.2699966430664,52.49776077270508,6808900,0.0,0.0
2017-06-06 00:00:00-04:00,64.22000122070312,64.3499984741211,64.05000305175781,64.16000366210938,52.407920837402344,5448400,0.0,0.0
2017-06-07 00:00:00-04:00,64.12999725341797,64.30000305175781,63.34000015258789,63.5,51.86879348754883,8365000,0.0,0.0
2017-06-08 00:00:00-04:00,63.439998626708984,63.58000183105469,62.02000045776367,62.2400016784668,50.83959197998047,11289300,0.0,0.0
2017-06-09 00:00:00-04:00,62.369998931884766,62.47999954223633,61.869998931884766,62.189998626708984,50.79875946044922,11240500,0.0,0.0
2017-06-12 00:00:00-04:00,61.79999923706055,61.9900016784668,60.630001068115234,61.290000915527344,50.063602447509766,11071600,0.0,0.0
2017-06-13 00:00:00-04:00,61.119998931884766,61.2599983215332,60.59000015258789,60.91999816894531,49.76136779785156,9384900,0.0,0.0
2017-06-14 00:00:00-04:00,60.66999816894531,60.81999969482422,59.86000061035156,60.27000045776367,49.230430603027344,9703300,0.0,0.0
2017-06-15 00:00:00-04:00,59.91999816894531,60.279998779296875,59.5099983215332,60.09000015258789,49.083412170410156,7516000,0.0,0.0
2017-06-16 00:00:00-04:00,59.88999938964844,60.15999984741211,59.470001220703125,60.13999938964844,49.12424087524414,11522400,0.0,0.0
2017-06-19 00:00:00-04:00,60.349998474121094,61.0,60.11000061035156,60.900001525878906,49.74502944946289,6778000,0.0,0.0
2017-06-20 00:00:00-04:00,60.97999954223633,61.0,59.70000076293945,59.86000061035156,48.895530700683594,6985700,0.0,0.0
2017-06-21 00:00:00-04:00,60.0,60.310001373291016,59.709999084472656,59.959999084472656,48.97721481323242,6027600,0.0,0.0
2017-06-22 00:00:00-04:00,60.09000015258789,60.099998474121094,59.400001525878906,59.5099983215332,48.6096305847168,5602000,0.0,0.0
2017-06-23 00:00:00-04:00,59.7599983215332,60.16999816894531,59.58000183105469,59.810001373291016,48.854698181152344,6469500,0.0,0.0
2017-06-26 00:00:00-04:00,60.02000045776367,60.150001525878906,59.33000183105469,59.63999938964844,48.7158317565918,5674600,0.0,0.0
2017-06-27 00:00:00-04:00,59.540000915527344,59.689998626708984,58.810001373291016,58.959999084472656,48.16038131713867,5652400,0.0,0.0
2017-06-28 00:00:00-04:00,59.060001373291016,59.25,58.79999923706055,59.18000030517578,48.340091705322266,5419200,0.0,0.0
2017-06-29 00:00:00-04:00,59.16999816894531,59.18000030517578,57.959999084472656,58.36000061035156,47.670284271240234,7421200,0.0,0.0
2017-06-30 00:00:00-04:00,58.68000030517578,58.95000076293945,58.290000915527344,58.310001373291016,47.62944793701172,8117100,0.0,0.0
2017-07-03 00:00:00-04:00,58.900001525878906,58.9900016784668,58.25,58.25,47.580440521240234,4575300,0.0,0.0
2017-07-05 00:00:00-04:00,58.43000030517578,58.5,57.79999923706055,57.939998626708984,47.327213287353516,7773600,0.0,0.0
2017-07-06 00:00:00-04:00,57.79999923706055,57.91999816894531,57.400001525878906,57.599998474121094,47.049495697021484,8886600,0.0,0.0
2017-07-07 00:00:00-04:00,57.790000915527344,58.36000061035156,57.540000915527344,58.040000915527344,47.40889358520508,7278300,0.0,0.0
2017-07-10 00:00:00-04:00,58.18000030517578,58.349998474121094,57.75,57.810001373291016,47.22102355957031,4832100,0.0,0.0
2017-07-11 00:00:00-04:00,57.90999984741211,58.08000183105469,57.529998779296875,57.900001525878906,47.29453659057617,5422300,0.0,0.0
2017-07-12 00:00:00-04:00,58.209999084472656,58.709999084472656,58.02000045776367,58.540000915527344,47.81732940673828,7141900,0.0,0.0
2017-07-13 00:00:00-04:00,58.79999923706055,58.869998931884766,58.119998931884766,58.380001068115234,47.686622619628906,8460200,0.0,0.0
2017-07-14 00:00:00-04:00,58.400001525878906,58.91999816894531,58.279998779296875,58.7599983215332,47.997013092041016,5441400,0.0,0.0
2017-07-17 00:00:00-04:00,58.72999954223633,58.869998931884766,58.279998779296875,58.33000183105469,47.645782470703125,6774500,0.0,0.0
2017-07-18 00:00:00-04:00,58.119998931884766,58.58000183105469,57.689998626708984,58.209999084472656,47.547767639160156,7857500,0.0,0.0
2017-07-19 00:00:00-04:00,58.150001525878906,58.40999984741211,57.900001525878906,58.11000061035156,47.46607971191406,8203600,0.0,0.0
2017-07-20 00:00:00-04:00,58.40999984741211,58.84000015258789,58.0,58.029998779296875,47.40074157714844,10546700,0.0,0.0
2017-07-21 00:00:00-04:00,57.91999816894531,58.2599983215332,57.83000183105469,57.97999954223633,47.35988235473633,6717200,0.0,0.0
2017-07-24 00:00:00-04:00,58.0,58.25,57.93000030517578,58.02000045776367,47.392574310302734,7442600,0.0,0.0
2017-07-25 00:00:00-04:00,58.220001220703125,58.84000015258789,57.97999954223633,58.54999923706055,47.825469970703125,7933100,0.0,0.0
2017-07-26 00:00:00-04:00,58.79999923706055,58.84000015258789,57.779998779296875,57.939998626708984,47.327213287353516,8775900,0.0,0.0
2017-07-27 00:00:00-04:00,58.25,59.65999984741211,57.93000030517578,59.5,48.60147476196289,23286700,0.0,0.0
2017-07-28 00:00:00-04:00,55.22999954223633,55.959999084472656,53.40999984741211,54.0,44.108890533447266,53454800,0.0,0.0
2017-07-31 00:00:00-04:00,54.47999954223633,54.68000030517578,53.95000076293945,53.97999954223633,44.09255599975586,20299400,0.0,0.0
2017-08-01 00:00:00-04:00,54.56999969482422,54.790000915527344,53.970001220703125,54.72999954223633,44.70519256591797,18120900,0.0,0.0
2017-08-02 00:00:00-04:00,54.75,55.45000076293945,54.66999816894531,55.43000030517578,45.27696990966797,14764900,0.0,0.0
2017-08-03 00:00:00-04:00,55.63999938964844,56.119998931884766,55.5,55.68000030517578,45.48118591308594,13331500,0.0,0.0
2017-08-04 00:00:00-04:00,55.970001220703125,56.04999923706055,55.09000015258789,55.439998626708984,45.28514099121094,9179800,0.0,0.0
2017-08-07 00:00:00-04:00,55.599998474121094,55.93000030517578,55.41999816894531,55.630001068115234,45.44033432006836,7253900,0.0,0.0
2017-08-08 00:00:00-04:00,55.54999923706055,55.58000183105469,54.36000061035156,54.52000045776367,44.73468017578125,11095300,0.25,0.0
2017-08-09 00:00:00-04:00,54.43000030517578,54.43000030517578,53.29999923706055,53.7400016784668,44.094696044921875,16717700,0.0,0.0
2017-08-10 00:00:00-04:00,53.52000045776367,53.75,52.9900016784668,53.06999969482422,43.5449333190918,13235300,0.0,0.0
2017-08-11 00:00:00-04:00,53.04999923706055,53.400001525878906,53.04999923706055,53.18000030517578,43.63517761230469,9235000,0.0,0.0
2017-08-14 00:00:00-04:00,53.599998474121094,53.599998474121094,53.18000030517578,53.220001220703125,43.66801071166992,7426500,0.0,0.0
2017-08-15 00:00:00-04:00,53.40999984741211,53.41999816894531,52.88999938964844,53.150001525878906,43.61057662963867,6674600,0.0,0.0
2017-08-16 00:00:00-04:00,53.2599983215332,53.91999816894531,53.25,53.5,43.89775466918945,7667100,0.0,0.0
2017-08-17 00:00:00-04:00,53.31999969482422,53.779998779296875,52.9900016784668,53.040000915527344,43.520320892333984,7451700,0.0,0.0
2017-08-18 00:00:00-04:00,52.91999816894531,53.09000015258789,52.58000183105469,52.70000076293945,43.2413444519043,10370500,0.0,0.0
2017-08-21 00:00:00-04:00,53.13999938964844,53.52000045776367,52.79999923706055,53.150001525878906,43.61057662963867,12753200,0.0,0.0
2017-08-22 00:00:00-04:00,53.4900016784668,54.7400016784668,53.38999938964844,54.45000076293945,44.67725372314453,14547600,0.0,0.0
2017-08-23 00:00:00-04:00,53.959999084472656,54.099998474121094,53.650001525878906,54.08000183105469,44.373653411865234,11838500,0.0,0.0
2017-08-24 00:00:00-04:00,54.2599983215332,54.45000076293945,53.77000045776367,53.939998626708984,44.25879669189453,8716700,0.0,0.0
2017-08-25 00:00:00-04:00,54.619998931884766,54.689998626708984,54.189998626708984,54.36000061035156,44.6034049987793,8601100,0.0,0.0
2017-08-28 00:00:00-04:00,54.540000915527344,54.58000183105469,54.02000045776367,54.400001525878906,44.63623046875,6643700,0.0,0.0
2017-08-29 00:00:00-04:00,54.040000915527344,54.290000915527344,54.0,54.099998474121094,44.390079498291016,6212400,0.0,0.0
2017-08-30 00:00:00-04:00,54.040000915527344,54.619998931884766,54.040000915527344,54.52000045776367,44.73468017578125,5596600,0.0,0.0
2017-08-31 00:00:00-04:00,54.68000030517578,54.9900016784668,54.56999969482422,54.86000061035156,45.0136604309082,8245300,0.0,0.0
2017-09-01 00:00:00-04:00,54.900001525878906,55.15999984741211,54.880001068115234,54.93000030517578,45.071102142333984,7696300,0.0,0.0
2017-09-05 00:00:00-04:00,54.95000076293945,55.20000076293945,54.599998474121094,55.130001068115234,45.235206604003906,9160500,0.0,0.0
2017-09-06 00:00:00-04:00,55.119998931884766,55.279998779296875,54.130001068115234,54.310001373291016,44.5623779296875,11372300,0.0,0.0
2017-09-07 00:00:00-04:00,54.41999816894531,54.68000030517578,53.25,53.470001220703125,43.87312698364258,13801900,0.0,0.0
2017-09-08 00:00:00-04:00,53.38999938964844,53.779998779296875,53.04999923706055,53.4900016784668,43.889549255371094,11774500,0.0,0.0
2017-09-11 00:00:00-04:00,53.790000915527344,54.130001068115234,53.61000061035156,54.02000045776367,44.324424743652344,9314100,0.0,0.0
2017-09-12 00:00:00-04:00,53.97999954223633,54.04999923706055,53.33000183105469,53.540000915527344,43.930580139160156,10339400,0.0,0.0
2017-09-13 00:00:00-04:00,53.54999923706055,54.720001220703125,53.4900016784668,54.290000915527344,44.54596710205078,12787900,0.0,0.0
2017-09-14 00:00:00-04:00,54.380001068115234,54.709999084472656,54.099998474121094,54.529998779296875,44.742889404296875,8260800,0.0,0.0
2017-09-15 00:00:00-04:00,54.439998626708984,54.790000915527344,54.15999984741211,54.66999816894531,44.857765197753906,10744800,0.0,0.0
2017-09-18 00:00:00-04:00,54.79999923706055,54.970001220703125,54.56999969482422,54.689998626708984,44.874176025390625,6348400,0.0,0.0
2017-09-19 00:00:00-04:00,54.84000015258789,54.880001068115234,54.560001373291016,54.619998931884766,44.816734313964844,5187100,0.0,0.0
2017-09-20 00:00:00-04:00,54.58000183105469,55.18000030517578,54.58000183105469,55.150001525878906,45.251625061035156,7080000,0.0,0.0
2017-09-21 00:00:00-04:00,55.04999923706055,55.16999816894531,54.86000061035156,55.0099983215332,45.136749267578125,7178500,0.0,0.0
2017-09-22 00:00:00-04:00,55.04999923706055,55.20000076293945,54.86000061035156,55.09000015258789,45.20237350463867,6950000,0.0,0.0
2017-09-25 00:00:00-04:00,54.97999954223633,55.220001220703125,54.70000076293945,54.95000076293945,45.0875129699707,10242700,0.0,0.0
2017-09-26 00:00:00-04:00,55.060001373291016,55.220001220703125,54.79999923706055,55.130001068115234,45.235206604003906,8021900,0.0,0.0
2017-09-27 00:00:00-04:00,55.25,55.599998474121094,54.959999084472656,54.9900016784668,45.12034606933594,8671300,0.0,0.0
2017-09-28 00:00:00-04:00,54.810001373291016,55.08000183105469,54.45000076293945,54.5,44.7182731628418,7607500,0.0,0.0
2017-09-29 00:00:00-04:00,54.310001373291016,54.470001220703125,53.36000061035156,53.709999084472656,44.070068359375,11944400,0.0,0.0
2017-10-02 00:00:00-04:00,53.86000061035156,54.040000915527344,53.75,53.810001373291016,44.15212631225586,5956000,0.0,0.0
2017-10-03 00:00:00-04:00,54.0,54.34000015258789,53.900001525878906,53.9900016784668,44.2998161315918,6137100,0.0,0.0
2017-10-04 00:00:00-04:00,54.119998931884766,54.20000076293945,53.689998626708984,53.93000030517578,44.250587463378906,5569100,0.0,0.0
2017-10-05 00:00:00-04:00,54.060001373291016,54.970001220703125,53.91999816894531,54.599998474121094,44.80032730102539,7994300,0.0,0.0
2017-10-06 00:00:00-04:00,54.5099983215332,55.45000076293945,54.25,55.16999816894531,45.268028259277344,10576300,0.0,0.0
2017-10-09 00:00:00-04:00,55.369998931884766,55.4900016784668,54.959999084472656,55.02000045776367,45.144954681396484,5822900,0.0,0.0
2017-10-10 00:00:00-04:00,55.099998474121094,55.849998474121094,55.08000183105469,55.41999816894531,45.4731559753418,6573900,0.0,0.0
2017-10-11 00:00:00-04:00,55.459999084472656,55.79999923706055,55.2599983215332,55.63999938964844,45.65366744995117,8881900,0.0,0.0
2017-10-12 00:00:00-04:00,55.66999816894531,56.27000045776367,55.310001373291016,55.970001220703125,45.9244499206543,7234300,0.0,0.0
2017-10-13 00:00:00-04:00,56.0,56.43000030517578,55.61000061035156,55.720001220703125,45.71930694580078,6231100,0.0,0.0
2017-10-16 00:00:00-04:00,55.66999816894531,55.79999923706055,54.88999938964844,54.90999984741211,45.054691314697266,7256900,0.0,0.0
2017-10-17 00:00:00-04:00,54.86000061035156,55.22999954223633,54.290000915527344,54.5099983215332,44.72648620605469,11227300,0.0,0.0
2017-10-18 00:00:00-04:00,54.459999084472656,55.43000030517578,54.220001220703125,55.209999084472656,45.30084991455078,8299500,0.0,0.0
2017-10-19 00:00:00-04:00,55.08000183105469,55.540000915527344,54.900001525878906,55.400001525878906,45.456748962402344,5720200,0.0,0.0
2017-10-20 00:00:00-04:00,55.310001373291016,55.400001525878906,54.18000030517578,54.56999969482422,44.77570343017578,11741100,0.0,0.0
2017-10-23 00:00:00-04:00,54.77000045776367,54.939998626708984,54.18000030517578,54.27000045776367,44.52956008911133,10111100,0.0,0.0
2017-10-24 00:00:00-04:00,54.369998931884766,54.560001373291016,54.02000045776367,54.279998779296875,44.53776168823242,7818500,0.0,0.0
2017-10-25 00:00:00-04:00,54.2400016784668,54.38999938964844,53.65999984741211,54.15999984741211,44.43929672241211,8281200,0.0,0.0
2017-10-26 00:00:00-04:00,54.5,55.75,54.5,54.90999984741211,45.054691314697266,12211400,0.0,0.0
2017-10-27 00:00:00-04:00,54.83000183105469,55.119998931884766,54.68000030517578,54.880001068115234,45.03007125854492,9922600,0.0,0.0
2017-10-30 00:00:00-04:00,54.790000915527344,55.22999954223633,54.400001525878906,55.16999816894531,45.268028259277344,6430900,0.0,0.0
2017-10-31 00:00:00-04:00,55.15999984741211,55.310001373291016,54.70000076293945,54.84000015258789,44.99724578857422,8857800,0.0,0.0
2017-11-01 00:00:00-04:00,55.099998474121094,55.59000015258789,54.939998626708984,55.130001068115234,45.235206604003906,7189800,0.0,0.0
2017-11-02 00:00:00-04:00,55.150001525878906,55.38999938964844,54.77000045776367,54.869998931884766,45.021854400634766,16879000,0.0,0.0
2017-11-03 00:00:00-04:00,54.15999984741211,56.939998626708984,54.04999923706055,56.029998779296875,45.973663330078125,28773800,0.0,0.0
2017-11-06 00:00:00-05:00,55.9900016784668,56.689998626708984,55.630001068115234,56.56999969482422,46.416744232177734,10835700,0.0,0.0
2017-11-07 00:00:00-05:00,56.33000183105469,57.290000915527344,56.33000183105469,57.220001220703125,46.95009231567383,11167400,0.0,0.0
2017-11-08 00:00:00-05:00,57.029998779296875,58.0099983215332,57.0,57.90999984741211,47.516239166259766,13533700,0.0,0.0
2017-11-09 00:00:00-05:00,57.20000076293945,57.65999984741211,56.790000915527344,57.36000061035156,47.06496810913086,14778900,0.0,0.0
2017-11-10 00:00:00-05:00,57.36000061035156,57.38999938964844,56.540000915527344,57.040000915527344,46.80239486694336,7930300,0.0,0.0
2017-11-13 00:00:00-05:00,56.810001373291016,57.13999938964844,56.54999923706055,56.63999938964844,46.474185943603516,7648200,0.0,0.0
2017-11-14 00:00:00-05:00,56.470001220703125,57.0,56.40999984741211,56.93000030517578,46.712158203125,7758200,0.0,0.0
2017-11-15 00:00:00-05:00,56.81999969482422,57.060001373291016,56.5099983215332,56.70000076293945,46.76987838745117,8880500,0.3,0.0
2017-11-16 00:00:00-05:00,56.91999816894531,57.41999816894531,56.75,57.2400016784668,47.21531295776367,8310200,0.0,0.0
2017-11-17 00:00:00-05:00,57.2400016784668,57.43000030517578,56.84000015258789,56.93000030517578,46.95960998535156,6310800,0.0,0.0
2017-11-20 00:00:00-05:00,56.66999816894531,57.04999923706055,56.58000183105469,56.810001373291016,46.8606071472168,6360100,0.0,0.0
2017-11-21 00:00:00-05:00,56.959999084472656,57.560001373291016,56.880001068115234,57.2599983215332,47.23180389404297,6284300,0.0,0.0
2017-11-22 00:00:00-05:00,57.06999969482422,57.18000030517578,56.79999923706055,57.13999938964844,47.132816314697266,7308500,0.0,0.0
2017-11-24 00:00:00-05:00,57.189998626708984,57.189998626708984,56.709999084472656,56.79999923706055,46.85235595703125,3479000,0.0,0.0
2017-11-27 00:00:00-05:00,56.83000183105469,56.91999816894531,55.75,55.90999984741211,46.11823654174805,10580300,0.0,0.0
2017-11-28 00:00:00-05:00,56.029998779296875,56.720001220703125,55.90999984741211,56.65999984741211,46.73688507080078,9734400,0.0,0.0
2017-11-29 00:00:00-05:00,56.709999084472656,57.68000030517578,56.70000076293945,57.5099983215332,47.43803024291992,10017900,0.0,0.0
2017-11-30 00:00:00-05:00,57.63999938964844,58.13999938964844,57.470001220703125,57.81999969482422,47.6937370300293,11509200,0.0,0.0
2017-12-01 00:00:00-05:00,57.5,57.709999084472656,56.459999084472656,57.31999969482422,47.28129577636719,12756400,0.0,0.0
2017-12-04 00:00:00-05:00,57.540000915527344,59.189998626708984,57.5,58.7599983215332,48.469112396240234,13302100,0.0,0.0
2017-12-05 00:00:00-05:00,59.25,59.68000030517578,58.90999984741211,59.34000015258789,48.94752883911133,11295600,0.0,0.0
2017-12-06 00:00:00-05:00,59.380001068115234,59.83000183105469,59.22999954223633,59.279998779296875,48.89802169799805,8458200,0.0,0.0
2017-12-07 00:00:00-05:00,59.119998931884766,59.279998779296875,58.7599983215332,59.13999938964844,48.78254699707031,6033800,0.0,0.0
2017-12-08 00:00:00-05:00,58.52000045776367,58.849998474121094,58.099998474121094,58.61000061035156,48.345367431640625,9950500,0.0,0.0
2017-12-11 00:00:00-05:00,58.38999938964844,59.349998474121094,58.290000915527344,59.06999969482422,48.724815368652344,10286600,0.0,0.0
2017-12-12 00:00:00-05:00,58.9900016784668,59.36000061035156,58.869998931884766,59.27000045776367,48.88977813720703,6042900,0.0,0.0
2017-12-13 00:00:00-05:00,59.439998626708984,59.88999938964844,59.29999923706055,59.4900016784668,49.071266174316406,7726300,0.0,0.0
2017-12-14 00:00:00-05:00,59.72999954223633,60.04999923706055,59.439998626708984,59.70000076293945,49.24448013305664,8945900,0.0,0.0
2017-12-15 00:00:00-05:00,59.25,59.369998931884766,58.15999984741211,58.290000915527344,48.081424713134766,22595000,0.0,0.0
2017-12-18 00:00:00-05:00,58.439998626708984,58.790000915527344,57.88999938964844,58.029998779296875,47.8669548034668,8751600,0.0,0.0
2017-12-19 00:00:00-05:00,58.130001068115234,58.58000183105469,57.93000030517578,58.0099983215332,47.850460052490234,7945700,0.0,0.0
2017-12-20 00:00:00-05:00,58.220001220703125,58.290000915527344,57.689998626708984,57.72999954223633,47.61949157714844,7188700,0.0,0.0
2017-12-21 00:00:00-05:00,57.939998626708984,58.150001525878906,57.4900016784668,57.58000183105469,47.495750427246094,5974500,0.0,0.0
2017-12-22 00:00:00-05:00,57.56999969482422,57.90999984741211,57.119998931884766,57.29999923706055,47.264808654785156,7148700,0.0,0.0
2017-12-26 00:00:00-05:00,57.27000045776367,57.58000183105469,57.04999923706055,57.13999938964844,47.132816314697266,5546200,0.0,0.0
2017-12-27 00:00:00-05:00,57.189998626708984,57.650001525878906,57.18000030517578,57.27000045776367,47.24005889892578,4812200,0.0,0.0
2017-12-28 00:00:00-05:00,57.470001220703125,58.0,57.29999923706055,57.810001373291016,47.685482025146484,5044500,0.0,0.0
2017-12-29 00:00:00-05:00,57.7400016784668,57.970001220703125,57.41999816894531,57.43000030517578,47.372032165527344,5365600,0.0,0.0
2018-01-02 00:00:00-05:00,57.95000076293945,58.209999084472656,57.47999954223633,57.630001068115234,47.537010192871094,7216000,0.0,0.0
2018-01-03 00:00:00-05:00,57.93000030517578,58.959999084472656,57.79999923706055,58.709999084472656,48.427860260009766,7478400,0.0,0.0
2018-01-04 00:00:00-05:00,58.9900016784668,59.40999984741211,58.72999954223633,58.93000030517578,48.60933303833008,5775900,0.0,0.0
2018-01-05 00:00:00-05:00,59.25,59.689998626708984,59.06999969482422,59.61000061035156,49.17023468017578,6047700,0.0,0.0
2018-01-08 00:00:00-05:00,59.47999954223633,59.66999816894531,58.560001373291016,59.310001373291016,48.92278289794922,6335800,0.0,0.0
2018-01-09 00:00:00-05:00,59.20000076293945,59.470001220703125,58.86000061035156,59.18000030517578,48.815547943115234,5233400,0.0,0.0
2018-01-10 00:00:00-05:00,60.0,60.130001068115234,58.86000061035156,59.81999969482422,49.34346389770508,8656500,0.0,0.0
2018-01-11 00:00:00-05:00,59.52000045776367,60.02000045776367,59.45000076293945,60.0,49.491939544677734,5806300,0.0,0.0
2018-01-12 00:00:00-05:00,60.400001525878906,60.5099983215332,59.650001525878906,60.400001525878906,49.82188034057617,6989100,0.0,0.0
2018-01-16 00:00:00-05:00,60.33000183105469,61.099998474121094,60.29999923706055,60.560001373291016,49.953861236572266,8040700,0.0,0.0
2018-01-17 00:00:00-05:00,61.0,61.33000183105469,60.52000045776367,60.65999984741211,50.036346435546875,8433800,0.0,0.0
2018-01-18 00:00:00-05:00,61.43000030517578,61.439998626708984,60.7400016784668,61.09000015258789,50.39103317260742,9170900,0.0,0.0
2018-01-19 00:00:00-05:00,61.209999084472656,61.459999084472656,60.95000076293945,61.2599983215332,50.5312614440918,8361900,0.0,0.0
2018-01-22 00:00:00-05:00,61.040000915527344,61.470001220703125,60.77000045776367,61.40999984741211,50.65499496459961,11945800,0.0,0.0
2018-01-23 00:00:00-05:00,61.31999969482422,61.90999984741211,61.13999938964844,61.689998626708984,50.88595199584961,10806800,0.0,0.0
2018-01-24 00:00:00-05:00,61.5099983215332,61.939998626708984,60.22999954223633,60.83000183105469,50.17658996582031,11911900,0.0,0.0
2018-01-25 00:00:00-05:00,61.029998779296875,61.20000076293945,60.400001525878906,60.54999923706055,49.94560241699219,16225600,0.0,0.0
2018-01-26 00:00:00-05:00,57.939998626708984,58.16999816894531,56.54999923706055,57.9900016784668,47.833961486816406,51851700,0.0,0.0
2018-01-29 00:00:00-05:00,57.54999923706055,58.349998474121094,56.90999984741211,57.02000045776367,47.033836364746094,18899900,0.0,0.0
2018-01-30 00:00:00-05:00,56.959999084472656,57.540000915527344,56.7400016784668,57.189998626708984,47.174076080322266,14341200,0.0,0.0
2018-01-31 00:00:00-05:00,57.22999954223633,57.45000076293945,56.70000076293945,56.810001373291016,46.8606071472168,13118400,0.0,0.0
2018-02-01 00:00:00-05:00,56.279998779296875,56.41999816894531,55.88999938964844,56.0,46.19247055053711,14690100,0.0,0.0
2018-02-02 00:00:00-05:00,55.900001525878906,56.31999969482422,55.70000076293945,55.77000045776367,46.00275421142578,15358900,0.0,0.0
2018-02-05 00:00:00-05:00,55.529998779296875,56.2599983215332,54.56999969482422,54.689998626708984,45.11190414428711,16060000,0.0,0.0
2018-02-06 00:00:00-05:00,53.689998626708984,56.060001373291016,53.560001373291016,55.61000061035156,45.87078857421875,17415100,0.0,0.0
2018-02-07 00:00:00-05:00,55.08000183105469,55.43000030517578,54.439998626708984,54.459999084472656,45.16583251953125,13927000,0.3,0.0
2018-02-08 00:00:00-05:00,54.5,54.790000915527344,53.75,53.77000045776367,44.59358596801758,17736700,0.0,0.0
2018-02-09 00:00:00-05:00,54.20000076293945,55.060001373291016,53.650001525878906,54.58000183105469,45.26535415649414,19382000,0.0,0.0
2018-02-12 00:00:00-05:00,54.86000061035156,55.72999954223633,54.54999923706055,55.380001068115234,45.92882537841797,10969000,0.0,0.0
2018-02-13 00:00:00-05:00,55.25,55.720001220703125,55.02000045776367,55.66999816894531,46.169334411621094,10416400,0.0,0.0
2018-02-14 00:00:00-05:00,55.470001220703125,56.70000076293945,55.290000915527344,55.9900016784668,46.43473434448242,14190300,0.0,0.0
2018-02-15 00:00:00-05:00,56.36000061035156,56.83000183105469,55.900001525878906,56.58000183105469,46.92403793334961,10294900,0.0,0.0
2018-02-16 00:00:00-05:00,56.650001525878906,57.04999923706055,56.34000015258789,56.47999954223633,46.84109878540039,10151300,0.0,0.0
2018-02-20 00:00:00-05:00,56.290000915527344,56.540000915527344,55.83000183105469,55.970001220703125,46.418148040771484,9450900,0.0,0.0
2018-02-21 00:00:00-05:00,55.93000030517578,56.7400016784668,55.86000061035156,56.099998474121094,46.52595520019531,7851000,0.0,0.0
2018-02-22 00:00:00-05:00,55.95000076293945,56.13999938964844,55.2599983215332,55.400001525878906,45.94541549682617,10172400,0.0,0.0
2018-02-23 00:00:00-05:00,55.650001525878906,56.150001525878906,54.79999923706055,56.13999938964844,46.55912399291992,11394400,0.0,0.0
2018-02-26 00:00:00-05:00,56.41999816894531,57.349998474121094,56.31999969482422,57.16999816894531,47.41334915161133,8713800,0.0,0.0
2018-02-27 00:00:00-05:00,57.290000915527344,57.63999938964844,56.560001373291016,56.56999969482422,46.91573715209961,8821400,0.0,0.0
2018-02-28 00:00:00-05:00,56.84000015258789,57.91999816894531,56.83000183105469,57.099998474121094,47.35529327392578,11541100,0.0,0.0
2018-03-01 00:00:00-05:00,57.0,57.560001373291016,55.83000183105469,56.16999816894531,46.58399963378906,11127600,0.0,0.0
2018-03-02 00:00:00-05:00,55.720001220703125,57.20000076293945,55.68000030517578,56.93000030517578,47.214317321777344,11555100,0.0,0.0
2018-03-05 00:00:00-05:00,56.83000183105469,57.41999816894531,56.68000030517578,56.9900016784668,47.26408004760742,7835400,0.0,0.0
2018-03-06 00:00:00-05:00,57.25,57.25,56.540000915527344,57.029998779296875,47.29724884033203,8046800,0.0,0.0
2018-03-07 00:00:00-05:00,56.619998931884766,57.16999816894531,56.619998931884766,57.029998779296875,47.29724884033203,7044100,0.0,0.0
2018-03-08 00:00:00-05:00,57.290000915527344,57.79999923706055,57.130001068115234,57.470001220703125,47.66215133666992,7434700,0.0,0.0
2018-03-09 00:00:00-05:00,57.66999816894531,58.630001068115234,57.66999816894531,58.459999084472656,48.48318862915039,9539600,0.0,0.0
2018-03-12 00:00:00-04:00,58.66999816894531,59.68000030517578,58.47999954223633,59.400001525878906,49.26277160644531,10550300,0.0,0.0
2018-03-13 00:00:00-04:00,59.70000076293945,60.70000076293945,58.88999938964844,59.04999923706055,48.972503662109375,10411400,0.0,0.0
2018-03-14 00:00:00-04:00,59.279998779296875,59.720001220703125,58.709999084472656,58.83000183105469,48.790061950683594,6488500,0.0,0.0
2018-03-15 00:00:00-04:00,58.93000030517578,60.06999969482422,58.81999969482422,59.369998931884766,49.237892150878906,7377000,0.0,0.0
2018-03-16 00:00:00-04:00,59.380001068115234,59.650001525878906,58.939998626708984,59.0,48.9310417175293,13030900,0.0,0.0
2018-03-19 00:00:00-04:00,58.70000076293945,58.849998474121094,57.79999923706055,58.29999923706055,48.35050582885742,9350600,0.0,0.0
2018-03-20 00:00:00-04:00,58.45000076293945,58.97999954223633,58.45000076293945,58.65999984741211,48.6490592956543,5888400,0.0,0.0
2018-03-21 00:00:00-04:00,58.75,59.54999923706055,58.38999938964844,58.470001220703125,48.491485595703125,6569100,0.0,0.0
2018-03-22 00:00:00-04:00,58.029998779296875,58.720001220703125,57.75,57.77000045776367,47.91096496582031,6846500,0.0,0.0
2018-03-23 00:00:00-04:00,57.779998779296875,57.93000030517578,56.310001373291016,56.310001373291016,46.700111389160156,9476800,0.0,0.0
2018-03-26 00:00:00-04:00,56.959999084472656,58.0,56.54999923706055,57.79999923706055,47.935829162597656,8444900,0.0,0.0
2018-03-27 00:00:00-04:00,58.099998474121094,58.5,57.13999938964844,57.459999084472656,47.65385818481445,7562900,0.0,0.0
2018-03-28 00:00:00-04:00,57.5,58.099998474121094,57.220001220703125,57.900001525878906,48.01875686645508,9301900,0.0,0.0
2018-03-29 00:00:00-04:00,57.2599983215332,58.13999938964844,56.83000183105469,57.88999938964844,48.010475158691406,12015200,0.0,0.0
2018-04-02 00:00:00-04:00,57.52000045776367,57.72999954223633,55.380001068115234,56.2400016784668,46.64206314086914,16778300,0.0,0.0
2018-04-03 00:00:00-04:00,56.54999923706055,58.04999923706055,56.45000076293945,58.0,48.10170364379883,10908200,0.0,0.0
2018-04-04 00:00:00-04:00,57.25,58.970001220703125,57.209999084472656,58.83000183105469,48.790061950683594,7893100,0.0,0.0
2018-04-05 00:00:00-04:00,59.0,59.27000045776367,58.86000061035156,59.13999938964844,49.047142028808594,6305100,0.0,0.0
2018-04-06 00:00:00-04:00,58.779998779296875,59.13999938964844,58.09000015258789,58.34000015258789,48.38368606567383,8264500,0.0,0.0
2018-04-09 00:00:00-04:00,58.540000915527344,59.369998931884766,58.41999816894531,58.70000076293945,48.68224334716797,8023800,0.0,0.0
2018-04-10 00:00:00-04:00,59.11000061035156,59.4900016784668,58.869998931884766,59.40999984741211,49.271060943603516,6545000,0.0,0.0
2018-04-11 00:00:00-04:00,59.189998626708984,59.709999084472656,59.0,59.41999816894531,49.279354095458984,5508000,0.0,0.0
2018-04-12 00:00:00-04:00,59.65999984741211,60.119998931884766,59.41999816894531,59.43000030517578,49.287654876708984,6088200,0.0,0.0
2018-04-13 00:00:00-04:00,59.0,59.54999923706055,58.959999084472656,59.2400016784668,49.13009262084961,6689800,0.0,0.0
2018-04-16 00:00:00-04:00,59.130001068115234,59.689998626708984,58.84000015258789,59.43000030517578,49.287654876708984,6119200,0.0,0.0
2018-04-17 00:00:00-04:00,59.75,60.0,59.400001525878906,59.83000183105469,49.61940383911133,6139600,0.0,0.0
2018-04-18 00:00:00-04:00,59.72999954223633,59.83000183105469,59.439998626708984,59.5,49.34571075439453,5914200,0.0,0.0
2018-04-19 00:00:00-04:00,59.41999816894531,59.4900016784668,58.72999954223633,59.220001220703125,49.11349868774414,6280100,0.0,0.0
2018-04-20 00:00:00-04:00,59.029998779296875,59.18000030517578,57.79999923706055,58.0,48.10170364379883,12037600,0.0,0.0
2018-04-23 00:00:00-04:00,58.0099983215332,58.72999954223633,57.689998626708984,58.15999984741211,48.23439025878906,8444400,0.0,0.0
2018-04-24 00:00:00-04:00,58.47999954223633,58.65999984741211,57.650001525878906,57.810001373291016,47.944122314453125,7793600,0.0,0.0
2018-04-25 00:00:00-04:00,58.27000045776367,58.27000045776367,57.290000915527344,57.709999084472656,47.86119079589844,8367400,0.0,0.0
2018-04-26 00:00:00-04:00,58.11000061035156,60.18000030517578,57.849998474121094,59.380001068115234,49.246185302734375,14516600,0.0,0.0
2018-04-27 00:00:00-04:00,58.06999969482422,58.97999954223633,57.5,58.36000061035156,48.400264739990234,11975200,0.0,0.0
2018-04-30 00:00:00-04:00,58.38999938964844,58.5099983215332,57.459999084472656,57.56999969482422,47.74507522583008,7854600,0.0,0.0
2018-05-01 00:00:00-04:00,57.66999816894531,58.25,57.439998626708984,58.130001068115234,48.20950698852539,7257500,0.0,0.0
2018-05-02 00:00:00-04:00,58.060001373291016,58.09000015258789,56.529998779296875,56.70000076293945,47.0235595703125,7299100,0.0,0.0
2018-05-03 00:00:00-04:00,56.52000045776367,56.56999969482422,55.540000915527344,56.130001068115234,46.55082702636719,7152400,0.0,0.0
2018-05-04 00:00:00-04:00,56.540000915527344,57.93000030517578,56.4900016784668,57.68000030517578,47.836307525634766,9279200,0.0,0.0
2018-05-07 00:00:00-04:00,58.9900016784668,59.040000915527344,57.27000045776367,57.45000076293945,47.64556884765625,10630600,0.0,0.0
2018-05-08 00:00:00-04:00,57.45000076293945,57.709999084472656,57.0,57.66999816894531,47.82802200317383,7234000,0.0,0.0
2018-05-09 00:00:00-04:00,57.43000030517578,57.619998931884766,56.790000915527344,57.040000915527344,47.55289840698242,7015300,0.3,0.0
2018-05-10 00:00:00-04:00,57.18000030517578,57.70000076293945,57.02000045776367,57.650001525878906,48.06144714355469,6565800,0.0,0.0
2018-05-11 00:00:00-04:00,57.720001220703125,57.86000061035156,57.06999969482422,57.27000045776367,47.74464797973633,5843400,0.0,0.0
2018-05-14 00:00:00-04:00,57.36000061035156,57.5099983215332,56.9900016784668,57.130001068115234,47.62793731689453,5871800,0.0,0.0
2018-05-15 00:00:00-04:00,57.0,57.099998474121094,56.349998474121094,56.63999938964844,47.21943283081055,7415800,0.0,0.0
2018-05-16 00:00:00-04:00,56.83000183105469,57.33000183105469,56.790000915527344,57.150001525878906,47.64460372924805,4843900,0.0,0.0
2018-05-17 00:00:00-04:00,57.20000076293945,57.349998474121094,56.97999954223633,57.20000076293945,47.686283111572266,6110100,0.0,0.0
2018-05-18 00:00:00-04:00,57.27000045776367,57.38999938964844,56.86000061035156,57.15999984741211,47.652957916259766,7786000,0.0,0.0
2018-05-21 00:00:00-04:00,57.400001525878906,57.81999969482422,57.2599983215332,57.34000015258789,47.803009033203125,5379300,0.0,0.0
2018-05-22 00:00:00-04:00,57.5,57.619998931884766,56.90999984741211,56.959999084472656,47.486209869384766,5355600,0.0,0.0
2018-05-23 00:00:00-04:00,56.79999923706055,57.56999969482422,56.7599983215332,57.4900016784668,47.92805480957031,5339900,0.0,0.0
2018-05-24 00:00:00-04:00,57.439998626708984,57.7400016784668,57.119998931884766,57.68000030517578,48.08645248413086,5681600,0.0,0.0
2018-05-25 00:00:00-04:00,57.68000030517578,58.380001068115234,57.58000183105469,57.91999816894531,48.28654479980469,6783800,0.0,0.0
2018-05-29 00:00:00-04:00,57.70000076293945,57.880001068115234,57.0099983215332,57.22999954223633,47.711299896240234,6475900,0.0,0.0
2018-05-30 00:00:00-04:00,57.43000030517578,57.65999984741211,57.150001525878906,57.47999954223633,47.919715881347656,5762400,0.0,0.0
2018-05-31 00:00:00-04:00,57.18000030517578,57.470001220703125,56.54999923706055,56.66999816894531,47.24443435668945,9433000,0.0,0.0
2018-06-01 00:00:00-04:00,56.84000015258789,57.029998779296875,56.61000061035156,56.90999984741211,47.44452667236328,4967700,0.0,0.0
2018-06-04 00:00:00-04:00,57.099998474121094,57.20000076293945,56.79999923706055,57.06999969482422,47.57790756225586,7484100,0.0,0.0
2018-06-05 00:00:00-04:00,56.689998626708984,56.70000076293945,55.279998779296875,55.68000030517578,46.419105529785156,18278800,0.0,0.0
2018-06-06 00:00:00-04:00,55.84000015258789,57.18000030517578,55.619998931884766,57.16999816894531,47.66128158569336,13709800,0.0,0.0
2018-06-07 00:00:00-04:00,57.290000915527344,57.939998626708984,57.09000015258789,57.13999938964844,47.63628005981445,7919800,0.0,0.0
2018-06-08 00:00:00-04:00,56.91999816894531,57.060001373291016,56.52000045776367,56.599998474121094,47.18607711791992,8433500,0.0,0.0
2018-06-11 00:00:00-04:00,56.61000061035156,56.7400016784668,56.27000045776367,56.47999954223633,47.0860481262207,7181700,0.0,0.0
2018-06-12 00:00:00-04:00,56.599998474121094,56.900001525878906,56.29999923706055,56.47999954223633,47.0860481262207,8249700,0.0,0.0
2018-06-13 00:00:00-04:00,56.5099983215332,56.70000076293945,56.18000030517578,56.209999084472656,46.86095428466797,8283200,0.0,0.0
2018-06-14 00:00:00-04:00,56.459999084472656,57.06999969482422,56.310001373291016,57.02000045776367,47.536231994628906,11049700,0.0,0.0
2018-06-15 00:00:00-04:00,57.040000915527344,57.209999084472656,56.459999084472656,57.11000061035156,47.61125564575195,12408300,0.0,0.0
2018-06-18 00:00:00-04:00,56.77000045776367,57.31999969482422,56.11000061035156,57.220001220703125,47.702964782714844,9676900,0.0,0.0
2018-06-19 00:00:00-04:00,56.650001525878906,57.5,56.34000015258789,57.43000030517578,47.87803268432617,9965500,0.0,0.0
2018-06-20 00:00:00-04:00,54.83000183105469,55.0099983215332,51.58000183105469,52.220001220703125,43.534584045410156,62091100,0.0,0.0
2018-06-21 00:00:00-04:00,52.290000915527344,52.630001068115234,50.36000061035156,50.619998931884766,42.2006950378418,30723000,0.0,0.0
2018-06-22 00:00:00-04:00,51.0,51.720001220703125,50.81999969482422,51.2400016784668,42.71757888793945,24429600,0.0,0.0
2018-06-25 00:00:00-04:00,51.15999984741211,51.439998626708984,50.209999084472656,50.65999984741211,42.23404312133789,15578600,0.0,0.0
2018-06-26 00:00:00-04:00,50.5099983215332,50.630001068115234,50.11000061035156,50.380001068115234,42.00061798095703,12930600,0.0,0.0
2018-06-27 00:00:00-04:00,50.52000045776367,50.529998779296875,49.84000015258789,49.84000015258789,41.55043029785156,14576900,0.0,0.0
2018-06-28 00:00:00-04:00,49.45000076293945,49.47999954223633,47.369998931884766,48.540000915527344,40.466651916503906,33210100,0.0,0.0
2018-06-29 00:00:00-04:00,48.08000183105469,49.2599983215332,48.08000183105469,48.849998474121094,40.72509765625,17413000,0.0,0.0
2018-07-02 00:00:00-04:00,48.63999938964844,49.099998474121094,48.54999923706055,49.060001373291016,40.90017318725586,9870900,0.0,0.0
2018-07-03 00:00:00-04:00,49.150001525878906,49.29999923706055,48.7599983215332,48.77000045776367,40.65839767456055,7517500,0.0,0.0
2018-07-05 00:00:00-04:00,48.91999816894531,49.029998779296875,48.400001525878906,48.61000061035156,40.5250129699707,9630500,0.0,0.0
2018-07-06 00:00:00-04:00,48.900001525878906,49.189998626708984,48.58000183105469,48.97999954223633,40.83346939086914,10712000,0.0,0.0
2018-07-09 00:00:00-04:00,49.209999084472656,50.04999923706055,49.209999084472656,49.900001525878906,41.60045623779297,12811700,0.0,0.0
2018-07-10 00:00:00-04:00,50.08000183105469,50.5099983215332,49.959999084472656,50.41999816894531,42.033958435058594,9038000,0.0,0.0
2018-07-11 00:00:00-04:00,50.220001220703125,50.47999954223633,50.02000045776367,50.13999938964844,41.800533294677734,9542400,0.0,0.0
2018-07-12 00:00:00-04:00,50.36000061035156,50.65999984741211,50.20000076293945,50.25,41.89223098754883,9339200,0.0,0.0
2018-07-13 00:00:00-04:00,50.2599983215332,51.650001525878906,50.2599983215332,51.619998931884766,43.03437805175781,21718400,0.0,0.0
2018-07-16 00:00:00-04:00,51.54999923706055,51.54999923706055,50.689998626708984,50.939998626708984,42.46747589111328,16974900,0.0,0.0
2018-07-17 00:00:00-04:00,50.65999984741211,51.29999923706055,50.599998474121094,51.279998779296875,42.75093460083008,11421300,0.0,0.0
2018-07-18 00:00:00-04:00,51.34000015258789,51.619998931884766,51.0,51.150001525878906,42.64255142211914,13549500,0.0,0.0
2018-07-19 00:00:00-04:00,51.11000061035156,51.4900016784668,51.0,51.34000015258789,42.80095672607422,11415600,0.0,0.0
2018-07-20 00:00:00-04:00,51.060001373291016,51.2400016784668,50.75,50.90999984741211,42.442466735839844,11024100,0.0,0.0
2018-07-23 00:00:00-04:00,50.7599983215332,51.27000045776367,50.7599983215332,51.189998626708984,42.67588424682617,8406800,0.0,0.0
2018-07-24 00:00:00-04:00,51.29999923706055,51.720001220703125,51.060001373291016,51.16999816894531,42.65922164916992,9921500,0.0,0.0
2018-07-25 00:00:00-04:00,51.0099983215332,51.720001220703125,51.0099983215332,51.619998931884766,43.03437805175781,11368000,0.0,0.0
2018-07-26 00:00:00-04:00,51.68000030517578,51.84000015258789,51.34000015258789,51.45000076293945,42.89265823364258,11114800,0.0,0.0
2018-07-27 00:00:00-04:00,51.5,52.599998474121094,50.209999084472656,52.150001525878906,43.476234436035156,15770300,0.0,0.0
2018-07-30 00:00:00-04:00,52.20000076293945,52.849998474121094,51.7599983215332,51.900001525878906,43.2678108215332,14448400,0.0,0.0
2018-07-31 00:00:00-04:00,52.029998779296875,52.689998626708984,51.849998474121094,52.38999938964844,43.676300048828125,9228200,0.0,0.0
2018-08-01 00:00:00-04:00,52.2400016784668,52.2400016784668,51.25,51.93000030517578,43.29281234741211,11952400,0.0,0.0
2018-08-02 00:00:00-04:00,52.099998474121094,52.349998474121094,51.43000030517578,51.68000030517578,43.084407806396484,13636400,0.0,0.0
2018-08-03 00:00:00-04:00,51.70000076293945,52.45000076293945,51.58000183105469,52.22999954223633,43.54292678833008,8246100,0.0,0.0
2018-08-06 00:00:00-04:00,52.099998474121094,52.27000045776367,51.79999923706055,52.06999969482422,43.409542083740234,6505800,0.0,0.0
2018-08-07 00:00:00-04:00,52.08000183105469,52.209999084472656,51.79999923706055,52.06999969482422,43.409542083740234,5869400,0.0,0.0
2018-08-08 00:00:00-04:00,51.83000183105469,51.93000030517578,51.36000061035156,51.54999923706055,43.27520751953125,7257200,0.36,0.0
2018-08-09 00:00:00-04:00,51.529998779296875,52.02000045776367,51.31999969482422,51.91999816894531,43.58582305908203,7175400,0.0,0.0
2018-08-10 00:00:00-04:00,51.59000015258789,51.630001068115234,51.20000076293945,51.5099983215332,43.241634368896484,10539300,0.0,0.0
2018-08-13 00:00:00-04:00,51.619998931884766,51.959999084472656,51.470001220703125,51.810001373291016,43.493473052978516,7911300,0.0,0.0
2018-08-14 00:00:00-04:00,51.849998474121094,52.7400016784668,51.790000915527344,52.59000015258789,44.14826965332031,9385400,0.0,0.0
2018-08-15 00:00:00-04:00,52.310001373291016,52.939998626708984,52.29999923706055,52.75,44.28258514404297,9566000,0.0,0.0
2018-08-16 00:00:00-04:00,52.97999954223633,53.36000061035156,52.91999816894531,53.040000915527344,44.52604293823242,8721200,0.0,0.0
2018-08-17 00:00:00-04:00,52.95000076293945,53.61000061035156,52.95000076293945,53.560001373291016,44.96257019042969,8166900,0.0,0.0
2018-08-20 00:00:00-04:00,53.709999084472656,54.15999984741211,53.70000076293945,53.91999816894531,45.264793395996094,9791200,0.0,0.0
2018-08-21 00:00:00-04:00,54.16999816894531,54.439998626708984,53.95000076293945,54.0,45.33195114135742,7990000,0.0,0.0
2018-08-22 00:00:00-04:00,53.54999923706055,53.63999938964844,52.65999984741211,52.81999969482422,44.34136199951172,10369600,0.0,0.0
2018-08-23 00:00:00-04:00,52.7599983215332,53.189998626708984,52.560001373291016,52.65999984741211,44.20704650878906,8567600,0.0,0.0
2018-08-24 00:00:00-04:00,52.81999969482422,52.91999816894531,52.41999816894531,52.75,44.28258514404297,9849800,0.0,0.0
2018-08-27 00:00:00-04:00,52.9900016784668,53.18000030517578,52.810001373291016,52.970001220703125,44.46727752685547,6443200,0.0,0.0
2018-08-28 00:00:00-04:00,53.02000045776367,53.470001220703125,52.97999954223633,53.04999923706055,44.534446716308594,7171900,0.0,0.0
2018-08-29 00:00:00-04:00,53.06999969482422,53.439998626708984,52.720001220703125,53.25,44.702335357666016,6604900,0.0,0.0
2018-08-30 00:00:00-04:00,53.119998931884766,53.40999984741211,52.970001220703125,53.099998474121094,44.57640838623047,5576400,0.0,0.0
2018-08-31 00:00:00-04:00,52.459999084472656,53.709999084472656,52.45000076293945,53.45000076293945,44.87023162841797,10892800,0.0,0.0
2018-09-04 00:00:00-04:00,53.439998626708984,53.689998626708984,53.209999084472656,53.529998779296875,44.9373893737793,8235200,0.0,0.0
2018-09-05 00:00:00-04:00,53.470001220703125,53.97999954223633,53.290000915527344,53.790000915527344,45.15564727783203,7966300,0.0,0.0
2018-09-06 00:00:00-04:00,53.65999984741211,54.349998474121094,53.650001525878906,54.209999084472656,45.50822448730469,7803400,0.0,0.0
2018-09-07 00:00:00-04:00,54.20000076293945,54.959999084472656,54.15999984741211,54.86000061035156,46.05388641357422,10231700,0.0,0.0
2018-09-10 00:00:00-04:00,54.939998626708984,55.11000061035156,54.56999969482422,54.970001220703125,46.146244049072266,8621000,0.0,0.0
2018-09-11 00:00:00-04:00,54.83000183105469,55.400001525878906,54.77000045776367,55.119998931884766,46.272159576416016,7873900,0.0,0.0
2018-09-12 00:00:00-04:00,55.20000076293945,55.20000076293945,54.33000183105469,54.970001220703125,46.146244049072266,7297300,0.0,0.0
2018-09-13 00:00:00-04:00,55.119998931884766,55.56999969482422,54.7400016784668,54.88999938964844,46.079071044921875,8566600,0.0,0.0
2018-09-14 00:00:00-04:00,55.0,55.0,54.61000061035156,54.75,45.96155548095703,6827700,0.0,0.0
2018-09-17 00:00:00-04:00,54.70000076293945,54.86000061035156,54.279998779296875,54.56999969482422,45.81045150756836,9277200,0.0,0.0
2018-09-18 00:00:00-04:00,54.47999954223633,55.279998779296875,54.099998474121094,55.06999969482422,46.23018264770508,7569600,0.0,0.0
2018-09-19 00:00:00-04:00,55.220001220703125,55.790000915527344,54.900001525878906,55.43000030517578,46.53240966796875,7451600,0.0,0.0
2018-09-20 00:00:00-04:00,55.599998474121094,56.72999954223633,55.599998474121094,56.43000030517578,47.37188720703125,10582600,0.0,0.0
2018-09-21 00:00:00-04:00,56.54999923706055,57.56999969482422,56.52000045776367,57.45000076293945,48.228153228759766,25800500,0.0,0.0
2018-09-24 00:00:00-04:00,56.939998626708984,57.36000061035156,56.58000183105469,56.689998626708984,47.59014892578125,10616000,0.0,0.0
2018-09-25 00:00:00-04:00,56.97999954223633,57.290000915527344,56.83000183105469,56.900001525878906,47.76644515991211,9445500,0.0,0.0
2018-09-26 00:00:00-04:00,56.77000045776367,57.84000015258789,56.75,57.27000045776367,48.07704162597656,7757300,0.0,0.0
2018-09-27 00:00:00-04:00,57.099998474121094,57.790000915527344,57.099998474121094,57.34000015258789,48.13580322265625,6606200,0.0,0.0
2018-09-28 00:00:00-04:00,57.38999938964844,57.38999938964844,56.779998779296875,56.84000015258789,47.716068267822266,8975900,0.0,0.0
2018-10-01 00:00:00-04:00,56.90999984741211,56.95000076293945,55.529998779296875,55.58000183105469,46.65831756591797,12726900,0.0,0.0
2018-10-02 00:00:00-04:00,55.54999923706055,56.0099983215332,55.290000915527344,55.59000015258789,46.66672134399414,12680800,0.0,0.0
2018-10-03 00:00:00-04:00,55.79999923706055,56.11000061035156,55.459999084472656,55.470001220703125,46.56599044799805,7383500,0.0,0.0
2018-10-04 00:00:00-04:00,55.779998779296875,56.08000183105469,55.5,55.88999938964844,46.91855239868164,9722000,0.0,0.0
2018-10-05 00:00:00-04:00,55.95000076293945,55.95000076293945,55.310001373291016,55.7599983215332,46.80942916870117,9734000,0.0,0.0
2018-10-08 00:00:00-04:00,55.81999969482422,56.75,55.45000076293945,56.540000915527344,47.4642219543457,9623900,0.0,0.0
2018-10-09 00:00:00-04:00,56.83000183105469,59.70000076293945,56.810001373291016,57.709999084472656,48.446414947509766,24855700,0.0,0.0
2018-10-10 00:00:00-04:00,57.66999816894531,57.869998931884766,55.939998626708984,56.0099983215332,47.0192985534668,14190500,0.0,0.0
2018-10-11 00:00:00-04:00,55.70000076293945,56.27000045776367,54.709999084472656,54.86000061035156,46.05388641357422,15316900,0.0,0.0
2018-10-12 00:00:00-04:00,55.709999084472656,56.779998779296875,55.279998779296875,56.45000076293945,47.388668060302734,13980500,0.0,0.0
2018-10-15 00:00:00-04:00,56.369998931884766,57.189998626708984,56.310001373291016,56.75,47.6405143737793,10175100,0.0,0.0
2018-10-16 00:00:00-04:00,56.939998626708984,58.0099983215332,56.77000045776367,57.810001373291016,48.53036117553711,11731400,0.0,0.0
2018-10-17 00:00:00-04:00,57.900001525878906,59.400001525878906,57.779998779296875,59.099998474121094,49.61330795288086,14631000,0.0,0.0
2018-10-18 00:00:00-04:00,59.0,59.529998779296875,58.150001525878906,58.63999938964844,49.22713851928711,12184700,0.0,0.0
2018-10-19 00:00:00-04:00,58.38999938964844,59.06999969482422,58.38999938964844,58.65999984741211,49.24391555786133,10180500,0.0,0.0
2018-10-22 00:00:00-04:00,58.93000030517578,59.36000061035156,58.58000183105469,58.900001525878906,49.445396423339844,8680200,0.0,0.0
2018-10-23 00:00:00-04:00,58.36000061035156,59.29999923706055,58.209999084472656,58.810001373291016,49.36984634399414,12834200,0.0,0.0
2018-10-24 00:00:00-04:00,58.56999969482422,59.279998779296875,57.95000076293945,58.060001373291016,48.740238189697266,12189700,0.0,0.0
2018-10-25 00:00:00-04:00,58.290000915527344,59.470001220703125,57.70000076293945,58.959999084472656,49.49577713012695,9569600,0.0,0.0
2018-10-26 00:00:00-04:00,58.040000915527344,58.36000061035156,57.38999938964844,58.06999969482422,48.74863815307617,13367600,0.0,0.0
2018-10-29 00:00:00-04:00,58.68000030517578,59.68000030517578,57.70000076293945,58.369998931884766,49.0004768371582,14412800,0.0,0.0
2018-10-30 00:00:00-04:00,58.43000030517578,58.869998931884766,57.689998626708984,58.59000015258789,49.18516159057617,14230100,0.0,0.0
2018-10-31 00:00:00-04:00,58.97999954223633,59.119998931884766,58.209999084472656,58.27000045776367,48.91652297973633,11560400,0.0,0.0
2018-11-01 00:00:00-04:00,58.29999923706055,59.06999969482422,58.06999969482422,58.630001068115234,49.21874237060547,18772400,0.0,0.0
2018-11-02 00:00:00-04:00,61.9900016784668,65.68000030517578,61.900001525878906,64.31999969482422,53.99538803100586,45573000,0.0,0.0
2018-11-05 00:00:00-05:00,63.93000030517578,65.12999725341797,63.81999969482422,64.4800033569336,54.12969970703125,23242600,0.0,0.0
2018-11-06 00:00:00-05:00,64.30000305175781,66.08000183105469,64.25,66.01000213623047,55.414100646972656,16065400,0.0,0.0
2018-11-07 00:00:00-05:00,66.29000091552734,68.20999908447266,66.04000091552734,68.16000366210938,57.218990325927734,16465000,0.0,0.0
2018-11-08 00:00:00-05:00,67.77999877929688,68.9800033569336,67.62999725341797,68.72000122070312,57.68910217285156,14081700,0.0,0.0
2018-11-09 00:00:00-05:00,68.48999786376953,68.95999908447266,68.08000183105469,68.5999984741211,57.588348388671875,8637200,0.0,0.0
2018-11-12 00:00:00-05:00,68.44000244140625,68.94000244140625,67.80000305175781,67.91000366210938,57.00912094116211,12789600,0.0,0.0
2018-11-13 00:00:00-05:00,67.94000244140625,68.27999877929688,67.0999984741211,67.41000366210938,56.58938217163086,16637000,0.0,0.0
2018-11-14 00:00:00-05:00,67.30000305175781,67.94999694824219,66.7300033569336,67.04000091552734,56.58092498779297,13350500,0.36,0.0
2018-11-15 00:00:00-05:00,66.70999908447266,67.76000213623047,66.36000061035156,67.62000274658203,57.0704460144043,15246500,0.0,0.0
2018-11-16 00:00:00-05:00,67.30000305175781,68.52999877929688,67.08999633789062,68.16000366210938,57.52619934082031,9287900,0.0,0.0
2018-11-19 00:00:00-05:00,68.0999984741211,68.47000122070312,67.2300033569336,67.91000366210938,57.315208435058594,10855400,0.0,0.0
2018-11-20 00:00:00-05:00,67.38999938964844,67.87999725341797,66.76000213623047,67.18000030517578,56.699100494384766,11208900,0.0,0.0
2018-11-21 00:00:00-05:00,67.47000122070312,67.9800033569336,66.75,66.7699966430664,56.353057861328125,10978100,0.0,0.0
2018-11-23 00:00:00-05:00,66.23999786376953,66.23999786376953,65.26000213623047,65.69999694824219,55.449989318847656,7779800,0.0,0.0
2018-11-26 00:00:00-05:00,65.9800033569336,66.12000274658203,65.20999908447266,65.69000244140625,55.44155502319336,13066800,0.0,0.0
2018-11-27 00:00:00-05:00,65.45999908447266,66.55000305175781,65.30999755859375,66.08000183105469,55.770713806152344,13169100,0.0,0.0
2018-11-28 00:00:00-05:00,66.18000030517578,66.98999786376953,65.4800033569336,66.81999969482422,56.39525604248047,12867600,0.0,0.0
2018-11-29 00:00:00-05:00,66.68000030517578,67.27999877929688,66.12000274658203,66.87999725341797,56.445892333984375,9605500,0.0,0.0
2018-11-30 00:00:00-05:00,66.86000061035156,67.37999725341797,66.6500015258789,66.72000122070312,56.31086349487305,27308900,0.0,0.0
2018-12-03 00:00:00-05:00,67.37000274658203,68.05999755859375,66.66000366210938,67.5,56.96915817260742,13834300,0.0,0.0
2018-12-04 00:00:00-05:00,67.47000122070312,68.1500015258789,66.44999694824219,66.6500015258789,56.25178146362305,13555100,0.0,0.0
2018-12-06 00:00:00-05:00,66.12999725341797,66.66999816894531,65.58999633789062,66.55000305175781,56.167388916015625,17222200,0.0,0.0
2018-12-07 00:00:00-05:00,66.16999816894531,66.63999938964844,65.19999694824219,65.47000122070312,55.25586700439453,11057500,0.0,0.0
2018-12-10 00:00:00-05:00,65.47000122070312,65.80000305175781,64.44999694824219,65.48999786376953,55.27275085449219,12148300,0.0,0.0
2018-12-11 00:00:00-05:00,66.22000122070312,66.91999816894531,65.5199966430664,65.91999816894531,55.63566589355469,10903100,0.0,0.0
2018-12-12 00:00:00-05:00,66.0,66.93000030517578,66.0,66.12999725341797,55.812896728515625,11115800,0.0,0.0
2018-12-13 00:00:00-05:00,66.29000091552734,67.22000122070312,66.12999725341797,66.91000366210938,56.47123336791992,10016200,0.0,0.0
2018-12-14 00:00:00-05:00,64.44000244140625,65.83999633789062,63.58000183105469,65.33999633789062,55.14615249633789,16834000,0.0,0.0
2018-12-17 00:00:00-05:00,65.0,65.62999725341797,64.08000183105469,64.47000122070312,54.411888122558594,15143100,0.0,0.0
2018-12-18 00:00:00-05:00,64.7699966430664,65.4000015258789,64.55000305175781,64.91999816894531,54.79167938232422,10523500,0.0,0.0
2018-12-19 00:00:00-05:00,65.16000366210938,65.9000015258789,63.68000030517578,64.05999755859375,54.06586456298828,14390100,0.0,0.0
2018-12-20 00:00:00-05:00,63.61000061035156,63.79999923706055,61.45000076293945,62.150001525878906,52.45383834838867,20264600,0.0,0.0
2018-12-21 00:00:00-05:00,62.310001373291016,63.209999084472656,61.380001068115234,61.38999938964844,51.81240463256836,23524900,0.0,0.0
2018-12-24 00:00:00-05:00,61.47999954223633,61.81999969482422,60.41999816894531,60.560001373291016,51.111900329589844,6323300,0.0,0.0
2018-12-26 00:00:00-05:00,60.95000076293945,63.22999954223633,60.66999816894531,63.08000183105469,53.23874282836914,16646200,0.0,0.0
2018-12-27 00:00:00-05:00,62.619998931884766,63.2400016784668,61.619998931884766,63.20000076293945,53.34001541137695,11308100,0.0,0.0
2018-12-28 00:00:00-05:00,63.310001373291016,64.12000274658203,63.16999816894531,63.38999938964844,53.500389099121094,7711900,0.0,0.0
2018-12-31 00:00:00-05:00,63.77000045776367,64.61000061035156,63.65999984741211,64.4000015258789,54.352813720703125,7689800,0.0,0.0
2019-01-02 00:00:00-05:00,63.68000030517578,64.37000274658203,63.209999084472656,64.31999969482422,54.28529357910156,10094000,0.0,0.0
2019-01-03 00:00:00-05:00,63.459999084472656,63.720001220703125,61.400001525878906,61.529998779296875,51.93055725097656,14390100,0.0,0.0
2019-01-04 00:00:00-05:00,62.400001525878906,64.25,62.08000183105469,63.56999969482422,53.65230941772461,12694400,0.0,0.0
2019-01-07 00:00:00-05:00,63.349998474121094,64.23999786376953,62.7400016784668,63.56999969482422,53.65230941772461,10337600,0.0,0.0
2019-01-08 00:00:00-05:00,63.939998626708984,64.29000091552734,63.04999923706055,63.619998931884766,53.694496154785156,10809700,0.0,0.0
2019-01-09 00:00:00-05:00,63.650001525878906,64.04000091552734,62.95000076293945,63.880001068115234,53.9139518737793,13080300,0.0,0.0
2019-01-10 00:00:00-05:00,63.61000061035156,64.38999938964844,63.2400016784668,64.19000244140625,54.17557907104492,10397600,0.0,0.0
2019-01-11 00:00:00-05:00,62.290000915527344,63.84000015258789,61.66999816894531,63.72999954223633,53.78732681274414,13805700,0.0,0.0
2019-01-14 00:00:00-05:00,63.349998474121094,64.05999755859375,62.97999954223633,63.369998931884766,53.48350143432617,9929600,0.0,0.0
2019-01-15 00:00:00-05:00,63.58000183105469,64.62999725341797,63.45000076293945,64.08000183105469,54.082733154296875,7930400,0.0,0.0
2019-01-16 00:00:00-05:00,64.19999694824219,64.81999969482422,63.75,63.77000045776367,53.82109451293945,8091300,0.0,0.0
2019-01-17 00:00:00-05:00,63.68000030517578,64.38999938964844,63.599998474121094,64.27999877929688,54.251522064208984,6767100,0.0,0.0
2019-01-18 00:00:00-05:00,64.80999755859375,64.80999755859375,63.86000061035156,64.69999694824219,54.605995178222656,9835200,0.0,0.0
2019-01-22 00:00:00-05:00,64.9000015258789,66.20999908447266,64.75,65.38999938964844,55.1883544921875,16414300,0.0,0.0
2019-01-23 00:00:00-05:00,65.87999725341797,66.69999694824219,65.80999755859375,66.43000030517578,56.066104888916016,12372400,0.0,0.0
2019-01-24 00:00:00-05:00,66.61000061035156,66.76000213623047,62.93000030517578,64.73999786376953,54.639766693115234,29719800,0.0,0.0
2019-01-25 00:00:00-05:00,67.02999877929688,67.69000244140625,66.0999984741211,67.08999633789062,56.62313461303711,21885800,0.0,0.0
2019-01-28 00:00:00-05:00,66.19000244140625,66.95999908447266,65.91000366210938,66.9000015258789,56.46278381347656,11537700,0.0,0.0
2019-01-29 00:00:00-05:00,67.0,67.5,66.19999694824219,67.04000091552734,56.58092498779297,10703400,0.0,0.0
2019-01-30 00:00:00-05:00,67.11000061035156,68.20999908447266,67.05000305175781,68.1500015258789,57.51776885986328,11702500,0.0,0.0
2019-01-31 00:00:00-05:00,68.18000030517578,69.48999786376953,67.08000183105469,68.13999938964844,57.50933074951172,24233300,0.0,0.0
2019-02-01 00:00:00-05:00,68.58999633789062,69.31999969482422,68.0,68.11000061035156,57.4839973449707,10309200,0.0,0.0
2019-02-04 00:00:00-05:00,68.02999877929688,68.11000061035156,67.08000183105469,67.58000183105469,57.036685943603516,13562400,0.0,0.0
2019-02-05 00:00:00-05:00,67.76000213623047,69.41000366210938,67.63999938964844,69.33999633789062,58.522098541259766,12781600,0.0,0.0
2019-02-06 00:00:00-05:00,69.2300033569336,69.38999938964844,68.5,68.8499984741211,58.411808013916016,10283400,0.36,0.0
2019-02-07 00:00:00-05:00,68.5999984741211,69.20999908447266,68.4800033569336,69.13999938964844,58.65785217285156,10109200,0.0,0.0
2019-02-08 00:00:00-05:00,68.7699966430664,69.81999969482422,68.5999984741211,69.75,59.175357818603516,8862000,0.0,0.0
2019-02-11 00:00:00-05:00,70.0,70.47000122070312,69.8499984741211,69.98999786376953,59.37898254394531,9229700,0.0,0.0
2019-02-12 00:00:00-05:00,70.23999786376953,70.45999908447266,69.70999908447266,69.75,59.175357818603516,8848900,0.0,0.0
2019-02-13 00:00:00-05:00,69.80999755859375,70.5999984741211,69.80000305175781,70.51000213623047,59.82014083862305,10264000,0.0,0.0
2019-02-14 00:00:00-05:00,70.12999725341797,71.54000091552734,69.97000122070312,70.83999633789062,60.10011672973633,9441100,0.0,0.0
2019-02-15 00:00:00-05:00,71.1500015258789,71.37000274658203,70.19000244140625,70.70999908447266,59.989803314208984,13924600,0.0,0.0
2019-02-19 00:00:00-05:00,70.45999908447266,70.5999984741211,69.77999877929688,70.19999694824219,59.55714797973633,9208400,0.0,0.0
2019-02-20 00:00:00-05:00,70.2300033569336,70.5999984741211,70.05000305175781,70.38999938964844,59.718345642089844,9671800,0.0,0.0
2019-02-21 00:00:00-05:00,70.13999938964844,70.93000030517578,70.13999938964844,70.69999694824219,59.98133087158203,10933500,0.0,0.0
2019-02-22 00:00:00-05:00,70.76000213623047,71.38999938964844,70.75,71.30000305175781,60.490386962890625,11311600,0.0,0.0
2019-02-25 00:00:00-05:00,71.9000015258789,72.06999969482422,70.9800033569336,71.05000305175781,60.27827835083008,12071200,0.0,0.0
2019-02-26 00:00:00-05:00,71.0,71.44999694824219,70.91999816894531,71.13999938964844,60.35462951660156,12302300,0.0,0.0
2019-02-27 00:00:00-05:00,70.83000183105469,71.12999725341797,69.91999816894531,70.1500015258789,59.514732360839844,13274800,0.0,0.0
2019-02-28 00:00:00-05:00,70.13999938964844,70.48999786376953,69.77999877929688,70.26000213623047,59.608062744140625,18956700,0.0,0.0
2019-03-01 00:00:00-05:00,70.62999725341797,71.11000061035156,70.44999694824219,70.8499984741211,60.10860061645508,8067700,0.0,0.0
2019-03-04 00:00:00-05:00,70.98999786376953,71.3499984741211,70.37000274658203,70.94999694824219,60.19343566894531,9219700,0.0,0.0
2019-03-05 00:00:00-05:00,71.19000244140625,71.88999938964844,71.05999755859375,71.58000183105469,60.7279052734375,10496100,0.0,0.0
2019-03-06 00:00:00-05:00,71.80999755859375,72.18000030517578,71.16000366210938,71.2699966430664,60.46492004394531,7666100,0.0,0.0
2019-03-07 00:00:00-05:00,71.19999694824219,71.36000061035156,70.45999908447266,70.61000061035156,59.90498733520508,7814700,0.0,0.0
2019-03-08 00:00:00-05:00,70.1500015258789,70.2699966430664,69.02999877929688,69.36000061035156,58.84449768066406,12363900,0.0,0.0
2019-03-11 00:00:00-04:00,69.37999725341797,70.01000213623047,69.13999938964844,69.68000030517578,59.115966796875,11518300,0.0,0.0
2019-03-12 00:00:00-04:00,69.73999786376953,70.58000183105469,69.69000244140625,70.05000305175781,59.42988967895508,12751700,0.0,0.0
2019-03-13 00:00:00-04:00,70.08999633789062,70.9000015258789,69.9800033569336,70.0999984741211,59.47230911254883,13798600,0.0,0.0
2019-03-14 00:00:00-04:00,70.19000244140625,70.88999938964844,70.19000244140625,70.73999786376953,60.015281677246094,9249200,0.0,0.0
2019-03-15 00:00:00-04:00,70.80000305175781,71.20999908447266,70.54000091552734,70.66999816894531,59.95589065551758,13096900,0.0,0.0
2019-03-18 00:00:00-04:00,70.77999877929688,71.12000274658203,70.44000244140625,70.83999633789062,60.10011672973633,5682400,0.0,0.0
2019-03-19 00:00:00-04:00,70.94999694824219,71.69999694824219,70.87000274658203,71.37999725341797,60.558231353759766,7810700,0.0,0.0
2019-03-20 00:00:00-04:00,71.80000305175781,72.4000015258789,71.33999633789062,71.62999725341797,60.77032470703125,9512400,0.0,0.0
2019-03-21 00:00:00-04:00,71.31999969482422,72.44000244140625,71.31999969482422,72.26000213623047,61.30483627319336,8044400,0.0,0.0
2019-03-22 00:00:00-04:00,72.05000305175781,72.41000366210938,71.69000244140625,71.95999908447266,61.0503044128418,8022800,0.0,0.0
2019-03-25 00:00:00-04:00,72.0,72.4800033569336,71.7300033569336,72.30000305175781,61.33879089355469,6453800,0.0,0.0
2019-03-26 00:00:00-04:00,72.72000122070312,73.19000244140625,72.33000183105469,72.95999908447266,61.898704528808594,7624000,0.0,0.0
2019-03-27 00:00:00-04:00,72.94000244140625,73.26000213623047,72.62000274658203,72.73999786376953,61.71205139160156,7662700,0.0,0.0
2019-03-28 00:00:00-04:00,72.97000122070312,73.9800033569336,72.88999938964844,73.95999908447266,62.747100830078125,6709600,0.0,0.0
2019-03-29 00:00:00-04:00,74.01000213623047,74.4800033569336,73.52999877929688,74.33999633789062,63.06947326660156,9099500,0.0,0.0
2019-04-01 00:00:00-04:00,74.76000213623047,74.93000030517578,73.7300033569336,73.95999908447266,62.747100830078125,8108400,0.0,0.0
2019-04-02 00:00:00-04:00,74.01000213623047,74.44999694824219,73.83999633789062,74.2699966430664,63.01008605957031,5520900,0.0,0.0
2019-04-03 00:00:00-04:00,74.55999755859375,74.77999877929688,73.87000274658203,74.33000183105469,63.061012268066406,6755600,0.0,0.0
2019-04-04 00:00:00-04:00,74.5,74.66999816894531,73.9800033569336,74.3499984741211,63.07798385620117,5449800,0.0,0.0
2019-04-05 00:00:00-04:00,74.3499984741211,75.08000183105469,74.3499984741211,75.02999877929688,63.654876708984375,5346200,0.0,0.0
2019-04-08 00:00:00-04:00,74.47000122070312,75.30000305175781,74.47000122070312,75.19999694824219,63.799102783203125,5140400,0.0,0.0
2019-04-09 00:00:00-04:00,74.87000274658203,75.2300033569336,74.80000305175781,75.12000274658203,63.731258392333984,4905800,0.0,0.0
2019-04-10 00:00:00-04:00,75.20999908447266,75.81999969482422,75.20999908447266,75.4800033569336,64.03667449951172,6066300,0.0,0.0
2019-04-11 00:00:00-04:00,75.75,76.06999969482422,75.6500015258789,75.87000274658203,64.3675537109375,6042600,0.0,0.0
2019-04-12 00:00:00-04:00,76.0999984741211,76.94999694824219,76.06999969482422,76.6500015258789,65.0292739868164,5194800,0.0,0.0
2019-04-15 00:00:00-04:00,76.66999816894531,76.69999694824219,76.08000183105469,76.16000366210938,64.61355590820312,7632200,0.0,0.0
2019-04-16 00:00:00-04:00,76.4800033569336,76.55999755859375,75.36000061035156,75.69999694824219,64.22330474853516,8336600,0.0,0.0
2019-04-17 00:00:00-04:00,75.61000061035156,75.95999908447266,74.80000305175781,75.12000274658203,63.731258392333984,9439000,0.0,0.0
2019-04-18 00:00:00-04:00,75.4800033569336,76.26000213623047,75.20999908447266,76.05999755859375,64.5287094116211,6607800,0.0,0.0
2019-04-22 00:00:00-04:00,75.70999908447266,76.05999755859375,75.20999908447266,75.4000015258789,63.96879959106445,4883100,0.0,0.0
2019-04-23 00:00:00-04:00,75.4800033569336,76.05999755859375,75.41000366210938,75.98999786376953,64.46935272216797,5273900,0.0,0.0
2019-04-24 00:00:00-04:00,76.05000305175781,76.87999725341797,75.91000366210938,76.38999938964844,64.8086929321289,9347300,0.0,0.0
2019-04-25 00:00:00-04:00,76.11000061035156,77.2300033569336,75.94999694824219,77.11000061035156,65.41952514648438,11084500,0.0,0.0
2019-04-26 00:00:00-04:00,76.94999694824219,77.5199966430664,75.05999755859375,77.44999694824219,65.70797729492188,12550500,0.0,0.0
2019-04-29 00:00:00-04:00,77.30000305175781,77.66999816894531,76.58999633789062,76.91000366210938,65.2498779296875,5426800,0.0,0.0
2019-04-30 00:00:00-04:00,77.0,77.79000091552734,76.69000244140625,77.68000030517578,65.90312194824219,7384400,0.0,0.0
2019-05-01 00:00:00-04:00,77.66999816894531,78.1500015258789,77.37000274658203,77.5199966430664,65.7673568725586,6678000,0.0,0.0
2019-05-02 00:00:00-04:00,77.66000366210938,77.76000213623047,76.75,77.47000122070312,65.7249526977539,6247500,0.0,0.0
2019-05-03 00:00:00-04:00,77.58999633789062,78.4000015258789,77.33999633789062,78.05000305175781,66.217041015625,4967900,0.0,0.0
2019-05-06 00:00:00-04:00,77.19999694824219,78.08000183105469,77.0199966430664,78.05999755859375,66.2254867553711,5607500,0.0,0.0
2019-05-07 00:00:00-04:00,77.56999969482422,78.73999786376953,77.41999816894531,77.95999908447266,66.14065551757812,8115800,0.0,0.0
2019-05-08 00:00:00-04:00,77.58000183105469,78.63999938964844,77.12000274658203,78.05000305175781,66.52421569824219,7799900,0.36,0.0
2019-05-09 00:00:00-04:00,77.58000183105469,78.2300033569336,77.3499984741211,77.9000015258789,66.3963851928711,7326600,0.0,0.0
2019-05-10 00:00:00-04:00,77.62999725341797,78.80000305175781,77.16000366210938,78.41999816894531,66.83958435058594,6448600,0.0,0.0
2019-05-13 00:00:00-04:00,77.25,77.77999877929688,76.08000183105469,76.68000030517578,65.35653686523438,9778500,0.0,0.0
2019-05-14 00:00:00-04:00,76.75,77.73999786376953,76.68000030517578,77.05999755859375,65.68038940429688,6870900,0.0,0.0
2019-05-15 00:00:00-04:00,76.69000244140625,77.94000244140625,76.52999877929688,77.76000213623047,66.27704620361328,5415500,0.0,0.0
2019-05-16 00:00:00-04:00,77.66000366210938,79.23999786376953,77.56999969482422,78.9000015258789,67.24870300292969,6941800,0.0,0.0
2019-05-17 00:00:00-04:00,78.5199966430664,79.6500015258789,78.37000274658203,78.91000366210938,67.2572250366211,7379900,0.0,0.0
2019-05-20 00:00:00-04:00,78.30000305175781,78.41999816894531,76.56999969482422,76.66000366210938,65.33948516845703,11475000,0.0,0.0
2019-05-21 00:00:00-04:00,77.05000305175781,77.8499984741211,76.75,77.52999877929688,66.08100128173828,5808500,0.0,0.0
2019-05-22 00:00:00-04:00,77.19999694824219,77.72000122070312,76.91000366210938,77.25,65.84233856201172,5602300,0.0,0.0
2019-05-23 00:00:00-04:00,76.87999725341797,76.94000244140625,75.69000244140625,76.41000366210938,65.12641906738281,9213200,0.0,0.0
2019-05-24 00:00:00-04:00,76.83000183105469,77.05999755859375,75.97000122070312,76.1500015258789,64.90479278564453,5627600,0.0,0.0
2019-05-28 00:00:00-04:00,76.36000061035156,76.68000030517578,75.31999969482422,75.69999694824219,64.521240234375,16205200,0.0,0.0
2019-05-29 00:00:00-04:00,75.33000183105469,75.48999786376953,74.33000183105469,75.27999877929688,64.16326141357422,10511600,0.0,0.0
2019-05-30 00:00:00-04:00,75.6500015258789,76.43000030517578,75.62999725341797,76.16999816894531,64.92181396484375,7178400,0.0,0.0
2019-05-31 00:00:00-04:00,75.5999984741211,76.31999969482422,75.37999725341797,76.05999755859375,64.82808685302734,7625700,0.0,0.0
2019-06-03 00:00:00-04:00,76.12000274658203,76.52999877929688,75.6500015258789,76.22000122070312,64.9644546508789,8122200,0.0,0.0
2019-06-04 00:00:00-04:00,76.7699966430664,78.76000213623047,76.66000366210938,78.5199966430664,66.92479705810547,11685000,0.0,0.0
2019-06-05 00:00:00-04:00,78.79000091552734,79.97000122070312,78.66000366210938,79.95999908447266,68.15216064453125,7437100,0.0,0.0
2019-06-06 00:00:00-04:00,80.02999877929688,81.62999725341797,79.9000015258789,81.4000015258789,69.3795394897461,10457200,0.0,0.0
2019-06-07 00:00:00-04:00,81.5999984741211,83.33000183105469,81.51000213623047,82.4800033569336,70.30003356933594,11278800,0.0,0.0
2019-06-10 00:00:00-04:00,82.8499984741211,82.86000061035156,81.37999725341797,81.93000030517578,69.83124542236328,8102800,0.0,0.0
2019-06-11 00:00:00-04:00,82.30000305175781,82.86000061035156,81.8499984741211,82.37000274658203,70.20628356933594,6226400,0.0,0.0
2019-06-12 00:00:00-04:00,82.58999633789062,83.66999816894531,82.31999969482422,82.93000030517578,70.68356323242188,6088800,0.0,0.0
2019-06-13 00:00:00-04:00,83.33000183105469,84.05000305175781,83.0199966430664,83.3499984741211,71.04154968261719,7156800,0.0,0.0
2019-06-14 00:00:00-04:00,83.54000091552734,84.61000061035156,83.38999938964844,84.23999786376953,71.80011749267578,9226500,0.0,0.0
2019-06-17 00:00:00-04:00,84.6500015258789,84.69000244140625,82.88999938964844,83.0199966430664,70.7602767944336,9313700,0.0,0.0
2019-06-18 00:00:00-04:00,83.55000305175781,84.11000061035156,82.88999938964844,82.91999816894531,70.67506408691406,10582600,0.0,0.0
2019-06-19 00:00:00-04:00,83.08000183105469,83.91999816894531,82.08000183105469,83.80999755859375,71.43363952636719,5401400,0.0,0.0
2019-06-20 00:00:00-04:00,84.41000366210938,84.83000183105469,83.83000183105469,84.69000244140625,72.18368530273438,5215800,0.0,0.0
2019-06-21 00:00:00-04:00,84.43000030517578,84.7699966430664,83.80999755859375,83.81999969482422,71.442138671875,12610000,0.0,0.0
2019-06-24 00:00:00-04:00,84.08000183105469,84.55999755859375,83.61000061035156,83.6500015258789,71.29727172851562,6692500,0.0,0.0
2019-06-25 00:00:00-04:00,84.19999694824219,85.19999694824219,83.95999908447266,84.25,71.80864715576172,7312300,0.0,0.0
2019-06-26 00:00:00-04:00,84.30000305175781,84.30000305175781,83.18000030517578,83.37999725341797,71.06712341308594,7576400,0.0,0.0
2019-06-27 00:00:00-04:00,83.55000305175781,83.88999938964844,83.20999908447266,83.55999755859375,71.22054290771484,6084200,0.0,0.0
2019-06-28 00:00:00-04:00,83.55999755859375,83.95999908447266,83.31999969482422,83.83000183105469,71.45065307617188,6735300,0.0,0.0
2019-07-01 00:00:00-04:00,84.62000274658203,84.95999908447266,84.02999877929688,84.55000305175781,72.06433868408203,7935100,0.0,0.0
2019-07-02 00:00:00-04:00,84.73999786376953,85.58999633789062,84.5199966430664,85.51000213623047,72.88261413574219,6205800,0.0,0.0
2019-07-03 00:00:00-04:00,86.04000091552734,87.81999969482422,85.9800033569336,87.79000091552734,74.82588958740234,7818600,0.0,0.0
2019-07-05 00:00:00-04:00,87.5,87.88999938964844,86.87999725341797,87.79000091552734,74.82588958740234,5733100,0.0,0.0
2019-07-08 00:00:00-04:00,87.5999984741211,87.94999694824219,87.18000030517578,87.44000244140625,74.527587890625,6359500,0.0,0.0
2019-07-09 00:00:00-04:00,87.29000091552734,87.6500015258789,86.88999938964844,87.2300033569336,74.34859466552734,5355400,0.0,0.0
2019-07-10 00:00:00-04:00,87.41999816894531,88.54000091552734,87.41999816894531,88.37999725341797,75.32876586914062,5293000,0.0,0.0
2019-07-11 00:00:00-04:00,88.66000366210938,89.29000091552734,88.2699966430664,89.06999969482422,75.9168930053711,6191400,0.0,0.0
2019-07-12 00:00:00-04:00,89.27999877929688,89.81999969482422,88.8499984741211,89.7699966430664,76.51349639892578,5628000,0.0,0.0
2019-07-15 00:00:00-04:00,89.87000274658203,90.33999633789062,89.66000366210938,90.16000366210938,76.8459243774414,6061300,0.0,0.0
2019-07-16 00:00:00-04:00,90.22000122070312,90.4800033569336,89.58999633789062,90.08000183105469,76.77775573730469,5591900,0.0,0.0
2019-07-17 00:00:00-04:00,90.08000183105469,90.37999725341797,89.7300033569336,90.25,76.92263793945312,4635900,0.0,0.0
2019-07-18 00:00:00-04:00,90.33000183105469,91.54000091552734,89.94999694824219,91.5,77.988037109375,6470200,0.0,0.0
2019-07-19 00:00:00-04:00,91.41000366210938,91.61000061035156,90.2300033569336,90.30000305175781,76.96525573730469,10804800,0.0,0.0
2019-07-22 00:00:00-04:00,90.5199966430664,91.18000030517578,90.05000305175781,90.91999816894531,77.4936752319336,5636600,0.0,0.0
2019-07-23 00:00:00-04:00,91.25,91.36000061035156,89.16999816894531,90.11000061035156,76.80327606201172,7609200,0.0,0.0
2019-07-24 00:00:00-04:00,89.9000015258789,90.75,89.68000030517578,90.6500015258789,77.2635498046875,5388100,0.0,0.0
2019-07-25 00:00:00-04:00,91.48999786376953,91.55000305175781,90.47000122070312,90.9800033569336,77.5448226928711,8106300,0.0,0.0
2019-07-26 00:00:00-04:00,96.4000015258789,99.72000122070312,95.20999908447266,99.11000061035156,84.4742431640625,20846500,0.0,0.0
2019-07-29 00:00:00-04:00,98.05000305175781,98.94000244140625,97.20999908447266,98.0199966430664,83.54520416259766,11184500,0.0,0.0
2019-07-30 00:00:00-04:00,97.5,98.27999877929688,96.5199966430664,96.6500015258789,82.37754821777344,7248300,0.0,0.0
2019-07-31 00:00:00-04:00,96.6500015258789,96.6500015258789,93.5,94.69000244140625,80.70697021484375,9912100,0.0,0.0
2019-08-01 00:00:00-04:00,95.0,97.58000183105469,94.58000183105469,95.37999725341797,81.2950668334961,8342300,0.0,0.0
2019-08-02 00:00:00-04:00,95.0,96.04000091552734,94.80000305175781,95.51000213623047,81.4058609008789,6381700,0.0,0.0
2019-08-05 00:00:00-04:00,94.51000213623047,95.5199966430664,93.02999877929688,93.69999694824219,79.8631362915039,8917400,0.0,0.0
2019-08-06 00:00:00-04:00,94.30999755859375,95.70999908447266,93.80000305175781,95.33999633789062,81.2609634399414,7438000,0.0,0.0
2019-08-07 00:00:00-04:00,94.5999984741211,95.69999694824219,94.16999816894531,95.22000122070312,81.46631622314453,6414000,0.36,0.0
2019-08-08 00:00:00-04:00,95.2300033569336,96.41000366210938,94.44000244140625,96.2699966430664,82.36465454101562,7423600,0.0,0.0
2019-08-09 00:00:00-04:00,96.1500015258789,96.83999633789062,95.41999816894531,96.30000305175781,82.39029693603516,5209200,0.0,0.0
2019-08-12 00:00:00-04:00,95.77999877929688,96.0199966430664,94.30000305175781,94.91000366210938,81.2010726928711,5513800,0.0,0.0
2019-08-13 00:00:00-04:00,94.5199966430664,96.66999816894531,94.20999908447266,96.62999725341797,82.67263793945312,8915600,0.0,0.0
2019-08-14 00:00:00-04:00,95.91000366210938,97.0199966430664,94.87000274658203,94.91999816894531,81.20962524414062,9989500,0.0,0.0
2019-08-15 00:00:00-04:00,95.5,96.2699966430664,94.61000061035156,95.52999877929688,81.73149871826172,5559400,0.0,0.0
2019-08-16 00:00:00-04:00,96.29000091552734,96.83000183105469,95.8499984741211,96.5199966430664,82.57852172851562,4852200,0.0,0.0
2019-08-19 00:00:00-04:00,97.2300033569336,97.41000366210938,96.22000122070312,96.66000366210938,82.69831085205078,5324900,0.0,0.0
2019-08-20 00:00:00-04:00,96.3499984741211,97.12000274658203,95.58999633789062,95.62999725341797,81.81709289550781,6809100,0.0,0.0
2019-08-21 00:00:00-04:00,96.2699966430664,96.6500015258789,95.7300033569336,96.31999969482422,82.40742492675781,4740500,0.0,0.0
2019-08-22 00:00:00-04:00,96.58999633789062,96.8499984741211,95.69999694824219,96.48999786376953,82.55286407470703,5146200,0.0,0.0
2019-08-23 00:00:00-04:00,96.41000366210938,97.0999984741211,94.38999938964844,94.69999694824219,81.02141571044922,8076600,0.0,0.0
2019-08-26 00:00:00-04:00,95.37999725341797,96.5,95.0,96.5,82.56141662597656,5802600,0.0,0.0
2019-08-27 00:00:00-04:00,96.69999694824219,97.0999984741211,96.02999877929688,96.08999633789062,82.21063995361328,6539800,0.0,0.0
2019-08-28 00:00:00-04:00,96.2300033569336,97.20999908447266,96.0,97.06999969482422,83.049072265625,4948800,0.0,0.0
2019-08-29 00:00:00-04:00,97.8499984741211,98.06999969482422,97.05999755859375,97.69999694824219,83.58809661865234,4514300,0.0,0.0
2019-08-30 00:00:00-04:00,98.13999938964844,98.13999938964844,96.11000061035156,96.55999755859375,82.61273956298828,5209500,0.0,0.0
2019-09-03 00:00:00-04:00,96.41999816894531,97.20999908447266,96.05000305175781,96.7699966430664,82.79243469238281,5150700,0.0,0.0
2019-09-04 00:00:00-04:00,94.4800033569336,96.33000183105469,93.02999877929688,96.11000061035156,82.22774505615234,12937000,0.0,0.0
2019-09-05 00:00:00-04:00,96.54000091552734,96.95999908447266,95.16999816894531,95.55999755859375,81.75718688964844,5514400,0.0,0.0
2019-09-06 00:00:00-04:00,95.75,96.33999633789062,95.51000213623047,95.73999786376953,81.91120147705078,3991800,0.0,0.0
2019-09-09 00:00:00-04:00,95.80000305175781,95.93000030517578,93.73999786376953,94.16000366210938,80.55941772460938,6523300,0.0,0.0
2019-09-10 00:00:00-04:00,93.80999755859375,93.87999725341797,89.30000305175781,90.3499984741211,77.29972839355469,12490900,0.0,0.0
2019-09-11 00:00:00-04:00,90.18000030517578,91.44999694824219,89.61000061035156,90.9800033569336,77.83875274658203,8406600,0.0,0.0
2019-09-12 00:00:00-04:00,92.16000366210938,93.31999969482422,91.7699966430664,92.05999755859375,78.76274871826172,6862200,0.0,0.0
2019-09-13 00:00:00-04:00,92.1500015258789,92.1500015258789,90.31999969482422,90.4800033569336,77.41096496582031,6972300,0.0,0.0
2019-09-16 00:00:00-04:00,90.0199966430664,90.44999694824219,89.37999725341797,89.41999816894531,76.50405883789062,6339200,0.0,0.0
2019-09-17 00:00:00-04:00,89.66999816894531,91.45999908447266,89.6500015258789,90.75,77.64195251464844,6493200,0.0,0.0
2019-09-18 00:00:00-04:00,90.9800033569336,91.36000061035156,90.05999755859375,90.95999908447266,77.82164001464844,4510700,0.0,0.0
2019-09-19 00:00:00-04:00,90.98999786376953,92.0999984741211,90.30000305175781,91.55999755859375,78.3349609375,4843600,0.0,0.0
2019-09-20 00:00:00-04:00,91.61000061035156,92.08000183105469,90.05999755859375,90.06999969482422,77.06018829345703,10913800,0.0,0.0
2019-09-23 00:00:00-04:00,90.31999969482422,91.16000366210938,89.93000030517578,90.80999755859375,77.69328308105469,4532400,0.0,0.0
2019-09-24 00:00:00-04:00,91.5999984741211,91.7699966430664,89.51000213623047,89.91999816894531,76.93183898925781,5662600,0.0,0.0
2019-09-25 00:00:00-04:00,89.94000244140625,90.61000061035156,89.0199966430664,90.3499984741211,77.29972839355469,4764000,0.0,0.0
2019-09-26 00:00:00-04:00,90.83999633789062,91.1500015258789,89.5,89.80000305175781,76.82917785644531,5026400,0.0,0.0
2019-09-27 00:00:00-04:00,90.30000305175781,90.30000305175781,87.79000091552734,88.37000274658203,75.60572814941406,5987700,0.0,0.0
2019-09-30 00:00:00-04:00,88.41000366210938,88.55999755859375,87.61000061035156,88.41999816894531,75.64848327636719,6588300,0.0,0.0
2019-10-01 00:00:00-04:00,88.62999725341797,88.88999938964844,86.44999694824219,86.51000213623047,74.01438903808594,6719400,0.0,0.0
2019-10-02 00:00:00-04:00,85.94999694824219,86.01000213623047,84.16000366210938,84.31999969482422,72.14070129394531,9858200,0.0,0.0
2019-10-03 00:00:00-04:00,84.30000305175781,84.91000366210938,83.61000061035156,84.66999816894531,72.4401626586914,5989000,0.0,0.0
2019-10-04 00:00:00-04:00,84.9000015258789,85.97000122070312,84.75,85.91999816894531,73.50960540771484,5869000,0.0,0.0
2019-10-07 00:00:00-04:00,85.70999908447266,86.16000366210938,85.48999786376953,85.8499984741211,73.44971466064453,4382900,0.0,0.0
2019-10-08 00:00:00-04:00,85.48999786376953,86.33000183105469,84.69000244140625,84.91000366210938,72.64550018310547,6100400,0.0,0.0
2019-10-09 00:00:00-04:00,85.37000274658203,86.16999816894531,85.27999877929688,85.8499984741211,73.44971466064453,4427200,0.0,0.0
2019-10-10 00:00:00-04:00,85.91000366210938,86.06999969482422,85.37999725341797,85.95999908447266,73.54383850097656,3986000,0.0,0.0
2019-10-11 00:00:00-04:00,87.0199966430664,87.25,86.26000213623047,86.36000061035156,73.88605499267578,5611000,0.0,0.0
2019-10-14 00:00:00-04:00,86.5,87.68000030517578,86.4000015258789,86.62000274658203,74.10851287841797,4881000,0.0,0.0
2019-10-15 00:00:00-04:00,87.0,87.25,85.76000213623047,86.44999694824219,73.96306610107422,4695100,0.0,0.0
2019-10-16 00:00:00-04:00,86.52999877929688,86.83000183105469,86.05000305175781,86.70999908447266,74.18549346923828,3698700,0.0,0.0
2019-10-17 00:00:00-04:00,86.87999725341797,87.0199966430664,86.16000366210938,86.29000091552734,73.826171875,4359400,0.0,0.0
2019-10-18 00:00:00-04:00,86.3499984741211,86.75,85.5199966430664,86.02999877929688,73.60372161865234,4631200,0.0,0.0
2019-10-21 00:00:00-04:00,86.0,86.23999786376953,85.08000183105469,85.3499984741211,73.02194213867188,4861200,0.0,0.0
2019-10-22 00:00:00-04:00,85.2300033569336,85.3499984741211,83.38999938964844,83.45999908447266,71.40494537353516,5767500,0.0,0.0
2019-10-23 00:00:00-04:00,84.30999755859375,84.41000366210938,82.12999725341797,82.73999786376953,70.78892517089844,7136200,0.0,0.0
2019-10-24 00:00:00-04:00,82.80000305175781,83.52999877929688,82.66000366210938,83.18000030517578,71.1653823852539,4591100,0.0,0.0
2019-10-25 00:00:00-04:00,83.20999908447266,83.56999969482422,82.62999725341797,83.37999725341797,71.33647918701172,5235300,0.0,0.0
2019-10-28 00:00:00-04:00,84.47000122070312,84.9800033569336,83.36000061035156,83.5999984741211,71.52471160888672,6653400,0.0,0.0
2019-10-29 00:00:00-04:00,83.80999755859375,84.62999725341797,83.63999938964844,84.12999725341797,71.97815704345703,5699100,0.0,0.0
2019-10-30 00:00:00-04:00,84.61000061035156,84.69999694824219,83.31999969482422,84.19000244140625,72.02948760986328,8731300,0.0,0.0
2019-10-31 00:00:00-04:00,86.70999908447266,87.22000122070312,83.27999877929688,84.55999755859375,72.34606170654297,14008800,0.0,0.0
2019-11-01 00:00:00-04:00,84.79000091552734,85.30999755859375,82.61000061035156,83.20999908447266,71.19104766845703,10658500,0.0,0.0
2019-11-04 00:00:00-05:00,83.30000305175781,83.44000244140625,81.9000015258789,82.37000274658203,70.47237396240234,8271200,0.0,0.0
2019-11-05 00:00:00-05:00,82.33999633789062,82.33999633789062,81.02999877929688,81.88999938964844,70.06172180175781,7054400,0.0,0.0
2019-11-06 00:00:00-05:00,82.08000183105469,83.37000274658203,82.0,82.98999786376953,71.00282287597656,6365300,0.0,0.0
2019-11-07 00:00:00-05:00,83.05999755859375,83.29000091552734,81.83999633789062,81.94999694824219,70.11305236816406,7221400,0.0,0.0
2019-11-08 00:00:00-05:00,82.19000244140625,82.63999938964844,81.44999694824219,81.7699966430664,69.95902252197266,7054800,0.0,0.0
2019-11-11 00:00:00-05:00,81.75,82.52999877929688,81.37000274658203,82.43000030517578,70.52371978759766,5828200,0.0,0.0
2019-11-12 00:00:00-05:00,82.69000244140625,83.9800033569336,82.61000061035156,83.31999969482422,71.6414794921875,8551400,0.41,0.0
2019-11-13 00:00:00-05:00,83.29000091552734,84.29000091552734,83.19999694824219,83.94000244140625,72.17459106445312,7407900,0.0,0.0
2019-11-14 00:00:00-05:00,84.0999984741211,84.5199966430664,83.80000305175781,84.37999725341797,72.55289459228516,5285100,0.0,0.0
2019-11-15 00:00:00-05:00,84.68000030517578,84.94000244140625,83.56999969482422,84.20999908447266,72.40674591064453,7533000,0.0,0.0
2019-11-18 00:00:00-05:00,83.91999816894531,84.11000061035156,83.25,84.0199966430664,72.24339294433594,6432200,0.0,0.0
2019-11-19 00:00:00-05:00,84.05999755859375,84.27999877929688,83.56999969482422,83.66000366210938,71.933837890625,6008400,0.0,0.0
2019-11-20 00:00:00-05:00,83.54000091552734,84.48999786376953,82.9800033569336,83.5999984741211,71.88224029541016,6248700,0.0,0.0
2019-11-21 00:00:00-05:00,83.75,84.04000091552734,81.76000213623047,82.30000305175781,70.76445007324219,8300500,0.0,0.0
2019-11-22 00:00:00-05:00,82.69000244140625,83.38999938964844,82.66000366210938,83.0199966430664,71.38353729248047,6080400,0.0,0.0
2019-11-25 00:00:00-05:00,83.16000366210938,84.0,82.93000030517578,83.75,72.0112075805664,5450400,0.0,0.0
2019-11-26 00:00:00-05:00,84.12999725341797,84.6500015258789,84.0,84.55999755859375,72.70770263671875,7651500,0.0,0.0
2019-11-27 00:00:00-05:00,84.8499984741211,85.80999755859375,84.41999816894531,85.7699966430664,73.74810028076172,7502400,0.0,0.0
2019-11-29 00:00:00-05:00,85.91000366210938,86.7300033569336,85.25,85.43000030517578,73.45576477050781,3857000,0.0,0.0
2019-12-02 00:00:00-05:00,85.37999725341797,85.7699966430664,83.81999969482422,84.56999969482422,72.71630096435547,6425800,0.0,0.0
2019-12-03 00:00:00-05:00,84.02999877929688,85.0,83.81999969482422,84.81999969482422,72.93124389648438,6049800,0.0,0.0
2019-12-04 00:00:00-05:00,85.12999725341797,85.54000091552734,84.69999694824219,85.4000015258789,73.42994689941406,5940300,0.0,0.0
2019-12-05 00:00:00-05:00,85.44000244140625,85.4800033569336,84.31999969482422,84.44999694824219,72.61311340332031,5170800,0.0,0.0
2019-12-06 00:00:00-05:00,85.02999877929688,86.52999877929688,85.02999877929688,86.31999969482422,74.22100067138672,8499800,0.0,0.0
2019-12-09 00:00:00-05:00,86.30999755859375,86.62999725341797,85.95999908447266,86.27999877929688,74.18660736083984,7164700,0.0,0.0
2019-12-10 00:00:00-05:00,86.5,87.47000122070312,85.91000366210938,86.04000091552734,73.98026275634766,7944800,0.0,0.0
2019-12-11 00:00:00-05:00,86.26000213623047,86.87000274658203,85.8499984741211,86.58999633789062,74.4531478881836,4921900,0.0,0.0
2019-12-12 00:00:00-05:00,88.0,88.88999938964844,87.54000091552734,88.20999908447266,75.84608459472656,10282100,0.0,0.0
2019-12-13 00:00:00-05:00,88.0199966430664,88.79000091552734,87.58000183105469,88.66999816894531,76.24160766601562,6714100,0.0,0.0
2019-12-16 00:00:00-05:00,89.13999938964844,89.30000305175781,88.43000030517578,88.77999877929688,76.3362045288086,6705600,0.0,0.0
2019-12-17 00:00:00-05:00,88.87000274658203,88.97000122070312,87.47000122070312,88.12999725341797,75.77732849121094,7296900,0.0,0.0
2019-12-18 00:00:00-05:00,88.38999938964844,88.8499984741211,87.81999969482422,87.98999786376953,75.65692901611328,5859200,0.0,0.0
2019-12-19 00:00:00-05:00,87.83000183105469,88.58999633789062,87.58000183105469,88.5199966430664,76.11264038085938,6022100,0.0,0.0
2019-12-20 00:00:00-05:00,88.79000091552734,89.0,87.88999938964844,88.45999908447266,76.06103515625,14271500,0.0,0.0
2019-12-23 00:00:00-05:00,88.62000274658203,88.8499984741211,88.18000030517578,88.2300033569336,75.86327362060547,4349700,0.0,0.0
2019-12-24 00:00:00-05:00,88.19999694824219,88.5999984741211,88.0,88.5199966430664,76.11264038085938,1847800,0.0,0.0
2019-12-26 00:00:00-05:00,88.7300033569336,88.76000213623047,87.79000091552734,88.08000183105469,75.73430633544922,4177700,0.0,0.0
2019-12-27 00:00:00-05:00,88.11000061035156,88.45999908447266,87.69000244140625,88.12999725341797,75.77732849121094,4129300,0.0,0.0
2019-12-30 00:00:00-05:00,88.01000213623047,88.19999694824219,87.05999755859375,87.44000244140625,75.18402099609375,4655600,0.0,0.0
2019-12-31 00:00:00-05:00,87.44000244140625,87.98999786376953,87.30999755859375,87.91999816894531,75.59673309326172,4115600,0.0,0.0
2020-01-02 00:00:00-05:00,88.12000274658203,89.3499984741211,88.05000305175781,89.3499984741211,76.82628631591797,6473800,0.0,0.0
2020-01-03 00:00:00-05:00,88.66000366210938,89.0999984741211,88.0999984741211,88.83000183105469,76.3791732788086,4874100,0.0,0.0
2020-01-06 00:00:00-05:00,88.11000061035156,88.41000366210938,87.47000122070312,88.12999725341797,75.77732849121094,5409800,0.0,0.0
2020-01-07 00:00:00-05:00,87.95999908447266,88.02999877929688,87.12999725341797,87.86000061035156,75.54517364501953,6514700,0.0,0.0
2020-01-08 00:00:00-05:00,87.94000244140625,89.3499984741211,87.77999877929688,88.87999725341797,76.42218780517578,7296300,0.0,0.0
2020-01-09 00:00:00-05:00,90.25,91.16000366210938,90.06999969482422,90.52999877929688,77.84091186523438,9443500,0.0,0.0
2020-01-10 00:00:00-05:00,90.80000305175781,90.88999938964844,89.62999725341797,90.16000366210938,77.52275848388672,7097900,0.0,0.0
2020-01-13 00:00:00-05:00,90.62000274658203,91.72000122070312,90.20999908447266,91.08000183105469,78.31382751464844,7382500,0.0,0.0
2020-01-14 00:00:00-05:00,91.19000244140625,91.44000244140625,90.86000061035156,90.98999786376953,78.2364273071289,5855200,0.0,0.0
2020-01-15 00:00:00-05:00,91.0,92.05999755859375,91.0,91.54000091552734,78.70936584472656,6145300,0.0,0.0
2020-01-16 00:00:00-05:00,91.98999786376953,92.61000061035156,91.62999725341797,92.58000183105469,79.60356903076172,5180300,0.0,0.0
2020-01-17 00:00:00-05:00,92.93000030517578,93.75,92.80999755859375,93.62000274658203,80.49778747558594,6962800,0.0,0.0
2020-01-21 00:00:00-05:00,92.83000183105469,93.5999984741211,92.19000244140625,92.52999877929688,79.56057739257812,7094600,0.0,0.0
2020-01-22 00:00:00-05:00,93.13999938964844,93.75,92.47000122070312,92.52999877929688,79.56057739257812,6157400,0.0,0.0
2020-01-23 00:00:00-05:00,91.91999816894531,93.8499984741211,90.73999786376953,93.75,80.60957336425781,6100600,0.0,0.0
2020-01-24 00:00:00-05:00,94.0,94.12999725341797,91.33999633789062,92.02999877929688,79.13066864013672,7815500,0.0,0.0
2020-01-27 00:00:00-05:00,88.62999725341797,89.44999694824219,87.55000305175781,88.7300033569336,76.29322814941406,11066500,0.0,0.0
2020-01-28 00:00:00-05:00,89.05000305175781,89.19000244140625,87.72000122070312,88.5999984741211,76.1814193725586,11922400,0.0,0.0
2020-01-29 00:00:00-05:00,88.1500015258789,88.44000244140625,85.5999984741211,86.72000122070312,74.56494903564453,17678700,0.0,0.0
2020-01-30 00:00:00-05:00,85.44999694824219,86.58999633789062,84.69000244140625,85.83999633789062,73.80827331542969,12224900,0.0,0.0
2020-01-31 00:00:00-05:00,85.79000091552734,85.98999786376953,84.5199966430664,84.83000183105469,72.93982696533203,11693900,0.0,0.0
2020-02-03 00:00:00-05:00,85.06999969482422,86.79000091552734,85.06999969482422,86.01000213623047,73.9544448852539,9090600,0.0,0.0
2020-02-04 00:00:00-05:00,87.13999938964844,89.0,86.62000274658203,88.37999725341797,75.99227142333984,9997100,0.0,0.0
2020-02-05 00:00:00-05:00,88.87999725341797,89.19999694824219,86.62999725341797,87.55999755859375,75.6380844116211,9982700,0.41,0.0
2020-02-06 00:00:00-05:00,87.6500015258789,87.69999694824219,86.1500015258789,86.1500015258789,74.4200668334961,8901400,0.0,0.0
2020-02-07 00:00:00-05:00,85.76000213623047,86.62000274658203,85.31999969482422,86.41999816894531,74.65331268310547,8073900,0.0,0.0
2020-02-10 00:00:00-05:00,86.43000030517578,87.62000274658203,86.16999816894531,87.52999877929688,75.6121826171875,7289300,0.0,0.0
2020-02-11 00:00:00-05:00,87.86000061035156,88.2300033569336,87.3499984741211,87.51000213623047,75.59490203857422,5098500,0.0,0.0
2020-02-12 00:00:00-05:00,87.70999908447266,89.0999984741211,87.38999938964844,88.56999969482422,76.51056671142578,7747800,0.0,0.0
2020-02-13 00:00:00-05:00,88.5,90.51000213623047,88.26000213623047,89.93000030517578,77.6854019165039,8576600,0.0,0.0
2020-02-14 00:00:00-05:00,90.18000030517578,90.41000366210938,88.98999786376953,89.27999877929688,77.12388610839844,5686900,0.0,0.0
2020-02-18 00:00:00-05:00,89.37000274658203,89.47000122070312,88.29000091552734,89.2300033569336,77.08071899414062,5288800,0.0,0.0
2020-02-19 00:00:00-05:00,89.48999786376953,90.44000244140625,89.30000305175781,90.13999938964844,77.8667984008789,5210800,0.0,0.0
2020-02-20 00:00:00-05:00,89.7300033569336,90.25,87.7300033569336,88.5999984741211,76.5364761352539,5969200,0.0,0.0
2020-02-21 00:00:00-05:00,88.0,88.38999938964844,87.0,87.36000061035156,75.4653091430664,5800500,0.0,0.0
2020-02-24 00:00:00-05:00,84.52999877929688,86.05000305175781,84.26000213623047,84.5199966430664,73.01200866699219,8313600,0.0,0.0
2020-02-25 00:00:00-05:00,85.0199966430664,85.3499984741211,81.66999816894531,82.19000244140625,70.9992446899414,9404000,0.0,0.0
2020-02-26 00:00:00-05:00,82.5999984741211,83.23999786376953,80.63999938964844,80.66999816894531,69.68620300292969,10541500,0.0,0.0
2020-02-27 00:00:00-05:00,78.83000183105469,80.87000274658203,77.36000061035156,78.29000091552734,67.63025665283203,17120800,0.0,0.0
2020-02-28 00:00:00-05:00,76.16999816894531,78.80999755859375,75.72000122070312,78.43000030517578,67.75119018554688,19108600,0.0,0.0
2020-03-02 00:00:00-05:00,77.91999816894531,82.41000366210938,77.66000366210938,82.37999725341797,71.16336059570312,14258700,0.0,0.0
2020-03-03 00:00:00-05:00,82.30000305175781,82.62000274658203,78.11000061035156,78.5999984741211,67.89806365966797,12395900,0.0,0.0
2020-03-04 00:00:00-05:00,79.29000091552734,80.19999694824219,77.87999725341797,79.66999816894531,68.82237243652344,10999600,0.0,0.0
2020-03-05 00:00:00-05:00,77.9000015258789,77.9000015258789,75.27999877929688,76.19000244140625,65.81620025634766,12545300,0.0,0.0
2020-03-06 00:00:00-05:00,73.45999908447266,75.70999908447266,72.05000305175781,75.33999633789062,65.0819320678711,18080100,0.0,0.0
2020-03-09 00:00:00-04:00,70.58000183105469,74.02999877929688,70.08000183105469,70.83000183105469,61.186004638671875,15930300,0.0,0.0
2020-03-10 00:00:00-04:00,72.55999755859375,74.94999694824219,70.02999877929688,74.87000274658203,64.67591857910156,18414000,0.0,0.0
2020-03-11 00:00:00-04:00,72.83000183105469,74.2699966430664,67.4000015258789,68.30000305175781,59.0004768371582,17138000,0.0,0.0
2020-03-12 00:00:00-04:00,62.95000076293945,66.79000091552734,61.459999084472656,62.099998474121094,53.6446418762207,25170600,0.0,0.0
2020-03-13 00:00:00-04:00,65.6500015258789,70.18000030517578,63.5099983215332,69.91999816894531,60.3998908996582,19247200,0.0,0.0
2020-03-16 00:00:00-04:00,60.630001068115234,63.95000076293945,58.11000061035156,58.59000015258789,50.612552642822266,23354300,0.0,0.0
2020-03-17 00:00:00-04:00,59.54999923706055,59.619998931884766,53.61000061035156,58.97999954223633,50.94945526123047,25045200,0.0,0.0
2020-03-18 00:00:00-04:00,55.54999923706055,57.650001525878906,50.02000045776367,56.33000183105469,48.66027069091797,28770600,0.0,0.0
2020-03-19 00:00:00-04:00,56.22999954223633,63.36000061035156,53.54999923706055,61.40999984741211,53.0485954284668,25167400,0.0,0.0
2020-03-20 00:00:00-04:00,62.29999923706055,65.68000030517578,57.90999984741211,58.029998779296875,50.12880325317383,28420600,0.0,0.0
2020-03-23 00:00:00-04:00,57.22999954223633,57.439998626708984,54.0,56.54999923706055,48.85030746459961,24905800,0.0,0.0
2020-03-24 00:00:00-04:00,62.61000061035156,65.16000366210938,61.0,64.87999725341797,56.04612350463867,28286200,0.0,0.0
2020-03-25 00:00:00-04:00,66.83000183105469,69.63999938964844,63.4900016784668,65.80999755859375,56.84950637817383,22977200,0.0,0.0
2020-03-26 00:00:00-04:00,66.70999908447266,71.58000183105469,66.25,69.9000015258789,60.38262939453125,20997500,0.0,0.0
2020-03-27 00:00:00-04:00,66.68000030517578,68.25,64.81999969482422,66.33999633789062,57.30732345581055,18950500,0.0,0.0
2020-03-30 00:00:00-04:00,66.55999755859375,68.22000122070312,64.58000183105469,67.86000061035156,58.62038040161133,14199700,0.0,0.0
2020-03-31 00:00:00-04:00,67.18000030517578,68.31999969482422,65.30999755859375,65.73999786376953,56.78902816772461,20109800,0.0,0.0
2020-04-01 00:00:00-04:00,63.0,64.76000213623047,61.58000183105469,62.619998931884766,54.09382629394531,12880400,0.0,0.0
2020-04-02 00:00:00-04:00,65.75,68.69999694824219,62.90999984741211,65.0,56.14979553222656,18175000,0.0,0.0
2020-04-03 00:00:00-04:00,64.47000122070312,64.75,60.900001525878906,63.04999923706055,54.465301513671875,14676500,0.0,0.0
2020-04-06 00:00:00-04:00,66.2699966430664,68.33999633789062,64.41000366210938,67.79000091552734,58.55992126464844,18010800,0.0,0.0
2020-04-07 00:00:00-04:00,71.56999969482422,72.4800033569336,68.33000183105469,68.70999908447266,59.35465621948242,13799400,0.0,0.0
2020-04-08 00:00:00-04:00,69.58000183105469,71.91999816894531,68.54000091552734,71.56999969482422,61.82524490356445,10417600,0.0,0.0
2020-04-09 00:00:00-04:00,71.19999694824219,74.26000213623047,70.13999938964844,73.87999725341797,63.82071304321289,19748100,0.0,0.0
2020-04-13 00:00:00-04:00,73.5199966430664,73.5999984741211,70.3499984741211,71.76000213623047,61.989376068115234,11191800,0.0,0.0
2020-04-14 00:00:00-04:00,73.69000244140625,74.33000183105469,72.66000366210938,73.66999816894531,63.639305114746094,10912000,0.0,0.0
2020-04-15 00:00:00-04:00,72.01000213623047,73.18000030517578,70.70999908447266,72.55000305175781,62.67181396484375,10642500,0.0,0.0
2020-04-16 00:00:00-04:00,73.11000061035156,73.76000213623047,71.3499984741211,73.51000213623047,63.5010871887207,11946800,0.0,0.0
2020-04-17 00:00:00-04:00,76.62000274658203,77.38999938964844,74.97000122070312,77.0999984741211,66.602294921875,14268400,0.0,0.0
2020-04-20 00:00:00-04:00,76.0199966430664,76.9800033569336,75.08000183105469,75.31999969482422,65.06465148925781,9684700,0.0,0.0
2020-04-21 00:00:00-04:00,73.4000015258789,73.95999908447266,71.73999786376953,72.72000122070312,62.81865692138672,10345800,0.0,0.0
2020-04-22 00:00:00-04:00,74.55000305175781,78.05999755859375,74.43000030517578,77.44999694824219,66.90462493896484,11347000,0.0,0.0
2020-04-23 00:00:00-04:00,77.33000183105469,77.66999816894531,74.26000213623047,75.1500015258789,64.91777038574219,15513400,0.0,0.0
2020-04-24 00:00:00-04:00,75.75,76.02999877929688,74.20999908447266,75.58000183105469,65.28924560546875,8456000,0.0,0.0
2020-04-27 00:00:00-04:00,76.68000030517578,78.04000091552734,76.54000091552734,77.73999786376953,67.15512084960938,8258500,0.0,0.0
2020-04-28 00:00:00-04:00,78.66999816894531,79.61000061035156,76.95999908447266,78.69000244140625,67.97578430175781,12801400,0.0,0.0
2020-04-29 00:00:00-04:00,78.18000030517578,78.75,76.72000122070312,76.86000061035156,66.39496612548828,24575500,0.0,0.0
2020-04-30 00:00:00-04:00,76.83000183105469,77.63999938964844,75.19000244140625,76.7300033569336,66.28264617919922,15186000,0.0,0.0
2020-05-01 00:00:00-04:00,74.9000015258789,75.87999725341797,73.20999908447266,73.79000091552734,63.74296951293945,11216700,0.0,0.0
2020-05-04 00:00:00-04:00,72.58000183105469,72.62000274658203,71.26000213623047,71.88999938964844,62.10167694091797,12921800,0.0,0.0
2020-05-05 00:00:00-04:00,74.95999908447266,75.08000183105469,72.88999938964844,72.9000015258789,62.97414016723633,12976000,0.0,0.0
2020-05-06 00:00:00-04:00,73.7699966430664,74.8499984741211,72.86000061035156,72.95999908447266,63.025978088378906,12740900,0.0,0.0
2020-05-07 00:00:00-04:00,73.80999755859375,76.02999877929688,73.37000274658203,76.0,66.0230712890625,13360500,0.41,0.0
2020-05-08 00:00:00-04:00,77.25,77.93000030517578,75.76000213623047,77.87000274658203,67.6475830078125,11917200,0.0,0.0
2020-05-11 00:00:00-04:00,76.62000274658203,77.18000030517578,75.80000305175781,75.87000274658203,65.91014862060547,9004500,0.0,0.0
2020-05-12 00:00:00-04:00,76.0,76.7300033569336,74.33999633789062,74.3499984741211,64.58967590332031,8549900,0.0,0.0
2020-05-13 00:00:00-04:00,74.45999908447266,75.75,72.91999816894531,73.62000274658203,63.95550537109375,11532700,0.0,0.0
2020-05-14 00:00:00-04:00,72.31999969482422,74.29000091552734,70.6500015258789,74.19000244140625,64.45067596435547,11932300,0.0,0.0
2020-05-15 00:00:00-04:00,72.80999755859375,74.63999938964844,72.66999816894531,74.16000366210938,64.42461395263672,9489100,0.0,0.0
2020-05-18 00:00:00-04:00,76.86000061035156,77.5,76.19999694824219,76.2300033569336,66.22288513183594,8903200,0.0,0.0
2020-05-19 00:00:00-04:00,76.4000015258789,77.22000122070312,75.76000213623047,75.86000061035156,65.90145874023438,6484900,0.0,0.0
2020-05-20 00:00:00-04:00,77.2300033569336,77.83999633789062,76.5199966430664,77.76000213623047,67.55205535888672,7790500,0.0,0.0
2020-05-21 00:00:00-04:00,78.5999984741211,79.37999725341797,77.88999938964844,78.05000305175781,67.80398559570312,10312600,0.0,0.0
2020-05-22 00:00:00-04:00,77.9000015258789,78.05000305175781,76.5199966430664,77.62000274658203,67.43040466308594,7653300,0.0,0.0
2020-05-26 00:00:00-04:00,79.5999984741211,79.91999816894531,77.58000183105469,77.76000213623047,67.55205535888672,8422200,0.0,0.0
2020-05-27 00:00:00-04:00,78.9800033569336,78.9800033569336,77.38999938964844,78.5999984741211,68.28176879882812,8245300,0.0,0.0
2020-05-28 00:00:00-04:00,78.63999938964844,80.05999755859375,77.93000030517578,78.54000091552734,68.22962951660156,8331400,0.0,0.0
2020-05-29 00:00:00-04:00,78.62000274658203,78.63999938964844,77.26000213623047,77.98999786376953,67.7518539428711,10043600,0.0,0.0
2020-06-01 00:00:00-04:00,77.66000366210938,78.6500015258789,76.7699966430664,78.31999969482422,68.03851318359375,7922000,0.0,0.0
2020-06-02 00:00:00-04:00,77.97000122070312,78.26000213623047,76.79000091552734,77.77999877929688,67.56940460205078,9521000,0.0,0.0
2020-06-03 00:00:00-04:00,78.44999694824219,79.94999694824219,78.30000305175781,79.58000183105469,69.13311004638672,9956700,0.0,0.0
2020-06-04 00:00:00-04:00,79.30999755859375,80.16999816894531,78.47000122070312,78.73999786376953,68.40338134765625,7667600,0.0,0.0
2020-06-05 00:00:00-04:00,80.33000183105469,82.33000183105469,79.97000122070312,82.13999938964844,71.35704803466797,12030800,0.0,0.0
2020-06-08 00:00:00-04:00,83.08000183105469,83.62000274658203,82.18000030517578,83.55999755859375,72.59065246582031,10229600,0.0,0.0
2020-06-09 00:00:00-04:00,82.62000274658203,83.22000122070312,81.76000213623047,82.37000274658203,71.55683898925781,7999800,0.0,0.0
2020-06-10 00:00:00-04:00,79.87999725341797,80.02999877929688,78.19999694824219,79.01000213623047,68.637939453125,19683800,0.0,0.0
2020-06-11 00:00:00-04:00,75.75,76.79000091552734,72.1500015258789,72.56999969482422,63.0433464050293,26422200,0.0,0.0
2020-06-12 00:00:00-04:00,75.0,76.72000122070312,73.80999755859375,76.37999725341797,66.35317993164062,18529800,0.0,0.0
2020-06-15 00:00:00-04:00,74.30000305175781,77.91000366210938,74.08000183105469,76.95999908447266,66.85704803466797,14644700,0.0,0.0
2020-06-16 00:00:00-04:00,78.79000091552734,78.94000244140625,76.38999938964844,77.83999633789062,67.62152862548828,10890100,0.0,0.0
2020-06-17 00:00:00-04:00,78.06999969482422,78.29000091552734,76.68000030517578,77.0999984741211,66.97866821289062,6906700,0.0,0.0
2020-06-18 00:00:00-04:00,76.72000122070312,76.79000091552734,75.80000305175781,76.30999755859375,66.29238891601562,8486000,0.0,0.0
2020-06-19 00:00:00-04:00,77.02999877929688,77.37999725341797,74.87999725341797,75.4000015258789,65.50186920166016,12538600,0.0,0.0
2020-06-22 00:00:00-04:00,74.9000015258789,75.6500015258789,73.91999816894531,75.4000015258789,65.50186920166016,8238600,0.0,0.0
2020-06-23 00:00:00-04:00,76.33000183105469,76.37000274658203,75.06999969482422,75.48999786376953,65.58004760742188,8076600,0.0,0.0
2020-06-24 00:00:00-04:00,74.9000015258789,74.91999816894531,72.0,73.63999938964844,63.9728889465332,12306400,0.0,0.0
2020-06-25 00:00:00-04:00,73.22000122070312,74.11000061035156,72.16999816894531,73.8499984741211,64.15531921386719,8624800,0.0,0.0
2020-06-26 00:00:00-04:00,73.62999725341797,73.7699966430664,71.25,71.56999969482422,62.17464065551758,17627800,0.0,0.0
2020-06-29 00:00:00-04:00,71.41000366210938,73.5,71.05999755859375,73.4800033569336,63.833900451660156,8653000,0.0,0.0
2020-06-30 00:00:00-04:00,73.58000183105469,73.87999725341797,72.80999755859375,73.58999633789062,63.9294548034668,11324000,0.0,0.0
2020-07-01 00:00:00-04:00,74.0,74.69000244140625,73.37999725341797,74.02999877929688,64.31168365478516,6750000,0.0,0.0
2020-07-02 00:00:00-04:00,75.04000091552734,75.08999633789062,73.63999938964844,73.77999877929688,64.09452056884766,6544400,0.0,0.0
2020-07-06 00:00:00-04:00,74.93000030517578,75.4800033569336,74.16000366210938,75.44000244140625,65.53660583496094,7235300,0.0,0.0
2020-07-07 00:00:00-04:00,75.12999725341797,75.2300033569336,74.0,74.25,64.50281524658203,7515100,0.0,0.0
2020-07-08 00:00:00-04:00,74.06999969482422,74.5,73.33000183105469,74.13999938964844,64.40723419189453,7346200,0.0,0.0
2020-07-09 00:00:00-04:00,73.7300033569336,74.22000122070312,71.93000030517578,73.56999969482422,63.91205978393555,9618200,0.0,0.0
2020-07-10 00:00:00-04:00,73.0,74.55999755859375,72.73999786376953,74.29000091552734,64.53755187988281,7524200,0.0,0.0
2020-07-13 00:00:00-04:00,74.55999755859375,74.83999633789062,72.48999786376953,72.6500015258789,63.11285400390625,9464500,0.0,0.0
2020-07-14 00:00:00-04:00,72.0,72.97000122070312,71.81999969482422,72.7300033569336,63.18234634399414,8780900,0.0,0.0
2020-07-15 00:00:00-04:00,74.45999908447266,75.80999755859375,73.95999908447266,75.61000061035156,65.68427276611328,10300700,0.0,0.0
2020-07-16 00:00:00-04:00,74.9000015258789,75.13999938964844,73.68000030517578,74.38999938964844,64.62442779541016,6649300,0.0,0.0
2020-07-17 00:00:00-04:00,74.43000030517578,74.55000305175781,73.20999908447266,74.16000366210938,64.42461395263672,6087500,0.0,0.0
2020-07-20 00:00:00-04:00,74.16000366210938,75.22000122070312,73.62999725341797,74.95999908447266,65.11959838867188,8832700,0.0,0.0
2020-07-21 00:00:00-04:00,75.77999877929688,76.80000305175781,75.2699966430664,75.44000244140625,65.53660583496094,10637500,0.0,0.0
2020-07-22 00:00:00-04:00,75.5199966430664,77.33000183105469,75.12000274658203,77.23999786376953,67.10028839111328,9213100,0.0,0.0
2020-07-23 00:00:00-04:00,76.87999725341797,77.06999969482422,74.9000015258789,75.36000061035156,65.46710205078125,7795100,0.0,0.0
2020-07-24 00:00:00-04:00,75.27999877929688,76.0,75.11000061035156,75.77999877929688,65.83193969726562,5673400,0.0,0.0
2020-07-27 00:00:00-04:00,75.88999938964844,76.70999908447266,75.54000091552734,76.45999908447266,66.4227066040039,6771100,0.0,0.0
2020-07-28 00:00:00-04:00,76.30000305175781,76.38999938964844,74.55999755859375,74.63999938964844,64.84159088134766,12273400,0.0,0.0
2020-07-29 00:00:00-04:00,77.55999755859375,78.48999786376953,76.9000015258789,77.41999816894531,67.25666046142578,15261100,0.0,0.0
2020-07-30 00:00:00-04:00,76.62999725341797,76.9800033569336,75.4000015258789,76.63999938964844,66.57907104492188,7889800,0.0,0.0
2020-07-31 00:00:00-04:00,76.23999786376953,76.54000091552734,75.4800033569336,76.52999877929688,66.4834976196289,7423800,0.0,0.0
2020-08-03 00:00:00-04:00,76.4800033569336,76.5999984741211,75.44000244140625,75.5,65.58871459960938,7138300,0.0,0.0
2020-08-04 00:00:00-04:00,75.37000274658203,75.48999786376953,74.76000213623047,75.12999725341797,65.26728820800781,12792400,0.0,0.0
2020-08-05 00:00:00-04:00,75.3499984741211,75.98999786376953,75.33000183105469,75.77999877929688,65.83193969726562,7780800,0.0,0.0
2020-08-06 00:00:00-04:00,75.19999694824219,75.91999816894531,74.94000244140625,75.66000366210938,66.08526611328125,6764800,0.41,0.0
2020-08-07 00:00:00-04:00,75.4800033569336,75.93000030517578,75.20999908447266,75.79000091552734,66.19882202148438,6569300,0.0,0.0
2020-08-10 00:00:00-04:00,75.81999969482422,77.66999816894531,75.80999755859375,77.47000122070312,67.66619873046875,6604300,0.0,0.0
2020-08-11 00:00:00-04:00,78.2699966430664,79.9800033569336,78.0,78.87000274658203,68.88904571533203,10238500,0.0,0.0
2020-08-12 00:00:00-04:00,79.58999633789062,79.69000244140625,78.66999816894531,79.29000091552734,69.2558822631836,5378000,0.0,0.0
2020-08-13 00:00:00-04:00,78.91999816894531,79.63999938964844,78.83999633789062,79.0199966430664,69.02005767822266,4383400,0.0,0.0
2020-08-14 00:00:00-04:00,78.54000091552734,78.93000030517578,78.0199966430664,78.37000274658203,68.45231628417969,3771300,0.0,0.0
2020-08-17 00:00:00-04:00,78.5999984741211,78.95999908447266,78.12000274658203,78.94999694824219,68.95892333984375,5360400,0.0,0.0
2020-08-18 00:00:00-04:00,79.1500015258789,79.36000061035156,78.3499984741211,78.98999786376953,68.99383544921875,5272700,0.0,0.0
2020-08-19 00:00:00-04:00,79.18000030517578,79.38999938964844,77.43000030517578,77.62999725341797,67.80595397949219,6840600,0.0,0.0
2020-08-20 00:00:00-04:00,77.02999877929688,77.6500015258789,76.45999908447266,77.22000122070312,67.44783782958984,5099500,0.0,0.0
2020-08-21 00:00:00-04:00,76.94000244140625,77.2699966430664,76.69000244140625,77.06999969482422,67.31683349609375,5594100,0.0,0.0
2020-08-24 00:00:00-04:00,77.70999908447266,79.13999938964844,77.25,78.68000030517578,68.72308349609375,5867400,0.0,0.0
2020-08-25 00:00:00-04:00,80.05999755859375,83.06999969482422,79.79000091552734,82.72000122070312,72.25181579589844,17659500,0.0,0.0
2020-08-26 00:00:00-04:00,82.41999816894531,82.75,81.87999725341797,82.41000366210938,71.98104858398438,7934300,0.0,0.0
2020-08-27 00:00:00-04:00,82.75,83.63999938964844,82.5,83.41000366210938,72.8544921875,9099200,0.0,0.0
2020-08-28 00:00:00-04:00,83.79000091552734,85.29000091552734,83.43000030517578,85.0,74.24327087402344,9303900,0.0,0.0
2020-08-31 00:00:00-04:00,84.62999725341797,85.36000061035156,84.02999877929688,84.47000122070312,73.78033447265625,6401600,0.0,0.0
2020-09-01 00:00:00-04:00,84.69999694824219,86.08999633789062,84.2300033569336,86.05000305175781,75.16041564941406,8166100,0.0,0.0
2020-09-02 00:00:00-04:00,86.51000213623047,88.75,86.29000091552734,88.3499984741211,77.16934967041016,11378900,0.0,0.0
2020-09-03 00:00:00-04:00,88.5999984741211,88.9800033569336,85.69000244140625,86.4800033569336,75.5359878540039,11036600,0.0,0.0
2020-09-04 00:00:00-04:00,87.08999633789062,87.77999877929688,85.30999755859375,86.2699966430664,75.3525619506836,10349400,0.0,0.0
2020-09-08 00:00:00-04:00,85.2699966430664,87.58000183105469,84.7699966430664,85.41000366210938,74.60140991210938,11083100,0.0,0.0
2020-09-09 00:00:00-04:00,85.93000030517578,86.83000183105469,84.45999908447266,85.86000061035156,74.99445343017578,6928700,0.0,0.0
2020-09-10 00:00:00-04:00,85.80000305175781,87.06999969482422,84.52999877929688,84.87999725341797,74.13847351074219,7552000,0.0,0.0
2020-09-11 00:00:00-04:00,84.94999694824219,85.8499984741211,84.1500015258789,85.2699966430664,74.47911071777344,7103300,0.0,0.0
2020-09-14 00:00:00-04:00,85.75,87.05999755859375,85.63999938964844,86.62999725341797,75.6669921875,5535800,0.0,0.0
2020-09-15 00:00:00-04:00,87.18000030517578,88.25,87.16999816894531,87.70999908447266,76.6103286743164,8361900,0.0,0.0
2020-09-16 00:00:00-04:00,88.0,89.43000030517578,87.75,88.37999725341797,77.19554138183594,7146400,0.0,0.0
2020-09-17 00:00:00-04:00,87.05000305175781,87.31999969482422,85.36000061035156,86.75,75.77183532714844,7386600,0.0,0.0
2020-09-18 00:00:00-04:00,86.80999755859375,87.23999786376953,84.5999984741211,84.94999694824219,74.19961547851562,10113400,0.0,0.0
2020-09-21 00:00:00-04:00,82.86000061035156,83.94999694824219,81.75,83.88999938964844,73.27375793457031,7188800,0.0,0.0
2020-09-22 00:00:00-04:00,84.05000305175781,84.38999938964844,83.18000030517578,83.94999694824219,73.32617950439453,4465000,0.0,0.0
2020-09-23 00:00:00-04:00,84.37999725341797,84.9000015258789,82.81999969482422,82.98999786376953,72.48766326904297,6414700,0.0,0.0
2020-09-24 00:00:00-04:00,82.62999725341797,84.13999938964844,81.91999816894531,83.04000091552734,72.53132629394531,4881500,0.0,0.0
2020-09-25 00:00:00-04:00,82.52999877929688,84.69000244140625,82.22000122070312,84.30000305175781,73.63187408447266,5981500,0.0,0.0
2020-09-28 00:00:00-04:00,85.5199966430664,86.23999786376953,84.98999786376953,86.06999969482422,75.17786407470703,5976200,0.0,0.0
2020-09-29 00:00:00-04:00,86.25,86.25,84.62999725341797,84.80000305175781,74.06859588623047,4064000,0.0,0.0
2020-09-30 00:00:00-04:00,86.62999725341797,87.16000366210938,85.47000122070312,85.91999816894531,75.04683685302734,10134400,0.0,0.0
2020-10-01 00:00:00-04:00,87.04000091552734,87.44999694824219,86.19999694824219,86.73999786376953,75.76307678222656,7241200,0.0,0.0
2020-10-02 00:00:00-04:00,85.1500015258789,87.12999725341797,85.08999633789062,86.56999969482422,75.61459350585938,5602300,0.0,0.0
2020-10-05 00:00:00-04:00,87.2699966430664,88.68000030517578,87.19999694824219,88.47000122070312,77.27417755126953,7004800,0.0,0.0
2020-10-06 00:00:00-04:00,88.6500015258789,89.27999877929688,86.80000305175781,87.01000213623047,75.9989242553711,7951100,0.0,0.0
2020-10-07 00:00:00-04:00,87.81999969482422,88.9800033569336,87.44000244140625,88.44999694824219,77.25666809082031,5179300,0.0,0.0
2020-10-08 00:00:00-04:00,88.45999908447266,89.61000061035156,88.41000366210938,89.52999877929688,78.20001983642578,4958800,0.0,0.0
2020-10-09 00:00:00-04:00,89.80000305175781,90.33000183105469,89.58000183105469,90.01000213623047,78.6192855834961,6197700,0.0,0.0
2020-10-12 00:00:00-04:00,90.45999908447266,91.0999984741211,89.93000030517578,90.77999877929688,79.29182434082031,5909100,0.0,0.0
2020-10-13 00:00:00-04:00,90.58000183105469,90.8499984741211,89.7699966430664,90.16000366210938,78.75030517578125,5732000,0.0,0.0
2020-10-14 00:00:00-04:00,90.16999816894531,90.5999984741211,88.55999755859375,89.30999755859375,78.00785827636719,4760700,0.0,0.0
2020-10-15 00:00:00-04:00,88.16000366210938,88.87000274658203,87.66999816894531,88.83000183105469,77.58859252929688,5002200,0.0,0.0
2020-10-16 00:00:00-04:00,89.38999938964844,89.62999725341797,88.44000244140625,88.5199966430664,77.31783294677734,4721300,0.0,0.0
2020-10-19 00:00:00-04:00,88.69999694824219,89.56999969482422,87.36000061035156,87.5999984741211,76.5142593383789,5426600,0.0,0.0
2020-10-20 00:00:00-04:00,88.68000030517578,89.72000122070312,88.04000091552734,88.51000213623047,77.30912780761719,4939700,0.0,0.0
2020-10-21 00:00:00-04:00,88.37999725341797,89.16000366210938,88.19000244140625,88.2699966430664,77.09945678710938,4119200,0.0,0.0
2020-10-22 00:00:00-04:00,88.0199966430664,89.37999725341797,87.69999694824219,89.36000061035156,78.0515365600586,4257800,0.0,0.0
2020-10-23 00:00:00-04:00,89.80000305175781,90.95999908447266,89.44000244140625,90.80000305175781,79.30931091308594,7811500,0.0,0.0
2020-10-26 00:00:00-04:00,90.02999877929688,91.12999725341797,88.6500015258789,89.66000366210938,78.31356811523438,7756400,0.0,0.0
2020-10-27 00:00:00-04:00,89.4800033569336,90.3499984741211,89.16999816894531,90.05000305175781,78.65420532226562,8027500,0.0,0.0
2020-10-28 00:00:00-04:00,88.6500015258789,88.94999694824219,86.61000061035156,87.16999816894531,76.13866424560547,12738800,0.0,0.0
2020-10-29 00:00:00-04:00,87.16999816894531,89.11000061035156,86.61000061035156,88.30000305175781,77.12567138671875,8440000,0.0,0.0
2020-10-30 00:00:00-04:00,87.75,88.38999938964844,85.62999725341797,86.95999908447266,75.95523071289062,11400700,0.0,0.0
2020-11-02 00:00:00-05:00,87.54000091552734,87.7699966430664,85.44999694824219,85.97000122070312,75.09054565429688,8904900,0.0,0.0
2020-11-03 00:00:00-05:00,86.77999877929688,89.05999755859375,86.18000030517578,88.38999938964844,77.20426940917969,6910400,0.0,0.0
2020-11-04 00:00:00-05:00,88.9000015258789,91.29000091552734,88.73999786376953,89.79000091552734,78.4271240234375,10509400,0.0,0.0
2020-11-05 00:00:00-05:00,90.69000244140625,91.16000366210938,89.9000015258789,90.62000274658203,79.15209197998047,6169700,0.0,0.0
2020-11-06 00:00:00-05:00,90.1500015258789,91.19999694824219,89.77999877929688,90.6500015258789,79.17827606201172,6626100,0.0,0.0
2020-11-09 00:00:00-05:00,97.31999969482422,97.6500015258789,95.63999938964844,95.87999725341797,83.74641418457031,16225800,0.0,0.0
2020-11-10 00:00:00-05:00,93.73999786376953,95.2699966430664,93.13999938964844,93.91999816894531,82.42130279541016,10474700,0.45,0.0
2020-11-11 00:00:00-05:00,94.11000061035156,95.83000183105469,94.0199966430664,95.04000091552734,83.40416717529297,8296500,0.0,0.0
2020-11-12 00:00:00-05:00,94.66000366210938,94.76000213623047,92.66000366210938,93.52999877929688,82.07904052734375,7058400,0.0,0.0
2020-11-13 00:00:00-05:00,94.37999725341797,95.58999633789062,93.69999694824219,95.55999755859375,83.8604965209961,5516100,0.0,0.0
2020-11-16 00:00:00-05:00,96.79000091552734,97.80999755859375,96.0199966430664,97.77999877929688,85.8087158203125,9371300,0.0,0.0
2020-11-17 00:00:00-05:00,97.20999908447266,98.77999877929688,96.80999755859375,98.5999984741211,86.52831268310547,8722300,0.0,0.0
2020-11-18 00:00:00-05:00,98.62999725341797,99.33000183105469,97.91000366210938,97.91000366210938,85.92279815673828,6039500,0.0,0.0
2020-11-19 00:00:00-05:00,97.23999786376953,97.91999816894531,96.86000061035156,97.76000213623047,85.7911605834961,4252300,0.0,0.0
2020-11-20 00:00:00-05:00,97.41999816894531,97.54000091552734,96.94999694824219,97.01000213623047,85.13300323486328,4609700,0.0,0.0
2020-11-23 00:00:00-05:00,97.62000274658203,97.86000061035156,96.41999816894531,96.87999725341797,85.01890563964844,4803200,0.0,0.0
2020-11-24 00:00:00-05:00,97.51000213623047,98.72000122070312,97.4000015258789,98.30000305175781,86.26505279541016,6319900,0.0,0.0
2020-11-25 00:00:00-05:00,98.5,98.54000091552734,97.94000244140625,98.19999694824219,86.17730712890625,4027100,0.0,0.0
2020-11-27 00:00:00-05:00,98.4800033569336,98.9800033569336,98.27999877929688,98.66000366210938,86.58097839355469,2169700,0.0,0.0
2020-11-30 00:00:00-05:00,98.19999694824219,98.29000091552734,96.95999908447266,98.0199966430664,86.01933288574219,5197300,0.0,0.0
2020-12-01 00:00:00-05:00,99.0,99.26000213623047,98.25,98.81999969482422,86.72138977050781,4970000,0.0,0.0
2020-12-02 00:00:00-05:00,98.51000213623047,99.04000091552734,98.20999908447266,98.91000366210938,86.80035400390625,3377900,0.0,0.0
2020-12-03 00:00:00-05:00,99.0199966430664,101.0,98.97000122070312,100.11000061035156,87.85345458984375,6264100,0.0,0.0
2020-12-04 00:00:00-05:00,101.3499984741211,102.94000244140625,101.06999969482422,102.27999877929688,89.7577896118164,6952700,0.0,0.0
2020-12-07 00:00:00-05:00,102.01000213623047,102.22000122070312,100.69000244140625,101.41000366210938,88.9942855834961,4514800,0.0,0.0
2020-12-08 00:00:00-05:00,100.37000274658203,101.56999969482422,100.01000213623047,101.20999908447266,88.81876373291016,3911300,0.0,0.0
2020-12-09 00:00:00-05:00,101.94000244140625,102.20999908447266,100.0999984741211,100.4000015258789,88.1079330444336,6629900,0.0,0.0
2020-12-10 00:00:00-05:00,103.51000213623047,106.08999633789062,102.75,105.38999938964844,92.48699951171875,12939200,0.0,0.0
2020-12-11 00:00:00-05:00,104.41000366210938,104.77999877929688,102.33000183105469,103.0,90.38963317871094,6262600,0.0,0.0
2020-12-14 00:00:00-05:00,103.83000183105469,104.70999908447266,103.25,103.31999969482422,90.67044830322266,5156200,0.0,0.0
2020-12-15 00:00:00-05:00,104.23999786376953,104.86000061035156,103.77999877929688,104.18000030517578,91.42517852783203,5195200,0.0,0.0
2020-12-16 00:00:00-05:00,104.0999984741211,104.80000305175781,102.72000122070312,103.2699966430664,90.62657928466797,6409300,0.0,0.0
2020-12-17 00:00:00-05:00,103.55000305175781,104.04000091552734,102.61000061035156,103.20999908447266,90.57391357421875,4535700,0.0,0.0
2020-12-18 00:00:00-05:00,103.33000183105469,104.11000061035156,102.94999694824219,103.27999877929688,90.63534545898438,10215000,0.0,0.0
2020-12-21 00:00:00-05:00,101.22000122070312,103.1500015258789,100.0199966430664,102.94000244140625,90.33698272705078,7175900,0.0,0.0
2020-12-22 00:00:00-05:00,102.12000274658203,103.16999816894531,101.88999938964844,102.41000366210938,89.87187194824219,4302700,0.0,0.0
2020-12-23 00:00:00-05:00,102.29000091552734,102.69000244140625,101.97000122070312,102.05999755859375,89.56468963623047,3817300,0.0,0.0
2020-12-24 00:00:00-05:00,102.30000305175781,102.36000061035156,101.68000030517578,102.01000213623047,89.52082824707031,1949200,0.0,0.0
2020-12-28 00:00:00-05:00,102.91999816894531,104.37999725341797,102.30999755859375,104.33999633789062,91.56555938720703,5055200,0.0,0.0
2020-12-29 00:00:00-05:00,104.88999938964844,105.77999877929688,104.47000122070312,105.62999725341797,92.6976089477539,4780900,0.0,0.0
2020-12-30 00:00:00-05:00,105.98999786376953,106.62000274658203,105.77999877929688,105.97000122070312,92.99600982666016,3654100,0.0,0.0
2020-12-31 00:00:00-05:00,106.0,107.13999938964844,105.62000274658203,106.9800033569336,93.88235473632812,3566300,0.0,0.0
2021-01-04 00:00:00-05:00,107.66000366210938,107.75,102.13999938964844,103.0999984741211,90.47737121582031,8041500,0.0,0.0
2021-01-05 00:00:00-05:00,102.91999816894531,104.26000213623047,102.80000305175781,103.44000244140625,90.77576446533203,5721900,0.0,0.0
2021-01-06 00:00:00-05:00,102.98999786376953,105.20999908447266,102.91000366210938,104.19000244140625,91.43395233154297,5017200,0.0,0.0
2021-01-07 00:00:00-05:00,104.48999786376953,104.63999938964844,102.94999694824219,103.3499984741211,90.69676971435547,5057000,0.0,0.0
2021-01-08 00:00:00-05:00,103.86000061035156,105.76000213623047,103.41999816894531,105.66999816894531,92.73273468017578,5869700,0.0,0.0
2021-01-11 00:00:00-05:00,105.0999984741211,105.63999938964844,104.2699966430664,104.5999984741211,91.79371643066406,4257400,0.0,0.0
2021-01-12 00:00:00-05:00,104.01000213623047,104.31999969482422,102.30999755859375,102.81999969482422,90.23167419433594,4332600,0.0,0.0
2021-01-13 00:00:00-05:00,102.31999969482422,103.37999725341797,101.48999786376953,102.88999938964844,90.29309844970703,4804500,0.0,0.0
2021-01-14 00:00:00-05:00,103.80000305175781,104.19000244140625,101.70999908447266,101.81999969482422,89.35408020019531,4528300,0.0,0.0
2021-01-15 00:00:00-05:00,101.37999725341797,102.69000244140625,101.20999908447266,102.33000183105469,89.80164337158203,5522900,0.0,0.0
2021-01-19 00:00:00-05:00,102.80000305175781,103.5999984741211,101.33999633789062,102.54000091552734,89.98594665527344,6519600,0.0,0.0
2021-01-20 00:00:00-05:00,102.41000366210938,105.8499984741211,102.19999694824219,105.45999908447266,92.54844665527344,5844300,0.0,0.0
2021-01-21 00:00:00-05:00,105.45999908447266,105.48999786376953,104.44999694824219,104.58000183105469,91.77617645263672,5731500,0.0,0.0
2021-01-22 00:00:00-05:00,104.16000366210938,104.47000122070312,103.05999755859375,103.91000366210938,91.18822479248047,5231600,0.0,0.0
2021-01-25 00:00:00-05:00,103.75,103.94999694824219,102.16999816894531,103.44999694824219,90.78453826904297,5009000,0.0,0.0
2021-01-26 00:00:00-05:00,103.4000015258789,105.20999908447266,103.23999786376953,104.69000244140625,91.87272644042969,7195300,0.0,0.0
2021-01-27 00:00:00-05:00,101.4800033569336,101.77999877929688,96.7300033569336,97.87000274658203,85.8876953125,18139500,0.0,0.0
2021-01-28 00:00:00-05:00,98.94000244140625,100.52999877929688,98.0999984741211,98.1500015258789,86.13343811035156,8868200,0.0,0.0
2021-01-29 00:00:00-05:00,97.38999938964844,97.79000091552734,95.91999816894531,96.80999755859375,84.95746612548828,8203000,0.0,0.0
2021-02-01 00:00:00-05:00,96.98999786376953,99.62000274658203,96.91999816894531,98.58000183105469,86.5107650756836,7206300,0.0,0.0
2021-02-02 00:00:00-05:00,99.05000305175781,102.4800033569336,98.77999877929688,101.6500015258789,89.20491790771484,6917700,0.0,0.0
2021-02-03 00:00:00-05:00,101.25,102.6500015258789,100.80999755859375,101.0199966430664,88.65203094482422,3934800,0.0,0.0
2021-02-04 00:00:00-05:00,101.36000061035156,104.23999786376953,101.11000061035156,103.63999938964844,90.95127868652344,6926800,0.0,0.0
2021-02-05 00:00:00-05:00,105.08999633789062,107.54000091552734,104.77999877929688,106.4800033569336,93.44357299804688,8072100,0.0,0.0
2021-02-08 00:00:00-05:00,106.41999816894531,106.52999877929688,105.33999633789062,106.26000213623047,93.25050354003906,4836600,0.0,0.0
2021-02-09 00:00:00-05:00,106.0,106.83000183105469,105.22000122070312,106.22000122070312,93.21542358398438,4095200,0.0,0.0
2021-02-10 00:00:00-05:00,106.77999877929688,106.9000015258789,104.93000030517578,105.87000274658203,92.90826416015625,4293200,0.0,0.0
2021-02-11 00:00:00-05:00,106.12000274658203,106.2300033569336,105.02999877929688,105.86000061035156,92.89946746826172,2976000,0.0,0.0
2021-02-12 00:00:00-05:00,105.73999786376953,105.94000244140625,104.72000122070312,105.30000305175781,92.40803527832031,3169800,0.0,0.0
2021-02-16 00:00:00-05:00,104.87999725341797,106.58999633789062,104.69999694824219,106.1500015258789,93.15396118164062,4928100,0.0,0.0
2021-02-17 00:00:00-05:00,105.11000061035156,105.45999908447266,104.1500015258789,104.44000244140625,92.04351806640625,5733800,0.45,0.0
2021-02-18 00:00:00-05:00,103.77999877929688,105.33999633789062,103.41000366210938,104.97000122070312,92.5106201171875,4098700,0.0,0.0
2021-02-19 00:00:00-05:00,104.75,105.27999877929688,103.22000122070312,103.37000274658203,91.10054016113281,4128900,0.0,0.0
2021-02-22 00:00:00-05:00,102.98999786376953,102.98999786376953,101.75,101.80999755859375,89.72569274902344,5211800,0.0,0.0
2021-02-23 00:00:00-05:00,103.33999633789062,103.33999633789062,99.93000030517578,101.37000274658203,89.33790588378906,8740300,0.0,0.0
2021-02-24 00:00:00-05:00,101.16000366210938,104.51000213623047,100.5999984741211,104.37999725341797,91.99063110351562,7542700,0.0,0.0
2021-02-25 00:00:00-05:00,104.0,105.7699966430664,103.11000061035156,103.47000122070312,91.18864440917969,7534000,0.0,0.0
2021-02-26 00:00:00-05:00,104.1500015258789,109.4800033569336,103.68000030517578,108.02999877929688,95.20741271972656,15122900,0.0,0.0
2021-03-01 00:00:00-05:00,108.5999984741211,110.47000122070312,106.54000091552734,106.87000274658203,94.18511199951172,7930300,0.0,0.0
2021-03-02 00:00:00-05:00,107.30999755859375,108.25,105.81999969482422,107.19999694824219,94.47591400146484,5016800,0.0,0.0
2021-03-03 00:00:00-05:00,106.94000244140625,107.95999908447266,106.12000274658203,106.22000122070312,93.61225128173828,5313400,0.0,0.0
2021-03-04 00:00:00-05:00,106.26000213623047,107.16999816894531,103.8499984741211,104.88999938964844,92.44010925292969,7211800,0.0,0.0
2021-03-05 00:00:00-05:00,106.05999755859375,106.05999755859375,102.75,105.19999694824219,92.71331024169922,5559900,0.0,0.0
2021-03-08 00:00:00-05:00,104.80000305175781,106.88999938964844,104.2300033569336,105.02999877929688,92.5634994506836,5119500,0.0,0.0
2021-03-09 00:00:00-05:00,106.27999877929688,107.97000122070312,105.83000183105469,106.55000305175781,93.90306854248047,5510900,0.0,0.0
2021-03-10 00:00:00-05:00,107.22000122070312,109.06999969482422,106.95999908447266,107.77999877929688,94.9870834350586,6077000,0.0,0.0
2021-03-11 00:00:00-05:00,108.41000366210938,108.56999969482422,107.26000213623047,107.31999969482422,94.5816879272461,4670700,0.0,0.0
2021-03-12 00:00:00-05:00,107.41999816894531,107.98999786376953,106.58000183105469,107.80999755859375,95.01351165771484,3356000,0.0,0.0
2021-03-15 00:00:00-04:00,107.88999938964844,108.94999694824219,107.05999755859375,108.9000015258789,95.97415924072266,7107300,0.0,0.0
2021-03-16 00:00:00-04:00,110.56999969482422,112.33999633789062,109.88999938964844,111.33999633789062,98.12451934814453,11376200,0.0,0.0
2021-03-17 00:00:00-04:00,111.30999755859375,111.45999908447266,108.93000030517578,110.45999908447266,97.3489761352539,10128400,0.0,0.0
2021-03-18 00:00:00-04:00,109.27999877929688,110.2699966430664,107.5,107.62000274658203,94.84607696533203,7813400,0.0,0.0
2021-03-19 00:00:00-04:00,108.3499984741211,108.8499984741211,105.83000183105469,106.33999633789062,93.71800994873047,21452000,0.0,0.0
2021-03-22 00:00:00-04:00,106.4000015258789,108.41999816894531,106.0,107.56999969482422,94.8020248413086,7605100,0.0,0.0
2021-03-23 00:00:00-04:00,107.73999786376953,107.94999694824219,105.66999816894531,106.25,93.63868713378906,5657800,0.0,0.0
2021-03-24 00:00:00-04:00,106.62999725341797,107.27999877929688,104.94000244140625,104.97000122070312,92.5106201171875,5731300,0.0,0.0
2021-03-25 00:00:00-04:00,105.01000213623047,107.69999694824219,104.05999755859375,107.3499984741211,94.6081314086914,8149000,0.0,0.0
2021-03-26 00:00:00-04:00,107.25,110.0,107.18000030517578,109.9000015258789,96.8554458618164,6167600,0.0,0.0
2021-03-29 00:00:00-04:00,109.01000213623047,110.25,106.58999633789062,109.12999725341797,96.17684936523438,5167100,0.0,0.0
2021-03-30 00:00:00-04:00,108.41999816894531,110.44999694824219,108.27999877929688,110.2699966430664,97.1815414428711,4552900,0.0,0.0
2021-03-31 00:00:00-04:00,110.33000183105469,111.62000274658203,109.19000244140625,109.2699966430664,96.30023193359375,6478400,0.0,0.0
2021-04-01 00:00:00-04:00,110.05999755859375,110.05999755859375,108.19999694824219,109.37999725341797,96.39717102050781,5793000,0.0,0.0
2021-04-05 00:00:00-04:00,109.91000366210938,111.3499984741211,109.87000274658203,111.0199966430664,97.84251403808594,6913100,0.0,0.0
2021-04-06 00:00:00-04:00,111.37999725341797,113.81999969482422,111.0999984741211,113.1500015258789,99.7197036743164,6745200,0.0,0.0
2021-04-07 00:00:00-04:00,112.91000366210938,113.76000213623047,112.6500015258789,113.19000244140625,99.75495147705078,5629600,0.0,0.0
2021-04-08 00:00:00-04:00,113.6500015258789,113.95999908447266,112.68000030517578,113.04000091552734,99.62276458740234,5011300,0.0,0.0
2021-04-09 00:00:00-04:00,112.91000366210938,113.2699966430664,111.97000122070312,113.18000030517578,99.7461166381836,4114300,0.0,0.0
2021-04-12 00:00:00-04:00,113.0199966430664,113.88999938964844,112.7699966430664,113.80999755859375,100.30136108398438,4707800,0.0,0.0
2021-04-13 00:00:00-04:00,113.77999877929688,115.5999984741211,113.68000030517578,115.36000061035156,101.66738891601562,4607400,0.0,0.0
2021-04-14 00:00:00-04:00,115.22000122070312,116.23999786376953,114.72000122070312,115.16000366210938,101.49110412597656,3994600,0.0,0.0
2021-04-15 00:00:00-04:00,115.0999984741211,116.88999938964844,114.77999877929688,116.66000366210938,102.8130874633789,5079100,0.0,0.0
2021-04-16 00:00:00-04:00,117.81999969482422,118.5,116.94000244140625,118.33999633789062,104.29364776611328,5777900,0.0,0.0
2021-04-19 00:00:00-04:00,118.16999816894531,118.9800033569336,117.04000091552734,117.5999984741211,103.64148712158203,4889700,0.0,0.0
2021-04-20 00:00:00-04:00,116.95999908447266,117.26000213623047,115.3499984741211,116.2699966430664,102.4693603515625,5662400,0.0,0.0
2021-04-21 00:00:00-04:00,116.08999633789062,117.26000213623047,115.86000061035156,116.73999786376953,102.88358306884766,4397400,0.0,0.0
2021-04-22 00:00:00-04:00,116.87000274658203,116.87999725341797,115.2300033569336,115.91999816894531,102.1609115600586,5744900,0.0,0.0
2021-04-23 00:00:00-04:00,116.0199966430664,117.9800033569336,115.83999633789062,117.55999755859375,103.60623168945312,4555800,0.0,0.0
2021-04-26 00:00:00-04:00,116.94999694824219,117.25,115.05999755859375,115.91999816894531,102.1609115600586,5924900,0.0,0.0
2021-04-27 00:00:00-04:00,115.66999816894531,116.38999938964844,115.2699966430664,116.1500015258789,102.36360168457031,7260900,0.0,0.0
2021-04-28 00:00:00-04:00,113.44000244140625,114.1500015258789,111.61000061035156,112.4000015258789,99.0587158203125,14793500,0.0,0.0
2021-04-29 00:00:00-04:00,113.20999908447266,115.1500015258789,112.76000213623047,114.62999725341797,101.02400970458984,8936600,0.0,0.0
2021-04-30 00:00:00-04:00,114.0,114.94999694824219,113.48999786376953,114.48999786376953,100.900634765625,6478700,0.0,0.0
2021-05-03 00:00:00-04:00,115.18000030517578,116.73999786376953,115.12999725341797,115.72000122070312,101.9846420288086,5049800,0.0,0.0
2021-05-04 00:00:00-04:00,115.1500015258789,115.4000015258789,113.54000091552734,114.11000061035156,100.56575775146484,6265100,0.0,0.0
2021-05-05 00:00:00-04:00,114.20999908447266,114.87999725341797,113.16000366210938,113.4800033569336,100.0105209350586,4677700,0.0,0.0
2021-05-06 00:00:00-04:00,113.6500015258789,114.80999755859375,113.0999984741211,114.73999786376953,101.12096405029297,4113300,0.0,0.0
2021-05-07 00:00:00-04:00,115.11000061035156,115.83999633789062,114.23999786376953,114.33999633789062,100.76844024658203,4867500,0.0,0.0
2021-05-10 00:00:00-04:00,114.56999969482422,116.08999633789062,114.20999908447266,114.30000305175781,100.73319244384766,5759500,0.0,0.0
2021-05-11 00:00:00-04:00,113.31999969482422,113.69000244140625,112.16999816894531,113.55000305175781,100.07221984863281,7775400,0.0,0.0
2021-05-12 00:00:00-04:00,111.87000274658203,112.38999938964844,109.55999755859375,109.79000091552734,97.14347839355469,7965300,0.45,0.0
2021-05-13 00:00:00-04:00,110.16000366210938,111.18000030517578,109.16000366210938,110.48999786376953,97.7628402709961,7999400,0.0,0.0
2021-05-14 00:00:00-04:00,111.01000213623047,111.58999633789062,110.25,111.19999694824219,98.39104461669922,6836300,0.0,0.0
2021-05-17 00:00:00-04:00,111.22000122070312,111.2699966430664,109.83000183105469,110.9800033569336,98.19641876220703,4521200,0.0,0.0
2021-05-18 00:00:00-04:00,111.37000274658203,112.20999908447266,111.01000213623047,111.06999969482422,98.27604675292969,5177300,0.0,0.0
2021-05-19 00:00:00-04:00,109.5999984741211,109.94000244140625,108.87999725341797,109.66999816894531,97.0373306274414,5997400,0.0,0.0
2021-05-20 00:00:00-04:00,109.9800033569336,111.69000244140625,109.87000274658203,111.41000366210938,98.5768814086914,5345500,0.0,0.0
2021-05-21 00:00:00-04:00,111.62999725341797,112.22000122070312,110.56999969482422,110.91999816894531,98.14332580566406,5146500,0.0,0.0
2021-05-24 00:00:00-04:00,111.80000305175781,113.02999877929688,111.5199966430664,112.5199966430664,99.55899047851562,5476100,0.0,0.0
2021-05-25 00:00:00-04:00,112.91999816894531,113.1500015258789,112.18000030517578,112.62999725341797,99.65634155273438,5391800,0.0,0.0
2021-05-26 00:00:00-04:00,113.30000305175781,113.87000274658203,112.62999725341797,112.8499984741211,99.85099792480469,3841600,0.0,0.0
2021-05-27 00:00:00-04:00,113.47000122070312,114.08999633789062,112.76000213623047,113.51000213623047,100.43498992919922,7378400,0.0,0.0
2021-05-28 00:00:00-04:00,114.3499984741211,114.3499984741211,113.05000305175781,113.87999725341797,100.76235961914062,4239800,0.0,0.0
2021-06-01 00:00:00-04:00,114.55999755859375,114.62000274658203,113.0999984741211,113.33999633789062,100.28456115722656,4306900,0.0,0.0
2021-06-02 00:00:00-04:00,113.70999908447266,113.70999908447266,112.75,113.0,99.98372650146484,5045000,0.0,0.0
2021-06-03 00:00:00-04:00,112.01000213623047,112.23999786376953,110.1500015258789,111.12000274658203,98.32030487060547,5723900,0.0,0.0
2021-06-04 00:00:00-04:00,111.62000274658203,112.06999969482422,111.05000305175781,111.98999786376953,99.09007263183594,4477500,0.0,0.0
2021-06-07 00:00:00-04:00,111.9800033569336,112.27999877929688,110.98999786376953,111.33000183105469,98.50609588623047,4009000,0.0,0.0
2021-06-08 00:00:00-04:00,111.37999725341797,111.98999786376953,110.86000061035156,111.5199966430664,98.67420959472656,4669800,0.0,0.0
2021-06-09 00:00:00-04:00,111.73999786376953,112.19000244140625,111.33000183105469,111.38999938964844,98.55917358398438,3669400,0.0,0.0
2021-06-10 00:00:00-04:00,111.80000305175781,112.43000030517578,111.44000244140625,112.20999908447266,99.28473663330078,3833200,0.0,0.0
2021-06-11 00:00:00-04:00,112.27999877929688,112.83000183105469,112.19000244140625,112.55999755859375,99.59439849853516,3231200,0.0,0.0
2021-06-14 00:00:00-04:00,112.77999877929688,113.2300033569336,111.5,112.44999694824219,99.49708557128906,4222400,0.0,0.0
2021-06-15 00:00:00-04:00,112.45999908447266,112.5,111.55999755859375,111.88999938964844,99.0015869140625,3487300,0.0,0.0
2021-06-16 00:00:00-04:00,112.41999816894531,112.56999969482422,110.19999694824219,111.36000061035156,98.53263854980469,4822000,0.0,0.0
2021-06-17 00:00:00-04:00,111.0,111.94999694824219,110.70999908447266,111.38999938964844,98.55917358398438,4008500,0.0,0.0
2021-06-18 00:00:00-04:00,110.73999786376953,110.75,109.26000213623047,109.69999694824219,97.0638427734375,7024400,0.0,0.0
2021-06-21 00:00:00-04:00,110.0,111.37000274658203,109.68000030517578,110.97000122070312,98.18757629394531,5628500,0.0,0.0
2021-06-22 00:00:00-04:00,111.06999969482422,112.26000213623047,110.5999984741211,111.8499984741211,98.96619415283203,3583500,0.0,0.0
2021-06-23 00:00:00-04:00,111.27999877929688,111.97000122070312,111.13999938964844,111.55999755859375,98.70958709716797,3552100,0.0,0.0
2021-06-24 00:00:00-04:00,111.77999877929688,112.91000366210938,111.77999877929688,111.98999786376953,99.09007263183594,3840000,0.0,0.0
2021-06-25 00:00:00-04:00,112.75,113.22000122070312,112.22000122070312,113.04000091552734,100.01912689208984,12171200,0.0,0.0
2021-06-28 00:00:00-04:00,112.93000030517578,113.05000305175781,111.44999694824219,112.23999786376953,99.31127166748047,4546600,0.0,0.0
2021-06-29 00:00:00-04:00,112.06999969482422,112.69000244140625,111.52999877929688,112.2699966430664,99.33780670166016,3789500,0.0,0.0
2021-06-30 00:00:00-04:00,112.33999633789062,112.58999633789062,111.2699966430664,111.80999755859375,98.93082427978516,6759100,0.0,0.0
2021-07-01 00:00:00-04:00,111.94999694824219,113.48999786376953,111.80999755859375,113.41000366210938,100.34650421142578,4810600,0.0,0.0
2021-07-02 00:00:00-04:00,113.97000122070312,115.30000305175781,113.70999908447266,114.97000122070312,101.72681427001953,4722000,0.0,0.0
2021-07-06 00:00:00-04:00,115.08000183105469,115.8499984741211,114.31999969482422,115.7300033569336,102.39926147460938,5294700,0.0,0.0
2021-07-07 00:00:00-04:00,115.87999725341797,117.7699966430664,115.6500015258789,117.13999938964844,103.64684295654297,5382300,0.0,0.0
2021-07-08 00:00:00-04:00,115.44999694824219,116.76000213623047,115.23999786376953,115.98999786376953,102.62931823730469,4486100,0.0,0.0
2021-07-09 00:00:00-04:00,116.05999755859375,117.73999786376953,116.0,117.47000122070312,103.93885803222656,3533600,0.0,0.0
2021-07-12 00:00:00-04:00,117.75,118.77999877929688,117.38999938964844,118.45999908447266,104.81480407714844,5683400,0.0,0.0
2021-07-13 00:00:00-04:00,118.54000091552734,119.98999786376953,118.44999694824219,119.55000305175781,105.77924346923828,5529300,0.0,0.0
2021-07-14 00:00:00-04:00,119.94000244140625,120.83000183105469,119.68000030517578,119.80000305175781,106.00044250488281,5701800,0.0,0.0
2021-07-15 00:00:00-04:00,119.29000091552734,119.58000183105469,118.18000030517578,118.97000122070312,105.26605987548828,6467500,0.0,0.0
2021-07-16 00:00:00-04:00,119.68000030517578,120.4800033569336,118.5,118.7300033569336,105.05370330810547,5024800,0.0,0.0
2021-07-19 00:00:00-04:00,117.54000091552734,117.55000305175781,114.33000183105469,115.31999969482422,102.03648376464844,7731300,0.0,0.0
2021-07-20 00:00:00-04:00,115.62999725341797,118.06999969482422,115.33000183105469,117.41999816894531,103.89459228515625,5117800,0.0,0.0
2021-07-21 00:00:00-04:00,117.54000091552734,119.6500015258789,117.4800033569336,119.2699966430664,105.5315170288086,4377500,0.0,0.0
2021-07-22 00:00:00-04:00,119.33999633789062,122.91999816894531,119.06999969482422,122.62999725341797,108.50446319580078,7172300,0.0,0.0
2021-07-23 00:00:00-04:00,124.55000305175781,126.31999969482422,123.91999816894531,125.97000122070312,111.4597396850586,7934200,0.0,0.0
2021-07-26 00:00:00-04:00,125.73999786376953,126.0999984741211,124.25,126.05999755859375,111.53937530517578,4827500,0.0,0.0
2021-07-27 00:00:00-04:00,126.08000183105469,126.16000366210938,124.80999755859375,126.02999877929688,111.51284790039062,6110900,0.0,0.0
2021-07-28 00:00:00-04:00,122.55999755859375,123.33000183105469,121.38999938964844,122.41000366210938,108.309814453125,11747000,0.0,0.0
2021-07-29 00:00:00-04:00,122.93000030517578,123.47000122070312,122.13999938964844,122.37999725341797,108.28325653076172,6618400,0.0,0.0
2021-07-30 00:00:00-04:00,122.19000244140625,122.9800033569336,121.0999984741211,121.43000030517578,107.44268798828125,5712300,0.0,0.0
2021-08-02 00:00:00-04:00,122.02999877929688,122.9800033569336,120.06999969482422,120.37000274658203,106.50479125976562,5996800,0.0,0.0
2021-08-03 00:00:00-04:00,120.56999969482422,120.75,117.5199966430664,119.12999725341797,105.40762329101562,6030500,0.0,0.0
2021-08-04 00:00:00-04:00,119.12999725341797,119.20999908447266,117.56999969482422,118.25,104.62901306152344,6675500,0.0,0.0
2021-08-05 00:00:00-04:00,118.72000122070312,119.08999633789062,118.11000061035156,119.02999877929688,105.31914520263672,4281900,0.0,0.0
2021-08-06 00:00:00-04:00,119.13999938964844,119.20999908447266,118.08000183105469,119.05000305175781,105.33685302734375,6832600,0.0,0.0
2021-08-09 00:00:00-04:00,118.98999786376953,119.0199966430664,117.75,117.94000244140625,104.35470581054688,4557900,0.0,0.0
2021-08-10 00:00:00-04:00,118.38999938964844,118.5,115.9800033569336,116.38999938964844,102.98326873779297,9839700,0.0,0.0
2021-08-11 00:00:00-04:00,116.33999633789062,117.29000091552734,115.9000015258789,116.5,103.48065948486328,6472300,0.45,0.0
2021-08-12 00:00:00-04:00,116.41000366210938,116.77999877929688,115.51000213623047,115.75,102.81446075439453,4358300,0.0,0.0
2021-08-13 00:00:00-04:00,115.94000244140625,116.83000183105469,115.4000015258789,116.76000213623047,103.71160125732422,4361700,0.0,0.0
2021-08-16 00:00:00-04:00,116.69000244140625,117.7300033569336,116.41000366210938,117.54000091552734,104.40442657470703,5976000,0.0,0.0
2021-08-17 00:00:00-04:00,116.62000274658203,116.94000244140625,115.55999755859375,116.56999969482422,103.5428466796875,4719800,0.0,0.0
2021-08-18 00:00:00-04:00,116.27999877929688,116.73999786376953,115.5999984741211,115.68000030517578,102.7522964477539,4520500,0.0,0.0
2021-08-19 00:00:00-04:00,114.51000213623047,115.06999969482422,113.61000061035156,114.31999969482422,101.54428100585938,5317100,0.0,0.0
2021-08-20 00:00:00-04:00,113.9800033569336,115.0,113.66000366210938,114.62999725341797,101.81963348388672,3486300,0.0,0.0
2021-08-23 00:00:00-04:00,114.70999908447266,115.45999908447266,114.70999908447266,115.1500015258789,102.28152465820312,4235100,0.0,0.0
2021-08-24 00:00:00-04:00,115.38999938964844,115.8499984741211,114.94000244140625,115.08000183105469,102.2193603515625,3447300,0.0,0.0
2021-08-25 00:00:00-04:00,115.58999633789062,115.98999786376953,115.0,115.56999969482422,102.65457916259766,3881500,0.0,0.0
2021-08-26 00:00:00-04:00,115.62000274658203,115.7699966430664,113.86000061035156,114.31999969482422,101.54428100585938,5188200,0.0,0.0
2021-08-27 00:00:00-04:00,114.61000061035156,115.38999938964844,114.18000030517578,115.12000274658203,102.2548828125,4204700,0.0,0.0
2021-08-30 00:00:00-04:00,115.61000061035156,115.81999969482422,114.62999725341797,115.61000061035156,102.69013214111328,3078200,0.0,0.0
2021-08-31 00:00:00-04:00,115.7699966430664,117.5999984741211,115.6500015258789,117.48999786376953,104.36002349853516,6995500,0.0,0.0
2021-09-01 00:00:00-04:00,118.01000213623047,118.33000183105469,117.27999877929688,117.44999694824219,104.32449340820312,4402700,0.0,0.0
2021-09-02 00:00:00-04:00,118.29000091552734,118.36000061035156,116.9000015258789,117.37000274658203,104.25342559814453,3801900,0.0,0.0
2021-09-03 00:00:00-04:00,116.83999633789062,117.58000183105469,116.33999633789062,117.19000244140625,104.0935287475586,2921300,0.0,0.0
2021-09-07 00:00:00-04:00,117.08999633789062,117.12999725341797,115.47000122070312,115.79000091552734,102.85002136230469,4264900,0.0,0.0
2021-09-08 00:00:00-04:00,116.0999984741211,118.19000244140625,115.51000213623047,118.04000091552734,104.84855651855469,5548400,0.0,0.0
2021-09-09 00:00:00-04:00,117.9800033569336,120.06999969482422,117.80000305175781,118.79000091552734,105.51473236083984,4711200,0.0,0.0
2021-09-10 00:00:00-04:00,119.3499984741211,120.76000213623047,118.88999938964844,119.33999633789062,106.00325012207031,6517900,0.0,0.0
2021-09-13 00:00:00-04:00,119.88999938964844,120.1500015258789,118.55999755859375,119.18000030517578,105.86115264892578,4381100,0.0,0.0
2021-09-14 00:00:00-04:00,119.72000122070312,119.86000061035156,118.36000061035156,118.86000061035156,105.57689666748047,4722800,0.0,0.0
2021-09-15 00:00:00-04:00,116.95999908447266,117.0199966430664,113.12000274658203,114.63999938964844,101.8285140991211,11556200,0.0,0.0
2021-09-16 00:00:00-04:00,114.79000091552734,115.2699966430664,113.19000244140625,114.66999816894531,101.85516357421875,7997000,0.0,0.0
2021-09-17 00:00:00-04:00,114.54000091552734,114.8499984741211,113.12000274658203,113.41000366210938,100.7359848022461,9261000,0.0,0.0
2021-09-20 00:00:00-04:00,111.3499984741211,112.2699966430664,110.37999725341797,111.81999969482422,99.32366943359375,7795200,0.0,0.0
2021-09-21 00:00:00-04:00,111.91999816894531,113.5999984741211,111.75,112.22000122070312,99.67896270751953,5468400,0.0,0.0
2021-09-22 00:00:00-04:00,113.05999755859375,114.02999877929688,112.31999969482422,113.06999969482422,100.43397521972656,4578200,0.0,0.0
2021-09-23 00:00:00-04:00,113.38999938964844,114.70999908447266,113.0999984741211,114.13999938964844,101.3843994140625,3842000,0.0,0.0
2021-09-24 00:00:00-04:00,114.12999725341797,114.86000061035156,113.76000213623047,114.11000061035156,101.35775756835938,3955000,0.0,0.0
2021-09-27 00:00:00-04:00,113.61000061035156,114.66999816894531,112.91000366210938,113.68000030517578,100.97579956054688,3988800,0.0,0.0
2021-09-28 00:00:00-04:00,112.68000030517578,113.0,111.08000183105469,111.70999908447266,99.2259521484375,5917700,0.0,0.0
2021-09-29 00:00:00-04:00,111.9000015258789,112.5199966430664,111.56999969482422,112.16999816894531,99.63455963134766,4389100,0.0,0.0
2021-09-30 00:00:00-04:00,111.5199966430664,112.16000366210938,110.30999755859375,110.30999755859375,97.982421875,5974500,0.0,0.0
2021-10-01 00:00:00-04:00,110.88999938964844,113.45999908447266,110.54000091552734,112.91999816894531,100.30072021484375,5636900,0.0,0.0
2021-10-04 00:00:00-04:00,112.43000030517578,113.08000183105469,111.0199966430664,111.45999908447266,99.00389862060547,4497700,0.0,0.0
2021-10-05 00:00:00-04:00,111.12999725341797,111.4800033569336,110.02999877929688,110.8499984741211,98.46207427978516,5884000,0.0,0.0
2021-10-06 00:00:00-04:00,110.18000030517578,112.0199966430664,109.4800033569336,111.63999938964844,99.163818359375,5734500,0.0,0.0
2021-10-07 00:00:00-04:00,112.37999725341797,112.9800033569336,112.05000305175781,112.20999908447266,99.6700668334961,5549500,0.0,0.0
2021-10-08 00:00:00-04:00,112.58000183105469,112.66000366210938,111.12999725341797,111.22000122070312,98.79072570800781,3787000,0.0,0.0
2021-10-11 00:00:00-04:00,112.88999938964844,113.55999755859375,110.91999816894531,110.94000244140625,98.54200744628906,5987300,0.0,0.0
2021-10-12 00:00:00-04:00,111.72000122070312,111.87000274658203,110.66000366210938,111.0,98.59532165527344,3866800,0.0,0.0
2021-10-13 00:00:00-04:00,111.38999938964844,111.4800033569336,109.41000366210938,110.76000213623047,98.38213348388672,4806500,0.0,0.0
2021-10-14 00:00:00-04:00,111.08000183105469,112.61000061035156,111.01000213623047,111.87000274658203,99.36808776855469,5194900,0.0,0.0
2021-10-15 00:00:00-04:00,112.44999694824219,112.91999816894531,110.94999694824219,111.44999694824219,98.9950180053711,5860900,0.0,0.0
2021-10-18 00:00:00-04:00,111.44000244140625,113.56999969482422,110.95999908447266,113.37000274658203,100.70045471191406,4958400,0.0,0.0
2021-10-19 00:00:00-04:00,113.73999786376953,114.54000091552734,112.76000213623047,113.48999786376953,100.80703735351562,5799300,0.0,0.0
2021-10-20 00:00:00-04:00,113.05999755859375,115.11000061035156,112.70999908447266,113.86000061035156,101.13568878173828,7645200,0.0,0.0
2021-10-21 00:00:00-04:00,113.93000030517578,114.55999755859375,113.61000061035156,114.44000244140625,101.65086364746094,3684300,0.0,0.0
2021-10-22 00:00:00-04:00,114.41000366210938,114.9800033569336,114.06999969482422,114.55000305175781,101.74858093261719,3396400,0.0,0.0
2021-10-25 00:00:00-04:00,114.73999786376953,114.87999725341797,113.36000061035156,114.70999908447266,101.89069366455078,4290600,0.0,0.0
2021-10-26 00:00:00-04:00,114.91999816894531,115.27999877929688,114.25,114.91999816894531,102.07723999023438,5948000,0.0,0.0
2021-10-27 00:00:00-04:00,115.56999969482422,115.56999969482422,113.08000183105469,113.51000213623047,100.8248062133789,5853900,0.0,0.0
2021-10-28 00:00:00-04:00,113.73999786376953,114.5999984741211,112.45999908447266,113.19999694824219,100.5494384765625,7697600,0.0,0.0
2021-10-29 00:00:00-04:00,107.5,107.98999786376953,104.0199966430664,106.06999969482422,94.21623992919922,27419600,0.0,0.0
2021-11-01 00:00:00-04:00,107.2300033569336,110.1500015258789,107.19999694824219,109.80000305175781,97.52942657470703,14184600,0.0,0.0
2021-11-02 00:00:00-04:00,110.25,111.81999969482422,109.79000091552734,111.44999694824219,98.9950180053711,11538900,0.0,0.0
2021-11-03 00:00:00-04:00,111.33000183105469,112.91999816894531,110.11000061035156,112.61000061035156,100.02539825439453,6422600,0.0,0.0
2021-11-04 00:00:00-04:00,111.5999984741211,112.41999816894531,110.93000030517578,112.16000366210938,99.62567901611328,8212600,0.0,0.0
2021-11-05 00:00:00-04:00,113.23999786376953,117.33000183105469,113.13999938964844,116.91000366210938,103.84484100341797,10256800,0.0,0.0
2021-11-08 00:00:00-05:00,116.5199966430664,117.47000122070312,114.56999969482422,115.16000366210938,102.29039764404297,8753300,0.0,0.0
2021-11-09 00:00:00-05:00,114.6500015258789,115.5999984741211,113.37000274658203,114.12999725341797,101.37552642822266,6754700,0.0,0.0
2021-11-10 00:00:00-05:00,112.91000366210938,114.45999908447266,112.5999984741211,113.25,101.02760314941406,6563700,0.49,0.0
2021-11-11 00:00:00-05:00,113.25,113.25,110.54000091552734,111.44000244140625,99.41293334960938,7191900,0.0,0.0
2021-11-12 00:00:00-05:00,111.73999786376953,112.23999786376953,111.08999633789062,111.72000122070312,99.66273498535156,7350400,0.0,0.0
2021-11-15 00:00:00-05:00,112.12000274658203,113.6500015258789,111.58000183105469,111.87000274658203,99.79653930664062,6566100,0.0,0.0
2021-11-16 00:00:00-05:00,112.27999877929688,113.11000061035156,111.51000213623047,112.2300033569336,100.11769104003906,7965000,0.0,0.0
2021-11-17 00:00:00-05:00,112.22000122070312,113.11000061035156,111.66000366210938,112.5199966430664,100.37639617919922,5768600,0.0,0.0
2021-11-18 00:00:00-05:00,112.12000274658203,113.2300033569336,111.33999633789062,112.9000015258789,100.71538543701172,5632100,0.0,0.0
2021-11-19 00:00:00-05:00,112.7300033569336,112.9000015258789,109.7699966430664,110.77999877929688,98.82417297363281,6921800,0.0,0.0
2021-11-22 00:00:00-05:00,111.11000061035156,112.58999633789062,110.66999816894531,111.44999694824219,99.42185974121094,5967300,0.0,0.0
2021-11-23 00:00:00-05:00,112.0,114.11000061035156,111.77999877929688,113.58000183105469,101.32199096679688,7911000,0.0,0.0
2021-11-24 00:00:00-05:00,113.41000366210938,114.26000213623047,113.08000183105469,113.97000122070312,101.66990661621094,4464300,0.0,0.0
2021-11-26 00:00:00-05:00,110.01000213623047,110.83000183105469,109.25,110.66000366210938,98.7171401977539,6703200,0.0,0.0
2021-11-29 00:00:00-05:00,111.36000061035156,111.69000244140625,109.62000274658203,110.7300033569336,98.77957153320312,7114100,0.0,0.0
2021-11-30 00:00:00-05:00,109.55000305175781,111.08999633789062,109.05000305175781,109.63999938964844,97.8072280883789,9483300,0.0,0.0
2021-12-01 00:00:00-05:00,110.95999908447266,113.3499984741211,108.55000305175781,108.66000366210938,96.93297576904297,7618500,0.0,0.0
2021-12-02 00:00:00-05:00,109.16999816894531,112.08000183105469,109.16999816894531,111.41999816894531,99.39508819580078,7709400,0.0,0.0
2021-12-03 00:00:00-05:00,111.8499984741211,112.8499984741211,110.08000183105469,111.23999786376953,99.23454284667969,7014100,0.0,0.0
2021-12-06 00:00:00-05:00,112.01000213623047,114.16999816894531,111.70999908447266,113.36000061035156,101.12572479248047,8280200,0.0,0.0
2021-12-07 00:00:00-05:00,115.05999755859375,117.19000244140625,114.79000091552734,116.26000213623047,103.71275329589844,8786900,0.0,0.0
2021-12-08 00:00:00-05:00,115.77999877929688,116.6500015258789,115.1500015258789,116.25,103.7038345336914,5807000,0.0,0.0
2021-12-09 00:00:00-05:00,115.80000305175781,116.41000366210938,115.23999786376953,115.3499984741211,102.90096282958984,5664700,0.0,0.0
2021-12-10 00:00:00-05:00,115.81999969482422,117.08999633789062,115.77999877929688,116.7300033569336,104.13204193115234,6110800,0.0,0.0
2021-12-13 00:00:00-05:00,116.16000366210938,116.83000183105469,115.22000122070312,115.55999755859375,103.08829498291016,6479400,0.0,0.0
2021-12-14 00:00:00-05:00,114.56999969482422,115.30000305175781,114.02999877929688,114.70999908447266,102.33004760742188,6854600,0.0,0.0
2021-12-15 00:00:00-05:00,114.80999755859375,115.19999694824219,112.76000213623047,114.68000030517578,102.30327606201172,6902400,0.0,0.0
2021-12-16 00:00:00-05:00,115.0,115.4000015258789,113.22000122070312,113.58999633789062,101.3309097290039,7544400,0.0,0.0
2021-12-17 00:00:00-05:00,111.2699966430664,111.80000305175781,108.22000122070312,108.62999725341797,96.90619659423828,13696900,0.0,0.0
2021-12-20 00:00:00-05:00,107.06999969482422,108.12000274658203,106.61000061035156,108.08999633789062,96.42448425292969,6313700,0.0,0.0
2021-12-21 00:00:00-05:00,109.0,110.9000015258789,108.87000274658203,110.37000274658203,98.45843505859375,4682200,0.0,0.0
2021-12-22 00:00:00-05:00,110.19999694824219,111.77999877929688,110.0,111.73999786376953,99.6805648803711,3643300,0.0,0.0
2021-12-23 00:00:00-05:00,112.2300033569336,112.91000366210938,111.98999786376953,112.37000274658203,100.24258422851562,3359600,0.0,0.0
2021-12-27 00:00:00-05:00,112.5999984741211,114.37000274658203,112.38999938964844,114.22000122070312,101.89292907714844,3716700,0.0,0.0
2021-12-28 00:00:00-05:00,114.0,116.27999877929688,113.80999755859375,115.56999969482422,103.09722900390625,4561600,0.0,0.0
2021-12-29 00:00:00-05:00,115.4000015258789,116.95999908447266,115.30999755859375,116.37999725341797,103.81979370117188,4215300,0.0,0.0
2021-12-30 00:00:00-05:00,116.37999725341797,117.33999633789062,116.08000183105469,116.23999786376953,103.69491577148438,4068700,0.0,0.0
2021-12-31 00:00:00-05:00,115.66999816894531,117.4800033569336,115.5999984741211,116.97000122070312,104.34610748291016,3674900,0.0,0.0
2022-01-03 00:00:00-05:00,116.47000122070312,117.80000305175781,114.77999877929688,116.68000030517578,104.08744049072266,5475700,0.0,0.0
2022-01-04 00:00:00-05:00,116.9000015258789,117.05000305175781,114.16999816894531,114.23999786376953,101.91075134277344,8367600,0.0,0.0
2022-01-05 00:00:00-05:00,114.4000015258789,114.95999908447266,110.4000015258789,110.44000244140625,98.5208740234375,8662300,0.0,0.0
2022-01-06 00:00:00-05:00,110.0,111.87999725341797,109.98999786376953,111.13999938964844,99.14533233642578,6099900,0.0,0.0
2022-01-07 00:00:00-05:00,108.22000122070312,109.70999908447266,107.4800033569336,107.56999969482422,95.96062469482422,11266400,0.0,0.0
2022-01-10 00:00:00-05:00,106.62000274658203,107.01000213623047,104.41999816894531,106.02999877929688,94.5868148803711,8499400,0.0,0.0
2022-01-11 00:00:00-05:00,106.04000091552734,106.16999816894531,103.70999908447266,104.04000091552734,92.81156921386719,13073200,0.0,0.0
2022-01-12 00:00:00-05:00,104.44000244140625,105.31999969482422,103.68000030517578,103.87000274658203,92.65995025634766,11810500,0.0,0.0
2022-01-13 00:00:00-05:00,104.1500015258789,104.66999816894531,102.08999633789062,102.4000015258789,91.34858703613281,9818500,0.0,0.0
2022-01-14 00:00:00-05:00,101.91000366210938,101.91000366210938,99.08999633789062,100.12000274658203,89.31465911865234,13703200,0.0,0.0
2022-01-18 00:00:00-05:00,99.16999816894531,99.36000061035156,97.51000213623047,97.7300033569336,87.18257904052734,11396000,0.0,0.0
2022-01-19 00:00:00-05:00,97.94000244140625,98.38999938964844,96.77999877929688,96.87000274658203,86.41541290283203,10856800,0.0,0.0
2022-01-20 00:00:00-05:00,97.48999786376953,98.94000244140625,95.58999633789062,95.72000122070312,85.3895034790039,20311500,0.0,0.0
2022-01-21 00:00:00-05:00,95.9000015258789,98.41000366210938,95.47000122070312,96.30999755859375,85.91584014892578,13438300,0.0,0.0
2022-01-24 00:00:00-05:00,94.75,98.3499984741211,94.41000366210938,98.0999984741211,87.51265716552734,17201400,0.0,0.0
2022-01-25 00:00:00-05:00,96.66999816894531,98.08999633789062,95.12999725341797,97.01000213623047,86.540283203125,12368500,0.0,0.0
2022-01-26 00:00:00-05:00,97.69999694824219,98.63999938964844,94.9000015258789,95.58000183105469,85.26461791992188,11863000,0.0,0.0
2022-01-27 00:00:00-05:00,96.62000274658203,97.16999816894531,95.05999755859375,95.31999969482422,85.03266906738281,7322200,0.0,0.0
2022-01-28 00:00:00-05:00,95.05999755859375,97.22000122070312,93.79000091552734,97.20999908447266,86.71869659423828,8345400,0.0,0.0
2022-01-31 00:00:00-05:00,97.02999877929688,98.4000015258789,96.41999816894531,98.31999969482422,87.70890045166016,8807700,0.0,0.0
2022-02-01 00:00:00-05:00,98.41999816894531,99.02999877929688,96.80000305175781,98.76000213623047,88.10142517089844,11601900,0.0,0.0
2022-02-02 00:00:00-05:00,95.80000305175781,99.1500015258789,94.73999786376953,97.7300033569336,87.18257904052734,15578800,0.0,0.0
2022-02-03 00:00:00-05:00,96.83999633789062,97.47000122070312,95.66999816894531,95.94000244140625,85.58576965332031,8901100,0.0,0.0
2022-02-04 00:00:00-05:00,95.41000366210938,95.94000244140625,93.83000183105469,95.0,84.74723052978516,8267600,0.0,0.0
2022-02-07 00:00:00-05:00,95.3499984741211,96.11000061035156,94.87999725341797,95.19000244140625,84.91670989990234,6849000,0.0,0.0
2022-02-08 00:00:00-05:00,95.29000091552734,96.02999877929688,94.3499984741211,94.91999816894531,84.67584991455078,7161000,0.0,0.0
2022-02-09 00:00:00-05:00,96.25,97.97000122070312,96.19999694824219,97.12999725341797,86.64735412597656,9353700,0.0,0.0
2022-02-10 00:00:00-05:00,95.45999908447266,96.80999755859375,94.9800033569336,95.30999755859375,85.4548568725586,9098800,0.49,0.0
2022-02-11 00:00:00-05:00,95.58999633789062,96.48999786376953,93.36000061035156,93.7300033569336,84.03823852539062,6924800,0.0,0.0
2022-02-14 00:00:00-05:00,93.75,94.48999786376953,92.41999816894531,93.6500015258789,83.96649932861328,7948500,0.0,0.0
2022-02-15 00:00:00-05:00,95.1500015258789,95.45999908447266,94.36000061035156,94.51000213623047,84.73758697509766,7722200,0.0,0.0
2022-02-16 00:00:00-05:00,94.33999633789062,95.55000305175781,93.16000366210938,95.18000030517578,85.33831024169922,6545800,0.0,0.0
2022-02-17 00:00:00-05:00,94.41999816894531,94.62999725341797,92.77999877929688,93.05000305175781,83.42854309082031,6578200,0.0,0.0
2022-02-18 00:00:00-05:00,92.55999755859375,94.05000305175781,92.52999877929688,93.33999633789062,83.68856811523438,6210600,0.0,0.0
2022-02-22 00:00:00-05:00,93.5999984741211,94.04000091552734,92.36000061035156,93.11000061035156,83.48233795166016,8622500,0.0,0.0
2022-02-23 00:00:00-05:00,93.87999725341797,93.87999725341797,89.44000244140625,89.6500015258789,80.3801040649414,9674800,0.0,0.0
2022-02-24 00:00:00-05:00,87.5,91.19999694824219,87.25,91.01000213623047,81.59949493408203,9260500,0.0,0.0
2022-02-25 00:00:00-05:00,91.30000305175781,92.79000091552734,90.27999877929688,92.58000183105469,83.00713348388672,7039400,0.0,0.0
2022-02-28 00:00:00-05:00,91.29000091552734,92.30999755859375,90.62000274658203,91.79000091552734,82.29883575439453,8591500,0.0,0.0
2022-03-01 00:00:00-05:00,91.48999786376953,91.51000213623047,89.6500015258789,90.13999938964844,80.81945037841797,7100700,0.0,0.0
2022-03-02 00:00:00-05:00,90.7699966430664,93.27999877929688,90.58999633789062,92.7699966430664,83.17749786376953,10721100,0.0,0.0
2022-03-03 00:00:00-05:00,93.4800033569336,93.5,91.08000183105469,91.52999877929688,82.06571960449219,6587400,0.0,0.0
2022-03-04 00:00:00-05:00,90.97000122070312,91.16000366210938,89.44999694824219,90.02999877929688,80.72081756591797,7179800,0.0,0.0
2022-03-07 00:00:00-05:00,90.04000091552734,90.05000305175781,84.3499984741211,84.45999908447266,75.72676086425781,14608700,0.0,0.0
2022-03-08 00:00:00-05:00,84.76000213623047,86.91999816894531,83.76000213623047,84.0,75.31431579589844,10692000,0.0,0.0
2022-03-09 00:00:00-05:00,86.5,88.12999725341797,86.33000183105469,87.5999984741211,78.54207611083984,8811600,0.0,0.0
2022-03-10 00:00:00-05:00,86.08999633789062,87.36000061035156,85.5999984741211,87.16000366210938,78.14756774902344,9114300,0.0,0.0
2022-03-11 00:00:00-05:00,88.3499984741211,88.80999755859375,82.54000091552734,82.7300033569336,74.1756362915039,15351700,0.0,0.0
2022-03-14 00:00:00-04:00,82.31999969482422,82.33999633789062,78.91999816894531,79.29000091552734,71.09134674072266,18199300,0.0,0.0
2022-03-15 00:00:00-04:00,80.5,83.44000244140625,80.27999877929688,83.12000274658203,74.52531433105469,12542300,0.0,0.0
2022-03-16 00:00:00-04:00,88.01000213623047,90.08999633789062,85.62000274658203,87.41000366210938,78.37173461914062,21207900,0.0,0.0
2022-03-17 00:00:00-04:00,87.45999908447266,87.94999694824219,86.01000213623047,87.66000366210938,78.59589385986328,8554200,0.0,0.0
2022-03-18 00:00:00-04:00,86.12000274658203,89.75,84.9800033569336,89.5999984741211,80.33526611328125,23784200,0.0,0.0
2022-03-21 00:00:00-04:00,89.61000061035156,89.72000122070312,85.97000122070312,86.86000061035156,77.87860107421875,11925300,0.0,0.0
2022-03-22 00:00:00-04:00,87.4000015258789,89.0999984741211,87.1500015258789,87.88999938964844,78.8021011352539,8447400,0.0,0.0
2022-03-23 00:00:00-04:00,87.36000061035156,87.70999908447266,86.0999984741211,86.22000122070312,77.30477142333984,7670500,0.0,0.0
2022-03-24 00:00:00-04:00,86.83000183105469,87.1500015258789,85.55999755859375,87.12000274658203,78.1117172241211,6163400,0.0,0.0
2022-03-25 00:00:00-04:00,87.38999938964844,87.66999816894531,86.22000122070312,87.44999694824219,78.4075927734375,7048100,0.0,0.0
2022-03-28 00:00:00-04:00,87.4800033569336,88.41999816894531,86.75,88.37999725341797,79.2414321899414,5981000,0.0,0.0
2022-03-29 00:00:00-04:00,89.69999694824219,91.9000015258789,89.66000366210938,91.2300033569336,81.7967300415039,8963200,0.0,0.0
2022-03-30 00:00:00-04:00,90.75,91.54000091552734,90.4000015258789,91.02999877929688,81.61741638183594,8122100,0.0,0.0
2022-03-31 00:00:00-04:00,91.31999969482422,92.62999725341797,90.97000122070312,90.97000122070312,81.56362915039062,11306100,0.0,0.0
2022-04-01 00:00:00-04:00,91.5,91.88999938964844,90.4800033569336,91.48999786376953,82.02984619140625,6516300,0.0,0.0
2022-04-04 00:00:00-04:00,87.88999938964844,88.45999908447266,86.18000030517578,88.08999633789062,78.9814224243164,16243100,0.0,0.0
2022-04-05 00:00:00-04:00,86.55999755859375,86.62000274658203,83.81999969482422,84.12000274658203,75.42190551757812,17525800,0.0,0.0
2022-04-06 00:00:00-04:00,83.6500015258789,83.88999938964844,82.06999969482422,83.36000061035156,74.7405014038086,10567000,0.0,0.0
2022-04-07 00:00:00-04:00,82.98999786376953,83.5,81.44999694824219,83.12000274658203,74.52531433105469,10869100,0.0,0.0
2022-04-08 00:00:00-04:00,83.19000244140625,83.19000244140625,81.33999633789062,81.5199966430664,73.09074401855469,9286800,0.0,0.0
2022-04-11 00:00:00-04:00,80.87999725341797,81.73999786376953,80.29000091552734,80.68000030517578,72.3376235961914,8623200,0.0,0.0
2022-04-12 00:00:00-04:00,80.83000183105469,81.2699966430664,79.6500015258789,79.79000091552734,71.5396499633789,8472500,0.0,0.0
2022-04-13 00:00:00-04:00,79.87999725341797,81.30999755859375,79.61000061035156,80.91999816894531,72.55280303955078,8604400,0.0,0.0
2022-04-14 00:00:00-04:00,80.75,81.08000183105469,79.25,79.5,71.27961730957031,9567200,0.0,0.0
2022-04-18 00:00:00-04:00,79.04000091552734,79.97000122070312,78.87999725341797,79.5999984741211,71.36927795410156,7797300,0.0,0.0
2022-04-19 00:00:00-04:00,79.62000274658203,81.54000091552734,79.41000366210938,81.22000122070312,72.82178497314453,8622100,0.0,0.0
2022-04-20 00:00:00-04:00,81.30999755859375,81.5199966430664,80.0,80.16999816894531,71.88033294677734,8368800,0.0,0.0
2022-04-21 00:00:00-04:00,81.05000305175781,81.19000244140625,78.7300033569336,78.95999908447266,70.79547882080078,8152500,0.0,0.0
2022-04-22 00:00:00-04:00,78.88999938964844,79.4800033569336,77.77999877929688,77.91999816894531,69.86300659179688,10315500,0.0,0.0
2022-04-25 00:00:00-04:00,77.37999725341797,78.08000183105469,76.7300033569336,77.9800033569336,69.91679382324219,10259000,0.0,0.0
2022-04-26 00:00:00-04:00,77.48999786376953,77.58000183105469,75.62999725341797,75.62999725341797,67.80980682373047,8800500,0.0,0.0
2022-04-27 00:00:00-04:00,75.37999725341797,76.43000030517578,74.68000030517578,74.73999786376953,67.01181030273438,8467300,0.0,0.0
2022-04-28 00:00:00-04:00,75.62000274658203,77.0999984741211,74.86000061035156,76.58000183105469,68.66155242919922,8818500,0.0,0.0
2022-04-29 00:00:00-04:00,76.0199966430664,76.7699966430664,74.4800033569336,74.63999938964844,66.92215728759766,9199300,0.0,0.0
2022-05-02 00:00:00-04:00,75.25,75.72000122070312,73.47000122070312,75.37000274658203,67.57666778564453,12379000,0.0,0.0
2022-05-03 00:00:00-04:00,75.72000122070312,75.79000091552734,73.37999725341797,74.33000183105469,66.64422607421875,15570100,0.0,0.0
2022-05-04 00:00:00-04:00,79.30999755859375,82.87000274658203,77.91999816894531,81.63999938964844,73.19835662841797,30199700,0.0,0.0
2022-05-05 00:00:00-04:00,80.43000030517578,81.22000122070312,77.12999725341797,77.4800033569336,69.46849060058594,19114700,0.0,0.0
2022-05-06 00:00:00-04:00,77.02999877929688,77.19999694824219,75.20999908447266,76.5199966430664,68.60778045654297,11165800,0.0,0.0
2022-05-09 00:00:00-04:00,75.23999786376953,76.55000305175781,73.33000183105469,73.48999786376953,65.89105224609375,12863600,0.0,0.0
2022-05-10 00:00:00-04:00,74.8499984741211,75.05000305175781,71.61000061035156,71.86000061035156,64.42960357666016,14085900,0.0,0.0
2022-05-11 00:00:00-04:00,71.55000305175781,71.94999694824219,69.95999908447266,70.05999755859375,62.81573486328125,12118100,0.0,0.0
2022-05-12 00:00:00-04:00,69.1500015258789,70.02999877929688,68.38999938964844,69.9000015258789,63.11369323730469,15460600,0.49,0.0
2022-05-13 00:00:00-04:00,71.87999725341797,75.7300033569336,71.87999725341797,75.5999984741211,68.26029968261719,18156300,0.0,0.0
2022-05-16 00:00:00-04:00,74.94000244140625,75.44000244140625,72.30999755859375,72.41999816894531,65.3890380859375,11435300,0.0,0.0
2022-05-17 00:00:00-04:00,74.01000213623047,74.3499984741211,72.83999633789062,73.72000122070312,66.56280517578125,12454500,0.0,0.0
2022-05-18 00:00:00-04:00,73.1500015258789,73.54000091552734,70.77999877929688,71.27999877929688,64.35969543457031,10576500,0.0,0.0
2022-05-19 00:00:00-04:00,71.0999984741211,72.41999816894531,70.33000183105469,71.93000030517578,64.94661712646484,11193700,0.0,0.0
2022-05-20 00:00:00-04:00,72.87999725341797,73.43000030517578,71.45999908447266,73.38999938964844,66.26486206054688,15941800,0.0,0.0
2022-05-23 00:00:00-04:00,73.7300033569336,74.2699966430664,72.56999969482422,73.41999816894531,66.29195404052734,10741900,0.0,0.0
2022-05-24 00:00:00-04:00,72.97000122070312,73.33000183105469,71.2699966430664,72.72000122070312,65.659912109375,9227700,0.0,0.0
2022-05-25 00:00:00-04:00,72.72000122070312,73.5,71.93000030517578,72.4800033569336,65.4432144165039,8344400,0.0,0.0
2022-05-26 00:00:00-04:00,72.94999694824219,74.7699966430664,72.87000274658203,74.48999786376953,67.25807189941406,8940900,0.0,0.0
2022-05-27 00:00:00-04:00,75.2300033569336,76.72000122070312,75.1500015258789,76.70999908447266,69.26253509521484,8498400,0.0,0.0
2022-05-31 00:00:00-04:00,76.97000122070312,79.66000366210938,76.55000305175781,78.5,70.87876892089844,23361800,0.0,0.0
2022-06-01 00:00:00-04:00,78.75,78.87999725341797,76.05000305175781,76.27999877929688,68.87429809570312,7579000,0.0,0.0
2022-06-02 00:00:00-04:00,76.54000091552734,79.5,75.8499984741211,79.41999816894531,71.70942687988281,10241500,0.0,0.0
2022-06-03 00:00:00-04:00,79.0,79.9000015258789,78.31999969482422,79.05000305175781,71.3753662109375,10415700,0.0,0.0
2022-06-06 00:00:00-04:00,79.69999694824219,81.30000305175781,78.52999877929688,78.9800033569336,71.31216430664062,7239400,0.0,0.0
2022-06-07 00:00:00-04:00,78.56999969482422,79.75,78.26000213623047,79.47000122070312,71.75458526611328,5517100,0.0,0.0
2022-06-08 00:00:00-04:00,78.9000015258789,79.7699966430664,78.26000213623047,78.47000122070312,70.85166931152344,5178300,0.0,0.0
2022-06-09 00:00:00-04:00,77.97000122070312,80.2699966430664,77.7300033569336,78.91000366210938,71.24895477294922,13248100,0.0,0.0
2022-06-10 00:00:00-04:00,77.0199966430664,77.79000091552734,75.66000366210938,75.66999816894531,68.32351684570312,8694300,0.0,0.0
2022-06-13 00:00:00-04:00,73.08999633789062,74.01000213623047,71.91000366210938,72.36000061035156,65.33486938476562,9282800,0.0,0.0
2022-06-14 00:00:00-04:00,72.8499984741211,73.83999633789062,71.52999877929688,72.30999755859375,65.28972625732422,7635600,0.0,0.0
2022-06-15 00:00:00-04:00,73.25,75.2699966430664,73.11000061035156,74.19000244140625,66.98719787597656,7682300,0.0,0.0
2022-06-16 00:00:00-04:00,72.43000030517578,72.61000061035156,70.3499984741211,70.94999694824219,64.0617446899414,10147000,0.0,0.0
2022-06-17 00:00:00-04:00,71.08000183105469,72.44000244140625,70.7699966430664,71.87000274658203,64.8924331665039,9824300,0.0,0.0
2022-06-21 00:00:00-04:00,73.05999755859375,73.16999816894531,72.02999877929688,72.95999908447266,65.8766098022461,7872500,0.0,0.0
2022-06-22 00:00:00-04:00,72.37000274658203,73.81999969482422,72.22000122070312,73.30000305175781,66.18359375,6702200,0.0,0.0
2022-06-23 00:00:00-04:00,73.86000061035156,75.36000061035156,73.51000213623047,75.19999694824219,67.8991470336914,6586400,0.0,0.0
2022-06-24 00:00:00-04:00,75.66000366210938,78.1500015258789,75.55000305175781,78.11000061035156,70.526611328125,18012000,0.0,0.0
2022-06-27 00:00:00-04:00,78.0,78.44000244140625,77.2699966430664,77.68000030517578,70.13836669921875,6672200,0.0,0.0
2022-06-28 00:00:00-04:00,78.38999938964844,79.88999938964844,76.19000244140625,76.33999633789062,68.92845916748047,7206400,0.0,0.0
2022-06-29 00:00:00-04:00,76.20999908447266,77.1500015258789,75.63999938964844,76.43000030517578,69.00972747802734,8983900,0.0,0.0
2022-06-30 00:00:00-04:00,76.01000213623047,76.87999725341797,74.87000274658203,76.38999938964844,68.97360229492188,6781100,0.0,0.0
2022-07-01 00:00:00-04:00,76.7300033569336,79.47000122070312,76.54000091552734,79.26000213623047,71.5649642944336,7539200,0.0,0.0
2022-07-05 00:00:00-04:00,78.0199966430664,79.55000305175781,77.36000061035156,79.5199966430664,71.79972839355469,8087800,0.0,0.0
2022-07-06 00:00:00-04:00,79.83000183105469,80.47000122070312,78.18000030517578,78.86000061035156,71.20381164550781,4652800,0.0,0.0
2022-07-07 00:00:00-04:00,78.80999755859375,79.6500015258789,78.37000274658203,79.23999786376953,71.54692077636719,5395600,0.0,0.0
2022-07-08 00:00:00-04:00,78.69000244140625,79.62999725341797,78.2699966430664,79.27999877929688,71.58303833007812,3927100,0.0,0.0
2022-07-11 00:00:00-04:00,78.8499984741211,79.05000305175781,77.43000030517578,77.9000015258789,70.3370132446289,5351500,0.0,0.0
2022-07-12 00:00:00-04:00,78.36000061035156,79.44000244140625,77.37999725341797,77.76000213623047,70.21060943603516,5393400,0.0,0.0
2022-07-13 00:00:00-04:00,75.98999786376953,78.54000091552734,75.7300033569336,77.91999816894531,70.35506439208984,3897500,0.0,0.0
2022-07-14 00:00:00-04:00,77.08999633789062,78.37000274658203,76.80999755859375,78.19999694824219,70.60787963867188,4504500,0.0,0.0
2022-07-15 00:00:00-04:00,78.61000061035156,80.20999908447266,78.61000061035156,79.62000274658203,71.89002227783203,5584100,0.0,0.0
2022-07-18 00:00:00-04:00,80.02999877929688,81.66999816894531,80.0,80.2300033569336,72.44081115722656,6768800,0.0,0.0
2022-07-19 00:00:00-04:00,81.11000061035156,82.66999816894531,80.91000366210938,82.55000305175781,74.53557586669922,5949200,0.0,0.0
2022-07-20 00:00:00-04:00,82.4800033569336,83.47000122070312,81.88999938964844,83.2699966430664,75.18563842773438,6850600,0.0,0.0
2022-07-21 00:00:00-04:00,82.94999694824219,83.61000061035156,82.6500015258789,83.54000091552734,75.42942810058594,7695300,0.0,0.0
2022-07-22 00:00:00-04:00,84.16000366210938,84.43000030517578,82.83999633789062,83.58999633789062,75.4745864868164,6283600,0.0,0.0
2022-07-25 00:00:00-04:00,83.58999633789062,83.69999694824219,81.04000091552734,81.5,73.58748626708984,5861100,0.0,0.0
2022-07-26 00:00:00-04:00,81.22000122070312,81.41999816894531,80.0,80.30999755859375,72.51302337646484,6587000,0.0,0.0
2022-07-27 00:00:00-04:00,81.2300033569336,83.41000366210938,81.12000274658203,82.95999908447266,74.9057388305664,6372600,0.0,0.0
2022-07-28 00:00:00-04:00,83.19000244140625,84.88999938964844,82.81999969482422,84.66999816894531,76.44975280761719,5594600,0.0,0.0
2022-07-29 00:00:00-04:00,84.5999984741211,84.9800033569336,83.93000030517578,84.77999877929688,76.5490493774414,5802700,0.0,0.0
2022-08-01 00:00:00-04:00,84.19000244140625,85.58999633789062,84.02999877929688,84.91000366210938,76.66644287109375,7313700,0.0,0.0
2022-08-02 00:00:00-04:00,84.69999694824219,85.13999938964844,83.62000274658203,83.70999908447266,75.58293151855469,7254700,0.0,0.0
2022-08-03 00:00:00-04:00,86.01000213623047,87.97000122070312,83.91000366210938,87.2699966430664,78.79731750488281,12915700,0.0,0.0
2022-08-04 00:00:00-04:00,87.20999908447266,88.27999877929688,86.56999969482422,86.87999725341797,78.44517517089844,7086700,0.0,0.0
2022-08-05 00:00:00-04:00,85.76000213623047,86.1500015258789,84.91999816894531,85.7300033569336,77.4068374633789,4835100,0.0,0.0
2022-08-08 00:00:00-04:00,86.1500015258789,86.86000061035156,85.41999816894531,85.72000122070312,77.39778900146484,4878400,0.0,0.0
2022-08-09 00:00:00-04:00,85.73999786376953,85.83000183105469,84.45999908447266,84.83999633789062,76.60321807861328,3498400,0.0,0.0
2022-08-10 00:00:00-04:00,86.5,86.9000015258789,86.08999633789062,86.48999786376953,78.09304809570312,5072300,0.0,0.0
2022-08-11 00:00:00-04:00,86.94000244140625,87.55000305175781,86.5,87.2699966430664,79.24627685546875,5595700,0.49,0.0
2022-08-12 00:00:00-04:00,87.30999755859375,88.4000015258789,87.19000244140625,88.30999755859375,80.19064331054688,5154000,0.0,0.0
2022-08-15 00:00:00-04:00,88.11000061035156,89.25,88.01000213623047,89.16000366210938,80.96251678466797,5601000,0.0,0.0
2022-08-16 00:00:00-04:00,88.77999877929688,89.93000030517578,88.54000091552734,89.4000015258789,81.1804428100586,4580800,0.0,0.0
2022-08-17 00:00:00-04:00,88.4000015258789,89.0,87.86000061035156,88.3499984741211,80.22697448730469,3831300,0.0,0.0
2022-08-18 00:00:00-04:00,88.02999877929688,88.77999877929688,87.68000030517578,88.55000305175781,80.4085922241211,3428300,0.0,0.0
2022-08-19 00:00:00-04:00,87.7699966430664,87.97000122070312,86.55000305175781,86.91999816894531,78.92845153808594,4597700,0.0,0.0
2022-08-22 00:00:00-04:00,85.37999725341797,85.55000305175781,84.33999633789062,84.94999694824219,77.13957977294922,5915200,0.0,0.0
2022-08-23 00:00:00-04:00,84.8499984741211,85.61000061035156,84.58000183105469,84.69000244140625,76.90348815917969,4560400,0.0,0.0
2022-08-24 00:00:00-04:00,84.76000213623047,86.4800033569336,84.4800033569336,86.05000305175781,78.1384506225586,4386000,0.0,0.0
2022-08-25 00:00:00-04:00,86.3499984741211,87.62999725341797,86.30000305175781,87.38999938964844,79.3552474975586,4236300,0.0,0.0
2022-08-26 00:00:00-04:00,87.51000213623047,87.98999786376953,83.95999908447266,84.05999755859375,76.33141326904297,6674900,0.0,0.0
2022-08-29 00:00:00-04:00,83.19999694824219,84.66000366210938,83.04000091552734,84.12000274658203,76.38590240478516,5035500,0.0,0.0
2022-08-30 00:00:00-04:00,84.18000030517578,85.0199966430664,82.69000244140625,83.41000366210938,75.74118041992188,6812500,0.0,0.0
2022-08-31 00:00:00-04:00,83.87000274658203,84.76000213623047,83.6500015258789,84.06999969482422,76.34048461914062,6570100,0.0,0.0
2022-09-01 00:00:00-04:00,83.69999694824219,85.47000122070312,82.93000030517578,85.4000015258789,77.54821014404297,7556800,0.0,0.0
2022-09-02 00:00:00-04:00,85.47000122070312,85.7699966430664,82.55000305175781,82.94000244140625,75.31437683105469,10336800,0.0,0.0
2022-09-06 00:00:00-04:00,83.06999969482422,84.62000274658203,81.66999816894531,84.5199966430664,76.7491226196289,11062800,0.0,0.0
2022-09-07 00:00:00-04:00,85.11000061035156,88.62000274658203,84.91999816894531,88.30999755859375,80.19064331054688,9946800,0.0,0.0
2022-09-08 00:00:00-04:00,87.30000305175781,89.4800033569336,87.16000366210938,89.45999908447266,81.23490905761719,7721100,0.0,0.0
2022-09-09 00:00:00-04:00,89.5,89.94999694824219,88.63999938964844,88.69000244140625,80.53572082519531,7094600,0.0,0.0
2022-09-12 00:00:00-04:00,89.7699966430664,90.37999725341797,88.54000091552734,89.06999969482422,80.8807601928711,9078900,0.0,0.0
2022-09-13 00:00:00-04:00,86.72000122070312,89.30000305175781,86.06999969482422,87.83999633789062,79.76387023925781,16033600,0.0,0.0
2022-09-14 00:00:00-04:00,89.56999969482422,93.4800033569336,89.51000213623047,92.69999694824219,84.17703247070312,24320600,0.0,0.0
2022-09-15 00:00:00-04:00,92.08999633789062,93.1500015258789,91.7300033569336,92.22000122070312,83.74118041992188,11052400,0.0,0.0
2022-09-16 00:00:00-04:00,91.1500015258789,92.0999984741211,90.6500015258789,91.30999755859375,82.91482543945312,11987600,0.0,0.0
2022-09-19 00:00:00-04:00,90.88999938964844,92.55000305175781,90.83000183105469,92.13999938964844,83.66852569580078,6287000,0.0,0.0
2022-09-20 00:00:00-04:00,91.66000366210938,92.0199966430664,90.0999984741211,90.79000091552734,82.4426498413086,6560000,0.0,0.0
2022-09-21 00:00:00-04:00,91.29000091552734,91.5199966430664,88.56999969482422,88.5999984741211,80.45399475097656,8806800,0.0,0.0
2022-09-22 00:00:00-04:00,88.0,88.0199966430664,84.37999725341797,84.69999694824219,76.91256713867188,9953000,0.0,0.0
2022-09-23 00:00:00-04:00,83.9000015258789,84.44000244140625,83.2300033569336,84.16999816894531,76.43128204345703,7153200,0.0,0.0
2022-09-26 00:00:00-04:00,84.30999755859375,86.02999877929688,84.27999877929688,84.80999755859375,77.012451171875,7583500,0.0,0.0
2022-09-27 00:00:00-04:00,85.97000122070312,86.5,83.16999816894531,84.27999877929688,76.53118133544922,8628800,0.0,0.0
2022-09-28 00:00:00-04:00,84.68000030517578,87.4800033569336,84.25,87.11000061035156,79.10098266601562,7850800,0.0,0.0
2022-09-29 00:00:00-04:00,86.80999755859375,87.33999633789062,85.61000061035156,86.56999969482422,78.61063385009766,6881500,0.0,0.0
2022-09-30 00:00:00-04:00,86.56999969482422,86.69999694824219,84.1500015258789,84.26000213623047,76.51303100585938,7737500,0.0,0.0
2022-10-03 00:00:00-04:00,84.75,86.22000122070312,83.80000305175781,85.62000274658203,77.74798583984375,6739900,0.0,0.0
2022-10-04 00:00:00-04:00,87.08999633789062,88.94999694824219,86.86000061035156,88.51000213623047,80.37228393554688,5982400,0.0,0.0
2022-10-05 00:00:00-04:00,87.7300033569336,90.63999938964844,87.55000305175781,90.12000274658203,81.83424377441406,7980800,0.0,0.0
2022-10-06 00:00:00-04:00,90.19000244140625,90.9000015258789,89.26000213623047,89.3499984741211,81.13504791259766,6893800,0.0,0.0
2022-10-07 00:00:00-04:00,88.54000091552734,88.9000015258789,86.30000305175781,87.02999877929688,79.02835083007812,6606400,0.0,0.0
2022-10-10 00:00:00-04:00,87.01000213623047,87.56999969482422,86.12999725341797,87.05999755859375,79.05560302734375,5092400,0.0,0.0
2022-10-11 00:00:00-04:00,86.70999908447266,87.19999694824219,85.63999938964844,86.20999908447266,78.28374481201172,5531300,0.0,0.0
2022-10-12 00:00:00-04:00,87.0,88.05999755859375,86.41000366210938,86.87000274658203,78.88304901123047,5261900,0.0,0.0
2022-10-13 00:00:00-04:00,85.08999633789062,89.97000122070312,84.70999908447266,89.37000274658203,81.15320587158203,7616600,0.0,0.0
2022-10-14 00:00:00-04:00,90.01000213623047,90.69999694824219,86.23999786376953,86.37000274658203,78.42903137207031,6315200,0.0,0.0
2022-10-17 00:00:00-04:00,87.9000015258789,89.22000122070312,87.80999755859375,88.9000015258789,80.72642517089844,6255300,0.0,0.0
2022-10-18 00:00:00-04:00,90.11000061035156,90.47000122070312,88.08000183105469,88.95999908447266,80.78089141845703,5484400,0.0,0.0
2022-10-19 00:00:00-04:00,88.38999938964844,89.12999725341797,87.01000213623047,87.5199966430664,79.47328186035156,6473400,0.0,0.0
2022-10-20 00:00:00-04:00,87.33000183105469,88.2300033569336,86.47000122070312,86.79000091552734,78.8104019165039,4540700,0.0,0.0
2022-10-21 00:00:00-04:00,87.0,88.97000122070312,86.55999755859375,88.61000061035156,80.46307373046875,9088800,0.0,0.0
2022-10-24 00:00:00-04:00,86.9000015258789,87.51000213623047,82.43000030517578,83.76000213623047,76.0589828491211,16499300,0.0,0.0
2022-10-25 00:00:00-04:00,84.0999984741211,86.0,84.0999984741211,85.20999908447266,77.37567901611328,10674000,0.0,0.0
2022-10-26 00:00:00-04:00,85.61000061035156,88.2300033569336,85.4800033569336,85.88999938964844,77.99313354492188,9987000,0.0,0.0
2022-10-27 00:00:00-04:00,86.12999725341797,86.4000015258789,84.08000183105469,85.27999877929688,77.4392318725586,9524600,0.0,0.0
2022-10-28 00:00:00-04:00,85.16999816894531,87.79000091552734,84.30999755859375,87.0999984741211,79.0918960571289,8284900,0.0,0.0
2022-10-31 00:00:00-04:00,86.5999984741211,87.56999969482422,85.94999694824219,86.58999633789062,78.62879943847656,7401100,0.0,0.0
2022-11-01 00:00:00-04:00,88.05999755859375,88.87999725341797,86.58000183105469,87.0999984741211,79.0918960571289,6219600,0.0,0.0
2022-11-02 00:00:00-04:00,87.2699966430664,88.58000183105469,84.52999877929688,84.58000183105469,76.80359649658203,7653200,0.0,0.0
2022-11-03 00:00:00-04:00,84.06999969482422,85.47000122070312,82.97000122070312,84.68000030517578,76.89441680908203,8855100,0.0,0.0
2022-11-04 00:00:00-04:00,91.9800033569336,93.5999984741211,90.5199966430664,91.86000061035156,83.41426849365234,20194300,0.0,0.0
2022-11-07 00:00:00-05:00,91.66999816894531,92.36000061035156,89.27999877929688,90.44999694824219,82.1338882446289,10190200,0.0,0.0
2022-11-08 00:00:00-05:00,90.91999816894531,93.77999877929688,90.91999816894531,92.75,84.22244262695312,9675500,0.0,0.0
2022-11-09 00:00:00-05:00,91.61000061035156,92.5999984741211,91.33999633789062,91.62999725341797,83.68360137939453,6271200,0.53,0.0
2022-11-10 00:00:00-05:00,93.88999938964844,96.41999816894531,93.33000183105469,96.26000213623047,87.9120864868164,10408400,0.0,0.0
2022-11-11 00:00:00-05:00,96.76000213623047,98.66999816894531,96.56999969482422,97.37999725341797,88.93494415283203,8294400,0.0,0.0
2022-11-14 00:00:00-05:00,97.12999725341797,98.55999755859375,96.69000244140625,97.41999816894531,88.97149658203125,8521100,0.0,0.0
2022-11-15 00:00:00-05:00,98.91000366210938,99.52999877929688,97.29000091552734,97.83000183105469,89.34590911865234,6410000,0.0,0.0
2022-11-16 00:00:00-05:00,96.5199966430664,97.95999908447266,96.26000213623047,97.06999969482422,88.6518325805664,5348900,0.0,0.0
2022-11-17 00:00:00-05:00,95.20999908447266,97.01000213623047,95.0999984741211,96.97000122070312,88.56050872802734,5245600,0.0,0.0
2022-11-18 00:00:00-05:00,97.75,98.3499984741211,97.12999725341797,97.94999694824219,89.45551300048828,5964800,0.0,0.0
2022-11-21 00:00:00-05:00,96.98999786376953,98.48999786376953,96.69999694824219,98.31999969482422,89.7934341430664,4499200,0.0,0.0
2022-11-22 00:00:00-05:00,98.5,98.7300033569336,97.5199966430664,98.43000030517578,89.89388275146484,5398600,0.0,0.0
2022-11-23 00:00:00-05:00,98.48999786376953,100.08000183105469,98.2699966430664,99.5199966430664,90.88934326171875,5944900,0.0,0.0
2022-11-25 00:00:00-05:00,99.63999938964844,99.87999725341797,98.5199966430664,99.55999755859375,90.92588806152344,2320000,0.0,0.0
2022-11-28 00:00:00-05:00,98.98999786376953,100.16000366210938,98.55999755859375,98.66000366210938,90.10394287109375,5257300,0.0,0.0
2022-11-29 00:00:00-05:00,98.95999908447266,99.33000183105469,98.19999694824219,98.66000366210938,90.10394287109375,4423900,0.0,0.0
2022-11-30 00:00:00-05:00,99.05000305175781,102.55999755859375,98.5199966430664,102.19999694824219,93.3369369506836,15000800,0.0,0.0
2022-12-01 00:00:00-05:00,102.33000183105469,103.55999755859375,101.94999694824219,103.37000274658203,94.40547943115234,7452300,0.0,0.0
2022-12-02 00:00:00-05:00,102.0199966430664,105.54000091552734,101.81999969482422,105.05000305175781,95.9397964477539,7916900,0.0,0.0
2022-12-05 00:00:00-05:00,103.38999938964844,104.23999786376953,103.0,103.55000305175781,94.56986236572266,9285800,0.0,0.0
2022-12-06 00:00:00-05:00,103.81999969482422,104.19000244140625,101.44000244140625,102.08000183105469,93.22734069824219,8383000,0.0,0.0
2022-12-07 00:00:00-05:00,101.29000091552734,102.97000122070312,101.05999755859375,101.87000274658203,93.03555297851562,4194300,0.0,0.0
2022-12-08 00:00:00-05:00,102.73999786376953,103.91000366210938,102.4000015258789,103.73999786376953,94.74340057373047,5465100,0.0,0.0
2022-12-09 00:00:00-05:00,103.43000030517578,103.5,101.75,101.79000091552734,92.9625015258789,7999600,0.0,0.0
2022-12-12 00:00:00-05:00,101.12999725341797,102.8499984741211,100.81999969482422,102.69999694824219,93.7935791015625,5796000,0.0,0.0
2022-12-13 00:00:00-05:00,104.81999969482422,105.19999694824219,100.98999786376953,102.11000061035156,93.25474548339844,7066000,0.0,0.0
2022-12-14 00:00:00-05:00,102.31999969482422,103.30000305175781,100.69999694824219,102.19000244140625,93.32781982421875,5624000,0.0,0.0
2022-12-15 00:00:00-05:00,101.20999908447266,101.55000305175781,99.44999694824219,99.98999786376953,91.31861114501953,7244400,0.0,0.0
2022-12-16 00:00:00-05:00,99.27999877929688,99.54000091552734,98.0199966430664,98.83000183105469,90.25920867919922,13862300,0.0,0.0
2022-12-19 00:00:00-05:00,98.43000030517578,98.80999755859375,97.7300033569336,98.30000305175781,89.7751693725586,5771100,0.0,0.0
2022-12-20 00:00:00-05:00,98.19000244140625,98.58000183105469,97.2699966430664,98.0,89.50117492675781,4533500,0.0,0.0
2022-12-21 00:00:00-05:00,96.72000122070312,99.06999969482422,96.3499984741211,98.66999816894531,90.11306762695312,5566300,0.0,0.0
2022-12-22 00:00:00-05:00,98.44999694824219,98.55999755859375,96.16999816894531,97.76000213623047,89.28199768066406,4756900,0.0,0.0
2022-12-23 00:00:00-05:00,97.58999633789062,98.30000305175781,96.87999725341797,98.2699966430664,89.74777221679688,3944500,0.0,0.0
2022-12-27 00:00:00-05:00,98.56999969482422,99.45999908447266,98.20999908447266,99.19999694824219,90.59711456298828,4402500,0.0,0.0
2022-12-28 00:00:00-05:00,99.41000366210938,99.91000366210938,98.38999938964844,98.5999984741211,90.04913330078125,3491500,0.0,0.0
2022-12-29 00:00:00-05:00,99.0,100.6500015258789,98.66999816894531,99.7699966430664,91.11769104003906,3976100,0.0,0.0
2022-12-30 00:00:00-05:00,99.19000244140625,99.25,98.23999786376953,99.19999694824219,90.59711456298828,3988900,0.0,0.0
2023-01-03 00:00:00-05:00,100.55999755859375,101.16999816894531,99.47000122070312,100.83000183105469,92.08576202392578,6607700,0.0,0.0
2023-01-04 00:00:00-05:00,102.69000244140625,104.7300033569336,102.55000305175781,104.45999908447266,95.40094757080078,8166600,0.0,0.0
2023-01-05 00:00:00-05:00,104.48999786376953,105.0999984741211,103.48999786376953,104.43000030517578,95.3735580444336,5575100,0.0,0.0
2023-01-06 00:00:00-05:00,105.37999725341797,107.0,105.01000213623047,106.69000244140625,97.43756103515625,9644100,0.0,0.0
2023-01-09 00:00:00-05:00,106.5199966430664,106.68000030517578,104.43000030517578,104.73999786376953,95.65666198730469,10124800,0.0,0.0
2023-01-10 00:00:00-05:00,104.36000061035156,106.43000030517578,104.16999816894531,106.0,96.80740356445312,4183600,0.0,0.0
2023-01-11 00:00:00-05:00,105.80999755859375,106.44000244140625,104.86000061035156,106.30000305175781,97.0813980102539,5634400,0.0,0.0
2023-01-12 00:00:00-05:00,106.29000091552734,106.44000244140625,105.16999816894531,105.8499984741211,96.67040252685547,4882000,0.0,0.0
2023-01-13 00:00:00-05:00,105.06999969482422,107.30000305175781,105.06999969482422,107.2300033569336,97.93074798583984,5529700,0.0,0.0
2023-01-17 00:00:00-05:00,106.94999694824219,107.5999984741211,106.30999755859375,106.75,97.49235534667969,7477200,0.0,0.0
2023-01-18 00:00:00-05:00,107.13999938964844,107.47000122070312,104.91000366210938,105.0,95.89411163330078,5725800,0.0,0.0
2023-01-19 00:00:00-05:00,105.0,105.69999694824219,104.23999786376953,104.26000213623047,95.21830749511719,5115800,0.0,0.0
2023-01-20 00:00:00-05:00,104.4000015258789,105.19999694824219,103.88999938964844,105.04000091552734,95.93065643310547,6543500,0.0,0.0
2023-01-23 00:00:00-05:00,105.04000091552734,106.88999938964844,104.4000015258789,106.20999908447266,96.99919128417969,6320500,0.0,0.0
2023-01-24 00:00:00-05:00,106.4000015258789,106.87000274658203,105.41000366210938,106.63999938964844,97.39190673828125,5517200,0.0,0.0
2023-01-25 00:00:00-05:00,106.05999755859375,107.13999938964844,105.9000015258789,106.9800033569336,97.70240783691406,5416900,0.0,0.0
2023-01-26 00:00:00-05:00,107.30000305175781,108.80000305175781,107.05999755859375,108.76000213623047,99.32804870605469,6324100,0.0,0.0
2023-01-27 00:00:00-05:00,108.73999786376953,109.76000213623047,108.33999633789062,109.0199966430664,99.56550598144531,6851100,0.0,0.0
2023-01-30 00:00:00-05:00,108.26000213623047,108.87000274658203,107.41999816894531,108.4000015258789,98.99925994873047,6880700,0.0,0.0
2023-01-31 00:00:00-05:00,108.26000213623047,109.1500015258789,107.5,109.13999938964844,99.67509460449219,5816300,0.0,0.0
2023-02-01 00:00:00-05:00,108.97000122070312,110.77999877929688,107.9800033569336,109.98999786376953,100.45137023925781,5841200,0.0,0.0
2023-02-02 00:00:00-05:00,110.04000091552734,110.83000183105469,108.0,109.1500015258789,99.68423461914062,9852900,0.0,0.0
2023-02-03 00:00:00-05:00,104.58000183105469,106.44000244140625,103.04000091552734,104.30000305175781,95.25482940673828,15200500,0.0,0.0
2023-02-06 00:00:00-05:00,104.0,106.16999816894531,103.30000305175781,105.0199966430664,95.91238403320312,6392200,0.0,0.0
2023-02-07 00:00:00-05:00,104.83000183105469,107.37999725341797,104.55999755859375,106.83000183105469,97.56542205810547,6207500,0.0,0.0
2023-02-08 00:00:00-05:00,106.31999969482422,106.54000091552734,105.6500015258789,106.30000305175781,97.0813980102539,5557500,0.0,0.0
2023-02-09 00:00:00-05:00,105.7300033569336,106.61000061035156,105.5999984741211,106.05000305175781,97.33837890625,5608400,0.53,0.0
2023-02-10 00:00:00-05:00,105.5199966430664,107.26000213623047,105.47000122070312,107.08999633789062,98.2929458618164,6298600,0.0,0.0
2023-02-13 00:00:00-05:00,107.44999694824219,108.93000030517578,107.27999877929688,108.5199966430664,99.6054916381836,5192400,0.0,0.0
2023-02-14 00:00:00-05:00,107.93000030517578,108.47000122070312,106.69999694824219,107.9800033569336,99.1098403930664,5109400,0.0,0.0
2023-02-15 00:00:00-05:00,107.5,109.0,107.26000213623047,109.0,100.04603576660156,4059100,0.0,0.0
2023-02-16 00:00:00-05:00,107.76000213623047,109.0999984741211,107.41000366210938,107.54000091552734,98.70599365234375,4596800,0.0,0.0
2023-02-17 00:00:00-05:00,106.73999786376953,107.45999908447266,106.2300033569336,107.0999984741211,98.30211639404297,6876400,0.0,0.0
2023-02-21 00:00:00-05:00,105.5,105.94999694824219,104.70999908447266,104.77999877929688,96.17269897460938,5438000,0.0,0.0
2023-02-22 00:00:00-05:00,105.41000366210938,105.94000244140625,104.38999938964844,104.7699966430664,96.16352081298828,7523700,0.0,0.0
2023-02-23 00:00:00-05:00,105.51000213623047,105.51000213623047,102.62999725341797,103.51000213623047,95.00703430175781,6857900,0.0,0.0
2023-02-24 00:00:00-05:00,102.6500015258789,102.72000122070312,100.81999969482422,101.5999984741211,93.2539291381836,6019700,0.0,0.0
2023-02-27 00:00:00-05:00,102.33000183105469,103.30000305175781,102.1500015258789,102.44000244140625,94.0249252319336,5235100,0.0,0.0
2023-02-28 00:00:00-05:00,101.98999786376953,102.94999694824219,101.9000015258789,102.08999633789062,93.70367431640625,5186500,0.0,0.0
2023-03-01 00:00:00-05:00,102.19000244140625,102.33000183105469,100.91000366210938,101.43000030517578,93.09788513183594,5382200,0.0,0.0
2023-03-02 00:00:00-05:00,101.27999877929688,103.16999816894531,100.94000244140625,103.01000213623047,94.54810333251953,4777600,0.0,0.0
2023-03-03 00:00:00-05:00,103.4000015258789,104.69000244140625,103.01000213623047,104.55000305175781,95.96160125732422,4882100,0.0,0.0
2023-03-06 00:00:00-05:00,104.44999694824219,105.94000244140625,104.44000244140625,104.98999786376953,96.36544799804688,5237100,0.0,0.0
2023-03-07 00:00:00-05:00,104.98999786376953,105.68000030517578,103.12000274658203,103.33999633789062,94.85099029541016,3976300,0.0,0.0
2023-03-08 00:00:00-05:00,102.9000015258789,103.0199966430664,101.7300033569336,102.5,94.08000183105469,4225500,0.0,0.0
2023-03-09 00:00:00-05:00,102.73999786376953,102.75,99.95999908447266,100.30000305175781,92.06072235107422,5732300,0.0,0.0
2023-03-10 00:00:00-05:00,100.62000274658203,101.23999786376953,99.02999877929688,99.37999725341797,91.21630096435547,6641900,0.0,0.0
2023-03-13 00:00:00-04:00,98.91000366210938,100.19999694824219,98.37000274658203,99.08000183105469,90.9409408569336,6408200,0.0,0.0
2023-03-14 00:00:00-04:00,100.11000061035156,100.37999725341797,98.47000122070312,99.45999908447266,91.28972625732422,6248800,0.0,0.0
2023-03-15 00:00:00-04:00,98.4000015258789,99.37000274658203,97.27999877929688,99.33999633789062,91.17957305908203,6603300,0.0,0.0
2023-03-16 00:00:00-04:00,99.13999938964844,100.70999908447266,99.02999877929688,100.43000030517578,92.1800537109375,8188600,0.0,0.0
2023-03-17 00:00:00-04:00,99.06999969482422,99.29000091552734,97.83999633789062,98.69999694824219,90.59214782714844,10189700,0.0,0.0
2023-03-20 00:00:00-04:00,99.0999984741211,100.22000122070312,98.93000030517578,99.8499984741211,91.6476821899414,4864000,0.0,0.0
2023-03-21 00:00:00-04:00,100.51000213623047,101.19000244140625,100.13999938964844,100.54000091552734,92.281005859375,4743700,0.0,0.0
2023-03-22 00:00:00-04:00,100.69000244140625,101.4800033569336,99.05999755859375,99.12000274658203,90.97765350341797,5917700,0.0,0.0
2023-03-23 00:00:00-04:00,99.33999633789062,100.12999725341797,97.5199966430664,98.41999816894531,90.33515930175781,6879200,0.0,0.0
2023-03-24 00:00:00-04:00,98.22000122070312,98.43000030517578,97.19000244140625,98.33999633789062,90.26171875,4685400,0.0,0.0
2023-03-27 00:00:00-04:00,98.91999816894531,99.72000122070312,98.58000183105469,98.66000366210938,90.5554428100586,6022200,0.0,0.0
2023-03-28 00:00:00-04:00,98.13999938964844,98.91000366210938,98.08000183105469,98.72000122070312,90.61051940917969,4709800,0.0,0.0
2023-03-29 00:00:00-04:00,99.33000183105469,100.69000244140625,98.73999786376953,100.62000274658203,92.35443115234375,4946600,0.0,0.0
2023-03-30 00:00:00-04:00,101.44000244140625,101.69999694824219,100.6500015258789,101.31999969482422,92.99693298339844,4082600,0.0,0.0
2023-03-31 00:00:00-04:00,101.83999633789062,104.27999877929688,101.83999633789062,104.12999725341797,95.57610321044922,6900100,0.0,0.0
2023-04-03 00:00:00-04:00,104.05999755859375,104.94000244140625,103.66999816894531,104.8499984741211,96.2369613647461,3855400,0.0,0.0
2023-04-04 00:00:00-04:00,104.8499984741211,105.01000213623047,103.3499984741211,104.0,95.45677947998047,3854400,0.0,0.0
2023-04-05 00:00:00-04:00,103.9800033569336,105.69999694824219,103.93000030517578,104.9000015258789,96.28285217285156,5170900,0.0,0.0
2023-04-06 00:00:00-04:00,104.9000015258789,105.16000366210938,104.0199966430664,104.68000030517578,96.0809326171875,3155700,0.0,0.0
2023-04-10 00:00:00-04:00,103.55000305175781,104.81999969482422,103.06999969482422,104.73999786376953,96.135986328125,3761600,0.0,0.0
2023-04-11 00:00:00-04:00,105.05999755859375,106.4000015258789,104.91999816894531,105.73999786376953,97.05384826660156,4010600,0.0,0.0
2023-04-12 00:00:00-04:00,106.23999786376953,106.58000183105469,105.3499984741211,105.5999984741211,96.92534637451172,4606000,0.0,0.0
2023-04-13 00:00:00-04:00,106.37999725341797,107.2300033569336,106.25,106.98999786376953,98.20115661621094,4367600,0.0,0.0
2023-04-14 00:00:00-04:00,106.91000366210938,108.16999816894531,106.8499984741211,107.47000122070312,98.6417236328125,3963300,0.0,0.0
2023-04-17 00:00:00-04:00,107.95999908447266,108.6500015258789,107.55999755859375,108.30999755859375,99.41273498535156,4780700,0.0,0.0
2023-04-18 00:00:00-04:00,108.87000274658203,109.2300033569336,107.7300033569336,107.91000366210938,99.04558563232422,5300500,0.0,0.0
2023-04-19 00:00:00-04:00,107.69000244140625,107.86000061035156,107.08000183105469,107.16000366210938,98.35719299316406,4617800,0.0,0.0
2023-04-20 00:00:00-04:00,106.19000244140625,107.58000183105469,106.19000244140625,107.05000305175781,98.2562484741211,4297200,0.0,0.0
2023-04-21 00:00:00-04:00,107.30000305175781,108.77999877929688,106.66000366210938,108.19000244140625,99.30259704589844,4522800,0.0,0.0
2023-04-24 00:00:00-04:00,108.19000244140625,109.29000091552734,108.04000091552734,109.29000091552734,100.3122329711914,5940700,0.0,0.0
2023-04-25 00:00:00-04:00,108.91000366210938,111.11000061035156,108.83000183105469,109.33999633789062,100.35810089111328,8747100,0.0,0.0
2023-04-26 00:00:00-04:00,109.01000213623047,112.33000183105469,109.01000213623047,111.47000122070312,102.31314086914062,8081600,0.0,0.0
2023-04-27 00:00:00-04:00,111.38999938964844,112.87999725341797,111.18000030517578,112.75,103.48800659179688,7618500,0.0,0.0
2023-04-28 00:00:00-04:00,112.41999816894531,114.30999755859375,112.29000091552734,114.29000091552734,104.90148162841797,5979300,0.0,0.0
2023-05-01 00:00:00-04:00,114.25,115.4800033569336,114.25,114.55999755859375,105.1493148803711,6495900,0.0,0.0
2023-05-02 00:00:00-04:00,114.48999786376953,114.55999755859375,112.8499984741211,114.45999908447266,105.05752563476562,9626400,0.0,0.0
2023-05-03 00:00:00-04:00,109.08000183105469,109.72000122070312,103.80000305175781,103.95999908447266,95.4200668334961,24388600,0.0,0.0
2023-05-04 00:00:00-04:00,104.2699966430664,105.66999816894531,103.80000305175781,104.72000122070312,96.11764526367188,8858100,0.0,0.0
2023-05-05 00:00:00-04:00,105.55000305175781,107.4800033569336,105.37999725341797,107.20999908447266,98.40310668945312,7813800,0.0,0.0
2023-05-08 00:00:00-04:00,107.47000122070312,108.12000274658203,106.93000030517578,107.16999816894531,98.36637878417969,6090700,0.0,0.0
2023-05-09 00:00:00-04:00,106.98999786376953,107.18000030517578,106.4000015258789,106.70999908447266,97.94416046142578,3682400,0.0,0.0
2023-05-10 00:00:00-04:00,107.16000366210938,108.11000061035156,105.68000030517578,106.97000122070312,98.18281555175781,4565000,0.0,0.0
2023-05-11 00:00:00-04:00,106.44000244140625,106.76000213623047,105.12000274658203,105.62999725341797,97.43563842773438,4791700,0.53,0.0
2023-05-12 00:00:00-04:00,105.76000213623047,106.22000122070312,104.83000183105469,106.12000274658203,97.88763427734375,5175600,0.0,0.0
2023-05-15 00:00:00-04:00,106.11000061035156,106.76000213623047,105.61000061035156,106.63999938964844,98.36727905273438,4217000,0.0,0.0
2023-05-16 00:00:00-04:00,106.41000366210938,106.55999755859375,105.19999694824219,105.27999877929688,97.11280822753906,3676600,0.0,0.0
2023-05-17 00:00:00-04:00,105.95999908447266,106.54000091552734,104.94999694824219,105.69000244140625,97.4909896850586,4757300,0.0,0.0
2023-05-18 00:00:00-04:00,105.41999816894531,107.13999938964844,105.19999694824219,107.08999633789062,98.7823715209961,5377500,0.0,0.0
2023-05-19 00:00:00-04:00,107.0,107.1500015258789,105.31999969482422,105.51000213623047,97.32495880126953,4985200,0.0,0.0
2023-05-22 00:00:00-04:00,105.5199966430664,105.69999694824219,102.7699966430664,102.9000015258789,94.91741180419922,7504300,0.0,0.0
2023-05-23 00:00:00-04:00,102.12000274658203,102.13999938964844,100.08000183105469,100.33999633789062,92.55599975585938,6766300,0.0,0.0
2023-05-24 00:00:00-04:00,100.80000305175781,100.80999755859375,99.11000061035156,99.61000061035156,91.88265991210938,6134800,0.0,0.0
2023-05-25 00:00:00-04:00,98.69999694824219,98.9000015258789,97.7300033569336,98.44000244140625,90.80342102050781,8177000,0.0,0.0
2023-05-26 00:00:00-04:00,98.62999725341797,99.61000061035156,98.33000183105469,98.52999877929688,90.88642120361328,7276500,0.0,0.0
2023-05-30 00:00:00-04:00,98.88999938964844,98.95999908447266,97.30999755859375,97.75,90.16693115234375,6505400,0.0,0.0
2023-05-31 00:00:00-04:00,98.02999877929688,98.08000183105469,96.9800033569336,97.63999938964844,90.06547546386719,10377100,0.0,0.0
2023-06-01 00:00:00-04:00,97.58999633789062,98.2300033569336,96.5199966430664,97.5199966430664,89.95478057861328,6752200,0.0,0.0
2023-06-02 00:00:00-04:00,98.30999755859375,99.66000366210938,98.19000244140625,99.5,91.78118133544922,6221400,0.0,0.0
2023-06-05 00:00:00-04:00,100.04000091552734,100.87000274658203,99.5,99.93000030517578,92.17781066894531,6536500,0.0,0.0
2023-06-06 00:00:00-04:00,99.73999786376953,100.33000183105469,97.52999877929688,98.22000122070312,90.60047912597656,8657100,0.0,0.0
2023-06-07 00:00:00-04:00,98.55000305175781,98.86000061035156,97.58999633789062,97.91999816894531,90.3237533569336,6285600,0.0,0.0
2023-06-08 00:00:00-04:00,97.6500015258789,99.18000030517578,96.91999816894531,99.1500015258789,91.45832824707031,6877800,0.0,0.0
2023-06-09 00:00:00-04:00,98.80000305175781,98.95999908447266,97.63999938964844,97.95999908447266,90.36064147949219,5550800,0.0,0.0
2023-06-12 00:00:00-04:00,97.95999908447266,98.51000213623047,97.5199966430664,98.45999908447266,90.82185363769531,6705800,0.0,0.0
2023-06-13 00:00:00-04:00,98.51000213623047,99.47000122070312,98.51000213623047,99.26000213623047,91.55979919433594,5137900,0.0,0.0
2023-06-14 00:00:00-04:00,99.55999755859375,101.36000061035156,99.19000244140625,100.66000366210938,92.8511962890625,9279500,0.0,0.0
2023-06-15 00:00:00-04:00,101.33999633789062,101.98999786376953,100.66000366210938,101.37999725341797,93.51533508300781,6448200,0.0,0.0
2023-06-16 00:00:00-04:00,102.01000213623047,102.51000213623047,101.4800033569336,101.87000274658203,93.96733093261719,11709200,0.0,0.0
2023-06-20 00:00:00-04:00,101.86000061035156,102.48999786376953,100.9000015258789,101.2699966430664,93.41387176513672,5506400,0.0,0.0
2023-06-21 00:00:00-04:00,100.5999984741211,102.45999908447266,100.36000061035156,101.87000274658203,93.96733093261719,5508800,0.0,0.0
2023-06-22 00:00:00-04:00,101.41999816894531,101.63999938964844,99.63999938964844,100.8499984741211,93.02645874023438,6125500,0.0,0.0
2023-06-23 00:00:00-04:00,99.6500015258789,99.7300033569336,97.5199966430664,98.33999633789062,90.71116638183594,18770100,0.0,0.0
2023-06-26 00:00:00-04:00,98.33999633789062,98.7699966430664,97.4800033569336,98.2300033569336,90.60970306396484,6069000,0.0,0.0
2023-06-27 00:00:00-04:00,98.38999938964844,99.05999755859375,97.7300033569336,98.72000122070312,91.06169128417969,5034100,0.0,0.0
2023-06-28 00:00:00-04:00,98.63999938964844,98.63999938964844,97.30000305175781,98.61000061035156,90.9602279663086,6581900,0.0,0.0
2023-06-29 00:00:00-04:00,98.61000061035156,98.83000183105469,97.9800033569336,98.68000030517578,91.0247802734375,5113500,0.0,0.0
2023-06-30 00:00:00-04:00,99.4000015258789,99.45999908447266,98.54000091552734,99.05999755859375,91.37530517578125,6229900,0.0,0.0
2023-07-03 00:00:00-04:00,98.7300033569336,99.56999969482422,98.25,99.1500015258789,91.45832824707031,3287000,0.0,0.0
2023-07-05 00:00:00-04:00,99.1500015258789,99.33000183105469,98.29000091552734,98.45999908447266,90.82185363769531,6365400,0.0,0.0
2023-07-06 00:00:00-04:00,97.86000061035156,98.06999969482422,95.91000366210938,96.19999694824219,88.7371826171875,7153300,0.0,0.0
2023-07-07 00:00:00-04:00,95.98999786376953,96.66000366210938,95.55000305175781,96.05000305175781,88.59883117675781,7889500,0.0,0.0
2023-07-10 00:00:00-04:00,96.30000305175781,99.52999877929688,96.2300033569336,99.12999725341797,91.43988037109375,9294600,0.0,0.0
2023-07-11 00:00:00-04:00,99.44000244140625,100.2300033569336,99.13999938964844,100.08999633789062,92.32540893554688,5268000,0.0,0.0
2023-07-12 00:00:00-04:00,101.41999816894531,101.83000183105469,100.76000213623047,101.13999938964844,93.29395294189453,6971900,0.0,0.0
2023-07-13 00:00:00-04:00,101.51000213623047,102.19999694824219,101.30000305175781,101.5999984741211,93.71826934814453,4511700,0.0,0.0
2023-07-14 00:00:00-04:00,101.7699966430664,102.08000183105469,100.98999786376953,101.61000061035156,93.72750091552734,3939800,0.0,0.0
2023-07-17 00:00:00-04:00,100.83000183105469,101.80999755859375,100.04000091552734,100.93000030517578,93.10025787353516,5244500,0.0,0.0
2023-07-18 00:00:00-04:00,100.73999786376953,101.41999816894531,99.86000061035156,100.76000213623047,92.94344329833984,5989000,0.0,0.0
2023-07-19 00:00:00-04:00,100.62000274658203,101.9800033569336,100.62000274658203,101.83000183105469,93.930419921875,5556200,0.0,0.0
2023-07-20 00:00:00-04:00,101.77999877929688,102.4800033569336,100.69999694824219,100.87999725341797,93.05413818359375,5466100,0.0,0.0
2023-07-21 00:00:00-04:00,101.80000305175781,103.55000305175781,101.61000061035156,102.81999969482422,94.8436279296875,20370300,0.0,0.0
2023-07-24 00:00:00-04:00,102.87999725341797,103.41000366210938,102.31999969482422,102.77999877929688,94.80673217773438,4746600,0.0,0.0
2023-07-25 00:00:00-04:00,102.43000030517578,103.7699966430664,102.33000183105469,102.91999816894531,94.93586730957031,5627500,0.0,0.0
2023-07-26 00:00:00-04:00,102.20999908447266,102.66999816894531,101.30000305175781,101.7300033569336,93.83819580078125,6568300,0.0,0.0
2023-07-27 00:00:00-04:00,102.02999877929688,102.43000030517578,100.54000091552734,100.77999877929688,92.96188354492188,5373400,0.0,0.0
2023-07-28 00:00:00-04:00,101.5,101.83000183105469,100.80999755859375,101.25,93.39542388916016,5320700,0.0,0.0
2023-07-31 00:00:00-04:00,101.30999755859375,101.83000183105469,100.86000061035156,101.56999969482422,93.69058990478516,6377400,0.0,0.0
2023-08-01 00:00:00-04:00,101.47000122070312,101.70999908447266,100.4000015258789,101.26000213623047,93.40465545654297,7784300,0.0,0.0
2023-08-02 00:00:00-04:00,100.5,104.45999908447266,99.29000091552734,102.12999725341797,94.20716094970703,14463100,0.0,0.0
2023-08-03 00:00:00-04:00,101.97000122070312,102.9000015258789,101.44999694824219,102.33000183105469,94.39166259765625,5547500,0.0,0.0
2023-08-04 00:00:00-04:00,102.95999908447266,103.1500015258789,100.5199966430664,100.68000030517578,92.8696517944336,5199200,0.0,0.0
2023-08-07 00:00:00-04:00,101.41999816894531,101.86000061035156,100.94000244140625,101.73999786376953,93.84741973876953,5222700,0.0,0.0
2023-08-08 00:00:00-04:00,101.22000122070312,101.41999816894531,99.88999938964844,100.69999694824219,92.88809204101562,4058400,0.0,0.0
2023-08-09 00:00:00-04:00,101.0,101.58000183105469,99.47000122070312,99.91999816894531,92.16859436035156,4494300,0.0,0.0
2023-08-10 00:00:00-04:00,100.54000091552734,102.37000274658203,100.4000015258789,101.66000366210938,94.2736587524414,6844200,0.53,0.0
2023-08-11 00:00:00-04:00,101.4000015258789,101.4000015258789,100.13999938964844,100.98999786376953,93.65234375,3180600,0.0,0.0
2023-08-14 00:00:00-04:00,100.4800033569336,101.22000122070312,100.19999694824219,101.01000213623047,93.6708984375,3239300,0.0,0.0
2023-08-15 00:00:00-04:00,100.12999725341797,100.6500015258789,99.77999877929688,100.04000091552734,92.77137756347656,3203700,0.0,0.0
2023-08-16 00:00:00-04:00,99.61000061035156,100.08999633789062,98.88999938964844,98.9800033569336,91.78839874267578,3679500,0.0,0.0
2023-08-17 00:00:00-04:00,99.0,99.0999984741211,96.43000030517578,96.56999969482422,89.5534896850586,5291100,0.0,0.0
2023-08-18 00:00:00-04:00,96.01000213623047,97.48999786376953,95.79000091552734,97.2300033569336,90.16553497314453,4126000,0.0,0.0
2023-08-21 00:00:00-04:00,97.31999969482422,97.56999969482422,96.16000366210938,96.45999908447266,89.45147705078125,3753200,0.0,0.0
2023-08-22 00:00:00-04:00,96.48999786376953,96.73999786376953,95.5999984741211,96.06999969482422,89.08982849121094,3639800,0.0,0.0
2023-08-23 00:00:00-04:00,96.41999816894531,96.55999755859375,94.01000213623047,95.18000030517578,88.26448822021484,9704500,0.0,0.0
2023-08-24 00:00:00-04:00,94.75,95.62999725341797,93.70999908447266,94.83000183105469,87.93991088867188,7824500,0.0,0.0
2023-08-25 00:00:00-04:00,95.54000091552734,95.95999908447266,94.51000213623047,95.4800033569336,88.5427017211914,5360400,0.0,0.0
2023-08-28 00:00:00-04:00,95.94000244140625,97.19999694824219,95.83000183105469,97.04000091552734,89.9893569946289,5098900,0.0,0.0
2023-08-29 00:00:00-04:00,97.36000061035156,99.2300033569336,97.33999633789062,99.1500015258789,91.94603729248047,5512300,0.0,0.0
2023-08-30 00:00:00-04:00,99.0199966430664,99.72000122070312,99.0,99.23999786376953,92.02948760986328,4212200,0.0,0.0
2023-08-31 00:00:00-04:00,99.0,99.33000183105469,97.27999877929688,97.44000244140625,90.36027526855469,5624500,0.0,0.0
2023-09-01 00:00:00-04:00,98.4000015258789,98.75,97.04000091552734,98.0,90.87959289550781,4747100,0.0,0.0
2023-09-05 00:00:00-04:00,97.5199966430664,97.80999755859375,96.58999633789062,96.83999633789062,89.80387115478516,5414300,0.0,0.0
2023-09-06 00:00:00-04:00,96.41999816894531,96.55000305175781,95.37000274658203,95.94999694824219,88.9785385131836,5428400,0.0,0.0
2023-09-07 00:00:00-04:00,95.48999786376953,95.81999969482422,95.0199966430664,95.0999984741211,88.19029998779297,6404100,0.0,0.0
2023-09-08 00:00:00-04:00,95.25,95.8499984741211,94.75,95.27999877929688,88.35722351074219,4754700,0.0,0.0
2023-09-11 00:00:00-04:00,95.6500015258789,96.2300033569336,95.22000122070312,95.66999816894531,88.7188949584961,5577500,0.0,0.0
2023-09-12 00:00:00-04:00,95.5,96.51000213623047,95.19999694824219,96.23999786376953,89.24746704101562,5007600,0.0,0.0
2023-09-13 00:00:00-04:00,96.19999694824219,97.30000305175781,96.04000091552734,96.93000030517578,89.88732147216797,5830200,0.0,0.0
2023-09-14 00:00:00-04:00,96.7699966430664,97.77999877929688,96.25,97.16000366210938,90.10062408447266,6039700,0.0,0.0
2023-09-15 00:00:00-04:00,97.25,97.47000122070312,96.05000305175781,96.2300033569336,89.23819732666016,8767600,0.0,0.0
2023-09-18 00:00:00-04:00,96.30000305175781,96.97000122070312,96.08999633789062,96.76000213623047,89.72966766357422,4477500,0.0,0.0
2023-09-19 00:00:00-04:00,95.20999908447266,95.47000122070312,94.2699966430664,95.29000091552734,88.36649322509766,6803000,0.0,0.0
2023-09-20 00:00:00-04:00,95.44999694824219,96.62000274658203,95.05000305175781,95.16000366210938,88.24594116210938,4572100,0.0,0.0
2023-09-21 00:00:00-04:00,95.16000366210938,95.31999969482422,93.02999877929688,93.0999984741211,86.33560943603516,6108800,0.0,0.0
2023-09-22 00:00:00-04:00,93.43000030517578,94.33999633789062,93.37000274658203,93.68000030517578,86.87346649169922,5118900,0.0,0.0
2023-09-25 00:00:00-04:00,92.88999938964844,93.47000122070312,92.25,92.73999786376953,86.00176239013672,4818800,0.0,0.0
2023-09-26 00:00:00-04:00,92.0,92.48999786376953,91.18000030517578,92.0,85.31553649902344,6086600,0.0,0.0
2023-09-27 00:00:00-04:00,92.45999908447266,92.7300033569336,90.37999725341797,91.16999816894531,84.54583740234375,4731500,0.0,0.0
2023-09-28 00:00:00-04:00,91.16999816894531,91.38999938964844,90.20999908447266,91.08000183105469,84.46238708496094,4736300,0.0,0.0
2023-09-29 00:00:00-04:00,92.61000061035156,93.05999755859375,90.83999633789062,91.2699966430664,84.63856506347656,7700200,0.0,0.0
2023-10-02 00:00:00-04:00,91.05000305175781,91.73999786376953,90.79000091552734,91.12999725341797,84.50875091552734,6430500,0.0,0.0
2023-10-03 00:00:00-04:00,90.5,91.06999969482422,89.20999908447266,89.4800033569336,82.97862243652344,6666600,0.0,0.0
2023-10-04 00:00:00-04:00,89.88999938964844,91.43000030517578,89.80999755859375,91.1500015258789,84.52730560302734,6166100,0.0,0.0
2023-10-05 00:00:00-04:00,91.13999938964844,93.05000305175781,91.13999938964844,92.37000274658203,85.65866088867188,7548600,0.0,0.0
2023-10-06 00:00:00-04:00,92.0,93.33999633789062,91.68000030517578,92.8499984741211,86.10377502441406,6979300,0.0,0.0
2023-10-09 00:00:00-04:00,92.44999694824219,92.79000091552734,91.43000030517578,92.68000030517578,85.94612884521484,4120700,0.0,0.0
2023-10-10 00:00:00-04:00,92.95999908447266,93.97000122070312,92.87000274658203,93.18000030517578,86.40980529785156,4974800,0.0,0.0
2023-10-11 00:00:00-04:00,93.29000091552734,93.62999725341797,91.8499984741211,91.94999694824219,85.2691650390625,4499200,0.0,0.0
2023-10-12 00:00:00-04:00,91.83999633789062,92.25,90.7699966430664,91.41999816894531,84.77767181396484,5485200,0.0,0.0
2023-10-13 00:00:00-04:00,91.27999877929688,92.05999755859375,91.05000305175781,91.4800033569336,84.83331298828125,4780100,0.0,0.0
2023-10-16 00:00:00-04:00,92.16999816894531,93.86000061035156,91.8499984741211,93.6500015258789,86.84564971923828,4595900,0.0,0.0
2023-10-17 00:00:00-04:00,92.75,94.19000244140625,92.62999725341797,94.18000030517578,87.3371353149414,6086700,0.0,0.0
2023-10-18 00:00:00-04:00,93.94000244140625,94.52999877929688,93.5,93.75,86.9383773803711,4110700,0.0,0.0
2023-10-19 00:00:00-04:00,94.37000274658203,95.66000366210938,94.16999816894531,94.41999816894531,87.55970764160156,5610800,0.0,0.0
2023-10-20 00:00:00-04:00,94.62000274658203,95.08999633789062,94.13999938964844,94.19000244140625,87.3464126586914,4699000,0.0,0.0
2023-10-23 00:00:00-04:00,93.93000030517578,95.02999877929688,93.29000091552734,94.19999694824219,87.35569763183594,4481000,0.0,0.0
2023-10-24 00:00:00-04:00,94.27999877929688,94.9800033569336,94.05999755859375,94.62000274658203,87.74518585205078,3600200,0.0,0.0
2023-10-25 00:00:00-04:00,94.31999969482422,95.36000061035156,93.97000122070312,94.0,87.17021942138672,5497300,0.0,0.0
2023-10-26 00:00:00-04:00,93.80999755859375,94.4800033569336,92.5999984741211,92.66999816894531,85.93685150146484,6201700,0.0,0.0
2023-10-27 00:00:00-04:00,92.63999938964844,93.7300033569336,91.7699966430664,92.0199966430664,85.33407592773438,8293600,0.0,0.0
2023-10-30 00:00:00-04:00,93.12000274658203,93.70999908447266,92.72000122070312,93.1500015258789,86.3819808959961,7852700,0.0,0.0
2023-10-31 00:00:00-04:00,93.16999816894531,93.31999969482422,92.0,92.23999786376953,85.53807830810547,9308300,0.0,0.0
2023-11-01 00:00:00-04:00,91.83000183105469,91.86000061035156,90.55000305175781,91.3499984741211,84.71276092529297,14292500,0.0,0.0
2023-11-02 00:00:00-04:00,100.98999786376953,101.91999816894531,99.73999786376953,100.01000213623047,92.74354553222656,23396300,0.0,0.0
2023-11-03 00:00:00-04:00,100.62000274658203,103.7699966430664,100.5,102.6500015258789,95.19172668457031,15995700,0.0,0.0
2023-11-06 00:00:00-05:00,102.87000274658203,104.08999633789062,101.97000122070312,104.02999877929688,96.47146606445312,7532000,0.0,0.0
2023-11-07 00:00:00-05:00,104.2300033569336,104.38999938964844,103.33000183105469,103.68000030517578,96.14690399169922,6239500,0.0,0.0
2023-11-08 00:00:00-05:00,103.73999786376953,104.81999969482422,103.6500015258789,104.30000305175781,96.72185516357422,7453000,0.0,0.0
2023-11-09 00:00:00-05:00,104.30000305175781,104.45999908447266,102.02999877929688,102.2300033569336,95.32319641113281,7607000,0.57,0.0
2023-11-10 00:00:00-05:00,102.5999984741211,104.3499984741211,101.9800033569336,104.33000183105469,97.28131103515625,7338500,0.0,0.0
2023-11-13 00:00:00-05:00,103.91999816894531,104.2300033569336,102.95999908447266,103.51000213623047,96.51671600341797,7120800,0.0,0.0
2023-11-14 00:00:00-05:00,104.4800033569336,105.81999969482422,104.23999786376953,105.5999984741211,98.46552276611328,8323000,0.0,0.0
2023-11-15 00:00:00-05:00,105.66000366210938,106.54000091552734,105.66000366210938,106.02999877929688,98.86647033691406,7980200,0.0,0.0
2023-11-16 00:00:00-05:00,106.27999877929688,107.66000366210938,106.19999694824219,107.20999908447266,99.96673583984375,8037200,0.0,0.0
2023-11-17 00:00:00-05:00,107.18000030517578,107.5,105.4800033569336,105.56999969482422,98.43754577636719,6341800,0.0,0.0
2023-11-20 00:00:00-05:00,105.20999908447266,105.47000122070312,103.86000061035156,104.30000305175781,97.25334167480469,9799500,0.0,0.0
2023-11-21 00:00:00-05:00,104.44999694824219,104.68000030517578,103.16999816894531,103.69000244140625,96.68456268310547,6149000,0.0,0.0
2023-11-22 00:00:00-05:00,104.16000366210938,104.68000030517578,103.27999877929688,103.44000244140625,96.45145416259766,4828700,0.0,0.0
2023-11-24 00:00:00-05:00,103.44000244140625,103.5999984741211,102.47000122070312,102.77999877929688,95.83604431152344,3206400,0.0,0.0
2023-11-27 00:00:00-05:00,102.29000091552734,103.08999633789062,102.06999969482422,102.36000061035156,95.44440460205078,7853600,0.0,0.0
2023-11-28 00:00:00-05:00,101.95999908447266,102.05000305175781,100.88999938964844,101.18000030517578,94.34413146972656,6848100,0.0,0.0
2023-11-29 00:00:00-05:00,101.51000213623047,101.69000244140625,99.52999877929688,99.8499984741211,93.10399627685547,8428500,0.0,0.0
2023-11-30 00:00:00-05:00,100.05999755859375,100.12000274658203,98.41999816894531,99.30000305175781,92.59115600585938,11442600,0.0,0.0
2023-12-01 00:00:00-05:00,98.5,99.27999877929688,97.5199966430664,99.19999694824219,92.49789428710938,12506500,0.0,0.0
2023-12-04 00:00:00-05:00,98.38999938964844,98.87999725341797,96.7699966430664,97.5999984741211,91.0060043334961,11477400,0.0,0.0
2023-12-05 00:00:00-05:00,97.37999725341797,97.4800033569336,94.8499984741211,95.54000091552734,89.08517456054688,16027300,0.0,0.0
2023-12-06 00:00:00-05:00,95.94999694824219,97.16999816894531,95.47000122070312,97.0199966430664,90.4651870727539,12115000,0.0,0.0
2023-12-07 00:00:00-05:00,97.25,97.69999694824219,96.2699966430664,96.44000244140625,89.92439270019531,7858300,0.0,0.0
2023-12-08 00:00:00-05:00,96.08000183105469,96.86000061035156,95.80999755859375,96.61000061035156,90.08287811279297,7125200,0.0,0.0
2023-12-11 00:00:00-05:00,97.22000122070312,99.01000213623047,97.22000122070312,98.12000274658203,91.49087524414062,7639100,0.0,0.0
2023-12-12 00:00:00-05:00,98.44000244140625,98.5999984741211,97.43000030517578,98.1500015258789,91.51885223388672,6313800,0.0,0.0
2023-12-13 00:00:00-05:00,98.5,98.63999938964844,96.81999969482422,98.11000061035156,91.48155212402344,7741900,0.0,0.0
2023-12-14 00:00:00-05:00,98.72000122070312,98.79000091552734,97.1500015258789,97.83999633789062,91.22978210449219,9764800,0.0,0.0
2023-12-15 00:00:00-05:00,97.83999633789062,98.23999786376953,96.55999755859375,96.75,90.21343231201172,12466000,0.0,0.0
2023-12-18 00:00:00-05:00,97.23999786376953,97.31999969482422,95.91999816894531,96.55999755859375,90.03626251220703,6146400,0.0,0.0
2023-12-19 00:00:00-05:00,96.94000244140625,98.05000305175781,96.94000244140625,97.72000122070312,91.11790466308594,5992900,0.0,0.0
2023-12-20 00:00:00-05:00,96.36000061035156,96.87999725341797,94.6500015258789,94.70999908447266,88.31126403808594,10057400,0.0,0.0
2023-12-21 00:00:00-05:00,95.08000183105469,95.44000244140625,94.47000122070312,95.33000183105469,88.8893814086914,7097200,0.0,0.0
2023-12-22 00:00:00-05:00,94.88999938964844,95.83000183105469,94.33999633789062,95.27999877929688,88.84275817871094,6361000,0.0,0.0
2023-12-26 00:00:00-05:00,95.33999633789062,95.69000244140625,94.95999908447266,95.66999816894531,89.20640563964844,3709500,0.0,0.0
2023-12-27 00:00:00-05:00,95.69000244140625,95.77999877929688,94.79000091552734,95.29000091552734,88.8520736694336,4959300,0.0,0.0
2023-12-28 00:00:00-05:00,95.5,95.97000122070312,95.11000061035156,95.93000030517578,89.44882202148438,4518300,0.0,0.0
2023-12-29 00:00:00-05:00,95.87999725341797,96.3499984741211,95.3499984741211,96.01000213623047,89.52344512939453,6135700,0.0,0.0
2024-01-02 00:00:00-05:00,95.44999694824219,95.94999694824219,93.62000274658203,93.66999816894531,87.34152221679688,8859700,0.0,0.0
2024-01-03 00:00:00-05:00,93.95999908447266,94.23999786376953,93.05999755859375,93.2300033569336,86.9312515258789,7161700,0.0,0.0
2024-01-04 00:00:00-05:00,93.0999984741211,94.58000183105469,93.0,93.55000305175781,87.22962188720703,7118600,0.0,0.0
2024-01-05 00:00:00-05:00,93.33000183105469,93.58000183105469,92.4800033569336,92.98999786376953,86.70746612548828,7191000,0.0,0.0
2024-01-08 00:00:00-05:00,93.0199966430664,94.56999969482422,92.94999694824219,94.19000244140625,87.82638549804688,7536900,0.0,0.0
2024-01-09 00:00:00-05:00,93.61000061035156,93.7300033569336,92.86000061035156,93.08999633789062,86.80070495605469,6348500,0.0,0.0
2024-01-10 00:00:00-05:00,93.01000213623047,93.69000244140625,92.87999725341797,93.5,87.1830062866211,5847700,0.0,0.0
2024-01-11 00:00:00-05:00,93.33000183105469,93.63999938964844,91.9000015258789,92.94000244140625,86.66083526611328,6483600,0.0,0.0
2024-01-12 00:00:00-05:00,93.2300033569336,93.4000015258789,91.7699966430664,91.9800033569336,85.76569366455078,5641200,0.0,0.0
2024-01-16 00:00:00-05:00,92.66000366210938,92.7300033569336,91.7300033569336,92.69999694824219,86.43705749511719,7493400,0.0,0.0
2024-01-17 00:00:00-05:00,91.66000366210938,91.95999908447266,91.4000015258789,91.7699966430664,85.56988525390625,6672900,0.0,0.0
2024-01-18 00:00:00-05:00,91.95999908447266,93.43000030517578,91.81999969482422,93.33999633789062,87.0338134765625,7549500,0.0,0.0
2024-01-19 00:00:00-05:00,93.18000030517578,94.23999786376953,92.63999938964844,93.86000061035156,87.5186767578125,9565900,0.0,0.0
2024-01-22 00:00:00-05:00,93.80000305175781,93.91999816894531,92.80999755859375,93.06999969482422,86.78205871582031,9421000,0.0,0.0
2024-01-23 00:00:00-05:00,93.02999877929688,93.6500015258789,91.7699966430664,91.97000122070312,85.75637817382812,10227100,0.0,0.0
2024-01-24 00:00:00-05:00,92.55000305175781,92.83999633789062,91.98999786376953,92.04000091552734,85.8216323852539,7661400,0.0,0.0
2024-01-25 00:00:00-05:00,92.22000122070312,92.6500015258789,91.72000122070312,92.61000061035156,86.3531265258789,11991500,0.0,0.0
2024-01-26 00:00:00-05:00,92.91999816894531,93.48999786376953,92.41000366210938,92.80000305175781,86.53031158447266,9229400,0.0,0.0
2024-01-29 00:00:00-05:00,93.0199966430664,93.93000030517578,92.23999786376953,93.80000305175781,87.46273040771484,12728100,0.0,0.0
2024-01-30 00:00:00-05:00,93.0,94.68000030517578,92.58999633789062,94.08000183105469,87.72382354736328,17625200,0.0,0.0
2024-01-31 00:00:00-05:00,98.27999877929688,98.36000061035156,93.0199966430664,93.02999877929688,86.7447738647461,26751800,0.0,0.0
2024-02-01 00:00:00-05:00,93.0999984741211,93.5999984741211,91.87000274658203,93.37000274658203,87.06179809570312,15001500,0.0,0.0
2024-02-02 00:00:00-05:00,92.69000244140625,93.61000061035156,91.66999816894531,92.98999786376953,86.70746612548828,11366600,0.0,0.0
2024-02-05 00:00:00-05:00,92.77999877929688,92.87000274658203,91.9000015258789,92.51000213623047,86.25990295410156,7335800,0.0,0.0
2024-02-06 00:00:00-05:00,92.5,95.69999694824219,92.3499984741211,95.66999816894531,89.20640563964844,11531500,0.0,0.0
2024-02-07 00:00:00-05:00,96.23999786376953,96.66000366210938,94.43000030517578,95.30999755859375,88.87071990966797,9078000,0.0,0.0
2024-02-08 00:00:00-05:00,95.0999984741211,96.69000244140625,93.93000030517578,96.58999633789062,90.60610961914062,9888100,0.57,0.0
2024-02-09 00:00:00-05:00,96.31999969482422,97.98999786376953,96.29000091552734,97.30000305175781,91.27212524414062,9385600,0.0,0.0
2024-02-12 00:00:00-05:00,96.91999816894531,97.13999938964844,95.37999725341797,95.47000122070312,89.55550384521484,9224400,0.0,0.0
2024-02-13 00:00:00-05:00,94.8499984741211,95.55999755859375,93.38999938964844,93.87000274658203,88.05461883544922,8138500,0.0,0.0
2024-02-14 00:00:00-05:00,94.08000183105469,94.47000122070312,93.76000213623047,94.06999969482422,88.24223327636719,5510600,0.0,0.0
2024-02-15 00:00:00-05:00,94.02999877929688,94.23999786376953,93.0,93.22000122070312,87.44489288330078,8878000,0.0,0.0
2024-02-16 00:00:00-05:00,93.0999984741211,94.18000030517578,92.75,93.22000122070312,87.44489288330078,5737500,0.0,0.0
2024-02-20 00:00:00-05:00,93.36000061035156,94.12000274658203,93.06999969482422,93.45999908447266,87.67000579833984,8844500,0.0,0.0
2024-02-21 00:00:00-05:00,93.86000061035156,95.7699966430664,93.7699966430664,95.0199966430664,89.13336944580078,8284600,0.0,0.0
2024-02-22 00:00:00-05:00,94.88999938964844,96.08000183105469,94.13999938964844,95.77999877929688,89.8462905883789,8124700,0.0,0.0
2024-02-23 00:00:00-05:00,95.87999725341797,96.93000030517578,95.58000183105469,95.62000274658203,89.69620513916016,6845200,0.0,0.0
2024-02-26 00:00:00-05:00,95.36000061035156,95.56999969482422,94.25,94.27999877929688,88.43921661376953,7043800,0.0,0.0
2024-02-27 00:00:00-05:00,94.31999969482422,94.66000366210938,93.5999984741211,94.12999725341797,88.29850769042969,5356100,0.0,0.0
2024-02-28 00:00:00-05:00,93.7699966430664,93.97000122070312,92.7699966430664,93.0,87.23851776123047,5622400,0.0,0.0
2024-02-29 00:00:00-05:00,94.5,95.0999984741211,93.9800033569336,94.9000015258789,89.02079772949219,11221100,0.0,0.0
2024-03-01 00:00:00-05:00,94.44999694824219,94.56999969482422,92.91000366210938,93.16000366210938,87.38861083984375,7995400,0.0,0.0
2024-03-04 00:00:00-05:00,93.05999755859375,93.31999969482422,92.04000091552734,92.45999908447266,86.73197174072266,7321000,0.0,0.0
2024-03-05 00:00:00-05:00,92.0999984741211,92.16999816894531,91.06999969482422,91.22000122070312,85.56879425048828,7137300,0.0,0.0
2024-03-06 00:00:00-05:00,91.3499984741211,92.02999877929688,91.12000274658203,91.6500015258789,85.97215270996094,4826900,0.0,0.0
2024-03-07 00:00:00-05:00,91.62000274658203,91.76000213623047,90.30999755859375,90.94999694824219,85.31552124023438,8792400,0.0,0.0
2024-03-08 00:00:00-05:00,90.62000274658203,91.52999877929688,90.5999984741211,91.05999755859375,85.41869354248047,7673300,0.0,0.0
2024-03-11 00:00:00-04:00,91.26000213623047,92.95999908447266,91.16999816894531,92.06999969482422,86.36612701416016,6702300,0.0,0.0
2024-03-12 00:00:00-04:00,92.0,92.72000122070312,91.20999908447266,92.4000015258789,86.6756820678711,9444900,0.0,0.0
2024-03-13 00:00:00-04:00,92.48999786376953,92.87000274658203,90.87000274658203,91.61000061035156,85.93463134765625,8254500,0.0,0.0
2024-03-14 00:00:00-04:00,91.0999984741211,91.70999908447266,90.41000366210938,91.66000366210938,85.98155212402344,8544800,0.0,0.0
2024-03-15 00:00:00-04:00,91.5999984741211,92.0199966430664,90.0999984741211,90.12000274658203,84.53694152832031,18136300,0.0,0.0
2024-03-18 00:00:00-04:00,90.75,91.43000030517578,90.52999877929688,91.01000213623047,85.37178039550781,7413900,0.0,0.0
2024-03-19 00:00:00-04:00,91.0,91.9000015258789,90.86000061035156,91.58999633789062,85.9158706665039,5676500,0.0,0.0
2024-03-20 00:00:00-04:00,91.79000091552734,92.62999725341797,91.5199966430664,92.5999984741211,86.86328887939453,5804400,0.0,0.0
2024-03-21 00:00:00-04:00,92.62999725341797,93.16999816894531,91.63999938964844,91.66000366210938,85.98155212402344,6287300,0.0,0.0
2024-03-22 00:00:00-04:00,91.73999786376953,91.77999877929688,90.05999755859375,90.70999908447266,85.09038543701172,6495000,0.0,0.0
2024-03-25 00:00:00-04:00,90.6500015258789,91.12000274658203,90.47000122070312,90.66999816894531,85.05286407470703,6903000,0.0,0.0
2024-03-26 00:00:00-04:00,90.9800033569336,91.0,90.2300033569336,90.36000061035156,84.7620620727539,6216100,0.0,0.0
2024-03-27 00:00:00-04:00,90.6500015258789,91.83000183105469,90.5999984741211,91.5,85.8314437866211,5863700,0.0,0.0
2024-03-28 00:00:00-04:00,91.79000091552734,92.23999786376953,91.30000305175781,91.38999938964844,85.72826385498047,6784300,0.0,0.0
2024-04-01 00:00:00-04:00,91.81999969482422,92.06999969482422,91.0199966430664,91.52999877929688,85.85957336425781,4990200,0.0,0.0
2024-04-02 00:00:00-04:00,91.11000061035156,91.23999786376953,89.2300033569336,89.30000305175781,83.76775360107422,8276800,0.0,0.0
2024-04-03 00:00:00-04:00,89.5999984741211,89.83999633789062,88.6500015258789,88.69999694824219,83.20490264892578,6316400,0.0,0.0
2024-04-04 00:00:00-04:00,89.12999725341797,89.33999633789062,87.61000061035156,87.62000274658203,82.19181823730469,8057600,0.0,0.0
2024-04-05 00:00:00-04:00,87.9000015258789,87.93000030517578,86.83000183105469,86.8499984741211,81.46951293945312,7161400,0.0,0.0
2024-04-08 00:00:00-04:00,86.97000122070312,87.36000061035156,86.36000061035156,87.19000244140625,81.78845977783203,6322900,0.0,0.0
2024-04-09 00:00:00-04:00,87.19000244140625,87.5999984741211,86.30999755859375,87.12999725341797,81.732177734375,6240700,0.0,0.0
2024-04-10 00:00:00-04:00,86.31999969482422,86.87000274658203,85.5999984741211,85.94999694824219,80.6252670288086,7413900,0.0,0.0
2024-04-11 00:00:00-04:00,86.0,86.30999755859375,85.26000213623047,85.9000015258789,80.578369140625,6841600,0.0,0.0
2024-04-12 00:00:00-04:00,85.41999816894531,85.51000213623047,84.29000091552734,84.91999816894531,79.65908813476562,8594800,0.0,0.0
2024-04-15 00:00:00-04:00,85.4000015258789,86.37000274658203,84.91999816894531,85.16999816894531,79.89359283447266,9676900,0.0,0.0
2024-04-16 00:00:00-04:00,84.81999969482422,86.19000244140625,84.41999816894531,85.41999816894531,80.12811279296875,8866800,0.0,0.0
2024-04-17 00:00:00-04:00,86.0,86.41999816894531,85.33999633789062,86.20999908447266,80.86917114257812,6870100,0.0,0.0
2024-04-18 00:00:00-04:00,86.44000244140625,87.62999725341797,86.05000305175781,87.1500015258789,81.75093078613281,11403300,0.0,0.0
2024-04-19 00:00:00-04:00,87.1500015258789,88.08000183105469,87.12000274658203,87.61000061035156,82.18243408203125,11900000,0.0,0.0
2024-04-22 00:00:00-04:00,88.08000183105469,88.61000061035156,87.33999633789062,88.18000030517578,82.71711730957031,8669000,0.0,0.0
2024-04-23 00:00:00-04:00,88.7699966430664,88.80999755859375,87.31999969482422,87.87000274658203,82.42633056640625,5670500,0.0,0.0
2024-04-24 00:00:00-04:00,87.05999755859375,88.94000244140625,86.94999694824219,88.75,83.25180053710938,7183900,0.0,0.0
2024-04-25 00:00:00-04:00,89.55000305175781,89.7300033569336,87.68000030517578,87.83999633789062,82.39818572998047,7284600,0.0,0.0
2024-04-26 00:00:00-04:00,87.4000015258789,89.25,87.37000274658203,88.25,82.78277587890625,7185300,0.0,0.0
2024-04-29 00:00:00-04:00,88.23999786376953,88.61000061035156,87.86000061035156,88.33000183105469,82.85783386230469,8522800,0.0,0.0
2024-04-30 00:00:00-04:00,87.61000061035156,88.98999786376953,87.18000030517578,88.48999786376953,83.00791931152344,14538400,0.0,0.0
2024-05-01 00:00:00-04:00,75.81999969482422,76.98999786376953,72.66999816894531,74.44000244140625,69.8283462524414,66610700,0.0,0.0
2024-05-02 00:00:00-04:00,74.9000015258789,75.1500015258789,73.3499984741211,74.93000030517578,70.2879867553711,23883400,0.0,0.0
2024-05-03 00:00:00-04:00,75.2699966430664,75.51000213623047,72.98999786376953,73.11000061035156,68.58073425292969,22153800,0.0,0.0
2024-05-06 00:00:00-04:00,73.30999755859375,74.19000244140625,72.69999694824219,72.9000015258789,68.38374328613281,18632200,0.0,0.0
2024-05-07 00:00:00-04:00,72.8499984741211,72.8499984741211,71.80000305175781,72.5,68.00851440429688,21901300,0.0,0.0
2024-05-08 00:00:00-04:00,72.29000091552734,74.47000122070312,72.25,73.5,68.9465560913086,24482600,0.0,0.0
2024-05-09 00:00:00-04:00,73.56999969482422,75.76000213623047,73.06999969482422,75.68000030517578,70.99150848388672,18591500,0.0,0.0
2024-05-10 00:00:00-04:00,75.30999755859375,76.30999755859375,75.05999755859375,76.11000061035156,71.39486694335938,15761900,0.0,0.0
2024-05-13 00:00:00-04:00,76.22000122070312,76.83999633789062,75.80000305175781,76.18000030517578,71.46054077148438,10953600,0.0,0.0
2024-05-14 00:00:00-04:00,76.2300033569336,76.7300033569336,75.5199966430664,75.62999725341797,70.94462585449219,10961100,0.0,0.0
2024-05-15 00:00:00-04:00,75.9000015258789,76.02999877929688,75.31999969482422,75.69999694824219,71.01026916503906,8826500,0.0,0.0
2024-05-16 00:00:00-04:00,75.19000244140625,75.55000305175781,74.45999908447266,75.27999877929688,71.15204620361328,10758500,0.57,0.0
2024-05-17 00:00:00-04:00,75.2699966430664,78.0,74.91999816894531,77.8499984741211,73.58113098144531,14436500,0.0,0.0
2024-05-20 00:00:00-04:00,77.68000030517578,78.31999969482422,76.70999908447266,77.54000091552734,73.28812408447266,11183800,0.0,0.0
2024-05-21 00:00:00-04:00,77.55999755859375,78.22000122070312,77.5,77.72000122070312,73.458251953125,8916600,0.0,0.0
2024-05-22 00:00:00-04:00,77.69999694824219,81.0199966430664,77.44000244140625,80.72000122070312,76.29375457763672,22072200,0.0,0.0
2024-05-23 00:00:00-04:00,80.0999984741211,80.69999694824219,77.63999938964844,78.30999755859375,74.01589965820312,15841300,0.0,0.0
2024-05-24 00:00:00-04:00,78.5,79.22000122070312,78.11000061035156,78.87000274658203,74.54519653320312,10746200,0.0,0.0
2024-05-28 00:00:00-04:00,78.79000091552734,78.80000305175781,77.41000366210938,77.4800033569336,73.23143005371094,8833300,0.0,0.0
2024-05-29 00:00:00-04:00,77.0999984741211,78.31999969482422,76.83000183105469,76.87999725341797,72.66431427001953,9268100,0.0,0.0
2024-05-30 00:00:00-04:00,77.0999984741211,78.87999725341797,77.05999755859375,78.76000213623047,74.44122314453125,9294200,0.0,0.0
2024-05-31 00:00:00-04:00,79.08000183105469,80.33000183105469,78.61000061035156,80.22000122070312,75.82115936279297,12669700,0.0,0.0
2024-06-03 00:00:00-04:00,79.68000030517578,82.12000274658203,79.62000274658203,82.08000183105469,77.57917785644531,12443400,0.0,0.0
2024-06-04 00:00:00-04:00,81.97000122070312,83.43000030517578,81.9000015258789,82.79000091552734,78.25025177001953,12370000,0.0,0.0
2024-06-05 00:00:00-04:00,82.45999908447266,82.5,80.95999908447266,81.16000366210938,76.70962524414062,11275300,0.0,0.0
2024-06-06 00:00:00-04:00,81.1500015258789,82.93000030517578,80.91999816894531,81.47000122070312,77.00262451171875,9237800,0.0,0.0
2024-06-07 00:00:00-04:00,81.62000274658203,82.62999725341797,80.61000061035156,81.43000030517578,76.9648208618164,10852600,0.0,0.0
2024-06-10 00:00:00-04:00,81.48999786376953,81.8499984741211,80.83999633789062,81.5999984741211,77.12549591064453,8698600,0.0,0.0
2024-06-11 00:00:00-04:00,80.91999816894531,80.97000122070312,79.75,79.88999938964844,75.50927734375,9024300,0.0,0.0
2024-06-12 00:00:00-04:00,79.98999786376953,80.18000030517578,79.18000030517578,79.37999725341797,75.0272216796875,8873400,0.0,0.0
2024-06-13 00:00:00-04:00,79.5,80.9000015258789,79.18000030517578,80.23999786376953,75.8400650024414,13947300,0.0,0.0
2024-06-14 00:00:00-04:00,80.0,80.4000015258789,79.11000061035156,79.6500015258789,75.28242492675781,7192400,0.0,0.0
2024-06-17 00:00:00-04:00,79.58000183105469,81.75,79.2699966430664,81.33000183105469,76.87030029296875,9845900,0.0,0.0
2024-06-18 00:00:00-04:00,81.01000213623047,81.70999908447266,79.58999633789062,80.19999694824219,75.80226135253906,9664500,0.0,0.0
2024-06-20 00:00:00-04:00,79.81999969482422,80.77999877929688,79.66999816894531,79.72000122070312,75.34858703613281,10183900,0.0,0.0
2024-06-21 00:00:00-04:00,80.0,80.25,79.16000366210938,79.91000366210938,75.52816772460938,25648400,0.0,0.0
2024-06-24 00:00:00-04:00,80.0,80.06999969482422,79.16999816894531,79.7300033569336,75.35802459716797,7396600,0.0,0.0
2024-06-25 00:00:00-04:00,80.0,80.75,78.87000274658203,79.27999877929688,74.9327163696289,15821600,0.0,0.0
2024-06-26 00:00:00-04:00,79.0,79.27999877929688,78.37999725341797,79.1500015258789,74.80985260009766,10708100,0.0,0.0
2024-06-27 00:00:00-04:00,79.05000305175781,79.44000244140625,78.68000030517578,79.23999786376953,74.89490509033203,10289600,0.0,0.0
2024-06-28 00:00:00-04:00,78.72000122070312,78.87999725341797,77.61000061035156,77.8499984741211,73.58113098144531,13207500,0.0,0.0
2024-07-01 00:00:00-04:00,77.98999786376953,78.22000122070312,76.77999877929688,77.12999725341797,72.9006118774414,6767600,0.0,0.0
2024-07-02 00:00:00-04:00,77.12000274658203,77.20999908447266,76.27999877929688,76.83000183105469,72.6170654296875,8854100,0.0,0.0
2024-07-03 00:00:00-04:00,76.83999633789062,77.04000091552734,76.06999969482422,76.26000213623047,72.07832336425781,4906700,0.0,0.0
2024-07-05 00:00:00-04:00,76.23999786376953,76.2699966430664,75.41999816894531,76.05000305175781,71.87982940673828,9663100,0.0,0.0
2024-07-08 00:00:00-04:00,76.33999633789062,76.44999694824219,74.47000122070312,74.56999969482422,70.4809799194336,8871200,0.0,0.0
2024-07-09 00:00:00-04:00,74.62999725341797,74.63999938964844,72.7300033569336,72.75,68.76079559326172,11816900,0.0,0.0
2024-07-10 00:00:00-04:00,72.98999786376953,73.16999816894531,72.3499984741211,72.51000213623047,68.5339584350586,11132500,0.0,0.0
2024-07-11 00:00:00-04:00,72.33999633789062,73.5,72.08000183105469,73.30000305175781,69.2806167602539,12316100,0.0,0.0
2024-07-12 00:00:00-04:00,73.80000305175781,75.05999755859375,73.37999725341797,74.83000183105469,70.72673034667969,10559300,0.0,0.0
2024-07-15 00:00:00-04:00,74.88999938964844,74.9000015258789,72.5199966430664,72.75,68.76079559326172,9064400,0.0,0.0
2024-07-16 00:00:00-04:00,72.20999908447266,75.51000213623047,71.55000305175781,75.51000213623047,71.36943817138672,14968700,0.0,0.0
2024-07-17 00:00:00-04:00,75.22000122070312,76.12999725341797,74.55000305175781,75.0999984741211,70.98191833496094,11567800,0.0,0.0
2024-07-18 00:00:00-04:00,74.45999908447266,75.11000061035156,73.80999755859375,74.19000244140625,70.12183380126953,10701000,0.0,0.0
2024-07-19 00:00:00-04:00,74.66000366210938,79.37999725341797,74.19000244140625,79.2699966430664,74.92326354980469,32965900,0.0,0.0
2024-07-22 00:00:00-04:00,78.33000183105469,78.47000122070312,76.01000213623047,76.55000305175781,72.35242462158203,18851500,0.0,0.0
2024-07-23 00:00:00-04:00,77.13999938964844,77.13999938964844,76.02999877929688,76.26000213623047,72.07832336425781,9592100,0.0,0.0
2024-07-24 00:00:00-04:00,76.37000274658203,76.48999786376953,74.0199966430664,74.68000030517578,70.58495330810547,10478200,0.0,0.0
2024-07-25 00:00:00-04:00,75.05999755859375,75.7699966430664,73.26000213623047,73.31999969482422,69.29953002929688,18973600,0.0,0.0
2024-07-26 00:00:00-04:00,73.83999633789062,75.0199966430664,73.70999908447266,74.05000305175781,69.989501953125,12387100,0.0,0.0
2024-07-29 00:00:00-04:00,74.38999938964844,75.58999633789062,73.72000122070312,75.19999694824219,71.0764389038086,10864700,0.0,0.0
2024-07-30 00:00:00-04:00,75.25,76.05000305175781,74.8499984741211,75.94000244140625,71.77587127685547,16163600,0.0,0.0
2024-07-31 00:00:00-04:00,79.55000305175781,81.23999786376953,77.80000305175781,77.94999694824219,73.6756362915039,18901100,0.0,0.0
2024-08-01 00:00:00-04:00,77.88999938964844,78.13999938964844,73.83000183105469,75.11000061035156,70.99137878417969,17307200,0.0,0.0
2024-08-02 00:00:00-04:00,75.11000061035156,76.66999816894531,74.91999816894531,75.87999725341797,71.7191390991211,15185700,0.0,0.0
2024-08-05 00:00:00-04:00,73.8499984741211,75.0,72.72000122070312,73.86000061035156,69.80992889404297,12372900,0.0,0.0
2024-08-06 00:00:00-04:00,73.91999816894531,75.98999786376953,73.83999633789062,75.37000274658203,71.23712921142578,10525500,0.0,0.0
2024-08-07 00:00:00-04:00,75.30000305175781,76.83000183105469,75.16000366210938,75.29000091552734,71.16152954101562,7297000,0.0,0.0
2024-08-08 00:00:00-04:00,75.06999969482422,76.1500015258789,74.80000305175781,75.75,71.59627532958984,8988300,0.0,0.0
2024-08-09 00:00:00-04:00,75.6500015258789,75.86000061035156,74.75,75.08999633789062,70.97246551513672,4683600,0.0,0.0
2024-08-12 00:00:00-04:00,76.52999877929688,78.43000030517578,76.29000091552734,77.02999877929688,72.80608367919922,13123000,0.0,0.0
2024-08-13 00:00:00-04:00,91.0199966430664,96.01000213623047,90.29000091552734,95.9000015258789,90.641357421875,157215500,0.0,0.0
2024-08-14 00:00:00-04:00,95.38999938964844,95.86000061035156,91.43000030517578,93.9000015258789,88.75102996826172,45737800,0.0,0.0
2024-08-15 00:00:00-04:00,94.12000274658203,94.95999908447266,92.9800033569336,94.87999725341797,89.67729187011719,21109800,0.0,0.0
2024-08-16 00:00:00-04:00,93.36000061035156,95.6500015258789,93.30000305175781,94.80999755859375,90.1527328491211,16336300,0.57,0.0
2024-08-19 00:00:00-04:00,94.3499984741211,94.88999938964844,92.12999725341797,92.30000305175781,87.76602935791016,14479000,0.0,0.0
2024-08-20 00:00:00-04:00,92.29000091552734,93.81999969482422,92.12999725341797,93.01000213623047,88.44114685058594,11536200,0.0,0.0
2024-08-21 00:00:00-04:00,92.48999786376953,93.37999725341797,92.22000122070312,92.77999877929688,88.22244262695312,6769200,0.0,0.0
2024-08-22 00:00:00-04:00,92.66999816894531,92.83000183105469,91.7699966430664,92.43000030517578,87.8896484375,10010300,0.0,0.0
2024-08-23 00:00:00-04:00,92.8499984741211,94.41999816894531,92.83000183105469,94.0199966430664,89.40152740478516,11483700,0.0,0.0
2024-08-26 00:00:00-04:00,94.19999694824219,95.93000030517578,94.18000030517578,95.62999725341797,90.93244934082031,13882800,0.0,0.0
2024-08-27 00:00:00-04:00,95.4000015258789,98.72000122070312,95.25,98.5999984741211,93.7565689086914,17456300,0.0,0.0
2024-08-28 00:00:00-04:00,98.22000122070312,98.70999908447266,94.37999725341797,95.30000305175781,90.6186752319336,14866300,0.0,0.0
2024-08-29 00:00:00-04:00,95.47000122070312,95.83000183105469,94.27999877929688,94.86000061035156,90.20027923583984,8781300,0.0,0.0
2024-08-30 00:00:00-04:00,94.98999786376953,95.93000030517578,94.44000244140625,94.56999969482422,89.92452239990234,7117200,0.0,0.0
2024-09-03 00:00:00-04:00,94.12999725341797,94.80999755859375,93.04000091552734,93.18000030517578,88.6028060913086,11234000,0.0,0.0
2024-09-04 00:00:00-04:00,93.37000274658203,93.9800033569336,91.97000122070312,92.33000183105469,87.79456329345703,7193500,0.0,0.0
2024-09-05 00:00:00-04:00,92.16999816894531,93.0199966430664,91.19999694824219,91.55999755859375,87.0623779296875,8370100,0.0,0.0
2024-09-06 00:00:00-04:00,91.5,92.16000366210938,90.18000030517578,91.1500015258789,86.67253112792969,9257000,0.0,0.0
2024-09-09 00:00:00-04:00,91.22000122070312,92.36000061035156,90.41000366210938,92.20999908447266,87.68045043945312,10089700,0.0,0.0
2024-09-10 00:00:00-04:00,92.12000274658203,93.5199966430664,91.13999938964844,93.33999633789062,88.75493621826172,7327000,0.0,0.0
2024-09-11 00:00:00-04:00,94.08000183105469,98.3499984741211,93.66000366210938,98.19999694824219,93.37620544433594,19302900,0.0,0.0
2024-09-12 00:00:00-04:00,98.45999908447266,99.30999755859375,97.33999633789062,99.27999877929688,94.40315246582031,14653500,0.0,0.0
2024-09-13 00:00:00-04:00,99.12999725341797,99.51000213623047,98.5,98.56999969482422,93.72803497314453,9899900,0.0,0.0
2024-09-16 00:00:00-04:00,98.5199966430664,98.5999984741211,95.9800033569336,96.30999755859375,91.57904815673828,9263400,0.0,0.0
2024-09-17 00:00:00-04:00,96.48999786376953,96.54000091552734,95.19999694824219,96.44000244140625,91.70266723632812,6281700,0.0,0.0
2024-09-18 00:00:00-04:00,95.55000305175781,97.5999984741211,95.33000183105469,96.12000274658203,91.39838409423828,8793800,0.0,0.0
2024-09-19 00:00:00-04:00,97.97000122070312,98.69999694824219,96.33000183105469,96.9000015258789,92.14006805419922,8752600,0.0,0.0
2024-09-20 00:00:00-04:00,96.8499984741211,97.05999755859375,95.31999969482422,96.05000305175781,91.33183288574219,19541000,0.0,0.0
2024-09-23 00:00:00-04:00,96.05000305175781,96.05000305175781,94.3499984741211,95.4800033569336,90.78983306884766,8382800,0.0,0.0
2024-09-24 00:00:00-04:00,95.47000122070312,95.81999969482422,94.19000244140625,94.44999694824219,89.81041717529297,8606800,0.0,0.0
2024-09-25 00:00:00-04:00,94.26000213623047,95.95999908447266,94.22000122070312,95.62000274658203,90.9229507446289,8632900,0.0,0.0
2024-09-26 00:00:00-04:00,98.5,99.1500015258789,97.0,97.47000122070312,92.68206024169922,9876800,0.0,0.0
2024-09-27 00:00:00-04:00,97.6500015258789,98.1500015258789,97.19000244140625,97.36000061035156,92.57747650146484,6319900,0.0,0.0
2024-09-30 00:00:00-04:00,97.38999938964844,97.69000244140625,96.41000366210938,97.48999786376953,92.70108795166016,6436400,0.0,0.0
2024-10-01 00:00:00-04:00,97.48999786376953,98.13999938964844,96.3499984741211,97.43000030517578,92.64403533935547,7171600,0.0,0.0
2024-10-02 00:00:00-04:00,96.83000183105469,97.0,95.87000274658203,96.5,91.75971221923828,6346000,0.0,0.0
2024-10-03 00:00:00-04:00,95.63999938964844,96.38999938964844,95.30999755859375,95.55999755859375,90.86588287353516,5556400,0.0,0.0
2024-10-04 00:00:00-04:00,96.16999816894531,96.7300033569336,95.1500015258789,96.58000183105469,91.8357925415039,6818900,0.0,0.0
2024-10-07 00:00:00-04:00,96.19000244140625,96.5199966430664,95.36000061035156,96.08999633789062,91.36985778808594,7478900,0.0,0.0
2024-10-08 00:00:00-04:00,96.05000305175781,96.87999725341797,95.27999877929688,96.20999908447266,91.48397827148438,6595200,0.0,0.0
2024-10-09 00:00:00-04:00,96.4800033569336,96.4800033569336,95.45999908447266,95.87999725341797,91.170166015625,3344800,0.0,0.0
2024-10-10 00:00:00-04:00,95.41999816894531,95.4800033569336,93.76000213623047,93.87999725341797,89.26841735839844,5459500,0.0,0.0
2024-10-11 00:00:00-04:00,94.13999938964844,95.95999908447266,94.01000213623047,95.55000305175781,90.85638427734375,4834800,0.0,0.0
2024-10-14 00:00:00-04:00,95.41000366210938,95.52999877929688,94.33999633789062,94.76000213623047,90.10518646240234,4124700,0.0,0.0
2024-10-15 00:00:00-04:00,94.66999816894531,95.97000122070312,94.56999969482422,95.04000091552734,90.37144470214844,6264100,0.0,0.0
2024-10-16 00:00:00-04:00,95.44999694824219,95.83999633789062,94.08999633789062,95.45999908447266,90.77080535888672,7537100,0.0,0.0
2024-10-17 00:00:00-04:00,95.33000183105469,96.19000244140625,94.77999877929688,95.2699966430664,90.59013366699219,5577300,0.0,0.0
2024-10-18 00:00:00-04:00,95.68000030517578,96.8499984741211,95.04000091552734,96.83999633789062,92.08301544189453,6178300,0.0,0.0
2024-10-21 00:00:00-04:00,96.94999694824219,97.19999694824219,95.88999938964844,96.44999694824219,91.7121810913086,3994300,0.0,0.0
2024-10-22 00:00:00-04:00,96.3499984741211,97.19000244140625,95.94000244140625,96.81999969482422,92.06399536132812,6670900,0.0,0.0
2024-10-23 00:00:00-04:00,93.87000274658203,97.72000122070312,93.69000244140625,97.6500015258789,92.85323333740234,18858800,0.0,0.0
2024-10-24 00:00:00-04:00,97.69000244140625,99.41999816894531,96.8499984741211,97.1500015258789,92.3777847290039,9828600,0.0,0.0
2024-10-25 00:00:00-04:00,97.22000122070312,97.95999908447266,96.43000030517578,97.30999755859375,92.52992248535156,9665600,0.0,0.0
2024-10-28 00:00:00-04:00,97.6500015258789,99.13999938964844,97.55000305175781,98.0199966430664,93.20504760742188,6790900,0.0,0.0
2024-10-29 00:00:00-04:00,97.73999786376953,98.05000305175781,96.3499984741211,97.38999938964844,92.60600280761719,7664200,0.0,0.0
2024-10-30 00:00:00-04:00,97.37000274658203,98.1500015258789,96.80000305175781,97.31999969482422,92.53944396972656,9187200,0.0,0.0
2024-10-31 00:00:00-04:00,97.31999969482422,99.0,95.3499984741211,97.69999694824219,92.90076446533203,12011500,0.0,0.0
2024-11-01 00:00:00-04:00,97.5999984741211,99.80000305175781,97.37000274658203,98.87000274658203,94.0133056640625,8860200,0.0,0.0
2024-11-04 00:00:00-05:00,98.58999633789062,98.80999755859375,96.69999694824219,97.02999877929688,92.263671875,7049100,0.0,0.0
2024-11-05 00:00:00-05:00,96.86000061035156,97.47000122070312,96.1500015258789,97.08999633789062,92.32073211669922,6348300,0.0,0.0
2024-11-06 00:00:00-05:00,96.97000122070312,98.2300033569336,94.77999877929688,96.08000183105469,91.36035919189453,9708800,0.0,0.0
2024-11-07 00:00:00-05:00,96.05999755859375,96.69000244140625,95.76000213623047,96.12000274658203,91.39838409423828,6195200,0.0,0.0
2024-11-08 00:00:00-05:00,96.11000061035156,97.63999938964844,96.02999877929688,97.55000305175781,92.75814819335938,6118700,0.0,0.0
2024-11-11 00:00:00-05:00,98.0,101.41000366210938,97.94999694824219,100.30999755859375,95.38256072998047,10313300,0.0,0.0
2024-11-12 00:00:00-05:00,100.12999725341797,100.54000091552734,98.41999816894531,98.80000305175781,93.94674682617188,8438400,0.0,0.0
2024-11-13 00:00:00-05:00,97.3499984741211,99.94000244140625,96.2300033569336,99.80000305175781,94.89762878417969,8816300,0.0,0.0
2024-11-14 00:00:00-05:00,99.43000030517578,100.0199966430664,99.13999938964844,99.2300033569336,94.3556137084961,6441500,0.0,0.0
2024-11-15 00:00:00-05:00,99.0999984741211,100.22000122070312,97.98999786376953,98.41999816894531,94.16425323486328,8119900,0.61,0.0
2024-11-18 00:00:00-05:00,98.44000244140625,100.61000061035156,97.93000030517578,100.4000015258789,96.05863952636719,7041500,0.0,0.0
2024-11-19 00:00:00-05:00,99.79000091552734,100.30000305175781,98.19999694824219,98.3499984741211,94.09728240966797,9176200,0.0,0.0
2024-11-20 00:00:00-05:00,98.0,98.75,97.11000061035156,98.26000213623047,94.01117706298828,7527700,0.0,0.0
2024-11-21 00:00:00-05:00,99.5,100.33000183105469,98.48999786376953,100.05999755859375,95.73334503173828,6760600,0.0,0.0
2024-11-22 00:00:00-05:00,100.0,102.55999755859375,99.7699966430664,102.5,98.06784057617188,6563300,0.0,0.0
2024-11-25 00:00:00-05:00,102.93000030517578,103.31999969482422,101.77999877929688,101.83999633789062,97.43637084960938,8839600,0.0,0.0
2024-11-26 00:00:00-05:00,101.98999786376953,102.08999633789062,100.47000122070312,100.68000030517578,96.3265380859375,6558300,0.0,0.0
2024-11-27 00:00:00-05:00,100.75,102.02999877929688,100.72000122070312,101.51000213623047,97.12064361572266,4857800,0.0,0.0
2024-11-29 00:00:00-05:00,101.37000274658203,102.5,101.2699966430664,102.45999908447266,98.0295639038086,3419300,0.0,0.0
2024-12-02 00:00:00-05:00,102.0,102.20999908447266,99.87000274658203,101.51000213623047,97.12064361572266,6103200,0.0,0.0
2024-12-03 00:00:00-05:00,101.08999633789062,102.12000274658203,99.88999938964844,101.56999969482422,97.17804718017578,7101500,0.0,0.0
2024-12-04 00:00:00-05:00,100.88999938964844,101.98999786376953,100.37000274658203,100.69999694824219,96.34567260742188,6151100,0.0,0.0
2024-12-05 00:00:00-05:00,101.0,101.30000305175781,99.19000244140625,99.2300033569336,94.9392318725586,7194800,0.0,0.0
2024-12-06 00:00:00-05:00,98.93000030517578,100.62000274658203,98.44000244140625,100.11000061035156,95.78118896484375,6297000,0.0,0.0
2024-12-09 00:00:00-05:00,100.06999969482422,100.56999969482422,98.5199966430664,99.30999755859375,95.01577758789062,7271600,0.0,0.0
2024-12-10 00:00:00-05:00,99.13999938964844,99.25,97.94000244140625,98.16000366210938,93.91551971435547,8192500,0.0,0.0
2024-12-11 00:00:00-05:00,98.5,99.38999938964844,97.9800033569336,98.41999816894531,94.16425323486328,8007300,0.0,0.0
2024-12-12 00:00:00-05:00,98.22000122070312,98.97000122070312,97.41999816894531,97.81999969482422,93.5902099609375,6375900,0.0,0.0
2024-12-13 00:00:00-05:00,97.33999633789062,98.08000183105469,96.94000244140625,97.41999816894531,93.20750427246094,5910900,0.0,0.0
2024-12-16 00:00:00-05:00,96.94999694824219,97.0,93.0999984741211,93.12000274658203,89.09342956542969,12395900,0.0,0.0
2024-12-17 00:00:00-05:00,93.01000213623047,93.94000244140625,92.05000305175781,92.08999633789062,88.10797119140625,8536100,0.0,0.0
2024-12-18 00:00:00-05:00,91.7699966430664,92.25,89.63999938964844,89.9000015258789,86.01268005371094,10886600,0.0,0.0
2024-12-19 00:00:00-05:00,90.23999786376953,91.58000183105469,88.66999816894531,88.76000213623047,84.92195892333984,14628400,0.0,0.0
2024-12-20 00:00:00-05:00,87.86000061035156,89.16000366210938,87.06999969482422,87.97000122070312,84.16613006591797,26477500,0.0,0.0
2024-12-23 00:00:00-05:00,87.5,87.87999725341797,86.30000305175781,87.44000244140625,83.65904235839844,11203700,0.0,0.0
2024-12-24 00:00:00-05:00,87.4000015258789,89.91999816894531,87.16999816894531,89.91000366210938,86.02223205566406,5422000,0.0,0.0
2024-12-26 00:00:00-05:00,89.37000274658203,92.05000305175781,89.37000274658203,91.86000061035156,87.8879165649414,7538700,0.0,0.0
2024-12-27 00:00:00-05:00,90.9000015258789,93.19999694824219,90.87999725341797,92.25,88.26105499267578,8200400,0.0,0.0
2024-12-30 00:00:00-05:00,91.29000091552734,91.31999969482422,89.83999633789062,90.58000183105469,86.66327667236328,8404500,0.0,0.0
2024-12-31 00:00:00-05:00,90.7300033569336,91.7699966430664,90.58999633789062,91.25,87.30429077148438,4220700,0.0,0.0
2025-01-02 00:00:00-05:00,91.55000305175781,92.66000366210938,91.41000366210938,92.16999816894531,88.18451690673828,8640900,0.0,0.0
2025-01-03 00:00:00-05:00,92.4000015258789,93.12000274658203,91.80000305175781,92.58000183105469,88.57678985595703,4964900,0.0,0.0
2025-01-06 00:00:00-05:00,92.04000091552734,94.5,91.94000244140625,93.12999725341797,89.10301208496094,8768100,0.0,0.0
2025-01-07 00:00:00-05:00,92.77999877929688,93.6500015258789,91.86000061035156,92.83999633789062,88.8255386352539,6638300,0.0,0.0
2025-01-08 00:00:00-05:00,92.97000122070312,93.01000213623047,92.01000213623047,92.5999984741211,88.59590911865234,6243700,0.0,0.0
2025-01-10 00:00:00-05:00,92.19000244140625,92.79000091552734,91.93000030517578,92.25,88.26105499267578,6550300,0.0,0.0
2025-01-13 00:00:00-05:00,92.2699966430664,93.58999633789062,91.37999725341797,93.51000213623047,89.4665756225586,6912100,0.0,0.0
2025-01-14 00:00:00-05:00,94.01000213623047,94.88999938964844,92.5199966430664,93.06999969482422,89.04559326171875,6406200,0.0,0.0
2025-01-15 00:00:00-05:00,94.0999984741211,94.47000122070312,92.94999694824219,93.08000183105469,89.05517578125,4554700,0.0,0.0
2025-01-16 00:00:00-05:00,92.87000274658203,94.7699966430664,92.87000274658203,94.43000030517578,90.34679412841797,6548200,0.0,0.0
2025-01-17 00:00:00-05:00,95.58000183105469,95.86000061035156,95.0999984741211,95.12999725341797,91.01652526855469,8361900,0.0,0.0
2025-01-21 00:00:00-05:00,95.41000366210938,98.58000183105469,95.41000366210938,97.9800033569336,93.7432861328125,8803100,0.0,0.0
2025-01-22 00:00:00-05:00,97.9800033569336,98.54000091552734,97.45999908447266,97.7300033569336,93.50409698486328,7678900,0.0,0.0
2025-01-23 00:00:00-05:00,98.0,98.02999877929688,97.0199966430664,97.98999786376953,93.75286102294922,7901800,0.0,0.0
2025-01-24 00:00:00-05:00,97.79000091552734,99.01000213623047,97.62000274658203,98.80999755859375,94.53739166259766,6957100,0.0,0.0
2025-01-27 00:00:00-05:00,98.5199966430664,100.33000183105469,98.0999984741211,100.0199966430664,95.69507598876953,9654900,0.0,0.0
2025-01-28 00:00:00-05:00,98.94000244140625,100.68000030517578,98.58999633789062,100.41000366210938,96.0682144165039,14736500,0.0,0.0
2025-01-29 00:00:00-05:00,102.69999694824219,110.08000183105469,102.68000030517578,108.58000183105469,103.88494110107422,40769300,0.0,0.0
2025-01-30 00:00:00-05:00,109.0,110.33999633789062,108.02999877929688,109.0,104.28678131103516,15023000,0.0,0.0
2025-01-31 00:00:00-05:00,109.0,109.36000061035156,107.5,107.68000030517578,103.02384948730469,19136900,0.0,0.0
2025-02-03 00:00:00-05:00,105.72000122070312,108.44000244140625,105.5199966430664,108.16000366210938,103.48310089111328,8894100,0.0,0.0
2025-02-04 00:00:00-05:00,108.66999816894531,111.06999969482422,108.12999725341797,110.5999984741211,105.81759643554688,11123700,0.0,0.0
2025-02-05 00:00:00-05:00,110.18000030517578,112.41999816894531,109.86000061035156,112.25,107.396240234375,12826000,0.0,0.0
2025-02-06 00:00:00-05:00,112.05000305175781,112.30999755859375,111.05000305175781,111.69999694824219,106.8700180053711,11967300,0.0,0.0
2025-02-07 00:00:00-05:00,111.43000030517578,112.62000274658203,110.05999755859375,112.19999694824219,107.34840393066406,11502400,0.0,0.0
2025-02-10 00:00:00-05:00,112.58000183105469,112.58000183105469,111.0,111.44999694824219,106.63082885742188,8348400,0.0,0.0
2025-02-11 00:00:00-05:00,110.87999725341797,112.08000183105469,110.61000061035156,111.02999877929688,106.22899627685547,4683100,0.0,0.0
2025-02-12 00:00:00-05:00,110.55999755859375,113.19000244140625,110.4000015258789,113.04000091552734,108.15208435058594,7269400,0.0,0.0
2025-02-13 00:00:00-05:00,113.12000274658203,113.4000015258789,111.52999877929688,113.0,108.11382293701172,10046300,0.0,0.0
2025-02-14 00:00:00-05:00,112.81999969482422,113.47000122070312,112.02999877929688,112.55000305175781,108.26773834228516,9115000,0.61,0.0
2025-02-18 00:00:00-05:00,111.80000305175781,113.36000061035156,111.62000274658203,113.02999877929688,108.7294692993164,7574100,0.0,0.0
2025-02-19 00:00:00-05:00,112.44000244140625,113.33999633789062,112.33999633789062,112.48999786376953,108.21000671386719,8268900,0.0,0.0
2025-02-20 00:00:00-05:00,112.16999816894531,113.5,111.95999908447266,113.33999633789062,109.02767181396484,6343800,0.0,0.0
2025-02-21 00:00:00-05:00,113.33000183105469,114.68000030517578,111.62999725341797,111.75,107.49816131591797,9664700,0.0,0.0
2025-02-24 00:00:00-05:00,112.33999633789062,113.91000366210938,111.88999938964844,113.19000244140625,108.88336944580078,13120500,0.0,0.0
2025-02-25 00:00:00-05:00,113.08000183105469,115.23999786376953,112.66999816894531,114.58999633789062,110.2301025390625,11001800,0.0,0.0
2025-02-26 00:00:00-05:00,114.61000061035156,114.79000091552734,112.26000213623047,113.0,108.70060729980469,7466800,0.0,0.0
2025-02-27 00:00:00-05:00,113.0,115.69999694824219,112.80000305175781,114.48999786376953,110.1339111328125,9013700,0.0,0.0
2025-02-28 00:00:00-05:00,115.05999755859375,116.08999633789062,114.2699966430664,115.80999755859375,111.4036865234375,11466000,0.0,0.0
2025-03-03 00:00:00-05:00,116.04000091552734,117.45999908447266,114.0999984741211,115.41000366210938,111.0189208984375,9225500,0.0,0.0
2025-03-04 00:00:00-05:00,114.98999786376953,115.2699966430664,112.0,112.05999755859375,107.79637145996094,12482400,0.0,0.0
2025-03-05 00:00:00-05:00,111.56999969482422,112.5199966430664,110.20999908447266,111.69000244140625,107.44044494628906,11926800,0.0,0.0
2025-03-06 00:00:00-05:00,110.01000213623047,110.43000030517578,104.91000366210938,105.47000122070312,101.45709991455078,16321700,0.0,0.0
2025-03-07 00:00:00-05:00,104.7300033569336,106.86000061035156,103.44000244140625,106.4800033569336,102.42867279052734,11637400,0.0,0.0
2025-03-10 00:00:00-04:00,105.7300033569336,106.0,99.80000305175781,101.12999725341797,97.2822265625,15823300,0.0,0.0
2025-03-11 00:00:00-04:00,101.88999938964844,103.0,99.0,99.58000183105469,95.79119873046875,10663500,0.0,0.0
2025-03-12 00:00:00-04:00,100.30000305175781,100.30000305175781,96.97000122070312,98.69000244140625,94.93506622314453,9461200,0.0,0.0
2025-03-13 00:00:00-04:00,98.70999908447266,98.87000274658203,95.93000030517578,96.04000091552734,92.38589477539062,9274300,0.0,0.0
2025-03-14 00:00:00-04:00,96.5199966430664,98.25,96.16000366210938,98.11000061035156,94.37713623046875,8240900,0.0,0.0
2025-03-17 00:00:00-04:00,97.70999908447266,99.44999694824219,97.0,99.08000183105469,95.31023406982422,10131700,0.0,0.0
2025-03-18 00:00:00-04:00,99.2300033569336,99.37000274658203,97.68000030517578,98.27999877929688,94.54066467285156,7423400,0.0,0.0
2025-03-19 00:00:00-04:00,98.2699966430664,99.52999877929688,97.94999694824219,99.19000244140625,95.41604614257812,4982700,0.0,0.0
2025-03-20 00:00:00-04:00,98.8499984741211,99.69000244140625,98.66999816894531,99.27999877929688,95.50261688232422,5952800,0.0,0.0
2025-03-21 00:00:00-04:00,97.94000244140625,98.01000213623047,96.29000091552734,97.06999969482422,93.37670135498047,11366000,0.0,0.0
2025-03-24 00:00:00-04:00,98.02999877929688,98.19999694824219,95.62999725341797,95.72000122070312,92.07807159423828,8265000,0.0,0.0
2025-03-25 00:00:00-04:00,96.19000244140625,96.97000122070312,94.7699966430664,95.87999725341797,92.23197937011719,6984800,0.0,0.0
2025-03-26 00:00:00-04:00,96.0,98.38999938964844,96.0,97.97000122070312,94.2424545288086,9561600,0.0,0.0
2025-03-27 00:00:00-04:00,97.9000015258789,99.91999816894531,97.54000091552734,98.8499984741211,95.08898162841797,9141000,0.0,0.0
2025-03-28 00:00:00-04:00,98.0,98.48999786376953,97.05999755859375,97.7300033569336,94.01158905029297,8066200,0.0,0.0
2025-03-31 00:00:00-04:00,96.62000274658203,98.81999969482422,94.58000183105469,98.08999633789062,94.35789489746094,11302900,0.0,0.0
2025-04-01 00:00:00-04:00,97.8499984741211,98.9000015258789,97.12999725341797,98.2300033569336,94.49256896972656,5868400,0.0,0.0
2025-04-02 00:00:00-04:00,97.41000366210938,99.75,97.41000366210938,99.41000366210938,95.62767028808594,6043300,0.0,0.0
2025-04-03 00:00:00-04:00,93.3499984741211,93.38999938964844,87.6500015258789,88.26000213623047,84.90190887451172,20490100,0.0,0.0
2025-04-04 00:00:00-04:00,84.66000366210938,85.43000030517578,81.30000305175781,82.0999984741211,78.97628021240234,19700100,0.0,0.0
2025-04-07 00:00:00-04:00,78.62999725341797,83.2699966430664,76.1500015258789,80.0,76.95618438720703,26099400,0.0,0.0
2025-04-08 00:00:00-04:00,83.06999969482422,83.4800033569336,78.69000244140625,79.69000244140625,76.6579818725586,20534600,0.0,0.0
2025-04-09 00:00:00-04:00,79.22000122070312,89.12999725341797,77.93000030517578,88.68000030517578,85.30591583251953,26668100,0.0,0.0
2025-04-10 00:00:00-04:00,86.11000061035156,86.58000183105469,81.66999816894531,84.5999984741211,81.38115692138672,16209300,0.0,0.0
2025-04-11 00:00:00-04:00,84.43000030517578,85.81999969482422,82.08000183105469,85.43000030517578,82.1795883178711,10059700,0.0,0.0
2025-04-14 00:00:00-04:00,86.31999969482422,86.7699966430664,83.4000015258789,85.48999786376953,82.23729705810547,8880500,0.0,0.0
2025-04-15 00:00:00-04:00,85.5,86.05999755859375,83.45999908447266,83.70999908447266,80.5250244140625,7088600,0.0,0.0
2025-04-16 00:00:00-04:00,83.30000305175781,83.5199966430664,79.88999938964844,80.76000213623047,77.68726348876953,13080800,0.0,0.0
2025-04-17 00:00:00-04:00,81.25,82.55000305175781,81.19999694824219,81.5,78.39910125732422,9787500,0.0,0.0
2025-04-21 00:00:00-04:00,80.36000061035156,80.81999969482422,78.12999725341797,80.68000030517578,77.61030578613281,10595600,0.0,0.0
2025-04-22 00:00:00-04:00,81.91000366210938,83.48999786376953,81.62000274658203,81.75,78.63959503173828,10408600,0.0,0.0
2025-04-23 00:00:00-04:00,84.0,85.73999786376953,82.6500015258789,82.80999755859375,79.65927124023438,9114400,0.0,0.0
2025-04-24 00:00:00-04:00,82.38999938964844,84.13999938964844,81.58000183105469,83.86000061035156,80.66931915283203,6798100,0.0,0.0
2025-04-25 00:00:00-04:00,83.62999725341797,83.98999786376953,82.45999908447266,83.80999755859375,80.62122344970703,5799400,0.0,0.0
2025-04-28 00:00:00-04:00,84.33000183105469,85.05999755859375,83.2699966430664,83.9000015258789,80.70779418945312,7091400,0.0,0.0
2025-04-29 00:00:00-04:00,83.63999938964844,85.06999969482422,83.19999694824219,84.8499984741211,81.62164306640625,16356900,0.0,0.0
2025-04-30 00:00:00-04:00,76.37000274658203,80.27999877929688,75.5,80.05000305175781,77.00428009033203,41297000,0.0,0.0
2025-05-01 00:00:00-04:00,80.70999908447266,82.70999908447266,80.2699966430664,82.01000213623047,78.88971710205078,18326700,0.0,0.0
2025-05-02 00:00:00-04:00,82.58999633789062,84.83000183105469,82.05000305175781,84.69000244140625,81.46774291992188,13512900,0.0,0.0
2025-05-05 00:00:00-04:00,84.0,84.08000183105469,81.58999633789062,81.66000366210938,78.55302429199219,13361900,0.0,0.0
2025-05-06 00:00:00-04:00,81.0,83.37000274658203,80.61000061035156,82.77999877929688,79.63040924072266,10709500,0.0,0.0
2025-05-07 00:00:00-04:00,82.97000122070312,83.2300033569336,82.13999938964844,82.70999908447266,79.56307220458984,8224800,0.0,0.0
2025-05-08 00:00:00-04:00,83.33999633789062,83.5999984741211,81.69000244140625,82.19000244140625,79.06285858154297,8759800,0.0,0.0
2025-05-09 00:00:00-04:00,82.41000366210938,82.66999816894531,80.19999694824219,80.30000305175781,77.24476623535156,8210700,0.0,0.0
2025-05-12 00:00:00-04:00,83.6500015258789,86.54000091552734,83.63999938964844,85.66999816894531,82.41045379638672,17241500,0.0,0.0
2025-05-13 00:00:00-04:00,85.87000274658203,87.13999938964844,85.0999984741211,86.87999725341797,83.57440185546875,11533700,0.0,0.0
2025-05-14 00:00:00-04:00,86.70999908447266,87.62999725341797,85.73999786376953,86.54000091552734,83.24735260009766,12741500,0.0,0.0
2025-05-15 00:00:00-04:00,86.54000091552734,87.77999877929688,85.81999969482422,87.26000213623047,83.93995666503906,13721900,0.0,0.0
2025-05-16 00:00:00-04:00,86.62000274658203,86.91000366210938,84.27999877929688,85.56999969482422,82.89373779296875,13109500,0.61,0.0
2025-05-19 00:00:00-04:00,84.44999694824219,85.13999938964844,84.11000061035156,84.61000061035156,81.96376037597656,9568100,0.0,0.0
2025-05-20 00:00:00-04:00,84.5199966430664,86.1500015258789,84.44999694824219,85.58999633789062,82.91309356689453,9310600,0.0,0.0
2025-05-21 00:00:00-04:00,84.41000366210938,85.51000213623047,82.51000213623047,82.9800033569336,80.3847427368164,10875400,0.0,0.0
2025-05-22 00:00:00-04:00,83.22000122070312,84.4800033569336,82.72000122070312,83.97000122070312,81.34378051757812,8440400,0.0,0.0
2025-05-23 00:00:00-04:00,82.58000183105469,84.83000183105469,82.56999969482422,84.4000015258789,81.76032257080078,7088200,0.0,0.0
2025-05-27 00:00:00-04:00,85.43000030517578,87.08999633789062,85.22000122070312,87.01000213623047,84.28870391845703,10922300,0.0,0.0
2025-05-28 00:00:00-04:00,87.43000030517578,87.5999984741211,84.54000091552734,86.0,83.3102798461914,12328500,0.0,0.0
2025-05-29 00:00:00-04:00,84.9000015258789,85.69999694824219,83.69999694824219,84.05000305175781,81.42127227783203,10308700,0.0,0.0
2025-05-30 00:00:00-04:00,83.94000244140625,84.2699966430664,83.19000244140625,83.94999694824219,81.32440185546875,7394100,0.0,0.0
2025-06-02 00:00:00-04:00,83.27999877929688,85.30000305175781,83.19000244140625,85.19000244140625,82.52561950683594,8258900,0.0,0.0
2025-06-03 00:00:00-04:00,85.06999969482422,87.48999786376953,84.4000015258789,86.5999984741211,83.89151763916016,8287700,0.0,0.0
2025-06-04 00:00:00-04:00,86.62999725341797,88.54000091552734,86.0199966430664,88.11000061035156,85.35429382324219,8740900,0.0,0.0
2025-06-05 00:00:00-04:00,88.18000030517578,88.41000366210938,86.86000061035156,86.98999786376953,84.2693099975586,8476100,0.0,0.0
2025-06-06 00:00:00-04:00,88.4000015258789,89.88999938964844,88.23999786376953,89.63999938964844,86.83644104003906,8772900,0.0,0.0
2025-06-09 00:00:00-04:00,89.08000183105469,91.13999938964844,89.08000183105469,90.66999816894531,87.834228515625,8097300,0.0,0.0
2025-06-10 00:00:00-04:00,89.9000015258789,91.88999938964844,89.52999877929688,91.43000030517578,88.5704574584961,6911100,0.0,0.0
2025-06-11 00:00:00-04:00,92.11000061035156,95.91000366210938,92.0,95.38999938964844,92.40660095214844,14835500,0.0,0.0
2025-06-12 00:00:00-04:00,94.68000030517578,95.06999969482422,93.97000122070312,94.31999969482422,91.37007141113281,7183300,0.0,0.0
2025-06-13 00:00:00-04:00,93.5,94.61000061035156,93.16000366210938,93.26000213623047,90.34321594238281,7119900,0.0,0.0
2025-06-16 00:00:00-04:00,93.9800033569336,94.43000030517578,92.94000244140625,93.4800033569336,90.55633544921875,5871000,0.0,0.0
2025-06-17 00:00:00-04:00,93.16000366210938,93.20999908447266,90.79000091552734,91.58999633789062,88.72545623779297,6183000,0.0,0.0
2025-06-18 00:00:00-04:00,91.87999725341797,92.58000183105469,91.2300033569336,92.27999877929688,89.39386749267578,7319300,0.0,0.0
2025-06-20 00:00:00-04:00,93.08000183105469,93.80000305175781,92.4000015258789,93.12000274658203,90.20759582519531,9197000,0.0,0.0
2025-06-23 00:00:00-04:00,93.19999694824219,93.20999908447266,90.73999786376953,92.33999633789062,89.45199584960938,7533000,0.0,0.0
2025-06-24 00:00:00-04:00,92.91000366210938,93.83999633789062,90.30999755859375,91.5,88.63826751708984,11373900,0.0,0.0
2025-06-25 00:00:00-04:00,91.76000213623047,92.0,90.62000274658203,91.0999984741211,88.25077056884766,6929600,0.0,0.0
2025-06-26 00:00:00-04:00,92.0999984741211,92.19999694824219,90.41999816894531,91.83999633789062,88.96763610839844,6571600,0.0,0.0
2025-06-27 00:00:00-04:00,91.7699966430664,92.72000122070312,90.33000183105469,92.11000061035156,89.22918701171875,21491600,0.0,0.0
2025-06-30 00:00:00-04:00,92.41999816894531,94.16000366210938,91.08000183105469,91.62999725341797,88.76419830322266,10083300,0.0,0.0
2025-07-01 00:00:00-04:00,91.54000091552734,95.86000061035156,91.54000091552734,94.91999816894531,91.95130157470703,9828400,0.0,0.0
2025-07-02 00:00:00-04:00,95.27999877929688,95.30000305175781,93.3499984741211,94.18000030517578,91.23445129394531,7942300,0.0,0.0
2025-07-03 00:00:00-04:00,94.19999694824219,94.6500015258789,93.76000213623047,94.44000244140625,91.48632049560547,3557300,0.0,0.0
2025-07-07 00:00:00-04:00,94.16000366210938,94.94999694824219,92.97000122070312,93.63999938964844,90.71133422851562,5311200,0.0,0.0
2025-07-08 00:00:00-04:00,94.05999755859375,95.75,93.77999877929688,94.94000244140625,91.97067260742188,6985700,0.0,0.0
2025-07-09 00:00:00-04:00,97.55000305175781,97.88999938964844,94.66000366210938,95.25,92.27098083496094,8322400,0.0,0.0
2025-07-10 00:00:00-04:00,94.87999725341797,95.73999786376953,93.55000305175781,95.1500015258789,92.17411041259766,6913600,0.0,0.0
2025-07-11 00:00:00-04:00,94.37000274658203,95.31999969482422,94.13999938964844,94.94000244140625,91.97067260742188,6339800,0.0,0.0
2025-07-14 00:00:00-04:00,93.68000030517578,93.95999908447266,92.2699966430664,93.41999816894531,90.49822235107422,6048300,0.0,0.0
2025-07-15 00:00:00-04:00,93.62000274658203,94.30000305175781,92.1500015258789,92.4800033569336,89.5876235961914,8567900,0.0,0.0
2025-07-16 00:00:00-04:00,92.66000366210938,93.27999877929688,91.55999755859375,92.51000213623047,89.6166763305664,7136900,0.0,0.0
2025-07-17 00:00:00-04:00,90.7300033569336,93.29000091552734,90.56999969482422,93.19000244140625,90.2754135131836,8589000,0.0,0.0
2025-07-18 00:00:00-04:00,94.04000091552734,94.45999908447266,93.25,93.80000305175781,90.8663330078125,5172800,0.0,0.0
2025-07-21 00:00:00-04:00,94.30000305175781,95.29000091552734,92.61000061035156,92.66000366210938,89.76199340820312,7217300,0.0,0.0
2025-07-22 00:00:00-04:00,92.94999694824219,97.16000366210938,92.8499984741211,96.94000244140625,93.90813446044922,9992400,0.0,0.0
2025-07-23 00:00:00-04:00,97.3499984741211,98.18000030517578,95.54000091552734,95.91999816894531,92.92002868652344,11275300,0.0,0.0
2025-07-24 00:00:00-04:00,95.5,95.58000183105469,93.41999816894531,93.69999694824219,90.76946258544922,7897600,0.0,0.0
2025-07-25 00:00:00-04:00,93.4000015258789,94.4800033569336,92.30999755859375,94.41999816894531,91.4669418334961,7224100,0.0,0.0
2025-07-28 00:00:00-04:00,94.93000030517578,95.73999786376953,93.45999908447266,93.66999816894531,90.74040222167969,10333600,0.0,0.0
2025-07-29 00:00:00-04:00,93.25,94.38999938964844,91.77999877929688,92.95999908447266,90.05260467529297,20923600,0.0,0.0
2025-07-30 00:00:00-04:00,97.83000183105469,98.88999938964844,90.06999969482422,92.76000213623047,89.85887145996094,44794700,0.0,0.0
2025-07-31 00:00:00-04:00,91.5999984741211,93.06999969482422,88.43000030517578,89.16000366210938,86.37145233154297,16565400,0.0,0.0
2025-08-01 00:00:00-04:00,88.38999938964844,88.5,85.48999786376953,86.86000061035156,84.14338684082031,16221300,0.0,0.0
2025-08-04 00:00:00-04:00,87.08000183105469,90.11000061035156,86.94000244140625,89.77999877929688,86.97206115722656,12500400,0.0,0.0
2025-08-05 00:00:00-04:00,89.6500015258789,90.55999755859375,89.30999755859375,90.19999694824219,87.37892150878906,6994400,0.0,0.0
2025-08-06 00:00:00-04:00,90.20999908447266,90.36000061035156,88.81999969482422,88.98999786376953,86.20675659179688,7869100,0.0,0.0
2025-08-07 00:00:00-04:00,89.7300033569336,91.36000061035156,89.48999786376953,91.0199966430664,88.17327880859375,9891800,0.0,0.0
2025-08-08 00:00:00-04:00,90.7699966430664,92.20999908447266,90.75,92.12000274658203,89.23887634277344,8035300,0.0,0.0
2025-08-11 00:00:00-04:00,92.04000091552734,92.44000244140625,90.48999786376953,91.73999786376953,88.87075805664062,9504400,0.0,0.0
2025-08-12 00:00:00-04:00,93.44000244140625,94.8499984741211,93.08000183105469,93.37000274658203,90.44978332519531,9669300,0.0,0.0
2025-08-13 00:00:00-04:00,93.18000030517578,94.69000244140625,92.73999786376953,94.18000030517578,91.23445129394531,6493400,0.0,0.0
2025-08-14 00:00:00-04:00,93.61000061035156,93.61000061035156,92.08000183105469,93.05999755859375,90.14947509765625,9803500,0.0,0.0
2025-08-15 00:00:00-04:00,92.55000305175781,92.7300033569336,90.37000274658203,90.5999984741211,88.34551239013672,8059700,0.61,0.0
2025-08-18 00:00:00-04:00,90.30999755859375,93.58000183105469,89.9000015258789,92.54000091552734,90.23723602294922,7376200,0.0,0.0
2025-08-19 00:00:00-04:00,92.54000091552734,92.97000122070312,90.7300033569336,90.93000030517578,88.66730499267578,6815800,0.0,0.0
2025-08-20 00:00:00-04:00,90.95999908447266,91.31999969482422,89.44999694824219,89.51000213623047,87.28263092041016,5814000,0.0,0.0
2025-08-21 00:00:00-04:00,89.02999877929688,89.19000244140625,88.11000061035156,88.55999755859375,86.35626983642578,5669200,0.0,0.0
2025-08-22 00:00:00-04:00,89.12999725341797,89.8499984741211,88.30999755859375,88.37999725341797,86.18074798583984,7625500,0.0,0.0
2025-08-25 00:00:00-04:00,88.22000122070312,88.31999969482422,85.70999908447266,85.80999755859375,83.6747055053711,11013500,0.0,0.0
2025-08-26 00:00:00-04:00,85.88999938964844,87.19999694824219,85.56999969482422,86.62999725341797,84.47429656982422,9315200,0.0,0.0
2025-08-27 00:00:00-04:00,86.62999725341797,88.30999755859375,86.5,87.66000366210938,85.47867584228516,7677900,0.0,0.0
2025-08-28 00:00:00-04:00,88.22000122070312,88.45999908447266,87.5999984741211,88.0199966430664,85.82970428466797,7905600,0.0,0.0
2025-08-29 00:00:00-04:00,88.0,88.56999969482422,87.4000015258789,88.19000244140625,85.9954833984375,6315200,0.0,0.0
2025-09-02 00:00:00-04:00,87.83999633789062,89.98999786376953,87.18000030517578,89.77999877929688,87.54591369628906,10466200,0.0,0.0
2025-09-03 00:00:00-04:00,89.4000015258789,89.4800033569336,86.29000091552734,87.25,85.07887268066406,10201000,0.0,0.0
2025-09-04 00:00:00-04:00,87.16999816894531,87.7699966430664,86.38999938964844,87.01000213623047,84.8448486328125,6799200,0.0,0.0
2025-09-05 00:00:00-04:00,86.86000061035156,87.3499984741211,85.05999755859375,85.43000030517578,83.30416870117188,9047200,0.0,0.0
2025-09-08 00:00:00-04:00,85.5,85.5,83.68000030517578,84.16999816894531,82.07551574707031,9213700,0.0,0.0
2025-09-09 00:00:00-04:00,84.19999694824219,84.68000030517578,83.2699966430664,83.80999755859375,81.72447204589844,8635800,0.0,0.0
2025-09-10 00:00:00-04:00,83.87000274658203,84.0,82.7699966430664,82.87999725341797,80.81761169433594,8108000,0.0,0.0
2025-09-11 00:00:00-04:00,83.29000091552734,83.93000030517578,82.12999725341797,82.36000061035156,80.31055450439453,12046600,0.0,0.0
2025-09-12 00:00:00-04:00,82.37000274658203,82.54000091552734,81.19999694824219,81.9000015258789,79.86200714111328,9996200,0.0,0.0
2025-09-15 00:00:00-04:00,82.08000183105469,83.87000274658203,81.9800033569336,82.68000030517578,80.62259674072266,9685900,0.0,0.0
2025-09-16 00:00:00-04:00,83.02999877929688,84.7300033569336,83.0,84.37000274658203,82.27053833007812,10244300,0.0,0.0
2025-09-17 00:00:00-04:00,84.4800033569336,84.86000061035156,82.95999908447266,83.22000122070312,81.1491470336914,6632200,0.0,0.0
2025-09-18 00:00:00-04:00,83.13999938964844,83.5999984741211,82.62999725341797,83.41999816894531,81.34417724609375,7163700,0.0,0.0
2025-09-19 00:00:00-04:00,84.12999725341797,85.22000122070312,83.37999725341797,84.55999755859375,82.455810546875,15315900,0.0,0.0
2025-09-22 00:00:00-04:00,84.2300033569336,85.4000015258789,83.69000244140625,85.29000091552734,83.16764831542969,7881700,0.0,0.0
2025-09-23 00:00:00-04:00,85.1500015258789,86.18000030517578,84.8499984741211,85.69000244140625,83.55769348144531,8765500,0.0,0.0
2025-09-24 00:00:00-04:00,85.58000183105469,85.6500015258789,84.12999725341797,84.2699966430664,82.17301940917969,9664000,0.0,0.0
2025-09-25 00:00:00-04:00,84.54000091552734,84.66999816894531,82.88999938964844,83.83000183105469,81.74398803710938,8670500,0.0,0.0
2025-09-26 00:00:00-04:00,83.8499984741211,84.62000274658203,82.9000015258789,83.38999938964844,81.31492614746094,6955500,0.0,0.0
2025-09-29 00:00:00-04:00,83.6500015258789,85.83999633789062,83.55000305175781,85.63999938964844,83.50894165039062,11222800,0.0,0.0
2025-09-30 00:00:00-04:00,85.2300033569336,85.25,84.18000030517578,84.5999984741211,82.49481201171875,7574200,0.0,0.0
2025-10-01 00:00:00-04:00,84.45999908447266,85.13999938964844,83.95999908447266,84.4000015258789,82.29978942871094,8155200,0.0,0.0
2025-10-02 00:00:00-04:00,84.25,87.26000213623047,84.02999877929688,86.72000122070312,84.56206512451172,9461500,0.0,0.0
2025-10-03 00:00:00-04:00,86.5,86.9000015258789,85.95999908447266,86.41999816894531,84.26951599121094,7634500,0.0,0.0
2025-10-06 00:00:00-04:00,86.29000091552734,86.29000091552734,82.05999755859375,82.11000061035156,80.0667724609375,14996700,0.0,0.0
2025-10-07 00:00:00-04:00,82.16000366210938,82.45999908447266,80.79000091552734,81.29000091552734,79.26717376708984,10070100,0.0,0.0
2025-10-08 00:00:00-04:00,81.12999725341797,81.12999725341797,79.93000030517578,80.04000091552734,78.04827880859375,12397700,0.0,0.0
2025-10-09 00:00:00-04:00,80.12000274658203,80.45999908447266,79.43000030517578,79.77999877929688,77.79475402832031,9075700,0.0,0.0
2025-10-10 00:00:00-04:00,79.66000366210938,81.20999908447266,78.41000366210938,78.45999908447266,76.50759887695312,11129800,0.0,0.0
2025-10-13 00:00:00-04:00,78.8499984741211,80.44000244140625,78.51000213623047,80.02999877929688,78.03854370117188,8052000,0.0,0.0
2025-10-14 00:00:00-04:00,79.25,81.4800033569336,79.02999877929688,81.1500015258789,79.13066101074219,7510300,0.0,0.0
2025-10-15 00:00:00-04:00,81.69999694824219,83.31999969482422,81.56999969482422,82.86000061035156,80.79811096191406,11094300,0.0,0.0
2025-10-16 00:00:00-04:00,83.19999694824219,84.88999938964844,83.04000091552734,84.33999633789062,82.24127960205078,11552100,0.0,0.0
2025-10-17 00:00:00-04:00,84.25,85.94000244140625,84.0199966430664,85.36000061035156,83.23590087890625,8527600,0.0,0.0
2025-10-20 00:00:00-04:00,85.69000244140625,86.33999633789062,84.43000030517578,84.52999877929688,82.42655944824219,7679700,0.0,0.0
2025-10-21 00:00:00-04:00,84.13999938964844,86.51000213623047,83.6500015258789,85.9000015258789,83.76246643066406,8262500,0.0,0.0
2025-10-22 00:00:00-04:00,85.76000213623047,86.0,84.9000015258789,85.5,83.3724136352539,5286300,0.0,0.0
2025-10-23 00:00:00-04:00,85.4800033569336,85.9000015258789,84.9800033569336,85.44000244140625,83.31391906738281,4565500,0.0,0.0
2025-10-24 00:00:00-04:00,86.0999984741211,86.83999633789062,85.86000061035156,86.08999633789062,83.9477310180664,5844600,0.0,0.0
2025-10-27 00:00:00-04:00,86.27999877929688,87.44000244140625,86.11000061035156,87.22000122070312,85.04961395263672,7164600,0.0,0.0
2025-10-28 00:00:00-04:00,86.9000015258789,87.54000091552734,85.30999755859375,85.43000030517578,83.30416870117188,11545600,0.0,0.0
2025-10-29 00:00:00-04:00,84.13999938964844,84.88999938964844,83.27999877929688,84.16999816894531,82.07551574707031,13881700,0.0,0.0
2025-10-30 00:00:00-04:00,82.2300033569336,86.05000305175781,81.25,83.1500015258789,81.08090209960938,18337500,0.0,0.0
2025-10-31 00:00:00-04:00,82.7699966430664,82.77999877929688,80.22000122070312,80.87000274658203,78.85762786865234,13598000,0.0,0.0
2025-11-03 00:00:00-05:00,80.93000030517578,81.91999816894531,80.5999984741211,80.95999908447266,78.94539642333984,9525100,0.0,0.0
2025-11-04 00:00:00-05:00,81.18000030517578,81.19999694824219,77.98999786376953,79.5999984741211,77.61923217773438,17774600,0.0,0.0
2025-11-05 00:00:00-05:00,79.5999984741211,83.11000061035156,79.04000091552734,82.87999725341797,80.81761169433594,17996200,0.0,0.0
2025-11-06 00:00:00-05:00,82.56999969482422,83.8499984741211,81.86000061035156,82.22000122070312,80.17404174804688,10382800,0.0,0.0
2025-11-07 00:00:00-05:00,82.33999633789062,85.94999694824219,81.76000213623047,85.56999969482422,83.44068145751953,15009900,0.0,0.0
2025-11-10 00:00:00-05:00,86.05999755859375,86.1500015258789,84.02999877929688,84.5999984741211,82.49481201171875,10507600,0.0,0.0
2025-11-11 00:00:00-05:00,84.9800033569336,87.04000091552734,84.9000015258789,86.41999816894531,84.26951599121094,9575800,0.0,0.0
2025-11-12 00:00:00-05:00,87.62999725341797,89.05999755859375,87.12999725341797,87.26000213623047,85.088623046875,11975800,0.0,0.0
2025-11-13 00:00:00-05:00,86.76000213623047,87.29000091552734,86.19000244140625,86.44000244140625,84.28903198242188,10507700,0.0,0.0
2025-11-14 00:00:00-05:00,85.61000061035156,86.5,84.0,84.77999877929688,83.267578125,13434600,0.62,0.0
2025-11-17 00:00:00-05:00,85.19000244140625,86.8499984741211,83.44999694824219,83.69000244140625,82.197021484375,8547200,0.0,0.0
2025-11-18 00:00:00-05:00,83.61000061035156,83.83999633789062,82.33999633789062,83.33000183105469,81.84344482421875,7189400,0.0,0.0
2025-11-19 00:00:00-05:00,83.26000213623047,84.38999938964844,83.02999877929688,83.68000030517578,82.18720245361328,6195100,0.0,0.0
2025-11-20 00:00:00-05:00,84.02999877929688,85.2300033569336,82.54000091552734,82.62000274658203,81.1461181640625,8966300,0.0,0.0
2025-11-21 00:00:00-05:00,82.5199966430664,86.58000183105469,82.5199966430664,85.3499984741211,83.8274154663086,10227700,0.0,0.0
2025-11-24 00:00:00-05:00,85.26000213623047,85.58999633789062,82.83000183105469,83.33999633789062,81.85326385498047,10805800,0.0,0.0
2025-11-25 00:00:00-05:00,82.83000183105469,86.0199966430664,82.81999969482422,85.91000366210938,84.37742614746094,9265300,0.0,0.0
2025-11-26 00:00:00-05:00,85.5,87.29000091552734,85.5,86.69999694824219,85.15332794189453,7602600,0.0,0.0
2025-11-28 00:00:00-05:00,87.02999877929688,87.27999877929688,86.4000015258789,87.11000061035156,85.5560073852539,3677600,0.0,0.0
2025-12-01 00:00:00-05:00,86.20999908447266,86.5,84.7699966430664,84.91000366210938,83.395263671875,8752100,0.0,0.0
2025-12-02 00:00:00-05:00,85.02999877929688,86.0,84.22000122070312,85.19999694824219,83.68008422851562,9001900,0.0,0.0
2025-12-03 00:00:00-05:00,85.02999877929688,87.5,84.97000122070312,87.11000061035156,85.5560073852539,9303900,0.0,0.0
2025-12-04 00:00:00-05:00,87.30000305175781,87.87000274658203,84.75,85.0,83.48365783691406,10555100,0.0,0.0
2025-12-05 00:00:00-05:00,84.91000366210938,86.51000213623047,84.80000305175781,85.12000274658203,83.60151672363281,9402900,0.0,0.0
2025-12-08 00:00:00-05:00,85.12999725341797,85.5,83.13999938964844,83.41000366210938,81.92202758789062,10277600,0.0,0.0
2025-12-09 00:00:00-05:00,83.31999969482422,83.33000183105469,82.0199966430664,82.27999877929688,80.81217193603516,10322900,0.0,0.0
2025-12-10 00:00:00-05:00,82.20999908447266,84.0,81.97000122070312,83.8499984741211,82.35416412353516,10539600,0.0,0.0
2025-12-11 00:00:00-05:00,84.22000122070312,85.0,83.73999786376953,84.73999786376953,83.2282943725586,6894000,0.0,0.0
2025-12-12 00:00:00-05:00,85.11000061035156,85.93000030517578,84.86000061035156,85.3499984741211,83.8274154663086,9071500,0.0,0.0
2025-12-15 00:00:00-05:00,86.0,87.55999755859375,84.66000366210938,85.4000015258789,83.87651824951172,11718600,0.0,0.0
2025-12-16 00:00:00-05:00,85.63999938964844,86.54000091552734,84.72000122070312,85.08000183105469,83.5622329711914,7481400,0.0,0.0
2025-12-17 00:00:00-05:00,84.56999969482422,85.83000183105469,84.5,85.20999908447266,83.68991088867188,7947000,0.0,0.0
2025-12-18 00:00:00-05:00,87.69000244140625,90.58000183105469,87.30000305175781,89.41999816894531,87.82479858398438,16466100,0.0,0.0
2025-12-19 00:00:00-05:00,89.22000122070312,89.26000213623047,88.25,88.33000183105469,86.7542495727539,16986700,0.0,0.0
2025-12-22 00:00:00-05:00,88.16000366210938,88.62000274658203,86.04000091552734,86.16999816894531,84.63277435302734,7161600,0.0,0.0
2025-12-23 00:00:00-05:00,86.0199966430664,86.13999938964844,83.37999725341797,83.86000061035156,82.36399841308594,9511300,0.0,0.0
2025-12-24 00:00:00-05:00,83.83999633789062,84.62000274658203,83.47000122070312,84.56999969482422,83.06132507324219,3462700,0.0,0.0
2025-12-26 00:00:00-05:00,84.58000183105469,85.16000366210938,84.41999816894531,85.08000183105469,83.5622329711914,5046200,0.0,0.0
2025-12-29 00:00:00-05:00,85.12000274658203,86.79000091552734,84.9800033569336,85.56999969482422,84.04348754882812,5352400,0.0,0.0
2025-12-30 00:00:00-05:00,85.23999786376953,85.75,85.05000305175781,85.25,83.72919464111328,4540500,0.0,0.0
2025-12-31 00:00:00-05:00,85.11000061035156,85.18000030517578,84.12000274658203,84.20999908447266,82.70774841308594,5293400,0.0,0.0
2026-01-02 00:00:00-05:00,84.22000122070312,84.95999908447266,83.0199966430664,83.97000122070312,82.47203063964844,11334900,0.0,0.0
2026-01-05 00:00:00-05:00,83.5,87.25,83.4000015258789,86.55999755859375,85.01581573486328,9894300,0.0,0.0
2026-01-06 00:00:00-05:00,86.55999755859375,90.63999938964844,86.36000061035156,89.45999908447266,87.86409759521484,11351100,0.0,0.0
2026-01-07 00:00:00-05:00,89.0199966430664,89.37999725341797,86.47000122070312,86.69000244140625,85.14350891113281,9547000,0.0,0.0
2026-01-08 00:00:00-05:00,85.86000061035156,89.29000091552734,85.61000061035156,88.18000030517578,86.60692596435547,8140100,0.0,0.0
2026-01-09 00:00:00-05:00,88.3499984741211,89.0999984741211,86.79000091552734,88.87999725341797,87.29443359375,7593200,0.0,0.0
2026-01-12 00:00:00-05:00,88.4000015258789,90.2300033569336,87.5999984741211,89.95999908447266,88.35517883300781,7289500,0.0,0.0
2026-01-13 00:00:00-05:00,89.69000244140625,90.5999984741211,89.47000122070312,90.55999755859375,88.94446563720703,5561900,0.0,0.0
2026-01-14 00:00:00-05:00,90.26000213623047,91.5199966430664,90.1500015258789,91.1500015258789,89.5239486694336,8373200,0.0,0.0
2026-01-15 00:00:00-05:00,92.06999969482422,94.16999816894531,91.63999938964844,93.27999877929688,91.6159439086914,10001700,0.0,0.0
2026-01-16 00:00:00-05:00,93.36000061035156,93.66999816894531,92.22000122070312,92.98999786376953,91.33111572265625,8958200,0.0,0.0
2026-01-20 00:00:00-05:00,91.76000213623047,93.80999755859375,90.77999877929688,93.66000366210938,91.98917388916016,13555200,0.0,0.0
2026-01-21 00:00:00-05:00,93.81999969482422,96.5199966430664,93.7300033569336,96.43000030517578,94.70974731445312,17118100,0.0,0.0
2026-01-22 00:00:00-05:00,96.47000122070312,97.80000305175781,94.86000061035156,95.83000183105469,94.12045288085938,14150800,0.0,0.0
2026-01-23 00:00:00-05:00,97.0999984741211,97.88999938964844,95.76000213623047,97.62000274658203,95.87852478027344,11759800,0.0,0.0
2026-01-26 00:00:00-05:00,97.20999908447266,97.97000122070312,95.79000091552734,96.33000183105469,94.61153411865234,14106700,0.0,0.0
2026-01-27 00:00:00-05:00,95.7699966430664,96.6500015258789,95.23999786376953,95.72000122070312,94.01241302490234,16403600,0.0,0.0
2026-01-28 00:00:00-05:00,102.30000305175781,104.81999969482422,95.0999984741211,95.16000366210938,93.46240997314453,25961600,0.0,0.0
2026-01-29 00:00:00-05:00,96.76000213623047,96.9000015258789,92.61000061035156,93.87999725341797,92.20523834228516,16602900,0.0,0.0
2026-01-30 00:00:00-05:00,92.72000122070312,93.20999908447266,91.0,91.94999694824219,90.3096694946289,10748000,0.0,0.0
2026-02-02 00:00:00-05:00,91.8499984741211,92.61000061035156,90.62000274658203,91.69000244140625,90.05430603027344,8675100,0.0,0.0
2026-02-03 00:00:00-05:00,91.62000274658203,94.4000015258789,91.29000091552734,93.04000091552734,91.3802261352539,8361300,0.0,0.0
2026-02-04 00:00:00-05:00,93.72000122070312,97.11000061035156,93.5199966430664,96.97000122070312,95.24011993408203,9077100,0.0,0.0
2026-02-05 00:00:00-05:00,96.86000061035156,97.44999694824219,95.36000061035156,96.06999969482422,94.35617065429688,6776700,0.0,0.0
2026-02-06 00:00:00-05:00,96.30000305175781,99.58000183105469,96.0,99.44999694824219,97.6758804321289,8067100,0.0,0.0
2026-02-09 00:00:00-05:00,99.02999877929688,99.9800033569336,98.26000213623047,98.9800033569336,97.2142562866211,7150600,0.0,0.0
2026-02-10 00:00:00-05:00,98.9800033569336,99.66999816894531,97.44999694824219,97.52999877929688,95.79013061523438,8543500,0.0,0.0
2026-02-11 00:00:00-05:00,97.73999786376953,99.31999969482422,97.33000183105469,99.12000274658203,97.35176849365234,6949100,0.0,0.0
2026-02-12 00:00:00-05:00,100.0,101.19999694824219,96.44000244140625,96.76000213623047,95.03386688232422,9537300,0.0,0.0
2026-02-13 00:00:00-05:00,95.86000061035156,96.91999816894531,93.5999984741211,93.79000091552734,92.71089935302734,8949000,0.62,0.0
2026-02-17 00:00:00-05:00,94.9000015258789,95.51000213623047,93.62000274658203,95.38999938964844,94.29248809814453,8660000,0.0,0.0
2026-02-18 00:00:00-05:00,95.04000091552734,96.66000366210938,94.26000213623047,95.76000213623047,94.65824127197266,6068100,0.0,0.0
2026-02-19 00:00:00-05:00,95.37999725341797,95.94000244140625,94.76000213623047,95.80000305175781,94.6977767944336,5676700,0.0,0.0
2026-02-20 00:00:00-05:00,95.20999908447266,97.77999877929688,94.9000015258789,97.48999786376953,96.36832427978516,8788300,0.0,0.0
2026-02-23 00:00:00-05:00,96.13999938964844,97.18000030517578,93.55000305175781,94.77999877929688,93.68950653076172,7696700,0.0,0.0
2026-02-24 00:00:00-05:00,94.81999969482422,96.73999786376953,94.01000213623047,96.51000213623047,95.39961242675781,6537300,0.0,0.0
2026-02-25 00:00:00-05:00,97.2699966430664,98.19999694824219,95.9000015258789,97.93000030517578,96.80326843261719,6294100,0.0,0.0
2026-02-26 00:00:00-05:00,98.37000274658203,99.80000305175781,97.83999633789062,98.08000183105469,96.95154571533203,6246100,0.0,0.0
2026-02-27 00:00:00-05:00,96.4000015258789,98.43000030517578,96.11000061035156,98.0199966430664,96.8922348022461,7286900,0.0,0.0
2026-03-02 00:00:00-05:00,95.70999908447266,97.11000061035156,95.5,96.76000213623047,95.64673614501953,7250600,0.0,0.0
2026-03-03 00:00:00-05:00,94.91999816894531,97.08999633789062,94.4000015258789,96.68000030517578,95.5676498413086,7197200,0.0,0.0
2026-03-04 00:00:00-05:00,97.3499984741211,98.18000030517578,95.8499984741211,97.1500015258789,96.03224182128906,6233400,0.0,0.0
2026-03-05 00:00:00-05:00,97.12000274658203,98.93000030517578,96.94000244140625,98.69000244140625,97.55452728271484,9608100,0.0,0.0
2026-03-06 00:00:00-05:00,97.06999969482422,99.22000122070312,95.55999755859375,98.98999786376953,97.85107421875,10826700,0.0,0.0
2026-03-09 00:00:00-04:00,98.25,100.37999725341797,96.81999969482422,99.7699966430664,98.6220932006836,9376800,0.0,0.0
2026-03-10 00:00:00-04:00,99.37000274658203,101.13999938964844,98.26000213623047,100.7699966430664,99.61058807373047,8005800,0.0,0.0
2026-03-11 00:00:00-04:00,101.0,101.69000244140625,99.66000366210938,101.44000244140625,100.27288818359375,8815800,0.0,0.0
2026-03-12 00:00:00-04:00,101.0199966430664,102.44000244140625,99.88999938964844,100.18000030517578,99.02738189697266,12248300,0.0,0.0
2026-03-13 00:00:00-04:00,100.63999938964844,101.22000122070312,98.86000061035156,99.1500015258789,98.00923919677734,9400400,0.0,0.0
2026-03-16 00:00:00-04:00,99.2300033569336,99.9000015258789,97.37999725341797,97.81999969482422,96.69453430175781,6871000,0.0,0.0
2026-03-17 00:00:00-04:00,98.44999694824219,98.77999877929688,97.43000030517578,97.56999969482422,96.4474105834961,5382700,0.0,0.0
2026-03-18 00:00:00-04:00,96.19000244140625,96.93000030517578,92.55999755859375,92.66000366210938,91.59390258789062,7598400,0.0,0.0
2026-03-19 00:00:00-04:00,92.1500015258789,96.26000213623047,91.58999633789062,95.83000183105469,94.72743225097656,10524500,0.0,0.0
2026-03-20 00:00:00-04:00,94.97000122070312,96.3499984741211,92.22000122070312,92.55000305175781,91.48516845703125,13961900,0.0,0.0
2026-03-23 00:00:00-04:00,93.80999755859375,95.0199966430664,93.58999633789062,93.83000183105469,92.75044250488281,7438300,0.0,0.0
2026-03-24 00:00:00-04:00,93.30999755859375,93.58999633789062,91.79000091552734,91.9800033569336,90.9217300415039,6262800,0.0,0.0
2026-03-25 00:00:00-04:00,92.33000183105469,93.52999877929688,91.87000274658203,92.69999694824219,91.63343811035156,7007500,0.0,0.0
2026-03-26 00:00:00-04:00,92.30999755859375,92.76000213623047,90.7300033569336,91.22000122070312,90.17047119140625,6134000,0.0,0.0
2026-03-27 00:00:00-04:00,90.75,90.94999694824219,85.5999984741211,86.80999755859375,85.81121063232422,12433600,0.0,0.0
2026-03-30 00:00:00-04:00,86.4000015258789,87.86000061035156,86.22000122070312,86.72000122070312,85.72224426269531,7422100,0.0,0.0
2026-03-31 00:00:00-04:00,88.0,90.0999984741211,87.45999908447266,89.58999633789062,88.55921936035156,9564200,0.0,0.0
2026-04-01 00:00:00-04:00,90.25,91.02999877929688,89.4800033569336,90.43000030517578,89.38956451416016,8044500,0.0,0.0
2026-04-02 00:00:00-04:00,89.80000305175781,91.22000122070312,88.16000366210938,90.37000274658203,89.33025360107422,7340000,0.0,0.0
2026-04-06 00:00:00-04:00,90.0,94.81999969482422,89.81999969482422,94.77999877929688,93.68950653076172,7236700,0.0,0.0
2026-04-07 00:00:00-04:00,94.54000091552734,95.3499984741211,93.83999633789062,95.20999908447266,94.11456298828125,6205600,0.0,0.0
2026-04-08 00:00:00-04:00,97.5,98.12999725341797,96.0,97.20999908447266,96.091552734375,8232300,0.0,0.0
2026-04-09 00:00:00-04:00,97.0,97.91000366210938,96.18000030517578,96.91999816894531,95.80489349365234,5320500,0.0,0.0
2026-04-10 00:00:00-04:00,97.0,97.27999877929688,96.05999755859375,96.5999984741211,95.48857116699219,5356400,0.0,0.0
2026-04-13 00:00:00-04:00,96.5999984741211,97.66999816894531,95.44999694824219,97.4800033569336,96.35845184326172,5249200,0.0,0.0
2026-04-14 00:00:00-04:00,97.87999725341797,99.0,97.55999755859375,98.47000122070312,97.3370590209961,4995500,0.0,0.0
2026-04-15 00:00:00-04:00,98.48999786376953,99.18000030517578,97.80000305175781,98.33999633789062,97.20854949951172,5211600,0.0,0.0
2026-04-16 00:00:00-04:00,98.3499984741211,99.1500015258789,97.7699966430664,98.36000061035156,97.22832489013672,5645500,0.0,0.0
2026-04-17 00:00:00-04:00,99.06999969482422,101.43000030517578,98.91000366210938,100.0,98.84944915771484,8133400,0.0,0.0
2026-04-20 00:00:00-04:00,99.0,99.7300033569336,98.30000305175781,98.94999694824219,97.81153106689453,6581800,0.0,0.0
2026-04-21 00:00:00-04:00,99.0,99.16000366210938,96.8499984741211,97.80000305175781,96.67477416992188,4564200,0.0,0.0
2026-04-22 00:00:00-04:00,98.08000183105469,99.66000366210938,97.56999969482422,99.5199966430664,98.37496948242188,5730100,0.0,0.0
2026-04-23 00:00:00-04:00,99.97000122070312,100.80999755859375,99.19999694824219,99.54000091552734,98.3947525024414,4515300,0.0,0.0
2026-04-24 00:00:00-04:00,99.38999938964844,99.51000213623047,98.0,98.66999816894531,97.53475189208984,6092500,0.0,0.0
2026-04-27 00:00:00-04:00,98.73999786376953,99.5,97.83999633789062,97.88999938964844,96.76373291015625,5311600,0.0,0.0
2026-04-28 00:00:00-04:00,98.4800033569336,98.68000030517578,96.44999694824219,97.27999877929688,96.16075134277344,10383500,0.0,0.0
2026-04-29 00:00:00-04:00,102.0,107.2699966430664,100.08000183105469,105.5,104.28617858886719,25449200,0.0,0.0
2026-04-30 00:00:00-04:00,105.55000305175781,105.94999694824219,103.83000183105469,105.33000183105469,104.11813354492188,9485900,0.0,0.0
2026-05-01 00:00:00-04:00,105.69999694824219,107.5199966430664,105.43000030517578,105.9000015258789,104.68157196044922,6362300,0.0,0.0
2026-05-04 00:00:00-04:00,105.80000305175781,106.68000030517578,104.69000244140625,104.97000122070312,103.76227569580078,5487700,0.0,0.0
2026-05-05 00:00:00-04:00,104.76000213623047,106.06999969482422,104.3499984741211,104.94000244140625,103.73261260986328,6458500,0.0,0.0
2026-05-06 00:00:00-04:00,104.75,107.55000305175781,104.4000015258789,106.44000244140625,105.21536254882812,8665700,0.0,0.0
2026-05-07 00:00:00-04:00,105.94999694824219,106.0999984741211,102.94000244140625,104.26000213623047,103.0604476928711,9179300,0.0,0.0
2026-05-08 00:00:00-04:00,104.41999816894531,105.43000030517578,104.25,104.93000030517578,103.72273254394531,4538300,0.0,0.0
2026-05-11 00:00:00-04:00,104.94999694824219,108.04000091552734,104.94999694824219,105.73999786376953,104.52340698242188,6499500,0.0,0.0
2026-05-12 00:00:00-04:00,105.56999969482422,107.16000366210938,104.33999633789062,106.58000183105469,105.35375213623047,6366000,0.0,0.0
2026-05-13 00:00:00-04:00,106.7699966430664,108.05000305175781,105.47000122070312,105.94999694824219,104.73099517822266,8638900,0.0,0.0
2026-05-14 00:00:00-04:00,108.12999725341797,108.87999725341797,106.3499984741211,106.4000015258789,105.17581939697266,9941400,0.0,0.0
2026-05-15 00:00:00-04:00,105.75,107.87999725341797,105.0,106.81999969482422,106.20987701416016,6463900,0.62,0.0
2026-05-18 00:00:00-04:00,106.79000091552734,108.11000061035156,105.83999633789062,106.5999984741211,105.99113464355469,6587800,0.0,0.0
2026-05-19 00:00:00-04:00,105.54000091552734,107.55999755859375,105.11000061035156,106.37999725341797,105.77239227294922,5265800,0.0,0.0
2026-05-20 00:00:00-04:00,106.37999725341797,107.45999908447266,105.41000366210938,106.5,105.89170837402344,6632500,0.0,0.0
2026-05-21 00:00:00-04:00,105.86000061035156,106.16000366210938,103.62000274658203,104.12999725341797,103.53524017333984,8342800,0.0,0.0
2026-05-22 00:00:00-04:00,104.04000091552734,104.30000305175781,102.38999938964844,103.11000061035156,102.52107238769531,9095700,0.0,0.0
2026-05-26 00:00:00-04:00,103.08000183105469,103.97000122070312,100.80000305175781,101.41999816894531,100.8407211303711,9099100,0.0,0.0
2026-05-27 00:00:00-04:00,101.77999877929688,102.7699966430664,100.12999725341797,102.0999984741211,101.51683807373047,8901400,0.0,0.0
2026-05-28 00:00:00-04:00,101.73999786376953,102.25,100.37000274658203,100.75,100.17454528808594,6261500,0.0,0.0
2026-05-29 00:00:00-04:00,100.5,100.91000366210938,98.58000183105469,99.16000366210938,98.59363555908203,8206600,0.0,0.0
2026-06-01 00:00:00-04:00,98.25,98.33999633789062,95.58999633789062,96.51000213623047,95.95877075195312,8191500,0.0,0.0
2026-06-02 00:00:00-04:00,95.80000305175781,97.9000015258789,95.4000015258789,95.51000213623047,94.9644775390625,9546600,0.0,0.0
2026-06-03 00:00:00-04:00,95.4800033569336,98.19999694824219,95.22000122070312,95.88999938964844,95.3423080444336,8541800,0.0,0.0
2026-06-04 00:00:00-04:00,97.79000091552734,98.23999786376953,93.80999755859375,94.13999938964844,93.60230255126953,7524400,0.0,0.0
2026-06-05 00:00:00-04:00,94.29000091552734,95.98999786376953,93.63999938964844,95.29000091552734,94.74573516845703,7623300,0.0,0.0
2026-06-08 00:00:00-04:00,94.83999633789062,95.7699966430664,94.47000122070312,94.81999969482422,94.2784194946289,7306400,0.0,0.0
2026-06-09 00:00:00-04:00,95.1500015258789,98.44000244140625,94.97000122070312,97.41000366210938,96.85363006591797,10619700,0.0,0.0
2026-06-10 00:00:00-04:00,97.58000183105469,99.55999755859375,96.9000015258789,98.76000213623047,98.19591522216797,8724700,0.0,0.0
2026-06-11 00:00:00-04:00,98.95999908447266,102.55999755859375,98.88999938964844,102.27999877929688,101.69580841064453,10434800,0.0,0.0
2026-06-12 00:00:00-04:00,102.77999877929688,103.69000244140625,101.80000305175781,103.04000091552734,102.45146942138672,5305500,0.0,0.0
2026-06-15 00:00:00-04:00,103.48999786376953,103.61000061035156,101.41000366210938,101.58999633789062,101.00975036621094,7054400,0.0,0.0
2026-06-16 00:00:00-04:00,101.76000213623047,102.55999755859375,100.45999908447266,101.68000030517578,101.09923553466797,6646100,0.0,0.0
2026-06-17 00:00:00-04:00,100.54000091552734,101.80999755859375,98.69000244140625,99.81999969482422,99.24986267089844,6932300,0.0,0.0
2026-06-18 00:00:00-04:00,100.55999755859375,101.5199966430664,99.52999877929688,100.6500015258789,100.07511901855469,10603900,0.0,0.0
2026-06-22 00:00:00-04:00,100.6500015258789,101.80000305175781,99.95999908447266,100.1500015258789,99.5779800415039,5731000,0.0,0.0
2026-06-23 00:00:00-04:00,100.45999908447266,101.33000183105469,99.25,101.05000305175781,100.47283935546875,6001600,0.0,0.0
2026-06-24 00:00:00-04:00,101.23999786376953,104.66000366210938,101.23999786376953,103.52999877929688,102.93866729736328,6989500,0.0,0.0
2026-06-25 00:00:00-04:00,103.0999984741211,104.29000091552734,102.73999786376953,103.16000366210938,102.57078552246094,6853500,0.0,0.0
2026-06-26 00:00:00-04:00,103.44000244140625,104.91999816894531,102.70999908447266,104.5999984741211,104.00255584716797,17150800,0.0,0.0
2026-06-29 00:00:00-04:00,104.80999755859375,104.95999908447266,103.20999908447266,104.05999755859375,103.46563720703125,6788800,0.0,0.0
2026-06-30 00:00:00-04:00,103.9800033569336,104.58000183105469,102.12999725341797,102.19000244140625,101.6063232421875,7140000,0.0,0.0
2026-07-01 00:00:00-04:00,102.44000244140625,103.76000213623047,101.4000015258789,103.38999938964844,102.79946899414062,7464100,0.0,0.0
2026-07-02 00:00:00-04:00,104.0,105.75,103.18000030517578,104.2699966430664,103.6744384765625,7950200,0.0,0.0
2026-07-06 00:00:00-04:00,103.86000061035156,104.44999694824219,100.08999633789062,102.11000061035156,101.52677917480469,7404200,0.0,0.0
2026-07-07 00:00:00-04:00,103.56999969482422,105.75,102.88999938964844,103.61000061035156,103.0182113647461,5556600,0.0,0.0
2026-07-08 00:00:00-04:00,104.29000091552734,104.30000305175781,101.8499984741211,103.87000274658203,103.2767333984375,7084100,0.0,0.0
2026-07-09 00:00:00-04:00,103.6500015258789,107.44999694824219,103.20999908447266,106.41000366210938,105.8022232055664,7012700,0.0,0.0
2026-07-10 00:00:00-04:00,106.30000305175781,107.55999755859375,105.55000305175781,106.01000213623047,105.40451049804688,4686900,0.0,0.0
2026-07-13 00:00:00-04:00,106.33999633789062,108.23999786376953,105.94999694824219,107.33999633789062,106.7269058227539,6278500,0.0,0.0
2026-07-14 00:00:00-04:00,107.61000061035156,108.4800033569336,106.1500015258789,106.16999816894531,105.56359100341797,5153200,0.0,0.0
2026-07-15 00:00:00-04:00,106.3499984741211,107.41000366210938,104.70999908447266,105.11000061035156,104.5096435546875,4786100,0.0,0.0
2026-07-16 00:00:00-04:00,106.0,108.70999908447266,105.54000091552734,108.37000274658203,107.75102996826172,6233800,0.0,0.0
2026-07-17 00:00:00-04:00,108.94999694824219,109.2300033569336,105.08000183105469,105.48999786376953,104.8874740600586,7633400,0.0,0.0
2026-07-20 00:00:00-04:00,105.72000122070312,106.6500015258789,103.22000122070312,104.80999755859375,104.21135711669922,6163000,0.0,0.0
2026-07-21 00:00:00-04:00,105.05999755859375,105.48999786376953,103.91999816894531,104.44999694824219,103.85340881347656,5996000,0.0,0.0
2026-07-22 00:00:00-04:00,104.02999877929688,105.72000122070312,102.91000366210938,103.9800033569336,103.38610076904297,5599800,0.0,0.0
2026-07-23 00:00:00-04:00,102.77999877929688,103.44000244140625,101.93000030517578,103.20999908447266,102.62049865722656,6981400,0.0,0.0
2026-07-24 00:00:00-04:00,103.88999938964844,105.16000366210938,103.12000274658203,103.25,102.66027069091797,6397200,0.0,0.0
2026-07-27 00:00:00-04:00,103.80999755859375,105.62999725341797,103.55000305175781,103.6500015258789,103.0579833984375,5517500,0.0,0.0
2026-07-28 00:00:00-04:00,105.83000183105469,106.06999969482422,102.66000366210938,103.0999984741211,102.51112365722656,7055200,0.0,0.0
2026-07-29 00:00:00-04:00,103.66999816894531,104.91000366210938,103.12999725341797,104.13999938964844,103.5451889038086,12546300,0.0,0.0
2026-07-30 00:00:00-04:00,107.22000122070312,108.45999908447266,103.62999725341797,105.8499984741211,105.24541473388672,23417700,0.0,0.0
2026-07-31 00:00:00-04:00,106.58000183105469,108.16000366210938,104.58999633789062,105.25,104.64884948730469,12393200,0.0,0.0
2026-08-03 00:00:00-04:00,107.69999694824219,108.36000061035156,103.30000305175781,103.37000274658203,102.77958679199219,8830000,0.0,0.0
2026-08-04 00:00:00-04:00,103.05999755859375,105.66000366210938,101.80000305175781,104.97000122070312,104.37044525146484,9530900,0.0,0.0
2026-08-05 00:00:00-04:00,105.98999786376953,106.41999816894531,104.29000091552734,106.0,105.39456176757812,7857400,0.0,0.0
2026-08-06 00:00:00-04:00,106.13999938964844,106.29000091552734,103.69000244140625,105.16000366210938,104.55936431884766,6029500,0.0,0.0
2026-08-07 00:00:00-04:00,104.02999877929688,106.8499984741211,103.66999816894531,105.58000183105469,104.97696685791016,6378200,0.0,0.0
2026-08-10 00:00:00-04:00,105.4800033569336,105.91000366210938,104.27999877929688,104.6500015258789,104.05227661132812,4947400,0.0,0.0
2026-08-11 00:00:00-04:00,104.55999755859375,106.88999938964844,104.12999725341797,106.66000366210938,106.05079650878906,5013300,0.0,0.0
2026-08-12 00:00:00-04:00,106.91000366210938,108.56999969482422,105.87999725341797,108.48999786376953,107.8703384399414,3924100,0.0,0.0
2026-08-13 00:00:00-04:00,109.16999816894531,110.51000213623047,108.44999694824219,108.55000305175781,107.93000030517578,5190000,0.0,0.0
2026-08-14 00:00:00-04:00,107.62000274658203,108.81999969482422,107.47000122070312,107.69000244140625,107.69000244140625,3499100,0.62,0.0
2026-08-17 00:00:00-04:00,106.45999908447266,108.33000183105469,106.41000366210938,107.91999816894531,107.91999816894531,5935300,0.0,0.0
2026-08-18 00:00:00-04:00,109.06999969482422,109.2300033569336,105.91999816894531,106.01000213623047,106.01000213623047,5351000,0.0,0.0
2026-08-19 00:00:00-04:00,106.66999816894531,108.23999786376953,104.58999633789062,104.9800033569336,104.9800033569336,6815500,0.0,0.0
2026-08-20 00:00:00-04:00,104.37999725341797,105.73999786376953,102.97000122070312,103.98999786376953,103.98999786376953,7583100,0.0,0.0
2026-08-21 00:00:00-04:00,104.51000213623047,107.41000366210938,103.37000274658203,107.08000183105469,107.08000183105469,5550000,0.0,0.0
2026-08-24 00:00:00-04:00,107.22000122070312,107.80999755859375,105.68000030517578,107.48999786376953,107.48999786376953,6781200,0.0,0.0
2026-08-25 00:00:00-04:00,106.8499984741211,107.13999938964844,105.36000061035156,105.76000213623047,105.76000213623047,5785200,0.0,0.0
2026-08-26 00:00:00-04:00,106.12999725341797,108.58000183105469,105.41999816894531,108.48999786376953,108.48999786376953,6049100,0.0,0.0
2026-08-27 00:00:00-04:00,108.56999969482422,108.73999786376953,106.7699966430664,107.26000213623047,107.26000213623047,6418200,0.0,0.0
2026-08-28 00:00:00-04:00,107.79000091552734,108.69999694824219,107.26000213623047,107.8499984741211,107.8499984741211,4832200,0.0,0.0
2026-08-31 00:00:00-04:00,107.5199966430664,107.7300033569336,106.01000213623047,106.25,106.25,7211300,0.0,0.0
2026-09-01 00:00:00-04:00,106.12000274658203,107.18000030517578,105.38999938964844,106.1500015258789,106.1500015258789,4628400,0.0,0.0
2026-09-02 00:00:00-04:00,106.18000030517578,107.9000015258789,105.62999725341797,106.72000122070312,106.72000122070312,5204200,0.0,0.0
2026-09-03 00:00:00-04:00,107.31999969482422,107.56999969482422,105.22000122070312,105.81999969482422,105.81999969482422,4217700,0.0,0.0
2026-09-04 00:00:00-04:00,105.5999984741211,106.30000305175781,104.36000061035156,104.47000122070312,104.47000122070312,4600800,0.0,0.0
2026-09-08 00:00:00-04:00,104.68000030517578,104.76000213623047,101.75,102.01000213623047,102.01000213623047,6257600,0.0,0.0
2026-09-09 00:00:00-04:00,100.63999938964844,101.08000183105469,99.69000244140625,100.04000091552734,100.04000091552734,5929100,0.0,0.0
2026-09-10 00:00:00-04:00,100.37000274658203,101.66999816894531,98.77999877929688,99.22000122070312,99.22000122070312,6980100,0.0,0.0
2026-09-11 00:00:00-04:00,100.27999877929688,100.41000366210938,98.45999908447266,98.73999786376953,98.73999786376953,5570200,0.0,0.0
2026-09-14 00:00:00-04:00,98.79000091552734,99.87999725341797,98.19999694824219,99.06999969482422,99.06999969482422,5814700,0.0,0.0
2026-09-15 00:00:00-04:00,98.9000015258789,98.9000015258789,96.04000091552734,96.58000183105469,96.58000183105469,6798600,0.0,0.0
2026-09-16 00:00:00-04:00,97.38999938964844,98.33999633789062,96.06999969482422,97.33999633789062,97.33999633789062,9300900,0.0,0.0
2026-09-17 00:00:00-04:00,98.11000061035156,98.68000030517578,96.30000305175781,96.66999816894531,96.66999816894531,6640300,0.0,0.0
2026-09-18 00:00:00-04:00,96.4000015258789,96.55999755859375,95.11000061035156,95.83000183105469,95.83000183105469,13095200,0.0,0.0
2026-09-21 00:00:00-04:00,95.12999725341797,96.44000244140625,93.62999725341797,94.9000015258789,94.9000015258789,7181200,0.0,0.0
2026-09-22 00:00:00-04:00,95.91999816894531,96.08000183105469,94.62999725341797,95.11000061035156,95.11000061035156,8284200,0.0,0.0
2026-09-23 00:00:00-04:00,95.0199966430664,95.5,93.1500015258789,94.13999938964844,94.13999938964844,8252400,0.0,0.0
2026-09-24 00:00:00-04:00,93.9000015258789,94.5,92.76000213623047,93.6500015258789,93.6500015258789,7230500,0.0,0.0
2026-09-25 00:00:00-04:00,94.0999984741211,94.91999816894531,93.52999877929688,94.86000061035156,94.86000061035156,7282400,0.0,0.0
2026-09-28 00:00:00-04:00,94.26000213623047,96.19999694824219,93.77999877929688,95.2699966430664,95.2699966430664,7418900,0.0,0.0
2026-09-29 00:00:00-04:00,95.02999877929688,95.88999938964844,94.33999633789062,95.43000030517578,95.43000030517578,6927100,0.0,0.0
2026-09-30 00:00:00-04:00,95.55000305175781,95.88999938964844,93.94999694824219,93.95999908447266,93.95999908447266,5744500,0.0,0.0
