Date,Open,High,Low,Close,Adj Close,Volume,Dividends,Stock Splits
2010-09-01 00:00:00-04:00,9.699999809265137,9.899999618530273,9.600000381469727,9.899999618530273,7.716550827026367,14236910,0.0,0.0
2010-09-02 00:00:00-04:00,9.899999618530273,10.0,9.800000190734863,9.899999618530273,7.716550827026367,11331960,0.0,0.0
2010-09-03 00:00:00-04:00,10.0,10.100000381469727,9.899999618530273,10.100000381469727,7.872443675994873,8307090,0.0,0.0
2010-09-07 00:00:00-04:00,9.899999618530273,10.199999809265137,9.899999618530273,10.100000381469727,7.872443675994873,5921750,0.0,0.0
2010-09-08 00:00:00-04:00,10.199999809265137,10.5,10.100000381469727,10.5,8.184223175048828,7523010,0.0,0.0
2010-09-09 00:00:00-04:00,10.399999618530273,10.5,10.399999618530273,10.5,8.184223175048828,4874930,0.0,0.0
2010-09-10 00:00:00-04:00,10.399999618530273,10.5,10.300000190734863,10.5,8.184223175048828,4874220,0.0,0.0
2010-09-13 00:00:00-04:00,10.5,10.600000381469727,10.399999618530273,10.600000381469727,8.262167930603027,4524460,0.0,0.0
2010-09-14 00:00:00-04:00,10.399999618530273,10.600000381469727,10.399999618530273,10.5,8.184223175048828,4071660,0.0,0.0
2010-09-15 00:00:00-04:00,10.5,11.300000190734863,10.5,11.100000381469727,8.65189266204834,10108820,0.0,0.0
2010-09-16 00:00:00-04:00,11.0,11.399999618530273,10.899999618530273,11.0,8.573945045471191,5513990,0.0,0.0
2010-09-17 00:00:00-04:00,11.100000381469727,11.300000190734863,11.0,11.300000190734863,8.807784080505371,6373220,0.0,0.0
2010-09-20 00:00:00-04:00,11.300000190734863,11.800000190734863,11.300000190734863,11.800000190734863,9.197511672973633,8487620,0.0,0.0
2010-09-21 00:00:00-04:00,11.800000190734863,12.0,11.399999618530273,11.600000381469727,9.041619300842285,7748380,0.0,0.0
2010-09-22 00:00:00-04:00,11.5,11.600000381469727,11.100000381469727,11.199999809265137,8.729838371276855,3668580,0.0,0.0
2010-09-23 00:00:00-04:00,11.100000381469727,11.699999809265137,11.0,11.600000381469727,9.041619300842285,5772080,0.0,0.0
2010-09-24 00:00:00-04:00,11.800000190734863,12.0,11.699999809265137,11.800000190734863,9.197511672973633,4669840,0.0,0.0
2010-09-27 00:00:00-04:00,11.899999618530273,12.0,11.5,11.600000381469727,9.041619300842285,4994950,0.0,0.0
2010-09-28 00:00:00-04:00,11.600000381469727,11.800000190734863,11.600000381469727,11.800000190734863,9.197511672973633,2056320,0.0,0.0
2010-09-29 00:00:00-04:00,11.699999809265137,11.899999618530273,11.699999809265137,11.800000190734863,9.197511672973633,2583360,0.0,0.0
2010-09-30 00:00:00-04:00,12.0,12.0,11.800000190734863,12.0,9.353397369384766,3462490,0.0,0.0
2010-10-01 00:00:00-04:00,12.0,12.399999618530273,11.800000190734863,12.399999618530273,9.665175437927246,12239910,0.0,0.0
2010-10-04 00:00:00-04:00,12.199999809265137,12.800000190734863,12.199999809265137,12.699999809265137,9.899014472961426,9533970,0.0,0.0
2010-10-05 00:00:00-04:00,12.800000190734863,13.100000381469727,12.600000381469727,12.800000190734863,9.976957321166992,10931900,0.0,0.0
2010-10-06 00:00:00-04:00,12.800000190734863,12.899999618530273,12.399999618530273,12.699999809265137,9.899014472961426,7845460,0.0,0.0
2010-10-07 00:00:00-04:00,12.600000381469727,12.899999618530273,12.600000381469727,12.899999618530273,10.054900169372559,3440270,0.0,0.0
2010-10-08 00:00:00-04:00,12.699999809265137,13.100000381469727,12.699999809265137,12.899999618530273,10.054900169372559,5514030,0.0,0.0
2010-10-11 00:00:00-04:00,13.0,13.399999618530273,12.899999618530273,13.399999618530273,10.444625854492188,4824690,0.0,0.0
2010-10-12 00:00:00-04:00,13.399999618530273,13.5,13.100000381469727,13.5,10.522571563720703,4528840,0.0,0.0
2010-10-13 00:00:00-04:00,13.800000190734863,14.399999618530273,13.5,14.0,10.912296295166016,15662480,0.0,0.0
2010-10-14 00:00:00-04:00,14.100000381469727,14.199999809265137,13.800000190734863,14.0,10.912296295166016,4611420,0.0,0.0
2010-10-15 00:00:00-04:00,14.100000381469727,14.100000381469727,13.399999618530273,13.800000190734863,10.756406784057617,6193670,0.0,0.0
2010-10-18 00:00:00-04:00,13.699999809265137,13.899999618530273,13.399999618530273,13.800000190734863,10.756406784057617,3812820,0.0,0.0
2010-10-19 00:00:00-04:00,13.600000381469727,13.699999809265137,13.300000190734863,13.399999618530273,10.444625854492188,6303480,0.0,0.0
2010-10-20 00:00:00-04:00,13.399999618530273,13.699999809265137,13.300000190734863,13.5,10.522571563720703,7378680,0.0,0.0
2010-10-21 00:00:00-04:00,13.399999618530273,13.5,12.899999618530273,13.0,10.132847785949707,6514960,0.0,0.0
2010-10-22 00:00:00-04:00,12.800000190734863,13.199999809265137,12.399999618530273,13.100000381469727,10.21079158782959,5404120,0.0,0.0
2010-10-25 00:00:00-04:00,13.199999809265137,13.600000381469727,13.0,13.5,10.522571563720703,3498300,0.0,0.0
2010-10-26 00:00:00-04:00,13.5,13.899999618530273,13.300000190734863,13.899999618530273,10.834352493286133,2530620,0.0,0.0
2010-10-27 00:00:00-04:00,13.899999618530273,14.0,13.699999809265137,14.0,10.912296295166016,4000880,0.0,0.0
2010-10-28 00:00:00-04:00,14.199999809265137,14.699999809265137,14.199999809265137,14.300000190734863,11.146132469177246,8584810,0.0,0.0
2010-10-29 00:00:00-04:00,14.5,15.0,14.5,15.0,11.69174575805664,9058030,0.0,0.0
2010-11-01 00:00:00-04:00,15.5,15.800000190734863,15.100000381469727,15.399999618530273,12.003528594970703,9105950,0.0,0.0
2010-11-02 00:00:00-04:00,15.699999809265137,15.899999618530273,15.399999618530273,15.699999809265137,12.237360954284668,8372700,0.0,0.0
2010-11-03 00:00:00-04:00,15.699999809265137,15.699999809265137,15.100000381469727,15.699999809265137,12.237360954284668,9306630,0.0,0.0
2010-11-04 00:00:00-04:00,15.800000190734863,16.100000381469727,14.300000190734863,14.699999809265137,11.45791244506836,18596340,0.0,0.0
2010-11-05 00:00:00-04:00,14.899999618530273,15.300000190734863,14.899999618530273,15.300000190734863,11.925580978393555,8590850,0.0,0.0
2010-11-08 00:00:00-05:00,15.5,15.699999809265137,15.300000190734863,15.5,12.081469535827637,5715770,0.0,0.0
2010-11-09 00:00:00-05:00,15.699999809265137,15.699999809265137,14.800000190734863,14.899999618530273,11.613801956176758,7291000,0.0,0.0
2010-11-10 00:00:00-05:00,15.0,15.100000381469727,14.5,14.600000381469727,11.379969596862793,6407180,0.0,0.0
2010-11-11 00:00:00-05:00,14.100000381469727,14.5,13.899999618530273,14.399999618530273,11.224074363708496,6151420,0.0,0.0
2010-11-12 00:00:00-05:00,14.100000381469727,14.399999618530273,14.0,14.199999809265137,11.068190574645996,4332180,0.0,0.0
2010-11-15 00:00:00-05:00,14.5,14.600000381469727,13.699999809265137,13.899999618530273,10.834352493286133,9027190,0.0,0.0
2010-11-16 00:00:00-05:00,13.699999809265137,13.800000190734863,13.5,13.699999809265137,10.678462982177734,5528690,0.0,0.0
2010-11-17 00:00:00-05:00,13.800000190734863,14.0,13.199999809265137,13.5,10.522571563720703,4481180,0.0,0.0
2010-11-18 00:00:00-05:00,13.800000190734863,14.199999809265137,13.5,14.0,10.912296295166016,9161070,0.0,0.0
2010-11-19 00:00:00-05:00,14.0,14.0,13.800000190734863,14.0,10.912296295166016,2940090,0.0,0.0
2010-11-22 00:00:00-05:00,13.899999618530273,14.0,13.600000381469727,13.899999618530273,10.834352493286133,1467790,0.0,0.0
2010-11-23 00:00:00-05:00,13.699999809265137,13.899999618530273,13.5,13.699999809265137,10.678462982177734,2959600,0.0,0.0
2010-11-24 00:00:00-05:00,13.899999618530273,14.0,13.800000190734863,13.800000190734863,10.756406784057617,2092980,0.0,0.0
2010-11-26 00:00:00-05:00,13.800000190734863,14.0,13.800000190734863,14.0,10.912296295166016,710580,0.0,0.0
2010-11-29 00:00:00-05:00,14.0,14.0,13.699999809265137,14.0,10.912296295166016,2789820,0.0,0.0
2010-11-30 00:00:00-05:00,13.800000190734863,14.100000381469727,13.699999809265137,13.699999809265137,10.678462982177734,4985060,0.0,0.0
2010-12-01 00:00:00-05:00,13.899999618530273,14.0,13.800000190734863,13.899999618530273,10.834352493286133,1819000,0.0,0.0
2010-12-02 00:00:00-05:00,14.0,14.0,13.699999809265137,13.899999618530273,10.834352493286133,1970900,0.0,0.0
2010-12-03 00:00:00-05:00,13.800000190734863,13.800000190734863,13.699999809265137,13.699999809265137,10.678462982177734,1634270,0.0,0.0
2010-12-06 00:00:00-05:00,13.800000190734863,13.899999618530273,13.699999809265137,13.800000190734863,10.756406784057617,1913130,0.0,0.0
2010-12-07 00:00:00-05:00,13.899999618530273,13.899999618530273,13.600000381469727,13.600000381469727,10.600518226623535,2819630,0.0,0.0
2010-12-08 00:00:00-05:00,13.600000381469727,13.699999809265137,13.100000381469727,13.199999809265137,10.288735389709473,7539650,0.0,0.0
2010-12-09 00:00:00-05:00,14.100000381469727,14.399999618530273,13.600000381469727,13.899999618530273,10.834352493286133,18814660,0.0,0.0
2010-12-10 00:00:00-05:00,14.0,14.0,13.699999809265137,14.0,10.912296295166016,3723570,0.0,0.0
2010-12-13 00:00:00-05:00,14.0,14.0,13.800000190734863,13.800000190734863,10.756406784057617,2987800,0.0,0.0
2010-12-14 00:00:00-05:00,13.899999618530273,13.899999618530273,13.800000190734863,13.899999618530273,10.834352493286133,1897350,0.0,0.0
2010-12-15 00:00:00-05:00,13.800000190734863,14.0,13.800000190734863,13.899999618530273,10.834352493286133,3215350,0.0,0.0
2010-12-16 00:00:00-05:00,13.899999618530273,14.0,13.5,13.899999618530273,10.834352493286133,2775330,0.0,0.0
2010-12-17 00:00:00-05:00,13.699999809265137,14.0,13.699999809265137,14.0,10.912296295166016,3649590,0.0,0.0
2010-12-20 00:00:00-05:00,14.0,14.100000381469727,13.899999618530273,14.100000381469727,10.990242004394531,1806560,0.0,0.0
2010-12-21 00:00:00-05:00,14.100000381469727,14.899999618530273,14.0,14.800000190734863,11.535855293273926,5736440,0.0,0.0
2010-12-22 00:00:00-05:00,15.100000381469727,16.0,14.899999618530273,16.0,12.471198081970215,11349360,0.0,0.0
2010-12-23 00:00:00-05:00,16.200000762939453,16.899999618530273,15.800000190734863,16.100000381469727,12.549141883850098,10571120,0.0,0.0
2010-12-27 00:00:00-05:00,16.0,16.0,15.5,15.5,12.081469535827637,3643530,0.0,0.0
2010-12-28 00:00:00-05:00,15.600000381469727,16.299999237060547,15.199999809265137,16.299999237060547,12.70503044128418,5198750,0.0,0.0
2010-12-29 00:00:00-05:00,16.5,16.899999618530273,16.399999618530273,16.5,12.860925674438477,6368150,0.0,0.0
2010-12-30 00:00:00-05:00,16.399999618530273,16.5,16.100000381469727,16.299999237060547,12.70503044128418,2794200,0.0,0.0
2010-12-31 00:00:00-05:00,16.299999237060547,16.5,16.200000762939453,16.299999237060547,12.70503044128418,2757320,0.0,0.0
2011-01-03 00:00:00-05:00,16.700000762939453,17.200000762939453,16.600000381469727,16.899999618530273,13.172698020935059,8429710,0.0,0.0
2011-01-04 00:00:00-05:00,17.399999618530273,17.399999618530273,16.5,16.700000762939453,13.016816139221191,7960860,0.0,0.0
2011-01-05 00:00:00-05:00,16.700000762939453,16.799999237060547,16.5,16.5,12.860925674438477,4848000,0.0,0.0
2011-01-06 00:00:00-05:00,16.700000762939453,16.700000762939453,16.200000762939453,16.399999618530273,12.782975196838379,3976200,0.0,0.0
2011-01-07 00:00:00-05:00,16.399999618530273,16.399999618530273,15.899999618530273,16.100000381469727,12.549141883850098,4794280,0.0,0.0
2011-01-10 00:00:00-05:00,15.899999618530273,16.0,15.600000381469727,15.800000190734863,12.31531047821045,3248560,0.0,0.0
2011-01-11 00:00:00-05:00,16.0,16.100000381469727,15.600000381469727,15.699999809265137,12.237360954284668,5037450,0.0,0.0
2011-01-12 00:00:00-05:00,15.899999618530273,15.899999618530273,15.399999618530273,15.600000381469727,12.159415245056152,4090940,0.0,0.0
2011-01-13 00:00:00-05:00,15.5,15.600000381469727,15.300000190734863,15.300000190734863,11.925580978393555,4232760,0.0,0.0
2011-01-14 00:00:00-05:00,15.300000190734863,15.800000190734863,15.300000190734863,15.600000381469727,12.159415245056152,5022970,0.0,0.0
2011-01-18 00:00:00-05:00,15.600000381469727,15.899999618530273,15.5,15.699999809265137,12.237360954284668,3148310,0.0,0.0
2011-01-19 00:00:00-05:00,15.699999809265137,15.699999809265137,15.300000190734863,15.399999618530273,12.003528594970703,3043420,0.0,0.0
2011-01-20 00:00:00-05:00,15.199999809265137,15.300000190734863,14.899999618530273,15.199999809265137,11.847638130187988,3357910,0.0,0.0
2011-01-21 00:00:00-05:00,15.300000190734863,15.5,15.199999809265137,15.5,12.081469535827637,2701950,0.0,0.0
2011-01-24 00:00:00-05:00,15.699999809265137,16.100000381469727,15.399999618530273,15.800000190734863,12.31531047821045,5114310,0.0,0.0
2011-01-25 00:00:00-05:00,15.800000190734863,15.899999618530273,15.600000381469727,15.800000190734863,12.31531047821045,3345620,0.0,0.0
2011-01-26 00:00:00-05:00,15.899999618530273,16.100000381469727,15.800000190734863,16.0,12.471198081970215,2573830,0.0,0.0
2011-01-27 00:00:00-05:00,16.200000762939453,16.200000762939453,16.0,16.200000762939453,12.627090454101562,2565690,0.0,0.0
2011-01-28 00:00:00-05:00,16.100000381469727,16.5,16.100000381469727,16.200000762939453,12.627090454101562,4461100,0.0,0.0
2011-01-31 00:00:00-05:00,16.100000381469727,16.799999237060547,15.800000190734863,16.200000762939453,12.627090454101562,7979140,0.0,0.0
2011-02-01 00:00:00-05:00,16.200000762939453,16.5,16.100000381469727,16.299999237060547,12.70503044128418,4801920,0.0,0.0
2011-02-02 00:00:00-05:00,16.600000381469727,17.299999237060547,16.5,17.200000762939453,13.406538009643555,14386190,0.0,0.0
2011-02-03 00:00:00-05:00,17.600000381469727,18.0,17.5,17.700000762939453,13.796260833740234,9513680,0.0,0.0
2011-02-04 00:00:00-05:00,17.799999237060547,17.899999618530273,17.200000762939453,17.5,13.640371322631836,6722160,0.0,0.0
2011-02-07 00:00:00-05:00,17.700000762939453,18.0,17.600000381469727,17.899999618530273,13.952154159545898,5212160,0.0,0.0
2011-02-08 00:00:00-05:00,18.0,18.100000381469727,17.799999237060547,17.799999237060547,13.874202728271484,3067240,0.0,0.0
2011-02-09 00:00:00-05:00,17.799999237060547,17.899999618530273,17.5,17.700000762939453,13.796260833740234,3435100,0.0,0.0
2011-02-10 00:00:00-05:00,17.5,17.799999237060547,17.399999618530273,17.700000762939453,13.796260833740234,2178360,0.0,0.0
2011-02-11 00:00:00-05:00,17.700000762939453,18.5,17.600000381469727,18.399999618530273,14.341877937316895,5924130,0.0,0.0
2011-02-14 00:00:00-05:00,18.700000762939453,18.799999237060547,18.0,18.299999237060547,14.263930320739746,9046280,0.0,0.0
2011-02-15 00:00:00-05:00,17.200000762939453,17.600000381469727,16.5,16.899999618530273,13.172698020935059,16441450,0.0,0.0
2011-02-16 00:00:00-05:00,17.299999237060547,18.5,17.200000762939453,18.100000381469727,14.10804271697998,16502180,0.0,0.0
2011-02-17 00:00:00-05:00,18.299999237060547,18.399999618530273,18.0,18.100000381469727,14.10804271697998,4628930,0.0,0.0
2011-02-18 00:00:00-05:00,17.899999618530273,18.100000381469727,17.799999237060547,18.100000381469727,14.10804271697998,3486890,0.0,0.0
2011-02-22 00:00:00-05:00,17.799999237060547,17.899999618530273,17.100000381469727,17.200000762939453,13.406538009643555,6786720,0.0,0.0
2011-02-23 00:00:00-05:00,17.299999237060547,17.399999618530273,16.299999237060547,16.799999237060547,13.094755172729492,7824740,0.0,0.0
2011-02-24 00:00:00-05:00,16.799999237060547,17.200000762939453,16.700000762939453,17.100000381469727,13.328595161437988,3664390,0.0,0.0
2011-02-25 00:00:00-05:00,17.200000762939453,17.799999237060547,17.100000381469727,17.700000762939453,13.796260833740234,5675500,0.0,0.0
2011-02-28 00:00:00-05:00,17.899999618530273,18.100000381469727,17.700000762939453,18.100000381469727,14.10804271697998,6160580,0.0,0.0
2011-03-01 00:00:00-05:00,18.299999237060547,18.299999237060547,17.399999618530273,17.5,13.640371322631836,4965500,0.0,0.0
2011-03-02 00:00:00-05:00,17.299999237060547,18.0,17.299999237060547,17.799999237060547,13.874202728271484,3796840,0.0,0.0
2011-03-03 00:00:00-05:00,18.0,18.299999237060547,18.0,18.200000762939453,14.185986518859863,4492090,0.0,0.0
2011-03-04 00:00:00-05:00,18.100000381469727,18.299999237060547,17.799999237060547,18.100000381469727,14.10804271697998,4131070,0.0,0.0
2011-03-07 00:00:00-05:00,18.0,18.299999237060547,17.100000381469727,17.399999618530273,13.562426567077637,9713820,0.0,0.0
2011-03-08 00:00:00-05:00,17.600000381469727,17.600000381469727,16.899999618530273,17.600000381469727,13.718317031860352,7217080,0.0,0.0
2011-03-09 00:00:00-05:00,17.299999237060547,18.100000381469727,17.299999237060547,18.0,14.030094146728516,6053030,0.0,0.0
2011-03-10 00:00:00-05:00,17.700000762939453,17.899999618530273,17.5,17.700000762939453,13.796260833740234,3491970,0.0,0.0
2011-03-11 00:00:00-05:00,17.5,17.899999618530273,17.399999618530273,17.899999618530273,13.952154159545898,2341660,0.0,0.0
2011-03-14 00:00:00-04:00,17.700000762939453,17.899999618530273,17.5,17.700000762939453,13.796260833740234,3039330,0.0,0.0
2011-03-15 00:00:00-04:00,17.200000762939453,17.700000762939453,17.0,17.5,13.640371322631836,6653640,0.0,0.0
2011-03-16 00:00:00-04:00,17.5,17.700000762939453,17.0,17.299999237060547,13.484480857849121,6685600,0.0,0.0
2011-03-17 00:00:00-04:00,17.399999618530273,17.600000381469727,17.200000762939453,17.299999237060547,13.484480857849121,2955180,0.0,0.0
2011-03-18 00:00:00-04:00,17.5,17.600000381469727,16.700000762939453,17.100000381469727,13.328595161437988,7222700,0.0,0.0
2011-03-21 00:00:00-04:00,17.100000381469727,17.299999237060547,17.0,17.200000762939453,13.406538009643555,3416890,0.0,0.0
2011-03-22 00:00:00-04:00,17.200000762939453,17.200000762939453,17.0,17.100000381469727,13.328595161437988,2120820,0.0,0.0
2011-03-23 00:00:00-04:00,16.600000381469727,16.799999237060547,16.299999237060547,16.700000762939453,13.016816139221191,6662640,0.0,0.0
2011-03-24 00:00:00-04:00,16.5,17.100000381469727,16.399999618530273,17.0,13.25064468383789,4509430,0.0,0.0
2011-03-25 00:00:00-04:00,17.0,17.200000762939453,16.899999618530273,17.200000762939453,13.406538009643555,2693020,0.0,0.0
2011-03-28 00:00:00-04:00,17.100000381469727,17.299999237060547,16.799999237060547,17.200000762939453,13.406538009643555,3878090,0.0,0.0
2011-03-29 00:00:00-04:00,17.100000381469727,17.299999237060547,17.100000381469727,17.299999237060547,13.484480857849121,1759490,0.0,0.0
2011-03-30 00:00:00-04:00,17.200000762939453,17.299999237060547,17.100000381469727,17.200000762939453,13.406538009643555,2857900,0.0,0.0
2011-03-31 00:00:00-04:00,16.899999618530273,17.0,16.200000762939453,16.5,12.860925674438477,10006750,0.0,0.0
2011-04-01 00:00:00-04:00,16.700000762939453,16.799999237060547,16.299999237060547,16.5,12.860925674438477,4254310,0.0,0.0
2011-04-04 00:00:00-04:00,16.399999618530273,17.0,16.200000762939453,17.0,13.25064468383789,3386750,0.0,0.0
2011-04-05 00:00:00-04:00,16.899999618530273,17.799999237060547,16.799999237060547,17.799999237060547,13.874202728271484,7700050,0.0,0.0
2011-04-06 00:00:00-04:00,17.899999618530273,18.600000381469727,17.899999618530273,18.399999618530273,14.341877937316895,10091430,0.0,0.0
2011-04-07 00:00:00-04:00,18.299999237060547,18.399999618530273,17.5,17.600000381469727,13.718317031860352,7080560,0.0,0.0
2011-04-08 00:00:00-04:00,17.799999237060547,17.899999618530273,17.5,17.600000381469727,13.718317031860352,2972020,0.0,0.0
2011-04-11 00:00:00-04:00,17.600000381469727,18.0,17.600000381469727,17.799999237060547,13.874202728271484,5161870,0.0,0.0
2011-04-12 00:00:00-04:00,17.700000762939453,18.100000381469727,17.5,18.100000381469727,14.10804271697998,3215110,0.0,0.0
2011-04-13 00:00:00-04:00,18.299999237060547,18.5,18.0,18.399999618530273,14.341877937316895,4493330,0.0,0.0
2011-04-14 00:00:00-04:00,18.100000381469727,18.299999237060547,17.899999618530273,18.100000381469727,14.10804271697998,3076490,0.0,0.0
2011-04-15 00:00:00-04:00,18.100000381469727,18.399999618530273,18.100000381469727,18.399999618530273,14.341877937316895,2707540,0.0,0.0
2011-04-18 00:00:00-04:00,18.0,18.299999237060547,17.899999618530273,18.0,14.030094146728516,4514220,0.0,0.0
2011-04-19 00:00:00-04:00,18.100000381469727,18.399999618530273,18.0,18.299999237060547,14.263930320739746,2404480,0.0,0.0
2011-04-20 00:00:00-04:00,18.5,18.700000762939453,18.399999618530273,18.700000762939453,14.575716972351074,5001930,0.0,0.0
2011-04-21 00:00:00-04:00,18.799999237060547,19.299999237060547,18.600000381469727,19.299999237060547,15.043383598327637,6900190,0.0,0.0
2011-04-25 00:00:00-04:00,19.399999618530273,19.600000381469727,19.100000381469727,19.600000381469727,15.277212142944336,5331670,0.0,0.0
2011-04-26 00:00:00-04:00,19.700000762939453,20.0,19.600000381469727,19.700000762939453,15.355159759521484,6290000,0.0,0.0
2011-04-27 00:00:00-04:00,19.399999618530273,19.799999237060547,19.299999237060547,19.799999237060547,15.433101654052734,6453320,0.0,0.0
2011-04-28 00:00:00-04:00,19.700000762939453,20.0,19.600000381469727,19.799999237060547,15.433101654052734,5690000,0.0,0.0
2011-04-29 00:00:00-04:00,19.700000762939453,20.0,19.600000381469727,19.899999618530273,15.51104736328125,4751410,0.0,0.0
2011-05-02 00:00:00-04:00,20.0,20.299999237060547,19.0,19.100000381469727,14.887489318847656,14795230,0.0,0.0
2011-05-03 00:00:00-04:00,19.600000381469727,20.899999618530273,19.600000381469727,20.700000762939453,16.134611129760742,24390000,0.0,0.0
2011-05-04 00:00:00-04:00,20.5,21.399999618530273,20.5,21.299999237060547,16.602277755737305,8788470,0.0,0.0
2011-05-05 00:00:00-04:00,21.299999237060547,21.700000762939453,20.899999618530273,21.200000762939453,16.524335861206055,10000000,0.0,0.0
2011-05-06 00:00:00-04:00,21.5,22.299999237060547,21.5,22.200000762939453,17.30378532409668,16646900,0.0,0.0
2011-05-09 00:00:00-04:00,22.399999618530273,22.5,21.5,21.899999618530273,17.069944381713867,9540230,0.0,0.0
2011-05-10 00:00:00-04:00,21.899999618530273,23.600000381469727,21.600000381469727,23.5,18.317073822021484,11480040,0.0,0.0
2011-05-11 00:00:00-04:00,23.600000381469727,24.200000762939453,22.700000762939453,23.100000381469727,18.005290985107422,17380000,0.0,0.0
2011-05-12 00:00:00-04:00,22.700000762939453,23.399999618530273,22.5,22.799999237060547,17.77146339416504,9210000,0.0,0.0
2011-05-13 00:00:00-04:00,22.799999237060547,22.899999618530273,22.200000762939453,22.399999618530273,17.45967674255371,6967680,0.0,0.0
2011-05-16 00:00:00-04:00,22.200000762939453,22.399999618530273,21.600000381469727,21.799999237060547,16.992002487182617,10696340,0.0,0.0
2011-05-17 00:00:00-04:00,22.0,22.100000381469727,20.700000762939453,21.399999618530273,16.680227279663086,12647740,0.0,0.0
2011-05-18 00:00:00-04:00,21.299999237060547,22.0,21.200000762939453,21.799999237060547,16.992002487182617,7462510,0.0,0.0
2011-05-19 00:00:00-04:00,22.100000381469727,22.5,21.899999618530273,22.299999237060547,17.381731033325195,8052830,0.0,0.0
2011-05-20 00:00:00-04:00,22.5,22.600000381469727,22.0,22.200000762939453,17.30378532409668,5524200,0.0,0.0
2011-05-23 00:00:00-04:00,22.100000381469727,22.5,21.899999618530273,22.0,17.147890090942383,7750000,0.0,0.0
2011-05-24 00:00:00-04:00,22.399999618530273,22.899999618530273,22.0,22.700000762939453,17.693513870239258,12709720,0.0,0.0
2011-05-25 00:00:00-04:00,22.899999618530273,24.200000762939453,22.799999237060547,23.299999237060547,18.16118049621582,17307420,0.0,0.0
2011-05-26 00:00:00-04:00,23.5,23.899999618530273,23.100000381469727,23.399999618530273,18.23912239074707,7706560,0.0,0.0
2011-05-27 00:00:00-04:00,23.600000381469727,23.799999237060547,23.5,23.700000762939453,18.472957611083984,4039200,0.0,0.0
2011-05-31 00:00:00-04:00,24.100000381469727,24.399999618530273,23.299999237060547,23.5,18.317073822021484,29205540,0.0,0.0
2011-06-01 00:00:00-04:00,23.5,23.5,22.600000381469727,22.700000762939453,17.693513870239258,9140010,0.0,0.0
2011-06-02 00:00:00-04:00,22.899999618530273,23.100000381469727,22.200000762939453,22.399999618530273,17.45967674255371,8303190,0.0,0.0
2011-06-03 00:00:00-04:00,22.0,22.100000381469727,21.600000381469727,21.799999237060547,16.992002487182617,12519030,0.0,0.0
2011-06-06 00:00:00-04:00,21.700000762939453,22.0,21.0,21.299999237060547,16.602277755737305,10010740,0.0,0.0
2011-06-07 00:00:00-04:00,21.399999618530273,21.799999237060547,21.200000762939453,21.5,16.758169174194336,6305410,0.0,0.0
2011-06-08 00:00:00-04:00,21.299999237060547,21.299999237060547,19.799999237060547,20.299999237060547,15.82282829284668,12587310,0.0,0.0
2011-06-09 00:00:00-04:00,20.299999237060547,21.0,19.799999237060547,20.799999237060547,16.212554931640625,6438340,0.0,0.0
2011-06-10 00:00:00-04:00,20.799999237060547,21.0,19.899999618530273,20.0,15.588994026184082,8219970,0.0,0.0
2011-06-13 00:00:00-04:00,19.899999618530273,20.0,18.600000381469727,19.100000381469727,14.887489318847656,16941760,0.0,0.0
2011-06-14 00:00:00-04:00,19.5,19.799999237060547,19.200000762939453,19.600000381469727,15.277212142944336,6633290,0.0,0.0
2011-06-15 00:00:00-04:00,19.200000762939453,19.899999618530273,18.899999618530273,19.5,15.19926929473877,9741710,0.0,0.0
2011-06-16 00:00:00-04:00,19.5,19.600000381469727,19.0,19.399999618530273,15.12132453918457,7467850,0.0,0.0
2011-06-17 00:00:00-04:00,19.600000381469727,19.700000762939453,18.700000762939453,19.200000762939453,14.96544361114502,6341600,0.0,0.0
2011-06-20 00:00:00-04:00,18.899999618530273,19.200000762939453,18.799999237060547,19.200000762939453,14.96544361114502,3415330,0.0,0.0
2011-06-21 00:00:00-04:00,19.299999237060547,20.200000762939453,19.299999237060547,20.0,15.588994026184082,6329630,0.0,0.0
2011-06-22 00:00:00-04:00,20.200000762939453,21.0,20.100000381469727,20.399999618530273,15.900779724121094,6324440,0.0,0.0
2011-06-23 00:00:00-04:00,19.899999618530273,20.5,19.700000762939453,20.399999618530273,15.900779724121094,8657180,0.0,0.0
2011-06-24 00:00:00-04:00,20.899999618530273,20.899999618530273,19.799999237060547,19.799999237060547,15.433101654052734,7857500,0.0,0.0
2011-06-27 00:00:00-04:00,19.700000762939453,20.100000381469727,19.299999237060547,20.0,15.588994026184082,4539470,0.0,0.0
2011-06-28 00:00:00-04:00,20.200000762939453,20.700000762939453,20.100000381469727,20.399999618530273,15.900779724121094,4867130,0.0,0.0
2011-06-29 00:00:00-04:00,20.799999237060547,21.0,20.399999618530273,21.0,16.368446350097656,8021370,0.0,0.0
2011-06-30 00:00:00-04:00,21.299999237060547,22.5,21.200000762939453,21.899999618530273,17.069944381713867,11482980,0.0,0.0
2011-07-01 00:00:00-04:00,22.299999237060547,22.5,21.799999237060547,21.899999618530273,17.069944381713867,6487390,0.0,0.0
2011-07-05 00:00:00-04:00,22.299999237060547,22.5,21.700000762939453,21.799999237060547,16.992002487182617,7000140,0.0,0.0
2011-07-06 00:00:00-04:00,21.700000762939453,21.799999237060547,21.299999237060547,21.600000381469727,16.83611297607422,3676870,0.0,0.0
2011-07-07 00:00:00-04:00,21.899999618530273,22.299999237060547,21.799999237060547,22.200000762939453,17.30378532409668,3777250,0.0,0.0
2011-07-08 00:00:00-04:00,21.700000762939453,22.299999237060547,21.5,22.200000762939453,17.30378532409668,3745940,0.0,0.0
2011-07-11 00:00:00-04:00,22.700000762939453,23.0,21.700000762939453,22.100000381469727,17.225833892822266,14464680,0.0,0.0
2011-07-12 00:00:00-04:00,21.899999618530273,22.100000381469727,21.600000381469727,21.899999618530273,17.069944381713867,4800110,0.0,0.0
2011-07-13 00:00:00-04:00,22.100000381469727,22.700000762939453,22.0,22.5,17.53762435913086,5502280,0.0,0.0
2011-07-14 00:00:00-04:00,22.5,22.700000762939453,22.100000381469727,22.5,17.53762435913086,17509270,0.0,0.0
2011-07-15 00:00:00-04:00,22.700000762939453,23.5,22.5,23.299999237060547,18.16118049621582,12618050,0.0,0.0
2011-07-18 00:00:00-04:00,23.100000381469727,23.299999237060547,22.100000381469727,22.399999618530273,17.45967674255371,6551230,0.0,0.0
2011-07-19 00:00:00-04:00,22.5,22.899999618530273,22.0,22.100000381469727,17.225833892822266,9534520,0.0,0.0
2011-07-20 00:00:00-04:00,22.299999237060547,22.399999618530273,21.700000762939453,21.799999237060547,16.992002487182617,5442360,0.0,0.0
2011-07-21 00:00:00-04:00,21.899999618530273,22.100000381469727,21.700000762939453,22.0,17.147890090942383,6199650,0.0,0.0
2011-07-22 00:00:00-04:00,22.0,22.100000381469727,21.600000381469727,21.600000381469727,16.83611297607422,2711870,0.0,0.0
2011-07-25 00:00:00-04:00,21.200000762939453,22.200000762939453,21.0,21.399999618530273,16.680227279663086,5807840,0.0,0.0
2011-07-26 00:00:00-04:00,21.600000381469727,22.0,21.399999618530273,21.399999618530273,16.680227279663086,3367140,0.0,0.0
2011-07-27 00:00:00-04:00,21.600000381469727,21.600000381469727,20.899999618530273,21.200000762939453,16.524335861206055,5256880,0.0,0.0
2011-07-28 00:00:00-04:00,21.100000381469727,21.899999618530273,20.700000762939453,20.799999237060547,16.212554931640625,7906520,0.0,0.0
2011-07-29 00:00:00-04:00,20.399999618530273,21.299999237060547,19.899999618530273,21.100000381469727,16.446392059326172,11448570,0.0,0.0
2011-08-01 00:00:00-04:00,22.200000762939453,22.200000762939453,20.600000381469727,21.100000381469727,16.446392059326172,13880870,0.0,0.0
2011-08-02 00:00:00-04:00,21.799999237060547,22.200000762939453,20.200000762939453,20.700000762939453,16.134611129760742,13987660,0.0,0.0
2011-08-03 00:00:00-04:00,20.799999237060547,21.0,19.600000381469727,20.700000762939453,16.134611129760742,10180830,0.0,0.0
2011-08-04 00:00:00-04:00,20.399999618530273,20.399999618530273,19.399999618530273,19.399999618530273,15.12132453918457,12975790,0.0,0.0
2011-08-05 00:00:00-04:00,19.399999618530273,20.100000381469727,17.299999237060547,18.899999618530273,14.731599807739258,16330640,0.0,0.0
2011-08-08 00:00:00-04:00,16.899999618530273,17.899999618530273,16.299999237060547,16.5,12.860925674438477,18330100,0.0,0.0
2011-08-09 00:00:00-04:00,17.100000381469727,18.0,16.600000381469727,18.0,14.030094146728516,12603780,0.0,0.0
2011-08-10 00:00:00-04:00,17.600000381469727,17.899999618530273,17.200000762939453,17.299999237060547,13.484480857849121,9439950,0.0,0.0
2011-08-11 00:00:00-04:00,17.600000381469727,18.799999237060547,17.5,18.600000381469727,14.497762680053711,9775600,0.0,0.0
2011-08-12 00:00:00-04:00,18.899999618530273,19.5,18.600000381469727,18.700000762939453,14.575716972351074,9947040,0.0,0.0
2011-08-15 00:00:00-04:00,19.200000762939453,19.299999237060547,18.799999237060547,19.0,14.809545516967773,9525560,0.0,0.0
2011-08-16 00:00:00-04:00,18.899999618530273,19.200000762939453,18.700000762939453,19.100000381469727,14.887489318847656,10606960,0.0,0.0
2011-08-17 00:00:00-04:00,19.299999237060547,19.5,19.100000381469727,19.200000762939453,14.96544361114502,9411790,0.0,0.0
2011-08-18 00:00:00-04:00,18.5,18.700000762939453,17.700000762939453,17.799999237060547,13.874202728271484,12093480,0.0,0.0
2011-08-19 00:00:00-04:00,17.200000762939453,18.200000762939453,17.0,17.700000762939453,13.796260833740234,9425170,0.0,0.0
2011-08-22 00:00:00-04:00,18.100000381469727,18.299999237060547,16.600000381469727,17.100000381469727,13.328595161437988,13744950,0.0,0.0
2011-08-23 00:00:00-04:00,17.0,17.100000381469727,15.899999618530273,16.899999618530273,13.172698020935059,19084410,0.0,0.0
2011-08-24 00:00:00-04:00,16.600000381469727,17.799999237060547,16.5,17.5,13.640371322631836,12804600,0.0,0.0
2011-08-25 00:00:00-04:00,17.5,17.899999618530273,16.799999237060547,16.899999618530273,13.172698020935059,6322050,0.0,0.0
2011-08-26 00:00:00-04:00,16.700000762939453,17.299999237060547,16.5,17.0,13.25064468383789,6452480,0.0,0.0
2011-08-29 00:00:00-04:00,17.299999237060547,18.100000381469727,17.299999237060547,18.100000381469727,14.10804271697998,6438520,0.0,0.0
2011-08-30 00:00:00-04:00,17.799999237060547,18.299999237060547,17.700000762939453,18.0,14.030094146728516,10542740,0.0,0.0
2011-08-31 00:00:00-04:00,18.299999237060547,18.700000762939453,17.799999237060547,18.0,14.030094146728516,7743360,0.0,0.0
2011-09-01 00:00:00-04:00,18.100000381469727,18.600000381469727,17.600000381469727,17.600000381469727,13.718317031860352,6246670,0.0,0.0
2011-09-02 00:00:00-04:00,17.200000762939453,17.600000381469727,17.100000381469727,17.200000762939453,13.406538009643555,3339010,0.0,0.0
2011-09-06 00:00:00-04:00,16.700000762939453,17.0,16.600000381469727,16.899999618530273,13.172698020935059,3399190,0.0,0.0
2011-09-07 00:00:00-04:00,17.299999237060547,18.0,17.200000762939453,18.0,14.030094146728516,4689760,0.0,0.0
2011-09-08 00:00:00-04:00,17.700000762939453,18.299999237060547,17.200000762939453,17.5,13.640371322631836,6104710,0.0,0.0
2011-09-09 00:00:00-04:00,17.200000762939453,17.600000381469727,17.0,17.200000762939453,13.406538009643555,2952880,0.0,0.0
2011-09-12 00:00:00-04:00,16.799999237060547,17.200000762939453,16.600000381469727,16.700000762939453,13.016816139221191,5738960,0.0,0.0
2011-09-13 00:00:00-04:00,16.899999618530273,17.200000762939453,16.799999237060547,16.899999618530273,13.172698020935059,4464380,0.0,0.0
2011-09-14 00:00:00-04:00,17.100000381469727,18.5,17.0,18.0,14.030094146728516,18983710,0.0,0.0
2011-09-15 00:00:00-04:00,18.0,18.399999618530273,17.700000762939453,18.399999618530273,14.341877937316895,8445300,0.0,0.0
2011-09-16 00:00:00-04:00,18.399999618530273,18.600000381469727,18.100000381469727,18.299999237060547,14.263930320739746,4873430,0.0,0.0
2011-09-19 00:00:00-04:00,17.899999618530273,18.100000381469727,17.799999237060547,18.0,14.030094146728516,4502640,0.0,0.0
2011-09-20 00:00:00-04:00,18.100000381469727,18.200000762939453,17.799999237060547,17.799999237060547,13.874202728271484,3293750,0.0,0.0
2011-09-21 00:00:00-04:00,18.0,18.899999618530273,17.899999618530273,18.100000381469727,14.10804271697998,7294200,0.0,0.0
2011-09-22 00:00:00-04:00,17.5,17.700000762939453,16.600000381469727,16.799999237060547,13.094755172729492,13523670,0.0,0.0
2011-09-23 00:00:00-04:00,16.799999237060547,17.200000762939453,16.700000762939453,17.0,13.25064468383789,5710970,0.0,0.0
2011-09-26 00:00:00-04:00,17.399999618530273,17.399999618530273,16.100000381469727,16.700000762939453,13.016816139221191,13536230,0.0,0.0
2011-09-27 00:00:00-04:00,17.100000381469727,17.399999618530273,16.899999618530273,16.899999618530273,13.172698020935059,7434860,0.0,0.0
2011-09-28 00:00:00-04:00,17.0,17.399999618530273,16.5,16.600000381469727,12.938863754272461,6633230,0.0,0.0
2011-09-29 00:00:00-04:00,17.0,17.0,14.600000381469727,14.899999618530273,11.613801956176758,19404880,0.0,0.0
2011-09-30 00:00:00-04:00,14.600000381469727,15.399999618530273,14.399999618530273,15.100000381469727,11.769694328308105,7610210,0.0,0.0
2011-10-03 00:00:00-04:00,14.699999809265137,15.699999809265137,14.399999618530273,14.5,11.302022933959961,9786020,0.0,0.0
2011-10-04 00:00:00-04:00,14.0,15.199999809265137,12.699999809265137,14.699999809265137,11.45791244506836,18012170,0.0,0.0
2011-10-05 00:00:00-04:00,14.899999618530273,14.899999618530273,14.100000381469727,14.699999809265137,11.45791244506836,4611620,0.0,0.0
2011-10-06 00:00:00-04:00,14.5,15.699999809265137,14.5,15.100000381469727,11.769694328308105,8682390,0.0,0.0
2011-10-07 00:00:00-04:00,15.300000190734863,15.699999809265137,15.100000381469727,15.199999809265137,11.847638130187988,6486180,0.0,0.0
2011-10-10 00:00:00-04:00,15.399999618530273,16.600000381469727,15.300000190734863,16.5,12.860925674438477,6570950,0.0,0.0
2011-10-11 00:00:00-04:00,16.399999618530273,17.200000762939453,16.299999237060547,16.600000381469727,12.938863754272461,4743880,0.0,0.0
2011-10-12 00:00:00-04:00,17.0,17.5,16.799999237060547,17.100000381469727,13.328595161437988,5867280,0.0,0.0
2011-10-13 00:00:00-04:00,17.200000762939453,17.399999618530273,16.700000762939453,17.200000762939453,13.406538009643555,4435380,0.0,0.0
2011-10-14 00:00:00-04:00,17.600000381469727,18.0,17.399999618530273,18.0,14.030094146728516,7375750,0.0,0.0
2011-10-17 00:00:00-04:00,18.299999237060547,18.600000381469727,17.5,17.700000762939453,13.796260833740234,5983400,0.0,0.0
2011-10-18 00:00:00-04:00,17.700000762939453,18.0,17.5,17.700000762939453,13.796260833740234,8215910,0.0,0.0
2011-10-19 00:00:00-04:00,17.700000762939453,17.799999237060547,17.200000762939453,17.200000762939453,13.406538009643555,3520310,0.0,0.0
2011-10-20 00:00:00-04:00,17.299999237060547,17.700000762939453,17.0,17.5,13.640371322631836,6234980,0.0,0.0
2011-10-21 00:00:00-04:00,17.799999237060547,18.399999618530273,17.5,17.799999237060547,13.874202728271484,4509500,0.0,0.0
2011-10-24 00:00:00-04:00,18.100000381469727,18.399999618530273,17.799999237060547,18.399999618530273,14.341877937316895,4374410,0.0,0.0
2011-10-25 00:00:00-04:00,18.0,18.399999618530273,17.899999618530273,18.0,14.030094146728516,3182370,0.0,0.0
2011-10-26 00:00:00-04:00,18.200000762939453,18.399999618530273,17.600000381469727,17.899999618530273,13.952154159545898,3363590,0.0,0.0
2011-10-27 00:00:00-04:00,18.399999618530273,18.600000381469727,18.0,18.299999237060547,14.263930320739746,10217250,0.0,0.0
2011-10-28 00:00:00-04:00,18.200000762939453,18.5,18.100000381469727,18.399999618530273,14.341877937316895,2980650,0.0,0.0
2011-10-31 00:00:00-04:00,18.200000762939453,18.299999237060547,17.899999618530273,17.899999618530273,13.952154159545898,4846610,0.0,0.0
2011-11-01 00:00:00-04:00,16.899999618530273,18.299999237060547,16.5,17.299999237060547,13.484480857849121,9270150,0.0,0.0
2011-11-02 00:00:00-04:00,17.600000381469727,17.700000762939453,16.700000762939453,16.799999237060547,13.094755172729492,7430200,0.0,0.0
2011-11-03 00:00:00-04:00,16.899999618530273,17.100000381469727,16.5,16.5,12.860925674438477,7169770,0.0,0.0
2011-11-04 00:00:00-04:00,16.5,17.299999237060547,16.399999618530273,16.799999237060547,13.094755172729492,6650850,0.0,0.0
2011-11-07 00:00:00-05:00,17.0,17.299999237060547,16.899999618530273,17.0,13.25064468383789,4126270,0.0,0.0
2011-11-08 00:00:00-05:00,17.299999237060547,17.5,16.700000762939453,17.5,13.640371322631836,8476370,0.0,0.0
2011-11-09 00:00:00-05:00,17.200000762939453,17.5,16.399999618530273,16.399999618530273,12.782975196838379,14726410,0.0,0.0
2011-11-10 00:00:00-05:00,16.799999237060547,17.0,16.100000381469727,16.899999618530273,13.172698020935059,6188080,0.0,0.0
2011-11-11 00:00:00-05:00,16.799999237060547,17.200000762939453,16.799999237060547,17.0,13.25064468383789,4200070,0.0,0.0
2011-11-14 00:00:00-05:00,17.0,17.200000762939453,16.799999237060547,16.799999237060547,13.094755172729492,4251820,0.0,0.0
2011-11-15 00:00:00-05:00,16.700000762939453,16.899999618530273,16.700000762939453,16.899999618530273,13.172698020935059,2397810,0.0,0.0
2011-11-16 00:00:00-05:00,16.799999237060547,17.100000381469727,16.5,16.600000381469727,12.938863754272461,4462520,0.0,0.0
2011-11-17 00:00:00-05:00,17.100000381469727,17.5,16.899999618530273,17.399999618530273,13.562426567077637,9972000,0.0,0.0
2011-11-18 00:00:00-05:00,17.700000762939453,18.299999237060547,17.600000381469727,17.799999237060547,13.874202728271484,8692770,0.0,0.0
2011-11-21 00:00:00-05:00,17.5,18.899999618530273,17.5,18.5,14.419821739196777,12338010,0.0,0.0
2011-11-22 00:00:00-05:00,18.799999237060547,19.200000762939453,18.100000381469727,18.700000762939453,14.575716972351074,10179740,0.0,0.0
2011-11-23 00:00:00-05:00,18.5,18.5,17.200000762939453,17.399999618530273,13.562426567077637,8277650,0.0,0.0
2011-11-25 00:00:00-05:00,17.399999618530273,17.899999618530273,17.200000762939453,17.5,13.640371322631836,2601540,0.0,0.0
2011-11-28 00:00:00-05:00,18.0,18.100000381469727,17.600000381469727,17.700000762939453,13.796260833740234,3566390,0.0,0.0
2011-11-29 00:00:00-05:00,17.600000381469727,17.899999618530273,17.200000762939453,17.200000762939453,13.406538009643555,2304140,0.0,0.0
2011-11-30 00:00:00-05:00,17.700000762939453,18.299999237060547,17.5,18.0,14.030094146728516,7502010,0.0,0.0
2011-12-01 00:00:00-05:00,18.100000381469727,18.799999237060547,17.899999618530273,18.799999237060547,14.653655052185059,8178930,0.0,0.0
2011-12-02 00:00:00-05:00,19.100000381469727,19.200000762939453,18.399999618530273,18.600000381469727,14.497762680053711,3925960,0.0,0.0
2011-12-05 00:00:00-05:00,18.700000762939453,18.799999237060547,18.0,18.100000381469727,14.10804271697998,4013660,0.0,0.0
2011-12-06 00:00:00-05:00,18.100000381469727,18.200000762939453,17.799999237060547,17.899999618530273,13.952154159545898,2518820,0.0,0.0
2011-12-07 00:00:00-05:00,18.0,18.0,17.600000381469727,17.799999237060547,13.874202728271484,3524600,0.0,0.0
2011-12-08 00:00:00-05:00,17.700000762939453,17.799999237060547,17.0,17.0,13.25064468383789,3861400,0.0,0.0
2011-12-09 00:00:00-05:00,17.399999618530273,18.200000762939453,17.299999237060547,17.5,13.640371322631836,6669370,0.0,0.0
2011-12-12 00:00:00-05:00,17.299999237060547,18.200000762939453,17.200000762939453,17.700000762939453,13.796260833740234,4477520,0.0,0.0
2011-12-13 00:00:00-05:00,18.0,18.5,17.899999618530273,18.0,14.030094146728516,4437300,0.0,0.0
2011-12-14 00:00:00-05:00,17.799999237060547,18.0,17.600000381469727,17.600000381469727,13.718317031860352,3236010,0.0,0.0
2011-12-15 00:00:00-05:00,18.0,18.200000762939453,17.600000381469727,17.799999237060547,13.874202728271484,2688120,0.0,0.0
2011-12-16 00:00:00-05:00,18.0,18.100000381469727,17.700000762939453,17.700000762939453,13.796260833740234,3530080,0.0,0.0
2011-12-19 00:00:00-05:00,17.799999237060547,18.299999237060547,17.799999237060547,18.100000381469727,14.10804271697998,3948570,0.0,0.0
2011-12-20 00:00:00-05:00,18.299999237060547,18.399999618530273,18.0,18.299999237060547,14.263930320739746,3449490,0.0,0.0
2011-12-21 00:00:00-05:00,18.100000381469727,18.200000762939453,17.899999618530273,18.0,14.030094146728516,2024810,0.0,0.0
2011-12-22 00:00:00-05:00,18.0,18.200000762939453,17.899999618530273,17.899999618530273,13.952154159545898,1970220,0.0,0.0
2011-12-23 00:00:00-05:00,17.899999618530273,18.100000381469727,17.799999237060547,18.100000381469727,14.10804271697998,1751170,0.0,0.0
2011-12-27 00:00:00-05:00,18.0,18.200000762939453,17.899999618530273,18.200000762939453,14.185986518859863,2015740,0.0,0.0
2011-12-28 00:00:00-05:00,18.100000381469727,18.299999237060547,18.0,18.100000381469727,14.10804271697998,2343330,0.0,0.0
2011-12-29 00:00:00-05:00,18.100000381469727,18.299999237060547,18.0,18.200000762939453,14.185986518859863,2043570,0.0,0.0
2011-12-30 00:00:00-05:00,18.100000381469727,18.299999237060547,18.100000381469727,18.200000762939453,14.185986518859863,1971530,0.0,0.0
2012-01-03 00:00:00-05:00,18.399999618530273,18.799999237060547,18.299999237060547,18.600000381469727,14.497762680053711,4406730,0.0,0.0
2012-01-04 00:00:00-05:00,18.5,19.200000762939453,18.0,18.299999237060547,14.263930320739746,6935540,0.0,0.0
2012-01-05 00:00:00-05:00,19.0,20.399999618530273,18.799999237060547,20.399999618530273,15.900779724121094,12183910,0.0,0.0
2012-01-06 00:00:00-05:00,20.5,20.600000381469727,19.700000762939453,20.0,15.588994026184082,4605240,0.0,0.0
2012-01-09 00:00:00-05:00,20.200000762939453,20.799999237060547,20.0,20.5,15.978726387023926,7556530,0.0,0.0
2012-01-10 00:00:00-05:00,20.700000762939453,20.899999618530273,20.399999618530273,20.5,15.978726387023926,5965910,0.0,0.0
2012-01-11 00:00:00-05:00,20.399999618530273,20.600000381469727,20.200000762939453,20.399999618530273,15.900779724121094,3688980,0.0,0.0
2012-01-12 00:00:00-05:00,20.5,21.200000762939453,20.399999618530273,21.100000381469727,16.446392059326172,7126190,0.0,0.0
2012-01-13 00:00:00-05:00,21.100000381469727,21.700000762939453,21.100000381469727,21.399999618530273,16.680227279663086,8127510,0.0,0.0
2012-01-17 00:00:00-05:00,21.600000381469727,21.899999618530273,21.399999618530273,21.600000381469727,16.83611297607422,6542320,0.0,0.0
2012-01-18 00:00:00-05:00,21.299999237060547,21.700000762939453,21.299999237060547,21.600000381469727,16.83611297607422,6314540,0.0,0.0
2012-01-19 00:00:00-05:00,21.600000381469727,21.799999237060547,21.399999618530273,21.600000381469727,16.83611297607422,6336260,0.0,0.0
2012-01-20 00:00:00-05:00,21.5,21.5,20.799999237060547,21.0,16.368446350097656,5697700,0.0,0.0
2012-01-23 00:00:00-05:00,20.399999618530273,21.200000762939453,20.299999237060547,21.0,16.368446350097656,4993600,0.0,0.0
2012-01-24 00:00:00-05:00,20.899999618530273,21.5,20.700000762939453,20.799999237060547,16.212554931640625,4093680,0.0,0.0
2012-01-25 00:00:00-05:00,21.0,21.0,20.600000381469727,20.799999237060547,16.212554931640625,7222850,0.0,0.0
2012-01-26 00:00:00-05:00,21.0,21.200000762939453,20.600000381469727,20.799999237060547,16.212554931640625,9113660,0.0,0.0
2012-01-27 00:00:00-05:00,20.5,20.700000762939453,20.399999618530273,20.399999618530273,15.900779724121094,5581220,0.0,0.0
2012-01-30 00:00:00-05:00,20.299999237060547,20.399999618530273,20.0,20.299999237060547,15.82282829284668,7504400,0.0,0.0
2012-01-31 00:00:00-05:00,20.5,20.899999618530273,20.299999237060547,20.799999237060547,16.212554931640625,6684180,0.0,0.0
2012-02-01 00:00:00-05:00,21.0,21.600000381469727,20.899999618530273,21.399999618530273,16.680227279663086,7400030,0.0,0.0
2012-02-02 00:00:00-05:00,21.600000381469727,21.600000381469727,21.100000381469727,21.200000762939453,16.524335861206055,3099410,0.0,0.0
2012-02-03 00:00:00-05:00,21.399999618530273,21.600000381469727,21.299999237060547,21.5,16.758169174194336,6718190,0.0,0.0
2012-02-06 00:00:00-05:00,21.399999618530273,21.600000381469727,21.299999237060547,21.5,16.758169174194336,2793030,0.0,0.0
2012-02-07 00:00:00-05:00,21.399999618530273,21.399999618530273,20.899999618530273,21.200000762939453,16.524335861206055,5747450,0.0,0.0
2012-02-08 00:00:00-05:00,21.200000762939453,21.899999618530273,21.0,21.899999618530273,17.069944381713867,10417540,0.0,0.0
2012-02-09 00:00:00-05:00,21.600000381469727,22.0,21.299999237060547,21.899999618530273,17.069944381713867,11436060,0.0,0.0
2012-02-10 00:00:00-05:00,21.399999618530273,21.899999618530273,21.299999237060547,21.5,16.758169174194336,4978840,0.0,0.0
2012-02-13 00:00:00-05:00,21.5,21.600000381469727,21.299999237060547,21.5,16.758169174194336,3015560,0.0,0.0
2012-02-14 00:00:00-05:00,21.399999618530273,21.700000762939453,21.299999237060547,21.5,16.758169174194336,3459700,0.0,0.0
2012-02-15 00:00:00-05:00,21.600000381469727,21.799999237060547,21.399999618530273,21.399999618530273,16.680227279663086,4013060,0.0,0.0
2012-02-16 00:00:00-05:00,21.399999618530273,21.600000381469727,21.399999618530273,21.5,16.758169174194336,1896840,0.0,0.0
2012-02-17 00:00:00-05:00,21.5,21.600000381469727,21.299999237060547,21.5,16.758169174194336,3329500,0.0,0.0
2012-02-21 00:00:00-05:00,21.399999618530273,21.5,21.100000381469727,21.200000762939453,16.524335861206055,4000760,0.0,0.0
2012-02-22 00:00:00-05:00,21.100000381469727,21.200000762939453,20.799999237060547,20.899999618530273,16.290496826171875,5414580,0.0,0.0
2012-02-23 00:00:00-05:00,21.0,21.200000762939453,20.899999618530273,21.0,16.368446350097656,3659040,0.0,0.0
2012-02-24 00:00:00-05:00,21.0,22.0,20.899999618530273,22.0,17.147890090942383,11562640,0.0,0.0
2012-02-27 00:00:00-05:00,21.899999618530273,22.5,21.700000762939453,22.299999237060547,17.381731033325195,6372770,0.0,0.0
2012-02-28 00:00:00-05:00,22.399999618530273,22.5,21.700000762939453,22.200000762939453,17.30378532409668,5531330,0.0,0.0
2012-02-29 00:00:00-05:00,22.5,22.799999237060547,22.299999237060547,22.600000381469727,17.615568161010742,9389650,0.0,0.0
2012-03-01 00:00:00-05:00,22.700000762939453,22.799999237060547,22.299999237060547,22.299999237060547,17.381731033325195,4731650,0.0,0.0
2012-03-02 00:00:00-05:00,22.299999237060547,23.399999618530273,22.200000762939453,23.100000381469727,18.005290985107422,10439870,0.0,0.0
2012-03-05 00:00:00-05:00,23.399999618530273,23.5,22.5,22.600000381469727,17.615568161010742,5042890,0.0,0.0
2012-03-06 00:00:00-05:00,22.299999237060547,22.399999618530273,22.0,22.200000762939453,17.30378532409668,4875450,0.0,0.0
2012-03-07 00:00:00-05:00,22.299999237060547,22.600000381469727,22.200000762939453,22.5,17.53762435913086,2519940,0.0,0.0
2012-03-08 00:00:00-05:00,22.600000381469727,23.0,22.600000381469727,23.0,17.92734718322754,4329240,0.0,0.0
2012-03-09 00:00:00-05:00,23.299999237060547,23.600000381469727,23.200000762939453,23.5,18.317073822021484,6407430,0.0,0.0
2012-03-12 00:00:00-04:00,23.5,23.5,22.899999618530273,23.200000762939453,18.08323860168457,3663560,0.0,0.0
2012-03-13 00:00:00-04:00,23.399999618530273,23.399999618530273,22.799999237060547,22.899999618530273,17.849407196044922,4933620,0.0,0.0
2012-03-14 00:00:00-04:00,23.0,23.100000381469727,22.799999237060547,22.899999618530273,17.849407196044922,2137620,0.0,0.0
2012-03-15 00:00:00-04:00,22.899999618530273,23.0,22.700000762939453,22.799999237060547,17.77146339416504,2778720,0.0,0.0
2012-03-16 00:00:00-04:00,22.700000762939453,22.799999237060547,22.600000381469727,22.600000381469727,17.615568161010742,2787110,0.0,0.0
2012-03-19 00:00:00-04:00,22.600000381469727,22.799999237060547,22.5,22.700000762939453,17.693513870239258,2190350,0.0,0.0
2012-03-20 00:00:00-04:00,22.5,22.799999237060547,22.5,22.600000381469727,17.615568161010742,2113750,0.0,0.0
2012-03-21 00:00:00-04:00,22.600000381469727,22.700000762939453,22.5,22.600000381469727,17.615568161010742,982550,0.0,0.0
2012-03-22 00:00:00-04:00,22.600000381469727,22.700000762939453,22.5,22.700000762939453,17.693513870239258,1323310,0.0,0.0
2012-03-23 00:00:00-04:00,22.600000381469727,22.700000762939453,22.5,22.600000381469727,17.615568161010742,1550060,0.0,0.0
2012-03-26 00:00:00-04:00,22.600000381469727,22.799999237060547,22.299999237060547,22.5,17.53762435913086,5262100,0.0,0.0
2012-03-27 00:00:00-04:00,22.399999618530273,22.600000381469727,22.0,22.5,17.53762435913086,7527010,0.0,0.0
2012-03-28 00:00:00-04:00,22.5,22.700000762939453,22.299999237060547,22.399999618530273,17.45967674255371,4081250,0.0,0.0
2012-03-29 00:00:00-04:00,22.399999618530273,22.5,22.0,22.100000381469727,17.225833892822266,5464940,0.0,0.0
2012-03-30 00:00:00-04:00,22.799999237060547,23.299999237060547,22.600000381469727,23.100000381469727,18.005290985107422,11285240,0.0,0.0
2012-04-02 00:00:00-04:00,23.100000381469727,24.100000381469727,23.0,24.0,18.70679473876953,14095370,0.0,0.0
2012-04-03 00:00:00-04:00,23.600000381469727,23.899999618530273,23.100000381469727,23.299999237060547,18.16118049621582,10501590,0.0,0.0
2012-04-04 00:00:00-04:00,23.0,23.299999237060547,22.399999618530273,22.899999618530273,17.849407196044922,9489420,0.0,0.0
2012-04-05 00:00:00-04:00,22.799999237060547,23.5,22.799999237060547,23.5,18.317073822021484,6099950,0.0,0.0
2012-04-09 00:00:00-04:00,23.100000381469727,23.399999618530273,22.899999618530273,23.299999237060547,18.16118049621582,3260540,0.0,0.0
2012-04-10 00:00:00-04:00,23.200000762939453,23.299999237060547,21.899999618530273,22.200000762939453,17.30378532409668,7608020,0.0,0.0
2012-04-11 00:00:00-04:00,22.700000762939453,22.799999237060547,22.299999237060547,22.5,17.53762435913086,3579690,0.0,0.0
2012-04-12 00:00:00-04:00,22.399999618530273,22.600000381469727,22.299999237060547,22.600000381469727,17.615568161010742,3503210,0.0,0.0
2012-04-13 00:00:00-04:00,22.399999618530273,22.5,22.200000762939453,22.299999237060547,17.381731033325195,2263070,0.0,0.0
2012-04-16 00:00:00-04:00,22.299999237060547,22.5,21.5,21.700000762939453,16.914064407348633,6139640,0.0,0.0
2012-04-17 00:00:00-04:00,21.899999618530273,22.600000381469727,21.799999237060547,22.399999618530273,17.45967674255371,5615690,0.0,0.0
2012-04-18 00:00:00-04:00,22.200000762939453,22.700000762939453,22.100000381469727,22.700000762939453,17.693513870239258,3076630,0.0,0.0
2012-04-19 00:00:00-04:00,22.600000381469727,22.700000762939453,22.100000381469727,22.399999618530273,17.45967674255371,3552190,0.0,0.0
2012-04-20 00:00:00-04:00,22.299999237060547,22.399999618530273,22.0,22.299999237060547,17.381731033325195,4657660,0.0,0.0
2012-04-23 00:00:00-04:00,22.0,22.100000381469727,21.100000381469727,21.399999618530273,16.680227279663086,4984180,0.0,0.0
2012-04-24 00:00:00-04:00,21.700000762939453,22.0,21.600000381469727,21.899999618530273,17.069944381713867,4098570,0.0,0.0
2012-04-25 00:00:00-04:00,22.200000762939453,22.200000762939453,21.899999618530273,22.100000381469727,17.225833892822266,2256670,0.0,0.0
2012-04-26 00:00:00-04:00,22.0,22.200000762939453,21.5,22.0,17.147890090942383,3288060,0.0,0.0
2012-04-27 00:00:00-04:00,22.0,22.399999618530273,21.600000381469727,22.100000381469727,17.225833892822266,3967330,0.0,0.0
2012-04-30 00:00:00-04:00,22.100000381469727,22.700000762939453,22.100000381469727,22.600000381469727,17.615568161010742,5168530,0.0,0.0
2012-05-01 00:00:00-04:00,22.600000381469727,23.100000381469727,22.200000762939453,22.299999237060547,17.381731033325195,9904160,0.0,0.0
2012-05-02 00:00:00-04:00,22.399999618530273,22.700000762939453,22.100000381469727,22.5,17.53762435913086,4290880,0.0,0.0
2012-05-03 00:00:00-04:00,22.299999237060547,22.5,21.799999237060547,22.100000381469727,17.225833892822266,3708130,0.0,0.0
2012-05-04 00:00:00-04:00,21.899999618530273,22.399999618530273,21.299999237060547,21.600000381469727,16.83611297607422,8807480,0.0,0.0
2012-05-07 00:00:00-04:00,21.299999237060547,21.799999237060547,21.100000381469727,21.700000762939453,16.914064407348633,9289780,0.0,0.0
2012-05-08 00:00:00-04:00,22.399999618530273,22.5,20.700000762939453,21.399999618530273,16.680227279663086,16053830,0.0,0.0
2012-05-09 00:00:00-04:00,21.200000762939453,21.899999618530273,20.700000762939453,21.799999237060547,16.992002487182617,14400270,0.0,0.0
2012-05-10 00:00:00-04:00,22.0,22.100000381469727,21.200000762939453,21.799999237060547,16.992002487182617,9160630,0.0,0.0
2012-05-11 00:00:00-04:00,21.700000762939453,21.799999237060547,21.200000762939453,21.299999237060547,16.602277755737305,3665470,0.0,0.0
2012-05-14 00:00:00-04:00,20.899999618530273,21.100000381469727,19.700000762939453,20.200000762939453,15.744887351989746,9214070,0.0,0.0
2012-05-15 00:00:00-04:00,20.200000762939453,20.200000762939453,19.700000762939453,19.799999237060547,15.433101654052734,8649730,0.0,0.0
2012-05-16 00:00:00-04:00,19.600000381469727,20.200000762939453,19.600000381469727,19.600000381469727,15.277212142944336,6225520,0.0,0.0
2012-05-17 00:00:00-04:00,19.5,19.700000762939453,17.799999237060547,18.299999237060547,14.263930320739746,17657350,0.0,0.0
2012-05-18 00:00:00-04:00,18.0,19.0,17.899999618530273,18.899999618530273,14.731599807739258,9747120,0.0,0.0
2012-05-21 00:00:00-04:00,18.5,19.799999237060547,18.299999237060547,19.799999237060547,15.433101654052734,5666430,0.0,0.0
2012-05-22 00:00:00-04:00,20.100000381469727,20.200000762939453,18.899999618530273,19.600000381469727,15.277212142944336,5345910,0.0,0.0
2012-05-23 00:00:00-04:00,19.200000762939453,20.0,19.100000381469727,19.899999618530273,15.51104736328125,4621970,0.0,0.0
2012-05-24 00:00:00-04:00,19.700000762939453,19.899999618530273,19.5,19.899999618530273,15.51104736328125,2538170,0.0,0.0
2012-05-25 00:00:00-04:00,19.700000762939453,19.700000762939453,19.200000762939453,19.299999237060547,15.043383598327637,1985370,0.0,0.0
2012-05-29 00:00:00-04:00,19.5,19.600000381469727,19.0,19.299999237060547,15.043383598327637,3079150,0.0,0.0
2012-05-30 00:00:00-04:00,19.0,19.100000381469727,18.399999618530273,18.899999618530273,14.731599807739258,4263140,0.0,0.0
2012-05-31 00:00:00-04:00,19.100000381469727,19.299999237060547,18.600000381469727,18.899999618530273,14.731599807739258,5684310,0.0,0.0
2012-06-01 00:00:00-04:00,18.5,19.399999618530273,18.299999237060547,18.399999618530273,14.341877937316895,3402120,0.0,0.0
2012-06-04 00:00:00-04:00,18.399999618530273,19.0,18.399999618530273,19.0,14.809545516967773,3508900,0.0,0.0
2012-06-05 00:00:00-04:00,18.600000381469727,19.0,18.600000381469727,18.899999618530273,14.731599807739258,3078060,0.0,0.0
2012-06-06 00:00:00-04:00,19.0,19.200000762939453,19.0,19.200000762939453,14.96544361114502,2931250,0.0,0.0
2012-06-07 00:00:00-04:00,19.100000381469727,19.5,18.600000381469727,18.600000381469727,14.497762680053711,3669310,0.0,0.0
2012-06-08 00:00:00-04:00,18.5,19.0,18.5,18.600000381469727,14.497762680053711,1621230,0.0,0.0
2012-06-11 00:00:00-04:00,18.700000762939453,18.799999237060547,18.600000381469727,18.600000381469727,14.497762680053711,1233810,0.0,0.0
2012-06-12 00:00:00-04:00,18.700000762939453,18.899999618530273,18.5,18.600000381469727,14.497762680053711,1971430,0.0,0.0
2012-06-13 00:00:00-04:00,18.600000381469727,18.799999237060547,18.100000381469727,18.299999237060547,14.263930320739746,3220360,0.0,0.0
2012-06-14 00:00:00-04:00,18.200000762939453,18.600000381469727,18.0,18.600000381469727,14.497762680053711,3280830,0.0,0.0
2012-06-15 00:00:00-04:00,18.5,18.700000762939453,18.200000762939453,18.700000762939453,14.575716972351074,3776440,0.0,0.0
2012-06-18 00:00:00-04:00,18.5,18.600000381469727,18.100000381469727,18.399999618530273,14.341877937316895,4187610,0.0,0.0
2012-06-19 00:00:00-04:00,18.200000762939453,19.200000762939453,18.100000381469727,19.100000381469727,14.887489318847656,5573540,0.0,0.0
2012-06-20 00:00:00-04:00,19.0,19.200000762939453,18.799999237060547,19.200000762939453,14.96544361114502,2235480,0.0,0.0
2012-06-21 00:00:00-04:00,19.100000381469727,19.200000762939453,18.700000762939453,18.799999237060547,14.653655052185059,3569720,0.0,0.0
2012-06-22 00:00:00-04:00,18.700000762939453,19.200000762939453,18.700000762939453,18.899999618530273,14.731599807739258,4112700,0.0,0.0
2012-06-25 00:00:00-04:00,18.899999618530273,19.0,18.0,18.200000762939453,14.185986518859863,4869550,0.0,0.0
2012-06-26 00:00:00-04:00,18.200000762939453,18.5,18.200000762939453,18.399999618530273,14.341877937316895,2348440,0.0,0.0
2012-06-27 00:00:00-04:00,18.299999237060547,18.899999618530273,18.299999237060547,18.700000762939453,14.575716972351074,1743860,0.0,0.0
2012-06-28 00:00:00-04:00,18.5,18.700000762939453,18.399999618530273,18.600000381469727,14.497762680053711,1856540,0.0,0.0
2012-06-29 00:00:00-04:00,18.799999237060547,18.899999618530273,18.200000762939453,18.5,14.419821739196777,3707760,0.0,0.0
2012-07-02 00:00:00-04:00,18.399999618530273,19.899999618530273,18.399999618530273,19.899999618530273,15.51104736328125,6784460,0.0,0.0
2012-07-03 00:00:00-04:00,19.899999618530273,20.799999237060547,19.799999237060547,20.399999618530273,15.900779724121094,5360790,0.0,0.0
2012-07-05 00:00:00-04:00,20.399999618530273,21.299999237060547,20.399999618530273,20.899999618530273,16.290496826171875,5242120,0.0,0.0
2012-07-06 00:00:00-04:00,20.799999237060547,20.899999618530273,20.200000762939453,20.5,15.978726387023926,2973710,0.0,0.0
2012-07-09 00:00:00-04:00,21.100000381469727,21.200000762939453,20.5,20.799999237060547,16.212554931640625,4908800,0.0,0.0
2012-07-10 00:00:00-04:00,20.799999237060547,20.899999618530273,20.200000762939453,20.5,15.978726387023926,4358940,0.0,0.0
2012-07-11 00:00:00-04:00,20.399999618530273,20.700000762939453,20.200000762939453,20.299999237060547,15.82282829284668,2308020,0.0,0.0
2012-07-12 00:00:00-04:00,20.100000381469727,20.799999237060547,19.899999618530273,20.700000762939453,16.134611129760742,3836880,0.0,0.0
2012-07-13 00:00:00-04:00,20.600000381469727,21.0,20.100000381469727,20.5,15.978726387023926,4508810,0.0,0.0
2012-07-16 00:00:00-04:00,20.399999618530273,20.799999237060547,20.399999618530273,20.700000762939453,16.134611129760742,3074470,0.0,0.0
2012-07-17 00:00:00-04:00,20.799999237060547,21.0,20.200000762939453,20.899999618530273,16.290496826171875,4983890,0.0,0.0
2012-07-18 00:00:00-04:00,20.799999237060547,21.299999237060547,20.700000762939453,21.100000381469727,16.446392059326172,3749390,0.0,0.0
2012-07-19 00:00:00-04:00,21.200000762939453,21.600000381469727,21.0,21.100000381469727,16.446392059326172,4691200,0.0,0.0
2012-07-20 00:00:00-04:00,21.200000762939453,21.299999237060547,20.799999237060547,21.0,16.368446350097656,4416040,0.0,0.0
2012-07-23 00:00:00-04:00,20.700000762939453,21.0,20.600000381469727,20.799999237060547,16.212554931640625,2179450,0.0,0.0
2012-07-24 00:00:00-04:00,20.700000762939453,20.799999237060547,20.299999237060547,20.399999618530273,15.900779724121094,1729530,0.0,0.0
2012-07-25 00:00:00-04:00,20.5,21.100000381469727,20.399999618530273,20.799999237060547,16.212554931640625,4297880,0.0,0.0
2012-07-26 00:00:00-04:00,21.100000381469727,21.299999237060547,20.799999237060547,21.100000381469727,16.446392059326172,5184220,0.0,0.0
2012-07-27 00:00:00-04:00,21.200000762939453,21.700000762939453,21.0,21.600000381469727,16.83611297607422,6874490,0.0,0.0
2012-07-30 00:00:00-04:00,21.799999237060547,22.0,21.5,21.899999618530273,17.069944381713867,3226110,0.0,0.0
2012-07-31 00:00:00-04:00,21.899999618530273,22.0,21.399999618530273,21.600000381469727,16.83611297607422,2560710,0.0,0.0
2012-08-01 00:00:00-04:00,21.799999237060547,21.799999237060547,20.899999618530273,21.5,16.758169174194336,3438460,0.0,0.0
2012-08-02 00:00:00-04:00,21.399999618530273,21.600000381469727,21.0,21.100000381469727,16.446392059326172,3149110,0.0,0.0
2012-08-03 00:00:00-04:00,21.299999237060547,21.700000762939453,21.200000762939453,21.600000381469727,16.83611297607422,3114120,0.0,0.0
2012-08-06 00:00:00-04:00,21.700000762939453,22.299999237060547,21.700000762939453,22.0,17.147890090942383,6744070,0.0,0.0
2012-08-07 00:00:00-04:00,22.5,23.399999618530273,22.200000762939453,23.0,17.92734718322754,19152860,0.0,0.0
2012-08-08 00:00:00-04:00,22.799999237060547,25.100000381469727,22.799999237060547,24.799999237060547,19.330350875854492,32522190,0.0,0.0
2012-08-09 00:00:00-04:00,24.899999618530273,24.899999618530273,23.299999237060547,24.0,18.70679473876953,12158950,0.0,0.0
2012-08-10 00:00:00-04:00,23.799999237060547,24.899999618530273,23.700000762939453,24.799999237060547,19.330350875854492,13765780,0.0,0.0
2012-08-13 00:00:00-04:00,24.899999618530273,25.200000762939453,24.799999237060547,25.100000381469727,19.564189910888672,7547960,0.0,0.0
2012-08-14 00:00:00-04:00,25.200000762939453,25.399999618530273,24.700000762939453,25.299999237060547,19.720073699951172,8345300,0.0,0.0
2012-08-15 00:00:00-04:00,25.600000381469727,25.700000762939453,24.799999237060547,25.5,19.875972747802734,8171880,0.0,0.0
2012-08-16 00:00:00-04:00,25.5,26.0,25.100000381469727,25.899999618530273,20.1877498626709,8585540,0.0,0.0
2012-08-17 00:00:00-04:00,26.0,26.0,25.5,25.600000381469727,19.953914642333984,3572820,0.0,0.0
2012-08-20 00:00:00-04:00,26.0,26.399999618530273,25.600000381469727,25.600000381469727,19.953914642333984,6803570,0.0,0.0
2012-08-21 00:00:00-04:00,26.0,26.200000762939453,25.600000381469727,25.700000762939453,20.031856536865234,3649020,0.0,0.0
2012-08-22 00:00:00-04:00,25.600000381469727,25.799999237060547,25.5,25.600000381469727,19.953914642333984,2293050,0.0,0.0
2012-08-23 00:00:00-04:00,25.399999618530273,25.399999618530273,24.799999237060547,25.0,19.48624610900879,4655990,0.0,0.0
2012-08-24 00:00:00-04:00,24.799999237060547,25.5,24.700000762939453,25.399999618530273,19.79802894592285,4713670,0.0,0.0
2012-08-27 00:00:00-04:00,25.5,25.600000381469727,25.0,25.399999618530273,19.79802894592285,9867600,0.0,0.0
2012-08-28 00:00:00-04:00,25.5,25.5,25.200000762939453,25.299999237060547,19.720073699951172,3593130,0.0,0.0
2012-08-29 00:00:00-04:00,25.200000762939453,25.5,25.100000381469727,25.399999618530273,19.79802894592285,4135440,0.0,0.0
2012-08-30 00:00:00-04:00,25.299999237060547,25.399999618530273,25.100000381469727,25.399999618530273,19.79802894592285,3626890,0.0,0.0
2012-08-31 00:00:00-04:00,25.100000381469727,25.399999618530273,24.899999618530273,25.299999237060547,19.720073699951172,4625830,0.0,0.0
2012-09-04 00:00:00-04:00,25.299999237060547,25.5,25.100000381469727,25.399999618530273,19.79802894592285,3962750,0.0,0.0
2012-09-05 00:00:00-04:00,25.399999618530273,25.5,24.899999618530273,25.200000762939453,19.642135620117188,2952210,0.0,0.0
2012-09-06 00:00:00-04:00,25.299999237060547,25.600000381469727,25.200000762939453,25.399999618530273,19.79802894592285,3270160,0.0,0.0
2012-09-07 00:00:00-04:00,25.399999618530273,25.600000381469727,25.100000381469727,25.299999237060547,19.720073699951172,5496510,0.0,0.0
2012-09-10 00:00:00-04:00,25.100000381469727,25.299999237060547,25.0,25.100000381469727,19.564189910888672,2604460,0.0,0.0
2012-09-11 00:00:00-04:00,24.899999618530273,25.100000381469727,24.600000381469727,25.0,19.48624610900879,7360950,0.0,0.0
2012-09-12 00:00:00-04:00,25.0,25.0,24.0,24.299999237060547,18.940629959106445,9376630,0.0,0.0
2012-09-13 00:00:00-04:00,24.0,24.899999618530273,23.899999618530273,24.799999237060547,19.330350875854492,6919330,0.0,0.0
2012-09-14 00:00:00-04:00,24.899999618530273,25.200000762939453,24.399999618530273,24.700000762939453,19.252408981323242,5261330,0.0,0.0
2012-09-17 00:00:00-04:00,24.399999618530273,24.5,23.799999237060547,23.899999618530273,18.628854751586914,5366930,0.0,0.0
2012-09-18 00:00:00-04:00,23.700000762939453,24.299999237060547,23.299999237060547,24.299999237060547,18.940629959106445,9744860,0.0,0.0
2012-09-19 00:00:00-04:00,24.200000762939453,24.899999618530273,24.100000381469727,24.899999618530273,19.40829849243164,7467950,0.0,0.0
2012-09-20 00:00:00-04:00,24.700000762939453,25.899999618530273,24.299999237060547,25.700000762939453,20.031856536865234,11741020,0.0,0.0
2012-09-21 00:00:00-04:00,25.600000381469727,25.799999237060547,25.299999237060547,25.399999618530273,19.79802894592285,6265560,0.0,0.0
2012-09-24 00:00:00-04:00,25.299999237060547,25.399999618530273,25.0,25.100000381469727,19.564189910888672,4307720,0.0,0.0
2012-09-25 00:00:00-04:00,25.100000381469727,25.299999237060547,24.700000762939453,24.799999237060547,19.330350875854492,6696880,0.0,0.0
2012-09-26 00:00:00-04:00,24.700000762939453,25.299999237060547,24.399999618530273,25.0,19.48624610900879,7293490,0.0,0.0
2012-09-27 00:00:00-04:00,25.100000381469727,26.0,25.100000381469727,25.899999618530273,20.1877498626709,7774380,0.0,0.0
2012-09-28 00:00:00-04:00,25.799999237060547,26.0,25.399999618530273,25.899999618530273,20.1877498626709,5692920,0.0,0.0
2012-10-01 00:00:00-04:00,25.899999618530273,26.200000762939453,25.600000381469727,25.700000762939453,20.031856536865234,5993780,0.0,0.0
2012-10-02 00:00:00-04:00,26.5,26.799999237060547,26.0,26.200000762939453,20.42158317565918,8911710,0.0,0.0
2012-10-03 00:00:00-04:00,26.5,27.299999237060547,26.399999618530273,27.299999237060547,21.27897834777832,9260800,0.0,0.0
2012-10-04 00:00:00-04:00,27.5,27.5,26.799999237060547,27.0,21.045143127441406,4301340,0.0,0.0
2012-10-05 00:00:00-04:00,27.0,27.299999237060547,26.399999618530273,26.899999618530273,20.96719741821289,5214280,0.0,0.0
2012-10-08 00:00:00-04:00,26.700000762939453,26.899999618530273,26.5,26.700000762939453,20.811307907104492,3186190,0.0,0.0
2012-10-09 00:00:00-04:00,26.899999618530273,27.100000381469727,26.299999237060547,26.299999237060547,20.49953269958496,8830630,0.0,0.0
2012-10-10 00:00:00-04:00,26.5,27.600000381469727,26.399999618530273,27.5,21.43486976623535,22415790,0.0,0.0
2012-10-11 00:00:00-04:00,27.700000762939453,27.899999618530273,27.299999237060547,27.299999237060547,21.27897834777832,7328570,0.0,0.0
2012-10-12 00:00:00-04:00,27.399999618530273,27.799999237060547,27.0,27.799999237060547,21.668704986572266,5793810,0.0,0.0
2012-10-15 00:00:00-04:00,27.799999237060547,28.0,27.600000381469727,28.0,21.82459259033203,5900220,0.0,0.0
2012-10-16 00:00:00-04:00,28.100000381469727,28.5,27.799999237060547,28.399999618530273,22.136381149291992,8759380,0.0,0.0
2012-10-17 00:00:00-04:00,28.600000381469727,28.600000381469727,28.0,28.399999618530273,22.136381149291992,6208550,0.0,0.0
2012-10-18 00:00:00-04:00,28.399999618530273,29.700000762939453,28.200000762939453,29.399999618530273,22.91582489013672,17436800,0.0,0.0
2012-10-19 00:00:00-04:00,29.5,29.700000762939453,28.799999237060547,29.200000762939453,22.759939193725586,13792480,0.0,0.0
2012-10-22 00:00:00-04:00,29.399999618530273,29.5,28.5,29.100000381469727,22.681991577148438,7392080,0.0,0.0
2012-10-23 00:00:00-04:00,28.799999237060547,28.799999237060547,28.0,28.700000762939453,22.37020492553711,4770890,0.0,0.0
2012-10-24 00:00:00-04:00,28.5,29.299999237060547,28.399999618530273,28.899999618530273,22.526098251342773,8283240,0.0,0.0
2012-10-25 00:00:00-04:00,29.200000762939453,29.200000762939453,27.899999618530273,28.5,22.214319229125977,10179190,0.0,0.0
2012-10-26 00:00:00-04:00,28.5,28.899999618530273,28.100000381469727,28.200000762939453,21.980484008789062,7328310,0.0,0.0
2012-10-31 00:00:00-04:00,28.399999618530273,28.399999618530273,27.399999618530273,28.0,21.82459259033203,6066630,0.0,0.0
2012-11-01 00:00:00-04:00,28.100000381469727,29.600000381469727,28.100000381469727,28.100000381469727,21.902544021606445,12607570,0.0,0.0
2012-11-02 00:00:00-04:00,28.5,29.399999618530273,28.399999618530273,29.0,22.604045867919922,6839460,0.0,0.0
2012-11-05 00:00:00-05:00,29.0,29.0,28.200000762939453,28.299999237060547,22.05843162536621,5648650,0.0,0.0
2012-11-06 00:00:00-05:00,28.600000381469727,28.600000381469727,28.0,28.100000381469727,21.902544021606445,5853120,0.0,0.0
2012-11-07 00:00:00-05:00,27.899999618530273,28.0,26.700000762939453,27.399999618530273,21.35692596435547,10408720,0.0,0.0
2012-11-08 00:00:00-05:00,27.5,27.799999237060547,26.600000381469727,26.700000762939453,20.811307907104492,6295980,0.0,0.0
2012-11-09 00:00:00-05:00,27.399999618530273,27.799999237060547,26.899999618530273,27.5,21.43486976623535,6440440,0.0,0.0
2012-11-12 00:00:00-05:00,27.700000762939453,28.100000381469727,27.5,27.799999237060547,21.668704986572266,4917120,0.0,0.0
2012-11-13 00:00:00-05:00,27.5,28.399999618530273,27.399999618530273,27.899999618530273,21.74665069580078,8521810,0.0,0.0
2012-11-14 00:00:00-05:00,28.0,28.0,26.799999237060547,27.0,21.045143127441406,6715680,0.0,0.0
2012-11-15 00:00:00-05:00,27.100000381469727,27.200000762939453,25.5,26.5,20.655420303344727,12392330,0.0,0.0
2012-11-16 00:00:00-05:00,26.399999618530273,27.100000381469727,26.0,26.899999618530273,20.96719741821289,8572520,0.0,0.0
2012-11-19 00:00:00-05:00,27.100000381469727,27.399999618530273,26.899999618530273,27.0,21.045143127441406,8125090,0.0,0.0
2012-11-20 00:00:00-05:00,27.0,27.899999618530273,27.0,27.700000762939453,21.59075927734375,8077240,0.0,0.0
2012-11-21 00:00:00-05:00,27.799999237060547,28.200000762939453,27.200000762939453,27.299999237060547,21.27897834777832,5831120,0.0,0.0
2012-11-23 00:00:00-05:00,27.600000381469727,28.0,27.600000381469727,27.799999237060547,21.668704986572266,1881480,0.0,0.0
2012-11-26 00:00:00-05:00,27.600000381469727,28.0,27.600000381469727,27.600000381469727,21.512813568115234,5131440,0.0,0.0
2012-11-27 00:00:00-05:00,27.5,27.799999237060547,26.899999618530273,27.0,21.045143127441406,5803730,0.0,0.0
2012-11-28 00:00:00-05:00,27.0,27.5,26.700000762939453,27.0,21.045143127441406,10314170,0.0,0.0
2012-11-29 00:00:00-05:00,27.200000762939453,27.5,27.100000381469727,27.399999618530273,21.35692596435547,5584750,0.0,0.0
2012-11-30 00:00:00-05:00,27.600000381469727,27.899999618530273,27.5,27.700000762939453,21.59075927734375,8222680,0.0,0.0
2012-12-03 00:00:00-05:00,27.899999618530273,28.299999237060547,27.899999618530273,28.0,21.82459259033203,5615820,0.0,0.0
2012-12-04 00:00:00-05:00,28.200000762939453,28.5,27.299999237060547,27.600000381469727,21.512813568115234,10080920,0.0,0.0
2012-12-05 00:00:00-05:00,27.799999237060547,28.100000381469727,27.299999237060547,27.700000762939453,21.59075927734375,8968790,0.0,0.0
2012-12-06 00:00:00-05:00,28.5,28.5,27.899999618530273,27.899999618530273,21.74665069580078,12092990,0.0,0.0
2012-12-07 00:00:00-05:00,28.100000381469727,28.200000762939453,27.5,27.600000381469727,21.512813568115234,7472280,0.0,0.0
2012-12-10 00:00:00-05:00,27.799999237060547,27.799999237060547,27.299999237060547,27.399999618530273,21.35692596435547,4471180,0.0,0.0
2012-12-11 00:00:00-05:00,27.600000381469727,27.799999237060547,27.200000762939453,27.299999237060547,21.27897834777832,5775380,0.0,0.0
2012-12-12 00:00:00-05:00,27.399999618530273,27.899999618530273,27.200000762939453,27.799999237060547,21.668704986572266,4190670,0.0,0.0
2012-12-13 00:00:00-05:00,27.799999237060547,28.200000762939453,27.399999618530273,27.700000762939453,21.59075927734375,6691730,0.0,0.0
2012-12-14 00:00:00-05:00,27.5,29.299999237060547,26.799999237060547,29.100000381469727,23.098936080932617,12195250,0.5,0.0
2012-12-17 00:00:00-05:00,28.600000381469727,29.299999237060547,28.5,29.200000762939453,23.178314208984375,8515400,0.0,0.0
2012-12-18 00:00:00-05:00,29.700000762939453,30.100000381469727,29.399999618530273,29.600000381469727,23.495824813842773,8953670,0.0,0.0
2012-12-19 00:00:00-05:00,29.700000762939453,30.0,29.0,29.600000381469727,23.495824813842773,12592570,0.0,0.0
2012-12-20 00:00:00-05:00,29.5,30.0,29.399999618530273,29.899999618530273,23.73396110534668,4652280,0.0,0.0
2012-12-21 00:00:00-05:00,29.200000762939453,29.700000762939453,29.0,29.5,23.416446685791016,5779120,0.0,0.0
2012-12-24 00:00:00-05:00,29.299999237060547,29.5,29.299999237060547,29.5,23.416446685791016,1545250,0.0,0.0
2012-12-26 00:00:00-05:00,29.399999618530273,29.600000381469727,29.200000762939453,29.299999237060547,23.257688522338867,1911100,0.0,0.0
2012-12-27 00:00:00-05:00,29.299999237060547,29.5,29.0,29.100000381469727,23.098936080932617,2966020,0.0,0.0
2012-12-28 00:00:00-05:00,28.899999618530273,29.200000762939453,28.799999237060547,28.899999618530273,22.94017791748047,3352160,0.0,0.0
2012-12-31 00:00:00-05:00,28.799999237060547,29.100000381469727,28.799999237060547,28.899999618530273,22.94017791748047,4776930,0.0,0.0
2013-01-02 00:00:00-05:00,29.5,30.399999618530273,29.5,30.200000762939453,23.972091674804688,8492050,0.0,0.0
2013-01-03 00:00:00-05:00,30.399999618530273,31.0,29.899999618530273,30.799999237060547,24.4483585357666,8058500,0.0,0.0
2013-01-04 00:00:00-05:00,30.899999618530273,31.5,30.600000381469727,31.0,24.607118606567383,10741240,0.0,0.0
2013-01-07 00:00:00-05:00,31.100000381469727,31.200000762939453,30.600000381469727,30.799999237060547,24.4483585357666,4923770,0.0,0.0
2013-01-08 00:00:00-05:00,30.700000762939453,31.399999618530273,30.600000381469727,31.399999618530273,24.924625396728516,7254730,0.0,0.0
2013-01-09 00:00:00-05:00,31.5,31.600000381469727,30.899999618530273,31.200000762939453,24.765872955322266,7147500,0.0,0.0
2013-01-10 00:00:00-05:00,31.399999618530273,31.899999618530273,31.200000762939453,31.299999237060547,24.845252990722656,8378940,0.0,0.0
2013-01-11 00:00:00-05:00,31.200000762939453,31.799999237060547,31.100000381469727,31.600000381469727,25.08338737487793,14261910,0.0,0.0
2013-01-14 00:00:00-05:00,31.5,31.799999237060547,31.399999618530273,31.5,25.00400733947754,8839710,0.0,0.0
2013-01-15 00:00:00-05:00,31.5,31.600000381469727,31.399999618530273,31.399999618530273,24.924625396728516,3952970,0.0,0.0
2013-01-16 00:00:00-05:00,31.399999618530273,31.600000381469727,31.200000762939453,31.200000762939453,24.765872955322266,2833610,0.0,0.0
2013-01-17 00:00:00-05:00,31.399999618530273,31.600000381469727,31.299999237060547,31.5,25.00400733947754,3834240,0.0,0.0
2013-01-18 00:00:00-05:00,31.899999618530273,31.899999618530273,31.5,31.600000381469727,25.08338737487793,3974620,0.0,0.0
2013-01-22 00:00:00-05:00,31.700000762939453,31.700000762939453,31.299999237060547,31.5,25.00400733947754,4563490,0.0,0.0
2013-01-23 00:00:00-05:00,31.399999618530273,31.5,31.100000381469727,31.200000762939453,24.765872955322266,3791610,0.0,0.0
2013-01-24 00:00:00-05:00,31.200000762939453,31.200000762939453,30.799999237060547,30.899999618530273,24.52773666381836,6525340,0.0,0.0
2013-01-25 00:00:00-05:00,31.100000381469727,31.5,30.899999618530273,31.5,25.00400733947754,3379500,0.0,0.0
2013-01-28 00:00:00-05:00,31.5,31.600000381469727,31.200000762939453,31.5,25.00400733947754,3061910,0.0,0.0
2013-01-29 00:00:00-05:00,31.5,31.5,31.200000762939453,31.299999237060547,24.845252990722656,3007810,0.0,0.0
2013-01-30 00:00:00-05:00,31.299999237060547,31.799999237060547,31.200000762939453,31.5,25.00400733947754,4448920,0.0,0.0
2013-01-31 00:00:00-05:00,31.399999618530273,31.799999237060547,31.299999237060547,31.399999618530273,24.924625396728516,3896140,0.0,0.0
2013-02-01 00:00:00-05:00,31.700000762939453,32.5,31.600000381469727,32.29999923706055,25.639034271240234,8259900,0.0,0.0
2013-02-04 00:00:00-05:00,32.29999923706055,32.400001525878906,31.600000381469727,31.700000762939453,25.162755966186523,5586060,0.0,0.0
2013-02-05 00:00:00-05:00,31.299999237060547,32.099998474121094,31.100000381469727,32.0,25.40089225769043,11669750,0.0,0.0
2013-02-06 00:00:00-05:00,32.0,32.0,31.5,31.600000381469727,25.08338737487793,4905580,0.0,0.0
2013-02-07 00:00:00-05:00,31.299999237060547,31.600000381469727,31.0,31.5,25.00400733947754,6316710,0.0,0.0
2013-02-08 00:00:00-05:00,31.700000762939453,31.700000762939453,31.100000381469727,31.200000762939453,24.765872955322266,5106310,0.0,0.0
2013-02-11 00:00:00-05:00,31.299999237060547,31.600000381469727,31.299999237060547,31.399999618530273,24.924625396728516,4072140,0.0,0.0
2013-02-12 00:00:00-05:00,31.399999618530273,32.0,31.299999237060547,31.899999618530273,25.32151222229004,9122580,0.0,0.0
2013-02-13 00:00:00-05:00,32.0,32.29999923706055,31.899999618530273,32.0,25.40089225769043,4295420,0.0,0.0
2013-02-14 00:00:00-05:00,31.799999237060547,32.099998474121094,31.700000762939453,31.700000762939453,25.162755966186523,3653930,0.0,0.0
2013-02-15 00:00:00-05:00,31.600000381469727,31.899999618530273,31.5,31.5,25.00400733947754,2464790,0.0,0.0
2013-02-19 00:00:00-05:00,31.600000381469727,31.899999618530273,31.5,31.700000762939453,25.162755966186523,3336120,0.0,0.0
2013-02-20 00:00:00-05:00,31.700000762939453,32.0,30.799999237060547,31.0,24.607118606567383,5585570,0.0,0.0
2013-02-21 00:00:00-05:00,31.100000381469727,31.100000381469727,30.200000762939453,30.700000762939453,24.368976593017578,8279150,0.0,0.0
2013-02-22 00:00:00-05:00,30.799999237060547,30.899999618530273,30.5,30.5,24.210224151611328,3104400,0.0,0.0
2013-02-25 00:00:00-05:00,30.600000381469727,31.0,30.299999237060547,30.299999237060547,24.051467895507812,5979140,0.0,0.0
2013-02-26 00:00:00-05:00,29.899999618530273,31.0,29.700000762939453,30.600000381469727,24.289600372314453,7900740,0.0,0.0
2013-02-27 00:00:00-05:00,30.700000762939453,31.0,30.299999237060547,30.799999237060547,24.4483585357666,3575890,0.0,0.0
2013-02-28 00:00:00-05:00,30.799999237060547,31.700000762939453,30.799999237060547,31.100000381469727,24.686498641967773,10543310,0.0,0.0
2013-03-01 00:00:00-05:00,31.0,31.799999237060547,30.899999618530273,31.399999618530273,24.924625396728516,8665020,0.0,0.0
2013-03-04 00:00:00-05:00,31.299999237060547,32.0,31.200000762939453,32.0,25.40089225769043,6278670,0.0,0.0
2013-03-05 00:00:00-05:00,32.0,32.400001525878906,31.899999618530273,32.29999923706055,25.639034271240234,6569420,0.0,0.0
2013-03-06 00:00:00-05:00,32.5,32.5,32.20000076293945,32.400001525878906,25.718402862548828,5596980,0.0,0.0
2013-03-07 00:00:00-05:00,32.5,32.5,32.099998474121094,32.099998474121094,25.480270385742188,4257190,0.0,0.0
2013-03-08 00:00:00-05:00,32.29999923706055,32.400001525878906,32.0,32.099998474121094,25.480270385742188,3103020,0.0,0.0
2013-03-11 00:00:00-04:00,32.099998474121094,32.20000076293945,31.700000762939453,32.0,25.40089225769043,3936640,0.0,0.0
2013-03-12 00:00:00-04:00,31.899999618530273,32.099998474121094,31.799999237060547,31.899999618530273,25.32151222229004,2875270,0.0,0.0
2013-03-13 00:00:00-04:00,31.899999618530273,32.0,31.299999237060547,31.399999618530273,24.924625396728516,3834010,0.0,0.0
2013-03-14 00:00:00-04:00,31.399999618530273,31.700000762939453,31.299999237060547,31.5,25.00400733947754,3111290,0.0,0.0
2013-03-15 00:00:00-04:00,31.5,31.600000381469727,31.100000381469727,31.100000381469727,24.686498641967773,6700770,0.0,0.0
2013-03-18 00:00:00-04:00,30.899999618530273,31.200000762939453,30.5,31.0,24.607118606567383,6856310,0.0,0.0
2013-03-19 00:00:00-04:00,31.100000381469727,31.200000762939453,30.600000381469727,30.600000381469727,24.289600372314453,4728380,0.0,0.0
2013-03-20 00:00:00-04:00,30.700000762939453,31.200000762939453,30.700000762939453,30.899999618530273,24.52773666381836,4544920,0.0,0.0
2013-03-21 00:00:00-04:00,30.799999237060547,31.200000762939453,30.600000381469727,31.0,24.607118606567383,4719040,0.0,0.0
2013-03-22 00:00:00-04:00,31.0,31.100000381469727,30.700000762939453,31.100000381469727,24.686498641967773,2633850,0.0,0.0
2013-03-25 00:00:00-04:00,31.100000381469727,31.200000762939453,30.700000762939453,30.700000762939453,24.368976593017578,2863080,0.0,0.0
2013-03-26 00:00:00-04:00,30.700000762939453,31.0,30.600000381469727,30.899999618530273,24.52773666381836,3964770,0.0,0.0
2013-03-27 00:00:00-04:00,30.700000762939453,30.899999618530273,30.5,30.799999237060547,24.4483585357666,4501920,0.0,0.0
2013-03-28 00:00:00-04:00,30.799999237060547,30.799999237060547,30.5,30.799999237060547,24.4483585357666,4692690,0.0,0.0
2013-04-01 00:00:00-04:00,30.799999237060547,30.899999618530273,30.600000381469727,30.799999237060547,24.4483585357666,2415650,0.0,0.0
2013-04-02 00:00:00-04:00,30.799999237060547,30.899999618530273,30.700000762939453,30.799999237060547,24.4483585357666,3180050,0.0,0.0
2013-04-03 00:00:00-04:00,30.700000762939453,30.799999237060547,30.5,30.700000762939453,24.368976593017578,4847750,0.0,0.0
2013-04-04 00:00:00-04:00,30.600000381469727,30.700000762939453,29.700000762939453,30.0,23.813335418701172,6188210,0.0,0.0
2013-04-05 00:00:00-04:00,29.600000381469727,30.200000762939453,29.5,30.100000381469727,23.892717361450195,3398390,0.0,0.0
2013-04-08 00:00:00-04:00,30.0,30.5,30.0,30.399999618530273,24.13085174560547,2552680,0.0,0.0
2013-04-09 00:00:00-04:00,30.5,30.799999237060547,30.5,30.700000762939453,24.368976593017578,2893300,0.0,0.0
2013-04-10 00:00:00-04:00,30.700000762939453,31.299999237060547,30.600000381469727,31.299999237060547,24.845252990722656,3837510,0.0,0.0
2013-04-11 00:00:00-04:00,31.5,32.0,31.299999237060547,31.600000381469727,25.08338737487793,4345690,0.0,0.0
2013-04-12 00:00:00-04:00,31.700000762939453,31.700000762939453,30.799999237060547,30.799999237060547,24.4483585357666,3787940,0.0,0.0
2013-04-15 00:00:00-04:00,30.799999237060547,30.899999618530273,30.100000381469727,30.299999237060547,24.051467895507812,5750980,0.0,0.0
2013-04-16 00:00:00-04:00,30.399999618530273,30.600000381469727,30.399999618530273,30.5,24.210224151611328,2795990,0.0,0.0
2013-04-17 00:00:00-04:00,30.200000762939453,30.299999237060547,29.799999237060547,30.0,23.813335418701172,6322110,0.0,0.0
2013-04-18 00:00:00-04:00,30.0,30.100000381469727,29.700000762939453,29.899999618530273,23.73396110534668,3427070,0.0,0.0
2013-04-19 00:00:00-04:00,29.799999237060547,30.100000381469727,29.700000762939453,30.100000381469727,23.892717361450195,2080390,0.0,0.0
2013-04-22 00:00:00-04:00,30.100000381469727,30.299999237060547,29.799999237060547,30.299999237060547,24.051467895507812,1983050,0.0,0.0
2013-04-23 00:00:00-04:00,30.200000762939453,31.100000381469727,30.100000381469727,31.100000381469727,24.686498641967773,3084680,0.0,0.0
2013-04-24 00:00:00-04:00,31.200000762939453,31.5,31.200000762939453,31.399999618530273,24.924625396728516,2370780,0.0,0.0
2013-04-25 00:00:00-04:00,31.5,31.5,31.100000381469727,31.200000762939453,24.765872955322266,3227640,0.0,0.0
2013-04-26 00:00:00-04:00,31.200000762939453,31.5,31.200000762939453,31.200000762939453,24.765872955322266,2515920,0.0,0.0
2013-04-29 00:00:00-04:00,31.399999618530273,31.5,30.600000381469727,30.700000762939453,24.368976593017578,4702370,0.0,0.0
2013-04-30 00:00:00-04:00,31.200000762939453,32.5,31.200000762939453,32.5,25.797788619995117,12784380,0.0,0.0
2013-05-01 00:00:00-04:00,32.29999923706055,33.900001525878906,32.29999923706055,33.599998474121094,26.67093849182129,9649540,0.0,0.0
2013-05-02 00:00:00-04:00,33.400001525878906,33.5,32.79999923706055,33.0,26.194677352905273,4391260,0.0,0.0
2013-05-03 00:00:00-04:00,33.29999923706055,33.900001525878906,33.20000076293945,33.599998474121094,26.67093849182129,3882900,0.0,0.0
2013-05-06 00:00:00-04:00,33.70000076293945,34.099998474121094,33.599998474121094,33.900001525878906,26.90907096862793,4987330,0.0,0.0
2013-05-07 00:00:00-04:00,34.0,34.099998474121094,33.70000076293945,33.900001525878906,26.90907096862793,2973210,0.0,0.0
2013-05-08 00:00:00-04:00,33.900001525878906,34.20000076293945,33.5,33.70000076293945,26.75031852722168,2876550,0.0,0.0
2013-05-09 00:00:00-04:00,33.599998474121094,34.0,33.599998474121094,33.900001525878906,26.90907096862793,2493370,0.0,0.0
2013-05-10 00:00:00-04:00,33.900001525878906,34.099998474121094,33.79999923706055,33.900001525878906,26.90907096862793,2378620,0.0,0.0
2013-05-13 00:00:00-04:00,33.70000076293945,34.29999923706055,33.70000076293945,34.0,26.98844337463379,2928150,0.0,0.0
2013-05-14 00:00:00-04:00,34.20000076293945,34.70000076293945,34.099998474121094,34.5,27.38533592224121,4369990,0.0,0.0
2013-05-15 00:00:00-04:00,34.70000076293945,35.900001525878906,34.70000076293945,35.29999923706055,28.020357131958008,11256900,0.0,0.0
2013-05-16 00:00:00-04:00,35.70000076293945,35.70000076293945,34.5,34.5,27.38533592224121,5472300,0.0,0.0
2013-05-17 00:00:00-04:00,34.900001525878906,35.099998474121094,34.29999923706055,35.0,27.782222747802734,4655950,0.0,0.0
2013-05-20 00:00:00-04:00,34.900001525878906,35.599998474121094,34.900001525878906,35.0,27.782222747802734,4530620,0.0,0.0
2013-05-21 00:00:00-04:00,35.29999923706055,35.400001525878906,34.79999923706055,35.20000076293945,27.94098472595215,5041050,0.0,0.0
2013-05-22 00:00:00-04:00,35.20000076293945,35.79999923706055,35.0,35.400001525878906,28.099740982055664,4573670,0.0,0.0
2013-05-23 00:00:00-04:00,34.900001525878906,35.5,34.29999923706055,35.5,28.17911148071289,5897530,0.0,0.0
2013-05-24 00:00:00-04:00,35.400001525878906,35.79999923706055,35.099998474121094,35.79999923706055,28.417253494262695,5122800,0.0,0.0
2013-05-28 00:00:00-04:00,36.0,36.29999923706055,35.599998474121094,35.900001525878906,28.49662971496582,5914380,0.0,0.0
2013-05-29 00:00:00-04:00,35.70000076293945,35.900001525878906,35.20000076293945,35.599998474121094,28.25849723815918,7687210,0.0,0.0
2013-05-30 00:00:00-04:00,35.599998474121094,35.900001525878906,35.400001525878906,35.70000076293945,28.337867736816406,3805720,0.0,0.0
2013-05-31 00:00:00-04:00,35.599998474121094,35.599998474121094,34.79999923706055,34.900001525878906,27.702852249145508,6095470,0.0,0.0
2013-06-03 00:00:00-04:00,35.0,35.0,33.70000076293945,34.599998474121094,27.46471405029297,7290540,0.0,0.0
2013-06-04 00:00:00-04:00,34.599998474121094,34.70000076293945,33.70000076293945,34.099998474121094,27.06782341003418,9809080,0.0,0.0
2013-06-05 00:00:00-04:00,33.900001525878906,33.900001525878906,32.900001525878906,33.0,26.194677352905273,8761470,0.0,0.0
2013-06-06 00:00:00-04:00,33.099998474121094,34.20000076293945,33.099998474121094,33.900001525878906,26.90907096862793,10279980,0.0,0.0
2013-06-07 00:00:00-04:00,34.099998474121094,35.20000076293945,33.79999923706055,34.599998474121094,27.46471405029297,6681310,0.0,0.0
2013-06-10 00:00:00-04:00,34.79999923706055,34.900001525878906,33.599998474121094,34.0,26.98844337463379,5516180,0.0,0.0
2013-06-11 00:00:00-04:00,33.400001525878906,33.900001525878906,33.20000076293945,33.400001525878906,26.51218032836914,4996500,0.0,0.0
2013-06-12 00:00:00-04:00,33.5,33.599998474121094,32.099998474121094,32.400001525878906,25.718402862548828,7423320,0.0,0.0
2013-06-13 00:00:00-04:00,32.29999923706055,33.29999923706055,32.099998474121094,32.900001525878906,26.115291595458984,7707910,0.0,0.0
2013-06-14 00:00:00-04:00,33.0,33.5,32.70000076293945,32.70000076293945,25.95653533935547,4907360,0.0,0.0
2013-06-17 00:00:00-04:00,32.79999923706055,34.0,32.70000076293945,33.400001525878906,26.51218032836914,5290320,0.0,0.0
2013-06-18 00:00:00-04:00,33.400001525878906,34.599998474121094,33.400001525878906,34.0,26.98844337463379,5484770,0.0,0.0
2013-06-19 00:00:00-04:00,34.099998474121094,34.79999923706055,33.5,33.70000076293945,26.75031852722168,7084950,0.0,0.0
2013-06-20 00:00:00-04:00,33.29999923706055,33.29999923706055,32.5,32.70000076293945,25.95653533935547,6586880,0.0,0.0
2013-06-21 00:00:00-04:00,33.0,33.29999923706055,31.299999237060547,31.5,25.00400733947754,15164870,0.0,0.0
2013-06-24 00:00:00-04:00,31.0,32.5,30.399999618530273,32.20000076293945,25.559646606445312,9312070,0.0,0.0
2013-06-25 00:00:00-04:00,32.599998474121094,32.79999923706055,31.799999237060547,32.0,25.40089225769043,7819850,0.0,0.0
2013-06-26 00:00:00-04:00,32.20000076293945,33.400001525878906,32.099998474121094,33.29999923706055,26.432802200317383,5922820,0.0,0.0
2013-06-27 00:00:00-04:00,33.5,34.29999923706055,33.400001525878906,34.0,26.98844337463379,5880180,0.0,0.0
2013-06-28 00:00:00-04:00,33.900001525878906,34.70000076293945,33.099998474121094,33.5,26.591556549072266,16012580,0.0,0.0
2013-07-01 00:00:00-04:00,33.5,34.0,33.0,33.79999923706055,26.82969093322754,3796150,0.0,0.0
2013-07-02 00:00:00-04:00,33.79999923706055,34.5,33.599998474121094,34.400001525878906,27.30596160888672,5118480,0.0,0.0
2013-07-03 00:00:00-04:00,34.29999923706055,34.70000076293945,33.79999923706055,34.70000076293945,27.544086456298828,3522200,0.0,0.0
2013-07-05 00:00:00-04:00,34.79999923706055,35.0,33.599998474121094,33.79999923706055,26.82969093322754,5969520,0.0,0.0
2013-07-08 00:00:00-04:00,34.0,34.900001525878906,33.900001525878906,34.79999923706055,27.623476028442383,4995250,0.0,0.0
2013-07-09 00:00:00-04:00,35.29999923706055,36.0,35.099998474121094,36.0,28.57600212097168,8150770,0.0,0.0
2013-07-10 00:00:00-04:00,36.099998474121094,36.20000076293945,35.400001525878906,35.900001525878906,28.49662971496582,4610920,0.0,0.0
2013-07-11 00:00:00-04:00,36.20000076293945,36.5,36.0,36.400001525878906,28.893518447875977,4963690,0.0,0.0
2013-07-12 00:00:00-04:00,36.5,37.29999923706055,36.400001525878906,37.20000076293945,29.528545379638672,4593230,0.0,0.0
2013-07-15 00:00:00-04:00,37.5,37.70000076293945,36.599998474121094,36.599998474121094,29.052270889282227,5494000,0.0,0.0
2013-07-16 00:00:00-04:00,36.599998474121094,36.900001525878906,36.0,36.70000076293945,29.131656646728516,5470990,0.0,0.0
2013-07-17 00:00:00-04:00,36.70000076293945,36.79999923706055,36.20000076293945,36.29999923706055,28.814144134521484,5100280,0.0,0.0
2013-07-18 00:00:00-04:00,36.400001525878906,37.20000076293945,36.20000076293945,36.900001525878906,29.290401458740234,4186340,0.0,0.0
2013-07-19 00:00:00-04:00,37.0,37.20000076293945,36.0,36.400001525878906,28.893518447875977,5682390,0.0,0.0
2013-07-22 00:00:00-04:00,36.400001525878906,36.79999923706055,36.20000076293945,36.79999923706055,29.21103286743164,3220330,0.0,0.0
2013-07-23 00:00:00-04:00,36.70000076293945,36.79999923706055,36.400001525878906,36.79999923706055,29.21103286743164,2488710,0.0,0.0
2013-07-24 00:00:00-04:00,36.900001525878906,36.900001525878906,36.0,36.79999923706055,29.21103286743164,4777900,0.0,0.0
2013-07-25 00:00:00-04:00,37.29999923706055,37.79999923706055,36.599998474121094,37.79999923706055,30.004796981811523,6919360,0.0,0.0
2013-07-26 00:00:00-04:00,37.5,38.099998474121094,37.20000076293945,37.599998474121094,29.846052169799805,4186970,0.0,0.0
2013-07-29 00:00:00-04:00,37.400001525878906,37.900001525878906,37.099998474121094,37.5,29.76667022705078,3407200,0.0,0.0
2013-07-30 00:00:00-04:00,37.599998474121094,37.70000076293945,37.0,37.0,29.369783401489258,2961210,0.0,0.0
2013-07-31 00:00:00-04:00,37.0,37.70000076293945,36.900001525878906,37.400001525878906,29.687294006347656,3314070,0.0,0.0
2013-08-01 00:00:00-04:00,37.79999923706055,37.900001525878906,37.5,37.79999923706055,30.004796981811523,2515580,0.0,0.0
2013-08-02 00:00:00-04:00,37.79999923706055,38.400001525878906,37.599998474121094,38.400001525878906,30.481069564819336,4156080,0.0,0.0
2013-08-05 00:00:00-04:00,38.20000076293945,38.400001525878906,37.79999923706055,37.900001525878906,30.08418083190918,3722050,0.0,0.0
2013-08-06 00:00:00-04:00,37.900001525878906,38.400001525878906,37.79999923706055,38.29999923706055,30.401687622070312,3158450,0.0,0.0
2013-08-07 00:00:00-04:00,38.20000076293945,38.29999923706055,37.70000076293945,37.900001525878906,30.08418083190918,2896230,0.0,0.0
2013-08-08 00:00:00-04:00,38.099998474121094,38.20000076293945,37.599998474121094,38.0,30.16356086730957,2783880,0.0,0.0
2013-08-09 00:00:00-04:00,37.79999923706055,38.29999923706055,37.79999923706055,38.20000076293945,30.322311401367188,2323830,0.0,0.0
2013-08-12 00:00:00-04:00,38.29999923706055,38.5,38.099998474121094,38.29999923706055,30.401687622070312,2219620,0.0,0.0
2013-08-13 00:00:00-04:00,38.400001525878906,38.5,38.0,38.0,30.16356086730957,3022470,0.0,0.0
2013-08-14 00:00:00-04:00,38.0,38.099998474121094,37.599998474121094,37.599998474121094,29.846052169799805,3187860,0.0,0.0
2013-08-15 00:00:00-04:00,37.599998474121094,37.70000076293945,36.79999923706055,36.900001525878906,29.290401458740234,3974190,0.0,0.0
2013-08-16 00:00:00-04:00,37.0,37.20000076293945,36.79999923706055,37.0,29.369783401489258,2774690,0.0,0.0
2013-08-19 00:00:00-04:00,37.0,37.20000076293945,36.0,36.099998474121094,28.655380249023438,3493710,0.0,0.0
2013-08-20 00:00:00-04:00,36.29999923706055,37.099998474121094,36.0,36.70000076293945,29.131656646728516,2890440,0.0,0.0
2013-08-21 00:00:00-04:00,36.70000076293945,37.20000076293945,36.5,36.599998474121094,29.052270889282227,2639180,0.0,0.0
2013-08-22 00:00:00-04:00,36.70000076293945,37.0,36.29999923706055,36.70000076293945,29.131656646728516,1925680,0.0,0.0
2013-08-23 00:00:00-04:00,36.79999923706055,37.099998474121094,36.20000076293945,37.0,29.369783401489258,2935740,0.0,0.0
2013-08-26 00:00:00-04:00,37.099998474121094,37.29999923706055,36.599998474121094,36.70000076293945,29.131656646728516,2618630,0.0,0.0
2013-08-27 00:00:00-04:00,36.20000076293945,36.29999923706055,35.599998474121094,35.599998474121094,28.25849723815918,4482940,0.0,0.0
2013-08-28 00:00:00-04:00,35.599998474121094,36.0,35.5,35.79999923706055,28.417253494262695,2682680,0.0,0.0
2013-08-29 00:00:00-04:00,35.79999923706055,36.599998474121094,35.70000076293945,36.29999923706055,28.814144134521484,2616500,0.0,0.0
2013-08-30 00:00:00-04:00,36.20000076293945,36.29999923706055,35.70000076293945,35.79999923706055,28.417253494262695,3034770,0.0,0.0
2013-09-03 00:00:00-04:00,36.0,36.400001525878906,35.900001525878906,36.400001525878906,28.893518447875977,2697400,0.0,0.0
2013-09-04 00:00:00-04:00,36.400001525878906,37.0,36.29999923706055,36.900001525878906,29.290401458740234,3191650,0.0,0.0
2013-09-05 00:00:00-04:00,37.099998474121094,38.0,37.099998474121094,38.0,30.16356086730957,4361310,0.0,0.0
2013-09-06 00:00:00-04:00,38.0,38.29999923706055,37.5,37.5,29.76667022705078,6220380,0.0,0.0
2013-09-09 00:00:00-04:00,37.599998474121094,38.29999923706055,37.599998474121094,38.0,30.16356086730957,3761320,0.0,0.0
2013-09-10 00:00:00-04:00,38.29999923706055,38.5,38.099998474121094,38.5,30.56045150756836,2981900,0.0,0.0
2013-09-11 00:00:00-04:00,38.400001525878906,38.79999923706055,38.20000076293945,38.70000076293945,30.71921157836914,4098460,0.0,0.0
2013-09-12 00:00:00-04:00,38.599998474121094,38.79999923706055,37.5,37.70000076293945,29.925424575805664,4098610,0.0,0.0
2013-09-13 00:00:00-04:00,37.900001525878906,38.5,37.79999923706055,38.099998474121094,30.242942810058594,4045070,0.0,0.0
2013-09-16 00:00:00-04:00,38.400001525878906,38.70000076293945,38.099998474121094,38.29999923706055,30.401687622070312,4518280,0.0,0.0
2013-09-17 00:00:00-04:00,38.29999923706055,38.79999923706055,38.29999923706055,38.599998474121094,30.639827728271484,3271290,0.0,0.0
2013-09-18 00:00:00-04:00,38.5,38.79999923706055,38.29999923706055,38.70000076293945,30.71921157836914,5511920,0.0,0.0
2013-09-19 00:00:00-04:00,38.79999923706055,39.70000076293945,38.79999923706055,39.599998474121094,31.4335994720459,4954680,0.0,0.0
2013-09-20 00:00:00-04:00,39.599998474121094,39.900001525878906,39.20000076293945,39.400001525878906,31.27484703063965,5617290,0.0,0.0
2013-09-23 00:00:00-04:00,39.0,39.099998474121094,38.400001525878906,38.599998474121094,30.639827728271484,3770930,0.0,0.0
2013-09-24 00:00:00-04:00,38.599998474121094,38.70000076293945,38.20000076293945,38.29999923706055,30.401687622070312,2816990,0.0,0.0
2013-09-25 00:00:00-04:00,38.29999923706055,38.79999923706055,38.099998474121094,38.29999923706055,30.401687622070312,2601620,0.0,0.0
2013-09-26 00:00:00-04:00,39.099998474121094,39.29999923706055,38.5,39.29999923706055,31.19547462463379,2876370,0.0,0.0
2013-09-27 00:00:00-04:00,39.099998474121094,39.20000076293945,38.79999923706055,39.20000076293945,31.116090774536133,2166580,0.0,0.0
2013-09-30 00:00:00-04:00,38.599998474121094,38.900001525878906,38.400001525878906,38.79999923706055,30.7985782623291,3472160,0.0,0.0
2013-10-01 00:00:00-04:00,38.70000076293945,39.79999923706055,38.70000076293945,39.79999923706055,31.59235382080078,3460430,0.0,0.0
2013-10-02 00:00:00-04:00,39.599998474121094,39.900001525878906,39.099998474121094,39.79999923706055,31.59235382080078,2736560,0.0,0.0
2013-10-03 00:00:00-04:00,39.79999923706055,39.79999923706055,39.099998474121094,39.20000076293945,31.116090774536133,4919080,0.0,0.0
2013-10-04 00:00:00-04:00,39.29999923706055,39.79999923706055,39.20000076293945,39.5,31.354236602783203,2672060,0.0,0.0
2013-10-07 00:00:00-04:00,39.099998474121094,39.70000076293945,39.0,39.599998474121094,31.4335994720459,2067490,0.0,0.0
2013-10-08 00:00:00-04:00,39.5,40.0,38.5,38.5,30.56045150756836,5685950,0.0,0.0
2013-10-09 00:00:00-04:00,38.79999923706055,38.900001525878906,38.099998474121094,38.29999923706055,30.401687622070312,4099580,0.0,0.0
2013-10-10 00:00:00-04:00,39.70000076293945,39.79999923706055,38.900001525878906,39.099998474121094,31.036718368530273,6176050,0.0,0.0
2013-10-11 00:00:00-04:00,39.099998474121094,39.599998474121094,38.5,38.79999923706055,30.7985782623291,7247720,0.0,0.0
2013-10-14 00:00:00-04:00,38.29999923706055,39.400001525878906,38.29999923706055,39.400001525878906,31.27484703063965,2791510,0.0,0.0
2013-10-15 00:00:00-04:00,39.20000076293945,39.5,38.599998474121094,39.0,30.957340240478516,3569320,0.0,0.0
2013-10-16 00:00:00-04:00,39.20000076293945,39.599998474121094,38.70000076293945,39.5,31.354236602783203,5165460,0.0,0.0
2013-10-17 00:00:00-04:00,39.29999923706055,39.900001525878906,39.29999923706055,39.900001525878906,31.671741485595703,2944100,0.0,0.0
2013-10-18 00:00:00-04:00,40.20000076293945,40.599998474121094,40.0,40.5,32.148006439208984,3682740,0.0,0.0
2013-10-21 00:00:00-04:00,40.79999923706055,41.0,40.5,41.0,32.54488754272461,3210740,0.0,0.0
2013-10-22 00:00:00-04:00,41.20000076293945,41.70000076293945,41.099998474121094,41.29999923706055,32.783023834228516,3407430,0.0,0.0
2013-10-23 00:00:00-04:00,41.5,41.79999923706055,40.5,40.599998474121094,32.22738265991211,5315900,0.0,0.0
2013-10-24 00:00:00-04:00,39.0,40.5,38.70000076293945,39.099998474121094,31.036718368530273,12272180,0.0,0.0
2013-10-25 00:00:00-04:00,38.400001525878906,38.5,36.599998474121094,37.5,29.76667022705078,28120800,0.0,0.0
2013-10-28 00:00:00-04:00,37.400001525878906,37.70000076293945,37.0,37.29999923706055,29.60791015625,6697030,0.0,0.0
2013-10-29 00:00:00-04:00,37.29999923706055,37.5,37.099998474121094,37.20000076293945,29.528545379638672,4175380,0.0,0.0
2013-10-30 00:00:00-04:00,37.400001525878906,37.400001525878906,36.79999923706055,37.29999923706055,29.60791015625,3698910,0.0,0.0
2013-10-31 00:00:00-04:00,37.20000076293945,37.79999923706055,37.099998474121094,37.70000076293945,29.925424575805664,3198750,0.0,0.0
2013-11-01 00:00:00-04:00,38.0,38.20000076293945,37.70000076293945,37.900001525878906,30.08418083190918,6204940,0.0,0.0
2013-11-04 00:00:00-05:00,38.20000076293945,38.400001525878906,37.79999923706055,37.900001525878906,30.08418083190918,3699530,0.0,0.0
2013-11-05 00:00:00-05:00,37.79999923706055,37.900001525878906,37.0,37.20000076293945,29.528545379638672,4051370,0.0,0.0
2013-11-06 00:00:00-05:00,37.29999923706055,37.400001525878906,36.400001525878906,36.5,28.972896575927734,5428760,0.0,0.0
2013-11-07 00:00:00-05:00,36.5,37.20000076293945,35.599998474121094,36.0,28.57600212097168,8085050,0.0,0.0
2013-11-08 00:00:00-05:00,36.099998474121094,36.70000076293945,35.79999923706055,36.599998474121094,29.052270889282227,3478940,0.0,0.0
2013-11-11 00:00:00-05:00,36.599998474121094,37.5,36.599998474121094,37.099998474121094,29.449155807495117,3085160,0.0,0.0
2013-11-12 00:00:00-05:00,37.099998474121094,37.20000076293945,36.29999923706055,37.20000076293945,29.528545379638672,6153600,0.0,0.0
2013-11-13 00:00:00-05:00,37.099998474121094,37.400001525878906,36.900001525878906,37.400001525878906,29.687294006347656,2458110,0.0,0.0
2013-11-14 00:00:00-05:00,37.5,37.599998474121094,36.900001525878906,37.400001525878906,29.687294006347656,3388580,0.0,0.0
2013-11-15 00:00:00-05:00,37.400001525878906,38.79999923706055,37.29999923706055,38.599998474121094,30.639827728271484,6322710,0.0,0.0
2013-11-18 00:00:00-05:00,38.79999923706055,38.900001525878906,37.400001525878906,37.599998474121094,29.846052169799805,4299560,0.0,0.0
2013-11-19 00:00:00-05:00,37.5,37.5,36.70000076293945,36.79999923706055,29.21103286743164,3612790,0.0,0.0
2013-11-20 00:00:00-05:00,37.0,37.099998474121094,36.29999923706055,36.29999923706055,28.814144134521484,3197280,0.0,0.0
2013-11-21 00:00:00-05:00,36.5,36.70000076293945,36.29999923706055,36.400001525878906,28.893518447875977,1514450,0.0,0.0
2013-11-22 00:00:00-05:00,36.599998474121094,37.20000076293945,36.5,36.79999923706055,29.21103286743164,2590770,0.0,0.0
2013-11-25 00:00:00-05:00,38.5,38.599998474121094,36.5,36.599998474121094,29.052270889282227,12783930,0.0,0.0
2013-11-26 00:00:00-05:00,36.900001525878906,37.099998474121094,36.599998474121094,36.79999923706055,29.21103286743164,4308220,0.0,0.0
2013-11-27 00:00:00-05:00,36.900001525878906,37.099998474121094,36.599998474121094,36.900001525878906,29.290401458740234,4342970,0.0,0.0
2013-11-29 00:00:00-05:00,36.900001525878906,37.70000076293945,36.79999923706055,37.70000076293945,29.925424575805664,2986630,0.0,0.0
2013-12-02 00:00:00-05:00,37.900001525878906,37.900001525878906,37.5,37.70000076293945,29.925424575805664,2360410,0.0,0.0
2013-12-03 00:00:00-05:00,37.70000076293945,38.20000076293945,37.099998474121094,37.400001525878906,29.687294006347656,4195060,0.0,0.0
2013-12-04 00:00:00-05:00,37.20000076293945,37.70000076293945,36.900001525878906,37.20000076293945,29.528545379638672,4588100,0.0,0.0
2013-12-05 00:00:00-05:00,37.0,37.400001525878906,36.79999923706055,36.900001525878906,29.290401458740234,1881880,0.0,0.0
2013-12-06 00:00:00-05:00,37.20000076293945,37.5,36.79999923706055,36.900001525878906,29.290401458740234,2792950,0.0,0.0
2013-12-09 00:00:00-05:00,37.0,37.099998474121094,36.29999923706055,36.79999923706055,29.21103286743164,4234440,0.0,0.0
2013-12-10 00:00:00-05:00,36.70000076293945,36.79999923706055,36.0,36.0,28.57600212097168,4279500,0.0,0.0
2013-12-11 00:00:00-05:00,36.29999923706055,36.400001525878906,34.79999923706055,35.0,27.782222747802734,4671900,0.0,0.0
2013-12-12 00:00:00-05:00,35.20000076293945,35.29999923706055,33.79999923706055,34.70000076293945,27.544086456298828,8447460,0.0,0.0
2013-12-13 00:00:00-05:00,35.0,35.5,34.70000076293945,35.29999923706055,28.020357131958008,3519310,0.0,0.0
2013-12-16 00:00:00-05:00,35.599998474121094,35.900001525878906,35.0,35.20000076293945,27.94098472595215,5367260,0.0,0.0
2013-12-17 00:00:00-05:00,35.20000076293945,35.29999923706055,34.099998474121094,34.20000076293945,27.14720916748047,9591440,0.0,0.0
2013-12-18 00:00:00-05:00,34.29999923706055,35.70000076293945,33.20000076293945,34.70000076293945,27.544086456298828,13819370,0.0,0.0
2013-12-19 00:00:00-05:00,35.0,35.29999923706055,33.79999923706055,34.29999923706055,27.226579666137695,7053330,0.0,0.0
2013-12-20 00:00:00-05:00,34.20000076293945,35.900001525878906,34.0,35.20000076293945,27.94098472595215,8078190,0.0,0.0
2013-12-23 00:00:00-05:00,35.5,36.20000076293945,35.20000076293945,35.20000076293945,27.94098472595215,4093490,0.0,0.0
2013-12-24 00:00:00-05:00,35.400001525878906,36.099998474121094,35.0,36.0,28.57600212097168,2154860,0.0,0.0
2013-12-26 00:00:00-05:00,36.20000076293945,36.29999923706055,35.5,35.900001525878906,28.49662971496582,2606780,0.0,0.0
2013-12-27 00:00:00-05:00,36.0,36.20000076293945,35.0,35.20000076293945,27.94098472595215,3288170,0.0,0.0
2013-12-30 00:00:00-05:00,35.099998474121094,35.29999923706055,34.70000076293945,35.099998474121094,27.861597061157227,2813210,0.0,0.0
2013-12-31 00:00:00-05:00,34.900001525878906,35.400001525878906,34.79999923706055,34.900001525878906,27.702852249145508,4198340,0.0,0.0
2014-01-02 00:00:00-05:00,34.599998474121094,35.20000076293945,34.5,35.0,27.782222747802734,3473440,0.0,0.0
2014-01-03 00:00:00-05:00,35.900001525878906,36.400001525878906,35.400001525878906,35.70000076293945,28.337867736816406,5626820,0.0,0.0
2014-01-06 00:00:00-05:00,38.400001525878906,38.599998474121094,37.5,38.29999923706055,30.401687622070312,40567650,0.0,0.0
2014-01-07 00:00:00-05:00,38.599998474121094,38.70000076293945,38.099998474121094,38.599998474121094,30.639827728271484,19439700,0.0,0.0
2014-01-08 00:00:00-05:00,38.599998474121094,38.900001525878906,37.599998474121094,37.70000076293945,29.925424575805664,15205600,0.0,0.0
2014-01-09 00:00:00-05:00,37.599998474121094,38.29999923706055,37.400001525878906,37.900001525878906,30.08418083190918,10043870,0.0,0.0
2014-01-10 00:00:00-05:00,38.20000076293945,38.20000076293945,36.900001525878906,37.0,29.369783401489258,20148240,0.0,0.0
2014-01-13 00:00:00-05:00,37.599998474121094,37.599998474121094,36.5,36.70000076293945,29.131656646728516,11084510,0.0,0.0
2014-01-14 00:00:00-05:00,36.79999923706055,37.0,36.400001525878906,36.70000076293945,29.131656646728516,10479990,0.0,0.0
2014-01-15 00:00:00-05:00,36.79999923706055,37.0,36.5,36.900001525878906,29.290401458740234,6123800,0.0,0.0
2014-01-16 00:00:00-05:00,36.79999923706055,37.20000076293945,36.70000076293945,36.70000076293945,29.131656646728516,4765050,0.0,0.0
2014-01-17 00:00:00-05:00,36.70000076293945,37.29999923706055,36.70000076293945,37.20000076293945,29.528545379638672,5552730,0.0,0.0
2014-01-21 00:00:00-05:00,37.5,37.5,36.900001525878906,37.099998474121094,29.449155807495117,3594760,0.0,0.0
2014-01-22 00:00:00-05:00,37.20000076293945,37.400001525878906,36.900001525878906,37.400001525878906,29.687294006347656,3326830,0.0,0.0
2014-01-23 00:00:00-05:00,37.099998474121094,37.20000076293945,36.900001525878906,37.20000076293945,29.528545379638672,3069480,0.0,0.0
2014-01-24 00:00:00-05:00,37.0,37.0,36.20000076293945,36.400001525878906,28.893518447875977,5917280,0.0,0.0
2014-01-27 00:00:00-05:00,36.5,36.599998474121094,35.79999923706055,36.599998474121094,29.052270889282227,5498140,0.0,0.0
2014-01-28 00:00:00-05:00,36.5,36.70000076293945,36.0,36.29999923706055,28.814144134521484,6814580,0.0,0.0
2014-01-29 00:00:00-05:00,35.900001525878906,36.599998474121094,35.70000076293945,35.900001525878906,28.49662971496582,6826340,0.0,0.0
2014-01-30 00:00:00-05:00,36.0,36.29999923706055,35.79999923706055,36.0,28.57600212097168,4245790,0.0,0.0
2014-01-31 00:00:00-05:00,35.5,36.0,35.20000076293945,35.79999923706055,28.417253494262695,3277290,0.0,0.0
2014-02-03 00:00:00-05:00,35.900001525878906,36.20000076293945,34.70000076293945,35.5,28.17911148071289,7759280,0.0,0.0
2014-02-04 00:00:00-05:00,35.0,35.5,34.599998474121094,35.20000076293945,27.94098472595215,6469140,0.0,0.0
2014-02-05 00:00:00-05:00,34.79999923706055,35.0,33.5,34.29999923706055,27.226579666137695,11887710,0.0,0.0
2014-02-06 00:00:00-05:00,34.20000076293945,34.79999923706055,34.20000076293945,34.5,27.38533592224121,5059230,0.0,0.0
2014-02-07 00:00:00-05:00,34.599998474121094,35.0,34.400001525878906,34.900001525878906,27.702852249145508,4250480,0.0,0.0
2014-02-10 00:00:00-05:00,34.79999923706055,35.099998474121094,34.70000076293945,34.900001525878906,27.702852249145508,3848100,0.0,0.0
2014-02-11 00:00:00-05:00,35.0,35.79999923706055,34.900001525878906,35.70000076293945,28.337867736816406,5201510,0.0,0.0
2014-02-12 00:00:00-05:00,35.900001525878906,36.099998474121094,35.20000076293945,35.599998474121094,28.25849723815918,2924350,0.0,0.0
2014-02-13 00:00:00-05:00,34.20000076293945,35.400001525878906,34.20000076293945,35.099998474121094,27.861597061157227,14328530,0.0,0.0
2014-02-14 00:00:00-05:00,35.0,35.70000076293945,34.900001525878906,35.599998474121094,28.25849723815918,4926280,0.0,0.0
2014-02-18 00:00:00-05:00,35.599998474121094,35.79999923706055,35.5,35.79999923706055,28.417253494262695,1875520,0.0,0.0
2014-02-19 00:00:00-05:00,35.599998474121094,35.79999923706055,35.5,35.70000076293945,28.337867736816406,3924970,0.0,0.0
2014-02-20 00:00:00-05:00,35.599998474121094,36.099998474121094,35.5,36.0,28.57600212097168,4119000,0.0,0.0
2014-02-21 00:00:00-05:00,36.099998474121094,36.099998474121094,35.70000076293945,36.099998474121094,28.655380249023438,2932610,0.0,0.0
2014-02-24 00:00:00-05:00,36.099998474121094,36.20000076293945,35.70000076293945,35.900001525878906,28.49662971496582,4842480,0.0,0.0
2014-02-25 00:00:00-05:00,35.900001525878906,36.099998474121094,35.599998474121094,35.79999923706055,28.417253494262695,2873910,0.0,0.0
2014-02-26 00:00:00-05:00,35.900001525878906,35.900001525878906,35.599998474121094,35.70000076293945,28.337867736816406,2830230,0.0,0.0
2014-02-27 00:00:00-05:00,35.599998474121094,36.20000076293945,35.599998474121094,36.099998474121094,28.655380249023438,3426310,0.0,0.0
2014-02-28 00:00:00-05:00,36.20000076293945,36.29999923706055,36.0,36.099998474121094,28.655380249023438,3188790,0.0,0.0
2014-03-03 00:00:00-05:00,35.900001525878906,36.099998474121094,35.599998474121094,35.70000076293945,28.337867736816406,2284420,0.0,0.0
2014-03-04 00:00:00-05:00,35.900001525878906,36.29999923706055,35.70000076293945,35.900001525878906,28.49662971496582,4684400,0.0,0.0
2014-03-05 00:00:00-05:00,36.099998474121094,36.29999923706055,35.5,35.5,28.17911148071289,8901560,0.0,0.0
2014-03-06 00:00:00-05:00,35.5,35.79999923706055,35.099998474121094,35.599998474121094,28.25849723815918,4696120,0.0,0.0
2014-03-07 00:00:00-05:00,35.900001525878906,36.0,35.099998474121094,35.099998474121094,27.861597061157227,2645710,0.0,0.0
2014-03-10 00:00:00-04:00,35.099998474121094,35.29999923706055,34.5,34.70000076293945,27.544086456298828,6142990,0.0,0.0
2014-03-11 00:00:00-04:00,34.900001525878906,35.0,34.29999923706055,34.29999923706055,27.226579666137695,3890960,0.0,0.0
2014-03-12 00:00:00-04:00,34.29999923706055,34.5,33.70000076293945,33.900001525878906,26.90907096862793,8450710,0.0,0.0
2014-03-13 00:00:00-04:00,34.099998474121094,34.29999923706055,33.599998474121094,33.70000076293945,26.75031852722168,4692040,0.0,0.0
2014-03-14 00:00:00-04:00,33.599998474121094,35.20000076293945,33.5,34.400001525878906,27.30596160888672,29995150,0.0,0.0
2014-03-17 00:00:00-04:00,34.900001525878906,34.900001525878906,33.900001525878906,34.20000076293945,27.14720916748047,5008460,0.0,0.0
2014-03-18 00:00:00-04:00,34.29999923706055,34.400001525878906,33.79999923706055,33.900001525878906,26.90907096862793,5498480,0.0,0.0
2014-03-19 00:00:00-04:00,33.900001525878906,34.400001525878906,33.79999923706055,34.0,26.98844337463379,5899170,0.0,0.0
2014-03-20 00:00:00-04:00,34.0,34.0,33.599998474121094,33.599998474121094,26.67093849182129,4494200,0.0,0.0
2014-03-21 00:00:00-04:00,33.79999923706055,34.0,33.5,33.5,26.591556549072266,6618190,0.0,0.0
2014-03-24 00:00:00-04:00,33.599998474121094,33.599998474121094,32.20000076293945,32.599998474121094,25.877164840698242,13602870,0.0,0.0
2014-03-25 00:00:00-04:00,32.70000076293945,33.0,30.899999618530273,31.700000762939453,25.162755966186523,18243310,0.0,0.0
2014-03-26 00:00:00-04:00,32.20000076293945,32.5,31.5,31.600000381469727,25.08338737487793,9746160,0.0,0.0
2014-03-27 00:00:00-04:00,31.5,32.0,30.899999618530273,31.299999237060547,24.845252990722656,7845690,0.0,0.0
2014-03-28 00:00:00-04:00,31.600000381469727,32.099998474121094,31.5,31.600000381469727,25.08338737487793,5280970,0.0,0.0
2014-03-31 00:00:00-04:00,31.799999237060547,32.099998474121094,31.5,32.0,25.40089225769043,6706900,0.0,0.0
2014-04-01 00:00:00-04:00,32.0,32.400001525878906,31.899999618530273,32.400001525878906,25.718402862548828,6498680,0.0,0.0
2014-04-02 00:00:00-04:00,32.70000076293945,33.599998474121094,32.599998474121094,33.400001525878906,26.51218032836914,16744420,0.0,0.0
2014-04-03 00:00:00-04:00,33.599998474121094,34.0,32.599998474121094,32.79999923706055,26.035911560058594,7657200,0.0,0.0
2014-04-04 00:00:00-04:00,33.20000076293945,33.400001525878906,32.0,32.0,25.40089225769043,6275720,0.0,0.0
2014-04-07 00:00:00-04:00,32.0,32.099998474121094,31.100000381469727,31.200000762939453,24.765872955322266,8141430,0.0,0.0
2014-04-08 00:00:00-04:00,31.399999618530273,31.5,30.600000381469727,30.700000762939453,24.368976593017578,13759180,0.0,0.0
2014-04-09 00:00:00-04:00,30.799999237060547,31.600000381469727,30.799999237060547,31.399999618530273,24.924625396728516,14761020,0.0,0.0
2014-04-10 00:00:00-04:00,31.299999237060547,31.799999237060547,30.5,31.0,24.607118606567383,12306990,0.0,0.0
2014-04-11 00:00:00-04:00,31.299999237060547,32.400001525878906,31.0,31.600000381469727,25.08338737487793,8995370,0.0,0.0
2014-04-14 00:00:00-04:00,31.899999618530273,32.0,31.0,31.299999237060547,24.845252990722656,5019680,0.0,0.0
2014-04-15 00:00:00-04:00,31.299999237060547,31.399999618530273,30.0,30.899999618530273,24.52773666381836,9475690,0.0,0.0
2014-04-16 00:00:00-04:00,30.899999618530273,31.700000762939453,30.899999618530273,31.700000762939453,25.162755966186523,5021510,0.0,0.0
2014-04-17 00:00:00-04:00,31.700000762939453,31.899999618530273,31.299999237060547,31.399999618530273,24.924625396728516,3447310,0.0,0.0
2014-04-21 00:00:00-04:00,31.399999618530273,32.099998474121094,31.399999618530273,31.899999618530273,25.32151222229004,3406990,0.0,0.0
2014-04-22 00:00:00-04:00,32.0,32.400001525878906,31.899999618530273,32.20000076293945,25.559646606445312,4095020,0.0,0.0
2014-04-23 00:00:00-04:00,32.20000076293945,32.400001525878906,31.600000381469727,31.700000762939453,25.162755966186523,3935840,0.0,0.0
2014-04-24 00:00:00-04:00,31.899999618530273,32.5,31.200000762939453,32.0,25.40089225769043,10433450,0.0,0.0
2014-04-25 00:00:00-04:00,31.799999237060547,31.799999237060547,30.799999237060547,31.200000762939453,24.765872955322266,6515670,0.0,0.0
2014-04-28 00:00:00-04:00,31.100000381469727,31.299999237060547,29.799999237060547,30.700000762939453,24.368976593017578,8428540,0.0,0.0
2014-04-29 00:00:00-04:00,30.600000381469727,31.100000381469727,30.0,30.700000762939453,24.368976593017578,5839270,0.0,0.0
2014-04-30 00:00:00-04:00,30.5,31.899999618530273,30.5,31.899999618530273,25.32151222229004,5885560,0.0,0.0
2014-05-01 00:00:00-04:00,31.700000762939453,32.29999923706055,31.700000762939453,32.20000076293945,25.559646606445312,6272450,0.0,0.0
2014-05-02 00:00:00-04:00,32.099998474121094,32.599998474121094,32.099998474121094,32.400001525878906,25.718402862548828,5428550,0.0,0.0
2014-05-05 00:00:00-04:00,32.20000076293945,32.400001525878906,31.700000762939453,32.29999923706055,25.639034271240234,2440430,0.0,0.0
2014-05-06 00:00:00-04:00,32.0,32.29999923706055,31.799999237060547,31.899999618530273,25.32151222229004,2707330,0.0,0.0
2014-05-07 00:00:00-04:00,32.0,32.099998474121094,31.200000762939453,31.5,25.00400733947754,4298320,0.0,0.0
2014-05-08 00:00:00-04:00,31.399999618530273,32.0,31.399999618530273,31.5,25.00400733947754,3568470,0.0,0.0
2014-05-09 00:00:00-04:00,31.5,31.600000381469727,31.200000762939453,31.600000381469727,25.08338737487793,3116120,0.0,0.0
2014-05-12 00:00:00-04:00,31.600000381469727,32.20000076293945,31.5,32.0,25.40089225769043,3045860,0.0,0.0
2014-05-13 00:00:00-04:00,32.0,32.900001525878906,32.0,32.70000076293945,25.95653533935547,6894040,0.0,0.0
2014-05-14 00:00:00-04:00,32.599998474121094,32.79999923706055,32.0,32.20000076293945,25.559646606445312,4514480,0.0,0.0
2014-05-15 00:00:00-04:00,32.0,32.0,30.899999618530273,31.5,25.00400733947754,6197170,0.0,0.0
2014-05-16 00:00:00-04:00,31.5,31.600000381469727,30.899999618530273,31.200000762939453,24.765872955322266,6801410,0.0,0.0
2014-05-19 00:00:00-04:00,31.0,31.700000762939453,31.0,31.600000381469727,25.08338737487793,4562940,0.0,0.0
2014-05-20 00:00:00-04:00,31.5,32.099998474121094,31.5,31.700000762939453,25.162755966186523,4283560,0.0,0.0
2014-05-21 00:00:00-04:00,31.799999237060547,32.29999923706055,31.600000381469727,31.700000762939453,25.162755966186523,5114190,0.0,0.0
2014-05-22 00:00:00-04:00,31.700000762939453,32.79999923706055,31.700000762939453,32.70000076293945,25.95653533935547,8081980,0.0,0.0
2014-05-23 00:00:00-04:00,32.79999923706055,33.0,32.400001525878906,32.70000076293945,25.95653533935547,5122940,0.0,0.0
2014-05-27 00:00:00-04:00,32.70000076293945,33.29999923706055,32.599998474121094,33.20000076293945,26.35343360900879,4739410,0.0,0.0
2014-05-28 00:00:00-04:00,33.0,33.29999923706055,32.900001525878906,33.0,26.194677352905273,3033740,0.0,0.0
2014-05-29 00:00:00-04:00,33.099998474121094,33.599998474121094,33.0,33.20000076293945,26.35343360900879,10035360,0.0,0.0
2014-05-30 00:00:00-04:00,33.29999923706055,33.29999923706055,32.20000076293945,32.79999923706055,26.035911560058594,9403860,0.0,0.0
2014-06-02 00:00:00-04:00,32.79999923706055,33.20000076293945,32.70000076293945,32.79999923706055,26.035911560058594,3226790,0.0,0.0
2014-06-03 00:00:00-04:00,32.79999923706055,33.20000076293945,32.70000076293945,33.0,26.194677352905273,5439310,0.0,0.0
2014-06-04 00:00:00-04:00,32.900001525878906,33.5,32.900001525878906,33.400001525878906,26.51218032836914,3671020,0.0,0.0
2014-06-05 00:00:00-04:00,33.400001525878906,33.5,33.099998474121094,33.20000076293945,26.35343360900879,3432060,0.0,0.0
2014-06-06 00:00:00-04:00,33.29999923706055,33.599998474121094,33.20000076293945,33.599998474121094,26.67093849182129,3175640,0.0,0.0
2014-06-09 00:00:00-04:00,33.400001525878906,34.0,33.29999923706055,33.70000076293945,26.75031852722168,3687110,0.0,0.0
2014-06-10 00:00:00-04:00,33.400001525878906,33.70000076293945,33.400001525878906,33.5,26.591556549072266,6569950,0.0,0.0
2014-06-11 00:00:00-04:00,33.20000076293945,33.599998474121094,33.099998474121094,33.5,26.591556549072266,4421160,0.0,0.0
2014-06-12 00:00:00-04:00,33.400001525878906,33.900001525878906,33.099998474121094,33.400001525878906,26.51218032836914,3520720,0.0,0.0
2014-06-13 00:00:00-04:00,33.400001525878906,33.5,33.20000076293945,33.400001525878906,26.51218032836914,1884690,0.0,0.0
2014-06-16 00:00:00-04:00,33.099998474121094,33.599998474121094,33.099998474121094,33.29999923706055,26.432802200317383,3198940,0.0,0.0
2014-06-17 00:00:00-04:00,33.20000076293945,33.79999923706055,33.20000076293945,33.70000076293945,26.75031852722168,5449340,0.0,0.0
2014-06-18 00:00:00-04:00,33.70000076293945,34.70000076293945,33.70000076293945,34.5,27.38533592224121,8622120,0.0,0.0
2014-06-19 00:00:00-04:00,34.29999923706055,34.900001525878906,34.099998474121094,34.599998474121094,27.46471405029297,6614490,0.0,0.0
2014-06-20 00:00:00-04:00,34.70000076293945,34.79999923706055,33.79999923706055,33.900001525878906,26.90907096862793,7162880,0.0,0.0
2014-06-23 00:00:00-04:00,33.900001525878906,34.29999923706055,33.79999923706055,34.29999923706055,27.226579666137695,2723980,0.0,0.0
2014-06-24 00:00:00-04:00,34.20000076293945,34.5,33.79999923706055,34.0,26.98844337463379,3583730,0.0,0.0
2014-06-25 00:00:00-04:00,33.79999923706055,34.29999923706055,33.79999923706055,34.29999923706055,27.226579666137695,5710160,0.0,0.0
2014-06-26 00:00:00-04:00,34.29999923706055,34.599998474121094,34.0,34.599998474121094,27.46471405029297,3821640,0.0,0.0
2014-06-27 00:00:00-04:00,34.5,34.70000076293945,34.20000076293945,34.29999923706055,27.226579666137695,9186240,0.0,0.0
2014-06-30 00:00:00-04:00,34.400001525878906,34.79999923706055,34.29999923706055,34.599998474121094,27.46471405029297,4441360,0.0,0.0
2014-07-01 00:00:00-04:00,34.70000076293945,34.900001525878906,34.099998474121094,34.400001525878906,27.30596160888672,5528890,0.0,0.0
2014-07-02 00:00:00-04:00,34.400001525878906,34.900001525878906,34.29999923706055,34.5,27.38533592224121,3870070,0.0,0.0
2014-07-03 00:00:00-04:00,34.5,34.79999923706055,34.5,34.599998474121094,27.46471405029297,1008840,0.0,0.0
2014-07-07 00:00:00-04:00,34.400001525878906,34.5,34.0,34.29999923706055,27.226579666137695,3973200,0.0,0.0
2014-07-08 00:00:00-04:00,34.099998474121094,34.20000076293945,33.20000076293945,33.70000076293945,26.75031852722168,6286670,0.0,0.0
2014-07-09 00:00:00-04:00,33.599998474121094,33.900001525878906,33.400001525878906,33.5,26.591556549072266,5644720,0.0,0.0
2014-07-10 00:00:00-04:00,32.900001525878906,33.900001525878906,32.79999923706055,33.79999923706055,26.82969093322754,4012370,0.0,0.0
2014-07-11 00:00:00-04:00,33.70000076293945,34.0,33.599998474121094,33.79999923706055,26.82969093322754,1903090,0.0,0.0
2014-07-14 00:00:00-04:00,34.0,34.099998474121094,33.79999923706055,34.0,26.98844337463379,2194160,0.0,0.0
2014-07-15 00:00:00-04:00,33.900001525878906,34.099998474121094,33.599998474121094,33.79999923706055,26.82969093322754,3930850,0.0,0.0
2014-07-16 00:00:00-04:00,34.5,34.5,34.0,34.20000076293945,27.14720916748047,4935390,0.0,0.0
2014-07-17 00:00:00-04:00,34.0,34.79999923706055,34.0,34.599998474121094,27.46471405029297,5143750,0.0,0.0
2014-07-18 00:00:00-04:00,34.70000076293945,34.70000076293945,34.29999923706055,34.400001525878906,27.30596160888672,3355420,0.0,0.0
2014-07-21 00:00:00-04:00,34.20000076293945,34.79999923706055,34.099998474121094,34.599998474121094,27.46471405029297,2728890,0.0,0.0
2014-07-22 00:00:00-04:00,34.70000076293945,34.79999923706055,34.599998474121094,34.79999923706055,27.623476028442383,1998170,0.0,0.0
2014-07-23 00:00:00-04:00,34.70000076293945,34.79999923706055,34.29999923706055,34.599998474121094,27.46471405029297,4043890,0.0,0.0
2014-07-24 00:00:00-04:00,34.599998474121094,34.70000076293945,34.29999923706055,34.5,27.38533592224121,4859040,0.0,0.0
2014-07-25 00:00:00-04:00,34.29999923706055,34.5,34.20000076293945,34.400001525878906,27.30596160888672,4397500,0.0,0.0
2014-07-28 00:00:00-04:00,34.29999923706055,34.400001525878906,33.599998474121094,33.79999923706055,26.82969093322754,6890750,0.0,0.0
2014-07-29 00:00:00-04:00,34.79999923706055,34.900001525878906,33.79999923706055,34.0,26.98844337463379,11861260,0.0,0.0
2014-07-30 00:00:00-04:00,34.29999923706055,34.70000076293945,34.0,34.599998474121094,27.46471405029297,6685360,0.0,0.0
2014-07-31 00:00:00-04:00,34.400001525878906,34.5,33.79999923706055,33.79999923706055,26.82969093322754,4203080,0.0,0.0
2014-08-01 00:00:00-04:00,33.900001525878906,34.20000076293945,33.0,33.099998474121094,26.2740535736084,5241020,0.0,0.0
2014-08-04 00:00:00-04:00,33.20000076293945,33.70000076293945,33.20000076293945,33.400001525878906,26.51218032836914,2886550,0.0,0.0
2014-08-05 00:00:00-04:00,33.400001525878906,33.79999923706055,33.20000076293945,33.70000076293945,26.75031852722168,3589050,0.0,0.0
2014-08-06 00:00:00-04:00,33.5,33.79999923706055,33.20000076293945,33.599998474121094,26.67093849182129,4594830,0.0,0.0
2014-08-07 00:00:00-04:00,33.70000076293945,33.900001525878906,33.400001525878906,33.599998474121094,26.67093849182129,3616290,0.0,0.0
2014-08-08 00:00:00-04:00,33.5,34.400001525878906,33.5,34.400001525878906,27.30596160888672,6769060,0.0,0.0
2014-08-11 00:00:00-04:00,34.20000076293945,34.400001525878906,34.099998474121094,34.29999923706055,27.226579666137695,2359100,0.0,0.0
2014-08-12 00:00:00-04:00,34.20000076293945,34.400001525878906,33.900001525878906,34.0,26.98844337463379,3368390,0.0,0.0
2014-08-13 00:00:00-04:00,34.20000076293945,34.900001525878906,34.20000076293945,34.900001525878906,27.702852249145508,6354170,0.0,0.0
2014-08-14 00:00:00-04:00,34.79999923706055,35.5,34.79999923706055,35.5,28.17911148071289,6025970,0.0,0.0
2014-08-15 00:00:00-04:00,35.5,35.79999923706055,35.29999923706055,35.5,28.17911148071289,5387310,0.0,0.0
2014-08-18 00:00:00-04:00,35.599998474121094,35.70000076293945,35.099998474121094,35.5,28.17911148071289,4188710,0.0,0.0
2014-08-19 00:00:00-04:00,35.5,35.70000076293945,35.400001525878906,35.599998474121094,28.25849723815918,2326340,0.0,0.0
2014-08-20 00:00:00-04:00,35.5,35.79999923706055,35.5,35.70000076293945,28.337867736816406,2710140,0.0,0.0
2014-08-21 00:00:00-04:00,35.599998474121094,35.79999923706055,35.5,35.79999923706055,28.417253494262695,2373910,0.0,0.0
2014-08-22 00:00:00-04:00,35.79999923706055,35.79999923706055,35.5,35.79999923706055,28.417253494262695,1875130,0.0,0.0
2014-08-25 00:00:00-04:00,35.599998474121094,36.0,35.599998474121094,35.900001525878906,28.49662971496582,5277990,0.0,0.0
2014-08-26 00:00:00-04:00,36.0,36.0,35.599998474121094,35.599998474121094,28.25849723815918,3395270,0.0,0.0
2014-08-27 00:00:00-04:00,35.5,36.0,35.5,35.900001525878906,28.49662971496582,4009200,0.0,0.0
2014-08-28 00:00:00-04:00,35.900001525878906,36.20000076293945,35.70000076293945,36.0,28.57600212097168,3508060,0.0,0.0
2014-08-29 00:00:00-04:00,36.20000076293945,36.29999923706055,35.900001525878906,36.29999923706055,28.814144134521484,3377860,0.0,0.0
2014-09-02 00:00:00-04:00,36.20000076293945,36.400001525878906,36.099998474121094,36.400001525878906,28.893518447875977,3077120,0.0,0.0
2014-09-03 00:00:00-04:00,36.29999923706055,36.400001525878906,36.099998474121094,36.400001525878906,28.893518447875977,3229910,0.0,0.0
2014-09-04 00:00:00-04:00,36.29999923706055,36.400001525878906,35.79999923706055,36.0,28.57600212097168,4051650,0.0,0.0
2014-09-05 00:00:00-04:00,35.900001525878906,36.099998474121094,35.79999923706055,36.0,28.57600212097168,2127420,0.0,0.0
2014-09-08 00:00:00-04:00,35.79999923706055,36.099998474121094,35.70000076293945,35.79999923706055,28.417253494262695,2546910,0.0,0.0
2014-09-09 00:00:00-04:00,35.70000076293945,35.900001525878906,35.599998474121094,35.70000076293945,28.337867736816406,3057950,0.0,0.0
2014-09-10 00:00:00-04:00,36.099998474121094,36.29999923706055,36.0,36.20000076293945,28.734764099121094,2892270,0.0,0.0
2014-09-11 00:00:00-04:00,36.0,36.29999923706055,36.0,36.20000076293945,28.734764099121094,2106830,0.0,0.0
2014-09-12 00:00:00-04:00,36.0,36.29999923706055,35.900001525878906,36.099998474121094,28.655380249023438,2178470,0.0,0.0
2014-09-15 00:00:00-04:00,36.0,36.099998474121094,35.70000076293945,35.900001525878906,28.49662971496582,2943920,0.0,0.0
2014-09-16 00:00:00-04:00,35.79999923706055,36.099998474121094,35.70000076293945,36.099998474121094,28.655380249023438,4044170,0.0,0.0
2014-09-17 00:00:00-04:00,35.900001525878906,36.5,35.900001525878906,36.29999923706055,28.814144134521484,3406990,0.0,0.0
2014-09-18 00:00:00-04:00,36.20000076293945,36.5,36.20000076293945,36.400001525878906,28.893518447875977,2247700,0.0,0.0
2014-09-19 00:00:00-04:00,36.29999923706055,36.400001525878906,35.70000076293945,35.70000076293945,28.337867736816406,7567930,0.0,0.0
2014-09-22 00:00:00-04:00,35.79999923706055,35.900001525878906,35.20000076293945,35.20000076293945,27.94098472595215,5028150,0.0,0.0
2014-09-23 00:00:00-04:00,34.900001525878906,35.79999923706055,34.79999923706055,34.79999923706055,27.623476028442383,5769620,0.0,0.0
2014-09-24 00:00:00-04:00,34.599998474121094,35.70000076293945,34.5,35.29999923706055,28.020357131958008,4611990,0.0,0.0
2014-09-25 00:00:00-04:00,35.400001525878906,35.5,34.79999923706055,34.79999923706055,27.623476028442383,4948340,0.0,0.0
2014-09-26 00:00:00-04:00,34.79999923706055,35.20000076293945,34.79999923706055,35.099998474121094,27.861597061157227,2930730,0.0,0.0
2014-09-29 00:00:00-04:00,34.900001525878906,35.29999923706055,34.70000076293945,35.0,27.782222747802734,1850760,0.0,0.0
2014-09-30 00:00:00-04:00,35.099998474121094,35.29999923706055,34.900001525878906,34.900001525878906,27.702852249145508,2336580,0.0,0.0
2014-10-01 00:00:00-04:00,34.79999923706055,35.0,34.099998474121094,34.20000076293945,27.14720916748047,5476940,0.0,0.0
2014-10-02 00:00:00-04:00,34.20000076293945,34.29999923706055,33.20000076293945,33.900001525878906,26.90907096862793,5156390,0.0,0.0
2014-10-03 00:00:00-04:00,33.79999923706055,34.29999923706055,33.79999923706055,34.20000076293945,27.14720916748047,2125210,0.0,0.0
2014-10-06 00:00:00-04:00,34.29999923706055,34.5,33.70000076293945,34.0,26.98844337463379,2237920,0.0,0.0
2014-10-07 00:00:00-04:00,33.900001525878906,34.0,33.5,33.599998474121094,26.67093849182129,1646660,0.0,0.0
2014-10-08 00:00:00-04:00,33.599998474121094,34.20000076293945,33.20000076293945,34.099998474121094,27.06782341003418,4029890,0.0,0.0
2014-10-09 00:00:00-04:00,33.79999923706055,34.20000076293945,32.79999923706055,32.79999923706055,26.035911560058594,5501450,0.0,0.0
2014-10-10 00:00:00-04:00,32.900001525878906,33.0,31.5,31.700000762939453,25.162755966186523,4908910,0.0,0.0
2014-10-13 00:00:00-04:00,31.399999618530273,32.599998474121094,31.399999618530273,31.899999618530273,25.32151222229004,5061660,0.0,0.0
2014-10-14 00:00:00-04:00,32.099998474121094,32.70000076293945,31.799999237060547,32.5,25.797788619995117,5863740,0.0,0.0
2014-10-15 00:00:00-04:00,32.0,32.900001525878906,31.700000762939453,32.599998474121094,25.877164840698242,7284480,0.0,0.0
2014-10-16 00:00:00-04:00,32.0,32.900001525878906,31.899999618530273,32.79999923706055,26.035911560058594,3525340,0.0,0.0
2014-10-17 00:00:00-04:00,33.0,33.29999923706055,32.5,32.70000076293945,25.95653533935547,3157690,0.0,0.0
2014-10-20 00:00:00-04:00,32.599998474121094,33.29999923706055,32.5,33.29999923706055,26.432802200317383,2832430,0.0,0.0
2014-10-21 00:00:00-04:00,33.20000076293945,33.900001525878906,33.20000076293945,33.79999923706055,26.82969093322754,1577870,0.0,0.0
2014-10-22 00:00:00-04:00,33.79999923706055,33.900001525878906,33.29999923706055,33.29999923706055,26.432802200317383,1327600,0.0,0.0
2014-10-23 00:00:00-04:00,33.5,33.70000076293945,33.29999923706055,33.70000076293945,26.75031852722168,1758940,0.0,0.0
2014-10-24 00:00:00-04:00,33.79999923706055,33.79999923706055,33.400001525878906,33.70000076293945,26.75031852722168,1187330,0.0,0.0
2014-10-27 00:00:00-04:00,33.400001525878906,33.599998474121094,33.099998474121094,33.5,26.591556549072266,1838950,0.0,0.0
2014-10-28 00:00:00-04:00,33.5,33.79999923706055,32.79999923706055,33.29999923706055,26.432802200317383,3835410,0.0,0.0
2014-10-29 00:00:00-04:00,33.29999923706055,33.70000076293945,33.20000076293945,33.5,26.591556549072266,4397540,0.0,0.0
2014-10-30 00:00:00-04:00,33.5,33.900001525878906,33.400001525878906,33.79999923706055,26.82969093322754,2594780,0.0,0.0
2014-10-31 00:00:00-04:00,34.0,34.5,34.0,34.29999923706055,27.226579666137695,4023090,0.0,0.0
2014-11-03 00:00:00-05:00,34.29999923706055,34.900001525878906,34.20000076293945,34.79999923706055,27.623476028442383,2580440,0.0,0.0
2014-11-04 00:00:00-05:00,34.70000076293945,34.79999923706055,34.29999923706055,34.79999923706055,27.623476028442383,3046840,0.0,0.0
2014-11-05 00:00:00-05:00,34.79999923706055,35.0,34.29999923706055,34.900001525878906,27.702852249145508,4017900,0.0,0.0
2014-11-06 00:00:00-05:00,34.900001525878906,35.0,34.400001525878906,34.5,27.38533592224121,3034320,0.0,0.0
2014-11-07 00:00:00-05:00,34.70000076293945,34.70000076293945,34.400001525878906,34.599998474121094,27.46471405029297,2815600,0.0,0.0
2014-11-10 00:00:00-05:00,34.5,34.900001525878906,34.29999923706055,34.900001525878906,27.702852249145508,2879600,0.0,0.0
2014-11-11 00:00:00-05:00,34.79999923706055,35.099998474121094,34.70000076293945,35.099998474121094,27.861597061157227,1702050,0.0,0.0
2014-11-12 00:00:00-05:00,34.900001525878906,35.20000076293945,34.79999923706055,34.900001525878906,27.702852249145508,2332470,0.0,0.0
2014-11-13 00:00:00-05:00,34.79999923706055,35.099998474121094,34.79999923706055,35.099998474121094,27.861597061157227,1518640,0.0,0.0
2014-11-14 00:00:00-05:00,35.20000076293945,35.29999923706055,35.0,35.29999923706055,28.020357131958008,1926940,0.0,0.0
2014-11-17 00:00:00-05:00,35.20000076293945,35.400001525878906,34.900001525878906,35.20000076293945,27.94098472595215,1856650,0.0,0.0
2014-11-18 00:00:00-05:00,35.099998474121094,35.79999923706055,35.099998474121094,35.599998474121094,28.25849723815918,2513260,0.0,0.0
2014-11-19 00:00:00-05:00,35.5,35.900001525878906,35.099998474121094,35.20000076293945,27.94098472595215,2895560,0.0,0.0
2014-11-20 00:00:00-05:00,35.20000076293945,35.5,34.900001525878906,35.5,28.17911148071289,2204670,0.0,0.0
2014-11-21 00:00:00-05:00,35.70000076293945,35.79999923706055,35.29999923706055,35.400001525878906,28.099740982055664,1878720,0.0,0.0
2014-11-24 00:00:00-05:00,35.400001525878906,35.79999923706055,35.29999923706055,35.70000076293945,28.337867736816406,1966320,0.0,0.0
2014-11-25 00:00:00-05:00,35.70000076293945,36.0,35.599998474121094,36.0,28.57600212097168,3063660,0.0,0.0
2014-11-26 00:00:00-05:00,36.0,36.20000076293945,35.79999923706055,36.0,28.57600212097168,1981630,0.0,0.0
2014-11-28 00:00:00-05:00,36.0,36.29999923706055,36.0,36.29999923706055,28.814144134521484,1190140,0.0,0.0
2014-12-01 00:00:00-05:00,36.099998474121094,36.29999923706055,35.79999923706055,36.099998474121094,28.655380249023438,2836660,0.0,0.0
2014-12-02 00:00:00-05:00,36.099998474121094,36.20000076293945,35.900001525878906,35.900001525878906,28.49662971496582,2715180,0.0,0.0
2014-12-03 00:00:00-05:00,35.900001525878906,36.20000076293945,35.900001525878906,36.0,28.57600212097168,1966340,0.0,0.0
2014-12-04 00:00:00-05:00,35.900001525878906,36.099998474121094,35.5,35.79999923706055,28.417253494262695,2410640,0.0,0.0
2014-12-05 00:00:00-05:00,35.70000076293945,35.79999923706055,34.5,34.900001525878906,27.702852249145508,4690850,0.0,0.0
2014-12-08 00:00:00-05:00,34.70000076293945,34.900001525878906,34.400001525878906,34.70000076293945,27.544086456298828,2545230,0.0,0.0
2014-12-09 00:00:00-05:00,34.5,35.20000076293945,34.20000076293945,34.900001525878906,27.702852249145508,2244070,0.0,0.0
2014-12-10 00:00:00-05:00,34.79999923706055,35.099998474121094,34.29999923706055,34.400001525878906,27.30596160888672,2380860,0.0,0.0
2014-12-11 00:00:00-05:00,34.5,35.0,34.5,34.599998474121094,27.46471405029297,1937750,0.0,0.0
2014-12-12 00:00:00-05:00,34.29999923706055,34.5,34.0,34.099998474121094,27.06782341003418,3152620,0.0,0.0
2014-12-15 00:00:00-05:00,34.099998474121094,34.400001525878906,32.70000076293945,33.400001525878906,26.51218032836914,6083290,0.0,0.0
2014-12-16 00:00:00-05:00,33.20000076293945,33.79999923706055,33.099998474121094,33.29999923706055,26.432802200317383,4104920,0.0,0.0
2014-12-17 00:00:00-05:00,33.20000076293945,34.20000076293945,33.20000076293945,34.099998474121094,27.06782341003418,3490490,0.0,0.0
2014-12-18 00:00:00-05:00,34.400001525878906,34.599998474121094,34.29999923706055,34.599998474121094,27.46471405029297,2924590,0.0,0.0
2014-12-19 00:00:00-05:00,34.29999923706055,35.0,34.29999923706055,34.70000076293945,27.544086456298828,4435550,0.0,0.0
2014-12-22 00:00:00-05:00,34.599998474121094,35.0,34.599998474121094,34.900001525878906,27.702852249145508,1815150,0.0,0.0
2014-12-23 00:00:00-05:00,34.900001525878906,35.0,34.70000076293945,34.79999923706055,27.623476028442383,2325830,0.0,0.0
2014-12-24 00:00:00-05:00,34.79999923706055,35.0,34.70000076293945,34.900001525878906,27.702852249145508,948950,0.0,0.0
2014-12-26 00:00:00-05:00,34.79999923706055,35.0,34.70000076293945,34.900001525878906,27.702852249145508,1362990,0.0,0.0
2014-12-29 00:00:00-05:00,34.79999923706055,35.20000076293945,34.70000076293945,35.20000076293945,27.94098472595215,2315450,0.0,0.0
2014-12-30 00:00:00-05:00,35.0,35.20000076293945,34.900001525878906,35.099998474121094,27.861597061157227,1443500,0.0,0.0
2014-12-31 00:00:00-05:00,35.0,35.400001525878906,34.79999923706055,35.0,27.782222747802734,2489110,0.0,0.0
2015-01-02 00:00:00-05:00,35.0,35.29999923706055,34.400001525878906,34.79999923706055,27.623476028442383,3442650,0.0,0.0
2015-01-05 00:00:00-05:00,34.599998474121094,34.70000076293945,34.0,34.0,26.98844337463379,3790070,0.0,0.0
2015-01-06 00:00:00-05:00,34.0,34.29999923706055,33.29999923706055,33.5,26.591556549072266,4799100,0.0,0.0
2015-01-07 00:00:00-05:00,33.900001525878906,34.400001525878906,33.79999923706055,34.099998474121094,27.06782341003418,9496190,0.0,0.0
2015-01-08 00:00:00-05:00,34.29999923706055,35.599998474121094,34.29999923706055,35.400001525878906,28.099740982055664,5216220,0.0,0.0
2015-01-09 00:00:00-05:00,35.20000076293945,35.5,35.0,35.29999923706055,28.020357131958008,2305910,0.0,0.0
2015-01-12 00:00:00-05:00,35.29999923706055,35.79999923706055,35.099998474121094,35.70000076293945,28.337867736816406,3044480,0.0,0.0
2015-01-13 00:00:00-05:00,35.900001525878906,36.599998474121094,35.29999923706055,35.400001525878906,28.099740982055664,6424660,0.0,0.0
2015-01-14 00:00:00-05:00,35.0,35.79999923706055,34.900001525878906,35.099998474121094,27.861597061157227,7083630,0.0,0.0
2015-01-15 00:00:00-05:00,35.20000076293945,35.29999923706055,34.900001525878906,35.20000076293945,27.94098472595215,2552420,0.0,0.0
2015-01-16 00:00:00-05:00,35.20000076293945,35.5,34.900001525878906,35.29999923706055,28.020357131958008,2685250,0.0,0.0
2015-01-20 00:00:00-05:00,35.29999923706055,35.5,34.79999923706055,34.900001525878906,27.702852249145508,2674790,0.0,0.0
2015-01-21 00:00:00-05:00,34.79999923706055,35.70000076293945,34.70000076293945,35.70000076293945,28.337867736816406,3777020,0.0,0.0
2015-01-22 00:00:00-05:00,35.79999923706055,36.099998474121094,35.20000076293945,36.099998474121094,28.655380249023438,3189380,0.0,0.0
2015-01-23 00:00:00-05:00,36.099998474121094,36.29999923706055,35.70000076293945,35.70000076293945,28.337867736816406,2812250,0.0,0.0
2015-01-26 00:00:00-05:00,35.70000076293945,36.599998474121094,35.599998474121094,36.599998474121094,29.052270889282227,3704360,0.0,0.0
2015-01-27 00:00:00-05:00,36.20000076293945,36.599998474121094,36.099998474121094,36.400001525878906,28.893518447875977,2713430,0.0,0.0
2015-01-28 00:00:00-05:00,36.400001525878906,36.599998474121094,35.5,35.599998474121094,28.25849723815918,3453100,0.0,0.0
2015-01-29 00:00:00-05:00,35.70000076293945,35.900001525878906,35.20000076293945,35.900001525878906,28.49662971496582,3046580,0.0,0.0
2015-01-30 00:00:00-05:00,35.70000076293945,36.0,35.29999923706055,35.5,28.17911148071289,4218360,0.0,0.0
2015-02-02 00:00:00-05:00,35.599998474121094,36.099998474121094,35.099998474121094,36.099998474121094,28.655380249023438,3568970,0.0,0.0
2015-02-03 00:00:00-05:00,36.20000076293945,36.599998474121094,35.900001525878906,36.400001525878906,28.893518447875977,4025590,0.0,0.0
2015-02-04 00:00:00-05:00,36.29999923706055,36.5,35.900001525878906,36.099998474121094,28.655380249023438,2874660,0.0,0.0
2015-02-05 00:00:00-05:00,36.5,37.0,36.099998474121094,36.900001525878906,29.290401458740234,6061010,0.0,0.0
2015-02-06 00:00:00-05:00,37.0,37.70000076293945,36.70000076293945,37.20000076293945,29.528545379638672,6182420,0.0,0.0
2015-02-09 00:00:00-05:00,37.0,37.29999923706055,36.70000076293945,37.099998474121094,29.449155807495117,3585130,0.0,0.0
2015-02-10 00:00:00-05:00,37.099998474121094,37.70000076293945,37.0,37.5,29.76667022705078,3301210,0.0,0.0
2015-02-11 00:00:00-05:00,37.599998474121094,38.20000076293945,37.5,38.099998474121094,30.242942810058594,4605350,0.0,0.0
2015-02-12 00:00:00-05:00,38.29999923706055,39.0,38.20000076293945,39.0,30.957340240478516,3196040,0.0,0.0
2015-02-13 00:00:00-05:00,39.20000076293945,39.29999923706055,38.29999923706055,38.29999923706055,30.401687622070312,3383340,0.0,0.0
2015-02-17 00:00:00-05:00,38.20000076293945,39.0,38.099998474121094,38.900001525878906,30.877962112426758,2698940,0.0,0.0
2015-02-18 00:00:00-05:00,38.79999923706055,39.099998474121094,38.599998474121094,39.0,30.957340240478516,1629370,0.0,0.0
2015-02-19 00:00:00-05:00,38.900001525878906,39.099998474121094,38.5,38.70000076293945,30.71921157836914,1747260,0.0,0.0
2015-02-20 00:00:00-05:00,38.900001525878906,39.099998474121094,38.29999923706055,38.599998474121094,30.639827728271484,2443180,0.0,0.0
2015-02-23 00:00:00-05:00,38.5,38.599998474121094,38.099998474121094,38.29999923706055,30.401687622070312,2127030,0.0,0.0
2015-02-24 00:00:00-05:00,38.20000076293945,39.099998474121094,38.20000076293945,39.099998474121094,31.036718368530273,2323850,0.0,0.0
2015-02-25 00:00:00-05:00,39.0,39.099998474121094,38.599998474121094,38.79999923706055,30.7985782623291,2638940,0.0,0.0
2015-02-26 00:00:00-05:00,38.70000076293945,39.0,38.599998474121094,39.0,30.957340240478516,1955490,0.0,0.0
2015-02-27 00:00:00-05:00,38.900001525878906,39.0,38.5,38.900001525878906,30.877962112426758,1673690,0.0,0.0
2015-03-02 00:00:00-05:00,38.70000076293945,39.599998474121094,38.70000076293945,39.599998474121094,31.4335994720459,3049640,0.0,0.0
2015-03-03 00:00:00-05:00,39.599998474121094,40.400001525878906,39.5,40.0,31.751127243041992,6130890,0.0,0.0
2015-03-04 00:00:00-05:00,40.099998474121094,40.20000076293945,39.20000076293945,39.400001525878906,31.27484703063965,3278310,0.0,0.0
2015-03-05 00:00:00-05:00,39.29999923706055,39.400001525878906,39.0,39.29999923706055,31.19547462463379,1933570,0.0,0.0
2015-03-06 00:00:00-05:00,39.099998474121094,39.20000076293945,38.79999923706055,39.0,30.957340240478516,2053190,0.0,0.0
2015-03-09 00:00:00-04:00,39.099998474121094,39.29999923706055,38.70000076293945,39.29999923706055,31.19547462463379,2016490,0.0,0.0
2015-03-10 00:00:00-04:00,39.0,39.0,38.29999923706055,38.599998474121094,30.639827728271484,3015270,0.0,0.0
2015-03-11 00:00:00-04:00,38.5,38.900001525878906,38.5,38.900001525878906,30.877962112426758,2123530,0.0,0.0
2015-03-12 00:00:00-04:00,39.0,39.400001525878906,39.0,39.29999923706055,31.19547462463379,2418680,0.0,0.0
2015-03-13 00:00:00-04:00,39.099998474121094,39.20000076293945,38.5,39.099998474121094,31.036718368530273,3781120,0.0,0.0
2015-03-16 00:00:00-04:00,39.099998474121094,39.400001525878906,39.099998474121094,39.29999923706055,31.19547462463379,1962290,0.0,0.0
2015-03-17 00:00:00-04:00,39.099998474121094,39.5,39.0,39.5,31.354236602783203,2854940,0.0,0.0
2015-03-18 00:00:00-04:00,39.400001525878906,39.599998474121094,39.099998474121094,39.5,31.354236602783203,2429260,0.0,0.0
2015-03-19 00:00:00-04:00,39.400001525878906,39.70000076293945,39.29999923706055,39.599998474121094,31.4335994720459,2592230,0.0,0.0
2015-03-20 00:00:00-04:00,40.0,40.0,39.5,39.79999923706055,31.59235382080078,3685480,0.0,0.0
2015-03-23 00:00:00-04:00,39.70000076293945,39.79999923706055,39.099998474121094,39.099998474121094,31.036718368530273,2829590,0.0,0.0
2015-03-24 00:00:00-04:00,39.099998474121094,39.400001525878906,39.0,39.20000076293945,31.116090774536133,1500010,0.0,0.0
2015-03-25 00:00:00-04:00,39.400001525878906,39.400001525878906,38.20000076293945,38.29999923706055,30.401687622070312,2901270,0.0,0.0
2015-03-26 00:00:00-04:00,38.20000076293945,38.70000076293945,38.099998474121094,38.599998474121094,30.639827728271484,2542530,0.0,0.0
2015-03-27 00:00:00-04:00,38.400001525878906,38.79999923706055,38.29999923706055,38.5,30.56045150756836,1461240,0.0,0.0
2015-03-30 00:00:00-04:00,38.599998474121094,39.0,38.5,38.70000076293945,30.71921157836914,1836420,0.0,0.0
2015-03-31 00:00:00-04:00,38.599998474121094,38.900001525878906,38.20000076293945,38.20000076293945,30.322311401367188,2533090,0.0,0.0
2015-04-01 00:00:00-04:00,38.400001525878906,38.599998474121094,38.29999923706055,38.5,30.56045150756836,2489170,0.0,0.0
2015-04-02 00:00:00-04:00,38.599998474121094,39.400001525878906,38.5,39.20000076293945,31.116090774536133,2775410,0.0,0.0
2015-04-06 00:00:00-04:00,39.0,39.5,39.0,39.099998474121094,31.036718368530273,3017480,0.0,0.0
2015-04-07 00:00:00-04:00,39.099998474121094,39.400001525878906,39.0,39.099998474121094,31.036718368530273,2166980,0.0,0.0
2015-04-08 00:00:00-04:00,39.099998474121094,39.20000076293945,38.70000076293945,39.0,30.957340240478516,3393310,0.0,0.0
2015-04-09 00:00:00-04:00,39.0,39.400001525878906,38.79999923706055,39.29999923706055,31.19547462463379,1687140,0.0,0.0
2015-04-10 00:00:00-04:00,39.400001525878906,39.70000076293945,39.29999923706055,39.5,31.354236602783203,2362110,0.0,0.0
2015-04-13 00:00:00-04:00,39.29999923706055,39.5,39.0,39.20000076293945,31.116090774536133,2635980,0.0,0.0
2015-04-14 00:00:00-04:00,39.099998474121094,39.5,38.79999923706055,39.29999923706055,31.19547462463379,3402610,0.0,0.0
2015-04-15 00:00:00-04:00,39.29999923706055,39.70000076293945,39.29999923706055,39.5,31.354236602783203,2241150,0.0,0.0
2015-04-16 00:00:00-04:00,39.599998474121094,39.79999923706055,39.0,39.400001525878906,31.27484703063965,2544370,0.0,0.0
2015-04-17 00:00:00-04:00,39.0,39.29999923706055,38.599998474121094,38.79999923706055,30.7985782623291,2883820,0.0,0.0
2015-04-20 00:00:00-04:00,38.900001525878906,39.400001525878906,38.900001525878906,39.099998474121094,31.036718368530273,1999710,0.0,0.0
2015-04-21 00:00:00-04:00,39.29999923706055,39.599998474121094,39.20000076293945,39.400001525878906,31.27484703063965,2454980,0.0,0.0
2015-04-22 00:00:00-04:00,39.29999923706055,39.400001525878906,38.900001525878906,39.400001525878906,31.27484703063965,2107790,0.0,0.0
2015-04-23 00:00:00-04:00,39.29999923706055,39.5,39.099998474121094,39.29999923706055,31.19547462463379,2046290,0.0,0.0
2015-04-24 00:00:00-04:00,39.5,39.79999923706055,39.29999923706055,39.70000076293945,31.512981414794922,2577890,0.0,0.0
2015-04-27 00:00:00-04:00,39.599998474121094,39.79999923706055,39.29999923706055,39.5,31.354236602783203,2254790,0.0,0.0
2015-04-28 00:00:00-04:00,39.0,39.5,38.5,39.5,31.354236602783203,5479230,0.0,0.0
2015-04-29 00:00:00-04:00,39.29999923706055,40.0,39.0,39.79999923706055,31.59235382080078,3980050,0.0,0.0
2015-04-30 00:00:00-04:00,39.70000076293945,39.900001525878906,39.0,39.5,31.354236602783203,3969220,0.0,0.0
2015-05-01 00:00:00-04:00,39.400001525878906,39.5,39.0,39.29999923706055,31.19547462463379,3023360,0.0,0.0
2015-05-04 00:00:00-04:00,39.29999923706055,39.5,38.79999923706055,38.900001525878906,30.877962112426758,2746050,0.0,0.0
2015-05-05 00:00:00-04:00,38.79999923706055,39.0,38.29999923706055,38.400001525878906,30.481069564819336,2172680,0.0,0.0
2015-05-06 00:00:00-04:00,38.5,38.599998474121094,38.099998474121094,38.29999923706055,30.401687622070312,2007490,0.0,0.0
2015-05-07 00:00:00-04:00,38.29999923706055,38.599998474121094,38.099998474121094,38.5,30.56045150756836,1760870,0.0,0.0
2015-05-08 00:00:00-04:00,38.70000076293945,38.900001525878906,38.5,38.70000076293945,30.71921157836914,1890740,0.0,0.0
2015-05-11 00:00:00-04:00,38.5,38.70000076293945,38.20000076293945,38.29999923706055,30.401687622070312,1741910,0.0,0.0
2015-05-12 00:00:00-04:00,38.099998474121094,38.599998474121094,38.0,38.400001525878906,30.481069564819336,1594540,0.0,0.0
2015-05-13 00:00:00-04:00,38.400001525878906,38.70000076293945,38.29999923706055,38.599998474121094,30.639827728271484,1655220,0.0,0.0
2015-05-14 00:00:00-04:00,38.79999923706055,39.0,38.70000076293945,38.900001525878906,30.877962112426758,1102960,0.0,0.0
2015-05-15 00:00:00-04:00,39.0,39.099998474121094,38.900001525878906,39.099998474121094,31.036718368530273,1734680,0.0,0.0
2015-05-18 00:00:00-04:00,38.900001525878906,39.099998474121094,38.79999923706055,39.0,30.957340240478516,1275880,0.0,0.0
2015-05-19 00:00:00-04:00,39.099998474121094,39.20000076293945,38.900001525878906,39.0,30.957340240478516,1587180,0.0,0.0
2015-05-20 00:00:00-04:00,39.0,39.20000076293945,38.900001525878906,39.099998474121094,31.036718368530273,1562620,0.0,0.0
2015-05-21 00:00:00-04:00,39.099998474121094,39.29999923706055,39.0,39.29999923706055,31.19547462463379,1674160,0.0,0.0
2015-05-22 00:00:00-04:00,39.20000076293945,39.29999923706055,39.0,39.099998474121094,31.036718368530273,1689480,0.0,0.0
2015-05-26 00:00:00-04:00,38.900001525878906,39.099998474121094,38.5,38.70000076293945,30.71921157836914,1910880,0.0,0.0
2015-05-27 00:00:00-04:00,38.70000076293945,39.20000076293945,38.70000076293945,39.0,30.957340240478516,1902490,0.0,0.0
2015-05-28 00:00:00-04:00,38.79999923706055,38.900001525878906,37.900001525878906,38.0,30.16356086730957,3833410,0.0,0.0
2015-05-29 00:00:00-04:00,38.0,38.70000076293945,37.900001525878906,38.599998474121094,30.639827728271484,3127520,0.0,0.0
2015-06-01 00:00:00-04:00,38.5,38.79999923706055,38.400001525878906,38.79999923706055,30.7985782623291,2468020,0.0,0.0
2015-06-02 00:00:00-04:00,38.599998474121094,38.900001525878906,38.5,38.70000076293945,30.71921157836914,1902350,0.0,0.0
2015-06-03 00:00:00-04:00,38.79999923706055,39.20000076293945,38.70000076293945,39.099998474121094,31.036718368530273,1601210,0.0,0.0
2015-06-04 00:00:00-04:00,38.900001525878906,39.29999923706055,38.900001525878906,39.0,30.957340240478516,1339100,0.0,0.0
2015-06-05 00:00:00-04:00,39.0,39.20000076293945,38.79999923706055,38.79999923706055,30.7985782623291,1933840,0.0,0.0
2015-06-08 00:00:00-04:00,38.599998474121094,38.900001525878906,38.099998474121094,38.099998474121094,30.242942810058594,2225560,0.0,0.0
2015-06-09 00:00:00-04:00,38.099998474121094,38.29999923706055,37.29999923706055,37.79999923706055,30.004796981811523,3072530,0.0,0.0
2015-06-10 00:00:00-04:00,37.900001525878906,38.5,37.79999923706055,38.29999923706055,30.401687622070312,2613460,0.0,0.0
2015-06-11 00:00:00-04:00,38.29999923706055,38.5,37.900001525878906,38.20000076293945,30.322311401367188,2229700,0.0,0.0
2015-06-12 00:00:00-04:00,38.0,38.20000076293945,37.79999923706055,38.099998474121094,30.242942810058594,1145830,0.0,0.0
2015-06-15 00:00:00-04:00,37.79999923706055,38.099998474121094,37.5,37.70000076293945,29.925424575805664,2457490,0.0,0.0
2015-06-16 00:00:00-04:00,37.70000076293945,37.900001525878906,37.5,37.599998474121094,29.846052169799805,2880990,0.0,0.0
2015-06-17 00:00:00-04:00,37.70000076293945,37.79999923706055,37.400001525878906,37.70000076293945,29.925424575805664,3010180,0.0,0.0
2015-06-18 00:00:00-04:00,37.70000076293945,38.79999923706055,37.70000076293945,38.70000076293945,30.71921157836914,4739540,0.0,0.0
2015-06-19 00:00:00-04:00,38.599998474121094,38.79999923706055,38.5,38.70000076293945,30.71921157836914,3379080,0.0,0.0
2015-06-22 00:00:00-04:00,38.79999923706055,39.0,38.599998474121094,38.79999923706055,30.7985782623291,1735890,0.0,0.0
2015-06-23 00:00:00-04:00,38.599998474121094,38.79999923706055,38.400001525878906,38.599998474121094,30.639827728271484,1071130,0.0,0.0
2015-06-24 00:00:00-04:00,38.400001525878906,38.70000076293945,38.099998474121094,38.099998474121094,30.242942810058594,1382390,0.0,0.0
2015-06-25 00:00:00-04:00,38.29999923706055,38.400001525878906,37.900001525878906,38.20000076293945,30.322311401367188,2148620,0.0,0.0
2015-06-26 00:00:00-04:00,38.29999923706055,38.599998474121094,38.099998474121094,38.599998474121094,30.639827728271484,3624910,0.0,0.0
2015-06-29 00:00:00-04:00,38.20000076293945,38.20000076293945,37.099998474121094,37.099998474121094,29.449155807495117,3191550,0.0,0.0
2015-06-30 00:00:00-04:00,37.29999923706055,37.5,37.0,37.29999923706055,29.60791015625,3147710,0.0,0.0
2015-07-01 00:00:00-04:00,37.599998474121094,37.599998474121094,37.29999923706055,37.5,29.76667022705078,2929580,0.0,0.0
2015-07-02 00:00:00-04:00,37.5,37.599998474121094,37.099998474121094,37.29999923706055,29.60791015625,1619570,0.0,0.0
2015-07-06 00:00:00-04:00,37.0,37.0,36.599998474121094,36.79999923706055,29.21103286743164,3764290,0.0,0.0
2015-07-07 00:00:00-04:00,36.79999923706055,37.400001525878906,36.400001525878906,37.099998474121094,29.449155807495117,2208790,0.0,0.0
2015-07-08 00:00:00-04:00,37.0,37.20000076293945,36.29999923706055,36.400001525878906,28.893518447875977,1994710,0.0,0.0
2015-07-09 00:00:00-04:00,36.599998474121094,37.29999923706055,36.599998474121094,37.099998474121094,29.449155807495117,3338260,0.0,0.0
2015-07-10 00:00:00-04:00,37.20000076293945,37.5,37.0,37.29999923706055,29.60791015625,1963990,0.0,0.0
2015-07-13 00:00:00-04:00,37.5,38.29999923706055,37.400001525878906,38.20000076293945,30.322311401367188,2139450,0.0,0.0
2015-07-14 00:00:00-04:00,38.099998474121094,38.70000076293945,38.0,38.29999923706055,30.401687622070312,2793490,0.0,0.0
2015-07-15 00:00:00-04:00,38.099998474121094,38.70000076293945,38.099998474121094,38.400001525878906,30.481069564819336,1998860,0.0,0.0
2015-07-16 00:00:00-04:00,38.5,38.900001525878906,38.5,38.79999923706055,30.7985782623291,1840270,0.0,0.0
2015-07-17 00:00:00-04:00,38.70000076293945,38.900001525878906,38.400001525878906,38.599998474121094,30.639827728271484,1774140,0.0,0.0
2015-07-20 00:00:00-04:00,38.70000076293945,38.70000076293945,38.20000076293945,38.29999923706055,30.401687622070312,1555800,0.0,0.0
2015-07-21 00:00:00-04:00,38.099998474121094,38.599998474121094,38.099998474121094,38.5,30.56045150756836,3313320,0.0,0.0
2015-07-22 00:00:00-04:00,38.29999923706055,38.599998474121094,38.20000076293945,38.5,30.56045150756836,2118920,0.0,0.0
2015-07-23 00:00:00-04:00,38.599998474121094,38.900001525878906,38.5,38.900001525878906,30.877962112426758,5760740,0.0,0.0
2015-07-24 00:00:00-04:00,39.0,39.29999923706055,38.599998474121094,38.79999923706055,30.7985782623291,3609050,0.0,0.0
2015-07-27 00:00:00-04:00,38.599998474121094,39.0,37.79999923706055,38.400001525878906,30.481069564819336,5675740,0.0,0.0
2015-07-28 00:00:00-04:00,39.29999923706055,39.70000076293945,38.599998474121094,39.599998474121094,31.4335994720459,8511110,0.0,0.0
2015-07-29 00:00:00-04:00,39.79999923706055,40.0,39.5,39.5,31.354236602783203,3602670,0.0,0.0
2015-07-30 00:00:00-04:00,39.599998474121094,40.099998474121094,39.400001525878906,39.70000076293945,31.512981414794922,3726580,0.0,0.0
2015-07-31 00:00:00-04:00,39.79999923706055,40.0,39.599998474121094,39.599998474121094,31.4335994720459,2697630,0.0,0.0
2015-08-03 00:00:00-04:00,39.599998474121094,40.0,39.5,39.599998474121094,31.4335994720459,2527020,0.0,0.0
2015-08-04 00:00:00-04:00,39.900001525878906,40.0,39.5,39.5,31.354236602783203,2804890,0.0,0.0
2015-08-05 00:00:00-04:00,39.599998474121094,39.900001525878906,39.20000076293945,39.20000076293945,31.116090774536133,3168490,0.0,0.0
2015-08-06 00:00:00-04:00,39.29999923706055,39.400001525878906,38.70000076293945,39.099998474121094,31.036718368530273,4253700,0.0,0.0
2015-08-07 00:00:00-04:00,39.20000076293945,39.5,38.79999923706055,39.400001525878906,31.27484703063965,1933690,0.0,0.0
2015-08-10 00:00:00-04:00,39.400001525878906,39.70000076293945,39.20000076293945,39.5,31.354236602783203,1991430,0.0,0.0
2015-08-11 00:00:00-04:00,39.29999923706055,39.599998474121094,38.79999923706055,39.0,30.957340240478516,2462330,0.0,0.0
2015-08-12 00:00:00-04:00,38.70000076293945,40.0,38.70000076293945,39.599998474121094,31.4335994720459,4356730,0.0,0.0
2015-08-13 00:00:00-04:00,39.70000076293945,39.900001525878906,39.599998474121094,39.900001525878906,31.671741485595703,2124250,0.0,0.0
2015-08-14 00:00:00-04:00,39.900001525878906,40.099998474121094,39.099998474121094,39.400001525878906,31.27484703063965,2785720,0.0,0.0
2015-08-17 00:00:00-04:00,39.20000076293945,39.5,39.0,39.5,31.354236602783203,1396340,0.0,0.0
2015-08-18 00:00:00-04:00,39.5,39.599998474121094,39.099998474121094,39.400001525878906,31.27484703063965,1693560,0.0,0.0
2015-08-19 00:00:00-04:00,39.20000076293945,39.29999923706055,38.79999923706055,39.0,30.957340240478516,1995340,0.0,0.0
2015-08-20 00:00:00-04:00,38.79999923706055,38.900001525878906,37.900001525878906,38.0,30.16356086730957,3463060,0.0,0.0
2015-08-21 00:00:00-04:00,37.5,38.0,37.099998474121094,37.20000076293945,29.528545379638672,4114130,0.0,0.0
2015-08-24 00:00:00-04:00,33.400001525878906,36.0,33.099998474121094,36.0,28.57600212097168,4117970,0.0,0.0
2015-08-25 00:00:00-04:00,37.400001525878906,37.5,36.29999923706055,36.29999923706055,28.814144134521484,2508020,0.0,0.0
2015-08-26 00:00:00-04:00,36.70000076293945,37.400001525878906,36.099998474121094,37.20000076293945,29.528545379638672,5295920,0.0,0.0
2015-08-27 00:00:00-04:00,37.5,38.29999923706055,37.20000076293945,37.900001525878906,30.08418083190918,2831240,0.0,0.0
2015-08-28 00:00:00-04:00,37.79999923706055,38.70000076293945,37.70000076293945,38.29999923706055,30.401687622070312,2159520,0.0,0.0
2015-08-31 00:00:00-04:00,38.099998474121094,38.400001525878906,37.70000076293945,38.20000076293945,30.322311401367188,2172880,0.0,0.0
2015-09-01 00:00:00-04:00,37.70000076293945,38.0,37.29999923706055,37.599998474121094,29.846052169799805,4339050,0.0,0.0
2015-09-02 00:00:00-04:00,37.900001525878906,38.400001525878906,37.599998474121094,38.20000076293945,30.322311401367188,2796940,0.0,0.0
2015-09-03 00:00:00-04:00,38.29999923706055,38.70000076293945,37.900001525878906,38.0,30.16356086730957,3076370,0.0,0.0
2015-09-04 00:00:00-04:00,37.70000076293945,38.099998474121094,37.599998474121094,37.79999923706055,30.004796981811523,2049510,0.0,0.0
2015-09-08 00:00:00-04:00,38.099998474121094,38.5,38.0,38.5,30.56045150756836,2280360,0.0,0.0
2015-09-09 00:00:00-04:00,38.70000076293945,39.20000076293945,38.29999923706055,38.400001525878906,30.481069564819336,2277950,0.0,0.0
2015-09-10 00:00:00-04:00,38.5,38.900001525878906,38.29999923706055,38.599998474121094,30.639827728271484,2100980,0.0,0.0
2015-09-11 00:00:00-04:00,38.400001525878906,38.5,37.900001525878906,38.099998474121094,30.242942810058594,2453700,0.0,0.0
2015-09-14 00:00:00-04:00,38.099998474121094,38.5,37.5,38.29999923706055,30.401687622070312,2234850,0.0,0.0
2015-09-15 00:00:00-04:00,38.400001525878906,38.599998474121094,38.20000076293945,38.599998474121094,30.639827728271484,1560790,0.0,0.0
2015-09-16 00:00:00-04:00,38.5,38.79999923706055,38.5,38.70000076293945,30.71921157836914,2007820,0.0,0.0
2015-09-17 00:00:00-04:00,38.70000076293945,39.099998474121094,38.599998474121094,38.599998474121094,30.639827728271484,2174730,0.0,0.0
2015-09-18 00:00:00-04:00,38.5,38.79999923706055,37.900001525878906,38.20000076293945,30.322311401367188,4041400,0.0,0.0
2015-09-21 00:00:00-04:00,38.29999923706055,38.79999923706055,38.099998474121094,38.5,30.56045150756836,2106650,0.0,0.0
2015-09-22 00:00:00-04:00,38.20000076293945,38.5,38.099998474121094,38.5,30.56045150756836,1718160,0.0,0.0
2015-09-23 00:00:00-04:00,38.5,38.79999923706055,38.20000076293945,38.29999923706055,30.401687622070312,1505080,0.0,0.0
2015-09-24 00:00:00-04:00,38.20000076293945,38.400001525878906,37.70000076293945,37.79999923706055,30.004796981811523,3103440,0.0,0.0
2015-09-25 00:00:00-04:00,38.099998474121094,38.29999923706055,37.599998474121094,38.0,30.16356086730957,2015340,0.0,0.0
2015-09-28 00:00:00-04:00,37.900001525878906,37.900001525878906,37.0,37.20000076293945,29.528545379638672,3652700,0.0,0.0
2015-09-29 00:00:00-04:00,37.20000076293945,37.400001525878906,36.5,36.5,28.972896575927734,2642840,0.0,0.0
2015-09-30 00:00:00-04:00,36.900001525878906,37.599998474121094,36.79999923706055,37.400001525878906,29.687294006347656,2443820,0.0,0.0
2015-10-01 00:00:00-04:00,37.599998474121094,38.20000076293945,37.5,37.900001525878906,30.08418083190918,2823020,0.0,0.0
2015-10-02 00:00:00-04:00,37.70000076293945,38.29999923706055,36.900001525878906,38.29999923706055,30.401687622070312,2945880,0.0,0.0
2015-10-05 00:00:00-04:00,38.400001525878906,38.79999923706055,38.29999923706055,38.70000076293945,30.71921157836914,2945270,0.0,0.0
2015-10-06 00:00:00-04:00,38.599998474121094,39.20000076293945,38.599998474121094,39.099998474121094,31.036718368530273,2947600,0.0,0.0
2015-10-07 00:00:00-04:00,39.29999923706055,39.70000076293945,38.70000076293945,38.900001525878906,30.877962112426758,4591860,0.0,0.0
2015-10-08 00:00:00-04:00,38.900001525878906,39.29999923706055,38.79999923706055,38.900001525878906,30.877962112426758,1990770,0.0,0.0
2015-10-09 00:00:00-04:00,39.0,39.20000076293945,38.400001525878906,38.5,30.56045150756836,3556700,0.0,0.0
2015-10-12 00:00:00-04:00,38.5,39.400001525878906,38.5,39.20000076293945,31.116090774536133,2221180,0.0,0.0
2015-10-13 00:00:00-04:00,39.099998474121094,39.400001525878906,39.0,39.099998474121094,31.036718368530273,1466380,0.0,0.0
2015-10-14 00:00:00-04:00,39.20000076293945,39.400001525878906,38.79999923706055,39.29999923706055,31.19547462463379,3124510,0.0,0.0
2015-10-15 00:00:00-04:00,39.400001525878906,39.599998474121094,39.099998474121094,39.599998474121094,31.4335994720459,1906510,0.0,0.0
2015-10-16 00:00:00-04:00,39.70000076293945,40.0,39.400001525878906,39.599998474121094,31.4335994720459,1858150,0.0,0.0
2015-10-19 00:00:00-04:00,39.599998474121094,39.70000076293945,39.29999923706055,39.400001525878906,31.27484703063965,1887460,0.0,0.0
2015-10-20 00:00:00-04:00,39.400001525878906,40.20000076293945,39.20000076293945,40.099998474121094,31.830493927001953,3607930,0.0,0.0
2015-10-21 00:00:00-04:00,40.400001525878906,40.70000076293945,39.0,39.099998474121094,31.036718368530273,4047580,0.0,0.0
2015-10-22 00:00:00-04:00,39.400001525878906,40.5,38.900001525878906,39.70000076293945,31.512981414794922,6394540,0.0,0.0
2015-10-23 00:00:00-04:00,40.20000076293945,40.70000076293945,39.79999923706055,40.20000076293945,31.909875869750977,4762150,0.0,0.0
2015-10-26 00:00:00-04:00,40.29999923706055,41.0,40.099998474121094,40.79999923706055,32.38614273071289,3553280,0.0,0.0
2015-10-27 00:00:00-04:00,40.900001525878906,41.0,40.29999923706055,40.79999923706055,32.38614273071289,2895480,0.0,0.0
2015-10-28 00:00:00-04:00,40.900001525878906,41.5,40.70000076293945,41.099998474121094,32.62427520751953,4073140,0.0,0.0
2015-10-29 00:00:00-04:00,41.099998474121094,41.79999923706055,41.0,41.29999923706055,32.783023834228516,3065540,0.0,0.0
2015-10-30 00:00:00-04:00,41.400001525878906,41.5,40.79999923706055,40.79999923706055,32.38614273071289,3335250,0.0,0.0
2015-11-02 00:00:00-05:00,40.900001525878906,41.599998474121094,40.79999923706055,41.29999923706055,32.783023834228516,2548210,0.0,0.0
2015-11-03 00:00:00-05:00,41.20000076293945,41.5,41.099998474121094,41.29999923706055,32.783023834228516,1858330,0.0,0.0
2015-11-04 00:00:00-05:00,41.400001525878906,41.70000076293945,40.900001525878906,41.599998474121094,33.021156311035156,2866690,0.0,0.0
2015-11-05 00:00:00-05:00,41.599998474121094,41.599998474121094,40.79999923706055,41.20000076293945,32.70365524291992,2653020,0.0,0.0
2015-11-06 00:00:00-05:00,41.099998474121094,41.400001525878906,40.900001525878906,41.0,32.54488754272461,2537030,0.0,0.0
2015-11-09 00:00:00-05:00,40.79999923706055,41.099998474121094,40.5,41.099998474121094,32.62427520751953,2527600,0.0,0.0
2015-11-10 00:00:00-05:00,41.099998474121094,41.5,40.70000076293945,41.400001525878906,32.86240005493164,2615910,0.0,0.0
2015-11-11 00:00:00-05:00,41.5,41.900001525878906,41.20000076293945,41.29999923706055,32.783023834228516,3168950,0.0,0.0
2015-11-12 00:00:00-05:00,41.29999923706055,41.5,40.70000076293945,41.099998474121094,32.62427520751953,4709840,0.0,0.0
2015-11-13 00:00:00-05:00,41.0,41.20000076293945,40.70000076293945,40.79999923706055,32.38614273071289,2027340,0.0,0.0
2015-11-16 00:00:00-05:00,40.79999923706055,41.099998474121094,40.20000076293945,41.0,32.54488754272461,2006030,0.0,0.0
2015-11-17 00:00:00-05:00,40.79999923706055,41.20000076293945,40.70000076293945,40.79999923706055,32.38614273071289,2210430,0.0,0.0
2015-11-18 00:00:00-05:00,40.79999923706055,41.599998474121094,40.79999923706055,41.400001525878906,32.86240005493164,1907250,0.0,0.0
2015-11-19 00:00:00-05:00,41.400001525878906,41.599998474121094,41.20000076293945,41.5,32.94178009033203,2019110,0.0,0.0
2015-11-20 00:00:00-05:00,41.599998474121094,41.900001525878906,41.400001525878906,41.900001525878906,33.259307861328125,2520030,0.0,0.0
2015-11-23 00:00:00-05:00,41.70000076293945,42.0,41.29999923706055,41.400001525878906,32.86240005493164,1878440,0.0,0.0
2015-11-24 00:00:00-05:00,41.400001525878906,41.400001525878906,40.900001525878906,41.099998474121094,32.62427520751953,1616900,0.0,0.0
2015-11-25 00:00:00-05:00,41.099998474121094,41.29999923706055,41.0,41.20000076293945,32.70365524291992,1120360,0.0,0.0
2015-11-27 00:00:00-05:00,41.099998474121094,41.400001525878906,41.0,41.400001525878906,32.86240005493164,826840,0.0,0.0
2015-11-30 00:00:00-05:00,41.29999923706055,41.400001525878906,40.900001525878906,41.099998474121094,32.62427520751953,2332540,0.0,0.0
2015-12-01 00:00:00-05:00,41.20000076293945,41.70000076293945,41.20000076293945,41.599998474121094,33.021156311035156,2333400,0.0,0.0
2015-12-02 00:00:00-05:00,41.70000076293945,41.79999923706055,41.099998474121094,41.099998474121094,32.62427520751953,1878340,0.0,0.0
2015-12-03 00:00:00-05:00,41.099998474121094,41.400001525878906,40.20000076293945,40.599998474121094,32.22738265991211,3314170,0.0,0.0
2015-12-04 00:00:00-05:00,40.599998474121094,41.099998474121094,40.5,40.900001525878906,32.46551513671875,2278830,0.0,0.0
2015-12-07 00:00:00-05:00,40.79999923706055,40.900001525878906,40.29999923706055,40.400001525878906,32.068634033203125,2381190,0.0,0.0
2015-12-08 00:00:00-05:00,40.099998474121094,40.5,40.0,40.0,31.751127243041992,2529400,0.0,0.0
2015-12-09 00:00:00-05:00,40.099998474121094,40.70000076293945,40.0,40.099998474121094,31.830493927001953,2537230,0.0,0.0
2015-12-10 00:00:00-05:00,40.20000076293945,40.79999923706055,40.20000076293945,40.599998474121094,32.22738265991211,2266180,0.0,0.0
2015-12-11 00:00:00-05:00,40.20000076293945,40.5,39.599998474121094,40.099998474121094,31.830493927001953,4227640,0.0,0.0
2015-12-14 00:00:00-05:00,40.099998474121094,40.29999923706055,39.599998474121094,40.0,31.751127243041992,2975470,0.0,0.0
2015-12-15 00:00:00-05:00,41.599998474121094,41.70000076293945,40.70000076293945,40.70000076293945,32.3067626953125,5980780,0.0,0.0
2015-12-16 00:00:00-05:00,40.900001525878906,41.0,40.20000076293945,40.900001525878906,32.46551513671875,2537940,0.0,0.0
2015-12-17 00:00:00-05:00,40.900001525878906,41.099998474121094,40.099998474121094,40.20000076293945,31.909875869750977,2358450,0.0,0.0
2015-12-18 00:00:00-05:00,40.20000076293945,40.29999923706055,39.70000076293945,39.900001525878906,31.671741485595703,4397160,0.0,0.0
2015-12-21 00:00:00-05:00,40.0,40.099998474121094,39.70000076293945,40.0,31.751127243041992,1735800,0.0,0.0
2015-12-22 00:00:00-05:00,40.099998474121094,40.5,39.900001525878906,40.20000076293945,31.909875869750977,1830330,0.0,0.0
2015-12-23 00:00:00-05:00,40.400001525878906,40.900001525878906,40.29999923706055,40.70000076293945,32.3067626953125,2637580,0.0,0.0
2015-12-24 00:00:00-05:00,40.900001525878906,41.20000076293945,40.79999923706055,40.900001525878906,32.46551513671875,1786240,0.0,0.0
2015-12-28 00:00:00-05:00,40.70000076293945,41.099998474121094,40.400001525878906,40.70000076293945,32.3067626953125,1954080,0.0,0.0
2015-12-29 00:00:00-05:00,40.79999923706055,41.099998474121094,40.70000076293945,40.900001525878906,32.46551513671875,1802500,0.0,0.0
2015-12-30 00:00:00-05:00,40.900001525878906,41.099998474121094,40.70000076293945,40.70000076293945,32.3067626953125,1210130,0.0,0.0
2015-12-31 00:00:00-05:00,40.599998474121094,41.0,40.5,40.70000076293945,32.3067626953125,2613090,0.0,0.0
2016-01-04 00:00:00-05:00,40.29999923706055,40.400001525878906,39.29999923706055,39.5,31.354236602783203,3283980,0.0,0.0
2016-01-05 00:00:00-05:00,39.70000076293945,39.900001525878906,39.0,39.099998474121094,31.036718368530273,3500830,0.0,0.0
2016-01-06 00:00:00-05:00,39.0,39.400001525878906,38.599998474121094,38.900001525878906,30.877962112426758,3256840,0.0,0.0
2016-01-07 00:00:00-05:00,38.29999923706055,38.79999923706055,38.20000076293945,38.400001525878906,30.481069564819336,3325230,0.0,0.0
2016-01-08 00:00:00-05:00,38.400001525878906,38.70000076293945,37.900001525878906,38.099998474121094,30.242942810058594,2961310,0.0,0.0
2016-01-11 00:00:00-05:00,38.29999923706055,38.400001525878906,37.599998474121094,38.20000076293945,30.322311401367188,3455200,0.0,0.0
2016-01-12 00:00:00-05:00,38.5,38.599998474121094,37.599998474121094,37.900001525878906,30.08418083190918,2895150,0.0,0.0
2016-01-13 00:00:00-05:00,38.0,38.20000076293945,36.70000076293945,37.099998474121094,29.449155807495117,3388660,0.0,0.0
2016-01-14 00:00:00-05:00,37.099998474121094,37.70000076293945,36.29999923706055,37.20000076293945,29.528545379638672,3843940,0.0,0.0
2016-01-15 00:00:00-05:00,36.20000076293945,36.70000076293945,35.900001525878906,36.29999923706055,28.814144134521484,5185850,0.0,0.0
2016-01-19 00:00:00-05:00,36.5,36.79999923706055,36.0,36.599998474121094,29.052270889282227,3170610,0.0,0.0
2016-01-20 00:00:00-05:00,36.0,36.29999923706055,34.5,36.0,28.57600212097168,5440900,0.0,0.0
2016-01-21 00:00:00-05:00,36.099998474121094,37.20000076293945,35.79999923706055,36.599998474121094,29.052270889282227,4863250,0.0,0.0
2016-01-22 00:00:00-05:00,37.20000076293945,37.70000076293945,37.099998474121094,37.29999923706055,29.60791015625,2313530,0.0,0.0
2016-01-25 00:00:00-05:00,37.20000076293945,37.29999923706055,36.400001525878906,36.5,28.972896575927734,3237070,0.0,0.0
2016-01-26 00:00:00-05:00,36.79999923706055,37.29999923706055,36.5,37.29999923706055,29.60791015625,2429450,0.0,0.0
2016-01-27 00:00:00-05:00,37.0,37.5,36.29999923706055,36.29999923706055,28.814144134521484,2890470,0.0,0.0
2016-01-28 00:00:00-05:00,36.599998474121094,36.900001525878906,35.900001525878906,36.400001525878906,28.893518447875977,3120700,0.0,0.0
2016-01-29 00:00:00-05:00,36.70000076293945,37.29999923706055,36.599998474121094,37.0,29.369783401489258,2919670,0.0,0.0
2016-02-01 00:00:00-05:00,36.900001525878906,37.400001525878906,36.400001525878906,37.20000076293945,29.528545379638672,3544080,0.0,0.0
2016-02-02 00:00:00-05:00,36.400001525878906,36.70000076293945,35.599998474121094,35.70000076293945,28.337867736816406,6318720,0.0,0.0
2016-02-03 00:00:00-05:00,35.900001525878906,36.0,34.70000076293945,35.0,27.782222747802734,5624510,0.0,0.0
2016-02-04 00:00:00-05:00,34.900001525878906,35.599998474121094,34.70000076293945,35.099998474121094,27.861597061157227,3179290,0.0,0.0
2016-02-05 00:00:00-05:00,35.099998474121094,35.20000076293945,34.0,34.20000076293945,27.14720916748047,5207150,0.0,0.0
2016-02-08 00:00:00-05:00,33.599998474121094,33.900001525878906,32.900001525878906,33.599998474121094,26.67093849182129,4764040,0.0,0.0
2016-02-09 00:00:00-05:00,33.400001525878906,34.0,33.099998474121094,33.5,26.591556549072266,4164920,0.0,0.0
2016-02-10 00:00:00-05:00,33.900001525878906,34.5,33.599998474121094,34.0,26.98844337463379,3708460,0.0,0.0
2016-02-11 00:00:00-05:00,33.400001525878906,34.20000076293945,33.20000076293945,33.79999923706055,26.82969093322754,3522300,0.0,0.0
2016-02-12 00:00:00-05:00,34.29999923706055,34.599998474121094,33.79999923706055,34.599998474121094,27.46471405029297,3142490,0.0,0.0
2016-02-16 00:00:00-05:00,34.900001525878906,35.0,34.20000076293945,34.900001525878906,27.702852249145508,3558690,0.0,0.0
2016-02-17 00:00:00-05:00,35.099998474121094,35.900001525878906,35.0,35.70000076293945,28.337867736816406,3614120,0.0,0.0
2016-02-18 00:00:00-05:00,35.70000076293945,35.900001525878906,35.400001525878906,35.79999923706055,28.417253494262695,3199340,0.0,0.0
2016-02-19 00:00:00-05:00,35.5,36.5,35.400001525878906,36.20000076293945,28.734764099121094,3852960,0.0,0.0
2016-02-22 00:00:00-05:00,36.599998474121094,37.20000076293945,36.5,37.0,29.369783401489258,3887650,0.0,0.0
2016-02-23 00:00:00-05:00,36.70000076293945,37.0,36.0,36.099998474121094,28.655380249023438,3610950,0.0,0.0
2016-02-24 00:00:00-05:00,35.70000076293945,36.400001525878906,35.400001525878906,36.0,28.57600212097168,4107170,0.0,0.0
2016-02-25 00:00:00-05:00,36.099998474121094,37.099998474121094,36.099998474121094,36.900001525878906,29.290401458740234,3133140,0.0,0.0
2016-02-26 00:00:00-05:00,37.099998474121094,37.400001525878906,36.70000076293945,36.900001525878906,29.290401458740234,4142240,0.0,0.0
2016-02-29 00:00:00-05:00,36.79999923706055,37.5,36.79999923706055,37.20000076293945,29.528545379638672,5231780,0.0,0.0
2016-03-01 00:00:00-05:00,37.400001525878906,37.900001525878906,37.20000076293945,37.599998474121094,29.846052169799805,4758180,0.0,0.0
2016-03-02 00:00:00-05:00,37.79999923706055,38.20000076293945,37.5,38.20000076293945,30.322311401367188,4009250,0.0,0.0
2016-03-03 00:00:00-05:00,38.29999923706055,39.0,38.20000076293945,38.70000076293945,30.71921157836914,2801750,0.0,0.0
2016-03-04 00:00:00-05:00,38.900001525878906,39.400001525878906,38.70000076293945,39.099998474121094,31.036718368530273,3485970,0.0,0.0
2016-03-07 00:00:00-05:00,38.79999923706055,39.70000076293945,38.70000076293945,39.0,30.957340240478516,5098790,0.0,0.0
2016-03-08 00:00:00-05:00,38.70000076293945,39.20000076293945,38.599998474121094,38.79999923706055,30.7985782623291,3652660,0.0,0.0
2016-03-09 00:00:00-05:00,39.0,39.70000076293945,38.900001525878906,39.5,31.354236602783203,2930540,0.0,0.0
2016-03-10 00:00:00-05:00,39.599998474121094,39.70000076293945,38.29999923706055,38.79999923706055,30.7985782623291,4714750,0.0,0.0
2016-03-11 00:00:00-05:00,39.0,39.29999923706055,38.79999923706055,39.099998474121094,31.036718368530273,5362280,0.0,0.0
2016-03-14 00:00:00-04:00,38.900001525878906,39.400001525878906,38.70000076293945,39.20000076293945,31.116090774536133,3365920,0.0,0.0
2016-03-15 00:00:00-04:00,38.900001525878906,39.20000076293945,38.599998474121094,39.0,30.957340240478516,2127800,0.0,0.0
2016-03-16 00:00:00-04:00,38.70000076293945,39.5,38.70000076293945,39.5,31.354236602783203,2988750,0.0,0.0
2016-03-17 00:00:00-04:00,39.29999923706055,39.70000076293945,39.20000076293945,39.400001525878906,31.27484703063965,2372500,0.0,0.0
2016-03-18 00:00:00-04:00,39.599998474121094,39.70000076293945,39.099998474121094,39.5,31.354236602783203,3209060,0.0,0.0
2016-03-21 00:00:00-04:00,39.29999923706055,39.70000076293945,38.900001525878906,39.099998474121094,31.036718368530273,2901890,0.0,0.0
2016-03-22 00:00:00-04:00,38.900001525878906,39.29999923706055,38.79999923706055,39.20000076293945,31.116090774536133,3312500,0.0,0.0
2016-03-23 00:00:00-04:00,39.20000076293945,39.20000076293945,38.5,38.599998474121094,30.639827728271484,2666190,0.0,0.0
2016-03-24 00:00:00-04:00,38.599998474121094,38.900001525878906,38.400001525878906,38.70000076293945,30.71921157836914,2136270,0.0,0.0
2016-03-28 00:00:00-04:00,38.79999923706055,39.400001525878906,38.70000076293945,39.099998474121094,31.036718368530273,1681760,0.0,0.0
2016-03-29 00:00:00-04:00,39.099998474121094,39.5,39.0,39.400001525878906,31.27484703063965,2257810,0.0,0.0
2016-03-30 00:00:00-04:00,39.400001525878906,39.599998474121094,39.099998474121094,39.599998474121094,31.4335994720459,2855600,0.0,0.0
2016-03-31 00:00:00-04:00,39.5,39.70000076293945,39.29999923706055,39.5,31.354236602783203,2457790,0.0,0.0
2016-04-01 00:00:00-04:00,39.5,40.0,39.29999923706055,39.599998474121094,31.4335994720459,5699120,0.0,0.0
2016-04-04 00:00:00-04:00,39.5,39.599998474121094,39.0,39.0,30.957340240478516,2133330,0.0,0.0
2016-04-05 00:00:00-04:00,38.79999923706055,38.900001525878906,38.29999923706055,38.70000076293945,30.71921157836914,4416330,0.0,0.0
2016-04-06 00:00:00-04:00,38.70000076293945,39.29999923706055,38.599998474121094,39.29999923706055,31.19547462463379,4153710,0.0,0.0
2016-04-07 00:00:00-04:00,39.29999923706055,39.400001525878906,37.900001525878906,38.20000076293945,30.322311401367188,7631750,0.0,0.0
2016-04-08 00:00:00-04:00,38.5,38.70000076293945,37.900001525878906,38.5,30.56045150756836,5619820,0.0,0.0
2016-04-11 00:00:00-04:00,38.29999923706055,38.70000076293945,38.099998474121094,38.099998474121094,30.242942810058594,6110520,0.0,0.0
2016-04-12 00:00:00-04:00,38.099998474121094,38.900001525878906,38.0,38.599998474121094,30.639827728271484,5136020,0.0,0.0
2016-04-13 00:00:00-04:00,38.70000076293945,39.400001525878906,38.599998474121094,39.20000076293945,31.116090774536133,5852730,0.0,0.0
2016-04-14 00:00:00-04:00,39.099998474121094,39.400001525878906,38.79999923706055,38.900001525878906,30.877962112426758,3792660,0.0,0.0
2016-04-15 00:00:00-04:00,39.20000076293945,39.29999923706055,38.79999923706055,39.0,30.957340240478516,2632330,0.0,0.0
2016-04-18 00:00:00-04:00,38.900001525878906,39.29999923706055,38.20000076293945,38.5,30.56045150756836,6197870,0.0,0.0
2016-04-19 00:00:00-04:00,38.5,39.29999923706055,38.400001525878906,39.29999923706055,31.19547462463379,5983930,0.0,0.0
2016-04-20 00:00:00-04:00,39.29999923706055,39.70000076293945,39.20000076293945,39.29999923706055,31.19547462463379,3386140,0.0,0.0
2016-04-21 00:00:00-04:00,39.5,39.70000076293945,39.20000076293945,39.400001525878906,31.27484703063965,4036720,0.0,0.0
2016-04-22 00:00:00-04:00,39.5,40.099998474121094,39.5,39.599998474121094,31.4335994720459,5719540,0.0,0.0
2016-04-25 00:00:00-04:00,39.5,39.79999923706055,39.29999923706055,39.70000076293945,31.512981414794922,2378740,0.0,0.0
2016-04-26 00:00:00-04:00,39.70000076293945,40.099998474121094,39.599998474121094,39.70000076293945,31.512981414794922,1873310,0.0,0.0
2016-04-27 00:00:00-04:00,39.79999923706055,40.099998474121094,39.599998474121094,39.79999923706055,31.59235382080078,3031270,0.0,0.0
2016-04-28 00:00:00-04:00,40.20000076293945,40.5,39.20000076293945,39.20000076293945,31.116090774536133,5444950,0.0,0.0
2016-04-29 00:00:00-04:00,39.099998474121094,39.599998474121094,38.900001525878906,39.5,31.354236602783203,3923040,0.0,0.0
2016-05-02 00:00:00-04:00,39.70000076293945,39.900001525878906,39.29999923706055,39.70000076293945,31.512981414794922,2906050,0.0,0.0
2016-05-03 00:00:00-04:00,39.70000076293945,39.900001525878906,39.20000076293945,39.5,31.354236602783203,3431280,0.0,0.0
2016-05-04 00:00:00-04:00,39.400001525878906,39.5,38.70000076293945,38.79999923706055,30.7985782623291,4531070,0.0,0.0
2016-05-05 00:00:00-04:00,38.900001525878906,39.29999923706055,38.79999923706055,38.79999923706055,30.7985782623291,1909260,0.0,0.0
2016-05-06 00:00:00-04:00,38.599998474121094,39.400001525878906,38.599998474121094,39.29999923706055,31.19547462463379,2827650,0.0,0.0
2016-05-09 00:00:00-04:00,39.20000076293945,39.5,39.099998474121094,39.29999923706055,31.19547462463379,2171190,0.0,0.0
2016-05-10 00:00:00-04:00,39.29999923706055,39.79999923706055,39.099998474121094,39.79999923706055,31.59235382080078,2458770,0.0,0.0
2016-05-11 00:00:00-04:00,39.599998474121094,39.79999923706055,39.29999923706055,39.29999923706055,31.19547462463379,1352760,0.0,0.0
2016-05-12 00:00:00-04:00,39.400001525878906,39.5,39.0,39.099998474121094,31.036718368530273,2393550,0.0,0.0
2016-05-13 00:00:00-04:00,39.099998474121094,39.5,38.900001525878906,38.900001525878906,30.877962112426758,2369560,0.0,0.0
2016-05-16 00:00:00-04:00,39.0,39.29999923706055,38.79999923706055,39.099998474121094,31.036718368530273,2342720,0.0,0.0
2016-05-17 00:00:00-04:00,39.099998474121094,39.29999923706055,38.79999923706055,38.900001525878906,30.877962112426758,2908210,0.0,0.0
2016-05-18 00:00:00-04:00,38.900001525878906,39.0,38.5,38.900001525878906,30.877962112426758,1924360,0.0,0.0
2016-05-19 00:00:00-04:00,38.70000076293945,39.20000076293945,38.599998474121094,39.099998474121094,31.036718368530273,3173920,0.0,0.0
2016-05-20 00:00:00-04:00,39.099998474121094,39.5,39.0,39.400001525878906,31.27484703063965,4100190,0.0,0.0
2016-05-23 00:00:00-04:00,39.20000076293945,39.5,39.099998474121094,39.099998474121094,31.036718368530273,2332940,0.0,0.0
2016-05-24 00:00:00-04:00,39.099998474121094,39.79999923706055,39.099998474121094,39.599998474121094,31.4335994720459,3518250,0.0,0.0
2016-05-25 00:00:00-04:00,39.5,40.0,39.5,40.0,31.751127243041992,3728220,0.0,0.0
2016-05-26 00:00:00-04:00,40.0,40.20000076293945,39.599998474121094,39.79999923706055,31.59235382080078,2488530,0.0,0.0
2016-05-27 00:00:00-04:00,39.79999923706055,40.0,39.5,39.599998474121094,31.4335994720459,2231190,0.0,0.0
2016-05-31 00:00:00-04:00,39.599998474121094,40.20000076293945,39.599998474121094,40.20000076293945,31.909875869750977,3480250,0.0,0.0
2016-06-01 00:00:00-04:00,40.0,40.20000076293945,39.70000076293945,40.20000076293945,31.909875869750977,4033240,0.0,0.0
2016-06-02 00:00:00-04:00,40.099998474121094,40.400001525878906,39.900001525878906,40.099998474121094,31.830493927001953,1762010,0.0,0.0
2016-06-03 00:00:00-04:00,40.099998474121094,40.20000076293945,39.70000076293945,40.0,31.751127243041992,2793740,0.0,0.0
2016-06-06 00:00:00-04:00,40.0,40.29999923706055,39.900001525878906,39.900001525878906,31.671741485595703,2127120,0.0,0.0
2016-06-07 00:00:00-04:00,40.0,40.099998474121094,39.70000076293945,39.900001525878906,31.671741485595703,2153720,0.0,0.0
2016-06-08 00:00:00-04:00,39.900001525878906,40.099998474121094,39.70000076293945,39.79999923706055,31.59235382080078,1878650,0.0,0.0
2016-06-09 00:00:00-04:00,39.70000076293945,39.900001525878906,39.5,39.900001525878906,31.671741485595703,2232690,0.0,0.0
2016-06-10 00:00:00-04:00,39.599998474121094,39.79999923706055,39.20000076293945,39.20000076293945,31.116090774536133,4181190,0.0,0.0
2016-06-13 00:00:00-04:00,39.099998474121094,39.5,39.0,39.0,30.957340240478516,3739440,0.0,0.0
2016-06-14 00:00:00-04:00,39.0,39.400001525878906,38.79999923706055,39.099998474121094,31.036718368530273,3491370,0.0,0.0
2016-06-15 00:00:00-04:00,39.099998474121094,39.599998474121094,39.0,39.099998474121094,31.036718368530273,5647470,0.0,0.0
2016-06-16 00:00:00-04:00,39.0,39.5,38.70000076293945,39.400001525878906,31.27484703063965,5242290,0.0,0.0
2016-06-17 00:00:00-04:00,39.5,39.70000076293945,39.099998474121094,39.20000076293945,31.116090774536133,5627560,0.0,0.0
2016-06-20 00:00:00-04:00,39.400001525878906,39.900001525878906,39.400001525878906,39.79999923706055,31.59235382080078,4027280,0.0,0.0
2016-06-21 00:00:00-04:00,39.70000076293945,39.79999923706055,39.400001525878906,39.79999923706055,31.59235382080078,4160300,0.0,0.0
2016-06-22 00:00:00-04:00,39.79999923706055,39.900001525878906,39.29999923706055,39.599998474121094,31.4335994720459,4925310,0.0,0.0
2016-06-23 00:00:00-04:00,39.70000076293945,40.099998474121094,39.5,40.0,31.751127243041992,5156370,0.0,0.0
2016-06-24 00:00:00-04:00,38.900001525878906,39.79999923706055,38.599998474121094,38.79999923706055,30.7985782623291,10486030,0.0,0.0
2016-06-27 00:00:00-04:00,38.5,38.70000076293945,37.400001525878906,37.599998474121094,29.846052169799805,9359530,0.0,0.0
2016-06-28 00:00:00-04:00,38.099998474121094,38.5,37.900001525878906,38.29999923706055,30.401687622070312,6177270,0.0,0.0
2016-06-29 00:00:00-04:00,38.70000076293945,39.400001525878906,38.599998474121094,39.20000076293945,31.116090774536133,4748380,0.0,0.0
2016-06-30 00:00:00-04:00,39.29999923706055,39.79999923706055,39.099998474121094,39.5,31.354236602783203,4408050,0.0,0.0
2016-07-01 00:00:00-04:00,39.5,40.099998474121094,39.400001525878906,39.70000076293945,31.512981414794922,5540180,0.0,0.0
2016-07-05 00:00:00-04:00,39.599998474121094,39.599998474121094,39.20000076293945,39.400001525878906,31.27484703063965,6021300,0.0,0.0
2016-07-06 00:00:00-04:00,39.29999923706055,40.0,39.20000076293945,39.900001525878906,31.671741485595703,5932040,0.0,0.0
2016-07-07 00:00:00-04:00,40.0,40.599998474121094,39.900001525878906,40.29999923706055,31.98924446105957,8629120,0.0,0.0
2016-07-08 00:00:00-04:00,40.5,41.29999923706055,40.400001525878906,41.20000076293945,32.70365524291992,6879960,0.0,0.0
2016-07-11 00:00:00-04:00,41.29999923706055,41.599998474121094,41.0,41.400001525878906,32.86240005493164,5337420,0.0,0.0
2016-07-12 00:00:00-04:00,41.400001525878906,41.70000076293945,40.900001525878906,41.0,32.54488754272461,6007760,0.0,0.0
2016-07-13 00:00:00-04:00,41.0,41.20000076293945,40.70000076293945,40.900001525878906,32.46551513671875,4966360,0.0,0.0
2016-07-14 00:00:00-04:00,41.099998474121094,41.599998474121094,41.0,41.400001525878906,32.86240005493164,4573580,0.0,0.0
2016-07-15 00:00:00-04:00,41.599998474121094,41.599998474121094,41.20000076293945,41.599998474121094,33.021156311035156,4101560,0.0,0.0
2016-07-18 00:00:00-04:00,41.5,41.900001525878906,41.400001525878906,41.70000076293945,33.100547790527344,4313340,0.0,0.0
2016-07-19 00:00:00-04:00,41.599998474121094,41.900001525878906,41.400001525878906,41.70000076293945,33.100547790527344,5172710,0.0,0.0
2016-07-20 00:00:00-04:00,41.70000076293945,42.0,41.400001525878906,41.79999923706055,33.17991638183594,4294810,0.0,0.0
2016-07-21 00:00:00-04:00,41.70000076293945,42.0,41.599998474121094,41.599998474121094,33.021156311035156,3975090,0.0,0.0
2016-07-22 00:00:00-04:00,41.70000076293945,42.20000076293945,41.5,42.099998474121094,33.418060302734375,3196610,0.0,0.0
2016-07-25 00:00:00-04:00,42.099998474121094,42.29999923706055,41.29999923706055,41.5,32.94178009033203,6054450,0.0,0.0
2016-07-26 00:00:00-04:00,42.79999923706055,44.099998474121094,42.0,43.5,34.52934265136719,13652660,0.0,0.0
2016-07-27 00:00:00-04:00,43.400001525878906,44.29999923706055,43.20000076293945,44.0,34.92621994018555,6111340,0.0,0.0
2016-07-28 00:00:00-04:00,43.900001525878906,44.20000076293945,43.20000076293945,43.599998474121094,34.60871887207031,5509600,0.0,0.0
2016-07-29 00:00:00-04:00,43.400001525878906,44.400001525878906,43.400001525878906,43.900001525878906,34.846858978271484,5008740,0.0,0.0
2016-08-01 00:00:00-04:00,43.900001525878906,44.0,43.29999923706055,43.400001525878906,34.4499626159668,6096660,0.0,0.0
2016-08-02 00:00:00-04:00,43.20000076293945,43.29999923706055,42.0,42.29999923706055,33.57680130004883,8828350,0.0,0.0
2016-08-03 00:00:00-04:00,42.20000076293945,42.70000076293945,42.099998474121094,42.29999923706055,33.57680130004883,6300080,0.0,0.0
2016-08-04 00:00:00-04:00,42.29999923706055,42.79999923706055,42.0,42.29999923706055,33.57680130004883,6873410,0.0,0.0
2016-08-05 00:00:00-04:00,42.5,42.900001525878906,42.20000076293945,42.400001525878906,33.65618133544922,8702030,0.0,0.0
2016-08-08 00:00:00-04:00,42.5,42.599998474121094,41.70000076293945,42.20000076293945,33.49742889404297,5123040,0.0,0.0
2016-08-09 00:00:00-04:00,42.29999923706055,42.400001525878906,41.79999923706055,41.900001525878906,33.259307861328125,4623550,0.0,0.0
2016-08-10 00:00:00-04:00,41.900001525878906,42.29999923706055,41.79999923706055,42.099998474121094,33.418060302734375,2394420,0.0,0.0
2016-08-11 00:00:00-04:00,42.20000076293945,42.79999923706055,42.099998474121094,42.29999923706055,33.57680130004883,2501630,0.0,0.0
2016-08-12 00:00:00-04:00,42.20000076293945,42.5,42.0,42.099998474121094,33.418060302734375,1748760,0.0,0.0
2016-08-15 00:00:00-04:00,42.20000076293945,42.599998474121094,42.099998474121094,42.400001525878906,33.65618133544922,3572660,0.0,0.0
2016-08-16 00:00:00-04:00,42.20000076293945,42.400001525878906,42.0,42.0,33.33866500854492,5407050,0.0,0.0
2016-08-17 00:00:00-04:00,42.099998474121094,42.400001525878906,41.900001525878906,42.400001525878906,33.65618133544922,4810400,0.0,0.0
2016-08-18 00:00:00-04:00,42.400001525878906,42.5,41.70000076293945,41.900001525878906,33.259307861328125,5228790,0.0,0.0
2016-08-19 00:00:00-04:00,41.70000076293945,42.0,41.5,41.900001525878906,33.259307861328125,3923380,0.0,0.0
2016-08-22 00:00:00-04:00,41.70000076293945,42.0,41.5,41.70000076293945,33.100547790527344,5318900,0.0,0.0
2016-08-23 00:00:00-04:00,41.900001525878906,42.20000076293945,41.70000076293945,41.900001525878906,33.259307861328125,5875800,0.0,0.0
2016-08-24 00:00:00-04:00,42.0,42.099998474121094,41.20000076293945,41.400001525878906,32.86240005493164,4972400,0.0,0.0
2016-08-25 00:00:00-04:00,41.29999923706055,42.0,41.20000076293945,41.5,32.94178009033203,6434400,0.0,0.0
2016-08-26 00:00:00-04:00,41.900001525878906,42.0,41.099998474121094,41.599998474121094,33.021156311035156,6854550,0.0,0.0
2016-08-29 00:00:00-04:00,41.70000076293945,42.0,41.5,41.599998474121094,33.021156311035156,6312960,0.0,0.0
2016-08-30 00:00:00-04:00,41.79999923706055,41.900001525878906,41.5,41.599998474121094,33.021156311035156,4448810,0.0,0.0
2016-08-31 00:00:00-04:00,41.70000076293945,41.79999923706055,41.20000076293945,41.400001525878906,32.86240005493164,4013620,0.0,0.0
2016-09-01 00:00:00-04:00,41.599998474121094,41.900001525878906,41.20000076293945,41.5,32.94178009033203,5951640,0.0,0.0
2016-09-02 00:00:00-04:00,41.79999923706055,41.900001525878906,41.5,41.79999923706055,33.17991638183594,5713070,0.0,0.0
2016-09-06 00:00:00-04:00,41.70000076293945,41.79999923706055,41.400001525878906,41.599998474121094,33.021156311035156,6478670,0.0,0.0
2016-09-07 00:00:00-04:00,41.599998474121094,41.900001525878906,41.5,41.79999923706055,33.17991638183594,5980550,0.0,0.0
2016-09-08 00:00:00-04:00,41.70000076293945,42.099998474121094,41.5,42.0,33.33866500854492,4490060,0.0,0.0
2016-09-09 00:00:00-04:00,41.900001525878906,42.0,41.0,41.0,32.54488754272461,5513860,0.0,0.0
2016-09-12 00:00:00-04:00,40.900001525878906,41.599998474121094,40.70000076293945,41.400001525878906,32.86240005493164,4775100,0.0,0.0
2016-09-13 00:00:00-04:00,41.20000076293945,41.5,40.70000076293945,40.900001525878906,32.46551513671875,6396040,0.0,0.0
2016-09-14 00:00:00-04:00,40.900001525878906,41.20000076293945,40.70000076293945,40.900001525878906,32.46551513671875,4969990,0.0,0.0
2016-09-15 00:00:00-04:00,40.900001525878906,41.70000076293945,40.70000076293945,41.70000076293945,33.100547790527344,5668270,0.0,0.0
2016-09-16 00:00:00-04:00,41.5,41.5,41.0,41.099998474121094,32.62427520751953,5926140,0.0,0.0
2016-09-19 00:00:00-04:00,41.20000076293945,41.70000076293945,41.099998474121094,41.400001525878906,32.86240005493164,5242290,0.0,0.0
2016-09-20 00:00:00-04:00,41.400001525878906,41.599998474121094,41.099998474121094,41.29999923706055,32.783023834228516,4021070,0.0,0.0
2016-09-21 00:00:00-04:00,41.29999923706055,41.900001525878906,41.20000076293945,41.79999923706055,33.17991638183594,5173200,0.0,0.0
2016-09-22 00:00:00-04:00,41.900001525878906,42.20000076293945,41.79999923706055,42.099998474121094,33.418060302734375,4931380,0.0,0.0
2016-09-23 00:00:00-04:00,42.0,42.20000076293945,41.79999923706055,42.099998474121094,33.418060302734375,4303070,0.0,0.0
2016-09-26 00:00:00-04:00,41.79999923706055,41.900001525878906,41.5,41.70000076293945,33.100547790527344,4458510,0.0,0.0
2016-09-27 00:00:00-04:00,41.599998474121094,41.900001525878906,41.5,41.599998474121094,33.021156311035156,2205160,0.0,0.0
2016-09-28 00:00:00-04:00,41.599998474121094,41.79999923706055,41.5,41.70000076293945,33.100547790527344,4544830,0.0,0.0
2016-09-29 00:00:00-04:00,41.599998474121094,42.0,41.400001525878906,41.400001525878906,32.86240005493164,4613620,0.0,0.0
2016-09-30 00:00:00-04:00,41.70000076293945,41.900001525878906,41.5,41.70000076293945,33.100547790527344,3787350,0.0,0.0
2016-10-03 00:00:00-04:00,41.70000076293945,42.099998474121094,41.70000076293945,41.900001525878906,33.259307861328125,4729200,0.0,0.0
2016-10-04 00:00:00-04:00,42.0,42.20000076293945,41.5,41.79999923706055,33.17991638183594,4434470,0.0,0.0
2016-10-05 00:00:00-04:00,41.79999923706055,41.900001525878906,41.599998474121094,41.599998474121094,33.021156311035156,3097430,0.0,0.0
2016-10-06 00:00:00-04:00,41.599998474121094,41.70000076293945,41.400001525878906,41.599998474121094,33.021156311035156,3168640,0.0,0.0
2016-10-07 00:00:00-04:00,41.70000076293945,41.70000076293945,41.20000076293945,41.599998474121094,33.021156311035156,4066570,0.0,0.0
2016-10-10 00:00:00-04:00,41.599998474121094,41.79999923706055,41.29999923706055,41.400001525878906,32.86240005493164,3285160,0.0,0.0
2016-10-11 00:00:00-04:00,41.400001525878906,41.400001525878906,40.70000076293945,40.79999923706055,32.38614273071289,4456080,0.0,0.0
2016-10-12 00:00:00-04:00,40.900001525878906,41.099998474121094,40.70000076293945,41.0,32.54488754272461,4203660,0.0,0.0
2016-10-13 00:00:00-04:00,40.900001525878906,41.099998474121094,40.5,41.0,32.54488754272461,4300080,0.0,0.0
2016-10-14 00:00:00-04:00,41.099998474121094,41.400001525878906,41.0,41.099998474121094,32.62427520751953,4533940,0.0,0.0
2016-10-17 00:00:00-04:00,41.099998474121094,41.29999923706055,40.79999923706055,41.099998474121094,32.62427520751953,5250330,0.0,0.0
2016-10-18 00:00:00-04:00,41.20000076293945,41.400001525878906,41.0,41.0,32.54488754272461,3319320,0.0,0.0
2016-10-19 00:00:00-04:00,41.0,41.5,41.0,41.400001525878906,32.86240005493164,3437190,0.0,0.0
2016-10-20 00:00:00-04:00,41.400001525878906,41.599998474121094,41.20000076293945,41.29999923706055,32.783023834228516,4604430,0.0,0.0
2016-10-21 00:00:00-04:00,41.29999923706055,41.5,41.099998474121094,41.5,32.94178009033203,2627430,0.0,0.0
2016-10-24 00:00:00-04:00,41.599998474121094,41.900001525878906,41.5,41.79999923706055,33.17991638183594,5732100,0.0,0.0
2016-10-25 00:00:00-04:00,41.599998474121094,41.900001525878906,41.5,41.900001525878906,33.259307861328125,3683680,0.0,0.0
2016-10-26 00:00:00-04:00,41.900001525878906,42.5,41.70000076293945,42.400001525878906,33.65618133544922,6421260,0.0,0.0
2016-10-27 00:00:00-04:00,42.70000076293945,42.70000076293945,40.70000076293945,41.099998474121094,32.62427520751953,10980270,0.0,0.0
2016-10-28 00:00:00-04:00,40.900001525878906,41.5,40.900001525878906,41.099998474121094,32.62427520751953,7598690,0.0,0.0
2016-10-31 00:00:00-04:00,41.099998474121094,41.70000076293945,41.0,41.70000076293945,33.100547790527344,5145260,0.0,0.0
2016-11-01 00:00:00-04:00,41.79999923706055,41.900001525878906,41.400001525878906,41.599998474121094,33.021156311035156,5257520,0.0,0.0
2016-11-02 00:00:00-04:00,41.599998474121094,41.79999923706055,41.20000076293945,41.29999923706055,32.783023834228516,4312430,0.0,0.0
2016-11-03 00:00:00-04:00,41.400001525878906,41.599998474121094,41.20000076293945,41.29999923706055,32.783023834228516,4726110,0.0,0.0
2016-11-04 00:00:00-04:00,41.20000076293945,41.79999923706055,41.099998474121094,41.400001525878906,32.86240005493164,4638070,0.0,0.0
2016-11-07 00:00:00-05:00,41.599998474121094,42.20000076293945,41.5,42.20000076293945,33.57854080200195,3884060,0.1,0.0
2016-11-08 00:00:00-05:00,42.099998474121094,42.900001525878906,42.099998474121094,42.70000076293945,33.97639083862305,4996950,0.0,0.0
2016-11-09 00:00:00-05:00,41.400001525878906,43.29999923706055,41.29999923706055,42.900001525878906,34.135520935058594,6558860,0.0,0.0
2016-11-10 00:00:00-05:00,43.0,43.70000076293945,42.79999923706055,43.099998474121094,34.29467010498047,6362990,0.0,0.0
2016-11-11 00:00:00-05:00,42.79999923706055,43.79999923706055,42.70000076293945,43.599998474121094,34.69251251220703,4718980,0.0,0.0
2016-11-14 00:00:00-05:00,43.599998474121094,45.599998474121094,43.599998474121094,44.900001525878906,35.7269172668457,7727670,0.0,0.0
2016-11-15 00:00:00-05:00,44.900001525878906,46.0,44.400001525878906,45.79999923706055,36.44304656982422,7919570,0.0,0.0
2016-11-16 00:00:00-05:00,45.70000076293945,45.79999923706055,45.099998474121094,45.20000076293945,35.96563720703125,4404680,0.0,0.0
2016-11-17 00:00:00-05:00,45.099998474121094,45.900001525878906,45.0,45.79999923706055,36.44304656982422,2180000,0.0,0.0
2016-11-18 00:00:00-05:00,45.599998474121094,46.20000076293945,45.599998474121094,45.599998474121094,36.28391647338867,1783410,0.0,0.0
2016-11-21 00:00:00-05:00,45.599998474121094,45.900001525878906,45.5,45.70000076293945,36.363494873046875,3044720,0.0,0.0
2016-11-22 00:00:00-05:00,45.79999923706055,46.5,45.400001525878906,46.099998474121094,36.6817626953125,3053190,0.0,0.0
2016-11-23 00:00:00-05:00,46.29999923706055,46.5,45.900001525878906,45.900001525878906,36.52262496948242,1771820,0.0,0.0
2016-11-25 00:00:00-05:00,45.900001525878906,46.29999923706055,45.79999923706055,46.099998474121094,36.6817626953125,1066640,0.0,0.0
2016-11-28 00:00:00-05:00,45.79999923706055,46.099998474121094,45.400001525878906,45.400001525878906,36.124778747558594,2131840,0.0,0.0
2016-11-29 00:00:00-05:00,45.599998474121094,46.29999923706055,45.5,46.099998474121094,36.6817626953125,3647310,0.0,0.0
2016-11-30 00:00:00-05:00,46.20000076293945,46.5,45.599998474121094,45.70000076293945,36.363494873046875,3138740,0.0,0.0
2016-12-01 00:00:00-05:00,45.70000076293945,46.099998474121094,45.099998474121094,45.599998474121094,36.28391647338867,3096750,0.0,0.0
2016-12-02 00:00:00-05:00,45.29999923706055,46.0,42.20000076293945,43.0,34.2150993347168,9333150,0.0,0.0
2016-12-05 00:00:00-05:00,43.20000076293945,43.70000076293945,42.900001525878906,43.29999923706055,34.45380401611328,4775210,0.0,0.0
2016-12-06 00:00:00-05:00,43.29999923706055,44.20000076293945,43.20000076293945,44.099998474121094,35.090370178222656,2800060,0.0,0.0
2016-12-07 00:00:00-05:00,44.0,45.5,43.79999923706055,45.0,35.8065071105957,3174160,0.0,0.0
2016-12-08 00:00:00-05:00,45.099998474121094,45.70000076293945,44.79999923706055,45.400001525878906,36.124778747558594,2320450,0.0,0.0
2016-12-09 00:00:00-05:00,45.70000076293945,45.79999923706055,45.20000076293945,45.400001525878906,36.124778747558594,2442210,0.0,0.0
2016-12-12 00:00:00-05:00,45.099998474121094,45.400001525878906,44.5,44.5,35.40864562988281,2066270,0.0,0.0
2016-12-13 00:00:00-05:00,44.70000076293945,45.400001525878906,44.70000076293945,45.400001525878906,36.124778747558594,3161330,0.0,0.0
2016-12-14 00:00:00-05:00,45.099998474121094,45.900001525878906,44.900001525878906,45.099998474121094,35.88605880737305,2833920,0.0,0.0
2016-12-15 00:00:00-05:00,45.20000076293945,45.5,44.79999923706055,44.900001525878906,35.7269172668457,2627510,0.0,0.0
2016-12-16 00:00:00-05:00,45.099998474121094,45.400001525878906,44.79999923706055,45.20000076293945,35.96563720703125,3102470,0.0,0.0
2016-12-19 00:00:00-05:00,45.20000076293945,45.400001525878906,45.099998474121094,45.29999923706055,36.04520797729492,2672290,0.0,0.0
2016-12-20 00:00:00-05:00,45.20000076293945,45.599998474121094,45.20000076293945,45.29999923706055,36.04520797729492,1707220,0.0,0.0
2016-12-21 00:00:00-05:00,45.400001525878906,45.70000076293945,45.20000076293945,45.29999923706055,36.04520797729492,1502510,0.0,0.0
2016-12-22 00:00:00-05:00,45.20000076293945,45.5,45.0,45.099998474121094,35.88605880737305,1143310,0.0,0.0
2016-12-23 00:00:00-05:00,45.099998474121094,45.29999923706055,45.099998474121094,45.099998474121094,35.88605880737305,1111000,0.0,0.0
2016-12-27 00:00:00-05:00,45.0,45.79999923706055,45.0,45.29999923706055,36.04520797729492,1964110,0.0,0.0
2016-12-28 00:00:00-05:00,45.29999923706055,45.5,45.0,45.0,35.8065071105957,1493850,0.0,0.0
2016-12-29 00:00:00-05:00,44.900001525878906,45.20000076293945,44.599998474121094,44.70000076293945,35.567787170410156,1844210,0.0,0.0
2016-12-30 00:00:00-05:00,44.79999923706055,45.0,44.20000076293945,44.5,35.40864562988281,3707970,0.0,0.0
2017-01-03 00:00:00-05:00,44.900001525878906,45.099998474121094,44.0,44.400001525878906,35.329078674316406,3412430,0.0,0.0
2017-01-04 00:00:00-05:00,44.599998474121094,45.5,44.5,45.29999923706055,36.04520797729492,2682460,0.0,0.0
2017-01-05 00:00:00-05:00,45.599998474121094,46.400001525878906,45.599998474121094,46.400001525878906,36.92047882080078,3624980,0.0,0.0
2017-01-06 00:00:00-05:00,46.5,46.5,45.599998474121094,45.599998474121094,36.28391647338867,2517940,0.0,0.0
2017-01-09 00:00:00-05:00,45.599998474121094,46.099998474121094,45.400001525878906,46.0,36.60219955444336,3370790,0.0,0.0
2017-01-10 00:00:00-05:00,46.0,46.70000076293945,45.70000076293945,46.29999923706055,36.840904235839844,2056300,0.0,0.0
2017-01-11 00:00:00-05:00,46.20000076293945,46.29999923706055,45.5,45.900001525878906,36.52262496948242,3247310,0.0,0.0
2017-01-12 00:00:00-05:00,45.900001525878906,46.099998474121094,45.20000076293945,45.79999923706055,36.44304656982422,2003000,0.0,0.0
2017-01-13 00:00:00-05:00,45.79999923706055,46.400001525878906,45.79999923706055,46.099998474121094,36.6817626953125,2542370,0.0,0.0
2017-01-17 00:00:00-05:00,45.900001525878906,46.099998474121094,45.599998474121094,45.70000076293945,36.363494873046875,1302160,0.0,0.0
2017-01-18 00:00:00-05:00,45.900001525878906,46.0,45.400001525878906,46.0,36.60219955444336,2055430,0.0,0.0
2017-01-19 00:00:00-05:00,45.79999923706055,46.0,45.5,45.900001525878906,36.52262496948242,1440960,0.0,0.0
2017-01-20 00:00:00-05:00,46.0,46.099998474121094,45.70000076293945,45.900001525878906,36.52262496948242,1534510,0.0,0.0
2017-01-23 00:00:00-05:00,46.0,46.20000076293945,45.79999923706055,45.900001525878906,36.52262496948242,1500590,0.0,0.0
2017-01-24 00:00:00-05:00,45.79999923706055,46.29999923706055,45.79999923706055,46.29999923706055,36.840904235839844,2040060,0.0,0.0
2017-01-25 00:00:00-05:00,46.5,47.0,46.400001525878906,46.79999923706055,37.238746643066406,1649640,0.0,0.0
2017-01-26 00:00:00-05:00,46.900001525878906,47.599998474121094,46.79999923706055,47.5,37.79574966430664,2297980,0.0,0.0
2017-01-27 00:00:00-05:00,47.900001525878906,48.0,47.400001525878906,47.5,37.79574966430664,2267610,0.0,0.0
2017-01-30 00:00:00-05:00,47.29999923706055,47.599998474121094,46.900001525878906,47.599998474121094,37.87531661987305,2397210,0.0,0.0
2017-01-31 00:00:00-05:00,47.900001525878906,47.900001525878906,47.099998474121094,47.20000076293945,37.55704116821289,2048620,0.0,0.0
2017-02-01 00:00:00-05:00,47.400001525878906,47.79999923706055,47.20000076293945,47.70000076293945,37.95488739013672,2827080,0.0,0.0
2017-02-02 00:00:00-05:00,48.20000076293945,48.20000076293945,47.29999923706055,47.5,37.79574966430664,2832180,0.0,0.0
2017-02-03 00:00:00-05:00,47.5,48.0,47.5,48.0,38.27418899536133,1509960,0.1,0.0
2017-02-06 00:00:00-05:00,48.099998474121094,48.099998474121094,47.599998474121094,47.79999923706055,38.11470031738281,1520520,0.0,0.0
2017-02-07 00:00:00-05:00,47.79999923706055,47.900001525878906,47.099998474121094,47.20000076293945,37.636268615722656,1846700,0.0,0.0
2017-02-08 00:00:00-05:00,47.400001525878906,47.400001525878906,46.70000076293945,47.0,37.47679138183594,1670940,0.0,0.0
2017-02-09 00:00:00-05:00,47.20000076293945,47.400001525878906,46.900001525878906,47.099998474121094,37.5565299987793,2044780,0.0,0.0
2017-02-10 00:00:00-05:00,47.099998474121094,47.400001525878906,46.900001525878906,47.29999923706055,37.71599197387695,1751820,0.0,0.0
2017-02-13 00:00:00-05:00,47.400001525878906,47.599998474121094,47.20000076293945,47.599998474121094,37.95522689819336,1366120,0.0,0.0
2017-02-14 00:00:00-05:00,47.70000076293945,47.79999923706055,47.29999923706055,47.400001525878906,37.79574203491211,2164610,0.0,0.0
2017-02-15 00:00:00-05:00,48.29999923706055,49.20000076293945,47.599998474121094,48.79999923706055,38.91206741333008,3895960,0.0,0.0
2017-02-16 00:00:00-05:00,49.400001525878906,50.0,48.79999923706055,49.099998474121094,39.15129470825195,3189240,0.0,0.0
2017-02-17 00:00:00-05:00,49.599998474121094,49.599998474121094,49.20000076293945,49.400001525878906,39.3904914855957,2473450,0.0,0.0
2017-02-21 00:00:00-05:00,49.900001525878906,50.70000076293945,49.5,50.400001525878906,40.187889099121094,2448680,0.0,0.0
2017-02-22 00:00:00-05:00,51.900001525878906,52.20000076293945,51.0,51.5,41.06500244140625,4424670,0.0,0.0
2017-02-23 00:00:00-05:00,51.70000076293945,51.79999923706055,50.5,50.70000076293945,40.427085876464844,2243900,0.0,0.0
2017-02-24 00:00:00-05:00,50.79999923706055,51.29999923706055,50.5,51.20000076293945,40.82577896118164,1551990,0.0,0.0
2017-02-27 00:00:00-05:00,51.29999923706055,51.79999923706055,51.20000076293945,51.79999923706055,41.304203033447266,2426520,0.0,0.0
2017-02-28 00:00:00-05:00,51.900001525878906,51.900001525878906,50.79999923706055,50.900001525878906,40.586578369140625,3191710,0.0,0.0
2017-03-01 00:00:00-05:00,51.29999923706055,51.79999923706055,51.29999923706055,51.70000076293945,41.2244758605957,1782700,0.0,0.0
2017-03-02 00:00:00-05:00,51.400001525878906,51.5,51.0,51.29999923706055,40.905521392822266,2466110,0.0,0.0
2017-03-03 00:00:00-05:00,51.099998474121094,51.400001525878906,50.79999923706055,51.099998474121094,40.74604415893555,1600350,0.0,0.0
2017-03-06 00:00:00-05:00,50.900001525878906,51.0,50.599998474121094,50.900001525878906,40.586578369140625,1614470,0.0,0.0
2017-03-07 00:00:00-05:00,50.900001525878906,51.400001525878906,50.79999923706055,51.20000076293945,40.82577896118164,1732570,0.0,0.0
2017-03-08 00:00:00-05:00,51.29999923706055,51.70000076293945,51.20000076293945,51.599998474121094,41.144737243652344,1860280,0.0,0.0
2017-03-09 00:00:00-05:00,51.599998474121094,51.79999923706055,51.0,51.5,41.06500244140625,1878700,0.0,0.0
2017-03-10 00:00:00-05:00,51.400001525878906,51.900001525878906,51.29999923706055,51.900001525878906,41.383949279785156,2565770,0.0,0.0
2017-03-13 00:00:00-04:00,52.0,55.29999923706055,51.900001525878906,54.400001525878906,43.37739944458008,6403420,0.0,0.0
2017-03-14 00:00:00-04:00,54.0,54.400001525878906,53.20000076293945,53.900001525878906,42.978721618652344,3002050,0.0,0.0
2017-03-15 00:00:00-04:00,54.099998474121094,54.5,53.0,53.0,42.26106643676758,3203400,0.0,0.0
2017-03-16 00:00:00-04:00,52.70000076293945,53.5,52.400001525878906,53.29999923706055,42.500282287597656,1925710,0.0,0.0
2017-03-17 00:00:00-04:00,53.79999923706055,53.900001525878906,52.70000076293945,53.599998474121094,42.73948287963867,3767470,0.0,0.0
2017-03-20 00:00:00-04:00,53.400001525878906,53.70000076293945,52.900001525878906,53.099998474121094,42.34081268310547,1359560,0.0,0.0
2017-03-21 00:00:00-04:00,53.29999923706055,53.400001525878906,51.70000076293945,51.900001525878906,41.383949279785156,3338400,0.0,0.0
2017-03-22 00:00:00-04:00,51.400001525878906,51.5,50.599998474121094,51.0,40.66630554199219,3255330,0.0,0.0
2017-03-23 00:00:00-04:00,50.79999923706055,51.599998474121094,50.599998474121094,51.29999923706055,40.905521392822266,2640450,0.0,0.0
2017-03-24 00:00:00-04:00,51.5,51.5,50.599998474121094,51.0,40.66630554199219,2560680,0.0,0.0
2017-03-27 00:00:00-04:00,50.599998474121094,51.400001525878906,50.400001525878906,51.0,40.66630554199219,1952040,0.0,0.0
2017-03-28 00:00:00-04:00,51.20000076293945,51.79999923706055,50.900001525878906,51.099998474121094,40.74604415893555,2544570,0.0,0.0
2017-03-29 00:00:00-04:00,51.29999923706055,51.400001525878906,50.900001525878906,51.400001525878906,40.98526382446289,1738040,0.0,0.0
2017-03-30 00:00:00-04:00,51.400001525878906,52.20000076293945,51.29999923706055,52.099998474121094,41.54343032836914,1384100,0.0,0.0
2017-03-31 00:00:00-04:00,51.900001525878906,52.20000076293945,51.400001525878906,51.5,41.06500244140625,1360400,0.0,0.0
2017-04-03 00:00:00-04:00,51.599998474121094,51.900001525878906,50.5,51.0,40.66630554199219,2241140,0.0,0.0
2017-04-04 00:00:00-04:00,50.70000076293945,51.5,50.70000076293945,51.20000076293945,40.82577896118164,1832450,0.0,0.0
2017-04-05 00:00:00-04:00,51.400001525878906,52.099998474121094,51.0,51.099998474121094,40.74604415893555,2434490,0.0,0.0
2017-04-06 00:00:00-04:00,51.20000076293945,51.70000076293945,51.0,51.29999923706055,40.905521392822266,1284080,0.0,0.0
2017-04-07 00:00:00-04:00,51.5,51.79999923706055,51.20000076293945,51.599998474121094,41.144737243652344,1735750,0.0,0.0
2017-04-10 00:00:00-04:00,51.599998474121094,51.70000076293945,51.0,51.0,40.66630554199219,1633710,0.0,0.0
2017-04-11 00:00:00-04:00,51.099998474121094,51.099998474121094,50.5,50.599998474121094,40.34736251831055,2042720,0.0,0.0
2017-04-12 00:00:00-04:00,50.599998474121094,51.20000076293945,50.5,50.900001525878906,40.586578369140625,2089240,0.0,0.0
2017-04-13 00:00:00-04:00,51.20000076293945,51.29999923706055,50.599998474121094,51.0,40.66630554199219,2171580,0.0,0.0
2017-04-17 00:00:00-04:00,51.20000076293945,51.29999923706055,50.400001525878906,50.5,40.26762390136719,1640420,0.0,0.0
2017-04-18 00:00:00-04:00,50.599998474121094,51.0,50.20000076293945,50.599998474121094,40.34736251831055,2034610,0.0,0.0
2017-04-19 00:00:00-04:00,50.0,50.79999923706055,49.5,50.70000076293945,40.427085876464844,5042980,0.0,0.0
2017-04-20 00:00:00-04:00,50.79999923706055,51.20000076293945,49.70000076293945,50.70000076293945,40.427085876464844,3843090,0.0,0.0
2017-04-21 00:00:00-04:00,50.79999923706055,51.20000076293945,50.0,50.70000076293945,40.427085876464844,7933060,0.0,0.0
2017-04-24 00:00:00-04:00,50.79999923706055,51.29999923706055,50.29999923706055,51.29999923706055,40.905521392822266,5807420,0.0,0.0
2017-04-25 00:00:00-04:00,51.400001525878906,52.099998474121094,51.29999923706055,52.099998474121094,41.54343032836914,2722900,0.0,0.0
2017-04-26 00:00:00-04:00,51.900001525878906,52.0,50.70000076293945,51.099998474121094,40.74604415893555,3477310,0.0,0.0
2017-04-27 00:00:00-04:00,50.099998474121094,50.5,49.0,50.20000076293945,40.02840805053711,6064610,0.0,0.0
2017-04-28 00:00:00-04:00,50.400001525878906,50.400001525878906,48.900001525878906,49.5,39.470237731933594,4092720,0.0,0.0
2017-05-01 00:00:00-04:00,49.5,49.79999923706055,48.79999923706055,49.599998474121094,39.54997634887695,3808980,0.0,0.0
2017-05-02 00:00:00-04:00,49.70000076293945,49.79999923706055,47.5,48.400001525878906,38.593116760253906,5887440,0.0,0.0
2017-05-03 00:00:00-04:00,48.400001525878906,49.099998474121094,48.099998474121094,48.5,38.67287063598633,2837630,0.0,0.0
2017-05-04 00:00:00-04:00,48.70000076293945,48.70000076293945,48.099998474121094,48.400001525878906,38.593116760253906,1601450,0.0,0.0
2017-05-05 00:00:00-04:00,48.599998474121094,49.099998474121094,48.400001525878906,48.900001525878906,38.9918098449707,1449680,0.0,0.0
2017-05-08 00:00:00-04:00,48.900001525878906,49.20000076293945,48.599998474121094,49.0,39.151615142822266,1978610,0.1,0.0
2017-05-09 00:00:00-04:00,49.0,49.5,48.400001525878906,48.70000076293945,38.91191101074219,2720030,0.0,0.0
2017-05-10 00:00:00-04:00,48.599998474121094,48.900001525878906,48.20000076293945,48.5,38.75210952758789,1822800,0.0,0.0
2017-05-11 00:00:00-04:00,48.29999923706055,48.5,47.79999923706055,48.29999923706055,38.5922966003418,1925480,0.0,0.0
2017-05-12 00:00:00-04:00,48.5,48.5,47.900001525878906,48.099998474121094,38.432518005371094,1599510,0.0,0.0
2017-05-15 00:00:00-04:00,47.900001525878906,48.5,47.599998474121094,47.79999923706055,38.19281005859375,2366070,0.0,0.0
2017-05-16 00:00:00-04:00,47.900001525878906,48.20000076293945,47.79999923706055,47.900001525878906,38.2726936340332,1275490,0.0,0.0
2017-05-17 00:00:00-04:00,47.79999923706055,47.900001525878906,47.29999923706055,47.29999923706055,37.79329299926758,2475770,0.0,0.0
2017-05-18 00:00:00-04:00,47.400001525878906,49.5,47.29999923706055,48.599998474121094,38.832008361816406,3271110,0.0,0.0
2017-05-19 00:00:00-04:00,48.29999923706055,49.5,48.29999923706055,49.099998474121094,39.23152160644531,1773250,0.0,0.0
2017-05-22 00:00:00-04:00,49.0,49.79999923706055,49.0,49.400001525878906,39.47120666503906,1213470,0.0,0.0
2017-05-23 00:00:00-04:00,49.70000076293945,50.29999923706055,49.400001525878906,49.70000076293945,39.71092987060547,1490760,0.0,0.0
2017-05-24 00:00:00-04:00,50.0,51.20000076293945,49.900001525878906,51.099998474121094,40.82953643798828,2405300,0.0,0.0
2017-05-25 00:00:00-04:00,51.099998474121094,51.5,50.599998474121094,51.20000076293945,40.90943908691406,1956030,0.0,0.0
2017-05-26 00:00:00-04:00,51.099998474121094,53.5,51.099998474121094,52.900001525878906,42.267757415771484,4127400,0.0,0.0
2017-05-30 00:00:00-04:00,53.0,53.70000076293945,52.20000076293945,52.29999923706055,41.788360595703125,2603210,0.0,0.0
2017-05-31 00:00:00-04:00,52.5,52.79999923706055,52.099998474121094,52.5,41.948150634765625,3594740,0.0,0.0
2017-06-01 00:00:00-04:00,52.5,54.79999923706055,52.099998474121094,54.599998474121094,43.62608337402344,5259580,0.0,0.0
2017-06-02 00:00:00-04:00,54.400001525878906,55.0,54.20000076293945,54.900001525878906,43.86579895019531,2785560,0.0,0.0
2017-06-05 00:00:00-04:00,54.900001525878906,54.900001525878906,53.79999923706055,53.79999923706055,42.98687744140625,2438870,0.0,0.0
2017-06-06 00:00:00-04:00,53.79999923706055,53.900001525878906,51.900001525878906,52.900001525878906,42.267757415771484,4233030,0.0,0.0
2017-06-07 00:00:00-04:00,52.79999923706055,53.70000076293945,52.29999923706055,53.20000076293945,42.507469177246094,1554350,0.0,0.0
2017-06-08 00:00:00-04:00,52.900001525878906,54.20000076293945,52.400001525878906,54.0,43.14667892456055,2745740,0.0,0.0
2017-06-09 00:00:00-04:00,54.0,54.20000076293945,51.29999923706055,52.0,41.54865264892578,3862980,0.0,0.0
2017-06-12 00:00:00-04:00,51.79999923706055,52.70000076293945,51.099998474121094,52.0,41.54865264892578,2484470,0.0,0.0
2017-06-13 00:00:00-04:00,51.79999923706055,52.599998474121094,51.70000076293945,52.400001525878906,41.86825942993164,1508800,0.0,0.0
2017-06-14 00:00:00-04:00,52.599998474121094,52.599998474121094,51.5,51.599998474121094,41.22904968261719,1650080,0.0,0.0
2017-06-15 00:00:00-04:00,51.5,51.79999923706055,50.900001525878906,51.79999923706055,41.38884735107422,1624860,0.0,0.0
2017-06-16 00:00:00-04:00,51.5,52.099998474121094,51.20000076293945,51.79999923706055,41.38884735107422,2768790,0.0,0.0
2017-06-19 00:00:00-04:00,52.0,52.79999923706055,51.79999923706055,52.400001525878906,41.86825942993164,1806560,0.0,0.0
2017-06-20 00:00:00-04:00,52.20000076293945,52.70000076293945,51.79999923706055,51.79999923706055,41.38884735107422,2357240,0.0,0.0
2017-06-21 00:00:00-04:00,51.79999923706055,53.0,51.599998474121094,52.400001525878906,41.86825942993164,2059860,0.0,0.0
2017-06-22 00:00:00-04:00,52.5,53.0,52.099998474121094,52.400001525878906,41.86825942993164,1390640,0.0,0.0
2017-06-23 00:00:00-04:00,52.5,53.900001525878906,52.400001525878906,53.5,42.74717330932617,4196760,0.0,0.0
2017-06-26 00:00:00-04:00,53.70000076293945,54.400001525878906,53.0,53.0,42.3476676940918,1749320,0.0,0.0
2017-06-27 00:00:00-04:00,52.900001525878906,53.70000076293945,52.599998474121094,52.599998474121094,42.02806091308594,1840720,0.0,0.0
2017-06-28 00:00:00-04:00,52.70000076293945,54.099998474121094,52.70000076293945,54.0,43.14667892456055,1712760,0.0,0.0
2017-06-29 00:00:00-04:00,54.0,54.400001525878906,52.79999923706055,53.599998474121094,42.82706832885742,2795630,0.0,0.0
2017-06-30 00:00:00-04:00,54.20000076293945,54.900001525878906,53.5,54.70000076293945,43.70599365234375,3309520,0.0,0.0
2017-07-03 00:00:00-04:00,55.0,55.0,53.70000076293945,53.79999923706055,42.98687744140625,1034300,0.0,0.0
2017-07-05 00:00:00-04:00,53.70000076293945,54.5,53.70000076293945,54.20000076293945,43.30647659301758,1723180,0.0,0.0
2017-07-06 00:00:00-04:00,54.20000076293945,54.29999923706055,53.400001525878906,53.5,42.74717330932617,1485820,0.0,0.0
2017-07-07 00:00:00-04:00,53.5,54.20000076293945,53.400001525878906,53.70000076293945,42.90696716308594,1366230,0.0,0.0
2017-07-10 00:00:00-04:00,53.599998474121094,54.0,53.20000076293945,53.400001525878906,42.66727828979492,2402610,0.0,0.0
2017-07-11 00:00:00-04:00,53.5,54.0,53.20000076293945,53.900001525878906,43.0667839050293,1258680,0.0,0.0
2017-07-12 00:00:00-04:00,54.099998474121094,54.400001525878906,53.79999923706055,54.099998474121094,43.22658157348633,1700650,0.0,0.0
2017-07-13 00:00:00-04:00,53.900001525878906,54.70000076293945,53.900001525878906,54.29999923706055,43.38637924194336,1745560,0.0,0.0
2017-07-14 00:00:00-04:00,54.599998474121094,54.79999923706055,54.29999923706055,54.79999923706055,43.785884857177734,1313520,0.0,0.0
2017-07-17 00:00:00-04:00,54.599998474121094,54.79999923706055,54.5,54.599998474121094,43.62608337402344,1016360,0.0,0.0
2017-07-18 00:00:00-04:00,54.5,54.70000076293945,53.900001525878906,54.099998474121094,43.22658157348633,1802000,0.0,0.0
2017-07-19 00:00:00-04:00,54.099998474121094,54.599998474121094,53.900001525878906,54.400001525878906,43.46628189086914,1580650,0.0,0.0
2017-07-20 00:00:00-04:00,54.400001525878906,54.900001525878906,54.29999923706055,54.70000076293945,43.70599365234375,1131830,0.0,0.0
2017-07-21 00:00:00-04:00,54.5,54.70000076293945,53.900001525878906,54.70000076293945,43.70599365234375,1695830,0.0,0.0
2017-07-24 00:00:00-04:00,54.70000076293945,54.79999923706055,53.70000076293945,53.79999923706055,42.98687744140625,2411220,0.0,0.0
2017-07-25 00:00:00-04:00,53.79999923706055,54.5,53.79999923706055,53.900001525878906,43.0667839050293,1808730,0.0,0.0
2017-07-26 00:00:00-04:00,54.20000076293945,54.900001525878906,53.900001525878906,53.900001525878906,43.0667839050293,3775640,0.0,0.0
2017-07-27 00:00:00-04:00,55.5,58.900001525878906,55.5,58.29999923706055,46.58243179321289,7317810,0.0,0.0
2017-07-28 00:00:00-04:00,57.79999923706055,58.70000076293945,57.5,58.099998474121094,46.42263412475586,2081800,0.0,0.0
2017-07-31 00:00:00-04:00,58.599998474121094,58.900001525878906,58.099998474121094,58.599998474121094,46.822147369384766,1652670,0.0,0.0
2017-08-01 00:00:00-04:00,58.900001525878906,58.900001525878906,57.20000076293945,57.900001525878906,46.2628288269043,2517820,0.0,0.0
2017-08-02 00:00:00-04:00,57.599998474121094,57.900001525878906,56.099998474121094,56.79999923706055,45.383907318115234,1843680,0.0,0.0
2017-08-03 00:00:00-04:00,56.599998474121094,57.400001525878906,56.29999923706055,56.400001525878906,45.064308166503906,1739220,0.0,0.0
2017-08-04 00:00:00-04:00,56.5,56.79999923706055,55.5,55.599998474121094,44.42509078979492,1892020,0.0,0.0
2017-08-07 00:00:00-04:00,55.5,56.099998474121094,55.5,56.0,44.74470138549805,1401710,0.0,0.0
2017-08-08 00:00:00-04:00,55.79999923706055,56.400001525878906,55.29999923706055,55.5,44.42451095581055,2164920,0.1,0.0
2017-08-09 00:00:00-04:00,55.29999923706055,55.79999923706055,54.79999923706055,55.5,44.42451095581055,1858430,0.0,0.0
2017-08-10 00:00:00-04:00,55.0,55.400001525878906,54.900001525878906,55.0,44.02429962158203,1700300,0.0,0.0
2017-08-11 00:00:00-04:00,54.70000076293945,56.099998474121094,54.599998474121094,55.70000076293945,44.58460998535156,1849250,0.0,0.0
2017-08-14 00:00:00-04:00,56.20000076293945,56.599998474121094,55.900001525878906,56.29999923706055,45.064884185791016,1479870,0.0,0.0
2017-08-15 00:00:00-04:00,56.20000076293945,56.400001525878906,55.20000076293945,56.0,44.824737548828125,2127750,0.0,0.0
2017-08-16 00:00:00-04:00,56.099998474121094,56.29999923706055,55.5,55.900001525878906,44.74470901489258,1122020,0.0,0.0
2017-08-17 00:00:00-04:00,55.599998474121094,55.79999923706055,54.70000076293945,54.79999923706055,43.86422348022461,1901240,0.0,0.0
2017-08-18 00:00:00-04:00,54.5,55.20000076293945,54.400001525878906,54.900001525878906,43.94425964355469,1253010,0.0,0.0
2017-08-21 00:00:00-04:00,54.900001525878906,55.29999923706055,54.70000076293945,55.20000076293945,44.18438720703125,1040930,0.0,0.0
2017-08-22 00:00:00-04:00,55.29999923706055,56.70000076293945,55.29999923706055,56.70000076293945,45.38506317138672,2352820,0.0,0.0
2017-08-23 00:00:00-04:00,56.29999923706055,56.599998474121094,55.599998474121094,55.599998474121094,44.50456619262695,1751640,0.0,0.0
2017-08-24 00:00:00-04:00,55.70000076293945,56.0,55.20000076293945,55.79999923706055,44.66464614868164,1133880,0.0,0.0
2017-08-25 00:00:00-04:00,55.900001525878906,56.20000076293945,55.599998474121094,55.79999923706055,44.66464614868164,1027070,0.0,0.0
2017-08-28 00:00:00-04:00,55.900001525878906,56.099998474121094,55.5,55.79999923706055,44.66464614868164,1028820,0.0,0.0
2017-08-29 00:00:00-04:00,55.400001525878906,56.29999923706055,55.20000076293945,56.29999923706055,45.064884185791016,1080080,0.0,0.0
2017-08-30 00:00:00-04:00,56.099998474121094,57.5,56.099998474121094,57.0,45.62519073486328,1658610,0.0,0.0
2017-08-31 00:00:00-04:00,57.099998474121094,57.5,56.79999923706055,57.5,46.025413513183594,1392030,0.0,0.0
2017-09-01 00:00:00-04:00,57.400001525878906,57.5,56.79999923706055,56.900001525878906,45.545135498046875,1301140,0.0,0.0
2017-09-05 00:00:00-04:00,56.79999923706055,57.0,55.70000076293945,55.900001525878906,44.74470901489258,1987580,0.0,0.0
2017-09-06 00:00:00-04:00,55.79999923706055,56.29999923706055,55.5,56.0,44.824737548828125,1472140,0.0,0.0
2017-09-07 00:00:00-04:00,56.0,56.29999923706055,55.099998474121094,55.5,44.42451095581055,1557250,0.0,0.0
2017-09-08 00:00:00-04:00,55.400001525878906,55.400001525878906,54.0,54.79999923706055,43.86422348022461,2480650,0.0,0.0
2017-09-11 00:00:00-04:00,55.20000076293945,55.400001525878906,54.599998474121094,55.29999923706055,44.264434814453125,1958810,0.0,0.0
2017-09-12 00:00:00-04:00,55.20000076293945,55.900001525878906,54.900001525878906,55.900001525878906,44.74470901489258,1914500,0.0,0.0
2017-09-13 00:00:00-04:00,55.70000076293945,55.79999923706055,53.70000076293945,54.20000076293945,43.383949279785156,2689670,0.0,0.0
2017-09-14 00:00:00-04:00,54.20000076293945,54.599998474121094,53.900001525878906,54.400001525878906,43.54404067993164,1679020,0.0,0.0
2017-09-15 00:00:00-04:00,54.29999923706055,55.099998474121094,54.20000076293945,55.099998474121094,44.10435104370117,3013650,0.0,0.0
2017-09-18 00:00:00-04:00,54.900001525878906,55.29999923706055,54.5,54.79999923706055,43.86422348022461,1802750,0.0,0.0
2017-09-19 00:00:00-04:00,54.70000076293945,55.099998474121094,54.599998474121094,54.70000076293945,43.78417205810547,1060540,0.0,0.0
2017-09-20 00:00:00-04:00,54.599998474121094,55.20000076293945,54.5,55.0,44.02429962158203,2028430,0.0,0.0
2017-09-21 00:00:00-04:00,54.900001525878906,55.29999923706055,54.70000076293945,54.900001525878906,43.94425964355469,736450,0.0,0.0
2017-09-22 00:00:00-04:00,54.70000076293945,55.400001525878906,54.70000076293945,55.400001525878906,44.34447479248047,828530,0.0,0.0
2017-09-25 00:00:00-04:00,55.29999923706055,55.5,54.900001525878906,55.0,44.02429962158203,1280680,0.0,0.0
2017-09-26 00:00:00-04:00,55.0,55.29999923706055,54.20000076293945,54.400001525878906,43.54404067993164,1411990,0.0,0.0
2017-09-27 00:00:00-04:00,54.70000076293945,55.400001525878906,54.5,55.29999923706055,44.264434814453125,1605290,0.0,0.0
2017-09-28 00:00:00-04:00,55.0,55.29999923706055,54.400001525878906,54.400001525878906,43.54404067993164,1171460,0.0,0.0
2017-09-29 00:00:00-04:00,54.599998474121094,55.70000076293945,54.5,55.20000076293945,44.18438720703125,1577530,0.0,0.0
2017-10-02 00:00:00-04:00,55.20000076293945,55.5,54.79999923706055,55.0,44.02429962158203,1604370,0.0,0.0
2017-10-03 00:00:00-04:00,55.0,56.0,55.0,56.0,44.824737548828125,1732700,0.0,0.0
2017-10-04 00:00:00-04:00,56.29999923706055,57.400001525878906,56.0,57.29999923706055,45.86532211303711,2247670,0.0,0.0
2017-10-05 00:00:00-04:00,57.099998474121094,57.900001525878906,57.0,57.400001525878906,45.94536590576172,1710000,0.0,0.0
2017-10-06 00:00:00-04:00,57.5,57.70000076293945,56.70000076293945,57.29999923706055,45.86532211303711,1078170,0.0,0.0
2017-10-09 00:00:00-04:00,57.400001525878906,57.79999923706055,57.099998474121094,57.20000076293945,45.78528594970703,719940,0.0,0.0
2017-10-10 00:00:00-04:00,57.20000076293945,57.29999923706055,56.5,56.5,45.22496795654297,1008470,0.0,0.0
2017-10-11 00:00:00-04:00,56.70000076293945,57.5,56.400001525878906,57.20000076293945,45.78528594970703,1416350,0.0,0.0
2017-10-12 00:00:00-04:00,57.29999923706055,57.79999923706055,56.400001525878906,57.099998474121094,45.705238342285156,2032760,0.0,0.0
2017-10-13 00:00:00-04:00,57.5,57.5,56.900001525878906,57.099998474121094,45.705238342285156,867570,0.0,0.0
2017-10-16 00:00:00-04:00,57.099998474121094,57.20000076293945,56.900001525878906,57.0,45.62519073486328,786610,0.0,0.0
2017-10-17 00:00:00-04:00,56.79999923706055,57.29999923706055,56.70000076293945,57.099998474121094,45.705238342285156,878660,0.0,0.0
2017-10-18 00:00:00-04:00,57.0,57.70000076293945,56.900001525878906,57.5,46.025413513183594,1145790,0.0,0.0
2017-10-19 00:00:00-04:00,57.20000076293945,57.599998474121094,57.0,57.400001525878906,45.94536590576172,877480,0.0,0.0
2017-10-20 00:00:00-04:00,57.79999923706055,57.79999923706055,57.29999923706055,57.599998474121094,46.105445861816406,828780,0.0,0.0
2017-10-23 00:00:00-04:00,57.70000076293945,57.79999923706055,56.79999923706055,57.0,45.62519073486328,2015130,0.0,0.0
2017-10-24 00:00:00-04:00,56.900001525878906,57.79999923706055,56.900001525878906,57.20000076293945,45.78528594970703,2715720,0.0,0.0
2017-10-25 00:00:00-04:00,56.599998474121094,57.0,54.599998474121094,55.599998474121094,44.50456619262695,2924800,0.0,0.0
2017-10-26 00:00:00-04:00,56.20000076293945,56.20000076293945,55.400001525878906,55.79999923706055,44.66464614868164,1287650,0.0,0.0
2017-10-27 00:00:00-04:00,55.5,55.599998474121094,54.400001525878906,55.400001525878906,44.34447479248047,3051630,0.0,0.0
2017-10-30 00:00:00-04:00,55.29999923706055,55.599998474121094,54.599998474121094,55.099998474121094,44.10435104370117,1966090,0.0,0.0
2017-10-31 00:00:00-04:00,55.20000076293945,55.20000076293945,54.29999923706055,54.400001525878906,43.54404067993164,1951130,0.0,0.0
2017-11-01 00:00:00-04:00,54.70000076293945,55.20000076293945,53.79999923706055,54.400001525878906,43.54404067993164,2313860,0.0,0.0
2017-11-02 00:00:00-04:00,54.099998474121094,54.29999923706055,53.0,53.400001525878906,42.74359893798828,2063940,0.0,0.0
2017-11-03 00:00:00-04:00,53.0,53.400001525878906,52.599998474121094,53.0,42.423423767089844,1673310,0.0,0.0
2017-11-06 00:00:00-05:00,52.900001525878906,54.0,52.900001525878906,53.5,42.82364273071289,1242810,0.0,0.0
2017-11-07 00:00:00-05:00,53.5,54.0,53.099998474121094,53.400001525878906,42.74359893798828,1281270,0.0,0.0
2017-11-08 00:00:00-05:00,53.099998474121094,53.79999923706055,53.099998474121094,53.599998474121094,42.992252349853516,1584380,0.11,0.0
2017-11-09 00:00:00-05:00,53.400001525878906,54.0,52.79999923706055,53.099998474121094,42.591190338134766,1519040,0.0,0.0
2017-11-10 00:00:00-05:00,52.79999923706055,54.099998474121094,52.79999923706055,53.400001525878906,42.831825256347656,1867150,0.0,0.0
2017-11-13 00:00:00-05:00,53.20000076293945,55.0,53.20000076293945,55.0,44.115177154541016,2464700,0.0,0.0
2017-11-14 00:00:00-05:00,54.79999923706055,54.900001525878906,53.0,53.5,42.912044525146484,2392700,0.0,0.0
2017-11-15 00:00:00-05:00,53.5,53.900001525878906,53.0,53.79999923706055,43.15266418457031,1449770,0.0,0.0
2017-11-16 00:00:00-05:00,53.599998474121094,54.400001525878906,53.5,54.0,43.313087463378906,1704710,0.0,0.0
2017-11-17 00:00:00-05:00,54.20000076293945,54.900001525878906,53.79999923706055,54.599998474121094,43.794342041015625,1191590,0.0,0.0
2017-11-20 00:00:00-05:00,54.70000076293945,54.900001525878906,54.20000076293945,54.29999923706055,43.5537109375,1153780,0.0,0.0
2017-11-21 00:00:00-05:00,54.599998474121094,55.099998474121094,54.5,54.599998474121094,43.794342041015625,1326530,0.0,0.0
2017-11-22 00:00:00-05:00,54.599998474121094,54.900001525878906,54.20000076293945,54.400001525878906,43.63391876220703,1409120,0.0,0.0
2017-11-24 00:00:00-05:00,54.29999923706055,54.70000076293945,54.20000076293945,54.400001525878906,43.63391876220703,784420,0.0,0.0
2017-11-27 00:00:00-05:00,54.099998474121094,54.70000076293945,54.0,54.400001525878906,43.63391876220703,1589110,0.0,0.0
2017-11-28 00:00:00-05:00,54.29999923706055,54.5,54.0,54.29999923706055,43.5537109375,1512430,0.0,0.0
2017-11-29 00:00:00-05:00,54.29999923706055,55.5,54.29999923706055,54.79999923706055,43.95476150512695,1920410,0.0,0.0
2017-11-30 00:00:00-05:00,54.5,55.5,54.400001525878906,55.0,44.115177154541016,1593030,0.0,0.0
2017-12-01 00:00:00-05:00,54.599998474121094,55.70000076293945,54.5,55.400001525878906,44.43601608276367,2230030,0.0,0.0
2017-12-04 00:00:00-05:00,55.400001525878906,56.70000076293945,55.29999923706055,56.099998474121094,44.99748611450195,2040960,0.0,0.0
2017-12-05 00:00:00-05:00,56.20000076293945,57.400001525878906,56.0,57.400001525878906,46.04020690917969,2612640,0.0,0.0
2017-12-06 00:00:00-05:00,57.29999923706055,57.400001525878906,55.70000076293945,56.0,44.91727066040039,2114720,0.0,0.0
2017-12-07 00:00:00-05:00,55.900001525878906,57.0,55.70000076293945,56.29999923706055,45.15790557861328,1785480,0.0,0.0
2017-12-08 00:00:00-05:00,56.79999923706055,56.900001525878906,56.20000076293945,56.400001525878906,45.23810577392578,1049730,0.0,0.0
2017-12-11 00:00:00-05:00,56.400001525878906,56.70000076293945,56.099998474121094,56.400001525878906,45.23810577392578,1517300,0.0,0.0
2017-12-12 00:00:00-05:00,56.400001525878906,57.20000076293945,56.20000076293945,56.900001525878906,45.63915252685547,1256860,0.0,0.0
2017-12-13 00:00:00-05:00,56.900001525878906,57.29999923706055,56.79999923706055,56.900001525878906,45.63915252685547,1331950,0.0,0.0
2017-12-14 00:00:00-05:00,56.900001525878906,57.400001525878906,56.599998474121094,56.599998474121094,45.39851760864258,1349130,0.0,0.0
2017-12-15 00:00:00-05:00,57.0,57.099998474121094,52.0,53.70000076293945,43.07246398925781,9598490,0.0,0.0
2017-12-18 00:00:00-05:00,53.099998474121094,54.79999923706055,53.099998474121094,54.29999923706055,43.5537109375,3260520,0.0,0.0
2017-12-19 00:00:00-05:00,54.20000076293945,54.5,53.20000076293945,53.20000076293945,42.67140197753906,2241400,0.0,0.0
2017-12-20 00:00:00-05:00,53.29999923706055,53.5,52.5,52.599998474121094,42.19015121459961,1958050,0.0,0.0
2017-12-21 00:00:00-05:00,52.599998474121094,53.0,52.400001525878906,52.70000076293945,42.270355224609375,2497010,0.0,0.0
2017-12-22 00:00:00-05:00,52.599998474121094,53.79999923706055,52.599998474121094,53.70000076293945,43.07246398925781,1524750,0.0,0.0
2017-12-26 00:00:00-05:00,53.5,55.099998474121094,53.5,54.20000076293945,43.47349548339844,1467740,0.0,0.0
2017-12-27 00:00:00-05:00,54.20000076293945,54.400001525878906,53.79999923706055,53.900001525878906,43.23287582397461,956590,0.0,0.0
2017-12-28 00:00:00-05:00,53.900001525878906,54.0,53.400001525878906,53.79999923706055,43.15266418457031,860060,0.0,0.0
2017-12-29 00:00:00-05:00,53.70000076293945,54.20000076293945,53.5,53.599998474121094,42.992252349853516,1063540,0.0,0.0
2018-01-02 00:00:00-05:00,52.70000076293945,53.099998474121094,51.900001525878906,52.099998474121094,41.789100646972656,3056810,0.0,0.0
2018-01-03 00:00:00-05:00,51.900001525878906,52.79999923706055,51.70000076293945,52.099998474121094,41.789100646972656,2896450,0.0,0.0
2018-01-04 00:00:00-05:00,52.099998474121094,53.599998474121094,52.099998474121094,53.099998474121094,42.591190338134766,2700200,0.0,0.0
2018-01-05 00:00:00-05:00,53.29999923706055,53.5,52.70000076293945,53.29999923706055,42.751609802246094,1729000,0.0,0.0
2018-01-08 00:00:00-05:00,52.900001525878906,53.5,52.900001525878906,53.099998474121094,42.591190338134766,1632840,0.0,0.0
2018-01-09 00:00:00-05:00,53.29999923706055,53.900001525878906,53.0,53.099998474121094,42.591190338134766,1941030,0.0,0.0
2018-01-10 00:00:00-05:00,53.5,55.79999923706055,53.5,55.599998474121094,44.596435546875,5459510,0.0,0.0
2018-01-11 00:00:00-05:00,55.70000076293945,55.900001525878906,54.5,55.0,44.115177154541016,2497330,0.0,0.0
2018-01-12 00:00:00-05:00,55.099998474121094,55.20000076293945,54.70000076293945,54.79999923706055,43.95476150512695,1577950,0.0,0.0
2018-01-16 00:00:00-05:00,54.900001525878906,54.900001525878906,53.70000076293945,53.79999923706055,43.15266418457031,2069250,0.0,0.0
2018-01-17 00:00:00-05:00,54.099998474121094,55.0,54.0,54.400001525878906,43.63391876220703,1909250,0.0,0.0
2018-01-18 00:00:00-05:00,54.20000076293945,55.400001525878906,54.099998474121094,54.70000076293945,43.87454605102539,1348630,0.0,0.0
2018-01-19 00:00:00-05:00,55.599998474121094,56.400001525878906,55.099998474121094,56.0,44.91727066040039,2632990,0.0,0.0
2018-01-22 00:00:00-05:00,55.5,57.29999923706055,55.400001525878906,56.5,45.318321228027344,2159430,0.0,0.0
2018-01-23 00:00:00-05:00,56.20000076293945,56.900001525878906,55.79999923706055,56.79999923706055,45.5589485168457,1849940,0.0,0.0
2018-01-24 00:00:00-05:00,57.29999923706055,57.599998474121094,56.900001525878906,57.29999923706055,45.96000289916992,2093510,0.0,0.0
2018-01-25 00:00:00-05:00,57.599998474121094,58.20000076293945,57.400001525878906,57.70000076293945,46.28083038330078,1885140,0.0,0.0
2018-01-26 00:00:00-05:00,57.70000076293945,62.79999923706055,57.599998474121094,59.79999923706055,47.96523666381836,4259860,0.0,0.0
2018-01-29 00:00:00-05:00,60.70000076293945,60.79999923706055,59.099998474121094,59.79999923706055,47.96523666381836,3492330,0.0,0.0
2018-01-30 00:00:00-05:00,59.900001525878906,60.400001525878906,59.0,59.5,47.724605560302734,2555140,0.0,0.0
2018-01-31 00:00:00-05:00,58.900001525878906,61.400001525878906,58.5,61.099998474121094,49.00794982910156,2961660,0.0,0.0
2018-02-01 00:00:00-05:00,60.20000076293945,61.79999923706055,60.20000076293945,61.099998474121094,49.00794982910156,1769320,0.0,0.0
2018-02-02 00:00:00-05:00,61.0,62.20000076293945,60.900001525878906,61.099998474121094,49.00794982910156,2062630,0.0,0.0
2018-02-05 00:00:00-05:00,61.29999923706055,62.70000076293945,60.20000076293945,60.20000076293945,48.28606414794922,3000440,0.0,0.0
2018-02-06 00:00:00-05:00,59.70000076293945,61.0,58.79999923706055,60.5,48.61553955078125,3504550,0.11,0.0
2018-02-07 00:00:00-05:00,60.0,61.0,59.70000076293945,60.0,48.2137565612793,2311660,0.0,0.0
2018-02-08 00:00:00-05:00,59.900001525878906,60.099998474121094,58.400001525878906,58.5,47.00840759277344,2894310,0.0,0.0
2018-02-09 00:00:00-05:00,58.70000076293945,59.0,56.79999923706055,58.20000076293945,46.76731872558594,3365800,0.0,0.0
2018-02-12 00:00:00-05:00,58.0,59.29999923706055,57.599998474121094,58.5,47.00840759277344,1582780,0.0,0.0
2018-02-13 00:00:00-05:00,58.099998474121094,60.0,58.099998474121094,59.599998474121094,47.89232635498047,1702420,0.0,0.0
2018-02-14 00:00:00-05:00,59.5,61.099998474121094,59.099998474121094,60.900001525878906,48.93695831298828,1905380,0.0,0.0
2018-02-15 00:00:00-05:00,60.70000076293945,62.29999923706055,60.599998474121094,61.5,49.41908645629883,2345000,0.0,0.0
2018-02-16 00:00:00-05:00,61.900001525878906,62.0,60.79999923706055,61.099998474121094,49.09766387939453,2461550,0.0,0.0
2018-02-20 00:00:00-05:00,61.099998474121094,61.29999923706055,60.5,61.099998474121094,49.09766387939453,1187790,0.0,0.0
2018-02-21 00:00:00-05:00,61.29999923706055,62.20000076293945,61.099998474121094,61.29999923706055,49.25837326049805,2061120,0.0,0.0
2018-02-22 00:00:00-05:00,61.400001525878906,62.70000076293945,61.29999923706055,61.5,49.41908645629883,2471610,0.0,0.0
2018-02-23 00:00:00-05:00,62.0,63.0,61.599998474121094,62.70000076293945,50.383365631103516,1532050,0.0,0.0
2018-02-26 00:00:00-05:00,62.900001525878906,63.599998474121094,62.70000076293945,63.29999923706055,50.865509033203125,1982060,0.0,0.0
2018-02-27 00:00:00-05:00,63.400001525878906,63.79999923706055,62.70000076293945,62.900001525878906,50.54408645629883,1866880,0.0,0.0
2018-02-28 00:00:00-05:00,63.20000076293945,63.5,62.70000076293945,62.79999923706055,50.46372985839844,1664360,0.0,0.0
2018-03-01 00:00:00-05:00,62.0,63.79999923706055,61.79999923706055,62.900001525878906,50.54408645629883,3637140,0.0,0.0
2018-03-02 00:00:00-05:00,62.29999923706055,63.20000076293945,62.099998474121094,63.0,50.62443923950195,2237060,0.0,0.0
2018-03-05 00:00:00-05:00,62.599998474121094,63.5,62.400001525878906,63.20000076293945,50.7851448059082,1271550,0.0,0.0
2018-03-06 00:00:00-05:00,63.5,63.79999923706055,62.70000076293945,63.599998474121094,51.106571197509766,1561420,0.0,0.0
2018-03-07 00:00:00-05:00,63.70000076293945,65.4000015258789,63.29999923706055,64.69999694824219,51.99048614501953,2025860,0.0,0.0
2018-03-08 00:00:00-05:00,65.0,65.0999984741211,64.4000015258789,64.80000305175781,52.07085418701172,1121430,0.0,0.0
2018-03-09 00:00:00-05:00,64.80000305175781,65.5,64.69999694824219,65.4000015258789,52.552982330322266,1237500,0.0,0.0
2018-03-12 00:00:00-04:00,65.4000015258789,66.0999984741211,64.9000015258789,66.0,53.035133361816406,1300900,0.0,0.0
2018-03-13 00:00:00-04:00,65.4000015258789,66.0999984741211,65.0999984741211,65.30000305175781,52.47262954711914,1330100,0.0,0.0
2018-03-14 00:00:00-04:00,65.5999984741211,65.5999984741211,64.0,64.80000305175781,52.07085418701172,2229280,0.0,0.0
2018-03-15 00:00:00-04:00,64.9000015258789,65.0,63.900001525878906,64.0,51.42800521850586,1232920,0.0,0.0
2018-03-16 00:00:00-04:00,64.5999984741211,64.9000015258789,64.0999984741211,64.80000305175781,52.07085418701172,2132690,0.0,0.0
2018-03-19 00:00:00-04:00,64.5,64.5,63.0,63.400001525878906,50.945865631103516,1584550,0.0,0.0
2018-03-20 00:00:00-04:00,63.400001525878906,63.79999923706055,63.099998474121094,63.20000076293945,50.7851448059082,1241140,0.0,0.0
2018-03-21 00:00:00-04:00,63.20000076293945,64.30000305175781,63.20000076293945,63.70000076293945,51.186927795410156,1509470,0.0,0.0
2018-03-22 00:00:00-04:00,62.400001525878906,63.400001525878906,62.400001525878906,62.599998474121094,50.30301284790039,1437110,0.0,0.0
2018-03-23 00:00:00-04:00,62.599998474121094,63.29999923706055,61.70000076293945,61.70000076293945,49.57980728149414,1738060,0.0,0.0
2018-03-26 00:00:00-04:00,62.70000076293945,63.20000076293945,62.0,63.20000076293945,50.7851448059082,1623400,0.0,0.0
2018-03-27 00:00:00-04:00,63.5,63.70000076293945,61.599998474121094,62.0,49.82088088989258,1967520,0.0,0.0
2018-03-28 00:00:00-04:00,62.20000076293945,62.70000076293945,61.599998474121094,61.79999923706055,49.660152435302734,1676870,0.0,0.0
2018-03-29 00:00:00-04:00,62.099998474121094,63.20000076293945,62.0,62.400001525878906,50.14229202270508,1810630,0.0,0.0
2018-04-02 00:00:00-04:00,62.099998474121094,62.599998474121094,60.79999923706055,61.099998474121094,49.09766387939453,1668270,0.0,0.0
2018-04-03 00:00:00-04:00,61.20000076293945,62.29999923706055,61.20000076293945,61.599998474121094,49.499446868896484,1454220,0.0,0.0
2018-04-04 00:00:00-04:00,61.400001525878906,63.29999923706055,61.20000076293945,62.900001525878906,50.54408645629883,1606010,0.0,0.0
2018-04-05 00:00:00-04:00,63.20000076293945,63.599998474121094,62.79999923706055,63.099998474121094,50.70479202270508,978180,0.0,0.0
2018-04-06 00:00:00-04:00,62.70000076293945,63.400001525878906,62.099998474121094,62.599998474121094,50.30301284790039,1579080,0.0,0.0
2018-04-09 00:00:00-04:00,62.900001525878906,63.5,62.400001525878906,62.599998474121094,50.30301284790039,1452930,0.0,0.0
2018-04-10 00:00:00-04:00,63.20000076293945,63.400001525878906,62.5,62.70000076293945,50.383365631103516,1804020,0.0,0.0
2018-04-11 00:00:00-04:00,62.70000076293945,63.0,62.29999923706055,62.5,50.22265625,1190370,0.0,0.0
2018-04-12 00:00:00-04:00,62.599998474121094,63.099998474121094,62.099998474121094,62.29999923706055,50.061946868896484,1160920,0.0,0.0
2018-04-13 00:00:00-04:00,62.29999923706055,62.79999923706055,61.599998474121094,61.900001525878906,49.740516662597656,1299760,0.0,0.0
2018-04-16 00:00:00-04:00,62.0,62.099998474121094,61.20000076293945,61.70000076293945,49.57980728149414,1496610,0.0,0.0
2018-04-17 00:00:00-04:00,62.20000076293945,63.0,61.900001525878906,62.5,50.22265625,1328290,0.0,0.0
2018-04-18 00:00:00-04:00,62.5,63.599998474121094,62.5,63.599998474121094,51.106571197509766,970880,0.0,0.0
2018-04-19 00:00:00-04:00,63.29999923706055,65.0,62.79999923706055,63.400001525878906,50.945865631103516,1987100,0.0,0.0
2018-04-20 00:00:00-04:00,63.5,63.70000076293945,62.79999923706055,63.099998474121094,50.70479202270508,1404540,0.0,0.0
2018-04-23 00:00:00-04:00,63.099998474121094,63.599998474121094,62.79999923706055,63.29999923706055,50.865509033203125,1657200,0.0,0.0
2018-04-24 00:00:00-04:00,63.20000076293945,64.0,62.599998474121094,62.70000076293945,50.383365631103516,2499410,0.0,0.0
2018-04-25 00:00:00-04:00,63.0,63.29999923706055,62.0,62.5,50.22265625,2101520,0.0,0.0
2018-04-26 00:00:00-04:00,62.79999923706055,63.79999923706055,62.400001525878906,63.099998474121094,50.70479202270508,1457680,0.0,0.0
2018-04-27 00:00:00-04:00,63.099998474121094,64.0,62.70000076293945,63.0,50.62443923950195,1461990,0.0,0.0
2018-04-30 00:00:00-04:00,63.400001525878906,63.79999923706055,62.79999923706055,63.29999923706055,50.865509033203125,1094970,0.0,0.0
2018-05-01 00:00:00-04:00,63.400001525878906,63.400001525878906,62.099998474121094,63.20000076293945,50.7851448059082,1135780,0.0,0.0
2018-05-02 00:00:00-04:00,63.20000076293945,64.0,63.0,63.20000076293945,50.7851448059082,1529830,0.0,0.0
2018-05-03 00:00:00-04:00,63.099998474121094,65.4000015258789,63.099998474121094,65.0,52.23155975341797,2511490,0.0,0.0
2018-05-04 00:00:00-04:00,64.5,67.19999694824219,64.4000015258789,66.69999694824219,53.59761047363281,3070680,0.0,0.0
2018-05-07 00:00:00-04:00,66.5999984741211,67.5,66.4000015258789,67.0999984741211,53.91903305053711,1836800,0.0,0.0
2018-05-08 00:00:00-04:00,66.80000305175781,67.0,65.5999984741211,66.30000305175781,53.27619171142578,1663400,0.0,0.0
2018-05-09 00:00:00-04:00,66.5,67.80000305175781,65.80000305175781,67.69999694824219,54.49159240722656,1956690,0.11,0.0
2018-05-10 00:00:00-04:00,67.69999694824219,69.19999694824219,67.5999984741211,68.19999694824219,54.89402389526367,1859630,0.0,0.0
2018-05-11 00:00:00-04:00,68.30000305175781,68.80000305175781,67.69999694824219,67.9000015258789,54.6525764465332,1145990,0.0,0.0
2018-05-14 00:00:00-04:00,67.80000305175781,69.0,67.80000305175781,68.5,55.13551330566406,962510,0.0,0.0
2018-05-15 00:00:00-04:00,68.0999984741211,69.0,67.80000305175781,68.69999694824219,55.29648971557617,1363990,0.0,0.0
2018-05-16 00:00:00-04:00,69.0,70.0999984741211,68.30000305175781,69.30000305175781,55.779441833496094,2133610,0.0,0.0
2018-05-17 00:00:00-04:00,69.30000305175781,70.0999984741211,68.69999694824219,68.9000015258789,55.45745849609375,1419300,0.0,0.0
2018-05-18 00:00:00-04:00,69.30000305175781,69.9000015258789,69.0,69.69999694824219,56.10137939453125,1549900,0.0,0.0
2018-05-21 00:00:00-04:00,69.9000015258789,70.30000305175781,69.0999984741211,70.0,56.34284210205078,1226680,0.0,0.0
2018-05-22 00:00:00-04:00,70.30000305175781,70.80000305175781,69.30000305175781,69.4000015258789,55.85989761352539,1459880,0.0,0.0
2018-05-23 00:00:00-04:00,69.0999984741211,69.5999984741211,69.0,69.30000305175781,55.779441833496094,1258660,0.0,0.0
2018-05-24 00:00:00-04:00,69.5,69.80000305175781,68.5,69.19999694824219,55.69894027709961,1236180,0.0,0.0
2018-05-25 00:00:00-04:00,69.19999694824219,69.69999694824219,69.0999984741211,69.5,55.94041442871094,811870,0.0,0.0
2018-05-29 00:00:00-04:00,69.30000305175781,70.0,69.19999694824219,69.80000305175781,56.181861877441406,1131390,0.0,0.0
2018-05-30 00:00:00-04:00,70.0999984741211,71.5,69.5999984741211,71.19999694824219,57.30873489379883,2589150,0.0,0.0
2018-05-31 00:00:00-04:00,71.5,72.30000305175781,70.80000305175781,71.0,57.147743225097656,3517700,0.0,0.0
2018-06-01 00:00:00-04:00,71.30000305175781,71.4000015258789,70.5,70.69999694824219,56.90626907348633,1553450,0.0,0.0
2018-06-04 00:00:00-04:00,70.80000305175781,71.30000305175781,70.30000305175781,71.0,57.147743225097656,1396030,0.0,0.0
2018-06-05 00:00:00-04:00,71.0999984741211,71.30000305175781,70.30000305175781,70.5999984741211,56.82579040527344,1267240,0.0,0.0
2018-06-06 00:00:00-04:00,70.5,72.0,70.30000305175781,71.5,57.550201416015625,1332560,0.0,0.0
2018-06-07 00:00:00-04:00,71.69999694824219,72.30000305175781,71.30000305175781,71.80000305175781,57.79167556762695,1048360,0.0,0.0
2018-06-08 00:00:00-04:00,71.9000015258789,72.4000015258789,71.0999984741211,72.4000015258789,58.27461624145508,931990,0.0,0.0
2018-06-11 00:00:00-04:00,72.30000305175781,73.30000305175781,72.0999984741211,72.19999694824219,58.11363220214844,1228930,0.0,0.0
2018-06-12 00:00:00-04:00,72.5,73.5,72.19999694824219,72.69999694824219,58.516082763671875,1298900,0.0,0.0
2018-06-13 00:00:00-04:00,73.0,73.69999694824219,72.69999694824219,73.0999984741211,58.83802795410156,1242800,0.0,0.0
2018-06-14 00:00:00-04:00,73.5,74.19999694824219,73.19999694824219,73.80000305175781,59.4014778137207,1497470,0.0,0.0
2018-06-15 00:00:00-04:00,74.5,75.9000015258789,73.80000305175781,75.80000305175781,61.01127243041992,2955840,0.0,0.0
2018-06-18 00:00:00-04:00,76.0,77.0,75.4000015258789,76.4000015258789,61.49421310424805,1653140,0.0,0.0
2018-06-19 00:00:00-04:00,75.4000015258789,75.69999694824219,74.0999984741211,74.69999694824219,60.12586212158203,2385570,0.0,0.0
2018-06-20 00:00:00-04:00,74.69999694824219,75.19999694824219,74.0999984741211,75.0999984741211,60.44784927368164,1301000,0.0,0.0
2018-06-21 00:00:00-04:00,72.80000305175781,73.0,70.4000015258789,71.5999984741211,57.630699157714844,3053720,0.0,0.0
2018-06-22 00:00:00-04:00,72.0,72.4000015258789,71.30000305175781,71.4000015258789,57.46969985961914,3109910,0.0,0.0
2018-06-25 00:00:00-04:00,71.5,71.9000015258789,70.0999984741211,70.5999984741211,56.82579040527344,1986420,0.0,0.0
2018-06-26 00:00:00-04:00,68.80000305175781,69.80000305175781,66.19999694824219,69.19999694824219,55.69894027709961,2965650,0.0,0.0
2018-06-27 00:00:00-04:00,68.9000015258789,69.0,66.0999984741211,66.5,53.52571487426758,4154110,0.0,0.0
2018-06-28 00:00:00-04:00,66.9000015258789,68.30000305175781,66.19999694824219,68.19999694824219,54.89402389526367,3841740,0.0,0.0
2018-06-29 00:00:00-04:00,69.19999694824219,69.19999694824219,67.69999694824219,67.69999694824219,54.49159240722656,1798670,0.0,0.0
2018-07-02 00:00:00-04:00,67.5,68.4000015258789,67.19999694824219,68.19999694824219,54.89402389526367,1117370,0.0,0.0
2018-07-03 00:00:00-04:00,68.9000015258789,69.4000015258789,67.5,67.5,54.33061981201172,943160,0.0,0.0
2018-07-05 00:00:00-04:00,67.9000015258789,69.5999984741211,67.4000015258789,69.0,55.537967681884766,1398720,0.0,0.0
2018-07-06 00:00:00-04:00,68.80000305175781,70.0,68.69999694824219,70.0,56.34284210205078,953090,0.0,0.0
2018-07-09 00:00:00-04:00,70.5,70.5999984741211,69.5999984741211,70.4000015258789,56.66481018066406,1253940,0.0,0.0
2018-07-10 00:00:00-04:00,70.5999984741211,70.80000305175781,69.4000015258789,70.19999694824219,56.50384521484375,1197260,0.0,0.0
2018-07-11 00:00:00-04:00,70.30000305175781,70.9000015258789,69.80000305175781,70.5,56.74530029296875,1256680,0.0,0.0
2018-07-12 00:00:00-04:00,70.5,71.0999984741211,70.19999694824219,71.0999984741211,57.22823715209961,1103430,0.0,0.0
2018-07-13 00:00:00-04:00,71.19999694824219,71.5,70.5,71.0,57.147743225097656,898620,0.0,0.0
2018-07-16 00:00:00-04:00,71.0,71.30000305175781,70.0999984741211,70.4000015258789,56.66481018066406,1046860,0.0,0.0
2018-07-17 00:00:00-04:00,70.0,71.0,69.9000015258789,70.69999694824219,56.90626907348633,1096590,0.0,0.0
2018-07-18 00:00:00-04:00,70.80000305175781,72.5,70.5999984741211,71.30000305175781,57.38921356201172,1475190,0.0,0.0
2018-07-19 00:00:00-04:00,71.0999984741211,71.80000305175781,70.9000015258789,71.4000015258789,57.46969985961914,1265310,0.0,0.0
2018-07-20 00:00:00-04:00,71.5,71.5,70.69999694824219,71.0999984741211,57.22823715209961,1154780,0.0,0.0
2018-07-23 00:00:00-04:00,70.69999694824219,71.4000015258789,70.69999694824219,71.19999694824219,57.30873489379883,848020,0.0,0.0
2018-07-24 00:00:00-04:00,71.5,71.69999694824219,69.69999694824219,69.80000305175781,56.181861877441406,1735460,0.0,0.0
2018-07-25 00:00:00-04:00,71.0,72.0,70.5999984741211,71.4000015258789,57.46969985961914,1615190,0.0,0.0
2018-07-26 00:00:00-04:00,71.80000305175781,72.9000015258789,71.30000305175781,72.0,57.95264434814453,1391570,0.0,0.0
2018-07-27 00:00:00-04:00,72.30000305175781,72.5999984741211,70.4000015258789,70.80000305175781,56.98677062988281,1599820,0.0,0.0
2018-07-30 00:00:00-04:00,70.69999694824219,71.0999984741211,69.4000015258789,69.9000015258789,56.26235580444336,1454940,0.0,0.0
2018-07-31 00:00:00-04:00,70.0,70.9000015258789,70.0,70.19999694824219,56.50384521484375,1397190,0.0,0.0
2018-08-01 00:00:00-04:00,69.9000015258789,70.4000015258789,68.4000015258789,68.5999984741211,55.21598434448242,1791980,0.0,0.0
2018-08-02 00:00:00-04:00,68.19999694824219,69.69999694824219,68.0999984741211,69.5999984741211,56.020904541015625,1410500,0.0,0.0
2018-08-03 00:00:00-04:00,69.4000015258789,70.0999984741211,68.5,68.69999694824219,55.29648971557617,1463160,0.0,0.0
2018-08-06 00:00:00-04:00,68.4000015258789,69.4000015258789,68.4000015258789,68.9000015258789,55.45745849609375,1924940,0.0,0.0
2018-08-07 00:00:00-04:00,68.80000305175781,69.69999694824219,68.5,68.5999984741211,55.21598434448242,1263600,0.0,0.0
2018-08-08 00:00:00-04:00,68.5999984741211,69.5999984741211,68.5999984741211,69.5,55.94041442871094,1284990,0.0,0.0
2018-08-09 00:00:00-04:00,69.5,70.5,69.30000305175781,70.0,56.43216323852539,1296500,0.11,0.0
2018-08-10 00:00:00-04:00,69.5999984741211,70.30000305175781,69.0,69.5999984741211,56.109710693359375,978700,0.0,0.0
2018-08-13 00:00:00-04:00,69.5999984741211,70.0,69.4000015258789,69.5,56.02909469604492,998120,0.0,0.0
2018-08-14 00:00:00-04:00,69.5,70.0999984741211,69.5,69.5999984741211,56.109710693359375,1132000,0.0,0.0
2018-08-15 00:00:00-04:00,69.4000015258789,69.5999984741211,68.4000015258789,69.0,55.62601089477539,1226090,0.0,0.0
2018-08-16 00:00:00-04:00,69.30000305175781,70.0999984741211,69.30000305175781,69.4000015258789,55.94845962524414,958120,0.0,0.0
2018-08-17 00:00:00-04:00,69.4000015258789,70.19999694824219,69.0999984741211,69.69999694824219,56.1903076171875,1145440,0.0,0.0
2018-08-20 00:00:00-04:00,69.9000015258789,70.0999984741211,69.4000015258789,69.5,56.02909469604492,980220,0.0,0.0
2018-08-21 00:00:00-04:00,69.80000305175781,69.9000015258789,69.4000015258789,69.4000015258789,55.94845962524414,1578820,0.0,0.0
2018-08-22 00:00:00-04:00,69.5,70.0,69.4000015258789,70.0,56.43216323852539,995050,0.0,0.0
2018-08-23 00:00:00-04:00,69.80000305175781,70.0,69.0,69.0,55.62601089477539,923330,0.0,0.0
2018-08-24 00:00:00-04:00,69.0999984741211,70.0,69.0,69.5999984741211,56.109710693359375,1137000,0.0,0.0
2018-08-27 00:00:00-04:00,69.5999984741211,70.69999694824219,69.5,70.19999694824219,56.593421936035156,1324540,0.0,0.0
2018-08-28 00:00:00-04:00,70.0999984741211,70.5,69.69999694824219,70.0,56.43216323852539,1049110,0.0,0.0
2018-08-29 00:00:00-04:00,69.9000015258789,71.0999984741211,69.9000015258789,71.0,57.238338470458984,1045160,0.0,0.0
2018-08-30 00:00:00-04:00,70.9000015258789,71.0999984741211,70.4000015258789,70.5999984741211,56.915870666503906,1058100,0.0,0.0
2018-08-31 00:00:00-04:00,70.4000015258789,71.0999984741211,70.30000305175781,71.0,57.238338470458984,1243960,0.0,0.0
2018-09-04 00:00:00-04:00,70.69999694824219,71.9000015258789,70.30000305175781,71.5,57.64142990112305,1333790,0.0,0.0
2018-09-05 00:00:00-04:00,71.5,71.5999984741211,70.0,70.0,56.43216323852539,2067110,0.0,0.0
2018-09-06 00:00:00-04:00,69.9000015258789,70.69999694824219,69.5999984741211,70.19999694824219,56.593421936035156,1368040,0.0,0.0
2018-09-07 00:00:00-04:00,69.9000015258789,70.80000305175781,69.5999984741211,69.80000305175781,56.27092742919922,1603950,0.0,0.0
2018-09-10 00:00:00-04:00,70.0,71.5,69.9000015258789,71.4000015258789,57.5608024597168,1152720,0.0,0.0
2018-09-11 00:00:00-04:00,71.0999984741211,72.4000015258789,71.0,71.80000305175781,57.88328552246094,1585560,0.0,0.0
2018-09-12 00:00:00-04:00,71.80000305175781,71.9000015258789,71.0999984741211,71.19999694824219,57.399574279785156,1522300,0.0,0.0
2018-09-13 00:00:00-04:00,71.5,72.5,71.30000305175781,71.9000015258789,57.96391296386719,1187650,0.0,0.0
2018-09-14 00:00:00-04:00,72.0999984741211,72.30000305175781,71.30000305175781,71.30000305175781,57.48019790649414,1407360,0.0,0.0
2018-09-17 00:00:00-04:00,71.4000015258789,71.5,70.30000305175781,70.5999984741211,56.915870666503906,1540570,0.0,0.0
2018-09-18 00:00:00-04:00,70.9000015258789,71.4000015258789,70.4000015258789,70.4000015258789,56.754642486572266,2355780,0.0,0.0
2018-09-19 00:00:00-04:00,70.5,70.9000015258789,69.5,70.0,56.43216323852539,1902380,0.0,0.0
2018-09-20 00:00:00-04:00,70.19999694824219,70.5,69.80000305175781,70.0999984741211,56.51278305053711,1638120,0.0,0.0
2018-09-21 00:00:00-04:00,70.19999694824219,70.4000015258789,69.5,69.80000305175781,56.27092742919922,3002840,0.0,0.0
2018-09-24 00:00:00-04:00,66.9000015258789,68.19999694824219,62.29999923706055,62.599998474121094,50.46648406982422,11148540,0.0,0.0
2018-09-25 00:00:00-04:00,63.599998474121094,63.599998474121094,61.599998474121094,62.70000076293945,50.54711151123047,4290080,0.0,0.0
2018-09-26 00:00:00-04:00,62.79999923706055,64.9000015258789,62.599998474121094,63.79999923706055,51.43389129638672,4916020,0.0,0.0
2018-09-27 00:00:00-04:00,63.79999923706055,64.0999984741211,63.20000076293945,63.599998474121094,51.27265167236328,2877320,0.0,0.0
2018-09-28 00:00:00-04:00,63.70000076293945,64.0,63.099998474121094,63.20000076293945,50.950191497802734,3396670,0.0,0.0
2018-10-01 00:00:00-04:00,63.400001525878906,63.599998474121094,62.29999923706055,63.0,50.7889518737793,2502190,0.0,0.0
2018-10-02 00:00:00-04:00,62.70000076293945,63.099998474121094,61.599998474121094,62.29999923706055,50.22464370727539,2656420,0.0,0.0
2018-10-03 00:00:00-04:00,62.5,63.400001525878906,62.0,62.599998474121094,50.46648406982422,3206270,0.0,0.0
2018-10-04 00:00:00-04:00,62.5,62.900001525878906,61.5,62.099998474121094,50.063392639160156,3317780,0.0,0.0
2018-10-05 00:00:00-04:00,62.400001525878906,63.29999923706055,60.70000076293945,61.29999923706055,49.418460845947266,2962720,0.0,0.0
2018-10-08 00:00:00-04:00,61.29999923706055,62.099998474121094,61.0,62.0,49.9827880859375,1730140,0.0,0.0
2018-10-09 00:00:00-04:00,62.20000076293945,62.79999923706055,61.599998474121094,61.79999923706055,49.82154083251953,2721580,0.0,0.0
2018-10-10 00:00:00-04:00,61.400001525878906,61.900001525878906,59.5,59.5,47.96734619140625,2662440,0.0,0.0
2018-10-11 00:00:00-04:00,59.70000076293945,61.29999923706055,59.5,59.70000076293945,48.128578186035156,3086540,0.0,0.0
2018-10-12 00:00:00-04:00,61.099998474121094,61.900001525878906,60.5,61.900001525878906,49.902164459228516,3617670,0.0,0.0
2018-10-15 00:00:00-04:00,61.5,62.29999923706055,60.900001525878906,61.400001525878906,49.49907684326172,1884370,0.0,0.0
2018-10-16 00:00:00-04:00,61.900001525878906,63.599998474121094,61.5,63.099998474121094,50.869571685791016,1666950,0.0,0.0
2018-10-17 00:00:00-04:00,63.0,63.400001525878906,62.29999923706055,62.5,50.38587188720703,1778000,0.0,0.0
2018-10-18 00:00:00-04:00,63.70000076293945,63.79999923706055,61.29999923706055,61.599998474121094,49.66031265258789,2611680,0.0,0.0
2018-10-19 00:00:00-04:00,62.29999923706055,62.599998474121094,60.099998474121094,60.099998474121094,48.451045989990234,2721690,0.0,0.0
2018-10-22 00:00:00-04:00,60.29999923706055,61.20000076293945,59.599998474121094,60.29999923706055,48.61228942871094,2614030,0.0,0.0
2018-10-23 00:00:00-04:00,60.0,60.400001525878906,58.79999923706055,59.5,47.96734619140625,3040510,0.0,0.0
2018-10-24 00:00:00-04:00,60.5,61.5,56.5,56.5,45.54882049560547,4402570,0.0,0.0
2018-10-25 00:00:00-04:00,57.400001525878906,58.79999923706055,56.70000076293945,57.900001525878906,46.67746353149414,3023450,0.0,0.0
2018-10-26 00:00:00-04:00,56.20000076293945,57.900001525878906,56.20000076293945,56.70000076293945,45.71006393432617,3678060,0.0,0.0
2018-10-29 00:00:00-04:00,57.5,58.400001525878906,55.5,56.20000076293945,45.30698013305664,2745130,0.0,0.0
2018-10-30 00:00:00-04:00,56.400001525878906,58.70000076293945,55.900001525878906,58.599998474121094,47.24177932739258,4752800,0.0,0.0
2018-10-31 00:00:00-04:00,58.900001525878906,60.79999923706055,58.70000076293945,60.20000076293945,48.531681060791016,3560070,0.0,0.0
2018-11-01 00:00:00-04:00,59.900001525878906,61.20000076293945,59.29999923706055,61.099998474121094,49.25723648071289,2189930,0.0,0.0
2018-11-02 00:00:00-04:00,61.400001525878906,61.70000076293945,60.099998474121094,61.099998474121094,49.25723648071289,2702480,0.0,0.0
2018-11-05 00:00:00-05:00,61.400001525878906,61.70000076293945,60.599998474121094,61.099998474121094,49.25723648071289,2386770,0.0,0.0
2018-11-06 00:00:00-05:00,61.20000076293945,63.70000076293945,61.0,63.400001525878906,51.11142349243164,3001830,0.0,0.0
2018-11-07 00:00:00-05:00,63.70000076293945,63.79999923706055,62.20000076293945,63.0,50.7889518737793,2810000,0.0,0.0
2018-11-08 00:00:00-05:00,62.5,63.400001525878906,61.70000076293945,62.099998474121094,50.158935546875,2196420,0.12,0.0
2018-11-09 00:00:00-05:00,61.70000076293945,62.400001525878906,61.400001525878906,62.099998474121094,50.158935546875,1957330,0.0,0.0
2018-11-12 00:00:00-05:00,61.900001525878906,62.20000076293945,61.0,61.20000076293945,49.4320068359375,2843940,0.0,0.0
2018-11-13 00:00:00-05:00,61.79999923706055,63.0,61.099998474121094,61.5,49.67430877685547,3807990,0.0,0.0
2018-11-14 00:00:00-05:00,61.5,63.0,61.5,62.5,50.48202896118164,2766840,0.0,0.0
2018-11-15 00:00:00-05:00,62.20000076293945,63.400001525878906,61.900001525878906,63.20000076293945,51.04742431640625,3106770,0.0,0.0
2018-11-16 00:00:00-05:00,63.099998474121094,63.400001525878906,61.900001525878906,62.70000076293945,50.643577575683594,3236390,0.0,0.0
2018-11-19 00:00:00-05:00,62.5,62.599998474121094,60.29999923706055,60.5,48.866600036621094,3028490,0.0,0.0
2018-11-20 00:00:00-05:00,60.0,60.29999923706055,58.29999923706055,58.70000076293945,47.4127197265625,3350500,0.0,0.0
2018-11-21 00:00:00-05:00,59.0,60.70000076293945,58.79999923706055,60.400001525878906,48.78584289550781,2308780,0.0,0.0
2018-11-23 00:00:00-05:00,59.900001525878906,61.29999923706055,59.70000076293945,60.599998474121094,48.94736862182617,1059840,0.0,0.0
2018-11-26 00:00:00-05:00,61.20000076293945,62.099998474121094,60.400001525878906,61.400001525878906,49.59354019165039,2652140,0.0,0.0
2018-11-27 00:00:00-05:00,61.20000076293945,61.79999923706055,60.099998474121094,61.0,49.27045822143555,3151040,0.0,0.0
2018-11-28 00:00:00-05:00,60.70000076293945,62.0,60.70000076293945,61.900001525878906,49.997398376464844,2349510,0.0,0.0
2018-11-29 00:00:00-05:00,61.5,63.400001525878906,61.099998474121094,63.20000076293945,51.04742431640625,3485640,0.0,0.0
2018-11-30 00:00:00-05:00,63.400001525878906,63.599998474121094,62.0,62.29999923706055,50.320491790771484,3228440,0.0,0.0
2018-12-03 00:00:00-05:00,63.0,63.20000076293945,61.5,63.20000076293945,51.04742431640625,2735410,0.0,0.0
2018-12-04 00:00:00-05:00,63.099998474121094,63.79999923706055,61.70000076293945,61.900001525878906,49.997398376464844,3175600,0.0,0.0
2018-12-06 00:00:00-05:00,61.29999923706055,63.70000076293945,60.70000076293945,63.5,51.289737701416016,3970550,0.0,0.0
2018-12-07 00:00:00-05:00,62.79999923706055,63.900001525878906,62.099998474121094,62.20000076293945,50.23971939086914,3078880,0.0,0.0
2018-12-10 00:00:00-05:00,62.400001525878906,62.900001525878906,61.5,62.0,50.07817459106445,2767570,0.0,0.0
2018-12-11 00:00:00-05:00,62.79999923706055,63.599998474121094,62.400001525878906,62.599998474121094,50.56279373168945,2731220,0.0,0.0
2018-12-12 00:00:00-05:00,63.400001525878906,64.30000305175781,62.900001525878906,63.20000076293945,51.04742431640625,2775050,0.0,0.0
2018-12-13 00:00:00-05:00,63.099998474121094,63.79999923706055,61.29999923706055,62.400001525878906,50.401248931884766,3089900,0.0,0.0
2018-12-14 00:00:00-05:00,61.599998474121094,63.400001525878906,61.5,61.70000076293945,49.835853576660156,2932520,0.0,0.0
2018-12-17 00:00:00-05:00,61.599998474121094,62.400001525878906,60.900001525878906,61.20000076293945,49.4320068359375,2467700,0.0,0.0
2018-12-18 00:00:00-05:00,61.5,62.0,60.79999923706055,61.5,49.67430877685547,3157890,0.0,0.0
2018-12-19 00:00:00-05:00,61.599998474121094,62.0,59.70000076293945,60.20000076293945,48.624298095703125,3078580,0.0,0.0
2018-12-20 00:00:00-05:00,60.20000076293945,60.70000076293945,58.400001525878906,58.900001525878906,47.57426071166992,2861980,0.0,0.0
2018-12-21 00:00:00-05:00,59.099998474121094,59.79999923706055,55.400001525878906,55.900001525878906,45.151126861572266,3511950,0.0,0.0
2018-12-24 00:00:00-05:00,55.20000076293945,56.20000076293945,54.79999923706055,55.099998474121094,44.50494384765625,1657150,0.0,0.0
2018-12-26 00:00:00-05:00,55.20000076293945,57.400001525878906,54.79999923706055,57.29999923706055,46.28192901611328,2130250,0.0,0.0
2018-12-27 00:00:00-05:00,57.400001525878906,57.599998474121094,55.20000076293945,57.29999923706055,46.28192901611328,1961730,0.0,0.0
2018-12-28 00:00:00-05:00,57.599998474121094,57.70000076293945,56.29999923706055,57.20000076293945,46.20115661621094,1383220,0.0,0.0
2018-12-31 00:00:00-05:00,57.5,57.70000076293945,56.400001525878906,57.099998474121094,46.12037658691406,1657720,0.0,0.0
2019-01-02 00:00:00-05:00,56.900001525878906,59.5,56.900001525878906,59.0,47.65503692626953,2387150,0.0,0.0
2019-01-03 00:00:00-05:00,58.20000076293945,60.0,57.599998474121094,59.400001525878906,47.97813034057617,2228270,0.0,0.0
2019-01-04 00:00:00-05:00,60.400001525878906,62.20000076293945,60.0,61.70000076293945,49.835853576660156,2543780,0.0,0.0
2019-01-07 00:00:00-05:00,61.20000076293945,62.900001525878906,61.099998474121094,62.20000076293945,50.23971939086914,3169370,0.0,0.0
2019-01-08 00:00:00-05:00,62.599998474121094,63.5,62.20000076293945,63.5,51.289737701416016,2376130,0.0,0.0
2019-01-09 00:00:00-05:00,63.599998474121094,63.70000076293945,60.0,60.599998474121094,48.94736862182617,4369590,0.0,0.0
2019-01-10 00:00:00-05:00,60.599998474121094,61.0,59.599998474121094,60.70000076293945,49.028141021728516,2113460,0.0,0.0
2019-01-11 00:00:00-05:00,60.70000076293945,60.79999923706055,59.79999923706055,60.70000076293945,49.028141021728516,1658230,0.0,0.0
2019-01-14 00:00:00-05:00,60.5,60.599998474121094,59.20000076293945,59.5,48.05888748168945,2005040,0.0,0.0
2019-01-15 00:00:00-05:00,59.5,60.0,59.099998474121094,59.79999923706055,48.30120849609375,1858600,0.0,0.0
2019-01-16 00:00:00-05:00,59.79999923706055,60.599998474121094,59.5,60.20000076293945,48.624298095703125,1450470,0.0,0.0
2019-01-17 00:00:00-05:00,60.20000076293945,60.70000076293945,59.900001525878906,60.5,48.866600036621094,1504570,0.0,0.0
2019-01-18 00:00:00-05:00,61.0,61.599998474121094,60.400001525878906,60.5,48.866600036621094,1592870,0.0,0.0
2019-01-22 00:00:00-05:00,60.400001525878906,60.400001525878906,58.099998474121094,58.5,47.25117492675781,2353550,0.0,0.0
2019-01-23 00:00:00-05:00,59.0,59.0,56.900001525878906,58.400001525878906,47.170406341552734,2333890,0.0,0.0
2019-01-24 00:00:00-05:00,58.400001525878906,58.5,56.900001525878906,57.5,46.443458557128906,2248510,0.0,0.0
2019-01-25 00:00:00-05:00,58.0,58.5,57.20000076293945,58.20000076293945,47.008846282958984,3039340,0.0,0.0
2019-01-28 00:00:00-05:00,58.29999923706055,58.29999923706055,57.0,57.5,46.443458557128906,2662560,0.0,0.0
2019-01-29 00:00:00-05:00,57.29999923706055,58.20000076293945,56.70000076293945,57.400001525878906,46.362693786621094,3370910,0.0,0.0
2019-01-30 00:00:00-05:00,59.0,60.70000076293945,57.70000076293945,59.20000076293945,47.81657409667969,5008290,0.0,0.0
2019-01-31 00:00:00-05:00,59.29999923706055,61.400001525878906,58.20000076293945,58.29999923706055,47.089630126953125,8265830,0.0,0.0
2019-02-01 00:00:00-05:00,58.70000076293945,60.400001525878906,58.599998474121094,59.79999923706055,48.30120849609375,4611170,0.0,0.0
2019-02-04 00:00:00-05:00,59.5,60.599998474121094,59.29999923706055,60.400001525878906,48.78584289550781,3546520,0.0,0.0
2019-02-05 00:00:00-05:00,60.400001525878906,61.900001525878906,60.0,60.20000076293945,48.624298095703125,4362470,0.0,0.0
2019-02-06 00:00:00-05:00,60.5,60.70000076293945,59.29999923706055,59.70000076293945,48.220428466796875,3067400,0.0,0.0
2019-02-07 00:00:00-05:00,59.400001525878906,59.599998474121094,58.099998474121094,58.900001525878906,47.57426071166992,3051700,0.0,0.0
2019-02-08 00:00:00-05:00,58.5,59.5,58.400001525878906,59.29999923706055,47.99513626098633,2248140,0.12,0.0
2019-02-11 00:00:00-05:00,59.29999923706055,60.0,58.599998474121094,58.599998474121094,47.428565979003906,1853740,0.0,0.0
2019-02-12 00:00:00-05:00,58.900001525878906,59.29999923706055,58.400001525878906,59.0,47.752323150634766,2797230,0.0,0.0
2019-02-13 00:00:00-05:00,59.20000076293945,59.29999923706055,58.099998474121094,59.0,47.752323150634766,2113850,0.0,0.0
2019-02-14 00:00:00-05:00,58.599998474121094,59.70000076293945,58.5,59.20000076293945,47.91419219970703,2878990,0.0,0.0
2019-02-15 00:00:00-05:00,59.70000076293945,60.400001525878906,59.599998474121094,60.29999923706055,48.80449295043945,2106690,0.0,0.0
2019-02-19 00:00:00-05:00,60.0,60.599998474121094,59.599998474121094,60.0,48.56167984008789,2774790,0.0,0.0
2019-02-20 00:00:00-05:00,59.900001525878906,60.900001525878906,59.900001525878906,60.400001525878906,48.885440826416016,2760790,0.0,0.0
2019-02-21 00:00:00-05:00,60.5,60.900001525878906,59.900001525878906,60.79999923706055,49.209171295166016,2309670,0.0,0.0
2019-02-22 00:00:00-05:00,61.0,61.29999923706055,60.29999923706055,60.599998474121094,49.04729461669922,2114270,0.0,0.0
2019-02-25 00:00:00-05:00,60.79999923706055,61.0,60.0,60.20000076293945,48.72356414794922,1713880,0.0,0.0
2019-02-26 00:00:00-05:00,60.0,60.20000076293945,58.599998474121094,59.20000076293945,47.91419219970703,3254800,0.0,0.0
2019-02-27 00:00:00-05:00,58.79999923706055,59.400001525878906,58.599998474121094,59.20000076293945,47.91419219970703,1866430,0.0,0.0
2019-02-28 00:00:00-05:00,59.29999923706055,60.099998474121094,59.099998474121094,59.29999923706055,47.99513626098633,2961620,0.0,0.0
2019-03-01 00:00:00-05:00,59.5,60.20000076293945,59.20000076293945,59.900001525878906,48.480751037597656,2144880,0.0,0.0
2019-03-04 00:00:00-05:00,60.400001525878906,60.599998474121094,58.79999923706055,60.0,48.56167984008789,3036300,0.0,0.0
2019-03-05 00:00:00-05:00,59.79999923706055,60.400001525878906,59.599998474121094,60.29999923706055,48.80449295043945,2698700,0.0,0.0
2019-03-06 00:00:00-05:00,60.099998474121094,60.5,59.70000076293945,60.0,48.56167984008789,2143740,0.0,0.0
2019-03-07 00:00:00-05:00,59.900001525878906,60.29999923706055,59.400001525878906,59.900001525878906,48.480751037597656,3181830,0.0,0.0
2019-03-08 00:00:00-05:00,59.400001525878906,59.79999923706055,59.099998474121094,59.400001525878906,48.07607650756836,2265130,0.0,0.0
2019-03-11 00:00:00-04:00,59.20000076293945,60.0,59.0,59.70000076293945,48.318870544433594,2124390,0.0,0.0
2019-03-12 00:00:00-04:00,59.79999923706055,61.70000076293945,59.29999923706055,61.400001525878906,49.694786071777344,4365270,0.0,0.0
2019-03-13 00:00:00-04:00,61.0,61.79999923706055,60.400001525878906,60.900001525878906,49.29011535644531,3246880,0.0,0.0
2019-03-14 00:00:00-04:00,60.70000076293945,61.599998474121094,60.599998474121094,61.29999923706055,49.613853454589844,2223270,0.0,0.0
2019-03-15 00:00:00-04:00,61.79999923706055,61.79999923706055,60.79999923706055,61.70000076293945,49.93759536743164,3203690,0.0,0.0
2019-03-18 00:00:00-04:00,61.400001525878906,61.70000076293945,60.400001525878906,60.599998474121094,49.04729461669922,2640620,0.0,0.0
2019-03-19 00:00:00-04:00,60.79999923706055,61.400001525878906,60.29999923706055,61.099998474121094,49.451988220214844,2233650,0.0,0.0
2019-03-20 00:00:00-04:00,60.70000076293945,60.900001525878906,59.20000076293945,60.20000076293945,48.72356414794922,3586660,0.0,0.0
2019-03-21 00:00:00-04:00,60.0,60.70000076293945,59.599998474121094,59.79999923706055,48.39981460571289,2830530,0.0,0.0
2019-03-22 00:00:00-04:00,59.29999923706055,59.5,57.5,57.599998474121094,46.61921310424805,6439110,0.0,0.0
2019-03-25 00:00:00-04:00,57.5,57.70000076293945,56.900001525878906,57.5,46.538272857666016,3674050,0.0,0.0
2019-03-26 00:00:00-04:00,57.70000076293945,58.0,57.0,57.0,46.133602142333984,3783300,0.0,0.0
2019-03-27 00:00:00-04:00,57.29999923706055,57.599998474121094,56.5,56.599998474121094,45.80985641479492,2983640,0.0,0.0
2019-03-28 00:00:00-04:00,56.5,57.400001525878906,56.5,56.900001525878906,46.05268096923828,2179890,0.0,0.0
2019-03-29 00:00:00-04:00,57.0,57.20000076293945,56.29999923706055,56.70000076293945,45.89079284667969,3065630,0.0,0.0
2019-04-01 00:00:00-04:00,57.0,58.400001525878906,56.79999923706055,57.900001525878906,46.86201858520508,3854100,0.0,0.0
2019-04-02 00:00:00-04:00,57.900001525878906,58.900001525878906,57.599998474121094,58.70000076293945,47.50951385498047,3288250,0.0,0.0
2019-04-03 00:00:00-04:00,58.900001525878906,59.599998474121094,58.79999923706055,59.20000076293945,47.91419219970703,2987880,0.0,0.0
2019-04-04 00:00:00-04:00,59.29999923706055,59.79999923706055,58.900001525878906,59.599998474121094,48.23793411254883,2584180,0.0,0.0
2019-04-05 00:00:00-04:00,59.5,59.900001525878906,58.70000076293945,59.400001525878906,48.07607650756836,2970610,0.0,0.0
2019-04-08 00:00:00-04:00,59.400001525878906,60.0,59.20000076293945,59.79999923706055,48.39981460571289,2566530,0.0,0.0
2019-04-09 00:00:00-04:00,59.400001525878906,60.0,58.79999923706055,59.70000076293945,48.318870544433594,2308570,0.0,0.0
2019-04-10 00:00:00-04:00,59.70000076293945,60.099998474121094,59.29999923706055,59.900001525878906,48.480751037597656,2591150,0.0,0.0
2019-04-11 00:00:00-04:00,60.0,60.599998474121094,59.79999923706055,60.5,48.96636199951172,2273900,0.0,0.0
2019-04-12 00:00:00-04:00,60.70000076293945,61.29999923706055,60.400001525878906,61.0,49.37104415893555,1981780,0.0,0.0
2019-04-15 00:00:00-04:00,61.0,61.0,59.0,59.900001525878906,48.480751037597656,2649420,0.0,0.0
2019-04-16 00:00:00-04:00,59.900001525878906,60.099998474121094,59.099998474121094,59.599998474121094,48.23793411254883,2158030,0.0,0.0
2019-04-17 00:00:00-04:00,59.599998474121094,60.20000076293945,59.099998474121094,60.099998474121094,48.64261245727539,1984420,0.0,0.0
2019-04-18 00:00:00-04:00,60.400001525878906,60.70000076293945,59.70000076293945,60.400001525878906,48.885440826416016,2759320,0.0,0.0
2019-04-22 00:00:00-04:00,60.20000076293945,61.400001525878906,60.0,61.20000076293945,49.532920837402344,2643300,0.0,0.0
2019-04-23 00:00:00-04:00,61.0,61.70000076293945,61.0,61.5,49.775718688964844,3226670,0.0,0.0
2019-04-24 00:00:00-04:00,59.900001525878906,61.29999923706055,56.29999923706055,57.099998474121094,46.21453094482422,8286750,0.0,0.0
2019-04-25 00:00:00-04:00,57.70000076293945,58.099998474121094,56.599998474121094,57.29999923706055,46.37641525268555,3722590,0.0,0.0
2019-04-26 00:00:00-04:00,57.5,59.0,57.29999923706055,57.79999923706055,46.78108215332031,3678600,0.0,0.0
2019-04-29 00:00:00-04:00,58.29999923706055,59.099998474121094,57.400001525878906,58.70000076293945,47.50951385498047,3332500,0.0,0.0
2019-04-30 00:00:00-04:00,58.70000076293945,59.20000076293945,57.900001525878906,58.099998474121094,47.023895263671875,3457540,0.0,0.0
2019-05-01 00:00:00-04:00,58.099998474121094,59.099998474121094,58.099998474121094,58.79999923706055,47.590450286865234,2899370,0.0,0.0
2019-05-02 00:00:00-04:00,58.900001525878906,59.0,57.20000076293945,57.70000076293945,46.70014953613281,3742380,0.0,0.0
2019-05-03 00:00:00-04:00,58.099998474121094,59.0,58.0,58.79999923706055,47.590450286865234,2686680,0.0,0.0
2019-05-06 00:00:00-04:00,57.900001525878906,58.599998474121094,57.79999923706055,58.400001525878906,47.26670455932617,2334310,0.0,0.0
2019-05-07 00:00:00-04:00,57.900001525878906,58.099998474121094,56.70000076293945,57.20000076293945,46.295475006103516,3478110,0.0,0.0
2019-05-08 00:00:00-04:00,57.0,57.79999923706055,56.79999923706055,57.400001525878906,46.45734405517578,2477820,0.0,0.0
2019-05-09 00:00:00-04:00,56.900001525878906,57.400001525878906,56.29999923706055,57.099998474121094,46.31135177612305,2382520,0.12,0.0
2019-05-10 00:00:00-04:00,57.0,57.70000076293945,56.29999923706055,57.400001525878906,46.5546760559082,2087980,0.0,0.0
2019-05-13 00:00:00-04:00,56.599998474121094,56.900001525878906,55.70000076293945,55.70000076293945,45.175865173339844,2582750,0.0,0.0
2019-05-14 00:00:00-04:00,55.900001525878906,57.5,55.70000076293945,56.29999923706055,45.66250991821289,2930600,0.0,0.0
2019-05-15 00:00:00-04:00,56.20000076293945,56.599998474121094,55.900001525878906,56.099998474121094,45.50029373168945,2363760,0.0,0.0
2019-05-16 00:00:00-04:00,56.0,57.099998474121094,56.0,56.5,45.824710845947266,1717600,0.0,0.0
2019-05-17 00:00:00-04:00,56.29999923706055,57.099998474121094,56.20000076293945,56.599998474121094,45.90583419799805,2077380,0.0,0.0
2019-05-20 00:00:00-04:00,56.20000076293945,56.70000076293945,55.70000076293945,55.79999923706055,45.25697708129883,2058920,0.0,0.0
2019-05-21 00:00:00-04:00,56.099998474121094,56.900001525878906,56.0,56.400001525878906,45.74360656738281,1649810,0.0,0.0
2019-05-22 00:00:00-04:00,56.20000076293945,56.5,55.599998474121094,55.599998474121094,45.09476852416992,1725020,0.0,0.0
2019-05-23 00:00:00-04:00,55.29999923706055,55.5,53.29999923706055,53.900001525878906,43.71596908569336,3518220,0.0,0.0
2019-05-24 00:00:00-04:00,54.599998474121094,55.20000076293945,53.79999923706055,54.099998474121094,43.87818908691406,2395900,0.0,0.0
2019-05-28 00:00:00-04:00,54.099998474121094,54.599998474121094,53.29999923706055,53.5,43.39154052734375,4048060,0.0,0.0
2019-05-29 00:00:00-04:00,53.29999923706055,53.79999923706055,52.79999923706055,53.400001525878906,43.31044006347656,2829330,0.0,0.0
2019-05-30 00:00:00-04:00,53.5,54.400001525878906,53.5,53.70000076293945,43.55376052856445,2393430,0.0,0.0
2019-05-31 00:00:00-04:00,53.29999923706055,53.29999923706055,52.400001525878906,53.099998474121094,43.067115783691406,2998140,0.0,0.0
2019-06-03 00:00:00-04:00,53.099998474121094,53.29999923706055,52.29999923706055,52.70000076293945,42.742706298828125,2252050,0.0,0.0
2019-06-04 00:00:00-04:00,53.099998474121094,54.0,53.099998474121094,53.900001525878906,43.71596908569336,2762550,0.0,0.0
2019-06-05 00:00:00-04:00,54.400001525878906,54.400001525878906,52.70000076293945,52.70000076293945,42.742706298828125,2438400,0.0,0.0
2019-06-06 00:00:00-04:00,52.900001525878906,53.29999923706055,52.5,53.099998474121094,43.067115783691406,2129230,0.0,0.0
2019-06-07 00:00:00-04:00,53.29999923706055,53.70000076293945,52.79999923706055,53.099998474121094,43.067115783691406,2030040,0.0,0.0
2019-06-10 00:00:00-04:00,53.79999923706055,54.900001525878906,53.599998474121094,54.29999923706055,44.04038619995117,3295700,0.0,0.0
2019-06-11 00:00:00-04:00,54.70000076293945,55.400001525878906,54.400001525878906,54.900001525878906,44.52702331542969,2597750,0.0,0.0
2019-06-12 00:00:00-04:00,54.900001525878906,55.29999923706055,54.70000076293945,55.0,44.60812759399414,1549000,0.0,0.0
2019-06-13 00:00:00-04:00,55.29999923706055,56.099998474121094,54.900001525878906,55.79999923706055,45.25697708129883,2174580,0.0,0.0
2019-06-14 00:00:00-04:00,55.70000076293945,56.0,55.29999923706055,55.599998474121094,45.09476852416992,1819660,0.0,0.0
2019-06-17 00:00:00-04:00,55.5,57.20000076293945,55.20000076293945,56.29999923706055,45.66250991821289,2724960,0.0,0.0
2019-06-18 00:00:00-04:00,56.900001525878906,57.79999923706055,56.70000076293945,57.0,46.23025131225586,2590530,0.0,0.0
2019-06-19 00:00:00-04:00,57.20000076293945,57.5,56.099998474121094,56.79999923706055,46.06803512573242,1949980,0.0,0.0
2019-06-20 00:00:00-04:00,57.099998474121094,57.70000076293945,56.70000076293945,57.400001525878906,46.5546760559082,1846270,0.0,0.0
2019-06-21 00:00:00-04:00,57.099998474121094,57.400001525878906,55.900001525878906,56.0,45.419193267822266,5035990,0.0,0.0
2019-06-24 00:00:00-04:00,56.20000076293945,56.29999923706055,55.20000076293945,55.900001525878906,45.33808135986328,2277470,0.0,0.0
2019-06-25 00:00:00-04:00,55.79999923706055,56.0,55.0,55.400001525878906,44.93255615234375,2529540,0.0,0.0
2019-06-26 00:00:00-04:00,55.599998474121094,56.099998474121094,55.099998474121094,55.29999923706055,44.85145568847656,1947370,0.0,0.0
2019-06-27 00:00:00-04:00,55.599998474121094,56.099998474121094,55.099998474121094,55.70000076293945,45.175865173339844,1892880,0.0,0.0
2019-06-28 00:00:00-04:00,55.5,56.29999923706055,55.400001525878906,55.79999923706055,45.25697708129883,3239870,0.0,0.0
2019-07-01 00:00:00-04:00,56.29999923706055,57.099998474121094,56.099998474121094,57.099998474121094,46.31135177612305,1951400,0.0,0.0
2019-07-02 00:00:00-04:00,56.900001525878906,58.5,56.900001525878906,58.29999923706055,47.284610748291016,2856060,0.0,0.0
2019-07-03 00:00:00-04:00,58.400001525878906,58.900001525878906,58.20000076293945,58.79999923706055,47.69014358520508,1180750,0.0,0.0
2019-07-05 00:00:00-04:00,58.70000076293945,59.400001525878906,58.29999923706055,59.099998474121094,47.9334602355957,2119240,0.0,0.0
2019-07-08 00:00:00-04:00,58.79999923706055,59.599998474121094,58.79999923706055,59.29999923706055,48.09568405151367,2053230,0.0,0.0
2019-07-09 00:00:00-04:00,58.900001525878906,59.900001525878906,58.900001525878906,59.599998474121094,48.33899688720703,2819130,0.0,0.0
2019-07-10 00:00:00-04:00,59.900001525878906,60.29999923706055,59.20000076293945,60.29999923706055,48.90673065185547,2678950,0.0,0.0
2019-07-11 00:00:00-04:00,60.29999923706055,60.70000076293945,59.79999923706055,60.29999923706055,48.90673065185547,1894860,0.0,0.0
2019-07-12 00:00:00-04:00,60.70000076293945,61.0,60.400001525878906,60.70000076293945,49.23115539550781,2295780,0.0,0.0
2019-07-15 00:00:00-04:00,60.599998474121094,60.70000076293945,59.70000076293945,60.400001525878906,48.98784255981445,2307110,0.0,0.0
2019-07-16 00:00:00-04:00,60.29999923706055,60.900001525878906,60.20000076293945,60.5,49.068946838378906,1836950,0.0,0.0
2019-07-17 00:00:00-04:00,60.5,60.70000076293945,59.79999923706055,60.400001525878906,48.98784255981445,1453430,0.0,0.0
2019-07-18 00:00:00-04:00,60.099998474121094,60.70000076293945,60.0,60.400001525878906,48.98784255981445,1812770,0.0,0.0
2019-07-19 00:00:00-04:00,60.400001525878906,61.0,60.099998474121094,60.599998474121094,49.15005111694336,1600990,0.0,0.0
2019-07-22 00:00:00-04:00,60.900001525878906,61.20000076293945,60.599998474121094,60.79999923706055,49.3122673034668,2013440,0.0,0.0
2019-07-23 00:00:00-04:00,60.900001525878906,61.099998474121094,60.099998474121094,60.400001525878906,48.98784255981445,1611070,0.0,0.0
2019-07-24 00:00:00-04:00,60.29999923706055,61.0,60.29999923706055,61.0,49.47447204589844,1431770,0.0,0.0
2019-07-25 00:00:00-04:00,60.900001525878906,62.29999923706055,60.79999923706055,61.400001525878906,49.79890060424805,3317390,0.0,0.0
2019-07-26 00:00:00-04:00,61.599998474121094,62.29999923706055,61.400001525878906,62.20000076293945,50.4477424621582,1964400,0.0,0.0
2019-07-29 00:00:00-04:00,62.20000076293945,62.5,61.0,61.599998474121094,49.96110916137695,3417110,0.0,0.0
2019-07-30 00:00:00-04:00,61.599998474121094,62.5,61.20000076293945,61.79999923706055,50.123329162597656,3003710,0.0,0.0
2019-07-31 00:00:00-04:00,61.599998474121094,63.20000076293945,61.599998474121094,62.599998474121094,50.77216339111328,2842940,0.0,0.0
2019-08-01 00:00:00-04:00,62.79999923706055,63.79999923706055,62.599998474121094,62.70000076293945,50.853271484375,2771910,0.0,0.0
2019-08-02 00:00:00-04:00,62.5,63.70000076293945,62.400001525878906,63.400001525878906,51.4210090637207,2369980,0.0,0.0
2019-08-05 00:00:00-04:00,62.70000076293945,62.79999923706055,59.79999923706055,60.5,49.068946838378906,3680750,0.0,0.0
2019-08-06 00:00:00-04:00,60.900001525878906,61.400001525878906,60.400001525878906,60.900001525878906,49.393375396728516,1846510,0.0,0.0
2019-08-07 00:00:00-04:00,60.400001525878906,61.29999923706055,59.400001525878906,61.099998474121094,49.555580139160156,2092610,0.0,0.0
2019-08-08 00:00:00-04:00,61.29999923706055,61.900001525878906,61.20000076293945,61.70000076293945,50.14069366455078,1862300,0.12,0.0
2019-08-09 00:00:00-04:00,61.29999923706055,61.70000076293945,60.70000076293945,61.20000076293945,49.73436737060547,1742960,0.0,0.0
2019-08-12 00:00:00-04:00,60.79999923706055,61.20000076293945,60.400001525878906,60.400001525878906,49.08424758911133,1322470,0.0,0.0
2019-08-13 00:00:00-04:00,60.400001525878906,61.5,60.099998474121094,60.79999923706055,49.409297943115234,1573020,0.0,0.0
2019-08-14 00:00:00-04:00,60.20000076293945,60.400001525878906,59.70000076293945,60.0,48.759178161621094,2316930,0.0,0.0
2019-08-15 00:00:00-04:00,60.29999923706055,60.5,59.599998474121094,59.70000076293945,48.515377044677734,1752090,0.0,0.0
2019-08-16 00:00:00-04:00,60.29999923706055,61.5,60.099998474121094,60.79999923706055,49.409297943115234,1323730,0.0,0.0
2019-08-19 00:00:00-04:00,61.400001525878906,62.20000076293945,61.20000076293945,61.79999923706055,50.221954345703125,1980400,0.0,0.0
2019-08-20 00:00:00-04:00,61.70000076293945,62.0,60.79999923706055,60.900001525878906,49.49056625366211,1647920,0.0,0.0
2019-08-21 00:00:00-04:00,61.20000076293945,62.0,61.099998474121094,61.599998474121094,50.05941390991211,968930,0.0,0.0
2019-08-22 00:00:00-04:00,61.599998474121094,62.0,61.20000076293945,61.599998474121094,50.05941390991211,1113880,0.0,0.0
2019-08-23 00:00:00-04:00,61.400001525878906,61.79999923706055,59.599998474121094,59.900001525878906,48.67790222167969,2028790,0.0,0.0
2019-08-26 00:00:00-04:00,60.5,60.79999923706055,60.20000076293945,60.79999923706055,49.409297943115234,1339910,0.0,0.0
2019-08-27 00:00:00-04:00,61.0,61.29999923706055,60.20000076293945,60.599998474121094,49.24676513671875,1988120,0.0,0.0
2019-08-28 00:00:00-04:00,60.29999923706055,61.70000076293945,60.29999923706055,61.29999923706055,49.81562805175781,1755960,0.0,0.0
2019-08-29 00:00:00-04:00,61.70000076293945,62.400001525878906,61.599998474121094,62.099998474121094,50.46574020385742,1960530,0.0,0.0
2019-08-30 00:00:00-04:00,62.29999923706055,62.400001525878906,61.599998474121094,61.70000076293945,50.14069366455078,1219460,0.0,0.0
2019-09-03 00:00:00-04:00,61.29999923706055,61.79999923706055,61.0,61.599998474121094,50.05941390991211,1438930,0.0,0.0
2019-09-04 00:00:00-04:00,62.20000076293945,62.400001525878906,61.900001525878906,62.099998474121094,50.46574020385742,1953440,0.0,0.0
2019-09-05 00:00:00-04:00,62.5,63.099998474121094,62.20000076293945,62.79999923706055,51.03459930419922,1831920,0.0,0.0
2019-09-06 00:00:00-04:00,62.79999923706055,63.099998474121094,62.400001525878906,62.5,50.790794372558594,2368990,0.0,0.0
2019-09-09 00:00:00-04:00,62.599998474121094,63.099998474121094,62.099998474121094,62.900001525878906,51.11586380004883,2017490,0.0,0.0
2019-09-10 00:00:00-04:00,62.70000076293945,63.599998474121094,62.599998474121094,63.599998474121094,51.68473434448242,1573630,0.0,0.0
2019-09-11 00:00:00-04:00,63.900001525878906,65.0,63.70000076293945,64.9000015258789,52.74116897583008,2488810,0.0,0.0
2019-09-12 00:00:00-04:00,65.0,65.0,63.70000076293945,64.5,52.41612243652344,1870460,0.0,0.0
2019-09-13 00:00:00-04:00,64.69999694824219,64.80000305175781,63.5,63.900001525878906,51.92851638793945,1560920,0.0,0.0
2019-09-16 00:00:00-04:00,63.5,63.79999923706055,63.099998474121094,63.70000076293945,51.765995025634766,1614150,0.0,0.0
2019-09-17 00:00:00-04:00,63.5,64.9000015258789,63.20000076293945,64.69999694824219,52.578636169433594,2113030,0.0,0.0
2019-09-18 00:00:00-04:00,64.69999694824219,64.69999694824219,63.20000076293945,63.900001525878906,51.92851638793945,2163510,0.0,0.0
2019-09-19 00:00:00-04:00,63.79999923706055,63.900001525878906,63.29999923706055,63.400001525878906,51.522193908691406,1564230,0.0,0.0
2019-09-20 00:00:00-04:00,63.599998474121094,63.70000076293945,62.29999923706055,62.599998474121094,50.87208557128906,4364290,0.0,0.0
2019-09-23 00:00:00-04:00,62.900001525878906,63.29999923706055,62.79999923706055,62.900001525878906,51.11586380004883,1350830,0.0,0.0
2019-09-24 00:00:00-04:00,63.599998474121094,63.70000076293945,62.20000076293945,62.29999923706055,50.62827682495117,1869640,0.0,0.0
2019-09-25 00:00:00-04:00,62.29999923706055,63.400001525878906,62.29999923706055,63.20000076293945,51.35966491699219,1275260,0.0,0.0
2019-09-26 00:00:00-04:00,63.0,63.29999923706055,62.20000076293945,62.599998474121094,50.87208557128906,1044070,0.0,0.0
2019-09-27 00:00:00-04:00,62.900001525878906,63.099998474121094,61.70000076293945,62.099998474121094,50.46574020385742,1444440,0.0,0.0
2019-09-30 00:00:00-04:00,62.5,62.70000076293945,62.20000076293945,62.599998474121094,50.87208557128906,1252600,0.0,0.0
2019-10-01 00:00:00-04:00,62.79999923706055,63.400001525878906,61.70000076293945,61.79999923706055,50.221954345703125,1514760,0.0,0.0
2019-10-02 00:00:00-04:00,61.79999923706055,62.599998474121094,61.70000076293945,62.29999923706055,50.62827682495117,1783150,0.0,0.0
2019-10-03 00:00:00-04:00,62.29999923706055,63.70000076293945,61.79999923706055,63.5,51.60346603393555,2184480,0.0,0.0
2019-10-04 00:00:00-04:00,63.5,64.5,63.5,63.79999923706055,51.847251892089844,1465800,0.0,0.0
2019-10-07 00:00:00-04:00,63.599998474121094,64.0999984741211,63.099998474121094,63.29999923706055,51.44091796875,1484740,0.0,0.0
2019-10-08 00:00:00-04:00,63.099998474121094,63.20000076293945,62.29999923706055,62.400001525878906,50.70954132080078,1746120,0.0,0.0
2019-10-09 00:00:00-04:00,62.599998474121094,62.79999923706055,61.900001525878906,62.5,50.790794372558594,1135890,0.0,0.0
2019-10-10 00:00:00-04:00,62.29999923706055,63.099998474121094,62.20000076293945,62.5,50.790794372558594,1381040,0.0,0.0
2019-10-11 00:00:00-04:00,63.099998474121094,63.79999923706055,63.0,63.099998474121094,51.27839660644531,1401120,0.0,0.0
2019-10-14 00:00:00-04:00,63.099998474121094,63.599998474121094,62.5,63.29999923706055,51.44091796875,1081400,0.0,0.0
2019-10-15 00:00:00-04:00,63.400001525878906,64.69999694824219,63.400001525878906,64.4000015258789,52.33485794067383,1777940,0.0,0.0
2019-10-16 00:00:00-04:00,64.0999984741211,64.80000305175781,63.70000076293945,64.30000305175781,52.25360107421875,1637520,0.0,0.0
2019-10-17 00:00:00-04:00,64.69999694824219,65.0,64.0,64.80000305175781,52.659915924072266,1500360,0.0,0.0
2019-10-18 00:00:00-04:00,65.0,65.0,64.0999984741211,64.30000305175781,52.25360107421875,1350540,0.0,0.0
2019-10-21 00:00:00-04:00,64.4000015258789,64.9000015258789,63.70000076293945,64.19999694824219,52.17231750488281,1424770,0.0,0.0
2019-10-22 00:00:00-04:00,64.19999694824219,64.30000305175781,63.79999923706055,64.0,52.00978469848633,1621750,0.0,0.0
2019-10-23 00:00:00-04:00,64.0999984741211,64.69999694824219,64.0,64.5,52.41612243652344,1260980,0.0,0.0
2019-10-24 00:00:00-04:00,64.0999984741211,64.69999694824219,63.20000076293945,64.5999984741211,52.49736785888672,2383660,0.0,0.0
2019-10-25 00:00:00-04:00,64.4000015258789,65.0,64.0,64.4000015258789,52.33485794067383,1730570,0.0,0.0
2019-10-28 00:00:00-04:00,64.5,64.9000015258789,64.4000015258789,64.5999984741211,52.49736785888672,1181680,0.0,0.0
2019-10-29 00:00:00-04:00,64.4000015258789,64.69999694824219,63.5,63.70000076293945,51.765995025634766,1993920,0.0,0.0
2019-10-30 00:00:00-04:00,64.0,64.69999694824219,62.900001525878906,64.69999694824219,52.578636169433594,1998710,0.0,0.0
2019-10-31 00:00:00-04:00,64.80000305175781,67.5,64.80000305175781,67.19999694824219,54.61027908325195,3835250,0.0,0.0
2019-11-01 00:00:00-04:00,67.4000015258789,68.4000015258789,67.19999694824219,68.19999694824219,55.42292404174805,2994040,0.0,0.0
2019-11-04 00:00:00-05:00,68.5,68.5999984741211,67.5,67.69999694824219,55.0166015625,1688490,0.0,0.0
2019-11-05 00:00:00-05:00,67.80000305175781,68.80000305175781,67.5,68.30000305175781,55.50419616699219,1626860,0.0,0.0
2019-11-06 00:00:00-05:00,68.30000305175781,68.5,67.5999984741211,67.80000305175781,55.09787368774414,1671650,0.0,0.0
2019-11-07 00:00:00-05:00,67.9000015258789,68.5999984741211,67.80000305175781,68.0,55.366554260253906,1709340,0.13,0.0
2019-11-08 00:00:00-05:00,68.0,68.80000305175781,67.69999694824219,68.5,55.7736701965332,1518770,0.0,0.0
2019-11-11 00:00:00-05:00,68.19999694824219,69.9000015258789,68.0999984741211,69.5999984741211,56.669307708740234,1404440,0.0,0.0
2019-11-12 00:00:00-05:00,69.5,69.80000305175781,69.0,69.30000305175781,56.425052642822266,1786020,0.0,0.0
2019-11-13 00:00:00-05:00,69.19999694824219,69.80000305175781,68.80000305175781,68.80000305175781,56.01792907714844,2286910,0.0,0.0
2019-11-14 00:00:00-05:00,68.9000015258789,69.9000015258789,68.80000305175781,69.80000305175781,56.8321418762207,1893190,0.0,0.0
2019-11-15 00:00:00-05:00,69.9000015258789,70.0,69.0999984741211,69.19999694824219,56.34362030029297,1634190,0.0,0.0
2019-11-18 00:00:00-05:00,69.19999694824219,69.69999694824219,69.0999984741211,69.5,56.58788299560547,1496560,0.0,0.0
2019-11-19 00:00:00-05:00,69.5999984741211,69.9000015258789,69.0999984741211,69.69999694824219,56.75071716308594,1448340,0.0,0.0
2019-11-20 00:00:00-05:00,69.30000305175781,69.69999694824219,68.4000015258789,69.0,56.180789947509766,1347940,0.0,0.0
2019-11-21 00:00:00-05:00,69.4000015258789,69.69999694824219,68.4000015258789,69.5999984741211,56.669307708740234,2424300,0.0,0.0
2019-11-22 00:00:00-05:00,70.0,70.0,68.0,68.0999984741211,55.44798278808594,6045590,0.0,0.0
2019-11-25 00:00:00-05:00,68.30000305175781,68.80000305175781,67.69999694824219,68.5,55.7736701965332,2262230,0.0,0.0
2019-11-26 00:00:00-05:00,68.5999984741211,69.0,68.19999694824219,69.0,56.180789947509766,2479540,0.0,0.0
2019-11-27 00:00:00-05:00,68.80000305175781,69.5,68.80000305175781,69.30000305175781,56.425052642822266,2060340,0.0,0.0
2019-11-29 00:00:00-05:00,69.5999984741211,70.0,68.80000305175781,69.80000305175781,56.8321418762207,1119170,0.0,0.0
2019-12-02 00:00:00-05:00,69.69999694824219,69.80000305175781,68.80000305175781,68.9000015258789,56.09934997558594,2864590,0.0,0.0
2019-12-03 00:00:00-05:00,69.0999984741211,69.19999694824219,67.0,67.80000305175781,55.2037239074707,3139510,0.0,0.0
2019-12-04 00:00:00-05:00,68.0,68.69999694824219,67.69999694824219,68.69999694824219,55.93650817871094,1919700,0.0,0.0
2019-12-05 00:00:00-05:00,68.9000015258789,68.9000015258789,68.30000305175781,68.5999984741211,55.855079650878906,1952410,0.0,0.0
2019-12-06 00:00:00-05:00,69.0999984741211,69.19999694824219,68.30000305175781,68.30000305175781,55.61082458496094,1752840,0.0,0.0
2019-12-09 00:00:00-05:00,68.30000305175781,68.80000305175781,68.19999694824219,68.69999694824219,55.93650817871094,989560,0.0,0.0
2019-12-10 00:00:00-05:00,68.69999694824219,69.4000015258789,68.5,68.9000015258789,56.09934997558594,1462260,0.0,0.0
2019-12-11 00:00:00-05:00,69.0,69.0999984741211,68.4000015258789,68.69999694824219,55.93650817871094,1447560,0.0,0.0
2019-12-12 00:00:00-05:00,68.69999694824219,69.30000305175781,68.4000015258789,68.9000015258789,56.09934997558594,1878120,0.0,0.0
2019-12-13 00:00:00-05:00,68.9000015258789,69.5999984741211,68.5,69.19999694824219,56.34362030029297,2263430,0.0,0.0
2019-12-16 00:00:00-05:00,69.30000305175781,69.69999694824219,68.9000015258789,69.5,56.58788299560547,1447700,0.0,0.0
2019-12-17 00:00:00-05:00,69.5999984741211,69.9000015258789,69.0,69.9000015258789,56.91356658935547,1569550,0.0,0.0
2019-12-18 00:00:00-05:00,69.80000305175781,70.5,69.69999694824219,70.4000015258789,57.32065963745117,2203730,0.0,0.0
2019-12-19 00:00:00-05:00,70.4000015258789,70.9000015258789,70.4000015258789,70.80000305175781,57.646358489990234,1767170,0.0,0.0
2019-12-20 00:00:00-05:00,70.9000015258789,71.80000305175781,70.80000305175781,71.80000305175781,58.460567474365234,3585570,0.0,0.0
2019-12-23 00:00:00-05:00,71.5999984741211,71.80000305175781,70.69999694824219,70.9000015258789,57.727783203125,1402760,0.0,0.0
2019-12-24 00:00:00-05:00,71.19999694824219,71.5,71.0999984741211,71.4000015258789,58.134883880615234,527920,0.0,0.0
2019-12-26 00:00:00-05:00,71.5999984741211,71.69999694824219,71.4000015258789,71.5999984741211,58.297733306884766,927240,0.0,0.0
2019-12-27 00:00:00-05:00,71.69999694824219,72.0,71.19999694824219,71.4000015258789,58.134883880615234,916560,0.0,0.0
2019-12-30 00:00:00-05:00,71.4000015258789,71.5999984741211,70.69999694824219,70.9000015258789,57.727783203125,1209310,0.0,0.0
2019-12-31 00:00:00-05:00,70.9000015258789,71.5999984741211,70.9000015258789,71.5,58.21631622314453,1206090,0.0,0.0
2020-01-02 00:00:00-05:00,71.30000305175781,71.9000015258789,71.0,71.30000305175781,58.053466796875,1598440,0.0,0.0
2020-01-03 00:00:00-05:00,70.5,71.4000015258789,70.0999984741211,70.9000015258789,57.727783203125,2457920,0.0,0.0
2020-01-06 00:00:00-05:00,70.5,71.4000015258789,70.4000015258789,71.19999694824219,57.972042083740234,1895860,0.0,0.0
2020-01-07 00:00:00-05:00,70.80000305175781,71.5999984741211,70.5,70.69999694824219,57.564945220947266,2056060,0.0,0.0
2020-01-08 00:00:00-05:00,70.5999984741211,71.19999694824219,70.19999694824219,70.5999984741211,57.48353576660156,2077020,0.0,0.0
2020-01-09 00:00:00-05:00,70.5999984741211,71.4000015258789,70.30000305175781,70.5,57.402103424072266,1716780,0.0,0.0
2020-01-10 00:00:00-05:00,70.5999984741211,70.5999984741211,69.80000305175781,70.0,56.99497604370117,1739250,0.0,0.0
2020-01-13 00:00:00-05:00,70.0,70.5,69.5999984741211,70.5,57.402103424072266,1584420,0.0,0.0
2020-01-14 00:00:00-05:00,70.19999694824219,71.4000015258789,69.80000305175781,71.0999984741211,57.890625,2074880,0.0,0.0
2020-01-15 00:00:00-05:00,71.19999694824219,72.0,71.0,71.69999694824219,58.379154205322266,2094650,0.0,0.0
2020-01-16 00:00:00-05:00,71.9000015258789,72.0999984741211,71.4000015258789,72.0,58.6234245300293,1355740,0.0,0.0
2020-01-17 00:00:00-05:00,72.0999984741211,72.30000305175781,71.5999984741211,71.69999694824219,58.379154205322266,1409050,0.0,0.0
2020-01-21 00:00:00-05:00,71.5,71.80000305175781,71.19999694824219,71.5,58.21631622314453,1290910,0.0,0.0
2020-01-22 00:00:00-05:00,71.5999984741211,72.0999984741211,71.19999694824219,72.0,58.6234245300293,2899560,0.0,0.0
2020-01-23 00:00:00-05:00,71.69999694824219,71.80000305175781,70.80000305175781,71.5999984741211,58.297733306884766,1826430,0.0,0.0
2020-01-24 00:00:00-05:00,71.5,71.80000305175781,70.5,71.0999984741211,57.890625,1814140,0.0,0.0
2020-01-27 00:00:00-05:00,70.5999984741211,71.4000015258789,70.19999694824219,71.19999694824219,57.972042083740234,1884500,0.0,0.0
2020-01-28 00:00:00-05:00,71.30000305175781,71.5999984741211,71.0,71.30000305175781,58.053466796875,1948440,0.0,0.0
2020-01-29 00:00:00-05:00,71.19999694824219,71.30000305175781,70.5,70.80000305175781,57.646358489990234,1590550,0.0,0.0
2020-01-30 00:00:00-05:00,70.5,71.9000015258789,70.19999694824219,71.9000015258789,58.54198455810547,2190780,0.0,0.0
2020-01-31 00:00:00-05:00,71.5999984741211,72.19999694824219,70.5,70.69999694824219,57.564945220947266,1843510,0.0,0.0
2020-02-03 00:00:00-05:00,71.0,72.0,70.80000305175781,71.69999694824219,58.379154205322266,2323660,0.0,0.0
2020-02-04 00:00:00-05:00,72.19999694824219,73.0,71.4000015258789,72.0999984741211,58.70484161376953,2075100,0.0,0.0
2020-02-05 00:00:00-05:00,72.5,72.9000015258789,71.69999694824219,71.69999694824219,58.379154205322266,1904510,0.0,0.0
2020-02-06 00:00:00-05:00,71.80000305175781,72.5,71.69999694824219,71.9000015258789,58.54198455810547,1338980,0.0,0.0
2020-02-07 00:00:00-05:00,71.4000015258789,71.5999984741211,70.9000015258789,71.0999984741211,57.890625,1538500,0.0,0.0
2020-02-10 00:00:00-05:00,71.30000305175781,72.0,71.19999694824219,72.0,58.6234245300293,1425310,0.0,0.0
2020-02-11 00:00:00-05:00,72.0,72.19999694824219,71.5999984741211,71.5999984741211,58.403175354003906,1660450,0.13,0.0
2020-02-12 00:00:00-05:00,71.69999694824219,72.30000305175781,71.69999694824219,72.0999984741211,58.81102752685547,1461330,0.0,0.0
2020-02-13 00:00:00-05:00,72.0999984741211,72.5,72.0,72.30000305175781,58.97416687011719,1057020,0.0,0.0
2020-02-14 00:00:00-05:00,72.30000305175781,72.5,72.0,72.0999984741211,58.81102752685547,1227140,0.0,0.0
2020-02-18 00:00:00-05:00,71.9000015258789,72.4000015258789,71.80000305175781,72.4000015258789,59.05573272705078,1362250,0.0,0.0
2020-02-19 00:00:00-05:00,72.19999694824219,73.0999984741211,72.0999984741211,72.5,59.137298583984375,2038560,0.0,0.0
2020-02-20 00:00:00-05:00,72.80000305175781,74.0,72.5,73.4000015258789,59.871402740478516,1758850,0.0,0.0
2020-02-21 00:00:00-05:00,73.30000305175781,73.4000015258789,72.30000305175781,72.4000015258789,59.05573272705078,1689130,0.0,0.0
2020-02-24 00:00:00-05:00,71.5999984741211,72.19999694824219,70.4000015258789,70.4000015258789,57.424354553222656,3140910,0.0,0.0
2020-02-25 00:00:00-05:00,70.80000305175781,71.0999984741211,69.5,69.80000305175781,56.9349479675293,3629310,0.0,0.0
2020-02-26 00:00:00-05:00,70.0,70.4000015258789,67.80000305175781,67.9000015258789,55.3851432800293,4037990,0.0,0.0
2020-02-27 00:00:00-05:00,67.0,67.5,64.5,64.5999984741211,52.693363189697266,5469620,0.0,0.0
2020-02-28 00:00:00-05:00,63.0,64.30000305175781,62.0,63.400001525878906,51.71455001831055,5530780,0.0,0.0
2020-03-02 00:00:00-05:00,62.79999923706055,65.5,62.599998474121094,65.5,53.42749786376953,3793870,0.0,0.0
2020-03-03 00:00:00-05:00,64.80000305175781,67.0,64.19999694824219,64.80000305175781,52.85651779174805,3768000,0.0,0.0
2020-03-04 00:00:00-05:00,65.69999694824219,66.5999984741211,65.5999984741211,66.5,54.2431755065918,2291130,0.0,0.0
2020-03-05 00:00:00-05:00,64.80000305175781,66.80000305175781,64.5999984741211,66.4000015258789,54.16162109375,3821970,0.0,0.0
2020-03-06 00:00:00-05:00,63.599998474121094,65.5,63.29999923706055,64.4000015258789,52.530235290527344,3396170,0.0,0.0
2020-03-09 00:00:00-04:00,61.599998474121094,62.70000076293945,59.70000076293945,60.400001525878906,49.26749801635742,4116180,0.0,0.0
2020-03-10 00:00:00-04:00,61.599998474121094,63.400001525878906,59.599998474121094,63.29999923706055,51.63298797607422,4111690,0.0,0.0
2020-03-11 00:00:00-04:00,61.20000076293945,62.599998474121094,59.599998474121094,60.5,49.34905242919922,3644790,0.0,0.0
2020-03-12 00:00:00-04:00,56.599998474121094,59.5,52.79999923706055,55.599998474121094,45.35218811035156,4021000,0.0,0.0
2020-03-13 00:00:00-04:00,57.79999923706055,59.0,54.400001525878906,59.0,48.12553405761719,4106080,0.0,0.0
2020-03-16 00:00:00-04:00,52.400001525878906,57.29999923706055,49.79999923706055,50.79999923706055,41.43689727783203,4707700,0.0,0.0
2020-03-17 00:00:00-04:00,51.5,54.79999923706055,48.900001525878906,54.29999923706055,44.29179000854492,4469160,0.0,0.0
2020-03-18 00:00:00-04:00,51.5,52.29999923706055,45.29999923706055,47.5,38.7451286315918,5849530,0.0,0.0
2020-03-19 00:00:00-04:00,46.70000076293945,49.20000076293945,45.099998474121094,47.900001525878906,39.07140350341797,4072660,0.0,0.0
2020-03-20 00:00:00-04:00,48.0,49.29999923706055,44.099998474121094,44.400001525878906,36.21650695800781,5831080,0.0,0.0
2020-03-23 00:00:00-04:00,43.79999923706055,46.0,41.099998474121094,45.20000076293945,36.86904525756836,5821380,0.0,0.0
2020-03-24 00:00:00-04:00,48.0,49.79999923706055,47.0,49.79999923706055,40.62120819091797,5065780,0.0,0.0
2020-03-25 00:00:00-04:00,49.79999923706055,53.20000076293945,49.20000076293945,50.5,41.19218826293945,2704010,0.0,0.0
2020-03-26 00:00:00-04:00,50.70000076293945,53.5,50.70000076293945,52.0,42.41572952270508,2720810,0.0,0.0
2020-03-27 00:00:00-04:00,50.400001525878906,50.599998474121094,49.0,49.29999923706055,40.21336364746094,2463280,0.0,0.0
2020-03-30 00:00:00-04:00,49.599998474121094,50.79999923706055,47.599998474121094,48.099998474121094,39.23453903198242,3479300,0.0,0.0
2020-03-31 00:00:00-04:00,48.400001525878906,51.20000076293945,48.0,49.400001525878906,40.29493713378906,2940200,0.0,0.0
2020-04-01 00:00:00-04:00,47.599998474121094,49.099998474121094,46.0,46.400001525878906,37.84787368774414,2647310,0.0,0.0
2020-04-02 00:00:00-04:00,45.900001525878906,48.5,45.099998474121094,47.5,38.7451286315918,2316320,0.0,0.0
2020-04-03 00:00:00-04:00,47.29999923706055,47.599998474121094,44.099998474121094,44.79999923706055,36.54278564453125,2078070,0.0,0.0
2020-04-06 00:00:00-04:00,47.20000076293945,48.5,46.79999923706055,47.900001525878906,39.07140350341797,2406920,0.0,0.0
2020-04-07 00:00:00-04:00,49.20000076293945,51.0,48.20000076293945,49.099998474121094,40.05023193359375,2827910,0.0,0.0
2020-04-08 00:00:00-04:00,49.900001525878906,52.099998474121094,49.20000076293945,51.70000076293945,42.1710090637207,1752130,0.0,0.0
2020-04-09 00:00:00-04:00,52.400001525878906,53.79999923706055,51.5,52.5,42.82356262207031,2176970,0.0,0.0
2020-04-13 00:00:00-04:00,52.20000076293945,52.29999923706055,49.5,51.20000076293945,41.76316452026367,1843830,0.0,0.0
2020-04-14 00:00:00-04:00,51.70000076293945,54.400001525878906,51.400001525878906,54.20000076293945,44.210243225097656,2420930,0.0,0.0
2020-04-15 00:00:00-04:00,53.20000076293945,53.400001525878906,52.0,53.0,43.23141098022461,2100160,0.0,0.0
2020-04-16 00:00:00-04:00,53.20000076293945,53.79999923706055,52.20000076293945,53.0,43.23141098022461,2285540,0.0,0.0
2020-04-17 00:00:00-04:00,54.099998474121094,54.29999923706055,52.0,52.900001525878906,43.149845123291016,1819700,0.0,0.0
2020-04-20 00:00:00-04:00,52.0,53.29999923706055,51.70000076293945,52.20000076293945,42.578861236572266,1747430,0.0,0.0
2020-04-21 00:00:00-04:00,51.29999923706055,51.70000076293945,49.70000076293945,50.0,40.78434753417969,2059090,0.0,0.0
2020-04-22 00:00:00-04:00,51.29999923706055,51.29999923706055,50.29999923706055,50.5,41.19218826293945,1852020,0.0,0.0
2020-04-23 00:00:00-04:00,51.099998474121094,55.70000076293945,51.099998474121094,53.70000076293945,43.802391052246094,5189210,0.0,0.0
2020-04-24 00:00:00-04:00,54.599998474121094,55.400001525878906,52.900001525878906,55.099998474121094,44.94435119628906,3104010,0.0,0.0
2020-04-27 00:00:00-04:00,55.099998474121094,56.900001525878906,55.0,56.099998474121094,45.76003646850586,2196380,0.0,0.0
2020-04-28 00:00:00-04:00,58.900001525878906,60.20000076293945,55.79999923706055,57.599998474121094,46.98356246948242,3401390,0.0,0.0
2020-04-29 00:00:00-04:00,59.20000076293945,60.29999923706055,58.70000076293945,59.20000076293945,48.28866958618164,3211930,0.0,0.0
2020-04-30 00:00:00-04:00,59.20000076293945,60.0,58.0,59.099998474121094,48.20710754394531,2407320,0.0,0.0
2020-05-01 00:00:00-04:00,58.0,58.29999923706055,56.79999923706055,58.0,47.309837341308594,2411740,0.0,0.0
2020-05-04 00:00:00-04:00,57.5,58.29999923706055,56.099998474121094,57.5,46.90200424194336,2419080,0.0,0.0
2020-05-05 00:00:00-04:00,57.900001525878906,58.0,56.70000076293945,57.400001525878906,46.82042694091797,2473960,0.0,0.0
2020-05-06 00:00:00-04:00,57.599998474121094,57.70000076293945,56.20000076293945,56.599998474121094,46.16788101196289,2636960,0.0,0.0
2020-05-07 00:00:00-04:00,56.400001525878906,57.099998474121094,55.0,55.20000076293945,45.129573822021484,3664710,0.13,0.0
2020-05-08 00:00:00-04:00,56.20000076293945,57.5,55.70000076293945,57.5,47.009971618652344,2961990,0.0,0.0
2020-05-11 00:00:00-04:00,57.0,57.099998474121094,55.900001525878906,56.599998474121094,46.2741584777832,2527290,0.0,0.0
2020-05-12 00:00:00-04:00,56.599998474121094,56.79999923706055,54.099998474121094,54.29999923706055,44.39375686645508,3209360,0.0,0.0
2020-05-13 00:00:00-04:00,54.20000076293945,54.79999923706055,51.099998474121094,52.20000076293945,42.6768798828125,4275950,0.0,0.0
2020-05-14 00:00:00-04:00,51.599998474121094,53.099998474121094,50.099998474121094,52.900001525878906,43.249183654785156,5693520,0.0,0.0
2020-05-15 00:00:00-04:00,52.5,53.400001525878906,51.79999923706055,53.400001525878906,43.657958984375,2604070,0.0,0.0
2020-05-18 00:00:00-04:00,54.900001525878906,56.400001525878906,54.400001525878906,55.099998474121094,45.047821044921875,4430640,0.0,0.0
2020-05-19 00:00:00-04:00,55.400001525878906,55.70000076293945,54.20000076293945,54.5,44.55727767944336,3637160,0.0,0.0
2020-05-20 00:00:00-04:00,54.79999923706055,55.099998474121094,51.900001525878906,52.29999923706055,42.75862503051758,4910170,0.0,0.0
2020-05-21 00:00:00-04:00,52.29999923706055,52.29999923706055,50.599998474121094,52.0,42.51337432861328,5187770,0.0,0.0
2020-05-22 00:00:00-04:00,52.099998474121094,53.5,51.70000076293945,53.099998474121094,43.412681579589844,3903000,0.0,0.0
2020-05-26 00:00:00-04:00,54.400001525878906,55.20000076293945,53.20000076293945,54.79999923706055,44.80253982543945,3873790,0.0,0.0
2020-05-27 00:00:00-04:00,56.5,58.400001525878906,56.400001525878906,57.79999923706055,47.2552375793457,4818910,0.0,0.0
2020-05-28 00:00:00-04:00,57.900001525878906,57.900001525878906,56.400001525878906,56.79999923706055,46.43766403198242,3850870,0.0,0.0
2020-05-29 00:00:00-04:00,56.599998474121094,58.599998474121094,55.70000076293945,58.20000076293945,47.582271575927734,6198180,0.0,0.0
2020-06-01 00:00:00-04:00,58.20000076293945,60.0,58.099998474121094,59.70000076293945,48.8086051940918,3370820,0.0,0.0
2020-06-02 00:00:00-04:00,60.400001525878906,60.5,59.29999923706055,59.79999923706055,48.89036560058594,3427420,0.0,0.0
2020-06-03 00:00:00-04:00,60.400001525878906,62.900001525878906,60.20000076293945,62.5,51.09779357910156,4190560,0.0,0.0
2020-06-04 00:00:00-04:00,62.400001525878906,65.0,62.099998474121094,64.5,52.7329216003418,5740490,0.0,0.0
2020-06-05 00:00:00-04:00,66.80000305175781,67.30000305175781,64.5999984741211,65.0999984741211,53.22346115112305,3742310,0.0,0.0
2020-06-08 00:00:00-04:00,65.69999694824219,65.80000305175781,64.5999984741211,65.19999694824219,53.305213928222656,3254690,0.0,0.0
2020-06-09 00:00:00-04:00,64.4000015258789,64.5999984741211,63.0,63.29999923706055,51.75185012817383,2354540,0.0,0.0
2020-06-10 00:00:00-04:00,63.400001525878906,63.5,60.900001525878906,62.20000076293945,50.85252380371094,2888970,0.0,0.0
2020-06-11 00:00:00-04:00,60.599998474121094,60.900001525878906,58.099998474121094,58.5,47.827537536621094,3055830,0.0,0.0
2020-06-12 00:00:00-04:00,60.20000076293945,60.599998474121094,58.0,59.400001525878906,48.5633430480957,3363380,0.0,0.0
2020-06-15 00:00:00-04:00,58.099998474121094,60.20000076293945,57.900001525878906,59.900001525878906,48.97212219238281,2708780,0.0,0.0
2020-06-16 00:00:00-04:00,61.79999923706055,61.900001525878906,59.20000076293945,60.400001525878906,49.380916595458984,2613280,0.0,0.0
2020-06-17 00:00:00-04:00,60.400001525878906,61.0,60.0,60.20000076293945,49.21739959716797,1805750,0.0,0.0
2020-06-18 00:00:00-04:00,60.099998474121094,60.900001525878906,59.70000076293945,60.599998474121094,49.54441452026367,2146290,0.0,0.0
2020-06-19 00:00:00-04:00,61.20000076293945,61.70000076293945,59.400001525878906,59.599998474121094,48.72685623168945,4394360,0.0,0.0
2020-06-22 00:00:00-04:00,59.5,60.0,58.70000076293945,59.599998474121094,48.72685623168945,2360330,0.0,0.0
2020-06-23 00:00:00-04:00,60.099998474121094,60.70000076293945,58.79999923706055,59.0,48.2363166809082,2992280,0.0,0.0
2020-06-24 00:00:00-04:00,58.900001525878906,58.900001525878906,57.099998474121094,57.79999923706055,47.2552375793457,3239880,0.0,0.0
2020-06-25 00:00:00-04:00,57.400001525878906,58.400001525878906,56.599998474121094,58.20000076293945,47.582271575927734,2706570,0.0,0.0
2020-06-26 00:00:00-04:00,58.0,58.099998474121094,55.20000076293945,55.400001525878906,45.29308319091797,4986590,0.0,0.0
2020-06-29 00:00:00-04:00,55.70000076293945,57.29999923706055,55.5,57.0,46.60118103027344,2350890,0.0,0.0
2020-06-30 00:00:00-04:00,56.900001525878906,58.900001525878906,56.5,58.70000076293945,47.99104690551758,3689090,0.0,0.0
2020-07-01 00:00:00-04:00,58.79999923706055,59.599998474121094,57.900001525878906,58.900001525878906,48.15456771850586,2615760,0.0,0.0
2020-07-02 00:00:00-04:00,59.79999923706055,59.79999923706055,58.29999923706055,58.400001525878906,47.745784759521484,2405620,0.0,0.0
2020-07-06 00:00:00-04:00,59.0,59.599998474121094,58.5,58.70000076293945,47.99104690551758,2165620,0.0,0.0
2020-07-07 00:00:00-04:00,59.0,59.099998474121094,57.79999923706055,57.900001525878906,47.337005615234375,2228770,0.0,0.0
2020-07-08 00:00:00-04:00,57.79999923706055,58.20000076293945,57.0,57.79999923706055,47.2552375793457,2044840,0.0,0.0
2020-07-09 00:00:00-04:00,57.79999923706055,58.20000076293945,55.900001525878906,56.29999923706055,46.02889633178711,1977860,0.0,0.0
2020-07-10 00:00:00-04:00,56.5,57.20000076293945,56.099998474121094,57.0,46.60118103027344,1897160,0.0,0.0
2020-07-13 00:00:00-04:00,56.900001525878906,57.79999923706055,55.900001525878906,55.900001525878906,45.701873779296875,2286910,0.0,0.0
2020-07-14 00:00:00-04:00,55.20000076293945,56.900001525878906,55.099998474121094,56.599998474121094,46.2741584777832,2924980,0.0,0.0
2020-07-15 00:00:00-04:00,57.599998474121094,60.20000076293945,57.599998474121094,60.099998474121094,49.13563537597656,3909610,0.0,0.0
2020-07-16 00:00:00-04:00,59.5,59.79999923706055,58.70000076293945,59.5,48.64509963989258,1987850,0.0,0.0
2020-07-17 00:00:00-04:00,59.400001525878906,59.79999923706055,58.900001525878906,58.900001525878906,48.15456771850586,2312860,0.0,0.0
2020-07-20 00:00:00-04:00,58.900001525878906,59.20000076293945,57.599998474121094,58.20000076293945,47.582271575927734,2004770,0.0,0.0
2020-07-21 00:00:00-04:00,58.599998474121094,60.29999923706055,58.5,58.70000076293945,47.99104690551758,2394450,0.0,0.0
2020-07-22 00:00:00-04:00,59.099998474121094,59.79999923706055,58.599998474121094,59.400001525878906,48.5633430480957,2066890,0.0,0.0
2020-07-23 00:00:00-04:00,59.29999923706055,59.70000076293945,58.5,58.900001525878906,48.15456771850586,1936450,0.0,0.0
2020-07-24 00:00:00-04:00,59.0,59.5,58.5,59.099998474121094,48.31806945800781,1919660,0.0,0.0
2020-07-27 00:00:00-04:00,59.0,59.900001525878906,58.400001525878906,59.900001525878906,48.97212219238281,2047010,0.0,0.0
2020-07-28 00:00:00-04:00,60.5,60.599998474121094,59.20000076293945,59.5,48.64509963989258,1870710,0.0,0.0
2020-07-29 00:00:00-04:00,59.70000076293945,60.20000076293945,58.70000076293945,59.099998474121094,48.31806945800781,2744980,0.0,0.0
2020-07-30 00:00:00-04:00,60.70000076293945,62.0,58.20000076293945,58.70000076293945,47.99104690551758,5270610,0.0,0.0
2020-07-31 00:00:00-04:00,58.5,59.29999923706055,57.5,58.79999923706055,48.07279968261719,3518780,0.0,0.0
2020-08-03 00:00:00-04:00,58.70000076293945,59.29999923706055,58.099998474121094,58.70000076293945,47.99104690551758,2119330,0.0,0.0
2020-08-04 00:00:00-04:00,58.5,59.900001525878906,58.400001525878906,59.20000076293945,48.39982986450195,2143250,0.0,0.0
2020-08-05 00:00:00-04:00,59.400001525878906,59.70000076293945,58.900001525878906,59.099998474121094,48.31806945800781,1798950,0.0,0.0
2020-08-06 00:00:00-04:00,59.0,59.5,58.599998474121094,59.20000076293945,48.50652313232422,1797330,0.13,0.0
2020-08-07 00:00:00-04:00,58.79999923706055,59.900001525878906,58.79999923706055,59.79999923706055,48.99814987182617,1808970,0.0,0.0
2020-08-10 00:00:00-04:00,59.400001525878906,60.20000076293945,59.0,60.099998474121094,49.24394989013672,1732520,0.0,0.0
2020-08-11 00:00:00-04:00,60.20000076293945,61.5,60.20000076293945,60.5,49.57170104980469,2778340,0.0,0.0
2020-08-12 00:00:00-04:00,60.599998474121094,62.0,60.5,60.900001525878906,49.89945602416992,2115180,0.0,0.0
2020-08-13 00:00:00-04:00,60.79999923706055,61.20000076293945,60.0,60.099998474121094,49.24394989013672,1656300,0.0,0.0
2020-08-14 00:00:00-04:00,60.099998474121094,60.5,59.70000076293945,59.79999923706055,48.99814987182617,1534600,0.0,0.0
2020-08-17 00:00:00-04:00,60.0,60.20000076293945,59.20000076293945,60.0,49.16202163696289,2160950,0.0,0.0
2020-08-18 00:00:00-04:00,59.70000076293945,60.099998474121094,59.29999923706055,59.5,48.75233840942383,1457840,0.0,0.0
2020-08-19 00:00:00-04:00,59.70000076293945,59.79999923706055,58.5,58.70000076293945,48.09684753417969,1560570,0.0,0.0
2020-08-20 00:00:00-04:00,58.20000076293945,58.400001525878906,57.70000076293945,58.29999923706055,47.76909255981445,1862200,0.0,0.0
2020-08-21 00:00:00-04:00,57.900001525878906,58.20000076293945,57.5,58.20000076293945,47.68716049194336,2121780,0.0,0.0
2020-08-24 00:00:00-04:00,58.20000076293945,58.70000076293945,57.79999923706055,58.5,47.93296432495117,2025550,0.0,0.0
2020-08-25 00:00:00-04:00,58.70000076293945,58.900001525878906,57.79999923706055,58.599998474121094,48.0149040222168,1748990,0.0,0.0
2020-08-26 00:00:00-04:00,58.099998474121094,58.70000076293945,58.0,58.29999923706055,47.76909255981445,1529400,0.0,0.0
2020-08-27 00:00:00-04:00,58.5,59.599998474121094,58.5,59.0,48.3426513671875,2256980,0.0,0.0
2020-08-28 00:00:00-04:00,59.20000076293945,59.79999923706055,59.0,59.599998474121094,48.83427810668945,1772120,0.0,0.0
2020-08-31 00:00:00-04:00,59.099998474121094,59.20000076293945,58.5,58.70000076293945,48.09684753417969,1881420,0.0,0.0
2020-09-01 00:00:00-04:00,58.29999923706055,58.5,57.900001525878906,58.29999923706055,47.76909255981445,2251530,0.0,0.0
2020-09-02 00:00:00-04:00,58.20000076293945,59.599998474121094,58.099998474121094,59.29999923706055,48.58847427368164,3549570,0.0,0.0
2020-09-03 00:00:00-04:00,59.400001525878906,59.900001525878906,57.29999923706055,57.599998474121094,47.19554138183594,3394160,0.0,0.0
2020-09-04 00:00:00-04:00,58.0,58.29999923706055,56.599998474121094,57.20000076293945,46.86779022216797,2410680,0.0,0.0
2020-09-08 00:00:00-04:00,57.0,57.20000076293945,55.900001525878906,56.20000076293945,46.048431396484375,3239490,0.0,0.0
2020-09-09 00:00:00-04:00,56.599998474121094,57.400001525878906,55.70000076293945,57.099998474121094,46.78586196899414,2978800,0.0,0.0
2020-09-10 00:00:00-04:00,56.900001525878906,57.70000076293945,55.29999923706055,55.79999923706055,45.72068405151367,3123390,0.0,0.0
2020-09-11 00:00:00-04:00,55.900001525878906,56.20000076293945,54.5,54.79999923706055,44.90130615234375,2611290,0.0,0.0
2020-09-14 00:00:00-04:00,55.099998474121094,56.70000076293945,55.099998474121094,56.400001525878906,46.21229934692383,2925130,0.0,0.0
2020-09-15 00:00:00-04:00,55.900001525878906,55.900001525878906,53.29999923706055,53.599998474121094,43.91806411743164,4683440,0.0,0.0
2020-09-16 00:00:00-04:00,54.20000076293945,55.099998474121094,53.70000076293945,54.0,44.24581527709961,4129750,0.0,0.0
2020-09-17 00:00:00-04:00,53.20000076293945,53.70000076293945,52.70000076293945,53.099998474121094,43.50838088989258,3432380,0.0,0.0
2020-09-18 00:00:00-04:00,53.0,53.20000076293945,51.29999923706055,51.599998474121094,42.27933120727539,4943120,0.0,0.0
2020-09-21 00:00:00-04:00,50.70000076293945,51.099998474121094,50.0,51.099998474121094,41.869651794433594,3016080,0.0,0.0
2020-09-22 00:00:00-04:00,51.29999923706055,52.0,50.400001525878906,51.29999923706055,42.03352737426758,3331260,0.0,0.0
2020-09-23 00:00:00-04:00,51.5,52.0,50.099998474121094,50.20000076293945,41.13223648071289,2420600,0.0,0.0
2020-09-24 00:00:00-04:00,49.70000076293945,51.29999923706055,49.5,51.0,41.78771209716797,2550200,0.0,0.0
2020-09-25 00:00:00-04:00,50.5,51.79999923706055,50.099998474121094,51.20000076293945,41.95159149169922,2504850,0.0,0.0
2020-09-28 00:00:00-04:00,52.0,53.20000076293945,52.0,52.900001525878906,43.34452819824219,2213770,0.0,0.0
2020-09-29 00:00:00-04:00,53.0,53.20000076293945,51.900001525878906,52.5,43.01677322387695,1784450,0.0,0.0
2020-09-30 00:00:00-04:00,52.79999923706055,54.400001525878906,52.70000076293945,53.599998474121094,43.91806411743164,2807530,0.0,0.0
2020-10-01 00:00:00-04:00,54.0,56.599998474121094,53.79999923706055,56.5,46.294227600097656,4327180,0.0,0.0
2020-10-02 00:00:00-04:00,55.20000076293945,56.599998474121094,55.0,55.599998474121094,45.556800842285156,3195210,0.0,0.0
2020-10-05 00:00:00-04:00,55.900001525878906,56.599998474121094,55.20000076293945,56.099998474121094,45.96648025512695,2190140,0.0,0.0
2020-10-06 00:00:00-04:00,56.0,56.70000076293945,55.29999923706055,55.599998474121094,45.556800842285156,2737170,0.0,0.0
2020-10-07 00:00:00-04:00,57.70000076293945,58.900001525878906,57.5,58.20000076293945,47.68716049194336,3256030,0.0,0.0
2020-10-08 00:00:00-04:00,59.099998474121094,59.79999923706055,57.599998474121094,59.599998474121094,48.83427810668945,3331140,0.0,0.0
2020-10-09 00:00:00-04:00,59.70000076293945,60.29999923706055,58.400001525878906,58.400001525878906,47.85103225708008,2108820,0.0,0.0
2020-10-12 00:00:00-04:00,58.70000076293945,59.5,58.5,59.099998474121094,48.424591064453125,2717920,0.0,0.0
2020-10-13 00:00:00-04:00,59.099998474121094,59.79999923706055,58.400001525878906,58.900001525878906,48.26072311401367,2931010,0.0,0.0
2020-10-14 00:00:00-04:00,58.900001525878906,59.29999923706055,58.099998474121094,58.400001525878906,47.85103225708008,1963940,0.0,0.0
2020-10-15 00:00:00-04:00,57.79999923706055,58.599998474121094,57.400001525878906,58.400001525878906,47.85103225708008,2918090,0.0,0.0
2020-10-16 00:00:00-04:00,58.400001525878906,58.70000076293945,58.0,58.400001525878906,47.85103225708008,2847480,0.0,0.0
2020-10-19 00:00:00-04:00,58.400001525878906,58.900001525878906,57.20000076293945,57.29999923706055,46.949729919433594,2131030,0.0,0.0
2020-10-20 00:00:00-04:00,58.20000076293945,58.599998474121094,57.599998474121094,58.0,47.523284912109375,1984080,0.0,0.0
2020-10-21 00:00:00-04:00,58.29999923706055,59.20000076293945,57.79999923706055,58.599998474121094,48.0149040222168,3250500,0.0,0.0
2020-10-22 00:00:00-04:00,60.099998474121094,60.29999923706055,58.20000076293945,59.900001525878906,49.080081939697266,3141100,0.0,0.0
2020-10-23 00:00:00-04:00,60.0,60.400001525878906,59.0,59.79999923706055,48.99814987182617,2171930,0.0,0.0
2020-10-26 00:00:00-04:00,59.29999923706055,59.79999923706055,57.79999923706055,57.900001525878906,47.44136047363281,2402980,0.0,0.0
2020-10-27 00:00:00-04:00,58.5,59.29999923706055,57.599998474121094,59.099998474121094,48.424591064453125,2052150,0.0,0.0
2020-10-28 00:00:00-04:00,58.400001525878906,58.599998474121094,56.900001525878906,57.0,46.703914642333984,2368240,0.0,0.0
2020-10-29 00:00:00-04:00,56.79999923706055,58.79999923706055,56.70000076293945,58.29999923706055,47.76909255981445,2687100,0.0,0.0
2020-10-30 00:00:00-04:00,57.70000076293945,58.400001525878906,57.0,57.29999923706055,46.949729919433594,2229840,0.0,0.0
2020-11-02 00:00:00-05:00,57.900001525878906,58.79999923706055,57.400001525878906,57.79999923706055,47.35941696166992,2197250,0.0,0.0
2020-11-03 00:00:00-05:00,58.20000076293945,59.099998474121094,58.099998474121094,58.20000076293945,47.68716049194336,2678090,0.0,0.0
2020-11-04 00:00:00-05:00,58.79999923706055,59.400001525878906,57.900001525878906,58.900001525878906,48.26072311401367,2609570,0.0,0.0
2020-11-05 00:00:00-05:00,59.20000076293945,61.099998474121094,59.099998474121094,60.900001525878906,50.026851654052734,2395730,0.15,0.0
2020-11-06 00:00:00-05:00,60.599998474121094,61.0,60.099998474121094,60.29999923706055,49.53397750854492,2143470,0.0,0.0
2020-11-09 00:00:00-05:00,62.5,63.20000076293945,60.5,60.5,49.69826889038086,2873950,0.0,0.0
2020-11-10 00:00:00-05:00,59.70000076293945,61.400001525878906,59.599998474121094,59.900001525878906,49.20539093017578,3173730,0.0,0.0
2020-11-11 00:00:00-05:00,60.599998474121094,62.599998474121094,60.099998474121094,61.79999923706055,50.76616668701172,2270050,0.0,0.0
2020-11-12 00:00:00-05:00,61.5,62.099998474121094,60.400001525878906,61.099998474121094,50.19114303588867,2198580,0.0,0.0
2020-11-13 00:00:00-05:00,61.5,62.900001525878906,61.400001525878906,62.70000076293945,51.50547409057617,1998980,0.0,0.0
2020-11-16 00:00:00-05:00,63.400001525878906,63.900001525878906,63.0,63.70000076293945,52.32694625854492,2030120,0.0,0.0
2020-11-17 00:00:00-05:00,62.79999923706055,64.5999984741211,62.79999923706055,64.0999984741211,52.65552520751953,1747520,0.0,0.0
2020-11-18 00:00:00-05:00,64.30000305175781,64.80000305175781,63.099998474121094,63.20000076293945,51.91621398925781,2054770,0.0,0.0
2020-11-19 00:00:00-05:00,62.70000076293945,64.4000015258789,62.599998474121094,64.0999984741211,52.65552520751953,1969790,0.0,0.0
2020-11-20 00:00:00-05:00,63.79999923706055,64.5999984741211,63.599998474121094,64.19999694824219,52.73766326904297,1554780,0.0,0.0
2020-11-23 00:00:00-05:00,64.4000015258789,66.0,64.30000305175781,65.5999984741211,53.88771438598633,2181190,0.0,0.0
2020-11-24 00:00:00-05:00,66.19999694824219,66.5999984741211,65.4000015258789,65.5,53.80556869506836,1925800,0.0,0.0
2020-11-25 00:00:00-05:00,65.4000015258789,65.5,63.400001525878906,64.69999694824219,53.14839172363281,2593630,0.0,0.0
2020-11-27 00:00:00-05:00,65.0,66.30000305175781,65.0,65.5,53.80556869506836,1088590,0.0,0.0
2020-11-30 00:00:00-05:00,65.30000305175781,65.4000015258789,64.0,64.9000015258789,53.31268310546875,2436080,0.0,0.0
2020-12-01 00:00:00-05:00,65.0999984741211,66.0,64.80000305175781,65.19999694824219,53.55911636352539,2541430,0.0,0.0
2020-12-02 00:00:00-05:00,65.0999984741211,65.19999694824219,64.19999694824219,64.30000305175781,52.819820404052734,1744560,0.0,0.0
2020-12-03 00:00:00-05:00,64.19999694824219,64.80000305175781,63.79999923706055,64.30000305175781,52.819820404052734,2177050,0.0,0.0
2020-12-04 00:00:00-05:00,64.19999694824219,64.9000015258789,63.29999923706055,63.400001525878906,52.08050537109375,1922900,0.0,0.0
2020-12-07 00:00:00-05:00,63.5,65.69999694824219,63.29999923706055,65.19999694824219,53.55911636352539,2203110,0.0,0.0
2020-12-08 00:00:00-05:00,66.30000305175781,66.80000305175781,65.0999984741211,66.0999984741211,54.29844284057617,4604640,0.0,0.0
2020-12-09 00:00:00-05:00,66.69999694824219,67.30000305175781,63.79999923706055,64.0999984741211,52.65552520751953,2953960,0.0,0.0
2020-12-10 00:00:00-05:00,63.900001525878906,64.19999694824219,63.20000076293945,63.900001525878906,52.49123001098633,2476450,0.0,0.0
2020-12-11 00:00:00-05:00,64.0,64.5,63.599998474121094,64.19999694824219,52.73766326904297,1991280,0.0,0.0
2020-12-14 00:00:00-05:00,64.5,64.5,63.099998474121094,63.29999923706055,51.99836349487305,1732040,0.0,0.0
2020-12-15 00:00:00-05:00,63.5,64.0999984741211,63.0,63.900001525878906,52.49123001098633,1137490,0.0,0.0
2020-12-16 00:00:00-05:00,63.900001525878906,64.0999984741211,63.400001525878906,63.70000076293945,52.32694625854492,1377370,0.0,0.0
2020-12-17 00:00:00-05:00,64.0,64.19999694824219,63.20000076293945,63.79999923706055,52.40908432006836,1854920,0.0,0.0
2020-12-18 00:00:00-05:00,64.0,64.30000305175781,62.70000076293945,63.099998474121094,51.834068298339844,3894160,0.0,0.0
2020-12-21 00:00:00-05:00,62.5,63.29999923706055,61.70000076293945,63.099998474121094,51.834068298339844,2137640,0.0,0.0
2020-12-22 00:00:00-05:00,62.79999923706055,63.20000076293945,62.400001525878906,62.70000076293945,51.50547409057617,1350450,0.0,0.0
2020-12-23 00:00:00-05:00,62.79999923706055,63.099998474121094,62.5,62.70000076293945,51.50547409057617,1891080,0.0,0.0
2020-12-24 00:00:00-05:00,62.70000076293945,63.20000076293945,62.5,63.099998474121094,51.834068298339844,556740,0.0,0.0
2020-12-28 00:00:00-05:00,63.0,63.79999923706055,62.70000076293945,63.5,52.16264724731445,1497000,0.0,0.0
2020-12-29 00:00:00-05:00,63.29999923706055,64.19999694824219,63.099998474121094,64.0999984741211,52.65552520751953,1752900,0.0,0.0
2020-12-30 00:00:00-05:00,63.900001525878906,64.9000015258789,63.79999923706055,64.0999984741211,52.65552520751953,1574270,0.0,0.0
2020-12-31 00:00:00-05:00,64.30000305175781,64.30000305175781,63.20000076293945,63.70000076293945,52.32694625854492,1246820,0.0,0.0
2021-01-04 00:00:00-05:00,63.900001525878906,63.900001525878906,61.20000076293945,61.70000076293945,50.68401336669922,3520510,0.0,0.0
2021-01-05 00:00:00-05:00,61.20000076293945,62.79999923706055,61.20000076293945,62.400001525878906,51.25904846191406,2881190,0.0,0.0
2021-01-06 00:00:00-05:00,62.400001525878906,65.30000305175781,62.29999923706055,65.19999694824219,53.55911636352539,3732660,0.0,0.0
2021-01-07 00:00:00-05:00,65.0,65.0999984741211,63.79999923706055,64.19999694824219,52.73766326904297,3089160,0.0,0.0
2021-01-08 00:00:00-05:00,63.900001525878906,63.900001525878906,59.099998474121094,59.099998474121094,48.548221588134766,6340160,0.0,0.0
2021-01-11 00:00:00-05:00,59.29999923706055,60.20000076293945,58.900001525878906,59.400001525878906,48.79466247558594,3551980,0.0,0.0
2021-01-12 00:00:00-05:00,59.400001525878906,59.900001525878906,58.70000076293945,58.79999923706055,48.301795959472656,3159790,0.0,0.0
2021-01-13 00:00:00-05:00,58.599998474121094,59.29999923706055,57.599998474121094,58.900001525878906,48.383941650390625,3939960,0.0,0.0
2021-01-14 00:00:00-05:00,59.29999923706055,59.599998474121094,58.20000076293945,58.29999923706055,47.89106369018555,2842560,0.0,0.0
2021-01-15 00:00:00-05:00,58.20000076293945,58.70000076293945,57.5,58.0,47.64462661743164,2358630,0.0,0.0
2021-01-19 00:00:00-05:00,58.29999923706055,60.099998474121094,58.0,59.5,48.87681198120117,2945190,0.0,0.0
2021-01-20 00:00:00-05:00,59.400001525878906,60.0,58.5,59.599998474121094,48.95895767211914,2482710,0.0,0.0
2021-01-21 00:00:00-05:00,59.29999923706055,60.400001525878906,58.79999923706055,59.900001525878906,49.20539093017578,2087270,0.0,0.0
2021-01-22 00:00:00-05:00,59.599998474121094,60.0,58.70000076293945,59.70000076293945,49.04109573364258,1928920,0.0,0.0
2021-01-25 00:00:00-05:00,59.70000076293945,61.5,59.599998474121094,60.599998474121094,49.78041458129883,3384100,0.0,0.0
2021-01-26 00:00:00-05:00,60.70000076293945,65.9000015258789,60.5,65.5,53.80556869506836,5313370,0.0,0.0
2021-01-27 00:00:00-05:00,67.69999694824219,81.4000015258789,67.5,68.69999694824219,56.434234619140625,14733100,0.0,0.0
2021-01-28 00:00:00-05:00,68.30000305175781,69.19999694824219,63.79999923706055,64.0,52.573368072509766,6776980,0.0,0.0
2021-01-29 00:00:00-05:00,64.19999694824219,67.5999984741211,62.400001525878906,62.599998474121094,51.42333221435547,4142580,0.0,0.0
2021-02-01 00:00:00-05:00,63.5,64.0,61.599998474121094,62.599998474121094,51.42333221435547,2815500,0.0,0.0
2021-02-02 00:00:00-05:00,62.900001525878906,63.099998474121094,59.79999923706055,62.0,50.93045425415039,4194470,0.0,0.0
2021-02-03 00:00:00-05:00,61.5,62.79999923706055,61.29999923706055,61.79999923706055,50.76616668701172,3011660,0.0,0.0
2021-02-04 00:00:00-05:00,61.5,61.79999923706055,60.70000076293945,61.20000076293945,50.27328872680664,2616000,0.0,0.0
2021-02-05 00:00:00-05:00,61.20000076293945,61.79999923706055,60.79999923706055,61.099998474121094,50.19114303588867,2949770,0.0,0.0
2021-02-08 00:00:00-05:00,61.400001525878906,61.900001525878906,60.29999923706055,60.599998474121094,49.78041458129883,3003220,0.0,0.0
2021-02-09 00:00:00-05:00,60.70000076293945,61.0,59.900001525878906,60.599998474121094,49.903934478759766,3658640,0.15,0.0
2021-02-10 00:00:00-05:00,60.599998474121094,61.599998474121094,60.20000076293945,60.70000076293945,49.98628616333008,3063470,0.0,0.0
2021-02-11 00:00:00-05:00,60.900001525878906,61.20000076293945,60.099998474121094,61.099998474121094,50.31568908691406,2303630,0.0,0.0
2021-02-12 00:00:00-05:00,61.0,61.29999923706055,60.20000076293945,60.900001525878906,50.15099334716797,1855950,0.0,0.0
2021-02-16 00:00:00-05:00,60.900001525878906,61.099998474121094,59.5,59.900001525878906,49.32748794555664,2183570,0.0,0.0
2021-02-17 00:00:00-05:00,59.70000076293945,60.70000076293945,59.20000076293945,60.099998474121094,49.492191314697266,2488650,0.0,0.0
2021-02-18 00:00:00-05:00,60.099998474121094,60.5,59.29999923706055,60.20000076293945,49.57454299926758,2163330,0.0,0.0
2021-02-19 00:00:00-05:00,59.79999923706055,60.79999923706055,59.79999923706055,60.099998474121094,49.492191314697266,1838120,0.0,0.0
2021-02-22 00:00:00-05:00,60.099998474121094,61.0,60.0,60.20000076293945,49.57454299926758,2053850,0.0,0.0
2021-02-23 00:00:00-05:00,60.20000076293945,60.5,58.70000076293945,59.5,48.99810028076172,2548620,0.0,0.0
2021-02-24 00:00:00-05:00,59.099998474121094,60.0,58.79999923706055,59.900001525878906,49.32748794555664,2585310,0.0,0.0
2021-02-25 00:00:00-05:00,59.900001525878906,60.400001525878906,58.099998474121094,58.599998474121094,48.25694274902344,3173490,0.0,0.0
2021-02-26 00:00:00-05:00,58.599998474121094,59.70000076293945,58.099998474121094,58.5,48.17459487915039,3322100,0.0,0.0
2021-03-01 00:00:00-05:00,58.900001525878906,60.400001525878906,58.400001525878906,60.20000076293945,49.57454299926758,2030510,0.0,0.0
2021-03-02 00:00:00-05:00,60.20000076293945,60.400001525878906,59.599998474121094,59.79999923706055,49.245140075683594,1815850,0.0,0.0
2021-03-03 00:00:00-05:00,59.70000076293945,60.0,58.70000076293945,58.900001525878906,48.50400161743164,2083540,0.0,0.0
2021-03-04 00:00:00-05:00,58.79999923706055,59.5,57.599998474121094,57.900001525878906,47.680503845214844,2569220,0.0,0.0
2021-03-05 00:00:00-05:00,58.099998474121094,59.20000076293945,57.599998474121094,58.900001525878906,48.50400161743164,3002830,0.0,0.0
2021-03-08 00:00:00-05:00,58.79999923706055,59.900001525878906,58.599998474121094,59.099998474121094,48.6686897277832,3257480,0.0,0.0
2021-03-09 00:00:00-05:00,59.29999923706055,60.400001525878906,58.79999923706055,59.70000076293945,49.16279220581055,2745410,0.0,0.0
2021-03-10 00:00:00-05:00,60.20000076293945,61.29999923706055,59.70000076293945,60.599998474121094,49.903934478759766,2284140,0.0,0.0
2021-03-11 00:00:00-05:00,60.5,61.79999923706055,60.5,61.400001525878906,50.56273651123047,1885960,0.0,0.0
2021-03-12 00:00:00-05:00,60.900001525878906,62.0,60.79999923706055,61.599998474121094,50.72743225097656,1998890,0.0,0.0
2021-03-15 00:00:00-04:00,61.79999923706055,62.900001525878906,61.599998474121094,62.5,51.46858596801758,1955000,0.0,0.0
2021-03-16 00:00:00-04:00,62.79999923706055,64.0,62.5,63.29999923706055,52.127384185791016,2873430,0.0,0.0
2021-03-17 00:00:00-04:00,63.099998474121094,63.099998474121094,61.599998474121094,62.900001525878906,51.7979850769043,2768370,0.0,0.0
2021-03-18 00:00:00-04:00,62.099998474121094,62.70000076293945,60.599998474121094,61.0,50.23333740234375,2153790,0.0,0.0
2021-03-19 00:00:00-04:00,60.79999923706055,61.79999923706055,60.599998474121094,60.79999923706055,50.068641662597656,3913290,0.0,0.0
2021-03-22 00:00:00-04:00,61.70000076293945,63.400001525878906,60.79999923706055,63.099998474121094,51.962684631347656,2887440,0.0,0.0
2021-03-23 00:00:00-04:00,63.099998474121094,64.19999694824219,62.20000076293945,62.400001525878906,51.386234283447266,2599740,0.0,0.0
2021-03-24 00:00:00-04:00,62.400001525878906,62.900001525878906,61.0,61.099998474121094,50.31568908691406,2441210,0.0,0.0
2021-03-25 00:00:00-04:00,61.599998474121094,62.099998474121094,61.0,61.5,50.64509582519531,1528880,0.0,0.0
2021-03-26 00:00:00-04:00,61.5,62.79999923706055,61.099998474121094,62.20000076293945,51.22154235839844,2689060,0.0,0.0
2021-03-29 00:00:00-04:00,61.900001525878906,62.79999923706055,61.099998474121094,61.5,50.64509582519531,1761290,0.0,0.0
2021-03-30 00:00:00-04:00,61.5,61.79999923706055,60.900001525878906,61.20000076293945,50.39803695678711,1610530,0.0,0.0
2021-03-31 00:00:00-04:00,61.400001525878906,62.0,60.79999923706055,60.900001525878906,50.15099334716797,1845260,0.0,0.0
2021-04-01 00:00:00-04:00,61.20000076293945,62.79999923706055,61.20000076293945,62.70000076293945,51.63328552246094,2078390,0.0,0.0
2021-04-05 00:00:00-04:00,62.70000076293945,63.400001525878906,62.5,63.0,51.880332946777344,1796300,0.0,0.0
2021-04-06 00:00:00-04:00,62.70000076293945,63.400001525878906,62.5,63.400001525878906,52.20973587036133,1865010,0.0,0.0
2021-04-07 00:00:00-04:00,63.5,63.70000076293945,62.79999923706055,63.29999923706055,52.127384185791016,1406620,0.0,0.0
2021-04-08 00:00:00-04:00,63.400001525878906,63.599998474121094,62.70000076293945,63.099998474121094,51.962684631347656,1301310,0.0,0.0
2021-04-09 00:00:00-04:00,63.20000076293945,63.79999923706055,62.70000076293945,63.5,52.292083740234375,1811470,0.0,0.0
2021-04-12 00:00:00-04:00,63.0,63.400001525878906,62.0,62.29999923706055,51.30388259887695,1768530,0.0,0.0
2021-04-13 00:00:00-04:00,62.400001525878906,62.400001525878906,61.599998474121094,62.0,51.056827545166016,1582620,0.0,0.0
2021-04-14 00:00:00-04:00,61.900001525878906,63.20000076293945,61.900001525878906,62.79999923706055,51.715641021728516,1864250,0.0,0.0
2021-04-15 00:00:00-04:00,63.099998474121094,63.400001525878906,62.400001525878906,62.400001525878906,51.386234283447266,1797170,0.0,0.0
2021-04-16 00:00:00-04:00,62.400001525878906,63.29999923706055,62.29999923706055,63.099998474121094,51.962684631347656,1498650,0.0,0.0
2021-04-19 00:00:00-04:00,63.400001525878906,63.400001525878906,62.400001525878906,62.79999923706055,51.715641021728516,1392630,0.0,0.0
2021-04-20 00:00:00-04:00,62.70000076293945,63.29999923706055,62.29999923706055,63.099998474121094,51.962684631347656,1710580,0.0,0.0
2021-04-21 00:00:00-04:00,63.20000076293945,64.30000305175781,62.900001525878906,63.900001525878906,52.621482849121094,2581530,0.0,0.0
2021-04-22 00:00:00-04:00,63.70000076293945,64.19999694824219,62.70000076293945,63.0,51.880332946777344,1727820,0.0,0.0
2021-04-23 00:00:00-04:00,63.099998474121094,64.0999984741211,62.70000076293945,63.79999923706055,52.539127349853516,1633350,0.0,0.0
2021-04-26 00:00:00-04:00,63.400001525878906,64.30000305175781,63.29999923706055,63.599998474121094,52.37443161010742,1415870,0.0,0.0
2021-04-27 00:00:00-04:00,63.79999923706055,64.19999694824219,62.70000076293945,63.099998474121094,51.962684631347656,2655810,0.0,0.0
2021-04-28 00:00:00-04:00,62.0,62.5,59.599998474121094,60.70000076293945,49.98628616333008,4172720,0.0,0.0
2021-04-29 00:00:00-04:00,60.099998474121094,61.400001525878906,60.099998474121094,61.29999923706055,50.48038864135742,2632090,0.0,0.0
2021-04-30 00:00:00-04:00,60.599998474121094,61.5,60.5,61.0,50.23333740234375,2077060,0.0,0.0
2021-05-03 00:00:00-04:00,61.5,61.5,60.5,60.599998474121094,49.903934478759766,1531000,0.0,0.0
2021-05-04 00:00:00-04:00,60.599998474121094,60.79999923706055,59.70000076293945,60.099998474121094,49.492191314697266,2115040,0.0,0.0
2021-05-05 00:00:00-04:00,60.099998474121094,60.599998474121094,59.599998474121094,60.29999923706055,49.65689468383789,2299880,0.0,0.0
2021-05-06 00:00:00-04:00,60.20000076293945,60.5,59.5,59.79999923706055,49.36793899536133,1599540,0.15,0.0
2021-05-07 00:00:00-04:00,60.0,61.0,59.70000076293945,60.400001525878906,49.8632698059082,1599840,0.0,0.0
2021-05-10 00:00:00-04:00,60.400001525878906,60.79999923706055,59.5,59.599998474121094,49.20283508300781,1808300,0.0,0.0
2021-05-11 00:00:00-04:00,60.0,60.0,58.599998474121094,58.70000076293945,48.459835052490234,2059840,0.0,0.0
2021-05-12 00:00:00-04:00,58.20000076293945,58.70000076293945,57.5,57.70000076293945,47.63429641723633,2308950,0.0,0.0
2021-05-13 00:00:00-04:00,57.900001525878906,59.0,57.79999923706055,58.400001525878906,48.21218490600586,1985250,0.0,0.0
2021-05-14 00:00:00-04:00,58.599998474121094,59.400001525878906,58.29999923706055,59.099998474121094,48.790061950683594,1527590,0.0,0.0
2021-05-17 00:00:00-04:00,59.0,59.29999923706055,58.20000076293945,58.70000076293945,48.459835052490234,1601850,0.0,0.0
2021-05-18 00:00:00-04:00,58.900001525878906,59.400001525878906,58.29999923706055,58.70000076293945,48.459835052490234,1708420,0.0,0.0
2021-05-19 00:00:00-04:00,58.20000076293945,58.400001525878906,57.599998474121094,58.099998474121094,47.964515686035156,2290800,0.0,0.0
2021-05-20 00:00:00-04:00,57.900001525878906,59.79999923706055,57.900001525878906,59.79999923706055,49.36793899536133,1621950,0.0,0.0
2021-05-21 00:00:00-04:00,59.5,60.099998474121094,59.0,59.5,49.12028884887695,1725490,0.0,0.0
2021-05-24 00:00:00-04:00,60.5,61.79999923706055,59.70000076293945,61.400001525878906,50.68882751464844,2501630,0.0,0.0
2021-05-25 00:00:00-04:00,61.5,61.599998474121094,59.5,59.900001525878906,49.450504302978516,2717410,0.0,0.0
2021-05-26 00:00:00-04:00,60.29999923706055,60.79999923706055,60.0,60.5,49.945831298828125,2010510,0.0,0.0
2021-05-27 00:00:00-04:00,60.5,62.29999923706055,60.400001525878906,62.099998474121094,51.26671600341797,4043630,0.0,0.0
2021-05-28 00:00:00-04:00,62.400001525878906,63.29999923706055,62.0,62.5,51.5969352722168,2335210,0.0,0.0
2021-06-01 00:00:00-04:00,63.0,63.400001525878906,62.5,62.79999923706055,51.844600677490234,1728260,0.0,0.0
2021-06-02 00:00:00-04:00,63.0,65.0,62.5,64.5,53.2480354309082,3130980,0.0,0.0
2021-06-03 00:00:00-04:00,64.19999694824219,64.4000015258789,63.20000076293945,63.79999923706055,52.67015075683594,2519710,0.0,0.0
2021-06-04 00:00:00-04:00,63.900001525878906,64.80000305175781,63.79999923706055,64.69999694824219,53.413143157958984,1389080,0.0,0.0
2021-06-07 00:00:00-04:00,64.69999694824219,66.30000305175781,64.5999984741211,66.0,54.486358642578125,3207740,0.0,0.0
2021-06-08 00:00:00-04:00,66.19999694824219,71.0999984741211,65.9000015258789,70.9000015258789,58.53157424926758,6554670,0.0,0.0
2021-06-09 00:00:00-04:00,71.19999694824219,72.9000015258789,68.4000015258789,68.5,56.55023956298828,3379600,0.0,0.0
2021-06-10 00:00:00-04:00,68.5999984741211,68.9000015258789,66.4000015258789,66.9000015258789,55.229366302490234,2635450,0.0,0.0
2021-06-11 00:00:00-04:00,66.69999694824219,67.4000015258789,66.4000015258789,67.4000015258789,55.64213180541992,1334200,0.0,0.0
2021-06-14 00:00:00-04:00,67.30000305175781,68.80000305175781,67.0,67.5,55.72469711303711,1268750,0.0,0.0
2021-06-15 00:00:00-04:00,67.4000015258789,67.80000305175781,66.19999694824219,66.30000305175781,54.734031677246094,1569100,0.0,0.0
2021-06-16 00:00:00-04:00,66.30000305175781,66.5,64.5999984741211,65.5999984741211,54.1561393737793,2319280,0.0,0.0
2021-06-17 00:00:00-04:00,65.19999694824219,65.80000305175781,63.900001525878906,64.0,52.83525848388672,2563540,0.0,0.0
2021-06-18 00:00:00-04:00,63.29999923706055,63.70000076293945,62.599998474121094,63.0,52.009708404541016,2596260,0.0,0.0
2021-06-21 00:00:00-04:00,63.599998474121094,63.70000076293945,63.0,63.20000076293945,52.1748161315918,1514370,0.0,0.0
2021-06-22 00:00:00-04:00,63.0,63.70000076293945,62.70000076293945,63.599998474121094,52.505035400390625,1893760,0.0,0.0
2021-06-23 00:00:00-04:00,63.79999923706055,64.0,62.900001525878906,62.900001525878906,51.92715835571289,1397980,0.0,0.0
2021-06-24 00:00:00-04:00,63.0,64.5,63.0,64.0999984741211,52.917816162109375,1304480,0.0,0.0
2021-06-25 00:00:00-04:00,64.0999984741211,65.30000305175781,63.900001525878906,65.19999694824219,53.825927734375,3767960,0.0,0.0
2021-06-28 00:00:00-04:00,65.30000305175781,65.5,64.5,65.0999984741211,53.74336624145508,1260870,0.0,0.0
2021-06-29 00:00:00-04:00,65.19999694824219,66.0,65.0,65.5,54.07358932495117,1302910,0.0,0.0
2021-06-30 00:00:00-04:00,65.80000305175781,65.80000305175781,64.80000305175781,65.4000015258789,53.99103927612305,1618440,0.0,0.0
2021-07-01 00:00:00-04:00,65.69999694824219,66.19999694824219,65.19999694824219,65.69999694824219,54.238704681396484,1086390,0.0,0.0
2021-07-02 00:00:00-04:00,66.0999984741211,66.30000305175781,65.30000305175781,66.30000305175781,54.734031677246094,1314330,0.0,0.0
2021-07-06 00:00:00-04:00,66.4000015258789,66.5999984741211,64.9000015258789,65.4000015258789,53.99103927612305,1341660,0.0,0.0
2021-07-07 00:00:00-04:00,65.80000305175781,66.30000305175781,65.30000305175781,65.69999694824219,54.238704681396484,1018960,0.0,0.0
2021-07-08 00:00:00-04:00,64.80000305175781,65.5,64.0999984741211,64.5999984741211,53.33059310913086,930260,0.0,0.0
2021-07-09 00:00:00-04:00,64.5999984741211,65.9000015258789,64.5,65.5999984741211,54.1561393737793,740540,0.0,0.0
2021-07-12 00:00:00-04:00,65.5,65.5,64.5,65.19999694824219,53.825927734375,785250,0.0,0.0
2021-07-13 00:00:00-04:00,65.30000305175781,65.69999694824219,64.4000015258789,64.5,53.2480354309082,888940,0.0,0.0
2021-07-14 00:00:00-04:00,64.9000015258789,65.5,64.5999984741211,65.0,53.66081619262695,1810010,0.0,0.0
2021-07-15 00:00:00-04:00,64.80000305175781,65.30000305175781,63.900001525878906,64.4000015258789,53.16548538208008,1309670,0.0,0.0
2021-07-16 00:00:00-04:00,64.69999694824219,65.0999984741211,63.79999923706055,63.900001525878906,52.75271224975586,1474280,0.0,0.0
2021-07-19 00:00:00-04:00,63.900001525878906,64.30000305175781,63.0,63.400001525878906,52.339935302734375,1750950,0.0,0.0
2021-07-20 00:00:00-04:00,63.599998474121094,65.9000015258789,63.599998474121094,65.30000305175781,53.90848159790039,1816930,0.0,0.0
2021-07-21 00:00:00-04:00,65.19999694824219,66.4000015258789,65.19999694824219,65.5,54.07358932495117,1115530,0.0,0.0
2021-07-22 00:00:00-04:00,65.5999984741211,65.5999984741211,64.30000305175781,64.80000305175781,53.495704650878906,1073730,0.0,0.0
2021-07-23 00:00:00-04:00,64.9000015258789,65.19999694824219,63.900001525878906,64.30000305175781,53.08293151855469,2032920,0.0,0.0
2021-07-26 00:00:00-04:00,64.5,64.5,62.79999923706055,63.79999923706055,52.67015075683594,2544290,0.0,0.0
2021-07-27 00:00:00-04:00,66.69999694824219,68.19999694824219,65.9000015258789,67.0999984741211,55.39447784423828,4208690,0.0,0.0
2021-07-28 00:00:00-04:00,66.4000015258789,67.0,64.5999984741211,64.80000305175781,53.495704650878906,3378870,0.0,0.0
2021-07-29 00:00:00-04:00,65.69999694824219,66.0,64.80000305175781,64.9000015258789,53.5782585144043,1362800,0.0,0.0
2021-07-30 00:00:00-04:00,64.5,65.0999984741211,64.19999694824219,64.69999694824219,53.413143157958984,1615160,0.0,0.0
2021-08-02 00:00:00-04:00,64.9000015258789,65.0999984741211,64.19999694824219,64.9000015258789,53.5782585144043,951890,0.0,0.0
2021-08-03 00:00:00-04:00,65.0999984741211,65.0999984741211,63.79999923706055,64.5,53.2480354309082,1204860,0.0,0.0
2021-08-04 00:00:00-04:00,64.4000015258789,64.9000015258789,63.900001525878906,64.30000305175781,53.08293151855469,1283010,0.0,0.0
2021-08-05 00:00:00-04:00,64.30000305175781,65.30000305175781,64.0999984741211,65.0999984741211,53.86903381347656,1416360,0.15,0.0
2021-08-06 00:00:00-04:00,64.9000015258789,65.5,64.80000305175781,65.0,53.786293029785156,1413730,0.0,0.0
2021-08-09 00:00:00-04:00,64.80000305175781,64.9000015258789,62.29999923706055,62.5,51.71757888793945,3399730,0.0,0.0
2021-08-10 00:00:00-04:00,62.599998474121094,62.79999923706055,61.0,61.599998474121094,50.972862243652344,3208970,0.0,0.0
2021-08-11 00:00:00-04:00,62.0,62.20000076293945,60.70000076293945,61.400001525878906,50.80735397338867,2022670,0.0,0.0
2021-08-12 00:00:00-04:00,61.20000076293945,61.400001525878906,60.20000076293945,60.29999923706055,49.897125244140625,1924000,0.0,0.0
2021-08-13 00:00:00-04:00,60.79999923706055,61.099998474121094,60.0,60.29999923706055,49.897125244140625,2262190,0.0,0.0
2021-08-16 00:00:00-04:00,60.099998474121094,60.79999923706055,60.099998474121094,60.70000076293945,50.22811508178711,1765840,0.0,0.0
2021-08-17 00:00:00-04:00,60.599998474121094,61.400001525878906,60.400001525878906,61.20000076293945,50.6418571472168,1523740,0.0,0.0
2021-08-18 00:00:00-04:00,61.20000076293945,62.0,60.900001525878906,61.400001525878906,50.80735397338867,1455730,0.0,0.0
2021-08-19 00:00:00-04:00,61.5,62.0,61.099998474121094,61.70000076293945,51.05559539794922,1547100,0.0,0.0
2021-08-20 00:00:00-04:00,61.70000076293945,63.099998474121094,61.5,63.0,52.13132095336914,1599540,0.0,0.0
2021-08-23 00:00:00-04:00,62.79999923706055,63.20000076293945,62.099998474121094,62.400001525878906,51.63483428955078,1561680,0.0,0.0
2021-08-24 00:00:00-04:00,62.20000076293945,63.29999923706055,62.0,63.099998474121094,52.214073181152344,993430,0.0,0.0
2021-08-25 00:00:00-04:00,63.29999923706055,63.79999923706055,62.900001525878906,63.099998474121094,52.214073181152344,1076030,0.0,0.0
2021-08-26 00:00:00-04:00,62.900001525878906,62.900001525878906,61.900001525878906,62.0,51.3038330078125,1063980,0.0,0.0
2021-08-27 00:00:00-04:00,61.900001525878906,63.099998474121094,61.79999923706055,62.5,51.71757888793945,1228140,0.0,0.0
2021-08-30 00:00:00-04:00,62.5,63.0,62.099998474121094,62.70000076293945,51.88307571411133,1212530,0.0,0.0
2021-08-31 00:00:00-04:00,62.900001525878906,63.5,62.400001525878906,62.70000076293945,51.88307571411133,2057100,0.0,0.0
2021-09-01 00:00:00-04:00,62.79999923706055,63.400001525878906,62.599998474121094,63.099998474121094,52.214073181152344,1046610,0.0,0.0
2021-09-02 00:00:00-04:00,63.400001525878906,63.79999923706055,63.20000076293945,63.70000076293945,52.7105598449707,1070560,0.0,0.0
2021-09-03 00:00:00-04:00,63.599998474121094,63.70000076293945,63.0,63.29999923706055,52.37956619262695,1229100,0.0,0.0
2021-09-07 00:00:00-04:00,63.0,63.20000076293945,61.5,61.599998474121094,50.972862243652344,1403190,0.0,0.0
2021-09-08 00:00:00-04:00,61.599998474121094,62.0,61.20000076293945,61.5,50.890106201171875,1157190,0.0,0.0
2021-09-09 00:00:00-04:00,61.70000076293945,62.099998474121094,60.599998474121094,60.70000076293945,50.22811508178711,1425150,0.0,0.0
2021-09-10 00:00:00-04:00,60.70000076293945,61.0,60.0,60.0,49.64888000488281,1184820,0.0,0.0
2021-09-13 00:00:00-04:00,60.20000076293945,61.400001525878906,60.0,60.5,50.062618255615234,1655400,0.0,0.0
2021-09-14 00:00:00-04:00,60.70000076293945,61.099998474121094,59.900001525878906,60.29999923706055,49.897125244140625,1699960,0.0,0.0
2021-09-15 00:00:00-04:00,60.20000076293945,60.79999923706055,60.0,60.400001525878906,49.97987365722656,1408540,0.0,0.0
2021-09-16 00:00:00-04:00,60.400001525878906,61.20000076293945,60.099998474121094,60.70000076293945,50.22811508178711,1251660,0.0,0.0
2021-09-17 00:00:00-04:00,60.900001525878906,61.400001525878906,60.400001525878906,60.79999923706055,50.31085968017578,3840800,0.0,0.0
2021-09-20 00:00:00-04:00,60.900001525878906,61.099998474121094,59.5,60.0,49.64888000488281,1725570,0.0,0.0
2021-09-21 00:00:00-04:00,60.400001525878906,60.599998474121094,59.599998474121094,59.79999923706055,49.483375549316406,1448960,0.0,0.0
2021-09-22 00:00:00-04:00,59.900001525878906,60.599998474121094,59.599998474121094,60.0,49.64888000488281,1918850,0.0,0.0
2021-09-23 00:00:00-04:00,60.20000076293945,60.900001525878906,60.0,60.400001525878906,49.97987365722656,1392050,0.0,0.0
2021-09-24 00:00:00-04:00,60.20000076293945,60.900001525878906,60.20000076293945,60.599998474121094,50.14535903930664,957280,0.0,0.0
2021-09-27 00:00:00-04:00,60.5,61.400001525878906,60.5,61.099998474121094,50.559104919433594,1008150,0.0,0.0
2021-09-28 00:00:00-04:00,61.20000076293945,62.20000076293945,60.70000076293945,61.0,50.47636795043945,1673270,0.0,0.0
2021-09-29 00:00:00-04:00,61.099998474121094,62.0,60.900001525878906,61.0,50.47636795043945,1557650,0.0,0.0
2021-09-30 00:00:00-04:00,61.29999923706055,61.79999923706055,60.900001525878906,61.0,50.47636795043945,1882110,0.0,0.0
2021-10-01 00:00:00-04:00,61.20000076293945,61.599998474121094,60.29999923706055,61.20000076293945,50.6418571472168,1522800,0.0,0.0
2021-10-04 00:00:00-04:00,61.099998474121094,61.5,60.79999923706055,61.20000076293945,50.6418571472168,1533260,0.0,0.0
2021-10-05 00:00:00-04:00,61.0,62.20000076293945,60.900001525878906,61.79999923706055,51.13833999633789,1303870,0.0,0.0
2021-10-06 00:00:00-04:00,61.599998474121094,61.70000076293945,61.0,61.70000076293945,51.05559539794922,1160760,0.0,0.0
2021-10-07 00:00:00-04:00,61.900001525878906,63.0,61.79999923706055,62.900001525878906,52.04857635498047,1341260,0.0,0.0
2021-10-08 00:00:00-04:00,61.900001525878906,62.0,60.5,60.599998474121094,50.14535903930664,2228750,0.0,0.0
2021-10-11 00:00:00-04:00,60.599998474121094,60.79999923706055,59.29999923706055,59.599998474121094,49.3178825378418,1710370,0.0,0.0
2021-10-12 00:00:00-04:00,59.599998474121094,60.79999923706055,59.5,60.400001525878906,49.97987365722656,1616440,0.0,0.0
2021-10-13 00:00:00-04:00,61.0,61.20000076293945,60.0,60.0,49.64888000488281,1133470,0.0,0.0
2021-10-14 00:00:00-04:00,60.79999923706055,60.79999923706055,60.099998474121094,60.29999923706055,49.897125244140625,1529630,0.0,0.0
2021-10-15 00:00:00-04:00,60.29999923706055,60.599998474121094,60.0,60.20000076293945,49.81436538696289,1043390,0.0,0.0
2021-10-18 00:00:00-04:00,60.099998474121094,60.5,59.599998474121094,60.29999923706055,49.897125244140625,1034270,0.0,0.0
2021-10-19 00:00:00-04:00,60.5,60.79999923706055,60.0,60.20000076293945,49.81436538696289,1737330,0.0,0.0
2021-10-20 00:00:00-04:00,60.099998474121094,62.099998474121094,60.099998474121094,62.0,51.3038330078125,2279410,0.0,0.0
2021-10-21 00:00:00-04:00,62.0,62.29999923706055,60.79999923706055,61.099998474121094,50.559104919433594,1692040,0.0,0.0
2021-10-22 00:00:00-04:00,61.20000076293945,61.29999923706055,60.5,60.70000076293945,50.22811508178711,1477210,0.0,0.0
2021-10-25 00:00:00-04:00,60.5,60.79999923706055,60.099998474121094,60.400001525878906,49.97987365722656,1148520,0.0,0.0
2021-10-26 00:00:00-04:00,61.20000076293945,61.29999923706055,60.20000076293945,60.29999923706055,49.897125244140625,1522500,0.0,0.0
2021-10-27 00:00:00-04:00,60.400001525878906,60.599998474121094,59.400001525878906,59.599998474121094,49.3178825378418,1916860,0.0,0.0
2021-10-28 00:00:00-04:00,60.400001525878906,61.400001525878906,60.29999923706055,60.79999923706055,50.31085968017578,2132000,0.0,0.0
2021-10-29 00:00:00-04:00,60.599998474121094,61.099998474121094,60.5,60.900001525878906,50.39361572265625,1477160,0.0,0.0
2021-11-01 00:00:00-04:00,60.900001525878906,62.900001525878906,60.79999923706055,62.79999923706055,51.96582794189453,1715320,0.0,0.0
2021-11-02 00:00:00-04:00,62.79999923706055,63.0,62.29999923706055,62.900001525878906,52.04857635498047,1287750,0.0,0.0
2021-11-03 00:00:00-04:00,62.79999923706055,65.0999984741211,62.599998474121094,64.9000015258789,53.70353698730469,2496820,0.0,0.0
2021-11-04 00:00:00-04:00,64.80000305175781,66.5,63.79999923706055,63.900001525878906,53.055908203125,2602620,0.22,0.0
2021-11-05 00:00:00-04:00,64.80000305175781,65.4000015258789,63.5,64.0999984741211,53.22196578979492,2130250,0.0,0.0
2021-11-08 00:00:00-05:00,64.19999694824219,64.80000305175781,63.79999923706055,64.5999984741211,53.63711166381836,1209080,0.0,0.0
2021-11-09 00:00:00-05:00,64.5999984741211,65.0,64.0999984741211,64.30000305175781,53.388031005859375,1147180,0.0,0.0
2021-11-10 00:00:00-05:00,64.30000305175781,65.0999984741211,64.0999984741211,64.4000015258789,53.47105407714844,1376950,0.0,0.0
2021-11-11 00:00:00-05:00,64.19999694824219,65.9000015258789,63.70000076293945,65.69999694824219,54.55043411254883,1794590,0.0,0.0
2021-11-12 00:00:00-05:00,65.69999694824219,66.69999694824219,65.4000015258789,66.0999984741211,54.88255310058594,1662610,0.0,0.0
2021-11-15 00:00:00-05:00,66.0,67.0999984741211,65.9000015258789,66.30000305175781,55.04862594604492,1061100,0.0,0.0
2021-11-16 00:00:00-05:00,65.69999694824219,66.4000015258789,65.30000305175781,66.30000305175781,55.04862594604492,1236820,0.0,0.0
2021-11-17 00:00:00-05:00,66.0999984741211,66.80000305175781,66.0,66.30000305175781,55.04862594604492,1531550,0.0,0.0
2021-11-18 00:00:00-05:00,66.0999984741211,66.5,63.0,63.20000076293945,52.474700927734375,2432240,0.0,0.0
2021-11-19 00:00:00-05:00,62.5,62.79999923706055,60.79999923706055,61.900001525878906,51.39531326293945,2747780,0.0,0.0
2021-11-22 00:00:00-05:00,61.599998474121094,62.29999923706055,60.79999923706055,60.79999923706055,50.481990814208984,1750250,0.0,0.0
2021-11-23 00:00:00-05:00,60.70000076293945,62.29999923706055,60.70000076293945,61.900001525878906,51.39531326293945,1981770,0.0,0.0
2021-11-24 00:00:00-05:00,61.79999923706055,62.70000076293945,61.5,62.099998474121094,51.56137466430664,1268060,0.0,0.0
2021-11-26 00:00:00-05:00,61.29999923706055,62.400001525878906,61.099998474121094,61.70000076293945,51.229248046875,1198700,0.0,0.0
2021-11-29 00:00:00-05:00,62.400001525878906,63.0,61.70000076293945,62.70000076293945,52.059566497802734,1481830,0.0,0.0
2021-11-30 00:00:00-05:00,62.70000076293945,62.79999923706055,60.599998474121094,61.0,50.64804458618164,3080260,0.0,0.0
2021-12-01 00:00:00-05:00,62.0,62.5,60.099998474121094,60.099998474121094,49.900787353515625,2320100,0.0,0.0
2021-12-02 00:00:00-05:00,60.400001525878906,62.79999923706055,60.29999923706055,62.5,51.89349365234375,2069600,0.0,0.0
2021-12-03 00:00:00-05:00,62.5,63.5,61.900001525878906,62.099998474121094,51.56137466430664,2461970,0.0,0.0
2021-12-06 00:00:00-05:00,62.900001525878906,64.19999694824219,62.5,63.20000076293945,52.474700927734375,1639980,0.0,0.0
2021-12-07 00:00:00-05:00,63.400001525878906,63.70000076293945,61.599998474121094,62.0,51.47834396362305,2268680,0.0,0.0
2021-12-08 00:00:00-05:00,62.29999923706055,62.900001525878906,61.79999923706055,62.099998474121094,51.56137466430664,1273210,0.0,0.0
2021-12-09 00:00:00-05:00,61.70000076293945,62.20000076293945,61.29999923706055,61.599998474121094,51.146217346191406,2008510,0.0,0.0
2021-12-10 00:00:00-05:00,61.900001525878906,63.099998474121094,61.70000076293945,62.79999923706055,52.14258575439453,1742510,0.0,0.0
2021-12-13 00:00:00-05:00,62.79999923706055,63.29999923706055,62.5,62.900001525878906,52.22562026977539,1432310,0.0,0.0
2021-12-14 00:00:00-05:00,62.70000076293945,63.70000076293945,62.70000076293945,63.0,52.30863571166992,1763880,0.0,0.0
2021-12-15 00:00:00-05:00,62.900001525878906,64.0,62.79999923706055,63.79999923706055,52.972877502441406,1549970,0.0,0.0
2021-12-16 00:00:00-05:00,63.900001525878906,64.30000305175781,63.29999923706055,63.400001525878906,52.6407585144043,1424960,0.0,0.0
2021-12-17 00:00:00-05:00,63.400001525878906,64.5,63.20000076293945,63.79999923706055,52.972877502441406,2430220,0.0,0.0
2021-12-20 00:00:00-05:00,63.29999923706055,63.900001525878906,62.900001525878906,63.5,52.72378921508789,1251150,0.0,0.0
2021-12-21 00:00:00-05:00,64.19999694824219,64.5999984741211,63.5,64.0999984741211,53.22196578979492,1350450,0.0,0.0
2021-12-22 00:00:00-05:00,64.0999984741211,64.4000015258789,63.29999923706055,63.79999923706055,52.972877502441406,1316810,0.0,0.0
2021-12-23 00:00:00-05:00,64.0999984741211,64.5,63.900001525878906,64.30000305175781,53.388031005859375,1083300,0.0,0.0
2021-12-27 00:00:00-05:00,64.5,64.69999694824219,63.79999923706055,64.5,53.5540885925293,1316020,0.0,0.0
2021-12-28 00:00:00-05:00,64.5,65.19999694824219,63.900001525878906,64.0999984741211,53.22196578979492,1493570,0.0,0.0
2021-12-29 00:00:00-05:00,64.0999984741211,64.4000015258789,63.599998474121094,63.70000076293945,52.88984680175781,1035820,0.0,0.0
2021-12-30 00:00:00-05:00,63.70000076293945,64.5999984741211,63.5,64.19999694824219,53.30498504638672,1245760,0.0,0.0
2021-12-31 00:00:00-05:00,64.19999694824219,64.80000305175781,63.5,63.5,52.72378921508789,1664060,0.0,0.0
2022-01-03 00:00:00-05:00,63.29999923706055,64.0,62.900001525878906,63.599998474121094,52.80681228637695,2163220,0.0,0.0
2022-01-04 00:00:00-05:00,62.79999923706055,63.20000076293945,61.20000076293945,61.70000076293945,51.229248046875,3505460,0.0,0.0
2022-01-05 00:00:00-05:00,61.70000076293945,62.599998474121094,61.400001525878906,61.5,51.06320571899414,1763650,0.0,0.0
2022-01-06 00:00:00-05:00,61.70000076293945,62.5,61.400001525878906,61.900001525878906,51.39531326293945,1738560,0.0,0.0
2022-01-07 00:00:00-05:00,62.20000076293945,62.900001525878906,61.79999923706055,62.0,51.47834396362305,1580620,0.0,0.0
2022-01-10 00:00:00-05:00,61.900001525878906,62.70000076293945,61.70000076293945,62.599998474121094,51.97652816772461,1634180,0.0,0.0
2022-01-11 00:00:00-05:00,62.29999923706055,63.400001525878906,62.20000076293945,63.20000076293945,52.474700927734375,1487180,0.0,0.0
2022-01-12 00:00:00-05:00,63.400001525878906,63.79999923706055,62.79999923706055,63.29999923706055,52.5577278137207,1233800,0.0,0.0
2022-01-13 00:00:00-05:00,63.29999923706055,64.0999984741211,63.0,63.599998474121094,52.80681228637695,1499720,0.0,0.0
2022-01-14 00:00:00-05:00,61.900001525878906,62.29999923706055,60.900001525878906,61.79999923706055,51.31229019165039,2787120,0.0,0.0
2022-01-18 00:00:00-05:00,61.29999923706055,61.79999923706055,60.900001525878906,61.099998474121094,50.7310791015625,1658190,0.0,0.0
2022-01-19 00:00:00-05:00,61.29999923706055,61.70000076293945,60.599998474121094,61.0,50.64804458618164,1530440,0.0,0.0
2022-01-20 00:00:00-05:00,61.0,61.900001525878906,60.29999923706055,60.400001525878906,50.14986801147461,1332850,0.0,0.0
2022-01-21 00:00:00-05:00,60.599998474121094,61.0,60.0,60.099998474121094,49.900787353515625,2021090,0.0,0.0
2022-01-24 00:00:00-05:00,60.0,61.20000076293945,59.20000076293945,60.5,50.23290252685547,2641830,0.0,0.0
2022-01-25 00:00:00-05:00,59.79999923706055,61.0,59.29999923706055,60.599998474121094,50.3159294128418,2517570,0.0,0.0
2022-01-26 00:00:00-05:00,60.0,61.099998474121094,59.29999923706055,59.79999923706055,49.651695251464844,2087620,0.0,0.0
2022-01-27 00:00:00-05:00,59.79999923706055,62.29999923706055,59.79999923706055,61.29999923706055,50.89714050292969,2864120,0.0,0.0
2022-01-28 00:00:00-05:00,61.0,62.20000076293945,60.400001525878906,61.900001525878906,51.39531326293945,2165730,0.0,0.0
2022-01-31 00:00:00-05:00,61.79999923706055,63.79999923706055,61.79999923706055,63.599998474121094,52.80681228637695,4016720,0.0,0.0
2022-02-01 00:00:00-05:00,64.30000305175781,68.19999694824219,63.79999923706055,67.5999984741211,56.12800598144531,5106040,0.0,0.0
2022-02-02 00:00:00-05:00,66.30000305175781,67.5,66.0,66.80000305175781,55.46377182006836,2904930,0.0,0.0
2022-02-03 00:00:00-05:00,66.5,67.30000305175781,66.30000305175781,66.69999694824219,55.3807373046875,2007850,0.0,0.0
2022-02-04 00:00:00-05:00,65.9000015258789,67.9000015258789,65.69999694824219,67.80000305175781,56.29405212402344,2144300,0.0,0.0
2022-02-07 00:00:00-05:00,67.80000305175781,68.4000015258789,67.19999694824219,67.4000015258789,55.96194839477539,1015470,0.0,0.0
2022-02-08 00:00:00-05:00,67.5,68.80000305175781,67.0999984741211,68.0,56.460121154785156,1159900,0.0,0.0
2022-02-09 00:00:00-05:00,68.0,68.69999694824219,68.0,68.5999984741211,56.95830535888672,1510700,0.0,0.0
2022-02-10 00:00:00-05:00,65.5,65.80000305175781,63.0,63.29999923706055,54.72768783569336,3417240,2.72,0.0
2022-02-11 00:00:00-05:00,63.20000076293945,63.599998474121094,62.0,62.20000076293945,53.77665710449219,2928130,0.0,0.0
2022-02-14 00:00:00-05:00,62.5,63.099998474121094,61.29999923706055,61.70000076293945,53.3443603515625,1960620,0.0,0.0
2022-02-15 00:00:00-05:00,62.0,62.400001525878906,61.29999923706055,62.0,53.603736877441406,2067480,0.0,0.0
2022-02-16 00:00:00-05:00,61.5,62.0,61.29999923706055,61.70000076293945,53.3443603515625,2039550,0.0,0.0
2022-02-17 00:00:00-05:00,61.099998474121094,61.29999923706055,60.0,60.29999923706055,52.13395309448242,2236990,0.0,0.0
2022-02-18 00:00:00-05:00,60.29999923706055,61.099998474121094,59.79999923706055,60.29999923706055,52.13395309448242,2306730,0.0,0.0
2022-02-22 00:00:00-05:00,60.400001525878906,61.29999923706055,60.099998474121094,60.20000076293945,52.04750442504883,1962640,0.0,0.0
2022-02-23 00:00:00-05:00,60.400001525878906,60.5,59.5,59.70000076293945,51.61521530151367,2411900,0.0,0.0
2022-02-24 00:00:00-05:00,59.400001525878906,60.79999923706055,58.900001525878906,60.599998474121094,52.393333435058594,2604290,0.0,0.0
2022-02-25 00:00:00-05:00,61.5,62.099998474121094,61.099998474121094,61.599998474121094,53.25790786743164,1950630,0.0,0.0
2022-02-28 00:00:00-05:00,61.29999923706055,62.0,60.70000076293945,61.599998474121094,53.25790786743164,1692600,0.0,0.0
2022-03-01 00:00:00-05:00,61.20000076293945,61.70000076293945,60.599998474121094,60.79999923706055,52.56624984741211,1978320,0.0,0.0
2022-03-02 00:00:00-05:00,60.79999923706055,62.0,60.70000076293945,61.5,53.17145919799805,1425270,0.0,0.0
2022-03-03 00:00:00-05:00,61.900001525878906,62.099998474121094,61.20000076293945,61.79999923706055,53.43082809448242,1327490,0.0,0.0
2022-03-04 00:00:00-05:00,61.599998474121094,62.29999923706055,61.20000076293945,61.70000076293945,53.3443603515625,1963280,0.0,0.0
2022-03-07 00:00:00-05:00,61.400001525878906,64.4000015258789,60.20000076293945,63.79999923706055,55.15997314453125,5378080,0.0,0.0
2022-03-08 00:00:00-05:00,63.5,65.69999694824219,63.20000076293945,63.79999923706055,55.15997314453125,4919370,0.0,0.0
2022-03-09 00:00:00-05:00,64.4000015258789,64.4000015258789,61.900001525878906,62.20000076293945,53.77665710449219,2949630,0.0,0.0
2022-03-10 00:00:00-05:00,61.79999923706055,62.70000076293945,61.29999923706055,62.20000076293945,53.77665710449219,2503480,0.0,0.0
2022-03-11 00:00:00-05:00,62.0,63.0,61.70000076293945,61.900001525878906,53.51728439331055,2124570,0.0,0.0
2022-03-14 00:00:00-04:00,61.70000076293945,62.20000076293945,61.20000076293945,61.599998474121094,53.25790786743164,1661280,0.0,0.0
2022-03-15 00:00:00-04:00,62.0,62.900001525878906,61.70000076293945,62.400001525878906,53.9495735168457,1684140,0.0,0.0
2022-03-16 00:00:00-04:00,62.5,63.0,60.900001525878906,62.099998474121094,53.69019317626953,2742620,0.0,0.0
2022-03-17 00:00:00-04:00,61.900001525878906,62.599998474121094,61.099998474121094,62.5,54.0360221862793,1815100,0.0,0.0
2022-03-18 00:00:00-04:00,61.900001525878906,63.29999923706055,61.70000076293945,63.29999923706055,54.72768783569336,3130800,0.0,0.0
2022-03-21 00:00:00-04:00,62.5,63.20000076293945,62.0,62.900001525878906,54.381866455078125,1830800,0.0,0.0
2022-03-22 00:00:00-04:00,63.099998474121094,64.19999694824219,62.70000076293945,64.0999984741211,55.41935348510742,2072160,0.0,0.0
2022-03-23 00:00:00-04:00,63.900001525878906,65.0,63.900001525878906,64.0,55.3328971862793,1949280,0.0,0.0
2022-03-24 00:00:00-04:00,64.30000305175781,65.0999984741211,63.900001525878906,65.0,56.19746398925781,1330200,0.0,0.0
2022-03-25 00:00:00-04:00,65.0,65.9000015258789,64.80000305175781,65.5999984741211,56.716217041015625,1470850,0.0,0.0
2022-03-28 00:00:00-04:00,65.30000305175781,66.19999694824219,65.0,66.0,57.062049865722656,1457380,0.0,0.0
2022-03-29 00:00:00-04:00,65.9000015258789,66.69999694824219,65.5999984741211,66.19999694824219,57.234954833984375,2709090,0.0,0.0
2022-03-30 00:00:00-04:00,66.0999984741211,67.0,65.80000305175781,66.4000015258789,57.40787887573242,2297680,0.0,0.0
2022-03-31 00:00:00-04:00,66.9000015258789,67.80000305175781,66.0999984741211,66.19999694824219,57.234954833984375,1759870,0.0,0.0
2022-04-01 00:00:00-04:00,66.5,66.80000305175781,65.5,65.9000015258789,56.975589752197266,1237340,0.0,0.0
2022-04-04 00:00:00-04:00,65.9000015258789,67.0999984741211,65.80000305175781,66.9000015258789,57.84015655517578,989720,0.0,0.0
2022-04-05 00:00:00-04:00,66.9000015258789,67.69999694824219,66.0999984741211,66.19999694824219,57.234954833984375,1522090,0.0,0.0
2022-04-06 00:00:00-04:00,65.80000305175781,66.5,65.5999984741211,65.80000305175781,56.88913345336914,1689430,0.0,0.0
2022-04-07 00:00:00-04:00,65.80000305175781,66.0,64.5999984741211,65.5999984741211,56.716217041015625,1287470,0.0,0.0
2022-04-08 00:00:00-04:00,65.4000015258789,65.9000015258789,65.0,65.0,56.19746398925781,1218860,0.0,0.0
2022-04-11 00:00:00-04:00,65.0,66.0,64.80000305175781,65.30000305175781,56.456844329833984,1035750,0.0,0.0
2022-04-12 00:00:00-04:00,65.5999984741211,66.19999694824219,65.0999984741211,65.19999694824219,56.370384216308594,964760,0.0,0.0
2022-04-13 00:00:00-04:00,65.4000015258789,65.69999694824219,65.0999984741211,65.30000305175781,56.456844329833984,1192650,0.0,0.0
2022-04-14 00:00:00-04:00,65.30000305175781,65.69999694824219,64.5,64.5999984741211,55.85163497924805,1131380,0.0,0.0
2022-04-18 00:00:00-04:00,63.400001525878906,63.70000076293945,62.5,62.599998474121094,54.12248611450195,1869470,0.0,0.0
2022-04-19 00:00:00-04:00,63.400001525878906,64.19999694824219,62.79999923706055,64.0999984741211,55.41935348510742,1506670,0.0,0.0
2022-04-20 00:00:00-04:00,63.79999923706055,64.69999694824219,63.70000076293945,64.0999984741211,55.41935348510742,1101440,0.0,0.0
2022-04-21 00:00:00-04:00,64.19999694824219,64.80000305175781,63.0,63.5,54.900611877441406,1432190,0.0,0.0
2022-04-22 00:00:00-04:00,63.099998474121094,63.70000076293945,62.5,62.5,54.0360221862793,1412640,0.0,0.0
2022-04-25 00:00:00-04:00,62.70000076293945,62.900001525878906,61.29999923706055,61.70000076293945,53.3443603515625,2114850,0.0,0.0
2022-04-26 00:00:00-04:00,61.400001525878906,62.0,60.5,60.5,52.3068733215332,2576320,0.0,0.0
2022-04-27 00:00:00-04:00,60.79999923706055,61.0,59.5,59.70000076293945,51.61521530151367,2937240,0.0,0.0
2022-04-28 00:00:00-04:00,62.0,63.79999923706055,60.79999923706055,63.099998474121094,54.554771423339844,3092150,0.0,0.0
2022-04-29 00:00:00-04:00,62.79999923706055,63.0,59.900001525878906,60.0,51.874595642089844,3692960,0.0,0.0
2022-05-02 00:00:00-04:00,60.599998474121094,61.099998474121094,59.5,60.29999923706055,52.13395309448242,2473910,0.0,0.0
2022-05-03 00:00:00-04:00,60.5,61.5,59.79999923706055,60.79999923706055,52.56624984741211,1872520,0.0,0.0
2022-05-04 00:00:00-04:00,60.900001525878906,62.400001525878906,60.599998474121094,62.29999923706055,53.86311721801758,2031140,0.0,0.0
2022-05-05 00:00:00-04:00,61.79999923706055,62.0,61.0,61.29999923706055,53.18635177612305,1994720,0.22,0.0
2022-05-06 00:00:00-04:00,61.0,61.400001525878906,60.099998474121094,60.70000076293945,52.665767669677734,2095340,0.0,0.0
2022-05-09 00:00:00-04:00,60.20000076293945,61.29999923706055,60.0,60.5,52.49224090576172,2598970,0.0,0.0
2022-05-10 00:00:00-04:00,61.599998474121094,62.099998474121094,60.400001525878906,60.70000076293945,52.665767669677734,3033110,0.0,0.0
2022-05-11 00:00:00-04:00,60.400001525878906,61.400001525878906,60.0,60.20000076293945,52.23194885253906,2722000,0.0,0.0
2022-05-12 00:00:00-04:00,60.0,61.0,59.400001525878906,59.900001525878906,51.971656799316406,2532880,0.0,0.0
2022-05-13 00:00:00-04:00,60.0,61.70000076293945,59.599998474121094,61.400001525878906,53.27311706542969,2689240,0.0,0.0
2022-05-16 00:00:00-04:00,61.400001525878906,61.900001525878906,61.099998474121094,61.29999923706055,53.18635177612305,1322590,0.0,0.0
2022-05-17 00:00:00-04:00,61.79999923706055,62.29999923706055,61.29999923706055,62.099998474121094,53.880462646484375,1394860,0.0,0.0
2022-05-18 00:00:00-04:00,61.5,61.79999923706055,60.20000076293945,60.400001525878906,52.40547561645508,2217400,0.0,0.0
2022-05-19 00:00:00-04:00,60.099998474121094,61.400001525878906,59.900001525878906,60.900001525878906,52.839290618896484,1705230,0.0,0.0
2022-05-20 00:00:00-04:00,61.70000076293945,61.70000076293945,60.79999923706055,61.599998474121094,53.4466438293457,1931930,0.0,0.0
2022-05-23 00:00:00-04:00,62.0,62.79999923706055,61.79999923706055,62.29999923706055,54.05399703979492,1654520,0.0,0.0
2022-05-24 00:00:00-04:00,61.599998474121094,61.900001525878906,60.599998474121094,61.900001525878906,53.70693588256836,1617790,0.0,0.0
2022-05-25 00:00:00-04:00,62.29999923706055,62.400001525878906,61.599998474121094,62.0,53.793701171875,1886600,0.0,0.0
2022-05-26 00:00:00-04:00,62.0,63.5,62.0,63.29999923706055,54.921634674072266,1555190,0.0,0.0
2022-05-27 00:00:00-04:00,63.400001525878906,64.0999984741211,63.29999923706055,63.79999923706055,55.35545349121094,1398750,0.0,0.0
2022-05-31 00:00:00-04:00,63.70000076293945,64.0999984741211,63.099998474121094,64.0,55.528987884521484,2587870,0.0,0.0
2022-06-01 00:00:00-04:00,64.0999984741211,64.0999984741211,62.5,63.099998474121094,54.748104095458984,1683070,0.0,0.0
2022-06-02 00:00:00-04:00,62.900001525878906,63.5,62.099998474121094,63.400001525878906,55.008392333984375,1439180,0.0,0.0
2022-06-03 00:00:00-04:00,62.79999923706055,63.20000076293945,62.0,62.70000076293945,54.40106201171875,1279060,0.0,0.0
2022-06-06 00:00:00-04:00,63.0,63.29999923706055,62.20000076293945,62.599998474121094,54.31428527832031,1120850,0.0,0.0
2022-06-07 00:00:00-04:00,63.0,63.0,61.79999923706055,62.900001525878906,54.5745849609375,1384340,0.0,0.0
2022-06-08 00:00:00-04:00,63.099998474121094,63.099998474121094,61.79999923706055,62.099998474121094,53.880462646484375,1429780,0.0,0.0
2022-06-09 00:00:00-04:00,62.29999923706055,63.0,61.5,61.5,53.359886169433594,1441240,0.0,0.0
2022-06-10 00:00:00-04:00,61.20000076293945,61.5,60.900001525878906,61.0,52.92605972290039,1744370,0.0,0.0
2022-06-13 00:00:00-04:00,60.599998474121094,60.79999923706055,59.099998474121094,59.20000076293945,51.364315032958984,2687670,0.0,0.0
2022-06-14 00:00:00-04:00,59.70000076293945,60.20000076293945,59.0,59.29999923706055,51.451072692871094,1859220,0.0,0.0
2022-06-15 00:00:00-04:00,59.900001525878906,60.900001525878906,59.5,60.099998474121094,52.14518737792969,2468180,0.0,0.0
2022-06-16 00:00:00-04:00,60.0,60.099998474121094,56.900001525878906,57.099998474121094,49.542266845703125,3393550,0.0,0.0
2022-06-17 00:00:00-04:00,57.5,58.70000076293945,57.0,58.5,50.7569580078125,3050620,0.0,0.0
2022-06-21 00:00:00-04:00,59.099998474121094,59.400001525878906,58.599998474121094,59.099998474121094,51.27753829956055,1884300,0.0,0.0
2022-06-22 00:00:00-04:00,58.599998474121094,59.79999923706055,58.599998474121094,59.29999923706055,51.451072692871094,1616060,0.0,0.0
2022-06-23 00:00:00-04:00,59.70000076293945,61.20000076293945,59.400001525878906,61.0,52.92605972290039,1698300,0.0,0.0
2022-06-24 00:00:00-04:00,61.29999923706055,62.099998474121094,61.099998474121094,61.900001525878906,53.70693588256836,2875340,0.0,0.0
2022-06-27 00:00:00-04:00,62.20000076293945,62.70000076293945,61.70000076293945,62.599998474121094,54.31428527832031,1507640,0.0,0.0
2022-06-28 00:00:00-04:00,62.5,63.29999923706055,61.099998474121094,61.20000076293945,53.09959030151367,1594340,0.0,0.0
2022-06-29 00:00:00-04:00,61.20000076293945,61.400001525878906,60.5,61.099998474121094,53.01282501220703,1010520,0.0,0.0
2022-06-30 00:00:00-04:00,60.599998474121094,62.400001525878906,60.400001525878906,61.29999923706055,53.18635177612305,1622550,0.0,0.0
2022-07-01 00:00:00-04:00,61.29999923706055,62.20000076293945,60.900001525878906,62.099998474121094,53.880462646484375,1149280,0.0,0.0
2022-07-05 00:00:00-04:00,61.20000076293945,62.20000076293945,60.70000076293945,62.20000076293945,53.96723175048828,1511420,0.0,0.0
2022-07-06 00:00:00-04:00,62.400001525878906,62.5,61.5,61.900001525878906,53.70693588256836,1018320,0.0,0.0
2022-07-07 00:00:00-04:00,61.900001525878906,62.599998474121094,61.599998474121094,62.5,54.227516174316406,1197820,0.0,0.0
2022-07-08 00:00:00-04:00,62.099998474121094,63.099998474121094,62.099998474121094,63.099998474121094,54.748104095458984,1059220,0.0,0.0
2022-07-11 00:00:00-04:00,62.79999923706055,62.79999923706055,61.29999923706055,61.900001525878906,53.70693588256836,1552980,0.0,0.0
2022-07-12 00:00:00-04:00,62.0,63.0,61.70000076293945,62.0,53.793701171875,1237600,0.0,0.0
2022-07-13 00:00:00-04:00,61.70000076293945,62.599998474121094,61.400001525878906,62.29999923706055,54.05399703979492,1106820,0.0,0.0
2022-07-14 00:00:00-04:00,61.79999923706055,63.099998474121094,61.599998474121094,62.900001525878906,54.5745849609375,1643670,0.0,0.0
2022-07-15 00:00:00-04:00,63.20000076293945,63.5,62.70000076293945,63.5,55.09516525268555,1417010,0.0,0.0
2022-07-18 00:00:00-04:00,63.400001525878906,64.0,63.20000076293945,63.5,55.09516525268555,1319740,0.0,0.0
2022-07-19 00:00:00-04:00,63.79999923706055,65.0,63.70000076293945,64.80000305175781,56.22309875488281,1740530,0.0,0.0
2022-07-20 00:00:00-04:00,64.69999694824219,65.4000015258789,64.19999694824219,65.0999984741211,56.4833869934082,1653340,0.0,0.0
2022-07-21 00:00:00-04:00,65.0999984741211,65.4000015258789,63.599998474121094,65.19999694824219,56.57014846801758,1612290,0.0,0.0
2022-07-22 00:00:00-04:00,65.19999694824219,65.9000015258789,64.30000305175781,64.5999984741211,56.049564361572266,1516520,0.0,0.0
2022-07-25 00:00:00-04:00,64.9000015258789,65.19999694824219,63.5,63.79999923706055,55.35545349121094,1419400,0.0,0.0
2022-07-26 00:00:00-04:00,63.79999923706055,64.9000015258789,63.70000076293945,63.79999923706055,55.35545349121094,1572110,0.0,0.0
2022-07-27 00:00:00-04:00,63.900001525878906,64.5999984741211,63.20000076293945,64.4000015258789,55.87603759765625,1838740,0.0,0.0
2022-07-28 00:00:00-04:00,64.4000015258789,66.5,64.30000305175781,65.80000305175781,57.09074020385742,2095030,0.0,0.0
2022-07-29 00:00:00-04:00,65.80000305175781,67.0,64.80000305175781,66.80000305175781,57.95838165283203,1920950,0.0,0.0
2022-08-01 00:00:00-04:00,66.0999984741211,67.0999984741211,66.0,66.80000305175781,57.95838165283203,1930070,0.0,0.0
2022-08-02 00:00:00-04:00,66.69999694824219,67.80000305175781,66.5,66.9000015258789,58.04512405395508,1340300,0.0,0.0
2022-08-03 00:00:00-04:00,66.9000015258789,67.19999694824219,66.4000015258789,67.19999694824219,58.305423736572266,1546260,0.0,0.0
2022-08-04 00:00:00-04:00,67.0,67.5999984741211,66.80000305175781,67.0999984741211,58.409889221191406,1201100,0.22,0.0
2022-08-05 00:00:00-04:00,66.0999984741211,66.9000015258789,65.5999984741211,65.80000305175781,57.27825164794922,1851900,0.0,0.0
2022-08-08 00:00:00-04:00,65.80000305175781,67.19999694824219,65.5999984741211,66.5,57.88758087158203,1269020,0.0,0.0
2022-08-09 00:00:00-04:00,66.4000015258789,67.4000015258789,65.69999694824219,67.0999984741211,58.409889221191406,1240830,0.0,0.0
2022-08-10 00:00:00-04:00,67.5999984741211,68.5,66.9000015258789,67.4000015258789,58.67102813720703,1678180,0.0,0.0
2022-08-11 00:00:00-04:00,67.30000305175781,68.5,67.0,67.30000305175781,58.58400344848633,1078410,0.0,0.0
2022-08-12 00:00:00-04:00,67.4000015258789,68.0,67.0,67.80000305175781,59.01924133300781,893540,0.0,0.0
2022-08-15 00:00:00-04:00,67.30000305175781,67.80000305175781,67.0,67.69999694824219,58.93217849731445,1114890,0.0,0.0
2022-08-16 00:00:00-04:00,67.30000305175781,67.5,66.0,66.0,57.45235061645508,1281410,0.0,0.0
2022-08-17 00:00:00-04:00,65.5,65.9000015258789,64.80000305175781,65.19999694824219,56.75595474243164,1324510,0.0,0.0
2022-08-18 00:00:00-04:00,65.4000015258789,65.5999984741211,64.4000015258789,64.9000015258789,56.49481201171875,1380540,0.0,0.0
2022-08-19 00:00:00-04:00,64.5,64.69999694824219,63.5,64.0,55.711360931396484,1656480,0.0,0.0
2022-08-22 00:00:00-04:00,63.599998474121094,63.599998474121094,62.5,62.599998474121094,54.49267578125,1409060,0.0,0.0
2022-08-23 00:00:00-04:00,62.400001525878906,63.400001525878906,62.29999923706055,62.79999923706055,54.66678237915039,1400960,0.0,0.0
2022-08-24 00:00:00-04:00,62.599998474121094,63.0,62.20000076293945,62.400001525878906,54.31858825683594,794400,0.0,0.0
2022-08-25 00:00:00-04:00,62.400001525878906,63.20000076293945,62.400001525878906,62.70000076293945,54.579734802246094,900310,0.0,0.0
2022-08-26 00:00:00-04:00,62.5,63.099998474121094,61.599998474121094,61.70000076293945,53.70923614501953,1682500,0.0,0.0
2022-08-29 00:00:00-04:00,61.5,62.099998474121094,61.0,61.20000076293945,53.27400588989258,1123570,0.0,0.0
2022-08-30 00:00:00-04:00,61.599998474121094,61.599998474121094,60.79999923706055,61.099998474121094,53.186946868896484,1538140,0.0,0.0
2022-08-31 00:00:00-04:00,61.79999923706055,61.900001525878906,60.599998474121094,60.900001525878906,53.01285171508789,1994580,0.0,0.0
2022-09-01 00:00:00-04:00,60.900001525878906,61.400001525878906,60.70000076293945,61.29999923706055,53.36104965209961,1651910,0.0,0.0
2022-09-02 00:00:00-04:00,61.5,61.79999923706055,60.70000076293945,60.70000076293945,52.8387565612793,1692470,0.0,0.0
2022-09-06 00:00:00-04:00,61.0,61.0,59.70000076293945,60.0,52.22940444946289,2052460,0.0,0.0
2022-09-07 00:00:00-04:00,60.29999923706055,61.900001525878906,60.099998474121094,61.79999923706055,53.796295166015625,1590600,0.0,0.0
2022-09-08 00:00:00-04:00,61.599998474121094,62.29999923706055,61.20000076293945,61.900001525878906,53.88334274291992,1282460,0.0,0.0
2022-09-09 00:00:00-04:00,61.900001525878906,62.79999923706055,61.70000076293945,62.70000076293945,54.579734802246094,1394220,0.0,0.0
2022-09-12 00:00:00-04:00,63.099998474121094,63.29999923706055,62.20000076293945,62.599998474121094,54.49267578125,1114490,0.0,0.0
2022-09-13 00:00:00-04:00,61.5,61.599998474121094,59.70000076293945,60.099998474121094,52.316463470458984,1935680,0.0,0.0
2022-09-14 00:00:00-04:00,60.099998474121094,60.5,59.5,60.099998474121094,52.316463470458984,1789380,0.0,0.0
2022-09-15 00:00:00-04:00,59.900001525878906,60.29999923706055,59.20000076293945,59.400001525878906,51.70711898803711,1795750,0.0,0.0
2022-09-16 00:00:00-04:00,59.20000076293945,59.79999923706055,58.79999923706055,59.70000076293945,51.968257904052734,3532800,0.0,0.0
2022-09-19 00:00:00-04:00,59.70000076293945,60.29999923706055,59.400001525878906,60.20000076293945,52.403507232666016,1293600,0.0,0.0
2022-09-20 00:00:00-04:00,59.79999923706055,60.5,59.20000076293945,60.0,52.22940444946289,1452360,0.0,0.0
2022-09-21 00:00:00-04:00,60.400001525878906,60.5,59.0,59.099998474121094,51.44596481323242,1392450,0.0,0.0
2022-09-22 00:00:00-04:00,58.900001525878906,59.29999923706055,58.5,58.70000076293945,51.097774505615234,1165380,0.0,0.0
2022-09-23 00:00:00-04:00,58.79999923706055,58.900001525878906,57.900001525878906,58.099998474121094,50.57547378540039,1440580,0.0,0.0
2022-09-26 00:00:00-04:00,58.0,58.70000076293945,57.79999923706055,58.099998474121094,50.57547378540039,1415550,0.0,0.0
2022-09-27 00:00:00-04:00,58.79999923706055,59.400001525878906,58.20000076293945,58.20000076293945,50.66252899169922,1500250,0.0,0.0
2022-09-28 00:00:00-04:00,58.29999923706055,59.70000076293945,58.099998474121094,59.5,51.794166564941406,1575930,0.0,0.0
2022-09-29 00:00:00-04:00,59.0,59.099998474121094,57.29999923706055,57.79999923706055,50.314334869384766,1478500,0.0,0.0
2022-09-30 00:00:00-04:00,58.20000076293945,58.400001525878906,57.099998474121094,57.099998474121094,49.704978942871094,1316410,0.0,0.0
2022-10-03 00:00:00-04:00,57.5,58.900001525878906,57.099998474121094,58.599998474121094,51.01071548461914,1362980,0.0,0.0
2022-10-04 00:00:00-04:00,59.0,60.0,58.599998474121094,59.70000076293945,51.968257904052734,1851410,0.0,0.0
2022-10-05 00:00:00-04:00,59.0,60.0,58.599998474121094,59.70000076293945,51.968257904052734,1117280,0.0,0.0
2022-10-06 00:00:00-04:00,59.5,59.900001525878906,59.0,59.29999923706055,51.62006378173828,1057860,0.0,0.0
2022-10-07 00:00:00-04:00,59.0,59.29999923706055,58.5,58.70000076293945,51.097774505615234,1713290,0.0,0.0
2022-10-10 00:00:00-04:00,58.79999923706055,59.79999923706055,58.79999923706055,59.29999923706055,51.62006378173828,1191560,0.0,0.0
2022-10-11 00:00:00-04:00,59.0,60.0,58.79999923706055,59.70000076293945,51.968257904052734,1704660,0.0,0.0
2022-10-12 00:00:00-04:00,59.79999923706055,60.20000076293945,59.5,59.599998474121094,51.88121032714844,1198440,0.0,0.0
2022-10-13 00:00:00-04:00,59.099998474121094,61.70000076293945,58.900001525878906,61.400001525878906,53.44809341430664,2110380,0.0,0.0
2022-10-14 00:00:00-04:00,61.79999923706055,62.20000076293945,60.5,60.5,52.664649963378906,1528240,0.0,0.0
2022-10-17 00:00:00-04:00,61.29999923706055,62.20000076293945,61.20000076293945,61.900001525878906,53.88334274291992,1819760,0.0,0.0
2022-10-18 00:00:00-04:00,62.400001525878906,63.5,61.79999923706055,62.29999923706055,54.231536865234375,1417710,0.0,0.0
2022-10-19 00:00:00-04:00,61.5,62.20000076293945,60.79999923706055,61.400001525878906,53.44809341430664,1133270,0.0,0.0
2022-10-20 00:00:00-04:00,61.099998474121094,63.70000076293945,60.900001525878906,61.0,53.09989929199219,1245090,0.0,0.0
2022-10-21 00:00:00-04:00,61.0,62.099998474121094,60.900001525878906,61.900001525878906,53.88334274291992,1315910,0.0,0.0
2022-10-24 00:00:00-04:00,62.29999923706055,62.70000076293945,61.5,62.29999923706055,54.231536865234375,1105250,0.0,0.0
2022-10-25 00:00:00-04:00,62.400001525878906,63.099998474121094,62.29999923706055,62.79999923706055,54.66678237915039,1424890,0.0,0.0
2022-10-26 00:00:00-04:00,63.20000076293945,64.0,62.20000076293945,62.29999923706055,54.231536865234375,1657110,0.0,0.0
2022-10-27 00:00:00-04:00,62.099998474121094,62.70000076293945,61.0,61.099998474121094,53.186946868896484,1607450,0.0,0.0
2022-10-28 00:00:00-04:00,61.70000076293945,62.099998474121094,60.70000076293945,61.70000076293945,53.70923614501953,1284400,0.0,0.0
2022-10-31 00:00:00-04:00,61.79999923706055,61.79999923706055,60.29999923706055,60.400001525878906,52.57761001586914,2700320,0.0,0.0
2022-11-01 00:00:00-04:00,61.20000076293945,62.400001525878906,60.599998474121094,60.599998474121094,52.751712799072266,1679270,0.0,0.0
2022-11-02 00:00:00-04:00,60.900001525878906,62.400001525878906,60.20000076293945,60.70000076293945,52.8387565612793,2357410,0.0,0.0
2022-11-03 00:00:00-04:00,60.400001525878906,61.20000076293945,60.0,60.900001525878906,53.01285171508789,1892610,0.0,0.0
2022-11-04 00:00:00-04:00,61.400001525878906,61.900001525878906,60.79999923706055,61.599998474121094,53.6221923828125,1742900,0.0,0.0
2022-11-07 00:00:00-05:00,61.79999923706055,62.79999923706055,61.79999923706055,62.79999923706055,54.66678237915039,1616580,0.0,0.0
2022-11-08 00:00:00-05:00,63.0,63.900001525878906,62.70000076293945,63.599998474121094,55.3631706237793,1537470,0.0,0.0
2022-11-09 00:00:00-05:00,63.20000076293945,63.900001525878906,62.599998474121094,63.20000076293945,55.223365783691406,1291780,0.24,0.0
2022-11-10 00:00:00-05:00,63.79999923706055,64.69999694824219,63.29999923706055,64.0999984741211,56.009765625,1942120,0.0,0.0
2022-11-11 00:00:00-05:00,64.0,64.5,63.20000076293945,64.4000015258789,56.271915435791016,1517810,0.0,0.0
2022-11-14 00:00:00-05:00,64.5,64.80000305175781,64.0999984741211,64.19999694824219,56.0971565246582,1545910,0.0,0.0
2022-11-15 00:00:00-05:00,64.5,65.0,64.0999984741211,64.69999694824219,56.53404235839844,1737900,0.0,0.0
2022-11-16 00:00:00-05:00,64.9000015258789,65.19999694824219,64.19999694824219,64.80000305175781,56.621429443359375,1681480,0.0,0.0
2022-11-17 00:00:00-05:00,63.79999923706055,64.9000015258789,62.79999923706055,63.599998474121094,55.572879791259766,1970250,0.0,0.0
2022-11-18 00:00:00-05:00,63.70000076293945,64.19999694824219,62.70000076293945,63.900001525878906,55.835025787353516,1370500,0.0,0.0
2022-11-21 00:00:00-05:00,64.0999984741211,64.80000305175781,63.79999923706055,64.30000305175781,56.18453598022461,1378110,0.0,0.0
2022-11-22 00:00:00-05:00,64.5,65.0,64.0999984741211,64.9000015258789,56.70880126953125,854810,0.0,0.0
2022-11-23 00:00:00-05:00,64.5999984741211,65.4000015258789,64.5,65.0,56.79618835449219,1004610,0.0,0.0
2022-11-25 00:00:00-05:00,64.5,68.0,64.5,64.9000015258789,56.70880126953125,383810,0.0,0.0
2022-11-28 00:00:00-05:00,64.80000305175781,65.0999984741211,63.79999923706055,63.79999923706055,55.74763870239258,1077070,0.0,0.0
2022-11-29 00:00:00-05:00,63.70000076293945,64.30000305175781,63.5,64.0999984741211,56.009765625,1100090,0.0,0.0
2022-11-30 00:00:00-05:00,64.30000305175781,64.9000015258789,63.099998474121094,64.9000015258789,56.70880126953125,2211760,0.0,0.0
2022-12-01 00:00:00-05:00,63.599998474121094,65.4000015258789,63.5,64.0999984741211,56.009765625,1929410,0.0,0.0
2022-12-02 00:00:00-05:00,63.599998474121094,63.599998474121094,62.400001525878906,62.400001525878906,54.52433395385742,1522200,0.0,0.0
2022-12-05 00:00:00-05:00,61.79999923706055,62.099998474121094,61.5,61.79999923706055,54.00005340576172,1438670,0.0,0.0
2022-12-06 00:00:00-05:00,62.099998474121094,62.29999923706055,61.20000076293945,61.5,53.7379264831543,1291540,0.0,0.0
2022-12-07 00:00:00-05:00,61.099998474121094,62.20000076293945,61.0,62.0,54.17481994628906,1246760,0.0,0.0
2022-12-08 00:00:00-05:00,61.900001525878906,62.099998474121094,61.099998474121094,61.599998474121094,53.8253059387207,1154590,0.0,0.0
2022-12-09 00:00:00-05:00,61.70000076293945,61.70000076293945,60.900001525878906,61.099998474121094,53.3884162902832,843520,0.0,0.0
2022-12-12 00:00:00-05:00,60.900001525878906,61.70000076293945,60.5,61.5,53.7379264831543,946740,0.0,0.0
2022-12-13 00:00:00-05:00,62.5,62.599998474121094,61.400001525878906,61.599998474121094,53.8253059387207,1512960,0.0,0.0
2022-12-14 00:00:00-05:00,61.20000076293945,62.099998474121094,60.70000076293945,61.20000076293945,53.475799560546875,1377980,0.0,0.0
2022-12-15 00:00:00-05:00,60.900001525878906,61.099998474121094,59.70000076293945,59.70000076293945,52.16511154174805,1672070,0.0,0.0
2022-12-16 00:00:00-05:00,59.099998474121094,59.900001525878906,59.099998474121094,59.599998474121094,52.07773208618164,3331670,0.0,0.0
2022-12-19 00:00:00-05:00,60.0,60.099998474121094,58.79999923706055,59.0,51.55345916748047,1198740,0.0,0.0
2022-12-20 00:00:00-05:00,59.099998474121094,59.29999923706055,58.5,58.70000076293945,51.29132080078125,882250,0.0,0.0
2022-12-21 00:00:00-05:00,59.20000076293945,59.29999923706055,58.400001525878906,59.0,51.55345916748047,1228210,0.0,0.0
2022-12-22 00:00:00-05:00,58.5,58.70000076293945,57.599998474121094,58.099998474121094,50.76704788208008,1785140,0.0,0.0
2022-12-23 00:00:00-05:00,58.29999923706055,58.79999923706055,58.0,58.400001525878906,51.0291862487793,971280,0.0,0.0
2022-12-27 00:00:00-05:00,58.79999923706055,59.099998474121094,57.70000076293945,57.79999923706055,50.504920959472656,826610,0.0,0.0
2022-12-28 00:00:00-05:00,57.79999923706055,58.400001525878906,57.29999923706055,57.29999923706055,50.06801986694336,1225440,0.0,0.0
2022-12-29 00:00:00-05:00,57.900001525878906,58.599998474121094,57.79999923706055,58.20000076293945,50.854427337646484,1155680,0.0,0.0
2022-12-30 00:00:00-05:00,58.0,58.400001525878906,57.599998474121094,58.400001525878906,51.0291862487793,983490,0.0,0.0
2023-01-03 00:00:00-05:00,58.400001525878906,58.599998474121094,57.20000076293945,57.900001525878906,50.5922966003418,1651350,0.0,0.0
2023-01-04 00:00:00-05:00,58.5,59.20000076293945,58.29999923706055,58.599998474121094,51.20393753051758,1832180,0.0,0.0
2023-01-05 00:00:00-05:00,58.5,58.70000076293945,57.900001525878906,58.29999923706055,50.94180679321289,1157610,0.0,0.0
2023-01-06 00:00:00-05:00,58.900001525878906,59.900001525878906,58.70000076293945,59.900001525878906,52.339866638183594,1192980,0.0,0.0
2023-01-09 00:00:00-05:00,59.400001525878906,59.599998474121094,58.900001525878906,59.099998474121094,51.640838623046875,984840,0.0,0.0
2023-01-10 00:00:00-05:00,58.79999923706055,59.29999923706055,58.599998474121094,59.099998474121094,51.640838623046875,843900,0.0,0.0
2023-01-11 00:00:00-05:00,59.400001525878906,60.0,59.099998474121094,60.0,52.427242279052734,910270,0.0,0.0
2023-01-12 00:00:00-05:00,59.70000076293945,60.0,59.0,59.599998474121094,52.07773208618164,1054740,0.0,0.0
2023-01-13 00:00:00-05:00,59.400001525878906,59.599998474121094,58.900001525878906,59.599998474121094,52.07773208618164,834790,0.0,0.0
2023-01-17 00:00:00-05:00,59.5,60.0,59.20000076293945,59.79999923706055,52.25248336791992,828710,0.0,0.0
2023-01-18 00:00:00-05:00,59.900001525878906,59.900001525878906,58.29999923706055,58.400001525878906,51.0291862487793,1828270,0.0,0.0
2023-01-19 00:00:00-05:00,58.20000076293945,58.400001525878906,57.79999923706055,57.900001525878906,50.5922966003418,1245500,0.0,0.0
2023-01-20 00:00:00-05:00,57.79999923706055,58.599998474121094,57.70000076293945,58.400001525878906,51.0291862487793,1180720,0.0,0.0
2023-01-23 00:00:00-05:00,58.400001525878906,59.099998474121094,58.29999923706055,58.79999923706055,51.378700256347656,1181130,0.0,0.0
2023-01-24 00:00:00-05:00,58.79999923706055,58.79999923706055,57.599998474121094,57.900001525878906,50.5922966003418,1295490,0.0,0.0
2023-01-25 00:00:00-05:00,57.900001525878906,59.29999923706055,57.5,59.099998474121094,51.640838623046875,1611690,0.0,0.0
2023-01-26 00:00:00-05:00,59.20000076293945,59.400001525878906,58.79999923706055,59.0,51.55345916748047,1607200,0.0,0.0
2023-01-27 00:00:00-05:00,58.79999923706055,59.5,58.400001525878906,59.20000076293945,51.72822189331055,1085670,0.0,0.0
2023-01-30 00:00:00-05:00,58.70000076293945,59.099998474121094,58.599998474121094,58.70000076293945,51.29132080078125,996100,0.0,0.0
2023-01-31 00:00:00-05:00,59.0,59.099998474121094,57.29999923706055,57.900001525878906,50.5922966003418,2997460,0.0,0.0
2023-02-01 00:00:00-05:00,57.70000076293945,58.900001525878906,57.599998474121094,58.599998474121094,51.20393753051758,1786910,0.0,0.0
2023-02-02 00:00:00-05:00,56.20000076293945,56.70000076293945,52.599998474121094,53.0,46.31074142456055,4813470,0.0,0.0
2023-02-03 00:00:00-05:00,53.599998474121094,53.900001525878906,52.099998474121094,52.20000076293945,45.61170196533203,2584060,0.0,0.0
2023-02-06 00:00:00-05:00,52.0,52.099998474121094,49.70000076293945,49.900001525878906,43.60198974609375,2955900,0.0,0.0
2023-02-07 00:00:00-05:00,49.900001525878906,50.900001525878906,49.5,50.599998474121094,44.21364974975586,2544620,0.0,0.0
2023-02-08 00:00:00-05:00,50.400001525878906,50.599998474121094,49.70000076293945,50.0,43.897586822509766,1664900,0.24,0.0
2023-02-09 00:00:00-05:00,50.099998474121094,50.79999923706055,47.599998474121094,47.79999923706055,41.96609115600586,1746000,0.0,0.0
2023-02-10 00:00:00-05:00,47.29999923706055,47.79999923706055,46.79999923706055,47.20000076293945,41.43931579589844,1907040,0.0,0.0
2023-02-13 00:00:00-05:00,47.099998474121094,47.400001525878906,46.79999923706055,47.099998474121094,41.35152053833008,1420560,0.0,0.0
2023-02-14 00:00:00-05:00,46.79999923706055,47.0,46.0,46.5,40.82475280761719,1438050,0.0,0.0
2023-02-15 00:00:00-05:00,46.099998474121094,47.099998474121094,45.900001525878906,46.900001525878906,41.175933837890625,1775800,0.0,0.0
2023-02-16 00:00:00-05:00,46.79999923706055,47.099998474121094,46.0,46.099998474121094,40.47357177734375,2154650,0.0,0.0
2023-02-17 00:00:00-05:00,46.0,46.400001525878906,45.5,46.0,40.38577651977539,1741730,0.0,0.0
2023-02-21 00:00:00-05:00,45.599998474121094,45.79999923706055,44.5,44.5,39.068851470947266,1218650,0.0,0.0
2023-02-22 00:00:00-05:00,44.599998474121094,44.79999923706055,43.900001525878906,44.0,38.629878997802734,1372060,0.0,0.0
2023-02-23 00:00:00-05:00,43.900001525878906,44.099998474121094,43.400001525878906,43.900001525878906,38.542076110839844,1417770,0.0,0.0
2023-02-24 00:00:00-05:00,43.79999923706055,44.29999923706055,43.20000076293945,43.900001525878906,38.542076110839844,1518660,0.0,0.0
2023-02-27 00:00:00-05:00,44.099998474121094,44.599998474121094,44.0,44.599998474121094,39.15664291381836,1174160,0.0,0.0
2023-02-28 00:00:00-05:00,44.70000076293945,44.70000076293945,43.70000076293945,43.900001525878906,38.542076110839844,1491180,0.0,0.0
2023-03-01 00:00:00-05:00,43.900001525878906,43.900001525878906,42.20000076293945,42.70000076293945,37.4885368347168,1473100,0.0,0.0
2023-03-02 00:00:00-05:00,42.5,43.099998474121094,42.20000076293945,43.0,37.75191879272461,1186610,0.0,0.0
2023-03-03 00:00:00-05:00,42.79999923706055,43.099998474121094,42.400001525878906,42.5,37.312950134277344,1441160,0.0,0.0
2023-03-06 00:00:00-05:00,42.20000076293945,43.29999923706055,42.0,43.0,37.75191879272461,1789530,0.0,0.0
2023-03-07 00:00:00-05:00,42.599998474121094,42.900001525878906,40.400001525878906,40.599998474121094,35.644832611083984,2153470,0.0,0.0
2023-03-08 00:00:00-05:00,40.70000076293945,40.79999923706055,38.29999923706055,38.599998474121094,33.88893127441406,3528650,0.0,0.0
2023-03-09 00:00:00-05:00,38.599998474121094,38.900001525878906,37.70000076293945,38.0,33.362159729003906,1899240,0.0,0.0
2023-03-10 00:00:00-05:00,38.0,38.0,36.400001525878906,36.70000076293945,32.2208251953125,2170670,0.0,0.0
2023-03-13 00:00:00-04:00,36.70000076293945,37.900001525878906,36.20000076293945,36.29999923706055,31.869640350341797,2549990,0.0,0.0
2023-03-14 00:00:00-04:00,36.5,36.70000076293945,34.900001525878906,35.099998474121094,30.81610107421875,1772770,0.0,0.0
2023-03-15 00:00:00-04:00,34.400001525878906,36.599998474121094,34.29999923706055,36.400001525878906,31.95744514465332,2139330,0.0,0.0
2023-03-16 00:00:00-04:00,36.099998474121094,36.400001525878906,35.599998474121094,36.099998474121094,31.694053649902344,1980730,0.0,0.0
2023-03-17 00:00:00-04:00,36.0,36.599998474121094,36.0,36.400001525878906,31.95744514465332,2731060,0.0,0.0
2023-03-20 00:00:00-04:00,36.400001525878906,37.400001525878906,36.29999923706055,37.099998474121094,32.57200241088867,1491990,0.0,0.0
2023-03-21 00:00:00-04:00,37.29999923706055,38.099998474121094,37.099998474121094,38.0,33.362159729003906,1623850,0.0,0.0
2023-03-22 00:00:00-04:00,37.79999923706055,38.099998474121094,36.599998474121094,36.79999923706055,32.30861282348633,1761020,0.0,0.0
2023-03-23 00:00:00-04:00,36.900001525878906,37.0,35.70000076293945,36.099998474121094,31.694053649902344,1837190,0.0,0.0
2023-03-24 00:00:00-04:00,35.900001525878906,37.79999923706055,35.5,37.70000076293945,33.09878158569336,2212040,0.0,0.0
2023-03-27 00:00:00-04:00,37.900001525878906,38.599998474121094,37.20000076293945,37.5,32.92319107055664,2109680,0.0,0.0
2023-03-28 00:00:00-04:00,37.29999923706055,38.599998474121094,37.20000076293945,38.400001525878906,33.713340759277344,1685080,0.0,0.0
2023-03-29 00:00:00-04:00,38.70000076293945,39.29999923706055,38.400001525878906,39.0,34.2401123046875,1486360,0.0,0.0
2023-03-30 00:00:00-04:00,39.099998474121094,39.900001525878906,39.0,39.599998474121094,34.76688766479492,1489270,0.0,0.0
2023-03-31 00:00:00-04:00,39.29999923706055,40.20000076293945,39.099998474121094,39.70000076293945,34.85469055175781,1547390,0.0,0.0
2023-04-03 00:00:00-04:00,39.70000076293945,40.0,39.29999923706055,39.599998474121094,34.76688766479492,1071620,0.0,0.0
2023-04-04 00:00:00-04:00,39.29999923706055,39.599998474121094,38.099998474121094,38.400001525878906,33.713340759277344,1626680,0.0,0.0
2023-04-05 00:00:00-04:00,37.900001525878906,39.79999923706055,37.400001525878906,39.599998474121094,34.76688766479492,1955690,0.0,0.0
2023-04-06 00:00:00-04:00,39.400001525878906,40.20000076293945,39.20000076293945,39.900001525878906,35.0302734375,972080,0.0,0.0
2023-04-10 00:00:00-04:00,39.70000076293945,41.29999923706055,39.70000076293945,40.79999923706055,35.82042694091797,1437430,0.0,0.0
2023-04-11 00:00:00-04:00,40.79999923706055,41.400001525878906,40.5,40.599998474121094,35.644832611083984,1106640,0.0,0.0
2023-04-12 00:00:00-04:00,40.79999923706055,41.29999923706055,39.70000076293945,39.79999923706055,34.94247817993164,1425550,0.0,0.0
2023-04-13 00:00:00-04:00,39.79999923706055,40.70000076293945,39.70000076293945,40.5,35.55704116821289,1235700,0.0,0.0
2023-04-14 00:00:00-04:00,40.400001525878906,40.599998474121094,39.400001525878906,39.599998474121094,34.76688766479492,1013600,0.0,0.0
2023-04-17 00:00:00-04:00,39.79999923706055,40.29999923706055,39.29999923706055,39.900001525878906,35.0302734375,1223620,0.0,0.0
2023-04-18 00:00:00-04:00,40.0,40.0,38.20000076293945,38.79999923706055,34.06452178955078,1851260,0.0,0.0
2023-04-19 00:00:00-04:00,38.400001525878906,39.70000076293945,38.400001525878906,39.29999923706055,34.50350570678711,814210,0.0,0.0
2023-04-20 00:00:00-04:00,39.0,39.29999923706055,37.79999923706055,38.0,33.362159729003906,1735060,0.0,0.0
2023-04-21 00:00:00-04:00,38.0,38.599998474121094,37.79999923706055,38.400001525878906,33.713340759277344,1018420,0.0,0.0
2023-04-24 00:00:00-04:00,38.20000076293945,38.400001525878906,37.5,37.79999923706055,33.18656921386719,987800,0.0,0.0
2023-04-25 00:00:00-04:00,38.0,38.0,36.79999923706055,36.900001525878906,32.39642333984375,1600960,0.0,0.0
2023-04-26 00:00:00-04:00,36.5,37.20000076293945,36.20000076293945,36.5,32.045230865478516,1305690,0.0,0.0
2023-04-27 00:00:00-04:00,35.29999923706055,37.70000076293945,33.20000076293945,37.0,32.48421096801758,3290740,0.0,0.0
2023-04-28 00:00:00-04:00,37.099998474121094,38.5,36.900001525878906,38.0,33.362159729003906,1867300,0.0,0.0
2023-05-01 00:00:00-04:00,38.0,38.599998474121094,37.599998474121094,37.79999923706055,33.18656921386719,1401320,0.0,0.0
2023-05-02 00:00:00-04:00,37.79999923706055,37.79999923706055,36.5,36.79999923706055,32.30861282348633,1388800,0.0,0.0
2023-05-03 00:00:00-04:00,36.900001525878906,37.599998474121094,36.79999923706055,36.900001525878906,32.39642333984375,1517890,0.0,0.0
2023-05-04 00:00:00-04:00,36.79999923706055,36.79999923706055,35.5,35.900001525878906,31.724809646606445,1133610,0.24,0.0
2023-05-05 00:00:00-04:00,36.099998474121094,37.400001525878906,36.0,37.29999923706055,32.961978912353516,1339080,0.0,0.0
2023-05-08 00:00:00-04:00,37.29999923706055,37.599998474121094,35.70000076293945,36.0,31.81317138671875,2068550,0.0,0.0
2023-05-09 00:00:00-04:00,35.70000076293945,36.0,34.099998474121094,34.20000076293945,30.22251319885254,2546510,0.0,0.0
2023-05-10 00:00:00-04:00,34.5,34.79999923706055,33.5,34.20000076293945,30.22251319885254,1618090,0.0,0.0
2023-05-11 00:00:00-04:00,33.79999923706055,36.5,33.79999923706055,36.20000076293945,31.989912033081055,2058900,0.0,0.0
2023-05-12 00:00:00-04:00,36.5,36.599998474121094,34.599998474121094,35.5,31.371328353881836,1577430,0.0,0.0
2023-05-15 00:00:00-04:00,35.5,36.099998474121094,35.20000076293945,35.900001525878906,31.724809646606445,931980,0.0,0.0
2023-05-16 00:00:00-04:00,35.900001525878906,36.29999923706055,35.400001525878906,35.400001525878906,31.282958984375,1243980,0.0,0.0
2023-05-17 00:00:00-04:00,35.5,36.900001525878906,35.099998474121094,36.29999923706055,32.078277587890625,1702040,0.0,0.0
2023-05-18 00:00:00-04:00,36.0,36.5,35.20000076293945,36.29999923706055,32.078277587890625,1375270,0.0,0.0
2023-05-19 00:00:00-04:00,36.5,36.70000076293945,35.0,35.29999923706055,31.194581985473633,1336280,0.0,0.0
2023-05-22 00:00:00-04:00,35.5,35.79999923706055,35.099998474121094,35.5,31.371328353881836,1242660,0.0,0.0
2023-05-23 00:00:00-04:00,35.400001525878906,36.0,35.0,35.29999923706055,31.194581985473633,1686860,0.0,0.0
2023-05-24 00:00:00-04:00,35.29999923706055,35.400001525878906,34.70000076293945,35.29999923706055,31.194581985473633,1301720,0.0,0.0
2023-05-25 00:00:00-04:00,34.79999923706055,35.20000076293945,34.5,34.900001525878906,30.841106414794922,1017930,0.0,0.0
2023-05-26 00:00:00-04:00,34.79999923706055,35.599998474121094,34.5,35.29999923706055,31.194581985473633,1361080,0.0,0.0
2023-05-30 00:00:00-04:00,35.29999923706055,36.099998474121094,35.20000076293945,36.0,31.81317138671875,1256770,0.0,0.0
2023-05-31 00:00:00-04:00,35.900001525878906,36.29999923706055,35.599998474121094,35.599998474121094,31.459693908691406,2417410,0.0,0.0
2023-06-01 00:00:00-04:00,35.900001525878906,37.599998474121094,34.79999923706055,37.0,32.696868896484375,2389760,0.0,0.0
2023-06-02 00:00:00-04:00,37.099998474121094,37.400001525878906,35.5,35.79999923706055,31.636430740356445,1689520,0.0,0.0
2023-06-05 00:00:00-04:00,35.79999923706055,36.900001525878906,35.70000076293945,36.0,31.81317138671875,1665120,0.0,0.0
2023-06-06 00:00:00-04:00,36.20000076293945,37.400001525878906,35.900001525878906,37.29999923706055,32.961978912353516,1273120,0.0,0.0
2023-06-07 00:00:00-04:00,37.400001525878906,38.900001525878906,37.099998474121094,38.599998474121094,34.11079406738281,2123490,0.0,0.0
2023-06-08 00:00:00-04:00,38.79999923706055,39.20000076293945,37.70000076293945,38.79999923706055,34.28752517700195,1496180,0.0,0.0
2023-06-09 00:00:00-04:00,38.900001525878906,38.900001525878906,37.900001525878906,38.099998474121094,33.668949127197266,1314170,0.0,0.0
2023-06-12 00:00:00-04:00,37.900001525878906,38.20000076293945,36.70000076293945,37.900001525878906,33.49220275878906,1418370,0.0,0.0
2023-06-13 00:00:00-04:00,38.099998474121094,38.5,37.79999923706055,38.29999923706055,33.845680236816406,1152570,0.0,0.0
2023-06-14 00:00:00-04:00,38.29999923706055,39.099998474121094,37.599998474121094,37.70000076293945,33.31547164916992,1844330,0.0,0.0
2023-06-15 00:00:00-04:00,37.900001525878906,38.400001525878906,37.5,38.29999923706055,33.845680236816406,1096500,0.0,0.0
2023-06-16 00:00:00-04:00,39.099998474121094,39.79999923706055,37.900001525878906,39.400001525878906,34.8177490234375,5797390,0.0,0.0
2023-06-20 00:00:00-04:00,39.5,39.70000076293945,37.0,37.5,33.138729095458984,2694880,0.0,0.0
2023-06-21 00:00:00-04:00,37.70000076293945,37.70000076293945,36.5,36.599998474121094,32.343387603759766,1457900,0.0,0.0
2023-06-22 00:00:00-04:00,36.70000076293945,37.79999923706055,36.5,37.5,33.138729095458984,1871190,0.0,0.0
2023-06-23 00:00:00-04:00,37.0,38.5,36.5,38.29999923706055,33.845680236816406,2394480,0.0,0.0
2023-06-26 00:00:00-04:00,38.29999923706055,39.5,38.0,39.099998474121094,34.552635192871094,1099600,0.0,0.0
2023-06-27 00:00:00-04:00,39.20000076293945,43.20000076293945,38.900001525878906,40.900001525878906,36.143306732177734,3928830,0.0,0.0
2023-06-28 00:00:00-04:00,41.400001525878906,42.900001525878906,41.099998474121094,42.70000076293945,37.73396301269531,2140620,0.0,0.0
2023-06-29 00:00:00-04:00,43.0,43.29999923706055,41.599998474121094,43.29999923706055,38.26417541503906,1568680,0.0,0.0
2023-06-30 00:00:00-04:00,43.70000076293945,45.5,43.20000076293945,45.29999923706055,40.03157424926758,1713370,0.0,0.0
2023-07-03 00:00:00-04:00,45.599998474121094,46.400001525878906,45.099998474121094,46.29999923706055,40.9152717590332,1136580,0.0,0.0
2023-07-05 00:00:00-04:00,46.0,46.099998474121094,44.5,45.599998474121094,40.296688079833984,1432210,0.0,0.0
2023-07-06 00:00:00-04:00,45.20000076293945,45.29999923706055,44.0,44.400001525878906,39.23625183105469,1198330,0.0,0.0
2023-07-07 00:00:00-04:00,44.400001525878906,45.0,44.099998474121094,44.5,39.324623107910156,1173090,0.0,0.0
2023-07-10 00:00:00-04:00,45.0,46.70000076293945,44.5,46.099998474121094,40.73854064941406,1740200,0.0,0.0
2023-07-11 00:00:00-04:00,46.29999923706055,48.0,46.099998474121094,47.79999923706055,42.240821838378906,1690950,0.0,0.0
2023-07-12 00:00:00-04:00,48.20000076293945,48.599998474121094,47.29999923706055,48.099998474121094,42.50593566894531,1407120,0.0,0.0
2023-07-13 00:00:00-04:00,48.0,49.20000076293945,47.79999923706055,48.900001525878906,43.21289825439453,972720,0.0,0.0
2023-07-14 00:00:00-04:00,48.400001525878906,48.5,47.20000076293945,47.5,41.97571563720703,1517930,0.0,0.0
2023-07-17 00:00:00-04:00,47.099998474121094,49.599998474121094,46.5,49.400001525878906,43.654747009277344,1476780,0.0,0.0
2023-07-18 00:00:00-04:00,49.400001525878906,53.70000076293945,49.20000076293945,52.900001525878906,46.74769973754883,3012630,0.0,0.0
2023-07-19 00:00:00-04:00,52.900001525878906,55.599998474121094,52.70000076293945,54.900001525878906,48.51509475708008,3089440,0.0,0.0
2023-07-20 00:00:00-04:00,54.70000076293945,79.5,54.29999923706055,78.0999984741211,69.01691436767578,12796850,0.0,0.0
2023-07-21 00:00:00-04:00,69.9000015258789,73.9000015258789,65.69999694824219,70.80000305175781,62.56591796875,13301640,0.0,0.0
2023-07-24 00:00:00-04:00,67.69999694824219,69.4000015258789,59.79999923706055,60.0,53.02195358276367,3911800,0.0,0.0
2023-07-25 00:00:00-04:00,59.599998474121094,59.79999923706055,50.70000076293945,51.29999923706055,45.33377456665039,4471380,0.0,0.0
2023-07-26 00:00:00-04:00,51.20000076293945,53.0,48.79999923706055,48.900001525878906,43.21289825439453,3186990,0.0,0.0
2023-07-27 00:00:00-04:00,49.599998474121094,50.29999923706055,47.0,48.099998474121094,42.50593566894531,2118190,0.0,0.0
2023-07-28 00:00:00-04:00,48.5,51.599998474121094,48.0,51.099998474121094,45.15702819824219,1984930,0.0,0.0
2023-07-31 00:00:00-04:00,52.099998474121094,53.900001525878906,50.70000076293945,51.0,45.06867218017578,2420070,0.0,0.0
2023-08-01 00:00:00-04:00,53.20000076293945,56.5,48.599998474121094,49.79999923706055,44.00822448730469,2452820,0.0,0.0
2023-08-02 00:00:00-04:00,50.29999923706055,51.29999923706055,48.20000076293945,49.599998474121094,43.83148193359375,2011710,0.0,0.0
2023-08-03 00:00:00-04:00,49.20000076293945,50.599998474121094,49.20000076293945,49.79999923706055,44.00822448730469,1070780,0.0,0.0
2023-08-04 00:00:00-04:00,50.20000076293945,50.29999923706055,46.900001525878906,48.29999923706055,42.68267822265625,1951270,0.0,0.0
2023-08-07 00:00:00-04:00,48.20000076293945,48.599998474121094,47.20000076293945,48.099998474121094,42.718196868896484,1060230,0.24,0.0
2023-08-08 00:00:00-04:00,47.20000076293945,48.29999923706055,46.099998474121094,48.20000076293945,42.80701446533203,1351380,0.0,0.0
2023-08-09 00:00:00-04:00,47.900001525878906,49.099998474121094,47.79999923706055,48.79999923706055,43.33987045288086,1310740,0.0,0.0
2023-08-10 00:00:00-04:00,50.0,51.79999923706055,48.20000076293945,48.400001525878906,42.9846305847168,1779280,0.0,0.0
2023-08-11 00:00:00-04:00,47.900001525878906,48.79999923706055,47.29999923706055,47.5,42.185333251953125,831540,0.0,0.0
2023-08-14 00:00:00-04:00,47.20000076293945,48.20000076293945,46.70000076293945,47.0,41.74126434326172,798700,0.0,0.0
2023-08-15 00:00:00-04:00,46.5,47.5,46.099998474121094,47.099998474121094,41.83008575439453,870370,0.0,0.0
2023-08-16 00:00:00-04:00,47.0,47.400001525878906,46.20000076293945,46.20000076293945,41.030784606933594,910660,0.0,0.0
2023-08-17 00:00:00-04:00,46.20000076293945,46.599998474121094,44.900001525878906,45.0,39.96505355834961,1162390,0.0,0.0
2023-08-18 00:00:00-04:00,45.0,46.099998474121094,44.599998474121094,44.900001525878906,39.87624740600586,1063990,0.0,0.0
2023-08-21 00:00:00-04:00,44.20000076293945,45.0,43.79999923706055,44.0,39.07693862915039,1145060,0.0,0.0
2023-08-22 00:00:00-04:00,44.70000076293945,45.099998474121094,42.29999923706055,42.70000076293945,37.922393798828125,1665290,0.0,0.0
2023-08-23 00:00:00-04:00,42.70000076293945,42.79999923706055,41.099998474121094,41.29999923706055,36.67903518676758,1691530,0.0,0.0
2023-08-24 00:00:00-04:00,41.0,42.099998474121094,39.900001525878906,40.099998474121094,35.61330032348633,1351510,0.0,0.0
2023-08-25 00:00:00-04:00,40.099998474121094,41.29999923706055,40.099998474121094,40.400001525878906,35.87973403930664,888670,0.0,0.0
2023-08-28 00:00:00-04:00,40.79999923706055,41.400001525878906,40.400001525878906,41.0,36.412601470947266,859860,0.0,0.0
2023-08-29 00:00:00-04:00,41.20000076293945,43.29999923706055,41.099998474121094,42.79999923706055,38.011207580566406,1103090,0.0,0.0
2023-08-30 00:00:00-04:00,44.5,46.0,44.29999923706055,45.79999923706055,40.675537109375,1728470,0.0,0.0
2023-08-31 00:00:00-04:00,46.099998474121094,46.099998474121094,43.900001525878906,44.0,39.07693862915039,1529000,0.0,0.0
2023-09-01 00:00:00-04:00,44.5,45.29999923706055,44.20000076293945,45.0,39.96505355834961,1033020,0.0,0.0
2023-09-05 00:00:00-04:00,44.79999923706055,45.099998474121094,42.599998474121094,42.79999923706055,38.011207580566406,1248170,0.0,0.0
2023-09-06 00:00:00-04:00,42.70000076293945,43.599998474121094,42.29999923706055,42.900001525878906,38.10002136230469,837160,0.0,0.0
2023-09-07 00:00:00-04:00,42.900001525878906,43.29999923706055,41.29999923706055,42.099998474121094,37.38951873779297,1142000,0.0,0.0
2023-09-08 00:00:00-04:00,42.400001525878906,42.70000076293945,41.70000076293945,42.599998474121094,37.83358383178711,1516260,0.0,0.0
2023-09-11 00:00:00-04:00,42.400001525878906,43.599998474121094,42.099998474121094,42.29999923706055,37.5671501159668,1039720,0.0,0.0
2023-09-12 00:00:00-04:00,41.70000076293945,43.0,41.5,42.79999923706055,38.011207580566406,1170520,0.0,0.0
2023-09-13 00:00:00-04:00,42.70000076293945,43.099998474121094,41.5,41.5,36.85665512084961,1268700,0.0,0.0
2023-09-14 00:00:00-04:00,41.79999923706055,43.5,41.79999923706055,43.20000076293945,38.366451263427734,1805360,0.0,0.0
2023-09-15 00:00:00-04:00,43.400001525878906,43.5,39.29999923706055,39.900001525878906,35.43568420410156,8181850,0.0,0.0
2023-09-18 00:00:00-04:00,40.20000076293945,41.900001525878906,40.099998474121094,41.0,36.412601470947266,2081790,0.0,0.0
2023-09-19 00:00:00-04:00,40.70000076293945,41.79999923706055,40.70000076293945,41.79999923706055,37.123085021972656,1024750,0.0,0.0
2023-09-20 00:00:00-04:00,42.099998474121094,42.5,41.099998474121094,41.20000076293945,36.59022521972656,900310,0.0,0.0
2023-09-21 00:00:00-04:00,41.20000076293945,41.5,40.599998474121094,41.0,36.412601470947266,1164450,0.0,0.0
2023-09-22 00:00:00-04:00,41.29999923706055,41.70000076293945,40.099998474121094,40.29999923706055,35.790924072265625,927810,0.0,0.0
2023-09-25 00:00:00-04:00,40.0,40.599998474121094,39.70000076293945,40.099998474121094,35.61330032348633,965050,0.0,0.0
2023-09-26 00:00:00-04:00,36.5,40.599998474121094,34.79999923706055,38.79999923706055,34.45874786376953,6450120,0.0,0.0
2023-09-27 00:00:00-04:00,39.400001525878906,40.79999923706055,38.099998474121094,40.70000076293945,36.14617156982422,2903420,0.0,0.0
2023-09-28 00:00:00-04:00,41.599998474121094,49.20000076293945,40.0,46.79999923706055,41.56365203857422,4547960,0.0,0.0
2023-09-29 00:00:00-04:00,46.20000076293945,48.29999923706055,44.70000076293945,45.20000076293945,40.142677307128906,2204810,0.0,0.0
2023-10-02 00:00:00-04:00,44.79999923706055,45.5,42.79999923706055,43.099998474121094,38.27763748168945,2130710,0.0,0.0
2023-10-03 00:00:00-04:00,42.900001525878906,43.70000076293945,42.0,42.900001525878906,38.10002136230469,1398190,0.0,0.0
2023-10-04 00:00:00-04:00,43.599998474121094,44.900001525878906,43.0,44.5,39.520999908447266,1470590,0.0,0.0
2023-10-05 00:00:00-04:00,45.0,45.0,43.29999923706055,43.70000076293945,38.810508728027344,1220870,0.0,0.0
2023-10-06 00:00:00-04:00,43.400001525878906,44.20000076293945,42.79999923706055,43.20000076293945,38.366451263427734,1357610,0.0,0.0
2023-10-09 00:00:00-04:00,43.20000076293945,45.099998474121094,42.70000076293945,44.20000076293945,39.25455856323242,965220,0.0,0.0
2023-10-10 00:00:00-04:00,44.599998474121094,44.900001525878906,44.29999923706055,44.70000076293945,39.698612213134766,1200080,0.0,0.0
2023-10-11 00:00:00-04:00,45.70000076293945,45.900001525878906,44.70000076293945,45.900001525878906,40.76435852050781,882040,0.0,0.0
2023-10-12 00:00:00-04:00,46.099998474121094,46.29999923706055,44.70000076293945,45.900001525878906,40.76435852050781,1233880,0.0,0.0
2023-10-13 00:00:00-04:00,46.900001525878906,48.599998474121094,46.20000076293945,48.5,43.07344436645508,1820670,0.0,0.0
2023-10-16 00:00:00-04:00,48.5,48.900001525878906,47.400001525878906,48.400001525878906,42.9846305847168,1146980,0.0,0.0
2023-10-17 00:00:00-04:00,48.900001525878906,49.0,47.099998474121094,47.20000076293945,41.91889572143555,864020,0.0,0.0
2023-10-18 00:00:00-04:00,47.20000076293945,47.20000076293945,45.900001525878906,46.0,40.8531608581543,576140,0.0,0.0
2023-10-19 00:00:00-04:00,46.0,46.900001525878906,45.400001525878906,45.599998474121094,40.49791717529297,877140,0.0,0.0
2023-10-20 00:00:00-04:00,44.599998474121094,45.599998474121094,44.5,44.70000076293945,39.698612213134766,838530,0.0,0.0
2023-10-23 00:00:00-04:00,45.0,45.400001525878906,44.0,44.79999923706055,39.78743362426758,967630,0.0,0.0
2023-10-24 00:00:00-04:00,45.400001525878906,45.5,44.099998474121094,44.400001525878906,39.43218994140625,645340,0.0,0.0
2023-10-25 00:00:00-04:00,44.0,44.400001525878906,43.20000076293945,43.599998474121094,38.72168731689453,1369390,0.0,0.0
2023-10-26 00:00:00-04:00,44.5,44.5,42.20000076293945,42.29999923706055,37.5671501159668,1151450,0.0,0.0
2023-10-27 00:00:00-04:00,42.0,42.400001525878906,41.099998474121094,41.20000076293945,36.59022521972656,990960,0.0,0.0
2023-10-30 00:00:00-04:00,41.599998474121094,42.400001525878906,41.400001525878906,41.79999923706055,37.123085021972656,1369000,0.0,0.0
2023-10-31 00:00:00-04:00,42.599998474121094,44.79999923706055,41.70000076293945,42.79999923706055,38.011207580566406,1335120,0.0,0.0
2023-11-01 00:00:00-04:00,43.099998474121094,45.5,42.099998474121094,45.0,39.96505355834961,1848870,0.0,0.0
2023-11-02 00:00:00-04:00,45.29999923706055,46.79999923706055,45.20000076293945,46.5,41.29722213745117,1191070,0.0,0.0
2023-11-03 00:00:00-04:00,47.5,50.70000076293945,47.20000076293945,49.5,43.9615592956543,1749170,0.0,0.0
2023-11-06 00:00:00-05:00,49.5,51.400001525878906,47.0,47.099998474121094,42.05949401855469,1016220,0.27,0.0
2023-11-07 00:00:00-05:00,46.5,48.099998474121094,46.099998474121094,47.099998474121094,42.05949401855469,1104640,0.0,0.0
2023-11-08 00:00:00-05:00,46.29999923706055,47.400001525878906,46.20000076293945,46.79999923706055,41.79160690307617,854070,0.0,0.0
2023-11-09 00:00:00-05:00,46.79999923706055,50.70000076293945,46.599998474121094,46.900001525878906,41.88090515136719,1024840,0.0,0.0
2023-11-10 00:00:00-05:00,47.0,47.400001525878906,45.70000076293945,46.29999923706055,41.34511184692383,1286270,0.0,0.0
2023-11-13 00:00:00-05:00,46.5,46.79999923706055,45.400001525878906,46.70000076293945,41.702308654785156,780390,0.0,0.0
2023-11-14 00:00:00-05:00,47.5,48.900001525878906,47.20000076293945,48.900001525878906,43.666873931884766,1068520,0.0,0.0
2023-11-15 00:00:00-05:00,54.900001525878906,56.20000076293945,51.5,51.900001525878906,46.34581756591797,2091370,0.0,0.0
2023-11-16 00:00:00-05:00,52.70000076293945,52.79999923706055,49.599998474121094,51.29999923706055,45.810028076171875,1019010,0.0,0.0
2023-11-17 00:00:00-05:00,51.400001525878906,51.400001525878906,50.20000076293945,50.79999923706055,45.36353302001953,894020,0.0,0.0
2023-11-20 00:00:00-05:00,51.099998474121094,51.79999923706055,50.5,51.400001525878906,45.89933395385742,899310,0.0,0.0
2023-11-21 00:00:00-05:00,51.5,51.5,48.400001525878906,48.5,43.3096809387207,1135390,0.0,0.0
2023-11-22 00:00:00-05:00,48.599998474121094,49.599998474121094,48.599998474121094,49.0,43.756168365478516,1005980,0.0,0.0
2023-11-24 00:00:00-05:00,49.0,49.400001525878906,48.5,49.29999923706055,44.02406692504883,374040,0.0,0.0
2023-11-27 00:00:00-05:00,49.099998474121094,49.099998474121094,47.900001525878906,48.29999923706055,43.13108444213867,666880,0.0,0.0
2023-11-28 00:00:00-05:00,48.29999923706055,48.400001525878906,47.20000076293945,47.5,42.41669845581055,868120,0.0,0.0
2023-11-29 00:00:00-05:00,48.599998474121094,48.599998474121094,46.0,47.0,41.97019577026367,1202250,0.0,0.0
2023-11-30 00:00:00-05:00,47.099998474121094,47.599998474121094,46.20000076293945,46.79999923706055,41.79160690307617,1775810,0.0,0.0
2023-12-01 00:00:00-05:00,47.0,49.099998474121094,45.900001525878906,48.79999923706055,43.57756805419922,1125880,0.0,0.0
2023-12-04 00:00:00-05:00,48.5,48.599998474121094,45.29999923706055,45.599998474121094,40.720027923583984,1454470,0.0,0.0
2023-12-05 00:00:00-05:00,45.29999923706055,45.5,44.099998474121094,45.099998474121094,40.273536682128906,1601670,0.0,0.0
2023-12-06 00:00:00-05:00,45.70000076293945,46.5,44.900001525878906,44.900001525878906,40.09494400024414,1055650,0.0,0.0
2023-12-07 00:00:00-05:00,45.5,47.099998474121094,44.79999923706055,47.099998474121094,42.05949401855469,1396890,0.0,0.0
2023-12-08 00:00:00-05:00,46.29999923706055,46.79999923706055,45.70000076293945,46.400001525878906,41.43441390991211,948990,0.0,0.0
2023-12-11 00:00:00-05:00,47.0,51.29999923706055,46.79999923706055,50.20000076293945,44.82775115966797,2214630,0.0,0.0
2023-12-12 00:00:00-05:00,50.0,53.0,46.70000076293945,53.0,47.32810974121094,2850730,0.0,0.0
2023-12-13 00:00:00-05:00,52.900001525878906,54.599998474121094,52.099998474121094,54.29999923706055,48.48897171020508,2182980,0.0,0.0
2023-12-14 00:00:00-05:00,55.0,57.5,54.0,56.900001525878906,50.81074142456055,2175470,0.0,0.0
2023-12-15 00:00:00-05:00,57.099998474121094,57.79999923706055,52.900001525878906,54.0,48.22108840942383,3286870,0.0,0.0
2023-12-18 00:00:00-05:00,54.20000076293945,54.20000076293945,51.400001525878906,52.29999923706055,46.703006744384766,1774970,0.0,0.0
2023-12-19 00:00:00-05:00,52.900001525878906,54.70000076293945,52.599998474121094,54.5,48.66757583618164,1374010,0.0,0.0
2023-12-20 00:00:00-05:00,54.29999923706055,56.29999923706055,52.099998474121094,52.29999923706055,46.703006744384766,1582260,0.0,0.0
2023-12-21 00:00:00-05:00,53.0,54.900001525878906,52.70000076293945,54.79999923706055,48.93547058105469,1032160,0.0,0.0
2023-12-22 00:00:00-05:00,54.79999923706055,54.900001525878906,53.900001525878906,54.70000076293945,48.84617614746094,863540,0.0,0.0
2023-12-26 00:00:00-05:00,54.5,55.29999923706055,54.20000076293945,55.0,49.114070892333984,724900,0.0,0.0
2023-12-27 00:00:00-05:00,54.900001525878906,55.70000076293945,54.400001525878906,54.79999923706055,48.93547058105469,891980,0.0,0.0
2023-12-28 00:00:00-05:00,54.900001525878906,56.0,54.900001525878906,55.29999923706055,49.381961822509766,711570,0.0,0.0
2023-12-29 00:00:00-05:00,55.20000076293945,55.20000076293945,54.20000076293945,54.70000076293945,48.84617614746094,854280,0.0,0.0
2024-01-02 00:00:00-05:00,54.5,56.79999923706055,54.20000076293945,54.900001525878906,49.0247688293457,1559480,0.0,0.0
2024-01-03 00:00:00-05:00,54.900001525878906,55.20000076293945,53.70000076293945,54.400001525878906,48.578277587890625,1463190,0.0,0.0
2024-01-04 00:00:00-05:00,54.0,54.70000076293945,52.900001525878906,54.29999923706055,48.48897171020508,888170,0.0,0.0
2024-01-05 00:00:00-05:00,54.099998474121094,55.5,53.70000076293945,54.599998474121094,48.75688171386719,1556320,0.0,0.0
2024-01-08 00:00:00-05:00,54.5,55.5,54.20000076293945,54.79999923706055,48.93547058105469,1342380,0.0,0.0
2024-01-09 00:00:00-05:00,54.29999923706055,54.599998474121094,53.5,54.0,48.22108840942383,1110640,0.0,0.0
2024-01-10 00:00:00-05:00,53.5,54.29999923706055,52.900001525878906,53.70000076293945,47.95319366455078,1224310,0.0,0.0
2024-01-11 00:00:00-05:00,53.599998474121094,53.70000076293945,51.5,52.400001525878906,46.79231262207031,870250,0.0,0.0
2024-01-12 00:00:00-05:00,52.79999923706055,53.099998474121094,51.900001525878906,52.099998474121094,46.5244140625,844240,0.0,0.0
2024-01-16 00:00:00-05:00,51.79999923706055,52.29999923706055,50.79999923706055,51.70000076293945,46.1672248840332,1214910,0.0,0.0
2024-01-17 00:00:00-05:00,51.0,52.79999923706055,50.70000076293945,52.599998474121094,46.97091293334961,1820260,0.0,0.0
2024-01-18 00:00:00-05:00,52.0,53.70000076293945,51.900001525878906,53.599998474121094,47.8638916015625,1476960,0.0,0.0
2024-01-19 00:00:00-05:00,53.099998474121094,54.400001525878906,52.900001525878906,54.20000076293945,48.399688720703125,1520670,0.0,0.0
2024-01-22 00:00:00-05:00,54.099998474121094,54.900001525878906,53.70000076293945,54.20000076293945,48.399688720703125,1030340,0.0,0.0
2024-01-23 00:00:00-05:00,53.400001525878906,54.400001525878906,53.0,54.400001525878906,48.578277587890625,745210,0.0,0.0
2024-01-24 00:00:00-05:00,54.900001525878906,55.400001525878906,53.5,54.20000076293945,48.399688720703125,1166710,0.0,0.0
2024-01-25 00:00:00-05:00,55.0,55.099998474121094,52.400001525878906,53.70000076293945,47.95319366455078,1130180,0.0,0.0
2024-01-26 00:00:00-05:00,53.5,54.20000076293945,53.0,53.400001525878906,47.685298919677734,949240,0.0,0.0
2024-01-29 00:00:00-05:00,52.900001525878906,53.5,52.099998474121094,52.79999923706055,47.149505615234375,1275390,0.0,0.0
2024-01-30 00:00:00-05:00,52.20000076293945,52.29999923706055,50.599998474121094,51.099998474121094,45.63142776489258,1577740,0.0,0.0
2024-01-31 00:00:00-05:00,51.20000076293945,52.599998474121094,50.400001525878906,50.900001525878906,45.452842712402344,1511360,0.0,0.0
2024-02-01 00:00:00-05:00,52.400001525878906,53.5,50.70000076293945,52.29999923706055,46.703006744384766,1438560,0.0,0.0
2024-02-02 00:00:00-05:00,51.20000076293945,51.79999923706055,50.5,51.70000076293945,46.1672248840332,1420720,0.0,0.0
2024-02-05 00:00:00-05:00,50.900001525878906,51.5,50.099998474121094,51.400001525878906,45.89933395385742,945800,0.0,0.0
2024-02-06 00:00:00-05:00,51.79999923706055,51.79999923706055,50.599998474121094,51.099998474121094,45.63142776489258,895700,0.0,0.0
2024-02-07 00:00:00-05:00,51.5,51.599998474121094,50.29999923706055,50.70000076293945,45.27423858642578,931940,0.0,0.0
2024-02-08 00:00:00-05:00,50.900001525878906,50.900001525878906,49.70000076293945,49.900001525878906,44.798431396484375,1196420,0.27,0.0
2024-02-09 00:00:00-05:00,50.0,50.099998474121094,48.900001525878906,49.0,43.99043655395508,1534210,0.0,0.0
2024-02-12 00:00:00-05:00,49.0,50.5,48.79999923706055,50.29999923706055,45.157527923583984,864580,0.0,0.0
2024-02-13 00:00:00-05:00,49.099998474121094,49.20000076293945,47.400001525878906,47.70000076293945,42.82334899902344,1643480,0.0,0.0
2024-02-14 00:00:00-05:00,49.20000076293945,49.20000076293945,47.599998474121094,48.099998474121094,43.182456970214844,1436670,0.0,0.0
2024-02-15 00:00:00-05:00,49.400001525878906,49.400001525878906,47.79999923706055,48.0,43.09267807006836,1129750,0.0,0.0
2024-02-16 00:00:00-05:00,48.20000076293945,48.70000076293945,47.20000076293945,48.0,43.09267807006836,1443660,0.0,0.0
2024-02-20 00:00:00-05:00,48.599998474121094,48.599998474121094,47.099998474121094,47.29999923706055,42.46424102783203,1384200,0.0,0.0
2024-02-21 00:00:00-05:00,47.400001525878906,47.599998474121094,46.20000076293945,46.79999923706055,42.015357971191406,1214360,0.0,0.0
2024-02-22 00:00:00-05:00,46.79999923706055,47.5,46.5,47.29999923706055,42.46424102783203,1202680,0.0,0.0
2024-02-23 00:00:00-05:00,47.29999923706055,48.0,46.900001525878906,47.599998474121094,42.73357009887695,828910,0.0,0.0
2024-02-26 00:00:00-05:00,47.29999923706055,47.79999923706055,47.0,47.29999923706055,42.46424102783203,890760,0.0,0.0
2024-02-27 00:00:00-05:00,47.099998474121094,47.5,46.70000076293945,46.900001525878906,42.10513687133789,890720,0.0,0.0
2024-02-28 00:00:00-05:00,46.900001525878906,47.099998474121094,44.20000076293945,44.29999923706055,39.77094268798828,1580630,0.0,0.0
2024-02-29 00:00:00-05:00,45.0,45.0,43.0,44.20000076293945,39.68117141723633,2501180,0.0,0.0
2024-03-01 00:00:00-05:00,43.79999923706055,44.0,42.599998474121094,42.70000076293945,38.33452224731445,1651380,0.0,0.0
2024-03-04 00:00:00-05:00,42.70000076293945,42.900001525878906,41.400001525878906,41.70000076293945,37.436763763427734,1722230,0.0,0.0
2024-03-05 00:00:00-05:00,42.0,42.099998474121094,41.400001525878906,41.70000076293945,37.436763763427734,1563500,0.0,0.0
2024-03-06 00:00:00-05:00,41.599998474121094,42.29999923706055,41.0,41.900001525878906,37.61631393432617,1970210,0.0,0.0
2024-03-07 00:00:00-05:00,42.400001525878906,42.5,41.5,41.79999923706055,37.52653503417969,1316990,0.0,0.0
2024-03-08 00:00:00-05:00,41.5,42.400001525878906,41.20000076293945,41.599998474121094,37.346981048583984,1613750,0.0,0.0
2024-03-11 00:00:00-04:00,41.400001525878906,42.20000076293945,41.29999923706055,41.70000076293945,37.436763763427734,1528360,0.0,0.0
2024-03-12 00:00:00-04:00,41.400001525878906,41.70000076293945,40.099998474121094,41.099998474121094,36.898094177246094,2245840,0.0,0.0
2024-03-13 00:00:00-04:00,41.29999923706055,41.900001525878906,41.0,41.400001525878906,37.16743469238281,2203640,0.0,0.0
2024-03-14 00:00:00-04:00,41.400001525878906,41.5,40.20000076293945,40.79999923706055,36.62876892089844,1992800,0.0,0.0
2024-03-15 00:00:00-04:00,41.0,41.29999923706055,40.29999923706055,40.5,36.35944747924805,2582200,0.0,0.0
2024-03-18 00:00:00-04:00,40.70000076293945,40.70000076293945,40.0,40.29999923706055,36.17988967895508,1145350,0.0,0.0
2024-03-19 00:00:00-04:00,40.0,40.29999923706055,39.599998474121094,39.900001525878906,35.8207893371582,1438630,0.0,0.0
2024-03-20 00:00:00-04:00,39.70000076293945,39.79999923706055,38.29999923706055,38.70000076293945,34.743473052978516,2016280,0.0,0.0
2024-03-21 00:00:00-04:00,39.099998474121094,39.29999923706055,38.70000076293945,38.79999923706055,34.83324432373047,1999230,0.0,0.0
2024-03-22 00:00:00-04:00,39.099998474121094,39.20000076293945,38.29999923706055,38.79999923706055,34.83324432373047,1555760,0.0,0.0
2024-03-25 00:00:00-04:00,38.79999923706055,39.5,38.5,38.900001525878906,34.92302322387695,918550,0.0,0.0
2024-03-26 00:00:00-04:00,38.900001525878906,39.29999923706055,38.599998474121094,38.599998474121094,34.65369415283203,1473700,0.0,0.0
2024-03-27 00:00:00-04:00,38.79999923706055,39.20000076293945,38.70000076293945,39.0,35.012794494628906,1670700,0.0,0.0
2024-03-28 00:00:00-04:00,39.20000076293945,39.5,38.599998474121094,38.79999923706055,34.83324432373047,1199140,0.0,0.0
2024-04-01 00:00:00-04:00,39.20000076293945,39.900001525878906,38.099998474121094,38.29999923706055,34.38436508178711,1325950,0.0,0.0
2024-04-02 00:00:00-04:00,38.79999923706055,38.79999923706055,36.79999923706055,36.900001525878906,33.12749481201172,1570780,0.0,0.0
2024-04-03 00:00:00-04:00,36.70000076293945,36.900001525878906,35.5,35.70000076293945,32.050174713134766,2042370,0.0,0.0
2024-04-04 00:00:00-04:00,36.20000076293945,36.400001525878906,35.5,35.5,31.870628356933594,2026860,0.0,0.0
2024-04-05 00:00:00-04:00,35.5,35.599998474121094,34.79999923706055,34.900001525878906,31.33197021484375,1410610,0.0,0.0
2024-04-08 00:00:00-04:00,34.900001525878906,35.29999923706055,33.599998474121094,33.79999923706055,30.344423294067383,2451680,0.0,0.0
2024-04-09 00:00:00-04:00,33.79999923706055,35.0,33.29999923706055,34.5,30.97286033630371,2403220,0.0,0.0
2024-04-10 00:00:00-04:00,34.20000076293945,34.599998474121094,32.70000076293945,33.400001525878906,29.985321044921875,2949130,0.0,0.0
2024-04-11 00:00:00-04:00,33.70000076293945,34.099998474121094,33.20000076293945,33.400001525878906,29.985321044921875,1552130,0.0,0.0
2024-04-12 00:00:00-04:00,33.400001525878906,33.400001525878906,32.0,32.099998474121094,28.818225860595703,2689150,0.0,0.0
2024-04-15 00:00:00-04:00,32.70000076293945,32.70000076293945,31.5,31.799999237060547,28.54889488220215,2017340,0.0,0.0
2024-04-16 00:00:00-04:00,31.799999237060547,31.899999618530273,31.100000381469727,31.5,28.279569625854492,1366890,0.0,0.0
2024-04-17 00:00:00-04:00,31.5,31.899999618530273,30.799999237060547,31.0,27.830684661865234,1426190,0.0,0.0
2024-04-18 00:00:00-04:00,31.100000381469727,31.200000762939453,30.399999618530273,30.600000381469727,27.47157859802246,1154970,0.0,0.0
2024-04-19 00:00:00-04:00,30.600000381469727,31.200000762939453,30.399999618530273,30.899999618530273,27.740907669067383,1696320,0.0,0.0
2024-04-22 00:00:00-04:00,31.100000381469727,31.600000381469727,30.799999237060547,31.299999237060547,28.100013732910156,1533470,0.0,0.0
2024-04-23 00:00:00-04:00,31.100000381469727,32.099998474121094,31.0,31.600000381469727,28.36934471130371,1627400,0.0,0.0
2024-04-24 00:00:00-04:00,31.799999237060547,31.899999618530273,31.299999237060547,31.600000381469727,28.36934471130371,1784210,0.0,0.0
2024-04-25 00:00:00-04:00,31.200000762939453,31.399999618530273,29.799999237060547,30.200000762939453,27.112476348876953,3170230,0.0,0.0
2024-04-26 00:00:00-04:00,30.0,30.399999618530273,29.700000762939453,30.200000762939453,27.112476348876953,3122140,0.0,0.0
2024-04-29 00:00:00-04:00,30.700000762939453,31.899999618530273,30.5,31.700000762939453,28.459121704101562,2278380,0.0,0.0
2024-04-30 00:00:00-04:00,31.0,31.5,29.200000762939453,29.399999618530273,26.394264221191406,4222940,0.0,0.0
2024-05-01 00:00:00-04:00,29.600000381469727,30.899999618530273,29.299999237060547,30.5,27.381805419921875,2799490,0.0,0.0
2024-05-02 00:00:00-04:00,30.799999237060547,31.200000762939453,30.200000762939453,30.5,27.381805419921875,1366120,0.0,0.0
2024-05-03 00:00:00-04:00,30.799999237060547,31.399999618530273,30.700000762939453,31.200000762939453,28.010234832763672,1535550,0.0,0.0
2024-05-06 00:00:00-04:00,31.5,31.899999618530273,31.200000762939453,31.799999237060547,28.54889488220215,1182080,0.0,0.0
2024-05-07 00:00:00-04:00,31.799999237060547,32.099998474121094,31.200000762939453,31.299999237060547,28.100013732910156,1023840,0.0,0.0
2024-05-08 00:00:00-04:00,31.200000762939453,31.200000762939453,30.600000381469727,30.799999237060547,27.651132583618164,870210,0.0,0.0
2024-05-09 00:00:00-04:00,30.700000762939453,30.799999237060547,30.399999618530273,30.600000381469727,27.71453285217285,931800,0.27,0.0
2024-05-10 00:00:00-04:00,31.0,31.100000381469727,30.100000381469727,30.299999237060547,27.442821502685547,885440,0.0,0.0
2024-05-13 00:00:00-04:00,30.899999618530273,31.600000381469727,30.600000381469727,31.399999618530273,28.439096450805664,1665150,0.0,0.0
2024-05-14 00:00:00-04:00,31.5,32.79999923706055,31.399999618530273,31.700000762939453,28.71080780029297,2083360,0.0,0.0
2024-05-15 00:00:00-04:00,31.899999618530273,32.099998474121094,30.299999237060547,30.399999618530273,27.533390045166016,2355610,0.0,0.0
2024-05-16 00:00:00-04:00,30.600000381469727,30.700000762939453,30.200000762939453,30.5,27.62396240234375,1488260,0.0,0.0
2024-05-17 00:00:00-04:00,30.299999237060547,30.399999618530273,30.0,30.100000381469727,27.261682510375977,1774460,0.0,0.0
2024-05-20 00:00:00-04:00,30.100000381469727,30.200000762939453,29.600000381469727,29.899999618530273,27.080537796020508,1745060,0.0,0.0
2024-05-21 00:00:00-04:00,29.899999618530273,30.100000381469727,28.899999618530273,28.899999618530273,26.174837112426758,2420600,0.0,0.0
2024-05-22 00:00:00-04:00,29.0,29.0,27.899999618530273,28.0,25.35970115661621,3303470,0.0,0.0
2024-05-23 00:00:00-04:00,27.899999618530273,28.0,27.200000762939453,27.299999237060547,24.725711822509766,3379610,0.0,0.0
2024-05-24 00:00:00-04:00,27.399999618530273,27.600000381469727,27.0,27.5,24.906850814819336,1984080,0.0,0.0
2024-05-28 00:00:00-04:00,27.5,27.899999618530273,27.299999237060547,27.600000381469727,24.99742317199707,1725990,0.0,0.0
2024-05-29 00:00:00-04:00,27.5,27.600000381469727,27.100000381469727,27.399999618530273,24.816280364990234,1686650,0.0,0.0
2024-05-30 00:00:00-04:00,27.399999618530273,27.600000381469727,27.299999237060547,27.399999618530273,24.816280364990234,1992920,0.0,0.0
2024-05-31 00:00:00-04:00,27.399999618530273,29.299999237060547,27.200000762939453,28.200000762939453,25.54084587097168,10109330,0.0,0.0
2024-06-03 00:00:00-04:00,28.100000381469727,28.399999618530273,27.5,27.700000762939453,25.08799171447754,1959610,0.0,0.0
2024-06-04 00:00:00-04:00,27.5,27.5,25.5,25.899999618530273,23.457725524902344,3578350,0.0,0.0
2024-06-05 00:00:00-04:00,26.5,26.5,25.5,25.700000762939453,23.276588439941406,2548300,0.0,0.0
2024-06-06 00:00:00-04:00,25.600000381469727,26.0,25.5,25.899999618530273,23.457725524902344,1833120,0.0,0.0
2024-06-07 00:00:00-04:00,25.600000381469727,26.100000381469727,25.200000762939453,25.600000381469727,23.18601417541504,2376530,0.0,0.0
2024-06-10 00:00:00-04:00,25.700000762939453,25.899999618530273,25.200000762939453,25.299999237060547,22.914302825927734,1942430,0.0,0.0
2024-06-11 00:00:00-04:00,25.399999618530273,25.799999237060547,25.100000381469727,25.600000381469727,23.18601417541504,1565080,0.0,0.0
2024-06-12 00:00:00-04:00,26.0,27.100000381469727,25.899999618530273,26.399999618530273,23.91057777404785,3995040,0.0,0.0
2024-06-13 00:00:00-04:00,25.899999618530273,26.0,24.5,25.399999618530273,23.004871368408203,4828310,0.0,0.0
2024-06-14 00:00:00-04:00,25.100000381469727,26.299999237060547,24.899999618530273,26.100000381469727,23.638864517211914,7525470,0.0,0.0
2024-06-17 00:00:00-04:00,26.299999237060547,26.700000762939453,25.5,26.5,24.001150131225586,4585440,0.0,0.0
2024-06-18 00:00:00-04:00,26.600000381469727,27.700000762939453,26.5,27.700000762939453,25.08799171447754,6447680,0.0,0.0
2024-06-20 00:00:00-04:00,28.399999618530273,29.399999618530273,27.600000381469727,29.0,26.26540756225586,3883400,0.0,0.0
2024-06-21 00:00:00-04:00,29.5,30.299999237060547,29.200000762939453,29.299999237060547,26.53711700439453,33060360,0.0,0.0
2024-06-24 00:00:00-04:00,28.600000381469727,28.899999618530273,26.600000381469727,26.899999618530273,24.363428115844727,6180090,0.0,0.0
2024-06-25 00:00:00-04:00,27.0,27.100000381469727,26.100000381469727,26.600000381469727,24.091720581054688,4344260,0.0,0.0
2024-06-26 00:00:00-04:00,26.5,27.299999237060547,26.299999237060547,27.0,24.453998565673828,5535050,0.0,0.0
2024-06-27 00:00:00-04:00,27.0,27.5,26.799999237060547,27.299999237060547,24.725711822509766,3394810,0.0,0.0
2024-06-28 00:00:00-04:00,27.5,28.600000381469727,27.399999618530273,28.299999237060547,25.631412506103516,8220720,0.0,0.0
2024-07-01 00:00:00-04:00,28.600000381469727,29.299999237060547,28.399999618530273,28.799999237060547,26.08426284790039,6377760,0.0,0.0
2024-07-02 00:00:00-04:00,29.100000381469727,31.200000762939453,28.899999618530273,31.0,28.076812744140625,5375900,0.0,0.0
2024-07-03 00:00:00-04:00,31.200000762939453,35.5,31.200000762939453,35.29999923706055,31.971336364746094,7483030,0.0,0.0
2024-07-05 00:00:00-04:00,35.099998474121094,41.599998474121094,35.0,37.099998474121094,33.60160446166992,12121280,0.0,0.0
2024-07-08 00:00:00-04:00,39.5,39.599998474121094,31.600000381469727,32.5,29.43537139892578,6293530,0.0,0.0
2024-07-09 00:00:00-04:00,32.5,34.400001525878906,31.200000762939453,34.29999923706055,31.065635681152344,5068310,0.0,0.0
2024-07-10 00:00:00-04:00,34.20000076293945,36.900001525878906,34.20000076293945,35.099998474121094,31.790197372436523,4170920,0.0,0.0
2024-07-11 00:00:00-04:00,35.20000076293945,37.0,34.5,36.099998474121094,32.69590377807617,4105160,0.0,0.0
2024-07-12 00:00:00-04:00,36.099998474121094,37.29999923706055,35.599998474121094,37.099998474121094,33.60160446166992,2667850,0.0,0.0
2024-07-15 00:00:00-04:00,36.70000076293945,39.20000076293945,35.599998474121094,38.900001525878906,35.231876373291016,4036390,0.0,0.0
2024-07-16 00:00:00-04:00,38.70000076293945,40.599998474121094,38.400001525878906,38.79999923706055,35.14129638671875,4261450,0.0,0.0
2024-07-17 00:00:00-04:00,38.0,39.099998474121094,36.400001525878906,38.0,34.416744232177734,4826390,0.0,0.0
2024-07-18 00:00:00-04:00,37.0,38.5,34.29999923706055,34.599998474121094,31.33734893798828,3322150,0.0,0.0
2024-07-19 00:00:00-04:00,34.29999923706055,34.900001525878906,32.20000076293945,34.099998474121094,30.884489059448242,4167910,0.0,0.0
2024-07-22 00:00:00-04:00,34.20000076293945,34.900001525878906,33.29999923706055,34.900001525878906,31.609060287475586,2033550,0.0,0.0
2024-07-23 00:00:00-04:00,34.20000076293945,38.0,34.099998474121094,38.0,34.416744232177734,3161560,0.0,0.0
2024-07-24 00:00:00-04:00,37.29999923706055,41.20000076293945,37.29999923706055,39.900001525878906,36.13758087158203,5539290,0.0,0.0
2024-07-25 00:00:00-04:00,38.79999923706055,41.20000076293945,38.5,39.20000076293945,35.50358200073242,3734760,0.0,0.0
2024-07-26 00:00:00-04:00,39.70000076293945,40.20000076293945,36.099998474121094,37.20000076293945,33.692176818847656,3070470,0.0,0.0
2024-07-29 00:00:00-04:00,36.400001525878906,36.900001525878906,34.900001525878906,35.400001525878906,32.061912536621094,3052650,0.0,0.0
2024-07-30 00:00:00-04:00,34.70000076293945,35.29999923706055,33.29999923706055,34.900001525878906,31.609060287475586,1827530,0.0,0.0
2024-07-31 00:00:00-04:00,34.900001525878906,36.20000076293945,34.5,34.5,31.246776580810547,2517220,0.0,0.0
2024-08-01 00:00:00-04:00,34.900001525878906,35.099998474121094,31.700000762939453,32.29999923706055,29.254228591918945,1816120,0.0,0.0
2024-08-02 00:00:00-04:00,31.299999237060547,31.700000762939453,30.700000762939453,31.200000762939453,28.257953643798828,1634030,0.0,0.0
2024-08-05 00:00:00-04:00,28.799999237060547,30.799999237060547,28.600000381469727,30.100000381469727,27.261682510375977,1118790,0.0,0.0
2024-08-06 00:00:00-04:00,30.5,31.5,29.899999618530273,30.799999237060547,27.895673751831055,1218750,0.0,0.0
2024-08-07 00:00:00-04:00,31.0,31.700000762939453,30.5,31.100000381469727,28.167383193969727,971400,0.0,0.0
2024-08-08 00:00:00-04:00,31.399999618530273,32.0,31.100000381469727,31.600000381469727,28.620237350463867,959130,0.0,0.0
2024-08-09 00:00:00-04:00,31.299999237060547,31.600000381469727,30.799999237060547,31.399999618530273,28.68418312072754,1196470,0.27,0.0
2024-08-12 00:00:00-04:00,31.0,31.399999618530273,29.399999618530273,29.799999237060547,27.22256851196289,1084510,0.0,0.0
2024-08-13 00:00:00-04:00,29.799999237060547,30.399999618530273,29.700000762939453,30.0,27.405269622802734,998500,0.0,0.0
2024-08-14 00:00:00-04:00,29.799999237060547,30.299999237060547,29.100000381469727,29.100000381469727,26.583112716674805,905480,0.0,0.0
2024-08-15 00:00:00-04:00,31.299999237060547,32.70000076293945,30.100000381469727,30.200000762939453,27.587970733642578,3379240,0.0,0.0
2024-08-16 00:00:00-04:00,30.399999618530273,30.799999237060547,29.799999237060547,30.0,27.405269622802734,1914520,0.0,0.0
2024-08-19 00:00:00-04:00,30.200000762939453,30.5,29.399999618530273,30.399999618530273,27.77066993713379,2053570,0.0,0.0
2024-08-20 00:00:00-04:00,30.399999618530273,33.20000076293945,30.399999618530273,32.5,29.689043045043945,2605070,0.0,0.0
2024-08-21 00:00:00-04:00,34.79999923706055,36.400001525878906,32.599998474121094,32.70000076293945,29.871746063232422,3374480,0.0,0.0
2024-08-22 00:00:00-04:00,33.20000076293945,33.29999923706055,31.200000762939453,31.399999618530273,28.68418312072754,1979970,0.0,0.0
2024-08-23 00:00:00-04:00,31.899999618530273,32.5,31.200000762939453,32.0,29.232284545898438,1316460,0.0,0.0
2024-08-26 00:00:00-04:00,32.29999923706055,33.400001525878906,30.799999237060547,31.100000381469727,28.41012954711914,1753750,0.0,0.0
2024-08-27 00:00:00-04:00,31.299999237060547,32.099998474121094,31.0,31.600000381469727,28.866886138916016,1233640,0.0,0.0
2024-08-28 00:00:00-04:00,31.899999618530273,32.70000076293945,31.0,32.400001525878906,29.59769630432129,1908020,0.0,0.0
2024-08-29 00:00:00-04:00,32.400001525878906,33.099998474121094,32.099998474121094,32.599998474121094,29.780393600463867,1300670,0.0,0.0
2024-08-30 00:00:00-04:00,32.79999923706055,33.0,32.20000076293945,32.900001525878906,30.054447174072266,1177770,0.0,0.0
2024-09-03 00:00:00-04:00,32.900001525878906,33.0,31.0,31.200000762939453,28.50147819519043,1600220,0.0,0.0
2024-09-04 00:00:00-04:00,31.0,31.399999618530273,29.100000381469727,29.299999237060547,26.765811920166016,2454180,0.0,0.0
2024-09-05 00:00:00-04:00,29.700000762939453,29.799999237060547,28.600000381469727,29.100000381469727,26.583112716674805,1475750,0.0,0.0
2024-09-06 00:00:00-04:00,28.899999618530273,29.0,27.100000381469727,27.299999237060547,24.938796997070312,2945180,0.0,0.0
2024-09-09 00:00:00-04:00,27.600000381469727,27.799999237060547,26.600000381469727,26.700000762939453,24.39069175720215,4270150,0.0,0.0
2024-09-10 00:00:00-04:00,25.25,28.110000610351562,24.43000030517578,27.3799991607666,25.011877059936523,15696900,0.0,0.1
2024-09-11 00:00:00-04:00,27.799999237060547,29.049999237060547,26.600000381469727,28.309999465942383,25.86144256591797,11307900,0.0,0.0
2024-09-12 00:00:00-04:00,28.270000457763672,28.270000457763672,25.329999923706055,25.520000457763672,23.3127498626709,10057800,0.0,0.0
2024-09-13 00:00:00-04:00,25.59000015258789,25.81999969482422,24.5,24.510000228881836,22.390106201171875,8832700,0.0,0.0
2024-09-16 00:00:00-04:00,24.450000762939453,24.510000228881836,22.729999542236328,23.639999389648438,21.595352172851562,10845300,0.0,0.0
2024-09-17 00:00:00-04:00,23.850000381469727,24.040000915527344,22.739999771118164,23.270000457763672,21.257352828979492,9943100,0.0,0.0
2024-09-18 00:00:00-04:00,23.90999984741211,23.969999313354492,23.139999389648438,23.270000457763672,21.257352828979492,8038600,0.0,0.0
2024-09-19 00:00:00-04:00,23.600000381469727,24.93000030517578,23.59000015258789,24.020000457763672,21.942485809326172,8306000,0.0,0.0
2024-09-20 00:00:00-04:00,24.0,25.610000610351562,23.920000076293945,24.950000762939453,22.792049407958984,13429100,0.0,0.0
2024-09-23 00:00:00-04:00,25.010000228881836,26.149999618530273,24.809999465942383,25.600000381469727,23.385831832885742,10136500,0.0,0.0
2024-09-24 00:00:00-04:00,25.399999618530273,25.479999542236328,23.860000610351562,24.100000381469727,22.015567779541016,8270900,0.0,0.0
2024-09-25 00:00:00-04:00,24.010000228881836,24.219999313354492,23.639999389648438,24.1200008392334,22.033838272094727,4395900,0.0,0.0
2024-09-26 00:00:00-04:00,24.389999389648438,24.459999084472656,23.6200008392334,24.350000381469727,22.24394416809082,4800600,0.0,0.0
2024-09-27 00:00:00-04:00,24.540000915527344,24.899999618530273,24.049999237060547,24.3799991607666,22.27134895324707,4762900,0.0,0.0
2024-09-30 00:00:00-04:00,24.34000015258789,24.3799991607666,23.56999969482422,23.649999618530273,21.6044864654541,4853700,0.0,0.0
2024-10-01 00:00:00-04:00,23.59000015258789,23.729999542236328,22.520000457763672,22.65999984741211,20.70011329650879,6370000,0.0,0.0
2024-10-02 00:00:00-04:00,22.65999984741211,23.639999389648438,22.5,23.639999389648438,21.595352172851562,5483100,0.0,0.0
2024-10-03 00:00:00-04:00,23.31999969482422,23.31999969482422,22.6200008392334,23.18000030517578,21.175138473510742,5470000,0.0,0.0
2024-10-04 00:00:00-04:00,23.219999313354492,23.399999618530273,22.6200008392334,22.729999542236328,20.76405906677246,4893300,0.0,0.0
2024-10-07 00:00:00-04:00,22.690000534057617,23.15999984741211,22.18000030517578,23.1200008392334,21.120330810546875,5175000,0.0,0.0
2024-10-08 00:00:00-04:00,23.010000228881836,23.479999542236328,22.389999389648438,23.420000076293945,21.394380569458008,5095800,0.0,0.0
2024-10-09 00:00:00-04:00,23.31999969482422,23.940000534057617,22.959999084472656,23.75,21.695838928222656,4897300,0.0,0.0
2024-10-10 00:00:00-04:00,23.68000030517578,24.559999465942383,23.399999618530273,24.299999237060547,22.198265075683594,6458800,0.0,0.0
2024-10-11 00:00:00-04:00,24.3799991607666,25.139999389648438,24.200000762939453,24.93000030517578,22.773778915405273,5439500,0.0,0.0
2024-10-14 00:00:00-04:00,26.25,27.290000915527344,26.110000610351562,26.899999618530273,24.573392868041992,19091900,0.0,0.0
2024-10-15 00:00:00-04:00,27.389999389648438,27.739999771118164,26.979999542236328,27.079999923706055,24.737821578979492,10797800,0.0,0.0
2024-10-16 00:00:00-04:00,27.350000381469727,27.950000762939453,26.43000030517578,27.06999969482422,24.72869110107422,7192200,0.0,0.0
2024-10-17 00:00:00-04:00,27.059999465942383,27.3700008392334,26.690000534057617,27.100000381469727,24.75609588623047,6218600,0.0,0.0
2024-10-18 00:00:00-04:00,27.34000015258789,27.950000762939453,27.1299991607666,27.610000610351562,25.22198486328125,5986800,0.0,0.0
2024-10-21 00:00:00-04:00,28.190000534057617,28.190000534057617,27.010000228881836,27.18000030517578,24.829174041748047,7362700,0.0,0.0
2024-10-22 00:00:00-04:00,27.360000610351562,27.93000030517578,27.110000610351562,27.209999084472656,24.856576919555664,5045300,0.0,0.0
2024-10-23 00:00:00-04:00,27.260000228881836,27.790000915527344,26.3700008392334,26.809999465942383,24.491174697875977,6125800,0.0,0.0
2024-10-24 00:00:00-04:00,26.889999389648438,26.940000534057617,26.260000228881836,26.530000686645508,24.235395431518555,4447100,0.0,0.0
2024-10-25 00:00:00-04:00,26.729999542236328,26.920000076293945,26.389999389648438,26.399999618530273,24.11663818359375,4805700,0.0,0.0
2024-10-28 00:00:00-04:00,26.600000381469727,27.239999771118164,26.450000762939453,27.030000686645508,24.692150115966797,4801200,0.0,0.0
2024-10-29 00:00:00-04:00,27.18000030517578,28.1299991607666,27.049999237060547,27.649999618530273,25.25852394104004,6509200,0.0,0.0
2024-10-30 00:00:00-04:00,27.600000381469727,27.75,27.200000762939453,27.389999389648438,25.021011352539062,6035400,0.0,0.0
2024-10-31 00:00:00-04:00,27.0,27.309999465942383,26.229999542236328,26.65999984741211,24.354150772094727,9389000,0.0,0.0
2024-11-01 00:00:00-04:00,27.270000457763672,28.84000015258789,27.25,27.649999618530273,25.25852394104004,10590200,0.0,0.0
2024-11-04 00:00:00-05:00,27.719999313354492,27.920000076293945,25.760000228881836,25.93000030517578,23.687286376953125,9650800,0.0,0.0
2024-11-05 00:00:00-05:00,25.75,26.389999389648438,25.600000381469727,26.34000015258789,24.31501007080078,5723900,0.27,0.0
2024-11-06 00:00:00-05:00,26.799999237060547,27.020000457763672,26.110000610351562,26.200000762939453,24.185773849487305,5180200,0.0,0.0
2024-11-07 00:00:00-05:00,26.399999618530273,27.0,26.100000381469727,26.1200008392334,24.111923217773438,4896800,0.0,0.0
2024-11-08 00:00:00-05:00,26.010000228881836,26.280000686645508,25.6299991607666,26.1299991607666,24.121152877807617,3906700,0.0,0.0
2024-11-11 00:00:00-05:00,26.18000030517578,27.799999237060547,25.899999618530273,27.440000534057617,25.330442428588867,7252600,0.0,0.0
2024-11-12 00:00:00-05:00,27.0,27.360000610351562,26.68000030517578,27.15999984741211,25.07196807861328,6484700,0.0,0.0
2024-11-13 00:00:00-05:00,27.299999237060547,27.399999618530273,26.420000076293945,26.5,24.46270751953125,3699000,0.0,0.0
2024-11-14 00:00:00-05:00,26.709999084472656,27.65999984741211,26.610000610351562,27.030000686645508,24.951963424682617,5090900,0.0,0.0
2024-11-15 00:00:00-05:00,26.809999465942383,26.84000015258789,25.6200008392334,25.799999237060547,23.8165225982666,5322500,0.0,0.0
2024-11-18 00:00:00-05:00,25.799999237060547,25.899999618530273,25.010000228881836,25.1200008392334,23.18880271911621,4900200,0.0,0.0
2024-11-19 00:00:00-05:00,25.010000228881836,25.579999923706055,24.75,25.170000076293945,23.234956741333008,3473400,0.0,0.0
2024-11-20 00:00:00-05:00,25.15999984741211,25.65999984741211,24.6200008392334,25.209999084472656,23.271883010864258,3797500,0.0,0.0
2024-11-21 00:00:00-05:00,25.1299991607666,26.040000915527344,24.639999389648438,25.770000457763672,23.78883171081543,4630700,0.0,0.0
2024-11-22 00:00:00-05:00,25.700000762939453,26.459999084472656,25.6200008392334,26.219999313354492,24.204233169555664,3690700,0.0,0.0
2024-11-25 00:00:00-05:00,26.649999618530273,26.860000610351562,26.079999923706055,26.700000762939453,24.6473331451416,6734700,0.0,0.0
2024-11-26 00:00:00-05:00,26.6200008392334,26.670000076293945,26.15999984741211,26.31999969482422,24.296546936035156,3006100,0.0,0.0
2024-11-27 00:00:00-05:00,26.450000762939453,26.979999542236328,26.309999465942383,26.6200008392334,24.573486328125,2852700,0.0,0.0
2024-11-29 00:00:00-05:00,26.59000015258789,27.15999984741211,26.489999771118164,26.950000762939453,24.878114700317383,1952700,0.0,0.0
2024-12-02 00:00:00-05:00,26.969999313354492,27.670000076293945,26.479999542236328,27.510000228881836,25.395061492919922,4883500,0.0,0.0
2024-12-03 00:00:00-05:00,27.399999618530273,27.899999618530273,26.739999771118164,27.350000381469727,25.247360229492188,5412600,0.0,0.0
2024-12-04 00:00:00-05:00,27.399999618530273,28.06999969482422,27.09000015258789,27.780000686645508,25.644302368164062,3699900,0.0,0.0
2024-12-05 00:00:00-05:00,27.950000762939453,28.110000610351562,27.040000915527344,27.06999969482422,24.988887786865234,3926800,0.0,0.0
2024-12-06 00:00:00-05:00,27.350000381469727,28.31999969482422,27.209999084472656,28.309999465942383,26.13355827331543,4612200,0.0,0.0
2024-12-09 00:00:00-05:00,28.3700008392334,29.18000030517578,28.329999923706055,28.739999771118164,26.530498504638672,4341400,0.0,0.0
2024-12-10 00:00:00-05:00,27.149999618530273,27.84000015258789,24.799999237060547,25.219999313354492,23.28111457824707,14314200,0.0,0.0
2024-12-11 00:00:00-05:00,25.510000228881836,26.059999465942383,24.700000762939453,25.520000457763672,23.55805206298828,7015200,0.0,0.0
2024-12-12 00:00:00-05:00,25.450000762939453,25.65999984741211,24.799999237060547,24.809999465942383,22.902633666992188,3722400,0.0,0.0
2024-12-13 00:00:00-05:00,24.760000228881836,24.8799991607666,23.760000228881836,24.110000610351562,22.256452560424805,5564100,0.0,0.0
2024-12-16 00:00:00-05:00,24.100000381469727,24.190000534057617,22.639999389648438,22.639999389648438,20.899463653564453,8340900,0.0,0.0
2024-12-17 00:00:00-05:00,22.610000610351562,22.6200008392334,21.790000915527344,22.34000015258789,20.622526168823242,11153600,0.0,0.0
2024-12-18 00:00:00-05:00,22.469999313354492,22.649999618530273,21.459999084472656,21.510000228881836,19.856332778930664,8406100,0.0,0.0
2024-12-19 00:00:00-05:00,21.510000228881836,21.600000381469727,20.469999313354492,20.579999923706055,18.997833251953125,10851900,0.0,0.0
2024-12-20 00:00:00-05:00,21.149999618530273,23.200000762939453,20.969999313354492,23.079999923706055,21.305633544921875,14544200,0.0,0.0
2024-12-23 00:00:00-05:00,23.489999771118164,23.860000610351562,23.110000610351562,23.260000228881836,21.4717960357666,5971100,0.0,0.0
2024-12-24 00:00:00-05:00,23.299999237060547,23.690000534057617,23.049999237060547,23.399999618530273,21.601036071777344,2320600,0.0,0.0
2024-12-26 00:00:00-05:00,23.420000076293945,23.59000015258789,23.219999313354492,23.440000534057617,21.637958526611328,3818700,0.0,0.0
2024-12-27 00:00:00-05:00,23.459999084472656,23.479999542236328,22.889999389648438,23.1299991607666,21.35179328918457,3814100,0.0,0.0
2024-12-30 00:00:00-05:00,23.0,23.079999923706055,22.450000762939453,22.799999237060547,21.047161102294922,5011900,0.0,0.0
2024-12-31 00:00:00-05:00,22.940000534057617,23.1200008392334,22.459999084472656,22.799999237060547,21.047161102294922,4697500,0.0,0.0
2025-01-02 00:00:00-05:00,22.8700008392334,22.889999389648438,22.079999923706055,22.100000381469727,20.400978088378906,5339800,0.0,0.0
2025-01-03 00:00:00-05:00,22.170000076293945,22.510000228881836,22.049999237060547,22.360000610351562,20.6409912109375,4355500,0.0,0.0
2025-01-06 00:00:00-05:00,22.760000228881836,23.299999237060547,22.639999389648438,23.1299991607666,21.35179328918457,6238500,0.0,0.0
2025-01-07 00:00:00-05:00,23.299999237060547,23.649999618530273,22.90999984741211,23.100000381469727,21.3240966796875,5239400,0.0,0.0
2025-01-08 00:00:00-05:00,22.709999084472656,22.719999313354492,21.540000915527344,21.549999237060547,19.893259048461914,8419300,0.0,0.0
2025-01-10 00:00:00-05:00,21.5,21.56999969482422,20.81999969482422,20.829999923706055,19.228609085083008,6550900,0.0,0.0
2025-01-13 00:00:00-05:00,20.790000915527344,21.25,20.579999923706055,20.899999618530273,19.293230056762695,5229100,0.0,0.0
2025-01-14 00:00:00-05:00,21.200000762939453,21.520000457763672,20.940000534057617,21.309999465942383,19.671707153320312,3544100,0.0,0.0
2025-01-15 00:00:00-05:00,21.719999313354492,22.100000381469727,21.549999237060547,21.559999465942383,19.902490615844727,3209900,0.0,0.0
2025-01-16 00:00:00-05:00,21.479999542236328,21.969999313354492,21.399999618530273,21.93000030517578,20.244047164916992,3380700,0.0,0.0
2025-01-17 00:00:00-05:00,22.1299991607666,22.299999237060547,21.8799991607666,22.270000457763672,20.55790901184082,4156800,0.0,0.0
2025-01-21 00:00:00-05:00,22.479999542236328,22.799999237060547,22.1299991607666,22.190000534057617,20.484058380126953,3572000,0.0,0.0
2025-01-22 00:00:00-05:00,22.209999084472656,22.389999389648438,21.81999969482422,22.100000381469727,20.400978088378906,4249200,0.0,0.0
2025-01-23 00:00:00-05:00,22.1200008392334,22.219999313354492,21.81999969482422,22.1299991607666,20.428668975830078,4312600,0.0,0.0
2025-01-24 00:00:00-05:00,22.149999618530273,22.25,21.799999237060547,21.959999084472656,20.271738052368164,3889700,0.0,0.0
2025-01-27 00:00:00-05:00,21.68000030517578,22.06999969482422,21.450000762939453,21.889999389648438,20.207120895385742,4682200,0.0,0.0
2025-01-28 00:00:00-05:00,21.90999984741211,22.18000030517578,21.709999084472656,22.059999465942383,20.364049911499023,4031700,0.0,0.0
2025-01-29 00:00:00-05:00,22.0,22.31999969482422,21.65999984741211,21.84000015258789,20.160964965820312,6166700,0.0,0.0
2025-01-30 00:00:00-05:00,21.989999771118164,23.459999084472656,21.989999771118164,23.110000610351562,21.333328247070312,12564500,0.0,0.0
2025-01-31 00:00:00-05:00,23.270000457763672,24.139999389648438,23.1299991607666,24.010000228881836,22.16413688659668,10838000,0.0,0.0
2025-02-03 00:00:00-05:00,23.389999389648438,24.229999542236328,22.8700008392334,24.0,22.154905319213867,8417300,0.0,0.0
2025-02-04 00:00:00-05:00,24.81999969482422,24.829999923706055,24.059999465942383,24.6200008392334,22.727243423461914,10058100,0.0,0.0
2025-02-05 00:00:00-05:00,24.81999969482422,25.829999923706055,24.459999084472656,25.790000915527344,23.807296752929688,8674100,0.0,0.0
2025-02-06 00:00:00-05:00,26.0,26.329999923706055,25.479999542236328,25.90999984741211,23.91806983947754,8119200,0.0,0.0
2025-02-07 00:00:00-05:00,25.84000015258789,25.84000015258789,25.09000015258789,25.440000534057617,23.73149871826172,5654400,0.27,0.0
2025-02-10 00:00:00-05:00,25.59000015258789,26.579999923706055,25.270000457763672,25.860000610351562,24.123292922973633,5584200,0.0,0.0
2025-02-11 00:00:00-05:00,25.5,26.209999084472656,25.09000015258789,25.940000534057617,24.197921752929688,5073700,0.0,0.0
2025-02-12 00:00:00-05:00,25.649999618530273,26.1200008392334,25.360000610351562,25.809999465942383,24.076650619506836,4493500,0.0,0.0
2025-02-13 00:00:00-05:00,25.860000610351562,26.739999771118164,25.700000762939453,26.440000534057617,24.66434097290039,4955800,0.0,0.0
2025-02-14 00:00:00-05:00,26.670000076293945,27.15999984741211,26.549999237060547,27.110000610351562,25.289348602294922,5031700,0.0,0.0
2025-02-18 00:00:00-05:00,27.3799991607666,27.40999984741211,26.389999389648438,26.520000457763672,24.738969802856445,5348700,0.0,0.0
2025-02-19 00:00:00-05:00,26.139999389648438,26.139999389648438,24.969999313354492,25.200000762939453,23.50761604309082,6151900,0.0,0.0
2025-02-20 00:00:00-05:00,25.25,25.739999771118164,25.110000610351562,25.190000534057617,23.498291015625,3555700,0.0,0.0
2025-02-21 00:00:00-05:00,25.31999969482422,25.3700008392334,24.520000457763672,24.75,23.08783721923828,4939000,0.0,0.0
2025-02-24 00:00:00-05:00,24.920000076293945,25.670000076293945,24.84000015258789,25.0,23.321048736572266,4153300,0.0,0.0
2025-02-25 00:00:00-05:00,25.020000457763672,25.260000228881836,24.260000228881836,24.510000228881836,22.863956451416016,4112900,0.0,0.0
2025-02-26 00:00:00-05:00,24.549999237060547,24.68000030517578,23.940000534057617,24.1299991607666,22.509477615356445,3616000,0.0,0.0
2025-02-27 00:00:00-05:00,24.149999618530273,24.530000686645508,23.809999465942383,23.920000076293945,22.313579559326172,3276600,0.0,0.0
2025-02-28 00:00:00-05:00,23.729999542236328,24.530000686645508,23.579999923706055,24.190000534057617,22.565446853637695,3847500,0.0,0.0
2025-03-03 00:00:00-05:00,24.309999465942383,24.68000030517578,23.8799991607666,24.040000915527344,22.425521850585938,3818700,0.0,0.0
2025-03-04 00:00:00-05:00,23.549999237060547,24.100000381469727,23.09000015258789,23.649999618530273,22.06171226501465,4257200,0.0,0.0
2025-03-05 00:00:00-05:00,24.0,24.0,22.920000076293945,23.229999542236328,21.669919967651367,5263800,0.0,0.0
2025-03-06 00:00:00-05:00,23.0,24.1299991607666,22.959999084472656,23.75,22.154998779296875,5662900,0.0,0.0
2025-03-07 00:00:00-05:00,23.6200008392334,25.360000610351562,23.59000015258789,25.229999542236328,23.535602569580078,6599400,0.0,0.0
2025-03-10 00:00:00-04:00,24.799999237060547,24.989999771118164,24.260000228881836,24.389999389648438,22.752012252807617,5182500,0.0,0.0
2025-03-11 00:00:00-04:00,24.360000610351562,24.3799991607666,21.950000762939453,22.700000762939453,21.175514221191406,11083100,0.0,0.0
2025-03-12 00:00:00-04:00,22.90999984741211,23.049999237060547,22.219999313354492,22.520000457763672,21.007598876953125,4200900,0.0,0.0
2025-03-13 00:00:00-04:00,22.489999771118164,22.780000686645508,21.65999984741211,21.829999923706055,20.363941192626953,5331700,0.0,0.0
2025-03-14 00:00:00-04:00,22.149999618530273,22.690000534057617,22.09000015258789,22.670000076293945,21.14752769470215,3975200,0.0,0.0
2025-03-17 00:00:00-04:00,22.610000610351562,23.260000228881836,22.610000610351562,23.049999237060547,21.50200653076172,3789200,0.0,0.0
2025-03-18 00:00:00-04:00,22.8700008392334,22.959999084472656,22.450000762939453,22.6299991607666,21.110212326049805,2898400,0.0,0.0
2025-03-19 00:00:00-04:00,22.780000686645508,23.31999969482422,22.68000030517578,23.079999923706055,21.529993057250977,3021700,0.0,0.0
2025-03-20 00:00:00-04:00,22.90999984741211,23.440000534057617,22.899999618530273,23.040000915527344,21.4926815032959,3291400,0.0,0.0
2025-03-21 00:00:00-04:00,22.90999984741211,23.530000686645508,22.829999923706055,23.469999313354492,21.893800735473633,8210600,0.0,0.0
2025-03-24 00:00:00-04:00,23.59000015258789,24.31999969482422,23.479999542236328,23.950000762939453,22.34156608581543,3679500,0.0,0.0
2025-03-25 00:00:00-04:00,24.040000915527344,24.399999618530273,23.959999084472656,24.239999771118164,22.61208724975586,2510300,0.0,0.0
2025-03-26 00:00:00-04:00,24.09000015258789,24.329999923706055,23.75,23.950000762939453,22.34156608581543,3483800,0.0,0.0
2025-03-27 00:00:00-04:00,23.889999389648438,24.09000015258789,23.3799991607666,23.81999969482422,22.220294952392578,3634800,0.0,0.0
2025-03-28 00:00:00-04:00,23.899999618530273,23.899999618530273,22.459999084472656,22.75,21.222156524658203,5751300,0.0,0.0
2025-03-31 00:00:00-04:00,22.489999771118164,22.709999084472656,22.040000915527344,22.549999237060547,21.035587310791016,4643800,0.0,0.0
2025-04-01 00:00:00-04:00,22.510000228881836,22.56999969482422,21.84000015258789,21.959999084472656,20.48520851135254,4318000,0.0,0.0
2025-04-02 00:00:00-04:00,21.8799991607666,22.649999618530273,21.719999313354492,22.329999923706055,20.830360412597656,3609600,0.0,0.0
2025-04-03 00:00:00-04:00,21.65999984741211,21.84000015258789,20.950000762939453,21.1299991607666,19.710948944091797,7205900,0.0,0.0
2025-04-04 00:00:00-04:00,20.450000762939453,20.639999389648438,19.010000228881836,19.510000228881836,18.199748992919922,9249300,0.0,0.0
2025-04-07 00:00:00-04:00,18.90999984741211,21.350000381469727,18.690000534057617,20.360000610351562,18.99266242980957,10358300,0.0,0.0
2025-04-08 00:00:00-04:00,20.90999984741211,21.139999389648438,18.93000030517578,19.34000015258789,18.04116439819336,7469400,0.0,0.0
2025-04-09 00:00:00-04:00,19.6200008392334,21.65999984741211,19.309999465942383,20.899999618530273,19.496395111083984,11090300,0.0,0.0
2025-04-10 00:00:00-04:00,20.59000015258789,20.700000762939453,19.729999542236328,20.079999923706055,18.731468200683594,6906500,0.0,0.0
2025-04-11 00:00:00-04:00,19.989999771118164,20.1299991607666,19.309999465942383,20.020000457763672,18.67549705505371,4864700,0.0,0.0
2025-04-14 00:00:00-04:00,20.360000610351562,20.860000610351562,20.209999084472656,20.719999313354492,19.32848358154297,3816700,0.0,0.0
2025-04-15 00:00:00-04:00,20.59000015258789,20.780000686645508,20.270000457763672,20.420000076293945,19.04863166809082,2848000,0.0,0.0
2025-04-16 00:00:00-04:00,20.200000762939453,20.40999984741211,19.829999923706055,20.079999923706055,18.731468200683594,2821400,0.0,0.0
2025-04-17 00:00:00-04:00,20.1200008392334,20.540000915527344,20.010000228881836,20.31999969482422,18.955350875854492,2968400,0.0,0.0
2025-04-21 00:00:00-04:00,20.260000228881836,20.290000915527344,19.809999465942383,20.15999984741211,18.806095123291016,2519200,0.0,0.0
2025-04-22 00:00:00-04:00,20.270000457763672,20.489999771118164,20.09000015258789,20.31999969482422,18.955350875854492,3052700,0.0,0.0
2025-04-23 00:00:00-04:00,20.979999542236328,21.809999465942383,20.93000030517578,21.030000686645508,19.61766815185547,3291400,0.0,0.0
2025-04-24 00:00:00-04:00,21.200000762939453,21.43000030517578,20.959999084472656,21.360000610351562,19.925506591796875,3288100,0.0,0.0
2025-04-25 00:00:00-04:00,21.389999389648438,21.719999313354492,21.209999084472656,21.670000076293945,20.214683532714844,3020000,0.0,0.0
2025-04-28 00:00:00-04:00,21.75,22.139999389648438,21.399999618530273,21.770000457763672,20.307968139648438,2303300,0.0,0.0
2025-04-29 00:00:00-04:00,21.709999084472656,21.860000610351562,21.459999084472656,21.729999542236328,20.27065658569336,2498400,0.0,0.0
2025-04-30 00:00:00-04:00,21.299999237060547,21.520000457763672,20.6299991607666,21.420000076293945,19.981475830078125,4234900,0.0,0.0
2025-05-01 00:00:00-04:00,21.610000610351562,21.68000030517578,19.40999984741211,19.5,18.190418243408203,9021400,0.0,0.0
2025-05-02 00:00:00-04:00,19.709999084472656,20.709999084472656,19.709999084472656,20.469999313354492,19.095273971557617,8527600,0.0,0.0
2025-05-05 00:00:00-04:00,20.290000915527344,21.40999984741211,20.1200008392334,21.290000915527344,19.860206604003906,4922100,0.0,0.0
2025-05-06 00:00:00-04:00,21.049999237060547,21.709999084472656,21.020000457763672,21.469999313354492,20.028114318847656,4806600,0.0,0.0
2025-05-07 00:00:00-04:00,21.6299991607666,21.75,20.889999389648438,21.149999618530273,19.72960662841797,4104400,0.0,0.0
2025-05-08 00:00:00-04:00,21.239999771118164,21.850000381469727,21.1299991607666,21.719999313354492,20.261323928833008,3918900,0.0,0.0
2025-05-09 00:00:00-04:00,21.600000381469727,21.709999084472656,21.3700008392334,21.56999969482422,20.374679565429688,3553600,0.27,0.0
2025-05-12 00:00:00-04:00,22.219999313354492,22.329999923706055,21.770000457763672,21.940000534057617,20.724172592163086,4346400,0.0,0.0
2025-05-13 00:00:00-04:00,21.899999618530273,22.100000381469727,21.530000686645508,21.790000915527344,20.58248519897461,4192700,0.0,0.0
2025-05-14 00:00:00-04:00,21.610000610351562,22.049999237060547,21.559999465942383,21.8799991607666,20.667499542236328,3397000,0.0,0.0
2025-05-15 00:00:00-04:00,21.889999389648438,22.43000030517578,21.600000381469727,22.360000610351562,21.120899200439453,3389300,0.0,0.0
2025-05-16 00:00:00-04:00,22.459999084472656,22.899999618530273,22.40999984741211,22.729999542236328,21.470396041870117,3542700,0.0,0.0
2025-05-19 00:00:00-04:00,22.350000381469727,22.579999923706055,22.229999542236328,22.469999313354492,21.224803924560547,2545700,0.0,0.0
2025-05-20 00:00:00-04:00,22.459999084472656,22.700000762939453,22.299999237060547,22.56999969482422,21.31926155090332,2131100,0.0,0.0
2025-05-21 00:00:00-04:00,22.420000076293945,22.829999923706055,21.889999389648438,21.920000076293945,20.70528221130371,2393600,0.0,0.0
2025-05-22 00:00:00-04:00,21.829999923706055,22.18000030517578,21.6299991607666,22.040000915527344,20.818634033203125,2029100,0.0,0.0
2025-05-23 00:00:00-04:00,21.729999542236328,22.010000228881836,21.59000015258789,21.84000015258789,20.629714965820312,2051000,0.0,0.0
2025-05-27 00:00:00-04:00,22.270000457763672,22.329999923706055,21.920000076293945,22.260000228881836,21.02644157409668,2360600,0.0,0.0
2025-05-28 00:00:00-04:00,22.260000228881836,22.510000228881836,22.139999389648438,22.389999389648438,21.149234771728516,2426200,0.0,0.0
2025-05-29 00:00:00-04:00,22.540000915527344,22.600000381469727,22.100000381469727,22.389999389648438,21.149234771728516,2029200,0.0,0.0
2025-05-30 00:00:00-04:00,22.25,22.290000915527344,21.639999389648438,21.68000030517578,20.47858238220215,3511800,0.0,0.0
2025-06-02 00:00:00-04:00,21.559999465942383,21.559999465942383,20.530000686645508,21.260000228881836,20.081857681274414,4864400,0.0,0.0
2025-06-03 00:00:00-04:00,21.280000686645508,21.739999771118164,21.079999923706055,21.610000610351562,20.412460327148438,2760000,0.0,0.0
2025-06-04 00:00:00-04:00,21.59000015258789,21.889999389648438,21.40999984741211,21.790000915527344,20.58248519897461,1935000,0.0,0.0
2025-06-05 00:00:00-04:00,21.700000762939453,21.940000534057617,21.510000228881836,21.600000381469727,20.40301513671875,2388000,0.0,0.0
2025-06-06 00:00:00-04:00,21.84000015258789,22.219999313354492,21.670000076293945,21.989999771118164,20.77140235900879,2812700,0.0,0.0
2025-06-09 00:00:00-04:00,22.18000030517578,22.350000381469727,21.8700008392334,22.0,20.780847549438477,2917400,0.0,0.0
2025-06-10 00:00:00-04:00,22.079999923706055,22.899999618530273,21.959999084472656,22.809999465942383,21.545961380004883,4280500,0.0,0.0
2025-06-11 00:00:00-04:00,23.0,23.170000076293945,22.420000076293945,22.59000015258789,21.338151931762695,3241300,0.0,0.0
2025-06-12 00:00:00-04:00,22.459999084472656,22.670000076293945,21.81999969482422,21.90999984741211,20.69583511352539,5155800,0.0,0.0
2025-06-13 00:00:00-04:00,21.520000457763672,21.649999618530273,21.229999542236328,21.290000915527344,20.110193252563477,3687600,0.0,0.0
2025-06-16 00:00:00-04:00,21.489999771118164,21.93000030517578,21.420000076293945,21.899999618530273,20.686389923095703,2651200,0.0,0.0
2025-06-17 00:00:00-04:00,21.700000762939453,21.799999237060547,21.299999237060547,21.450000762939453,20.261327743530273,2777300,0.0,0.0
2025-06-18 00:00:00-04:00,21.399999618530273,21.690000534057617,21.079999923706055,21.489999771118164,20.29911231994629,2717100,0.0,0.0
2025-06-20 00:00:00-04:00,21.690000534057617,22.079999923706055,21.530000686645508,21.75,20.544706344604492,3474500,0.0,0.0
2025-06-23 00:00:00-04:00,21.760000228881836,22.200000762939453,21.31999969482422,21.90999984741211,20.69583511352539,2661300,0.0,0.0
2025-06-24 00:00:00-04:00,22.079999923706055,22.709999084472656,22.040000915527344,22.40999984741211,21.168128967285156,2845100,0.0,0.0
2025-06-25 00:00:00-04:00,22.489999771118164,22.68000030517578,22.34000015258789,22.450000762939453,21.20591163635254,2142100,0.0,0.0
2025-06-26 00:00:00-04:00,22.610000610351562,22.65999984741211,22.079999923706055,22.510000228881836,21.26258659362793,2112500,0.0,0.0
2025-06-27 00:00:00-04:00,22.6200008392334,22.8700008392334,22.350000381469727,22.559999465942383,21.309816360473633,4531200,0.0,0.0
2025-06-30 00:00:00-04:00,22.729999542236328,23.049999237060547,22.450000762939453,22.969999313354492,21.697093963623047,3132600,0.0,0.0
2025-07-01 00:00:00-04:00,22.850000381469727,23.739999771118164,22.760000228881836,23.6299991607666,22.32052230834961,4450800,0.0,0.0
2025-07-02 00:00:00-04:00,23.8799991607666,24.239999771118164,23.56999969482422,23.950000762939453,22.622785568237305,3396000,0.0,0.0
2025-07-03 00:00:00-04:00,24.139999389648438,24.549999237060547,24.0,24.290000915527344,22.94394874572754,2624900,0.0,0.0
2025-07-07 00:00:00-04:00,24.170000076293945,24.239999771118164,23.399999618530273,23.6200008392334,22.31107521057129,3225600,0.0,0.0
2025-07-08 00:00:00-04:00,23.790000915527344,24.739999771118164,23.709999084472656,24.440000534057617,23.085634231567383,4812100,0.0,0.0
2025-07-09 00:00:00-04:00,24.520000457763672,24.920000076293945,24.1200008392334,24.270000457763672,22.9250545501709,3420400,0.0,0.0
2025-07-10 00:00:00-04:00,24.209999084472656,24.700000762939453,23.920000076293945,24.489999771118164,23.132862091064453,2749900,0.0,0.0
2025-07-11 00:00:00-04:00,24.15999984741211,24.440000534057617,23.950000762939453,24.209999084472656,22.868377685546875,2073000,0.0,0.0
2025-07-14 00:00:00-04:00,24.049999237060547,24.34000015258789,23.920000076293945,24.299999237060547,22.95339012145996,2460900,0.0,0.0
2025-07-15 00:00:00-04:00,24.450000762939453,24.549999237060547,23.829999923706055,23.850000381469727,22.528329849243164,2335200,0.0,0.0
2025-07-16 00:00:00-04:00,23.889999389648438,23.93000030517578,22.729999542236328,23.190000534057617,21.904905319213867,4012200,0.0,0.0
2025-07-17 00:00:00-04:00,23.100000381469727,23.56999969482422,23.09000015258789,23.43000030517578,22.13160514831543,2540700,0.0,0.0
2025-07-18 00:00:00-04:00,23.600000381469727,23.68000030517578,23.40999984741211,23.559999465942383,22.2544002532959,2196300,0.0,0.0
2025-07-21 00:00:00-04:00,23.649999618530273,23.93000030517578,23.18000030517578,23.229999542236328,21.942686080932617,2363900,0.0,0.0
2025-07-22 00:00:00-04:00,23.25,23.979999542236328,23.25,23.90999984741211,22.585004806518555,2484300,0.0,0.0
2025-07-23 00:00:00-04:00,24.110000610351562,24.40999984741211,23.809999465942383,24.360000610351562,23.010068893432617,2053300,0.0,0.0
2025-07-24 00:00:00-04:00,24.200000762939453,24.510000228881836,24.030000686645508,24.170000076293945,22.830596923828125,2349800,0.0,0.0
2025-07-25 00:00:00-04:00,24.049999237060547,24.190000534057617,23.559999465942383,23.579999923706055,22.27329444885254,3088900,0.0,0.0
2025-07-28 00:00:00-04:00,23.6200008392334,23.90999984741211,23.420000076293945,23.450000762939453,22.150497436523438,2967600,0.0,0.0
2025-07-29 00:00:00-04:00,23.399999618530273,23.639999389648438,23.020000457763672,23.309999465942383,22.01825523376465,3364500,0.0,0.0
2025-07-30 00:00:00-04:00,23.299999237060547,23.3700008392334,22.520000457763672,22.93000030517578,21.659313201904297,4104400,0.0,0.0
2025-07-31 00:00:00-04:00,22.5,22.75,20.360000610351562,21.1200008392334,19.949615478515625,15468300,0.0,0.0
2025-08-01 00:00:00-04:00,20.899999618530273,21.290000915527344,20.780000686645508,21.18000030517578,20.006290435791016,9044800,0.0,0.0
2025-08-04 00:00:00-04:00,21.309999465942383,21.81999969482422,21.299999237060547,21.6200008392334,20.42190933227539,5709300,0.0,0.0
2025-08-05 00:00:00-04:00,22.100000381469727,22.200000762939453,21.469999313354492,21.739999771118164,20.535255432128906,5404100,0.0,0.0
2025-08-06 00:00:00-04:00,21.850000381469727,21.940000534057617,20.899999618530273,20.969999313354492,19.807926177978516,5905100,0.0,0.0
2025-08-07 00:00:00-04:00,21.18000030517578,21.329999923706055,20.93000030517578,21.309999465942383,20.129085540771484,5183800,0.0,0.0
2025-08-08 00:00:00-04:00,21.18000030517578,21.469999313354492,20.90999984741211,21.420000076293945,20.492633819580078,4082100,0.27,0.0
2025-08-11 00:00:00-04:00,21.399999618530273,21.540000915527344,20.729999542236328,20.950000762939453,20.042984008789062,4403900,0.0,0.0
2025-08-12 00:00:00-04:00,21.079999923706055,21.170000076293945,20.760000228881836,21.040000915527344,20.129085540771484,4515200,0.0,0.0
2025-08-13 00:00:00-04:00,21.100000381469727,22.579999923706055,20.920000076293945,22.40999984741211,21.439773559570312,7232100,0.0,0.0
2025-08-14 00:00:00-04:00,22.149999618530273,23.600000381469727,22.1299991607666,23.489999771118164,22.47301483154297,5219800,0.0,0.0
2025-08-15 00:00:00-04:00,23.5,23.549999237060547,23.010000228881836,23.030000686645508,22.032930374145508,3295600,0.0,0.0
2025-08-18 00:00:00-04:00,23.0,23.079999923706055,22.75,22.850000381469727,21.8607234954834,2292300,0.0,0.0
2025-08-19 00:00:00-04:00,22.950000762939453,23.309999465942383,22.829999923706055,22.93000030517578,21.937259674072266,2232300,0.0,0.0
2025-08-20 00:00:00-04:00,22.899999618530273,22.920000076293945,22.010000228881836,22.149999618530273,21.191028594970703,3394500,0.0,0.0
2025-08-21 00:00:00-04:00,22.0,22.299999237060547,21.889999389648438,22.260000228881836,21.296266555786133,2198800,0.0,0.0
2025-08-22 00:00:00-04:00,22.3799991607666,23.489999771118164,22.3700008392334,23.450000762939453,22.43474769592285,3753700,0.0,0.0
2025-08-25 00:00:00-04:00,23.399999618530273,23.43000030517578,23.059999465942383,23.079999923706055,22.080764770507812,3741100,0.0,0.0
2025-08-26 00:00:00-04:00,23.100000381469727,23.75,23.049999237060547,23.139999389648438,22.138166427612305,4997700,0.0,0.0
2025-08-27 00:00:00-04:00,23.100000381469727,23.709999084472656,22.969999313354492,23.65999984741211,22.635656356811523,2859100,0.0,0.0
2025-08-28 00:00:00-04:00,23.700000762939453,23.780000686645508,23.219999313354492,23.3700008392334,22.358213424682617,3194900,0.0,0.0
2025-08-29 00:00:00-04:00,23.3700008392334,23.760000228881836,23.34000015258789,23.639999389648438,22.616519927978516,2568900,0.0,0.0
2025-09-02 00:00:00-04:00,23.149999618530273,23.520000457763672,22.780000686645508,23.110000610351562,22.109468460083008,3782900,0.0,0.0
2025-09-03 00:00:00-04:00,23.200000762939453,23.549999237060547,23.0,23.530000686645508,22.51128387451172,2757300,0.0,0.0
2025-09-04 00:00:00-04:00,23.610000610351562,23.84000015258789,23.25,23.579999923706055,22.559120178222656,2687500,0.0,0.0
2025-09-05 00:00:00-04:00,23.670000076293945,24.469999313354492,23.469999313354492,24.059999465942383,23.018335342407227,3679600,0.0,0.0
2025-09-08 00:00:00-04:00,24.059999465942383,24.850000381469727,23.700000762939453,24.43000030517578,23.372318267822266,4039200,0.0,0.0
2025-09-09 00:00:00-04:00,24.350000381469727,24.43000030517578,23.979999542236328,24.270000457763672,23.2192440032959,3038500,0.0,0.0
2025-09-10 00:00:00-04:00,24.15999984741211,24.3799991607666,23.579999923706055,23.809999465942383,22.779159545898438,3537800,0.0,0.0
2025-09-11 00:00:00-04:00,23.799999237060547,23.940000534057617,23.549999237060547,23.809999465942383,22.779159545898438,3026800,0.0,0.0
2025-09-12 00:00:00-04:00,23.780000686645508,23.780000686645508,23.219999313354492,23.280000686645508,22.27210807800293,2972700,0.0,0.0
2025-09-15 00:00:00-04:00,23.34000015258789,23.75,23.31999969482422,23.440000534057617,22.425180435180664,2109100,0.0,0.0
2025-09-16 00:00:00-04:00,23.43000030517578,23.489999771118164,23.149999618530273,23.290000915527344,22.281673431396484,2498500,0.0,0.0
2025-09-17 00:00:00-04:00,23.15999984741211,23.6200008392334,22.979999542236328,23.1200008392334,22.119035720825195,2888500,0.0,0.0
2025-09-18 00:00:00-04:00,23.270000457763672,23.270000457763672,22.889999389648438,23.0,22.004228591918945,2912500,0.0,0.0
2025-09-19 00:00:00-04:00,22.959999084472656,23.149999618530273,22.739999771118164,23.1200008392334,22.119035720825195,5100900,0.0,0.0
2025-09-22 00:00:00-04:00,23.030000686645508,23.489999771118164,22.989999771118164,23.020000457763672,22.02336311340332,2636800,0.0,0.0
2025-09-23 00:00:00-04:00,23.079999923706055,23.399999618530273,22.950000762939453,23.049999237060547,22.05206298828125,2857800,0.0,0.0
2025-09-24 00:00:00-04:00,23.0,23.149999618530273,22.510000228881836,22.579999923706055,21.6024112701416,2993900,0.0,0.0
2025-09-25 00:00:00-04:00,22.440000534057617,22.469999313354492,22.149999618530273,22.3799991607666,21.411069869995117,2679000,0.0,0.0
2025-09-26 00:00:00-04:00,22.479999542236328,22.84000015258789,22.389999389648438,22.700000762939453,21.71721839904785,2514600,0.0,0.0
2025-09-29 00:00:00-04:00,22.799999237060547,22.81999969482422,22.3799991607666,22.690000534057617,21.707651138305664,2362900,0.0,0.0
2025-09-30 00:00:00-04:00,22.700000762939453,23.309999465942383,22.600000381469727,23.280000686645508,22.27210807800293,3427000,0.0,0.0
2025-10-01 00:00:00-04:00,23.219999313354492,23.420000076293945,22.579999923706055,22.65999984741211,21.67894744873047,3083300,0.0,0.0
2025-10-02 00:00:00-04:00,22.670000076293945,22.780000686645508,22.40999984741211,22.600000381469727,21.62154769897461,2586200,0.0,0.0
2025-10-03 00:00:00-04:00,22.700000762939453,24.059999465942383,22.670000076293945,23.280000686645508,22.27210807800293,6657400,0.0,0.0
2025-10-06 00:00:00-04:00,23.299999237060547,23.299999237060547,22.690000534057617,22.739999771118164,21.75548553466797,2962500,0.0,0.0
2025-10-07 00:00:00-04:00,22.8700008392334,23.309999465942383,22.459999084472656,22.829999923706055,21.841590881347656,2455400,0.0,0.0
2025-10-08 00:00:00-04:00,22.8700008392334,22.950000762939453,22.510000228881836,22.579999923706055,21.6024112701416,2747400,0.0,0.0
2025-10-09 00:00:00-04:00,22.600000381469727,22.989999771118164,22.110000610351562,22.1299991607666,21.171894073486328,2894600,0.0,0.0
2025-10-10 00:00:00-04:00,22.1299991607666,22.15999984741211,20.860000610351562,20.93000030517578,20.023847579956055,5756200,0.0,0.0
2025-10-13 00:00:00-04:00,21.209999084472656,21.540000915527344,21.020000457763672,21.450000762939453,20.52133560180664,3234000,0.0,0.0
2025-10-14 00:00:00-04:00,21.31999969482422,21.950000762939453,21.100000381469727,21.799999237060547,20.856182098388672,2462500,0.0,0.0
2025-10-15 00:00:00-04:00,21.93000030517578,22.040000915527344,21.389999389648438,21.8799991607666,20.93271827697754,2950300,0.0,0.0
2025-10-16 00:00:00-04:00,21.889999389648438,22.09000015258789,21.229999542236328,21.31999969482422,20.396961212158203,2768100,0.0,0.0
2025-10-17 00:00:00-04:00,21.200000762939453,21.440000534057617,21.020000457763672,21.3799991607666,20.454364776611328,3525900,0.0,0.0
2025-10-20 00:00:00-04:00,21.43000030517578,21.829999923706055,21.399999618530273,21.639999389648438,20.703107833862305,2099600,0.0,0.0
2025-10-21 00:00:00-04:00,21.790000915527344,22.489999771118164,21.75,22.190000534057617,21.229297637939453,2752400,0.0,0.0
2025-10-22 00:00:00-04:00,22.100000381469727,22.280000686645508,21.65999984741211,21.760000228881836,20.817913055419922,2287500,0.0,0.0
2025-10-23 00:00:00-04:00,21.920000076293945,21.920000076293945,21.260000228881836,21.31999969482422,20.396961212158203,3456200,0.0,0.0
2025-10-24 00:00:00-04:00,21.469999313354492,21.59000015258789,21.270000457763672,21.399999618530273,20.473499298095703,3136900,0.0,0.0
2025-10-27 00:00:00-04:00,21.540000915527344,21.700000762939453,21.3700008392334,21.6299991607666,20.69354248046875,3439000,0.0,0.0
2025-10-28 00:00:00-04:00,21.670000076293945,21.729999542236328,21.31999969482422,21.399999618530273,20.473499298095703,3007900,0.0,0.0
2025-10-29 00:00:00-04:00,21.360000610351562,21.440000534057617,20.950000762939453,21.059999465942383,20.148218154907227,5583500,0.0,0.0
2025-10-30 00:00:00-04:00,22.549999237060547,23.479999542236328,22.139999389648438,23.190000534057617,22.186004638671875,10302700,0.0,0.0
2025-10-31 00:00:00-04:00,22.969999313354492,22.969999313354492,21.450000762939453,21.690000534057617,20.750946044921875,7648100,0.0,0.0
2025-11-03 00:00:00-05:00,21.639999389648438,21.90999984741211,21.260000228881836,21.889999389648438,20.942285537719727,4411400,0.0,0.0
2025-11-04 00:00:00-05:00,21.84000015258789,22.020000457763672,21.56999969482422,21.829999923706055,20.884883880615234,4450500,0.0,0.0
2025-11-05 00:00:00-05:00,21.559999465942383,22.5,21.559999465942383,22.1299991607666,21.437034606933594,5625600,0.27,0.0
2025-11-06 00:00:00-05:00,22.200000762939453,22.31999969482422,21.489999771118164,21.6299991607666,20.95269203186035,3230300,0.0,0.0
2025-11-07 00:00:00-05:00,21.40999984741211,21.729999542236328,21.389999389648438,21.709999084472656,21.03018569946289,2879900,0.0,0.0
2025-11-10 00:00:00-05:00,21.790000915527344,21.84000015258789,21.56999969482422,21.709999084472656,21.03018569946289,3564200,0.0,0.0
2025-11-11 00:00:00-05:00,21.799999237060547,21.90999984741211,21.59000015258789,21.719999313354492,21.039873123168945,1947100,0.0,0.0
2025-11-12 00:00:00-05:00,21.700000762939453,21.809999465942383,21.549999237060547,21.68000030517578,21.001127243041992,2956100,0.0,0.0
2025-11-13 00:00:00-05:00,21.600000381469727,21.979999542236328,21.549999237060547,21.600000381469727,20.92363166809082,2342800,0.0,0.0
2025-11-14 00:00:00-05:00,21.5,21.549999237060547,21.219999313354492,21.510000228881836,20.836448669433594,2790200,0.0,0.0
2025-11-17 00:00:00-05:00,21.600000381469727,21.729999542236328,21.020000457763672,21.100000381469727,20.439287185668945,3282800,0.0,0.0
2025-11-18 00:00:00-05:00,20.889999389648438,21.100000381469727,20.25,20.90999984741211,20.255237579345703,6276200,0.0,0.0
2025-11-19 00:00:00-05:00,20.989999771118164,21.149999618530273,20.520000457763672,20.719999313354492,20.071186065673828,3949000,0.0,0.0
2025-11-20 00:00:00-05:00,20.809999465942383,20.969999313354492,19.829999923706055,19.920000076293945,19.29623794555664,4195600,0.0,0.0
2025-11-21 00:00:00-05:00,20.040000915527344,20.690000534057617,20.0,20.520000457763672,19.87744903564453,4209100,0.0,0.0
2025-11-24 00:00:00-05:00,20.3799991607666,20.969999313354492,20.350000381469727,20.940000534057617,20.284297943115234,6209900,0.0,0.0
2025-11-25 00:00:00-05:00,21.100000381469727,21.239999771118164,20.90999984741211,20.989999771118164,20.332731246948242,2470300,0.0,0.0
2025-11-26 00:00:00-05:00,20.940000534057617,21.280000686645508,20.899999618530273,20.90999984741211,20.255237579345703,2376700,0.0,0.0
2025-11-28 00:00:00-05:00,20.93000030517578,21.290000915527344,20.850000381469727,21.260000228881836,20.59427833557129,1664400,0.0,0.0
2025-12-01 00:00:00-05:00,21.0,21.040000915527344,20.670000076293945,20.809999465942383,20.158369064331055,3128500,0.0,0.0
2025-12-02 00:00:00-05:00,20.799999237060547,20.969999313354492,20.510000228881836,20.84000015258789,20.187429428100586,4877300,0.0,0.0
2025-12-03 00:00:00-05:00,20.899999618530273,21.440000534057617,20.8799991607666,21.329999923706055,20.662086486816406,3011000,0.0,0.0
2025-12-04 00:00:00-05:00,21.43000030517578,21.719999313354492,21.399999618530273,21.59000015258789,20.913944244384766,2951300,0.0,0.0
2025-12-05 00:00:00-05:00,21.540000915527344,22.309999465942383,21.389999389648438,22.030000686645508,21.340167999267578,4718500,0.0,0.0
2025-12-08 00:00:00-05:00,21.950000762939453,22.020000457763672,21.600000381469727,21.729999542236328,21.049560546875,2564700,0.0,0.0
2025-12-09 00:00:00-05:00,21.770000457763672,22.149999618530273,21.709999084472656,21.920000076293945,21.233612060546875,2655200,0.0,0.0
2025-12-10 00:00:00-05:00,22.0,22.549999237060547,21.850000381469727,22.31999969482422,21.62108612060547,5951800,0.0,0.0
2025-12-11 00:00:00-05:00,22.31999969482422,22.540000915527344,22.040000915527344,22.079999923706055,21.388601303100586,2103100,0.0,0.0
2025-12-12 00:00:00-05:00,22.06999969482422,22.149999618530273,21.700000762939453,21.75,21.06893539428711,3001400,0.0,0.0
2025-12-15 00:00:00-05:00,21.850000381469727,21.950000762939453,21.440000534057617,21.540000915527344,20.86551284790039,3085600,0.0,0.0
2025-12-16 00:00:00-05:00,21.670000076293945,21.799999237060547,21.299999237060547,21.489999771118164,20.817075729370117,4124100,0.0,0.0
2025-12-17 00:00:00-05:00,21.469999313354492,21.969999313354492,21.420000076293945,21.75,21.06893539428711,2836300,0.0,0.0
2025-12-18 00:00:00-05:00,21.770000457763672,21.920000076293945,21.149999618530273,21.229999542236328,20.565217971801758,3123300,0.0,0.0
2025-12-19 00:00:00-05:00,21.100000381469727,21.18000030517578,20.600000381469727,20.770000457763672,20.1196231842041,6864500,0.0,0.0
2025-12-22 00:00:00-05:00,20.770000457763672,20.8799991607666,20.6299991607666,20.68000030517578,20.032440185546875,4498400,0.0,0.0
2025-12-23 00:00:00-05:00,20.56999969482422,20.6200008392334,20.309999465942383,20.440000534057617,19.799957275390625,3773100,0.0,0.0
2025-12-24 00:00:00-05:00,20.43000030517578,20.700000762939453,20.399999618530273,20.670000076293945,20.02275276184082,1698100,0.0,0.0
2025-12-26 00:00:00-05:00,20.670000076293945,20.809999465942383,20.549999237060547,20.600000381469727,19.954944610595703,2549100,0.0,0.0
2025-12-29 00:00:00-05:00,20.56999969482422,20.610000610351562,20.200000762939453,20.329999923706055,19.693397521972656,3987100,0.0,0.0
2025-12-30 00:00:00-05:00,20.399999618530273,20.420000076293945,20.18000030517578,20.219999313354492,19.586843490600586,3423500,0.0,0.0
2025-12-31 00:00:00-05:00,20.15999984741211,20.170000076293945,19.979999542236328,20.0,19.37373161315918,5026100,0.0,0.0
2026-01-02 00:00:00-05:00,20.09000015258789,20.68000030517578,20.049999237060547,20.510000228881836,19.86776351928711,5509500,0.0,0.0
2026-01-05 00:00:00-05:00,20.559999465942383,21.309999465942383,20.559999465942383,21.100000381469727,20.439287185668945,6183400,0.0,0.0
2026-01-06 00:00:00-05:00,21.09000015258789,21.649999618530273,20.8700008392334,21.6200008392334,20.943004608154297,5133400,0.0,0.0
2026-01-07 00:00:00-05:00,21.649999618530273,21.709999084472656,21.0,21.030000686645508,20.37148094177246,3516800,0.0,0.0
2026-01-08 00:00:00-05:00,20.969999313354492,21.729999542236328,20.920000076293945,21.43000030517578,20.758953094482422,3282000,0.0,0.0
2026-01-09 00:00:00-05:00,21.450000762939453,21.979999542236328,21.209999084472656,21.780000686645508,21.09799575805664,3397500,0.0,0.0
2026-01-12 00:00:00-05:00,21.780000686645508,21.829999923706055,20.889999389648438,20.959999084472656,20.30367088317871,4554300,0.0,0.0
2026-01-13 00:00:00-05:00,21.0,21.170000076293945,20.700000762939453,20.809999465942383,20.158369064331055,4099200,0.0,0.0
2026-01-14 00:00:00-05:00,20.809999465942383,21.190000534057617,20.770000457763672,21.110000610351562,20.448974609375,3624600,0.0,0.0
2026-01-15 00:00:00-05:00,21.110000610351562,21.270000457763672,20.770000457763672,20.90999984741211,20.255237579345703,3526000,0.0,0.0
2026-01-16 00:00:00-05:00,20.850000381469727,20.920000076293945,20.190000534057617,20.450000762939453,19.809640884399414,6193200,0.0,0.0
2026-01-20 00:00:00-05:00,20.25,20.530000686645508,19.979999542236328,20.139999389648438,19.509347915649414,5258100,0.0,0.0
2026-01-21 00:00:00-05:00,20.18000030517578,20.549999237060547,20.030000686645508,20.540000915527344,19.89682388305664,3262700,0.0,0.0
2026-01-22 00:00:00-05:00,20.540000915527344,20.989999771118164,20.530000686645508,20.670000076293945,20.02275276184082,4388800,0.0,0.0
2026-01-23 00:00:00-05:00,20.579999923706055,20.850000381469727,20.420000076293945,20.510000228881836,19.86776351928711,5210200,0.0,0.0
2026-01-26 00:00:00-05:00,20.440000534057617,20.690000534057617,20.389999389648438,20.469999313354492,19.829015731811523,3761200,0.0,0.0
2026-01-27 00:00:00-05:00,20.489999771118164,20.579999923706055,20.06999969482422,20.190000534057617,19.557783126831055,4145200,0.0,0.0
2026-01-28 00:00:00-05:00,20.200000762939453,20.31999969482422,20.059999465942383,20.139999389648438,19.509347915649414,4621900,0.0,0.0
2026-01-29 00:00:00-05:00,20.110000610351562,20.229999542236328,19.770000457763672,20.059999465942383,19.431854248046875,4683500,0.0,0.0
2026-01-30 00:00:00-05:00,20.06999969482422,20.450000762939453,20.010000228881836,20.350000381469727,19.7127742767334,6291200,0.0,0.0
2026-02-02 00:00:00-05:00,20.399999618530273,20.780000686645508,20.15999984741211,20.3700008392334,19.732147216796875,5777500,0.0,0.0
2026-02-03 00:00:00-05:00,20.260000228881836,20.469999313354492,19.84000015258789,20.149999618530273,19.51903533935547,7059200,0.0,0.0
2026-02-04 00:00:00-05:00,20.049999237060547,21.09000015258789,19.90999984741211,20.729999542236328,20.080873489379883,10420600,0.0,0.0
2026-02-05 00:00:00-05:00,22.43000030517578,23.56999969482422,22.149999618530273,22.600000381469727,21.892318725585938,25624200,0.0,0.0
2026-02-06 00:00:00-05:00,22.0,22.530000686645508,21.110000610351562,21.68000030517578,21.001127243041992,11331000,0.0,0.0
2026-02-09 00:00:00-05:00,21.559999465942383,21.850000381469727,20.860000610351562,20.950000762939453,20.29398536682129,6949500,0.0,0.0
2026-02-10 00:00:00-05:00,21.3799991607666,21.709999084472656,21.139999389648438,21.34000015258789,20.671772003173828,5083000,0.0,0.0
2026-02-11 00:00:00-05:00,21.06999969482422,21.950000762939453,20.959999084472656,21.899999618530273,21.486085891723633,7289100,0.27,0.0
2026-02-12 00:00:00-05:00,21.989999771118164,22.1299991607666,21.389999389648438,21.700000762939453,21.289865493774414,4593200,0.0,0.0
2026-02-13 00:00:00-05:00,21.6299991607666,21.75,21.190000534057617,21.290000915527344,20.887615203857422,3591800,0.0,0.0
2026-02-17 00:00:00-05:00,21.200000762939453,21.40999984741211,20.8700008392334,21.020000457763672,20.622716903686523,4883000,0.0,0.0
2026-02-18 00:00:00-05:00,21.0,21.139999389648438,20.84000015258789,21.06999969482422,20.671772003173828,3456900,0.0,0.0
2026-02-19 00:00:00-05:00,21.06999969482422,21.190000534057617,20.950000762939453,21.040000915527344,20.6423397064209,3185500,0.0,0.0
2026-02-20 00:00:00-05:00,20.989999771118164,21.06999969482422,20.639999389648438,21.059999465942383,20.66196060180664,3294800,0.0,0.0
2026-02-23 00:00:00-05:00,20.959999084472656,21.110000610351562,20.690000534057617,20.959999084472656,20.56385040283203,3001400,0.0,0.0
2026-02-24 00:00:00-05:00,20.959999084472656,21.219999313354492,20.860000610351562,20.969999313354492,20.57366180419922,2502900,0.0,0.0
2026-02-25 00:00:00-05:00,20.969999313354492,21.010000228881836,20.809999465942383,20.920000076293945,20.524608612060547,2335500,0.0,0.0
2026-02-26 00:00:00-05:00,20.899999618530273,21.610000610351562,20.899999618530273,21.520000457763672,21.11326789855957,3774200,0.0,0.0
2026-02-27 00:00:00-05:00,21.520000457763672,22.15999984741211,21.420000076293945,21.959999084472656,21.544950485229492,5732500,0.0,0.0
2026-03-02 00:00:00-05:00,21.59000015258789,22.15999984741211,21.510000228881836,21.940000534057617,21.52532958984375,3504500,0.0,0.0
2026-03-03 00:00:00-05:00,21.75,22.3700008392334,21.459999084472656,22.209999084472656,21.790224075317383,4622400,0.0,0.0
2026-03-04 00:00:00-05:00,22.219999313354492,22.790000915527344,22.100000381469727,22.639999389648438,22.21209716796875,5263000,0.0,0.0
2026-03-05 00:00:00-05:00,22.5,22.8700008392334,22.43000030517578,22.6299991607666,22.202285766601562,4147100,0.0,0.0
2026-03-06 00:00:00-05:00,22.540000915527344,22.799999237060547,22.18000030517578,22.25,21.829469680786133,4374900,0.0,0.0
2026-03-09 00:00:00-04:00,21.959999084472656,21.959999084472656,21.280000686645508,21.700000762939453,21.289865493774414,5096900,0.0,0.0
2026-03-10 00:00:00-04:00,21.65999984741211,21.899999618530273,21.389999389648438,21.780000686645508,21.36835289001465,4035300,0.0,0.0
2026-03-11 00:00:00-04:00,21.790000915527344,22.3799991607666,21.790000915527344,22.360000610351562,21.93739128112793,3800300,0.0,0.0
2026-03-12 00:00:00-04:00,22.280000686645508,22.469999313354492,22.079999923706055,22.229999542236328,21.809846878051758,4019500,0.0,0.0
2026-03-13 00:00:00-04:00,22.34000015258789,22.469999313354492,21.93000030517578,21.989999771118164,21.574384689331055,3140200,0.0,0.0
2026-03-16 00:00:00-04:00,22.010000228881836,22.5,21.950000762939453,22.399999618530273,21.976634979248047,3212300,0.0,0.0
2026-03-17 00:00:00-04:00,22.5,22.979999542236328,22.40999984741211,22.6299991607666,22.202285766601562,3699400,0.0,0.0
2026-03-18 00:00:00-04:00,22.5,22.8799991607666,22.399999618530273,22.479999542236328,22.05512237548828,2769400,0.0,0.0
2026-03-19 00:00:00-04:00,22.469999313354492,22.670000076293945,22.270000457763672,22.399999618530273,21.976634979248047,2667400,0.0,0.0
2026-03-20 00:00:00-04:00,22.31999969482422,22.420000076293945,21.940000534057617,21.989999771118164,21.574384689331055,6128100,0.0,0.0
2026-03-23 00:00:00-04:00,22.059999465942383,22.520000457763672,21.959999084472656,22.469999313354492,22.045310974121094,2884200,0.0,0.0
2026-03-24 00:00:00-04:00,22.219999313354492,22.729999542236328,22.170000076293945,22.360000610351562,21.93739128112793,2413700,0.0,0.0
2026-03-25 00:00:00-04:00,22.479999542236328,23.040000915527344,22.43000030517578,22.989999771118164,22.555482864379883,4197500,0.0,0.0
2026-03-26 00:00:00-04:00,22.920000076293945,23.219999313354492,22.8700008392334,22.950000762939453,22.5162410736084,2983400,0.0,0.0
2026-03-27 00:00:00-04:00,22.969999313354492,23.100000381469727,22.760000228881836,22.84000015258789,22.4083194732666,2581500,0.0,0.0
2026-03-30 00:00:00-04:00,22.84000015258789,23.049999237060547,22.6299991607666,22.760000228881836,22.329830169677734,2621800,0.0,0.0
2026-03-31 00:00:00-04:00,22.760000228881836,23.31999969482422,22.739999771118164,23.079999923706055,22.643783569335938,3916800,0.0,0.0
2026-04-01 00:00:00-04:00,23.079999923706055,23.459999084472656,22.959999084472656,23.40999984741211,22.967544555664062,3539400,0.0,0.0
2026-04-02 00:00:00-04:00,23.350000381469727,24.15999984741211,23.290000915527344,23.790000915527344,23.340364456176758,7538800,0.0,0.0
2026-04-06 00:00:00-04:00,23.8799991607666,24.260000228881836,23.3700008392334,23.389999389648438,22.94792366027832,4078100,0.0,0.0
2026-04-07 00:00:00-04:00,23.440000534057617,23.780000686645508,23.219999313354492,23.709999084472656,23.26187515258789,2461100,0.0,0.0
2026-04-08 00:00:00-04:00,24.030000686645508,24.030000686645508,23.299999237060547,23.469999313354492,23.026411056518555,4601000,0.0,0.0
2026-04-09 00:00:00-04:00,23.260000228881836,23.520000457763672,23.15999984741211,23.43000030517578,22.98716926574707,4238100,0.0,0.0
2026-04-10 00:00:00-04:00,23.440000534057617,23.760000228881836,23.440000534057617,23.700000762939453,23.252065658569336,2320700,0.0,0.0
2026-04-13 00:00:00-04:00,23.68000030517578,23.899999618530273,23.450000762939453,23.889999389648438,23.438472747802734,2006100,0.0,0.0
2026-04-14 00:00:00-04:00,24.0,24.100000381469727,23.709999084472656,23.719999313354492,23.271686553955078,3087400,0.0,0.0
2026-04-15 00:00:00-04:00,23.770000457763672,24.25,23.75,24.209999084472656,23.752424240112305,3030500,0.0,0.0
2026-04-16 00:00:00-04:00,24.200000762939453,24.770000457763672,24.15999984741211,24.729999542236328,24.262596130371094,4647900,0.0,0.0
2026-04-17 00:00:00-04:00,24.729999542236328,25.90999984741211,24.729999542236328,25.479999542236328,24.99842071533203,7551600,0.0,0.0
2026-04-20 00:00:00-04:00,25.469999313354492,27.229999542236328,25.3700008392334,27.219999313354492,26.705533981323242,13758400,0.0,0.0
2026-04-21 00:00:00-04:00,27.280000686645508,27.34000015258789,26.1299991607666,26.18000030517578,25.685192108154297,8286700,0.0,0.0
2026-04-22 00:00:00-04:00,26.459999084472656,28.440000534057617,26.399999618530273,28.059999465942383,27.529659271240234,12446300,0.0,0.0
2026-04-23 00:00:00-04:00,28.729999542236328,28.770000457763672,27.889999389648438,28.0,27.470792770385742,8069300,0.0,0.0
2026-04-24 00:00:00-04:00,28.100000381469727,28.5,26.030000686645508,26.610000610351562,26.107065200805664,12197800,0.0,0.0
2026-04-27 00:00:00-04:00,26.75,27.18000030517578,26.280000686645508,26.549999237060547,26.048198699951172,6667900,0.0,0.0
2026-04-28 00:00:00-04:00,26.729999542236328,26.84000015258789,26.1200008392334,26.260000228881836,25.76367950439453,4950700,0.0,0.0
2026-04-29 00:00:00-04:00,26.260000228881836,26.8700008392334,26.09000015258789,26.760000228881836,26.254230499267578,7776400,0.0,0.0
2026-04-30 00:00:00-04:00,26.0,27.459999084472656,25.09000015258789,26.940000534057617,26.430828094482422,8978700,0.0,0.0
2026-05-01 00:00:00-04:00,27.25,27.559999465942383,26.989999771118164,27.219999313354492,26.705533981323242,5716200,0.0,0.0
2026-05-04 00:00:00-04:00,27.34000015258789,27.510000228881836,26.729999542236328,26.770000457763672,26.264041900634766,3525000,0.0,0.0
2026-05-05 00:00:00-04:00,26.760000228881836,26.799999237060547,25.920000076293945,26.399999618530273,25.901033401489258,4669400,0.0,0.0
2026-05-06 00:00:00-04:00,26.34000015258789,26.770000457763672,25.959999084472656,26.68000030517578,26.17574119567871,5189400,0.0,0.0
2026-05-07 00:00:00-04:00,26.56999969482422,27.1299991607666,26.399999618530273,26.75,26.24441909790039,3526500,0.0,0.0
2026-05-08 00:00:00-04:00,26.81999969482422,27.1200008392334,26.25,27.100000381469727,26.58780288696289,2825400,0.0,0.0
2026-05-11 00:00:00-04:00,27.0,27.479999542236328,26.700000762939453,26.790000915527344,26.548166275024414,3820600,0.27,0.0
2026-05-12 00:00:00-04:00,26.799999237060547,26.889999389648438,26.149999618530273,26.15999984741211,25.923851013183594,3375700,0.0,0.0
2026-05-13 00:00:00-04:00,26.149999618530273,26.670000076293945,26.100000381469727,26.360000610351562,26.122047424316406,3612300,0.0,0.0
2026-05-14 00:00:00-04:00,26.450000762939453,26.65999984741211,26.209999084472656,26.219999313354492,25.983308792114258,3166300,0.0,0.0
2026-05-15 00:00:00-04:00,26.200000762939453,26.290000915527344,25.510000228881836,25.829999923706055,25.596830368041992,2709500,0.0,0.0
2026-05-18 00:00:00-04:00,25.899999618530273,26.31999969482422,25.709999084472656,26.09000015258789,25.85448455810547,2977900,0.0,0.0
2026-05-19 00:00:00-04:00,26.040000915527344,26.06999969482422,25.670000076293945,26.049999237060547,25.814844131469727,2556800,0.0,0.0
2026-05-20 00:00:00-04:00,26.049999237060547,27.059999465942383,25.93000030517578,27.049999237060547,26.805816650390625,5836700,0.0,0.0
2026-05-21 00:00:00-04:00,27.489999771118164,29.239999771118164,27.31999969482422,28.989999771118164,28.72830581665039,8236600,0.0,0.0
2026-05-22 00:00:00-04:00,29.079999923706055,29.600000381469727,28.649999618530273,28.889999389648438,28.629207611083984,4942600,0.0,0.0
2026-05-26 00:00:00-04:00,29.079999923706055,30.110000610351562,29.030000686645508,29.6299991607666,29.36252784729004,7529000,0.0,0.0
2026-05-27 00:00:00-04:00,29.780000686645508,30.030000686645508,29.399999618530273,29.670000076293945,29.40216636657715,3756300,0.0,0.0
2026-05-28 00:00:00-04:00,29.600000381469727,30.06999969482422,29.299999237060547,29.8700008392334,29.60036277770996,3523700,0.0,0.0
2026-05-29 00:00:00-04:00,29.56999969482422,29.739999771118164,28.979999542236328,29.520000457763672,29.253520965576172,4764500,0.0,0.0
2026-06-01 00:00:00-04:00,29.170000076293945,29.239999771118164,28.670000076293945,29.040000915527344,28.777854919433594,4158700,0.0,0.0
2026-06-02 00:00:00-04:00,29.040000915527344,29.3799991607666,28.530000686645508,28.770000457763672,28.510292053222656,4024600,0.0,0.0
2026-06-03 00:00:00-04:00,28.770000457763672,28.770000457763672,27.950000762939453,28.079999923706055,27.826520919799805,3651600,0.0,0.0
2026-06-04 00:00:00-04:00,28.25,28.469999313354492,27.770000457763672,27.790000915527344,27.539138793945312,4387000,0.0,0.0
2026-06-05 00:00:00-04:00,27.510000228881836,27.709999084472656,26.459999084472656,27.010000228881836,26.76618003845215,6202000,0.0,0.0
2026-06-08 00:00:00-04:00,27.139999389648438,27.520000457763672,27.049999237060547,27.440000534057617,27.192296981811523,3552300,0.0,0.0
2026-06-09 00:00:00-04:00,28.649999618530273,28.770000457763672,27.389999389648438,27.610000610351562,27.360763549804688,12146000,0.0,0.0
2026-06-10 00:00:00-04:00,27.219999313354492,27.920000076293945,26.920000076293945,27.59000015258789,27.340944290161133,32773300,0.0,0.0
2026-06-11 00:00:00-04:00,27.399999618530273,27.81999969482422,26.690000534057617,27.59000015258789,27.340944290161133,5576200,0.0,0.0
2026-06-12 00:00:00-04:00,27.649999618530273,27.8799991607666,26.950000762939453,27.520000457763672,27.271575927734375,4158200,0.0,0.0
2026-06-15 00:00:00-04:00,27.65999984741211,28.110000610351562,27.420000076293945,27.459999084472656,27.212116241455078,4303300,0.0,0.0
2026-06-16 00:00:00-04:00,27.440000534057617,28.190000534057617,27.239999771118164,27.860000610351562,27.60850715637207,4402500,0.0,0.0
2026-06-17 00:00:00-04:00,27.780000686645508,28.389999389648438,27.540000915527344,27.93000030517578,27.677873611450195,4322200,0.0,0.0
2026-06-18 00:00:00-04:00,27.940000534057617,28.260000228881836,27.5,28.030000686645508,27.7769718170166,6070300,0.0,0.0
2026-06-22 00:00:00-04:00,27.84000015258789,28.06999969482422,27.389999389648438,27.940000534057617,27.68778419494629,6475700,0.0,0.0
2026-06-23 00:00:00-04:00,27.440000534057617,28.299999237060547,27.399999618530273,28.079999923706055,27.826520919799805,5183300,0.0,0.0
2026-06-24 00:00:00-04:00,28.260000228881836,28.719999313354492,27.8799991607666,27.899999618530273,27.648143768310547,4850600,0.0,0.0
2026-06-25 00:00:00-04:00,27.950000762939453,28.170000076293945,27.59000015258789,27.760000228881836,27.509408950805664,3866400,0.0,0.0
2026-06-26 00:00:00-04:00,27.760000228881836,28.780000686645508,27.709999084472656,28.350000381469727,28.094083786010742,6739700,0.0,0.0
2026-06-29 00:00:00-04:00,28.709999084472656,29.25,28.43000030517578,29.239999771118164,28.97604751586914,4912300,0.0,0.0
2026-06-30 00:00:00-04:00,29.030000686645508,29.770000457763672,28.850000381469727,29.540000915527344,29.27334213256836,4405600,0.0,0.0
2026-07-01 00:00:00-04:00,29.34000015258789,30.31999969482422,28.850000381469727,29.950000762939453,29.67963981628418,4677100,0.0,0.0
2026-07-02 00:00:00-04:00,30.09000015258789,30.610000610351562,30.079999923706055,30.510000228881836,30.23458480834961,5111600,0.0,0.0
2026-07-06 00:00:00-04:00,30.420000076293945,31.15999984741211,30.34000015258789,30.75,30.4724178314209,5165500,0.0,0.0
2026-07-07 00:00:00-04:00,30.979999542236328,31.420000076293945,30.639999389648438,30.709999084472656,30.432777404785156,3950900,0.0,0.0
2026-07-08 00:00:00-04:00,30.610000610351562,30.760000228881836,29.899999618530273,30.260000228881836,29.986841201782227,4865300,0.0,0.0
2026-07-09 00:00:00-04:00,30.200000762939453,30.829999923706055,30.059999465942383,30.690000534057617,30.412960052490234,2657800,0.0,0.0
2026-07-10 00:00:00-04:00,30.850000381469727,30.850000381469727,30.280000686645508,30.420000076293945,30.145397186279297,3217400,0.0,0.0
2026-07-13 00:00:00-04:00,30.440000534057617,31.350000381469727,30.420000076293945,30.670000076293945,30.39314079284668,3916100,0.0,0.0
2026-07-14 00:00:00-04:00,30.84000015258789,30.860000610351562,30.149999618530273,30.389999389648438,30.11566734313965,2777400,0.0,0.0
2026-07-15 00:00:00-04:00,30.56999969482422,31.299999237060547,30.5,30.649999618530273,30.373319625854492,2598800,0.0,0.0
2026-07-16 00:00:00-04:00,30.649999618530273,31.3799991607666,30.639999389648438,31.219999313354492,30.938175201416016,3085600,0.0,0.0
2026-07-17 00:00:00-04:00,30.940000534057617,31.1200008392334,30.440000534057617,30.59000015258789,30.313861846923828,2690300,0.0,0.0
2026-07-20 00:00:00-04:00,30.690000534057617,30.940000534057617,30.440000534057617,30.600000381469727,30.323772430419922,2228400,0.0,0.0
2026-07-21 00:00:00-04:00,30.420000076293945,30.719999313354492,30.079999923706055,30.290000915527344,30.016571044921875,2478800,0.0,0.0
2026-07-22 00:00:00-04:00,30.399999618530273,30.579999923706055,29.719999313354492,29.829999923706055,29.56072235107422,3392900,0.0,0.0
2026-07-23 00:00:00-04:00,29.670000076293945,29.90999984741211,29.18000030517578,29.8700008392334,29.60036277770996,3995800,0.0,0.0
2026-07-24 00:00:00-04:00,29.8700008392334,30.219999313354492,29.700000762939453,29.799999237060547,29.53099250793457,2959100,0.0,0.0
2026-07-27 00:00:00-04:00,30.3799991607666,31.489999771118164,30.3799991607666,31.219999313354492,30.938175201416016,4931300,0.0,0.0
2026-07-28 00:00:00-04:00,31.469999313354492,31.780000686645508,31.299999237060547,31.68000030517578,31.39402198791504,4020200,0.0,0.0
2026-07-29 00:00:00-04:00,31.68000030517578,32.65999984741211,31.540000915527344,32.59000015258789,32.295806884765625,6512600,0.0,0.0
2026-07-30 00:00:00-04:00,30.0,31.56999969482422,29.850000381469727,30.969999313354492,30.690431594848633,7774900,0.0,0.0
2026-07-31 00:00:00-04:00,30.600000381469727,30.709999084472656,29.600000381469727,29.6200008392334,29.352619171142578,5209200,0.0,0.0
2026-08-03 00:00:00-04:00,30.0,31.06999969482422,29.979999542236328,30.3700008392334,30.095848083496094,6613300,0.0,0.0
2026-08-04 00:00:00-04:00,30.56999969482422,30.860000610351562,29.969999313354492,30.75,30.4724178314209,4797000,0.0,0.0
2026-08-05 00:00:00-04:00,30.770000457763672,30.889999389648438,30.15999984741211,30.700000762939453,30.422870635986328,4509900,0.0,0.0
2026-08-06 00:00:00-04:00,30.770000457763672,30.959999084472656,29.65999984741211,29.8799991607666,29.610271453857422,2880300,0.0,0.0
2026-08-07 00:00:00-04:00,29.850000381469727,29.959999084472656,29.56999969482422,29.90999984741211,29.64000129699707,3778200,0.0,0.0
2026-08-10 00:00:00-04:00,29.459999084472656,29.600000381469727,28.610000610351562,28.780000686645508,28.780000686645508,4603100,0.27,0.0
2026-08-11 00:00:00-04:00,28.799999237060547,28.979999542236328,28.350000381469727,28.510000228881836,28.510000228881836,3117600,0.0,0.0
2026-08-12 00:00:00-04:00,28.5,28.59000015258789,28.059999465942383,28.440000534057617,28.440000534057617,6193200,0.0,0.0
2026-08-13 00:00:00-04:00,28.56999969482422,28.809999465942383,27.920000076293945,27.989999771118164,27.989999771118164,3417500,0.0,0.0
2026-08-14 00:00:00-04:00,28.100000381469727,28.639999389648438,28.0,28.459999084472656,28.459999084472656,3262400,0.0,0.0
2026-08-17 00:00:00-04:00,28.420000076293945,29.40999984741211,28.209999084472656,29.1299991607666,29.1299991607666,5326500,0.0,0.0
2026-08-18 00:00:00-04:00,29.040000915527344,29.1200008392334,28.479999542236328,28.6200008392334,28.6200008392334,3216900,0.0,0.0
2026-08-19 00:00:00-04:00,28.709999084472656,29.170000076293945,28.579999923706055,28.670000076293945,28.670000076293945,2764300,0.0,0.0
2026-08-20 00:00:00-04:00,28.5,28.6200008392334,28.190000534057617,28.389999389648438,28.389999389648438,2623600,0.0,0.0
2026-08-21 00:00:00-04:00,28.600000381469727,28.93000030517578,28.489999771118164,28.690000534057617,28.690000534057617,2576900,0.0,0.0
2026-08-24 00:00:00-04:00,28.639999389648438,28.799999237060547,28.389999389648438,28.450000762939453,28.450000762939453,3401700,0.0,0.0
2026-08-25 00:00:00-04:00,28.389999389648438,29.100000381469727,28.31999969482422,28.729999542236328,28.729999542236328,3149200,0.0,0.0
2026-08-26 00:00:00-04:00,28.65999984741211,28.81999969482422,28.34000015258789,28.510000228881836,28.510000228881836,3181700,0.0,0.0
2026-08-27 00:00:00-04:00,28.420000076293945,28.75,28.34000015258789,28.5,28.5,1955400,0.0,0.0
2026-08-28 00:00:00-04:00,28.549999237060547,28.649999618530273,28.219999313354492,28.540000915527344,28.540000915527344,3297600,0.0,0.0
2026-08-31 00:00:00-04:00,28.469999313354492,28.5,27.989999771118164,28.170000076293945,28.170000076293945,2567600,0.0,0.0
2026-09-01 00:00:00-04:00,27.8700008392334,28.3799991607666,27.510000228881836,27.6200008392334,27.6200008392334,4010100,0.0,0.0
2026-09-02 00:00:00-04:00,29.010000228881836,29.8700008392334,28.739999771118164,29.700000762939453,29.700000762939453,6672300,0.0,0.0
2026-09-03 00:00:00-04:00,29.920000076293945,30.149999618530273,29.40999984741211,29.770000457763672,29.770000457763672,4947600,0.0,0.0
2026-09-04 00:00:00-04:00,29.770000457763672,29.969999313354492,28.969999313354492,28.989999771118164,28.989999771118164,3179100,0.0,0.0
2026-09-08 00:00:00-04:00,29.0,29.200000762939453,28.479999542236328,28.799999237060547,28.799999237060547,4221000,0.0,0.0
2026-09-09 00:00:00-04:00,28.729999542236328,28.90999984741211,28.3700008392334,28.540000915527344,28.540000915527344,3633700,0.0,0.0
2026-09-10 00:00:00-04:00,28.399999618530273,29.190000534057617,28.399999618530273,28.8799991607666,28.8799991607666,2598900,0.0,0.0
2026-09-11 00:00:00-04:00,29.200000762939453,29.5,29.06999969482422,29.149999618530273,29.149999618530273,3047400,0.0,0.0
2026-09-14 00:00:00-04:00,29.149999618530273,29.780000686645508,29.030000686645508,29.3700008392334,29.3700008392334,2304700,0.0,0.0
2026-09-15 00:00:00-04:00,29.31999969482422,29.739999771118164,29.280000686645508,29.520000457763672,29.520000457763672,3581800,0.0,0.0
2026-09-16 00:00:00-04:00,29.5,29.639999389648438,28.459999084472656,28.559999465942383,28.559999465942383,4863800,0.0,0.0
2026-09-17 00:00:00-04:00,28.690000534057617,28.729999542236328,27.700000762939453,27.739999771118164,27.739999771118164,5137100,0.0,0.0
2026-09-18 00:00:00-04:00,27.739999771118164,27.809999465942383,27.079999923706055,27.309999465942383,27.309999465942383,7702100,0.0,0.0
2026-09-21 00:00:00-04:00,27.56999969482422,27.670000076293945,27.15999984741211,27.440000534057617,27.440000534057617,3969200,0.0,0.0
2026-09-22 00:00:00-04:00,27.690000534057617,27.700000762939453,26.209999084472656,26.530000686645508,26.530000686645508,6226100,0.0,0.0
2026-09-23 00:00:00-04:00,26.530000686645508,26.540000915527344,25.639999389648438,26.280000686645508,26.280000686645508,6842000,0.0,0.0
2026-09-24 00:00:00-04:00,26.299999237060547,26.65999984741211,26.100000381469727,26.6299991607666,26.6299991607666,3695300,0.0,0.0
2026-09-25 00:00:00-04:00,26.510000228881836,26.540000915527344,25.850000381469727,25.860000610351562,25.860000610351562,4930600,0.0,0.0
2026-09-28 00:00:00-04:00,25.729999542236328,26.049999237060547,25.6299991607666,25.940000534057617,25.940000534057617,4205400,0.0,0.0
2026-09-29 00:00:00-04:00,25.940000534057617,25.959999084472656,25.579999923706055,25.760000228881836,25.760000228881836,3100400,0.0,0.0
2026-09-30 00:00:00-04:00,25.809999465942383,26.329999923706055,25.719999313354492,25.8799991607666,25.8799991607666,5104100,0.0,0.0
